,class,class_class_logit_0_resnet,class_class_logit_1_resnet,class_class_logit_2_resnet,class_class_logit_3_resnet,class_class_prob_0_resnet,class_class_prob_1_resnet,class_class_prob_2_resnet,class_class_prob_3_resnet,class_pred_label_resnet,crossentropy_loss_resnet,incorrect_class_prob_resnet,correct_resnet,entropy_resnet,class_class_logit_0_resnet_mc,class_class_logit_1_resnet_mc,class_class_logit_2_resnet_mc,class_class_logit_3_resnet_mc,class_class_prob_0_resnet_mc,class_class_prob_1_resnet_mc,class_class_prob_2_resnet_mc,class_class_prob_3_resnet_mc,class_pred_label_resnet_mc,crossentropy_loss_resnet_mc,incorrect_class_prob_resnet_mc,correct_resnet_mc,pred_std_mc,split
0,0,6.556946,-4.205677,-4.953373,-14.180728,0.99996877,2.1175745e-05,1.00257885e-05,9.856637e-10,0,,,,0.0005402904,6.808637,-4.5090637,-4.811489,-14.634216,0.99994266,4.0785693e-05,1.6502607e-05,1.0202664e-09,0,,,,4.0783918e-05,Test
1,0,7.2305384,-4.2030463,-5.697653,-16.365349,0.99998677,1.0825594e-05,2.4285787e-06,5.65498e-11,0,,,,0.00024295866,7.070517,-4.8615522,-5.5144124,-14.892233,0.99997556,1.399802e-05,1.0315952e-05,1.6137204e-09,0,,,,1.7650675e-05,Test
2,0,8.021113,-3.3830009,-7.753522,-15.910931,0.9999887,1.1149397e-05,1.4098016e-07,4.0405457e-11,0,,,,0.00020289951,8.57195,-2.7318356,-8.714792,-16.068928,0.999905,9.460451e-05,3.836623e-07,3.653208e-11,0,,,,0.000106378524,Test
3,0,7.1113667,-4.7517686,-6.0258956,-15.235225,0.99999094,7.0453384e-06,1.970405e-06,1.9723977e-10,0,,,,0.0001709165,7.593614,-4.7770705,-6.9896545,-15.408369,0.9999882,1.0232698e-05,1.5851996e-06,4.2152157e-09,0,,,,7.438463e-06,Test
4,0,3.9175124,1.4458079,-5.584802,-10.972948,0.92207044,0.07786038,6.8859095e-05,3.1471617e-07,0,,,,0.39564535,4.031243,1.5397643,-5.78648,-10.971409,0.90988827,0.08989562,0.00021432557,1.8941959e-06,0,,,,0.024896162,Test
5,0,6.4692388,-1.8043538,-6.5438843,-14.211886,0.9997427,0.0002551012,2.2302877e-06,1.0427723e-09,0,,,,0.0034581318,6.4752135,-1.3831123,-6.9060287,-13.288135,0.99928606,0.00070848636,5.3821013e-06,5.847387e-09,0,,,,0.00052054605,Test
6,0,1.8718853,-4.0446086,0.13425988,-5.553712,0.8480124,0.0022850807,0.14919734,0.00050524995,0,,,,0.6367775,1.9714267,-4.2026305,0.24918616,-5.8223867,0.8375162,0.0035818578,0.15753171,0.0013701735,0,,,,0.029754037,Test
7,0,3.5705838,-2.9305308,-2.3214114,-9.097364,0.99575174,0.001495384,0.0027497294,3.137121e-06,0,,,,0.0435984,3.6497426,-2.9420905,-2.3605018,-9.59196,0.9949087,0.0016159283,0.003472874,2.4562803e-06,0,,,,0.0019579246,Test
8,0,4.7785897,-6.2222705,-1.7792224,-9.744514,0.998566,1.6663409e-05,0.001416952,4.921222e-07,0,,,,0.015750967,4.760424,-6.1470985,-1.7116458,-9.261192,0.99593306,3.215773e-05,0.0040331106,1.5629906e-06,0,,,,0.004368182,Test
9,0,4.4561257,-3.1580954,-3.2205622,-10.531001,0.99904364,0.000492913,0.00046306412,3.0956923e-07,0,,,,0.01193014,4.618628,-2.6522176,-4.033589,-10.367956,0.99848425,0.0011676035,0.00034637033,1.7552924e-06,0,,,,0.00088161207,Test
10,0,2.9006238,1.7513988,-4.728596,-10.199884,0.75908804,0.24054153,0.00036894702,1.551722e-06,0,,,,0.80056447,3.1115472,1.635711,-4.6209364,-10.79005,0.79984736,0.19963345,0.0005087342,1.0427649e-05,0,,,,0.04346304,Test
11,0,6.813128,-0.617754,-7.315677,-16.964806,0.99940693,0.00059231307,7.3060096e-07,4.7110447e-11,0,,,,0.0072205653,7.206773,0.01733857,-8.950202,-17.97296,0.9977765,0.0022231333,4.5925012e-07,2.2681537e-10,0,,,,0.00150169,Test
12,0,5.653313,0.45062765,-7.465624,-15.517699,0.9945263,0.0054716556,1.9958807e-06,6.3556826e-10,0,,,,0.049025886,5.412417,0.2466332,-6.9343553,-15.488896,0.991142,0.008849923,8.03613e-06,8.71538e-09,0,,,,0.0040580975,Test
13,0,7.5321364,-4.3939314,-6.433923,-14.717466,0.9999926,6.615635e-06,8.6022993e-07,2.1732859e-10,0,,,,0.00014200096,6.6241407,-4.495018,-5.678861,-12.871556,0.9999162,5.600415e-05,2.7789158e-05,8.8226614e-08,0,,,,5.6042692e-05,Test
14,0,6.4090595,-5.5558605,-4.5672135,-12.109139,0.99997663,6.3634275e-06,1.7102328e-05,9.070638e-09,0,,,,0.00041478945,6.0630894,-5.6568136,-3.7163963,-12.2261505,0.999743,2.2588154e-05,0.00023439659,8.0593324e-08,0,,,,0.0002635657,Test
15,0,5.0143943,1.80613,-6.4085555,-15.680031,0.96113396,0.038855493,1.0516225e-05,9.892569e-10,0,,,,0.23720832,5.508441,1.6636493,-6.762414,-17.210007,0.96962655,0.030364115,9.328192e-06,1.7714598e-08,0,,,,0.013345577,Test
16,0,4.181019,-0.63600636,-6.0174637,-9.092817,0.99193585,0.0080255745,3.6926565e-05,1.7050212e-06,0,,,,0.068031125,4.4266005,-0.515411,-6.427682,-9.617807,0.9890011,0.010925358,7.087538e-05,2.6971677e-06,0,,,,0.006663354,Test
17,0,5.061957,-6.4313245,-1.7040963,-11.032032,0.9988387,1.018654e-05,0.0011508953,1.0232105e-07,0,,,,0.013081832,4.9581547,-6.5677633,-1.7104454,-10.516226,0.99654275,9.104586e-05,0.003364234,1.9751653e-06,0,,,,0.002195807,Test
18,0,5.1521835,-0.10022872,-7.0547986,-12.433799,0.99478745,0.005207588,4.969418e-06,2.2921066e-08,0,,,,0.047089048,4.992145,-0.56397307,-6.1830425,-12.144957,0.99317056,0.0063813343,0.00044800964,1.54881e-07,0,,,,0.003932367,Test
19,0,6.8640785,-5.970826,-4.1277447,-14.609206,0.99998057,2.6660193e-06,1.68385e-05,4.7234805e-10,0,,,,0.0003446087,6.548725,-5.193512,-4.1109304,-13.67803,0.9998973,2.1311884e-05,8.145972e-05,1.7198714e-08,0,,,,9.2747265e-05,Test
20,0,5.143638,-2.2043996,-5.633686,-9.345457,0.9993352,0.00064342655,2.0853482e-05,5.095384e-07,0,,,,0.008115219,5.201947,-2.1855755,-5.5131025,-9.658208,0.99724615,0.0026366687,0.00011523969,1.946234e-06,0,,,,0.0031903465,Test
21,0,5.170863,-1.1718384,-5.9168496,-12.176047,0.9982284,0.0017564252,1.5272046e-05,2.9212075e-08,0,,,,0.0188757,5.293475,-1.451272,-5.598836,-12.934555,0.99817145,0.0017706037,5.788987e-05,5.3766378e-08,0,,,,0.00085528655,Test
22,0,5.984518,-1.1367956,-6.197017,-15.04939,0.99918777,0.00080704904,5.1200404e-06,7.3238016e-10,0,,,,0.009553725,5.2826324,-1.4817181,-4.869083,-13.966748,0.9967697,0.0031302527,9.887342e-05,1.0773023e-06,0,,,,0.0021179637,Test
23,0,6.2391634,-1.5592101,-7.3888702,-13.636824,0.99958855,0.00041023322,1.2057061e-06,2.3323263e-09,0,,,,0.0052328925,6.4956408,-1.5460567,-7.4458213,-14.465105,0.9992341,0.0007627705,3.086007e-06,3.1801463e-08,0,,,,0.0005018174,Test
24,0,4.7415657,0.1102769,-6.428482,-11.568232,0.99033797,0.009648063,1.3953827e-05,8.175766e-08,0,,,,0.078697994,4.9407663,-0.18414474,-6.319766,-11.99797,0.9913762,0.008569295,3.500865e-05,1.9576963e-05,0,,,,0.0041572535,Test
25,0,6.074619,-2.9024386,-5.8426166,-12.782771,0.9998671,0.00012625709,6.673485e-06,6.4607373e-09,0,,,,0.0019418614,5.847312,-3.1270795,-5.4883895,-12.885037,0.9996831,0.0002753296,4.1604417e-05,5.5460145e-08,0,,,,0.00016096846,Test
26,0,7.7117977,-6.5780945,-5.319342,-14.760963,0.99999726,6.2226803e-07,2.1910228e-06,1.738612e-10,0,,,,5.7981037e-05,7.9442015,-6.570208,-6.063152,-14.618398,0.999977,1.9495521e-05,3.5634287e-06,7.726083e-09,0,,,,3.1152827e-05,Test
27,0,6.7614284,-2.3866775,-6.7004848,-15.99542,0.9998921,0.00010640973,1.4240283e-06,1.3085162e-10,0,,,,0.0015876157,6.978795,-2.2640977,-6.6905375,-17.221123,0.99956036,0.00041971612,1.992186e-05,1.5851794e-09,0,,,,0.0004889656,Test
28,0,7.8624153,-8.31133,-4.4975953,-14.265827,0.9999956,9.458673e-08,4.286609e-06,2.453717e-10,0,,,,8.5015905e-05,7.8407927,-7.8264723,-5.0561304,-13.472998,0.99999285,1.9969307e-06,5.0385306e-06,2.8324905e-08,0,,,,5.1620013e-06,Test
29,0,7.5045967,-5.323335,-5.12108,-16.27961,0.9999939,2.6847083e-06,3.2865137e-06,4.684333e-11,0,,,,0.00011814997,7.629466,-5.636149,-5.061368,-16.36584,0.999979,5.4234906e-06,1.555197e-05,1.3148422e-09,0,,,,1.7904482e-05,Test
30,0,6.183314,-8.968841,-1.5846281,-12.630737,0.99957687,2.6261463e-07,0.00042290406,6.7449357e-09,0,,,,0.0053558946,6.033174,-8.528939,-1.87835,-12.287246,0.9990245,9.4523983e-07,0.0009744428,1.07867685e-07,0,,,,0.0005233088,Test
31,0,5.1693788,-2.715774,-4.71392,-10.307602,0.9995726,0.00037612827,5.0997885e-05,1.897786e-07,0,,,,0.0056267865,5.4557295,-2.7390761,-5.045484,-10.331708,0.9994839,0.00042670724,8.843724e-05,9.764889e-07,0,,,,0.00027588892,Test
32,0,8.249363,-7.585039,-5.9736466,-14.110903,0.99999917,1.3280248e-07,6.6531186e-07,1.9456271e-10,0,,,,1.7809776e-05,8.480215,-7.708972,-6.416888,-15.023706,0.9999975,1.2126021e-06,1.2671665e-06,1.6353205e-09,0,,,,2.4346384e-06,Test
33,0,10.055884,-6.016718,-8.404635,-19.268175,0.9999999,1.0465449e-07,9.6094395e-09,1.8395989e-13,0,,,,2.8546317e-06,10.082783,-6.1206417,-7.938173,-19.370518,0.99999905,7.433859e-07,2.6743652e-07,2.4132428e-12,0,,,,9.157258e-07,Test
34,0,8.0647955,-3.8087945,-7.500032,-16.298588,0.99999297,6.9720763e-06,1.7389155e-07,2.6249052e-11,0,,,,0.00013365614,8.058741,-4.1506295,-7.5504174,-15.82605,0.99997294,2.6008885e-05,1.1246942e-06,8.304018e-10,0,,,,2.2942857e-05,Test
35,0,4.9651423,-0.9627021,-5.9455338,-10.197506,0.99732447,0.0026570903,1.821336e-05,2.5928776e-07,0,,,,0.026881313,4.511546,-0.8559581,-5.075277,-9.86631,0.99324787,0.006508451,0.00023556683,8.111936e-06,0,,,,0.002939,Test
36,0,10.446276,-7.914121,-7.5103946,-19.392197,1.0,1.0621375e-08,1.5904389e-08,1.099806e-13,0,,,,6.933676e-07,11.115972,-8.642182,-7.438292,-20.987522,0.9999995,9.955153e-08,3.5518278e-07,7.0979255e-12,0,,,,3.8953016e-07,Test
37,0,7.464715,-5.129418,-6.3955126,-13.87785,0.9999957,3.3918411e-06,9.56264e-07,5.3832e-10,0,,,,8.7129505e-05,7.374246,-5.108161,-6.6386657,-13.358943,0.9999653,3.2293206e-05,2.4009828e-06,1.9649907e-08,0,,,,3.9903898e-05,Test
38,0,7.6341796,-5.906976,-6.174555,-12.854369,0.99999774,1.3156784e-06,1.0067964e-06,1.2645487e-09,0,,,,4.906502e-05,8.019724,-6.339745,-6.6147447,-13.884972,0.9999906,8.541576e-06,8.9178604e-07,4.202856e-09,0,,,,1.0841426e-05,Test
39,0,6.3354774,-2.766735,-6.23595,-12.751852,0.9998851,0.000111406174,3.4693535e-06,5.133671e-09,0,,,,0.0016917334,5.993436,-3.174192,-5.3239565,-11.618805,0.99964505,0.0002812302,7.357293e-05,9.753937e-08,0,,,,0.00025601522,Test
40,0,6.5629773,-4.2281923,-5.314157,-12.849405,0.99997246,2.0579859e-05,6.9472694e-06,3.7093482e-09,0,,,,0.00047926925,6.72827,-4.6395044,-5.2627215,-13.1838455,0.999935,5.0287217e-05,1.4630479e-05,6.7711156e-08,0,,,,3.7247642e-05,Test
41,0,8.234142,-5.5532956,-5.587536,-18.357931,0.999998,1.0284689e-06,9.938493e-07,2.8262358e-12,0,,,,4.319898e-05,8.018644,-5.4793463,-5.499703,-17.938175,0.99999124,4.6055393e-06,4.1338562e-06,1.1497956e-09,0,,,,4.668264e-06,Test
42,0,9.333448,-7.0357366,-7.407963,-16.670317,0.9999999,7.779531e-08,5.3616375e-08,5.0898886e-12,0,,,,3.3043505e-06,9.098916,-7.87884,-6.9597015,-16.448612,0.9999939,1.7344264e-06,4.343059e-06,5.143956e-08,0,,,,7.4929985e-06,Test
43,0,7.819943,-6.0656385,-5.6819263,-15.040278,0.99999774,9.323251e-07,1.3683958e-06,1.1801327e-10,0,,,,4.8603615e-05,8.284547,-6.4852285,-6.0559893,-15.670752,0.9999958,7.4330615e-07,3.488005e-06,7.7289164e-10,0,,,,3.8344365e-06,Test
44,0,5.904611,-2.3520591,-6.4031715,-11.082401,0.999736,0.00025945326,4.515263e-06,4.192947e-08,0,,,,0.0035526783,5.8013487,-2.1677647,-6.438356,-10.790094,0.99871045,0.0012740433,1.5125329e-05,4.553743e-07,0,,,,0.0013705222,Test
45,0,8.813757,-5.3396072,-8.19237,-15.333351,0.9999993,7.132992e-07,4.1146492e-08,3.2586964e-11,0,,,,1.6607395e-05,8.345215,-4.5961103,-8.349744,-13.54717,0.99998033,1.8018813e-05,1.5419737e-06,2.2546061e-08,0,,,,2.0670437e-05,Test
46,0,7.670126,-5.3990436,-6.3798165,-13.860184,0.999997,2.1092608e-06,7.910181e-07,4.4617376e-10,0,,,,5.994497e-05,7.884295,-5.3105392,-7.2614036,-12.564455,0.9999933,5.8900177e-06,6.761631e-07,6.099706e-08,0,,,,4.69534e-06,Test
47,0,6.220214,-3.1613376,-5.4740543,-13.7173395,0.9999074,8.4256535e-05,8.340721e-06,2.1937663e-09,0,,,,0.0014148069,6.156481,-3.2571163,-5.7349844,-11.57081,0.9997164,0.00025917919,2.421288e-05,2.7499797e-07,0,,,,0.00024492684,Test
48,0,6.132251,-6.3296604,-4.4859366,-10.504466,0.99997175,3.871225e-06,2.4466268e-05,5.9532404e-08,0,,,,0.00048675502,5.7686477,-6.4728866,-3.8677437,-9.910932,0.99978477,1.4338165e-05,0.00019828833,2.7136596e-06,0,,,,0.00014086903,Test
49,0,8.425118,-4.3174415,-7.7659545,-16.95419,0.9999969,2.9239868e-06,9.296195e-08,9.503985e-12,0,,,,6.031088e-05,8.540899,-4.459633,-8.306901,-16.69289,0.9999911,8.572738e-06,2.8613866e-07,3.6653066e-11,0,,,,1.0268448e-05,Test
50,0,3.965587,2.572969,-6.197438,-14.328676,0.8009851,0.198984,3.089433e-05,9.089219e-09,0,,,,0.72038925,4.2564235,2.538868,-6.645755,-14.204788,0.8286088,0.17125294,0.00013824213,1.2094857e-07,0,,,,0.04559434,Test
51,0,8.8160715,-2.0221665,-9.134437,-19.251337,0.99998033,1.9633811e-05,1.600239e-08,6.463539e-13,0,,,,0.00033570552,9.447517,-2.2996502,-9.212584,-19.941715,0.9999566,4.3307453e-05,1.3149892e-07,3.708936e-12,0,,,,5.3729404e-05,Test
52,0,8.493463,-7.9771576,-5.2167387,-15.099549,0.9999988,7.0291115e-08,1.1110528e-06,5.6713263e-11,0,,,,2.5368246e-05,8.376467,-8.231931,-5.2075233,-13.247441,0.9999957,2.3126165e-07,4.128948e-06,9.720614e-09,0,,,,2.5661848e-06,Test
53,0,6.827741,-6.433756,-4.867032,-11.377505,0.99998987,1.740205e-06,8.337202e-06,1.2403884e-08,0,,,,0.00018881772,6.717369,-6.591236,-4.4319277,-11.462448,0.9998824,1.39611075e-05,0.000103430626,1.2664633e-07,0,,,,0.00011553916,Test
54,0,8.029336,-4.783,-7.2011476,-14.528269,0.999997,2.7269168e-06,2.4293135e-07,1.5971843e-10,0,,,,6.004782e-05,8.249948,-4.6785097,-7.794693,-14.634033,0.99997485,2.4376046e-05,7.901335e-07,1.8401476e-08,0,,,,2.5029845e-05,Test
55,0,7.022344,-7.146429,-4.011318,-14.086245,0.9999832,7.023806e-07,1.6148562e-05,6.802192e-10,0,,,,0.0002956842,6.584693,-6.6727066,-4.234716,-13.198993,0.999869,5.7585432e-05,7.323407e-05,1.8510224e-07,0,,,,0.00013001717,Test
56,0,3.5807743,0.023382004,-4.736832,-11.127296,0.9720463,0.027716033,0.00023735402,3.9815572e-07,0,,,,0.18600495,3.4650948,0.101357795,-4.968404,-10.471758,0.95860255,0.040954806,0.00043868335,4.000747e-06,0,,,,0.012282747,Test
57,0,7.213227,-5.1467757,-5.1496944,-14.025036,0.9999914,4.286624e-06,4.2741326e-06,5.9749766e-10,0,,,,0.00016507207,6.8009996,-4.719022,-5.191801,-12.577718,0.99993724,2.3998731e-05,3.763289e-05,1.1265489e-06,0,,,,5.2985295e-05,Test
58,0,7.3080654,-5.882059,-6.0144987,-12.386218,0.9999964,1.8689606e-06,1.6371271e-06,2.7982094e-09,0,,,,7.2098315e-05,7.3381577,-6.700338,-6.217034,-11.899256,0.9999809,1.453179e-05,4.466602e-06,2.558005e-08,0,,,,2.1666994e-05,Test
59,0,8.247644,-9.733283,-5.7543926,-10.218983,0.99999917,1.5523245e-08,8.298359e-07,9.550924e-09,0,,,,1.8624263e-05,8.09133,-9.026815,-5.6639566,-9.472988,0.9999954,1.5175235e-06,2.7475048e-06,2.6422748e-07,0,,,,3.3540791e-06,Test
60,0,9.93394,-7.506396,-6.9504414,-20.02338,1.0,2.6653744e-08,4.647365e-08,9.765641e-14,0,,,,1.8026936e-06,9.50654,-7.064711,-6.7641907,-18.654362,0.99999905,4.5900856e-07,5.0470885e-07,1.2371385e-09,0,,,,6.818793e-07,Test
61,0,4.4181075,-0.8164886,-4.230559,-11.953154,0.9945257,0.005299803,0.00017440059,7.72089e-08,0,,,,0.050121006,4.416977,-0.78237176,-4.459169,-11.1925745,0.9929477,0.0066691115,0.00038269002,5.1518634e-07,0,,,,0.001980918,Test
62,0,6.8269415,-1.3764889,-8.096909,-15.301849,0.999726,0.00027363808,3.300162e-07,2.4517083e-10,0,,,,0.0036409895,6.836741,-1.7668413,-8.214547,-13.877124,0.9995861,0.00041175046,2.1537835e-06,1.4387477e-08,0,,,,0.00023092022,Test
63,0,6.8657594,-6.7959833,-4.6347976,-11.790624,0.9999887,1.1662064e-06,1.0124339e-05,7.900065e-09,0,,,,0.00020751765,6.5875664,-6.607768,-4.637089,-10.793689,0.99996775,3.6808233e-06,2.8493445e-05,1.12922166e-07,0,,,,1.6377386e-05,Test
64,0,10.027875,-5.391715,-8.728965,-19.023115,0.99999976,2.0107453e-07,7.145093e-09,2.4172122e-13,0,,,,4.9243904e-06,9.404179,-5.9226584,-8.080427,-16.128551,0.99999887,7.362181e-07,3.9996448e-07,4.501179e-10,0,,,,9.803339e-07,Test
65,0,5.817703,-2.1759055,-4.8338366,-14.743627,0.9996388,0.00033749166,2.365585e-05,1.1753615e-09,0,,,,0.0047767367,5.8206806,-2.416228,-4.9866686,-14.597555,0.9995228,0.0004319586,4.5269055e-05,1.4752416e-08,0,,,,0.00020221432,Test
66,0,7.54536,-5.8131595,-5.787901,-13.507431,0.9999968,1.5793096e-06,1.619708e-06,7.192624e-10,0,,,,6.617271e-05,7.346282,-5.756967,-5.185296,-13.583287,0.99992216,3.1639956e-05,4.374157e-05,2.4214735e-06,0,,,,7.560854e-05,Test
67,0,4.393458,-1.2399925,-3.8571332,-11.969415,0.9961773,0.0035625435,0.00026010603,7.798861e-08,0,,,,0.03757765,4.2047296,-1.099658,-3.9530246,-12.211924,0.99305505,0.0063634687,0.00058118836,2.4009836e-07,0,,,,0.0030099675,Test
68,0,5.303892,-3.21513,-5.5067816,-10.6377945,0.9997801,0.00019959068,2.0178484e-05,1.1926636e-07,0,,,,0.0030879246,5.5207577,-2.5910358,-6.4023767,-11.30106,0.9988955,0.001090944,9.438812e-06,4.157449e-06,0,,,,0.00070856407,Test
69,0,4.5851254,-1.3044688,-5.389798,-10.298165,0.9971928,0.0027603293,4.6422087e-05,3.4280558e-07,0,,,,0.028185166,4.6786046,-1.2928109,-5.4328485,-10.3887005,0.99560136,0.004213047,0.00018250133,3.1446434e-06,0,,,,0.002183703,Test
70,0,7.727772,-5.92391,-6.1934867,-13.332151,0.99999785,1.1780099e-06,8.996491e-07,7.1415196e-10,0,,,,4.4301232e-05,8.118417,-6.689537,-6.076659,-14.671023,0.99999505,2.838798e-06,2.192254e-06,7.540441e-09,0,,,,4.4427134e-06,Test
71,0,5.331015,0.03456543,-6.116814,-13.653194,0.9950051,0.0049843257,1.0619307e-05,5.663541e-09,0,,,,0.045485795,5.457114,0.61886257,-6.5301313,-14.259669,0.9876463,0.01234149,1.2238702e-05,9.723493e-09,0,,,,0.0054474855,Test
72,0,9.708879,-6.1367693,-8.112392,-17.570383,0.9999999,1.3131735e-07,1.8210418e-08,1.4215651e-12,0,,,,3.6422127e-06,9.71392,-5.769391,-7.7725677,-16.830843,0.9999994,4.46147e-07,1.2533077e-07,1.4942814e-11,0,,,,3.803291e-07,Test
73,0,10.155286,-7.931849,-7.2102523,-18.662003,1.0,1.39590846e-08,2.8723862e-08,3.0535925e-13,0,,,,1.083888e-06,10.615747,-8.099897,-7.4288993,-19.13423,0.9999998,6.736256e-08,7.909791e-08,1.6301988e-12,0,,,,1.2858958e-07,Test
74,0,7.1966214,-2.744875,-7.3651314,-15.185723,0.99995136,4.8132904e-05,4.7412212e-07,1.9030486e-10,0,,,,0.0007704856,6.7670164,-3.1749618,-6.738349,-15.211342,0.99988556,0.00010194998,1.249785e-05,1.2328826e-08,0,,,,6.947296e-05,Test
75,0,6.2037883,-2.7673695,-7.362556,-12.945993,0.9998716,0.0001270047,1.2827907e-06,4.822803e-09,0,,,,0.0018541683,6.042844,-2.825177,-7.336165,-11.997564,0.99897224,0.0010167495,1.0422684e-05,5.908586e-07,0,,,,0.0008730815,Test
76,0,11.457745,-9.199958,-7.616682,-21.982227,1.0,1.0677594e-09,5.2009392e-09,3.0005765e-15,0,,,,1.7494479e-07,12.055304,-9.846705,-8.242009,-21.128881,1.0,1.2238007e-08,4.6136822e-08,9.738212e-14,0,,,,8.21397e-08,Test
77,0,4.361545,1.0549326,-6.362399,-12.916841,0.9646345,0.035344288,2.123309e-05,3.0231202e-08,0,,,,0.22088253,3.9173737,0.7330786,-5.5846395,-11.183661,0.9470574,0.052551575,0.0003899255,1.0232345e-06,0,,,,0.02114544,Test
78,0,7.5172787,-2.7601683,-7.8681455,-15.372849,0.9999653,3.4399054e-05,2.0805604e-07,1.1453235e-10,0,,,,0.00056454015,7.5913115,-2.04672,-8.58315,-14.730341,0.9998778,0.00012122892,8.72419e-07,1.8998354e-09,0,,,,6.073171e-05,Test
79,0,7.0550933,-5.7212825,-5.7142997,-11.9775305,0.9999943,2.826754e-06,2.8465618e-06,5.422933e-09,0,,,,0.00011286234,7.5636244,-6.386559,-5.6522093,-13.749107,0.99979603,3.542352e-06,0.00020041564,7.0348705e-09,0,,,,0.00031084014,Test
80,0,10.516571,-7.2811904,-8.413449,-19.298986,1.0,1.8643618e-08,6.0089285e-09,1.1252989e-13,0,,,,6.4281755e-07,10.946731,-7.4335938,-8.209251,-21.74012,0.9999997,4.6254822e-08,2.3728417e-07,3.3439823e-13,0,,,,3.0323096e-07,Test
81,0,7.684309,-3.2783968,-7.2068944,-16.250656,0.99998236,1.7336035e-05,3.410555e-07,4.028738e-11,0,,,,0.00030696607,8.116396,-2.81023,-8.111575,-17.294497,0.9999072,9.1103415e-05,1.7554042e-06,3.5998258e-09,0,,,,9.085294e-05,Test
82,0,7.302119,-0.8961243,-7.636272,-17.409925,0.99972457,0.00027506074,3.252518e-07,1.8517235e-11,0,,,,0.0036576441,6.5165725,-0.18512347,-7.221785,-16.603891,0.9953475,0.0046149893,3.7534137e-05,1.6256955e-09,0,,,,0.0039437376,Test
83,0,5.485258,-4.0330076,-3.7965143,-13.625172,0.99983335,7.348477e-05,9.309041e-05,5.0161835e-09,0,,,,0.0024961457,5.212117,-3.698473,-3.726401,-13.718468,0.9987313,0.00033055205,0.00093804003,2.4008617e-08,0,,,,0.000894374,Test
84,0,8.427253,-2.498463,-8.781573,-17.72951,0.999982,1.79893e-05,3.3596496e-08,4.3677236e-12,0,,,,0.00031035978,9.115224,-2.7221813,-9.788046,-17.748234,0.99998647,1.3535636e-05,4.7687887e-08,6.430432e-11,0,,,,8.381318e-06,Test
85,0,5.2984915,-1.9529482,-5.266899,-11.232864,0.9992655,0.0007086319,2.5774489e-05,6.610036e-08,0,,,,0.008867857,4.998222,-1.924086,-5.010994,-11.23876,0.9977727,0.0018904892,0.00033515453,1.7376573e-06,0,,,,0.0016893593,Test
86,0,9.101314,-7.820455,-6.1958876,-15.938314,0.99999976,4.476817e-08,2.2725311e-07,1.3348363e-11,0,,,,6.4526644e-06,8.616179,-7.6180825,-6.061145,-14.332558,0.99999124,5.3839915e-07,8.247261e-06,7.762398e-10,0,,,,1.2410543e-05,Test
87,0,7.9504576,-5.3755755,-6.794223,-14.702604,0.999998,1.6314609e-06,3.948806e-07,1.4517766e-10,0,,,,4.2693875e-05,7.630259,-5.379163,-6.7668176,-13.340894,0.9999841,8.8592915e-06,7.1184477e-06,1.2934372e-08,0,,,,1.051341e-05,Test
88,0,5.048547,-1.6114793,-5.208895,-11.428074,0.9986854,0.0012794287,3.5049194e-05,6.977883e-08,0,,,,0.014711278,4.920617,-1.2759149,-5.270169,-11.868436,0.99642134,0.0034296568,0.00014791463,1.1078803e-06,0,,,,0.0018355768,Test
89,0,8.8601465,-5.886188,-7.4308004,-16.046894,0.9999995,3.9422872e-07,8.412623e-08,1.5240876e-11,0,,,,1.1052691e-05,8.791207,-5.540804,-8.07675,-14.911819,0.9999878,1.1477145e-05,7.4512764e-07,7.9996426e-10,0,,,,1.2501041e-05,Test
90,0,9.931192,-10.181397,-6.495847,-15.894946,0.9999999,1.8416739e-09,7.342215e-08,6.079263e-12,0,,,,1.8797035e-06,9.344648,-9.418866,-6.1723127,-14.750563,0.9999981,9.603443e-07,1.0381425e-06,1.8299533e-08,0,,,,2.029569e-06,Test
91,0,5.5435824,-1.5721443,-5.9426208,-12.498907,0.99917823,0.000811563,1.0262385e-05,1.4584418e-08,0,,,,0.009688022,5.45141,-1.5723124,-5.88109,-11.095535,0.99824333,0.0016973102,5.874131e-05,5.564525e-07,0,,,,0.00084473944,Test
92,0,4.1260147,-5.9606442,-2.586148,-5.6950364,0.99868983,4.1576746e-05,0.0012144378,5.422537e-05,0,,,,0.015025052,4.1307526,-5.925254,-2.821638,-5.2951975,0.99800825,0.00011608992,0.0017142154,0.00016145161,0,,,,0.0015170214,Test
93,0,7.476573,-2.7811663,-8.069572,-14.286034,0.99996483,3.508369e-05,1.7716567e-07,3.5367498e-10,0,,,,0.0005740885,7.823414,-3.2478938,-8.365756,-14.474258,0.9999487,5.0746887e-05,4.7159838e-07,4.6104356e-09,0,,,,3.2749937e-05,Test
94,0,5.7265234,-0.5961379,-6.300875,-13.884049,0.9982021,0.001791932,5.9674035e-06,3.0370706e-09,0,,,,0.019045224,5.9236155,-0.555833,-6.4827743,-14.519205,0.99747837,0.0025070095,1.4542597e-05,1.4572578e-08,0,,,,0.0010556311,Test
95,0,6.168452,-6.120512,-4.616374,-8.312465,0.99997413,4.6021396e-06,2.0710864e-05,5.1405124e-07,0,,,,0.00045181127,6.245671,-5.951806,-4.783946,-7.9083304,0.99990636,1.7642113e-05,6.5679065e-05,1.03985385e-05,0,,,,6.835891e-05,Test
96,0,7.074653,-6.7746644,-4.845882,-11.283757,0.9999924,9.667507e-07,6.6523344e-06,1.0642425e-08,0,,,,0.00014500965,6.4227014,-6.428271,-4.338462,-9.780714,0.99991834,1.1011826e-05,7.011475e-05,4.6824752e-07,0,,,,5.529521e-05,Test
97,0,7.552211,-2.4005969,-7.2986913,-16.781,0.9999521,4.7591548e-05,3.5507014e-07,2.7052062e-11,0,,,,0.0007601078,7.4621415,-2.3493352,-7.527078,-16.265089,0.99974614,0.00025115415,2.650055e-06,4.4674264e-09,0,,,,0.0002598797,Test
98,0,6.406356,-2.3984642,-5.5023146,-15.551447,0.99984336,0.00014998477,6.730729e-06,2.9092417e-10,0,,,,0.0022468572,6.131826,-2.5535846,-5.1917763,-14.223257,0.9990174,0.00086855434,0.00011397863,8.173527e-08,0,,,,0.0010386739,Test
99,0,8.23643,-2.2340295,-8.7442875,-18.336435,0.9999716,2.8361208e-05,4.2204242e-08,2.8809735e-12,0,,,,0.00047038184,9.244134,-3.1207669,-9.346652,-19.461002,0.9999631,3.6144287e-05,8.0777284e-07,2.7653473e-11,0,,,,5.0779043e-05,Test
100,0,6.9273024,-3.5986886,-6.281166,-13.696493,0.9999714,2.6829191e-05,1.8349432e-06,1.1045551e-09,0,,,,0.0004836982,6.930169,-3.1588562,-6.7665305,-14.163083,0.99985904,0.00013824347,2.7363662e-06,5.2095572e-08,0,,,,0.00012661416,Test
101,0,8.058532,-4.3761516,-6.609782,-16.385082,0.9999956,3.9781753e-06,4.262165e-07,2.4225401e-11,0,,,,8.675007e-05,9.122757,-5.157125,-7.352941,-18.569353,0.99999535,4.5006705e-06,1.6097874e-07,2.0812467e-10,0,,,,5.75038e-06,Test
102,0,7.49502,-4.7979116,-6.502295,-14.184981,0.99999464,4.5840075e-06,8.3376034e-07,3.8414322e-10,0,,,,0.000105885236,7.469972,-5.379014,-6.1266174,-14.864583,0.9999832,9.378221e-06,7.4304908e-06,1.720396e-09,0,,,,1.2669325e-05,Test
103,0,3.9225686,1.0671662,-5.6825976,-12.291566,0.9455369,0.054399256,6.371002e-05,8.5895316e-08,0,,,,0.30577546,3.8972504,1.3235999,-5.60699,-12.084668,0.91875476,0.08059779,0.0006470539,4.3019423e-07,0,,,,0.021471063,Test
104,0,6.535825,-6.1178236,-4.5126066,-13.184076,0.9999809,3.1958182e-06,1.5911786e-05,2.727389e-09,0,,,,0.00033956207,5.956717,-5.7338724,-3.939923,-12.837855,0.99972457,1.771126e-05,0.00025775487,5.3717923e-08,0,,,,0.0001931843,Test
105,0,6.3922205,-2.8269281,-6.5649605,-13.792293,0.99989843,9.911297e-05,2.3589769e-06,1.7136939e-09,0,,,,0.0015088418,5.966105,-2.741452,-6.5670266,-12.720489,0.99951154,0.00045153886,3.676284e-05,6.620175e-08,0,,,,0.00033645084,Test
106,0,1.0229894,1.7700547,-4.4275594,-6.106142,0.3209354,0.67742926,0.0013780796,0.00025720245,1,,,,0.9230022,1.006894,1.7790632,-4.522053,-6.3134913,0.32664838,0.6710675,0.0019948971,0.00028924862,1,,,,0.05568709,Test
107,0,2.4203968,-0.506381,-3.278527,-6.3943973,0.94601345,0.050677344,0.0031687357,0.00014050142,0,,,,0.3218895,2.3048525,-0.31289655,-3.2922683,-6.1007166,0.91741693,0.077817574,0.004267357,0.00049812807,0,,,,0.028863244,Test
108,0,5.5108647,-1.7633883,-6.1923895,-10.36378,0.99929893,0.0006926718,8.261074e-06,1.2747488e-07,0,,,,0.0084234495,5.3162355,-1.739508,-6.0472965,-10.087251,0.99855936,0.0013975857,4.144292e-05,1.621959e-06,0,,,,0.00086642645,Test
109,0,4.444765,0.54601264,-5.409364,-13.640821,0.98008496,0.019863559,5.1483676e-05,1.37022935e-08,0,,,,0.14148033,4.2625556,0.20597728,-4.693267,-12.565587,0.9669717,0.032679934,0.00034011132,8.319746e-06,0,,,,0.0231253,Test
110,0,8.416915,-9.57268,-3.9967484,-16.40488,0.99999595,1.5389206e-08,4.062679e-06,1.6596977e-11,0,,,,7.900648e-05,8.468567,-9.328554,-3.8620105,-16.52744,0.9999431,1.14826115e-07,5.6782545e-05,2.447262e-10,0,,,,5.5512435e-05,Test
111,0,5.8502536,-4.113445,-4.79758,-11.382252,0.9999292,4.7074966e-05,2.3750577e-05,3.280855e-08,0,,,,0.001144506,5.793081,-4.5059905,-4.7511415,-11.470998,0.9998533,8.8424815e-05,5.8152265e-05,1.12631916e-07,0,,,,9.150705e-05,Test
112,0,6.9928555,-1.3473833,-8.037784,-14.644226,0.99976116,0.00023865837,2.9660086e-07,4.0089562e-10,0,,,,0.0032228623,6.5178175,-1.3186477,-7.5866537,-12.982646,0.9987129,0.0012823676,3.7392776e-06,9.4574443e-07,0,,,,0.0009022572,Test
113,0,5.441028,-1.2482862,-5.1992354,-14.339405,0.99873346,0.0012425598,2.390242e-05,2.5639904e-09,0,,,,0.014186791,5.5505385,-0.62354314,-5.753957,-14.861255,0.99650127,0.0034372185,6.1426384e-05,1.7839966e-08,0,,,,0.0018328604,Test
114,0,5.8798895,-4.423422,-4.5529776,-12.606559,0.99993706,3.35198e-05,2.9446663e-05,9.362895e-09,0,,,,0.0010325306,5.9778824,-4.10261,-5.603852,-11.635881,0.9998661,0.000118898155,1.4955831e-05,1.3666923e-07,0,,,,0.00010498283,Test
115,0,5.8606343,0.15215546,-7.107674,-14.178746,0.99669087,0.0033067365,2.3253895e-06,1.9750035e-09,0,,,,0.0320584,5.489799,0.4268539,-7.012086,-14.029315,0.99097836,0.009005427,1.6199188e-05,3.0745063e-08,0,,,,0.0036527594,Test
116,0,6.675713,-1.3651385,-6.089059,-16.57096,0.9996753,0.00032193,2.8588327e-06,8.016e-11,0,,,,0.004255755,7.416999,-2.1199522,-6.550002,-18.538574,0.9998909,0.00010621977,2.8637705e-06,2.8437552e-10,0,,,,3.9079503e-05,Test
117,0,7.862045,-4.939527,-6.6164923,-15.315193,0.9999968,2.7564276e-06,5.1528804e-07,8.595118e-11,0,,,,6.6317625e-05,7.505079,-5.2429056,-6.011147,-13.088094,0.9999838,6.144425e-06,1.0013708e-05,8.254942e-08,0,,,,1.2071564e-05,Test
118,0,8.524443,-7.050282,-7.006249,-12.659529,0.99999964,1.7218015e-07,1.7993115e-07,6.3083816e-10,0,,,,8.43559e-06,8.801614,-7.1389832,-6.566079,-13.230626,0.99999875,6.169078e-07,5.6107194e-07,7.7266e-09,0,,,,7.527525e-07,Test
119,0,7.7078333,-6.359538,-6.0468593,-13.214003,0.9999981,7.7735143e-07,1.062704e-06,8.199e-10,0,,,,3.9554885e-05,8.122603,-6.2370367,-6.064243,-15.379466,0.9999937,5.165049e-06,1.1576392e-06,4.9398186e-10,0,,,,6.450758e-06,Test
120,0,9.488264,-8.328629,-6.9351797,-15.923716,0.9999999,1.8290342e-08,7.368674e-08,9.198508e-12,0,,,,2.3024052e-06,9.77619,-8.807125,-7.051821,-16.228434,0.9999989,1.8053024e-07,8.7751357e-07,2.412313e-10,0,,,,1.3161035e-06,Test
121,0,9.576275,-7.16568,-7.5289793,-16.46862,1.0,5.3587243e-08,3.7263366e-08,4.8847883e-12,0,,,,2.2140778e-06,9.392031,-6.2566843,-7.43108,-16.221104,0.999998,1.7442593e-06,2.3664634e-07,5.8464606e-09,0,,,,1.8884149e-06,Test
122,0,8.547803,-6.5517488,-6.8131833,-14.613413,0.9999995,2.769157e-07,2.1321023e-07,8.7339594e-11,0,,,,1.1448194e-05,8.750521,-6.45989,-7.390433,-14.11718,0.9999975,5.9726483e-07,1.8106327e-06,6.560959e-10,0,,,,2.3840216e-06,Test
123,0,5.813149,-2.1215405,-6.788182,-12.067191,0.9996387,0.00035797374,3.366314e-06,1.7159703e-08,0,,,,0.0046808617,6.014313,-1.9916916,-6.952449,-12.744291,0.99954194,0.00045167757,5.440298e-06,9.869352e-07,0,,,,0.00022735733,Test
124,0,5.009203,-3.614678,-4.151418,-11.115235,0.99971503,0.00017971013,0.00010506759,9.933933e-08,0,,,,0.004037867,5.2560573,-3.889934,-4.2063704,-11.685862,0.99953794,0.00034122213,0.00012025249,5.616908e-07,0,,,,0.00038250798,Test
125,0,4.1258197,-1.5900258,-4.1388083,-9.993702,0.996461,0.0032817093,0.00025655364,7.352411e-07,0,,,,0.035250366,4.0111003,-1.499152,-4.0287285,-9.612714,0.9943832,0.0049621626,0.0006509954,3.5754983e-06,0,,,,0.0018598452,Test
126,0,7.888237,-6.0014544,-6.1379547,-14.940368,0.9999982,9.285022e-07,8.100309e-07,1.2180405e-10,0,,,,3.758102e-05,7.899703,-5.7738104,-6.0847597,-13.952466,0.9999944,3.6652916e-06,1.9547203e-06,2.976623e-09,0,,,,3.7018795e-06,Test
127,0,5.682802,-2.8003497,-6.0472827,-10.05022,0.9997849,0.00020688085,8.0462805e-06,1.4694068e-07,0,,,,0.0029817247,6.2256413,-2.9425173,-7.055387,-10.029163,0.9995918,0.00039816782,9.379778e-06,5.918121e-07,0,,,,0.0003730657,Test
128,0,7.9472713,-6.5919666,-5.7778945,-15.011078,0.99999845,4.849406e-07,1.0945492e-06,1.0698304e-10,0,,,,3.40847e-05,7.3266363,-6.1409073,-5.3032694,-14.62335,0.999982,6.4810984e-06,1.1489094e-05,7.531352e-09,0,,,,1.4731565e-05,Test
129,0,4.8911977,0.6140539,-5.8767495,-15.612639,0.9862873,0.01369189,2.0775113e-05,1.2282871e-09,0,,,,0.104730286,4.854091,0.7466497,-5.390048,-16.515238,0.9793561,0.020448422,0.00019548208,3.65969e-08,0,,,,0.0080935545,Test
130,0,5.322708,0.508465,-6.319128,-17.472435,0.99194324,0.008047991,8.719701e-06,1.2493437e-10,0,,,,0.0677141,4.9198484,0.8170681,-6.257818,-16.434626,0.9775958,0.022081021,0.00032317775,4.6581494e-09,0,,,,0.00934774,Test
131,0,5.825461,-4.426048,-4.8326645,-11.770332,0.99994123,3.5302124e-05,2.3507671e-05,2.281491e-08,0,,,,0.00096894446,5.747343,-4.3394017,-4.7313013,-11.613902,0.999842,8.51066e-05,7.247142e-05,4.5722953e-07,0,,,,0.000101228135,Test
132,0,7.611828,-6.850624,-5.5302114,-13.44999,0.9999976,5.2364373e-07,1.961028e-06,7.128005e-10,0,,,,5.1740073e-05,7.9468575,-7.064476,-5.790914,-14.265427,0.99998796,1.6938466e-06,1.02443655e-05,2.7626021e-09,0,,,,1.42055915e-05,Test
133,0,6.1037073,-6.247533,-4.1169624,-11.391752,0.99995935,4.324211e-06,3.6408423e-05,2.5223212e-08,0,,,,0.00067336275,5.721551,-5.885211,-3.8312469,-11.826863,0.9997365,2.1610125e-05,0.00024095256,9.696923e-07,0,,,,0.00025031363,Test
134,0,6.045657,1.5498358,-7.8091865,-17.16945,0.98896664,0.01103243,9.508231e-07,8.1844365e-11,0,,,,0.08758268,5.670251,1.2141314,-7.1662207,-16.210827,0.97732717,0.022662483,1.0007243e-05,3.7119537e-07,0,,,,0.013286663,Test
135,0,7.343915,-4.944387,-5.4940047,-14.81062,0.9999927,4.6052724e-06,2.658027e-06,2.3900357e-10,0,,,,0.00014137199,7.5190263,-4.924094,-5.6857767,-14.570967,0.99995834,1.6762946e-05,2.4982324e-05,3.3945305e-08,0,,,,4.0734296e-05,Test
136,0,8.188881,-6.130146,-6.5850716,-14.651125,0.99999905,6.0440107e-07,3.8348955e-07,1.2042345e-10,0,,,,2.2039356e-05,7.97473,-6.762427,-5.8680177,-14.685722,0.9999863,3.6273723e-06,9.6717995e-06,3.5136887e-07,0,,,,1.4104903e-05,Test
137,0,5.962468,-7.9600315,-1.590672,-14.490849,0.99947494,8.9806366e-07,0.00052418525,1.3092113e-09,0,,,,0.0064877565,6.271093,-8.590217,-1.9087694,-14.588125,0.9987733,3.0244676e-06,0.001223485,1.8372182e-07,0,,,,0.0013683068,Test
138,0,7.786671,-7.425047,-5.38142,-12.781877,0.99999785,2.4753354e-07,1.9106005e-06,1.1673257e-09,0,,,,4.485938e-05,7.111917,-7.366957,-4.8147774,-12.05282,0.99995345,8.782152e-06,3.7693197e-05,4.8712046e-08,0,,,,4.6776055e-05,Test
139,0,5.7977486,-3.8187656,-5.3540626,-10.692801,0.99991894,6.661403e-05,1.4348105e-05,6.889846e-08,0,,,,0.0012736169,5.746867,-4.101981,-5.031458,-10.853974,0.9997649,0.00016028176,7.423643e-05,5.282619e-07,0,,,,0.00019292648,Test
140,0,5.163368,-5.5998855,-2.014682,-14.886309,0.9992162,2.1146456e-05,0.0007625564,1.9597264e-09,0,,,,0.009356397,4.999556,-5.292377,-2.2779121,-14.204735,0.9981133,0.0003356445,0.0015509503,2.3756638e-07,0,,,,0.0011298875,Test
141,0,5.5673265,-3.3387077,-4.9842725,-11.299972,0.99983835,0.00013554646,2.614739e-05,4.72667e-08,0,,,,0.0023740071,5.8625064,-3.8742032,-5.030975,-12.229422,0.9996543,0.00015786127,0.00018735143,4.1412414e-07,0,,,,0.00030202515,Test
142,0,3.9207723,1.8069693,-5.4120274,-13.408083,0.8921671,0.10775396,7.893375e-05,2.658397e-08,0,,,,0.49428123,3.902827,1.673233,-5.2243376,-14.131497,0.87926686,0.12051065,0.00022244782,1.2212097e-07,0,,,,0.041488927,Test
143,0,7.6835103,-4.133938,-6.4363294,-14.799844,0.9999919,7.374697e-06,7.376121e-07,1.7202821e-10,0,,,,0.00015245708,7.9394517,-3.4811592,-7.2753725,-14.478406,0.9999405,5.5982244e-05,3.6547594e-06,1.3999704e-09,0,,,,6.715742e-05,Test
144,0,5.011243,0.52434826,-6.8412695,-11.888356,0.98886275,0.011130187,7.04134e-06,4.5261963e-08,0,,,,0.08832746,5.03761,0.65051734,-6.615284,-13.375021,0.9801868,0.019793635,1.7885282e-05,1.6264214e-06,0,,,,0.010861253,Test
145,0,7.3644767,-8.556777,-4.5428596,-11.854038,0.9999931,1.2175438e-07,6.7407245e-06,4.5029984e-09,0,,,,0.0001286071,6.969863,-8.598588,-4.201455,-10.419816,0.999914,3.8747226e-06,8.199316e-05,1.2746439e-07,0,,,,0.000100432444,Test
146,0,6.649704,-1.832539,-6.76031,-14.883972,0.99979144,0.00020707052,1.499734e-06,4.4458284e-10,0,,,,0.0028639252,6.232667,-2.1740286,-6.1835227,-14.455113,0.9996177,0.0003750397,7.2071352e-06,6.623759e-08,0,,,,0.00019406143,Test
147,0,5.8211584,0.06889437,-6.9253125,-14.959829,0.9968316,0.0031655214,2.9033515e-06,9.409226e-10,0,,,,0.030901626,5.8533535,0.19034597,-6.9697747,-14.220985,0.99231565,0.007658351,2.5207386e-05,7.487576e-07,0,,,,0.0047769374,Test
148,0,5.389912,-2.024323,-5.63692,-11.849941,0.99938154,0.00060224044,1.6249454e-05,3.255055e-08,0,,,,0.007593687,5.2398777,-2.4927862,-5.104791,-12.489588,0.9991652,0.0007697721,6.401364e-05,1.0875435e-06,0,,,,0.000442085,Test
149,0,8.750884,-6.0982895,-6.248545,-18.769566,0.9999993,3.557014e-07,3.060766e-07,1.1169144e-12,0,,,,1.51894565e-05,8.507561,-5.164999,-6.613368,-17.931797,0.9999797,1.8902709e-05,1.4289892e-06,1.5037465e-09,0,,,,2.4763278e-05,Test
150,0,3.7560358,0.8045731,-5.8798256,-12.054989,0.9502734,0.04966433,6.209364e-05,1.2918373e-07,0,,,,0.28592527,3.520368,1.0265763,-5.715734,-11.97404,0.91227084,0.08686051,0.0008659918,2.6610892e-06,0,,,,0.02510177,Test
151,0,7.1764956,-5.120295,-6.5526524,-13.832689,0.9999944,4.5663487e-06,1.0901955e-06,7.5131856e-10,0,,,,0.000110880814,6.8388205,-4.6238737,-6.6679163,-13.61571,0.9999689,2.7740429e-05,3.34496e-06,2.6664221e-08,0,,,,1.5724385e-05,Test
152,0,6.602403,-2.3579605,-6.1508913,-15.980698,0.99986875,0.00012838273,2.8923962e-06,1.556778e-10,0,,,,0.0019022006,6.329713,-2.4299607,-5.51435,-16.776035,0.9997528,0.00022435581,2.2823886e-05,3.1472877e-10,0,,,,8.946941e-05,Test
153,0,6.3370366,-3.4548123,-5.9033117,-14.037345,0.9999392,5.5902026e-05,4.8312295e-06,1.4173983e-09,0,,,,0.0009626931,6.185692,-3.9270759,-5.262871,-14.313278,0.999863,0.00010330674,3.343162e-05,2.0927844e-07,0,,,,0.00011514103,Test
154,0,6.6691427,-3.852715,-6.649304,-14.0314455,0.9999714,2.6940312e-05,1.6438398e-06,1.0229074e-09,0,,,,0.00048184188,6.5195494,-3.7566516,-6.2280354,-13.964427,0.9998778,0.000114640476,7.471378e-06,1.0397455e-08,0,,,,8.9857276e-05,Test
155,0,8.735689,-5.615933,-6.961024,-19.835932,0.9999993,5.8501854e-07,1.524067e-07,3.9039334e-13,0,,,,1.6596065e-05,8.78398,-6.5657744,-6.1667275,-20.545639,0.99999285,5.199102e-07,6.7487563e-06,5.0156502e-12,0,,,,7.0472156e-06,Test
156,0,6.999587,-3.939699,-6.1901164,-13.620877,0.99998033,1.774679e-05,1.8697186e-06,1.1082496e-09,0,,,,0.00034398356,7.2290506,-4.083562,-6.4903727,-13.66073,0.99996436,2.8954824e-05,6.788231e-06,1.3233956e-08,0,,,,2.6015969e-05,Test
157,0,5.845747,-4.500403,-4.769694,-11.801382,0.9999434,3.21144e-05,2.4532863e-05,2.1673278e-08,0,,,,0.00093731325,6.148658,-4.8995256,-5.062558,-12.636434,0.9999234,3.3234137e-05,4.3338146e-05,4.524076e-08,0,,,,3.9817187e-05,Test
158,0,5.1518965,-5.883458,-1.8350515,-11.876213,0.9990609,1.6106396e-05,0.0009229943,4.0214022e-08,0,,,,0.010916658,5.0340886,-5.502224,-2.0630426,-11.017075,0.9978526,0.00026289257,0.0018722449,1.22310985e-05,0,,,,0.0012668248,Test
159,0,5.6926103,-3.788689,-4.537005,-11.748808,0.9998876,7.6256205e-05,3.6081598e-05,2.662194e-08,0,,,,0.0017382668,5.911065,-3.9149036,-4.642406,-12.210909,0.9997201,0.00019732362,8.252702e-05,8.417557e-08,0,,,,0.00021225106,Test
160,0,8.336477,-6.053856,-6.2411985,-17.107115,0.9999989,5.628041e-07,4.666544e-07,8.912261e-12,0,,,,2.2960754e-05,8.712412,-6.076669,-7.377248,-15.440596,0.9999794,1.9995783e-05,5.805938e-07,2.5833288e-08,0,,,,3.0306763e-05,Test
161,0,7.032306,-4.958414,-5.311358,-15.09253,0.9999894,6.2014255e-06,4.3572268e-06,2.4620747e-10,0,,,,0.0002001007,7.2629623,-5.356027,-4.821248,-15.727483,0.9999753,6.6312787e-06,1.7947488e-05,1.5598959e-08,0,,,,1.5844294e-05,Test
162,0,4.685743,-0.5682934,-5.0747356,-11.16921,0.9947436,0.0051989076,5.738376e-05,1.2941726e-07,0,,,,0.047821984,4.675929,-0.8598374,-4.765462,-11.1938095,0.99308854,0.0066922186,0.0002182636,9.82569e-07,0,,,,0.0033455885,Test
163,0,5.1101975,0.62154275,-6.7041235,-13.873811,0.9888819,0.01111083,7.315597e-06,5.6298157e-09,0,,,,0.08820579,4.755925,1.0056521,-6.6840963,-13.5110035,0.95245475,0.04751639,2.8817662e-05,6.437516e-08,0,,,,0.02732813,Test
164,0,5.7592793,-2.0981855,-5.2156315,-13.7015085,0.9995962,0.00038669715,1.7119119e-05,3.532738e-09,0,,,,0.005237433,5.8595986,-2.3878713,-5.304739,-13.377188,0.99908745,0.00083827134,7.411312e-05,1.6036464e-07,0,,,,0.0008123516,Test
165,0,5.20356,-2.4144595,-5.2476873,-10.908026,0.9994797,0.0004912588,2.8897148e-05,1.0060076e-07,0,,,,0.006588031,5.4199,-2.1852405,-5.5959334,-10.888247,0.9984376,0.0015173306,4.4462584e-05,6.1566635e-07,0,,,,0.0011732616,Test
166,0,4.8974357,-3.4301038,-4.0532794,-10.525311,0.9996284,0.00024167636,0.00012959626,2.0036637e-07,0,,,,0.005117477,4.9650126,-3.0606427,-4.4268703,-9.972417,0.9991292,0.0007031043,0.00016511424,2.5594252e-06,0,,,,0.000656015,Test
167,0,5.936701,-5.538937,-4.27151,-10.665,0.9999527,1.0379428e-05,3.6864618e-05,6.16528e-08,0,,,,0.0007844272,5.955288,-5.2303686,-4.49977,-11.174103,0.99975526,0.00011746168,0.00012695523,3.8134618e-07,0,,,,0.00021452659,Test
168,0,8.45721,-3.7375503,-8.4936075,-17.050047,0.999995,5.0568624e-06,4.3486203e-08,8.362526e-12,0,,,,9.725404e-05,8.576839,-4.237241,-8.028708,-15.779604,0.99999124,7.8883795e-06,8.53301e-07,8.188012e-10,0,,,,6.358413e-06,Test
169,0,3.7973628,-0.04435272,-4.561884,-10.161996,0.97876877,0.021001207,0.00022924779,8.47633e-07,0,,,,0.15013956,3.8034673,0.08523872,-4.3337374,-10.499843,0.9718176,0.02715145,0.0010258638,5.1859774e-06,0,,,,0.0076000635,Test
170,0,9.185933,-3.986481,-7.6746197,-19.016842,0.9999981,1.9023593e-06,4.7594163e-08,5.645339e-13,0,,,,4.006147e-05,10.026642,-3.8360248,-8.722993,-21.0667,0.9999962,2.5733473e-06,1.2245772e-06,1.3507135e-12,0,,,,3.8112594e-06,Test
171,0,7.4745417,-3.6521935,-7.2720127,-15.768862,0.999985,1.4713418e-05,3.9413618e-07,8.044725e-11,0,,,,0.0002664167,7.8357596,-3.1316013,-7.9772224,-15.770068,0.9999612,3.7986603e-05,8.939804e-07,1.2720165e-09,0,,,,2.268353e-05,Test
172,0,5.5992064,-5.3357987,-2.1759038,-14.5548725,0.9995622,1.7815475e-05,0.00041987727,1.7660555e-09,0,,,,0.00562249,5.6165304,-5.579595,-2.1323085,-14.101839,0.9990903,1.7865e-05,0.00089163426,2.030974e-07,0,,,,0.0006640359,Test
173,0,4.9776583,0.79505426,-5.803108,-14.012302,0.98495054,0.0150290895,2.0482692e-05,5.5741634e-09,0,,,,0.112884566,5.396829,0.6010207,-6.079895,-15.062747,0.98930323,0.010662607,3.414493e-05,7.832323e-08,0,,,,0.0038021966,Test
174,0,9.410901,-4.274865,-8.888817,-17.81487,0.9999988,1.1385359e-06,1.1285827e-08,1.499673e-12,0,,,,2.4411549e-05,9.265371,-4.5947723,-7.8059196,-18.745295,0.9999944,4.635198e-06,1.0132126e-06,1.538221e-10,0,,,,3.7517336e-06,Test
175,0,6.356746,-4.970319,-4.835424,-13.027396,0.99997413,1.2042236e-05,1.3781327e-05,3.8156007e-09,0,,,,0.00045665522,6.229972,-4.9916124,-4.3650827,-13.224431,0.9998048,2.7977334e-05,0.0001671446,1.2436045e-07,0,,,,0.0001432896,Test
176,0,7.271381,-3.3345559,-5.660061,-16.874224,0.9999728,2.4767849e-05,2.4206622e-06,3.2635113e-11,0,,,,0.00046335004,7.520536,-3.6635413,-5.718913,-16.776438,0.99988806,7.406419e-05,3.795657e-05,8.272398e-10,0,,,,8.679743e-05,Test
177,0,3.7070844,-4.4866977,-1.5506033,-9.99982,0.9945452,0.0002748592,0.0051789274,1.1086427e-06,0,,,,0.05044577,3.4585738,-4.4020286,-1.6684921,-9.183626,0.9907571,0.000666018,0.008558108,1.8799756e-05,0,,,,0.0053336145,Test
178,0,5.5270433,-4.087332,-4.152559,-11.210754,0.99987066,6.6753455e-05,6.2538325e-05,5.3803564e-08,0,,,,0.0019871534,5.610447,-3.9741905,-4.4160986,-12.093187,0.9995513,0.00023914632,0.0002091222,3.082948e-07,0,,,,0.0003278325,Test
179,0,6.6434007,-2.202046,-6.648907,-14.658934,0.9998543,0.00014401512,1.6871775e-06,5.603388e-10,0,,,,0.0020803676,6.412141,-2.1044922,-6.0015006,-15.125879,0.99962443,0.00034634557,2.9229079e-05,4.9030824e-09,0,,,,0.00021667445,Test
180,0,6.689204,-7.8878937,-3.5645487,-11.214664,0.99996436,4.66908e-07,3.522381e-05,1.6766126e-08,0,,,,0.0005827432,7.5082,-8.360553,-4.1626954,-12.57073,0.99997246,5.831085e-07,2.6937501e-05,1.7501989e-07,0,,,,1.6875194e-05,Test
181,0,5.9012275,-4.8802733,-4.0131817,-13.017325,0.9999298,2.077893e-05,4.9453392e-05,6.0778027e-09,0,,,,0.0011320265,5.6703696,-4.480768,-3.6014183,-13.545194,0.9996859,7.209891e-05,0.00024198489,4.2211838e-08,0,,,,0.0001540401,Test
182,0,7.963783,-6.9443374,-5.3097243,-15.52787,0.999998,3.3533956e-07,1.7194446e-06,6.2762996e-11,0,,,,4.3064992e-05,7.570076,-6.5826316,-4.9583464,-15.313565,0.999983,5.302792e-06,1.1618791e-05,3.895997e-08,0,,,,1.2750569e-05,Test
183,0,8.990148,-4.7598786,-6.7469954,-19.020845,0.9999988,1.0676742e-06,1.4636773e-07,6.8387917e-13,0,,,,2.6222531e-05,9.591935,-4.741601,-7.040858,-20.07795,0.99999714,2.194985e-06,7.1036095e-07,2.187825e-12,0,,,,2.1868887e-06,Test
184,0,5.3220477,-2.0290039,-5.995432,-11.488959,0.9993463,0.0006414975,1.21505755e-05,4.9979125e-08,0,,,,0.007946268,5.242865,-1.3613739,-6.1645665,-11.571106,0.9955934,0.0043775598,2.3582897e-05,5.3142476e-06,0,,,,0.0037244593,Test
185,0,5.4288015,-0.083444126,-7.222733,-11.3237915,0.99597603,0.0040207864,3.1897528e-06,5.280679e-08,0,,,,0.03785183,5.4058943,-0.6334658,-6.9823303,-10.738174,0.9963125,0.0036739,1.3023098e-05,5.4479636e-07,0,,,,0.0021592183,Test
186,0,6.6315365,-4.1447587,-4.5348988,-15.265477,0.99996495,2.0888125e-05,1.4140461e-05,3.0919478e-10,0,,,,0.00060303276,6.4812713,-3.9326973,-4.5943546,-15.56324,0.9998867,7.5159114e-05,3.8134145e-05,1.8789152e-09,0,,,,9.106029e-05,Test
187,0,8.373737,-6.5480113,-6.5096292,-15.476606,0.9999993,3.3080067e-07,3.4374446e-07,4.38457e-11,0,,,,1.5535663e-05,8.158312,-5.9499636,-6.8215804,-14.827391,0.99998647,5.8884243e-06,7.5309063e-06,8.495984e-08,0,,,,1.2733398e-05,Test
188,0,9.162443,-8.026033,-5.6307,-18.474428,0.99999964,3.4287776e-08,3.7620046e-07,9.941666e-13,0,,,,9.567096e-06,9.177111,-8.0684395,-5.20183,-19.16642,0.99999505,1.5136109e-07,4.769482e-06,5.6099136e-12,0,,,,5.2174564e-06,Test
189,0,5.549241,-3.8668697,-3.5078127,-13.819871,0.99980205,8.138586e-05,0.000116542855,3.872715e-09,0,,,,0.002914035,5.3120584,-3.5534644,-4.2561827,-12.423624,0.9994084,0.0004448616,0.00014642664,3.2093777e-07,0,,,,0.00031611286,Test
190,0,6.0388703,-3.5263386,-6.1758914,-11.273537,0.9999249,7.012133e-05,4.9563705e-06,3.0288987e-08,0,,,,0.0011641035,5.918233,-3.7197404,-5.77104,-11.034199,0.9998261,0.00012532514,4.827057e-05,2.6031663e-07,0,,,,8.8955654e-05,Test
191,0,7.637397,-4.7830653,-6.0954003,-14.844033,0.9999949,4.0351515e-06,1.0862244e-06,1.723601e-10,0,,,,0.00010122703,7.409832,-4.7656746,-6.08542,-14.539853,0.9999353,9.275259e-06,5.5451535e-05,3.0534054e-08,0,,,,8.012081e-05,Test
192,0,4.289454,0.57406396,-6.174164,-12.717086,0.9762054,0.023766644,2.7877251e-05,4.0150837e-08,0,,,,0.16255853,4.2285757,0.85809594,-6.4730163,-12.941829,0.9537306,0.046100263,0.00016882163,3.4924102e-07,0,,,,0.016502557,Test
193,0,5.0858808,-5.2800174,-2.7920132,-10.585504,0.9995895,3.147526e-05,0.0003788749,1.5625206e-07,0,,,,0.0053726477,5.146369,-5.231969,-3.0006661,-9.96058,0.99924725,5.077013e-05,0.0007002376,1.7142575e-06,0,,,,0.00068260066,Test
194,0,5.387161,-1.3645493,-6.5891933,-12.48974,0.9988262,0.0011675071,6.2838412e-06,1.7204822e-08,0,,,,0.013175727,5.269306,-1.3656726,-6.379924,-13.545324,0.99737394,0.0025945986,3.149196e-05,3.164382e-08,0,,,,0.0017905767,Test
195,0,6.6461096,-4.0385547,-6.37614,-11.715132,0.99997485,2.289278e-05,2.2105385e-06,1.0612157e-08,0,,,,0.0004308992,6.5636635,-3.8288784,-6.608191,-11.518728,0.9999405,4.2393356e-05,1.713108e-05,7.176181e-08,0,,,,2.3861172e-05,Test
196,0,7.8106256,-5.5658536,-6.477538,-14.629387,0.99999785,1.5512007e-06,6.233446e-07,1.7964936e-10,0,,,,4.588615e-05,7.951918,-6.094463,-6.330616,-14.941648,0.9999939,4.5296338e-06,1.6430602e-06,8.017988e-09,0,,,,5.218511e-06,Test
197,0,7.936934,-4.0624356,-7.834679,-15.232106,0.9999937,6.148048e-06,1.4140758e-07,8.665841e-11,0,,,,0.00011868107,7.7501974,-3.7841885,-8.042033,-15.996475,0.99982864,0.0001686367,2.5527545e-06,1.3299797e-07,0,,,,0.0001484565,Test
198,0,5.320606,-1.3746607,-4.5328603,-14.343457,0.9987123,0.0012351593,5.2497e-05,2.8803586e-09,0,,,,0.014535995,5.307355,-1.0295916,-4.400464,-14.748886,0.9969751,0.002932233,9.258683e-05,2.178038e-08,0,,,,0.0014714091,Test
199,0,5.9056106,-4.994907,-4.0208945,-11.668052,0.99993265,1.8447443e-05,4.8858976e-05,2.3325256e-08,0,,,,0.0010874912,6.092381,-4.5900126,-4.450101,-12.564532,0.99982965,5.117338e-05,0.00011903463,7.249317e-08,0,,,,0.00013657392,Test
200,0,4.4052267,-0.20976771,-5.49983,-11.250569,0.99014574,0.009804659,4.94297e-05,1.5720751e-07,0,,,,0.0802768,4.5157957,-0.2011849,-5.1312723,-11.493077,0.9807679,0.019081444,0.00015035037,3.164021e-07,0,,,,0.011035503,Test
201,0,10.129637,-11.269642,-5.8449135,-16.463428,0.9999999,5.0864096e-10,1.1543591e-07,2.8234392e-12,0,,,,2.8481766e-06,10.457454,-12.672613,-5.371631,-18.919088,0.99999934,4.2411114e-10,6.457101e-07,3.7431256e-12,0,,,,3.8894908e-07,Test
202,0,7.06557,-4.962247,-5.5099225,-13.491556,0.9999906,5.975599e-06,3.4556422e-06,1.1807282e-09,0,,,,0.00018000747,7.452626,-5.380688,-5.781445,-14.322348,0.9999838,8.593624e-06,7.704135e-06,2.387098e-09,0,,,,1.1515933e-05,Test
203,0,7.420091,-5.451278,-5.4993553,-14.3622465,0.9999949,2.5705917e-06,2.4499277e-06,3.467759e-10,0,,,,0.00010063246,7.5476027,-5.03429,-6.25138,-14.253763,0.999986,1.1357929e-05,2.6797927e-06,2.5419613e-09,0,,,,6.773575e-06,Test
204,0,5.1219625,-1.3565131,-4.647603,-12.452432,0.9984092,0.001533707,5.707424e-05,2.3272666e-08,0,,,,0.017436612,5.416796,-1.2811646,-5.1339927,-12.61754,0.9977716,0.0021488897,7.9298465e-05,9.2818496e-08,0,,,,0.0013470598,Test
205,0,5.608271,-0.7257286,-6.536731,-11.823565,0.9982229,0.0017717662,5.3054227e-06,2.6833522e-08,0,,,,0.018850114,5.4902945,-1.0268507,-6.2433944,-11.358046,0.9975917,0.0023714444,3.6036385e-05,8.592118e-07,0,,,,0.0015783393,Test
206,0,5.754319,-2.515535,-5.7220597,-12.155865,0.9997335,0.0002560543,1.0369457e-05,1.6656763e-08,0,,,,0.003611502,5.844714,-2.368807,-5.902507,-13.243256,0.9995457,0.0004063622,4.771329e-05,2.0192178e-07,0,,,,0.00021036668,Test
207,0,5.167664,-0.31110847,-6.306013,-12.653694,0.9958326,0.0041570533,1.035695e-05,1.8132974e-08,0,,,,0.039054897,4.996791,-0.10507216,-6.5314736,-12.232791,0.99125016,0.008711907,3.7805818e-05,8.489586e-08,0,,,,0.003819303,Test
208,0,5.058424,0.8293118,-6.873989,-14.629609,0.98563737,0.0143561205,6.479418e-06,2.775317e-09,0,,,,0.10857403,5.2863045,0.9021071,-7.159064,-14.751135,0.9830961,0.016887281,1.6603322e-05,2.6172842e-08,0,,,,0.008526827,Test
209,0,6.189712,-5.4903474,-3.3593988,-14.850098,0.99992025,8.460188e-06,7.1258946e-05,7.2860457e-10,0,,,,0.0012393394,6.461155,-5.607093,-3.1858392,-15.718363,0.99985296,1.0226397e-05,0.00013685408,2.3148528e-09,0,,,,0.000106865795,Test
210,0,6.282846,-2.5367508,-5.637822,-13.944467,0.9998455,0.00014778505,6.650476e-06,1.6418099e-09,0,,,,0.002217658,6.8318887,-2.9024043,-6.0242085,-15.409373,0.99989355,0.000100853445,5.5502355e-06,7.9084916e-10,0,,,,6.175286e-05,Test
211,0,5.693971,-3.0036843,-6.0821605,-9.040384,0.99982506,0.00016694759,7.68449e-06,3.9890963e-07,0,,,,0.0024864816,5.6970263,-3.137848,-6.095397,-8.510223,0.9997215,0.00024225863,3.3720404e-05,2.60031e-06,0,,,,0.0001284954,Test
212,0,9.4744625,-11.444136,-5.2629147,-15.838289,0.99999964,8.2256096e-10,3.9777572e-07,1.0158076e-11,0,,,,8.998468e-06,9.141062,-12.08116,-4.589274,-15.209488,0.9999878,1.1404948e-08,1.2296718e-05,1.4581907e-09,0,,,,1.0009634e-05,Test
213,0,6.9822583,-8.559829,-3.87438,-10.779649,0.99998057,1.7788885e-07,1.9275853e-05,1.9323826e-08,0,,,,0.00033443148,7.1764197,-9.034073,-4.4422364,-10.026049,0.9999832,3.9570392e-07,1.6308333e-05,1.1119224e-07,0,,,,8.383573e-06,Test
214,0,4.979304,-1.8598868,-5.13217,-10.635613,0.9988895,0.0010697807,4.0565807e-05,1.6521324e-07,0,,,,0.012753864,5.2420945,-1.8912176,-5.499679,-10.063734,0.9978465,0.0020657962,8.683447e-05,9.588855e-07,0,,,,0.0018792609,Test
215,0,6.890458,-7.286372,-2.9806378,-15.315967,0.99994767,6.967197e-07,5.164341e-05,2.2690787e-10,0,,,,0.00082521234,7.09381,-6.783957,-3.5309143,-15.955996,0.9999054,3.821623e-06,9.081232e-05,1.6400339e-09,0,,,,9.3733644e-05,Test
216,0,8.424811,-2.1457121,-8.800995,-17.809175,0.99997437,2.5660725e-05,3.3030556e-08,4.0430914e-12,0,,,,0.00042912492,8.378833,-2.606257,-8.093191,-16.824339,0.9998778,0.0001218813,2.7177163e-07,1.33165e-09,0,,,,0.0001201031,Test
217,0,6.4387345,-6.569453,-3.3903258,-12.539925,0.99994385,2.241773e-06,5.3860313e-05,5.723331e-09,0,,,,0.0008869912,6.4647155,-6.385498,-3.5519943,-12.788479,0.99937123,1.4108315e-05,0.00061455707,1.2150886e-07,0,,,,0.0008576112,Test
218,0,10.500708,-4.869877,-9.693589,-19.249262,0.99999976,2.1117371e-07,1.6971795e-09,1.201579e-13,0,,,,5.0762073e-06,10.21256,-5.0234613,-9.305846,-18.957691,0.99999857,1.1591845e-06,3.178879e-07,3.0486347e-10,0,,,,1.1139015e-06,Test
219,0,9.401785,-6.4954095,-6.6497946,-19.229784,0.99999976,1.2472006e-07,1.068779e-07,3.676779e-13,0,,,,5.679439e-06,9.217105,-5.8459325,-6.864236,-19.869862,0.9999981,1.2556469e-06,6.416342e-07,8.081482e-11,0,,,,1.1358887e-06,Test
220,0,2.7383454,-0.30746743,-2.8678946,-8.322664,0.95125014,0.045239214,0.003495711,1.4947183e-05,0,,,,0.2994047,2.8627954,-0.20550041,-3.0310197,-8.818708,0.9466179,0.0493759,0.003960289,4.589552e-05,0,,,,0.016027942,Test
221,0,4.838068,-4.58979,-2.8348696,-10.382922,0.9994543,8.040741e-05,0.00046499533,2.4511556e-07,0,,,,0.007033788,4.885915,-4.7167788,-2.9762576,-9.949981,0.9984082,0.0001722273,0.0014178639,1.7275373e-06,0,,,,0.001082832,Test
222,0,8.144058,-5.2672577,-6.9285517,-15.33516,0.9999982,1.4980928e-06,2.844775e-07,6.35484e-11,0,,,,3.7753663e-05,8.456152,-5.8216743,-7.1475387,-15.678917,0.9999825,1.5233042e-05,2.1559213e-06,1.6663618e-07,0,,,,1.8061215e-05,Test
223,0,7.6653957,-3.2843475,-6.4963493,-17.058338,0.99998176,1.7562203e-05,7.073337e-07,1.8306735e-11,0,,,,0.0003181984,8.008548,-3.6552043,-6.910524,-17.122362,0.9999676,3.1725336e-05,7.2795757e-07,8.996028e-11,0,,,,2.5598816e-05,Test
224,0,8.455207,-5.394303,-6.8381343,-16.25838,0.9999988,9.665707e-07,2.281319e-07,1.8493719e-11,0,,,,2.6066586e-05,8.641802,-5.0081964,-6.7654433,-18.106012,0.9999955,3.0939602e-06,1.3704763e-06,2.0085492e-10,0,,,,3.7386503e-06,Test
225,0,4.8688846,-4.2596016,-2.4840198,-11.906711,0.9992513,0.00010844845,0.00064024905,5.1775764e-08,0,,,,0.009301781,4.9961,-4.2549376,-1.8211994,-12.55528,0.9979436,0.00021987264,0.001836213,2.3335583e-07,0,,,,0.0011209503,Test
226,0,7.6125984,-2.9286914,-7.4046407,-15.101606,0.9999732,2.6421905e-05,3.006661e-07,1.3656347e-10,0,,,,0.00044686405,7.6444755,-2.324654,-7.681216,-15.748335,0.9997941,0.00020487774,1.0147625e-06,3.9081804e-10,0,,,,0.00022844659,Test
227,0,5.042102,-1.6432853,-4.5668554,-13.660782,0.99868554,0.0012473894,6.703654e-05,7.531286e-09,0,,,,0.0148581695,5.294472,-2.38673,-4.351498,-14.621252,0.9984986,0.00073004817,0.00077110983,2.3611724e-07,0,,,,0.0013028398,Test
228,0,7.653048,-3.2488275,-6.812704,-16.666801,0.99998105,1.84233e-05,5.2191007e-07,2.7416722e-11,0,,,,0.0003280017,7.246711,-3.4656422,-6.871936,-13.903348,0.99987924,0.000116207404,3.5738587e-06,1.0189945e-06,0,,,,8.2564686e-05,Test
229,0,5.42906,-3.042792,-4.149548,-13.044313,0.9997216,0.00020921863,6.917396e-05,9.484074e-09,0,,,,0.0039150226,5.5776815,-2.993791,-4.3845935,-13.435518,0.9995338,0.00038812798,7.8135046e-05,4.5592806e-08,0,,,,0.00027093105,Test
230,0,6.584695,-3.9549549,-5.4231553,-13.251599,0.99996746,2.646513e-05,6.095967e-06,2.4276874e-09,0,,,,0.0005550416,7.1773705,-3.641339,-6.213002,-14.014376,0.9999472,4.6797973e-05,6.0595576e-06,7.2384587e-09,0,,,,2.9027735e-05,Test
231,0,2.6213136,-1.384515,-2.2032764,-9.10028,0.9744241,0.017743474,0.007824477,7.909053e-06,0,,,,0.19451647,2.4397745,-1.2203883,-2.1698327,-8.838289,0.95392036,0.03115448,0.014844278,8.093643e-05,0,,,,0.01656244,Test
232,0,8.613888,-4.819201,-6.9690084,-17.063677,0.99999845,1.4658286e-06,1.7077862e-07,7.0530136e-12,0,,,,3.465489e-05,8.753813,-4.901396,-7.1732917,-16.840881,0.99999446,4.7752287e-06,8.1008903e-07,4.420625e-11,0,,,,4.4109934e-06,Test
233,0,8.937874,-5.8801465,-7.4530635,-16.207859,0.9999995,3.669573e-07,7.612126e-08,1.20045736e-11,0,,,,1.0247195e-05,8.090143,-5.017064,-7.28963,-13.814916,0.99992454,7.2592884e-05,2.4834387e-06,3.1675364e-07,0,,,,0.000105939056,Test
234,0,2.7678547,2.24008,-5.0628157,-10.859162,0.6288063,0.3709431,0.00024986186,7.5923913e-07,0,,,,0.9545928,2.4906745,2.3151479,-4.9511414,-9.984465,0.5401902,0.45901576,0.000783165,1.0890739e-05,0,,,,0.09084651,Test
235,0,7.9887114,-8.424606,-4.3365507,-14.980533,0.99999547,7.443622e-08,4.438178e-06,1.05823496e-10,0,,,,8.713337e-05,8.068878,-8.669329,-3.7474391,-16.37862,0.9999757,1.4459966e-06,2.286888e-05,6.2974737e-10,0,,,,2.2197968e-05,Test
236,0,7.153142,-3.0483367,-5.9226003,-16.384266,0.9999608,3.7113932e-05,2.0953669e-06,5.995384e-11,0,,,,0.0006423419,6.9213476,-2.9924157,-5.564793,-16.275112,0.99988765,9.7134e-05,1.51676895e-05,1.1016674e-09,0,,,,6.4627166e-05,Test
237,0,8.667924,-6.392402,-6.384592,-16.716547,0.9999995,2.8799403e-07,2.9025196e-07,9.455048e-12,0,,,,1.3420803e-05,8.241,-6.7008185,-5.8249464,-15.199689,0.9999922,7.228009e-07,7.0712767e-06,1.5962259e-09,0,,,,7.1963555e-06,Test
238,0,7.061096,-2.7274644,-6.1688933,-15.940737,0.99994206,5.608631e-05,1.7958216e-06,1.0242494e-10,0,,,,0.00090982567,6.9811487,-3.0197322,-5.6512866,-16.67762,0.99983674,0.00014223892,2.1053285e-05,8.023118e-09,0,,,,0.00015508293,Test
239,0,8.357368,-5.50999,-6.379461,-16.76528,0.9999987,9.4947137e-07,3.9799315e-07,1.2284908e-11,0,,,,2.9349365e-05,8.130005,-5.2455287,-5.71298,-16.950565,0.9999817,9.340469e-06,9.027912e-06,4.0377013e-10,0,,,,1.7464155e-05,Test
240,0,5.355726,-5.4941735,-4.178521,-8.327215,0.999907,1.9404757e-05,7.232509e-05,1.1416518e-06,0,,,,0.0014550943,5.3236237,-5.468587,-4.409387,-8.41973,0.99982756,3.8563536e-05,0.00012539099,8.486208e-06,0,,,,9.5325384e-05,Test
241,0,7.1581316,-5.051622,-4.9737597,-15.554671,0.9999896,4.98158e-06,5.384955e-06,1.3675731e-10,0,,,,0.00019696815,7.354824,-4.438967,-5.8867826,-14.4639225,0.99995106,4.354305e-05,5.4798516e-06,1.2766799e-08,0,,,,5.0305316e-05,Test
242,0,8.464081,-6.921947,-5.9137874,-15.909043,0.99999917,2.0793732e-07,5.6986323e-07,2.5994814e-11,0,,,,1.7555065e-05,8.696903,-7.2481093,-6.092862,-16.033966,0.99999714,1.29319e-06,1.5451529e-06,2.4245228e-10,0,,,,2.2785187e-06,Test
243,0,6.181296,-4.4054008,-3.970615,-13.928575,0.99993575,2.5248068e-05,3.899898e-05,1.8465715e-09,0,,,,0.0010495618,6.359788,-4.348795,-4.0757113,-14.287791,0.9998903,4.482612e-05,6.483261e-05,4.218842e-09,0,,,,6.130114e-05,Test
244,0,3.1393387,-3.3834662,-1.1699394,-12.264562,0.98530614,0.0014479477,0.013245719,2.0125299e-07,0,,,,0.1173346,2.7998896,-2.9227338,-1.2999413,-11.785285,0.9732515,0.006652432,0.020090956,5.0751814e-06,0,,,,0.009945965,Test
245,0,4.8600316,-1.27556,-5.307787,-12.840689,0.99780196,0.0021596872,3.8301612e-05,2.0498373e-08,0,,,,0.022854056,4.4633465,-1.5221554,-4.6904655,-11.2092085,0.9954953,0.004192912,0.00030772292,3.988647e-06,0,,,,0.0016917465,Test
246,0,8.082768,-7.409697,-5.286484,-14.676421,0.9999982,1.8694193e-07,1.5624522e-06,1.3055958e-10,0,,,,3.6812555e-05,7.945134,-7.537337,-5.0716887,-15.468948,0.99997103,1.9347576e-06,2.701685e-05,5.4725235e-10,0,,,,3.819432e-05,Test
247,0,7.971438,-5.1024632,-6.630713,-15.062741,0.9999974,2.099306e-06,4.5537092e-07,9.9170325e-11,0,,,,5.289036e-05,7.5450616,-5.447101,-5.539333,-15.257292,0.99998176,9.632659e-06,8.49601e-06,1.9112655e-08,0,,,,1.3286848e-05,Test
248,0,3.6772797,-6.8207245,-0.23729026,-8.67017,0.9804105,2.7050966e-05,0.019558335,4.255777e-06,0,,,,0.1394841,3.8142173,-7.2026978,0.031121869,-9.672816,0.9737731,3.044025e-05,0.02619355,2.946928e-06,0,,,,0.007705059,Test
249,0,6.889562,-6.405578,-4.8800087,-11.975501,0.9999906,1.6826348e-06,7.736348e-06,6.412144e-09,0,,,,0.00017739799,6.968492,-6.8079176,-5.2112474,-10.585402,0.9999859,4.0453874e-06,9.682861e-06,3.259926e-07,0,,,,9.113987e-06,Test
250,0,6.3219166,0.110240534,-7.518336,-15.415808,0.9979972,0.0020018553,9.736084e-07,3.6187253e-10,0,,,,0.020851647,6.365655,0.017809402,-7.8230195,-14.5674925,0.9943636,0.0056296424,6.7499327e-06,6.9484343e-09,0,,,,0.0038229756,Test
251,0,6.365093,-2.2192385,-6.3901796,-12.865817,0.99981016,0.00018697766,2.8865093e-06,4.446711e-09,0,,,,0.0026427878,6.174058,-1.6634643,-6.480274,-11.551336,0.99840343,0.001580332,1.5789496e-05,4.7063068e-07,0,,,,0.001858085,Test
252,0,5.1577044,-0.68083036,-5.7472854,-13.238817,0.9970771,0.002904593,1.8312687e-05,1.0214579e-08,0,,,,0.028977435,5.498864,-0.6013543,-6.0943527,-13.531374,0.9965068,0.0034552421,3.6879843e-05,1.0717301e-06,0,,,,0.0015199527,Test
253,0,6.640338,-2.023398,-6.33913,-15.186085,0.99982506,0.00017270747,2.306816e-06,3.3176356e-10,0,,,,0.0024544778,6.735214,-1.8027432,-6.9491377,-14.552229,0.99925005,0.00074312394,6.832283e-06,6.8412573e-09,0,,,,0.0006493926,Test
254,0,0.70037943,3.4661453,-4.791508,-10.433802,0.05918792,0.9405674,0.00024385782,8.644095e-07,1,,,,0.32748836,0.74515116,3.5803173,-5.226621,-9.818143,0.060154736,0.9396799,0.00016086726,4.54362e-06,1,,,,0.013217954,Test
255,0,7.6922994,-9.661299,-3.0606089,-14.142936,0.99997866,2.906826e-08,2.1382664e-05,3.2890343e-10,0,,,,0.0003632362,7.6854453,-9.583419,-2.965219,-14.280734,0.99987155,9.776077e-08,0.00012836554,1.0765481e-08,0,,,,0.00014642975,Test
256,0,4.699212,-4.5457015,-3.1210206,-8.337795,0.99950004,9.655351e-05,0.00040132762,2.1771205e-06,0,,,,0.006578249,4.7638564,-4.7579803,-3.0627885,-8.166367,0.9989416,0.00025958772,0.0007118694,8.693143e-05,0,,,,0.00058580097,Test
257,0,6.871297,-5.269964,-5.6045322,-13.708791,0.9999908,5.3347403e-06,3.8177923e-06,1.1539248e-09,0,,,,0.00017543677,6.6526384,-5.694008,-5.284006,-12.00492,0.9999687,1.3689911e-05,1.735941e-05,2.4652815e-07,0,,,,1.9048812e-05,Test
258,0,8.085478,-3.8566701,-7.4336286,-15.63037,0.9999932,6.510105e-06,1.8202665e-07,5.015746e-11,0,,,,0.00012587005,7.738398,-3.7509103,-7.2616625,-15.56445,0.99996185,2.6561795e-05,1.1495797e-05,2.1513111e-10,0,,,,3.678324e-05,Test
259,0,8.9766245,-4.572416,-7.7273617,-17.850233,0.9999987,1.3053476e-06,5.566087e-08,2.2348213e-12,0,,,,2.8749058e-05,9.245573,-4.8874536,-7.828322,-18.099499,0.99994695,5.2023282e-05,9.883771e-07,3.989185e-08,0,,,,8.170554e-05,Test
260,0,7.8690405,-5.3211584,-4.8574786,-18.073738,0.9999951,1.8688193e-06,2.9712628e-06,5.409933e-12,0,,,,9.708193e-05,8.038723,-5.285737,-4.3387747,-19.40633,0.99994695,6.9380976e-06,4.611209e-05,2.4394955e-11,0,,,,5.1684034e-05,Test
261,0,4.9947834,-0.9752718,-5.243037,-11.498475,0.99741673,0.0025475028,3.569831e-05,6.854016e-08,0,,,,0.026202146,5.1474757,-0.9416996,-5.2018013,-12.583483,0.9955512,0.004379125,6.953672e-05,8.380174e-08,0,,,,0.0027355712,Test
262,0,3.5732346,-3.1098907,-1.9919726,-10.473217,0.9949443,0.0012455301,0.0038094306,7.8977314e-07,0,,,,0.049923107,3.4712892,-3.1514106,-2.17829,-9.726681,0.99073315,0.0026853816,0.0065720095,9.433865e-06,0,,,,0.0049893595,Test
263,0,6.4089055,-3.5136054,-7.0248384,-12.148858,0.99994946,4.9055332e-05,1.4647954e-06,8.718535e-09,0,,,,0.00080377964,6.5364428,-3.969318,-6.6072626,-11.616362,0.99993753,5.731213e-05,5.0342437e-06,8.291331e-08,0,,,,3.333775e-05,Test
264,0,8.239108,-5.476134,-5.993302,-18.02759,0.9999982,1.1054655e-06,6.5908574e-07,3.913071e-12,0,,,,3.7986665e-05,8.049009,-5.397586,-5.5627217,-18.564322,0.99998635,6.9743737e-06,6.606696e-06,1.9183084e-09,0,,,,1.0522016e-05,Test
265,0,4.336761,-0.68311393,-4.7820907,-11.322216,0.9933297,0.006561293,0.000108849505,1.5721207e-07,0,,,,0.058608845,4.3627462,-0.8989595,-4.5768867,-11.449358,0.9909617,0.00885217,0.00018304029,3.1872125e-06,0,,,,0.0046157665,Test
266,0,5.7628326,-1.3587294,-5.8611703,-14.097482,0.9991842,0.00080684567,8.941398e-06,2.3682145e-09,0,,,,0.009617185,6.0057106,-1.2727172,-5.944169,-14.912114,0.99912804,0.0008542184,1.7701732e-05,5.913355e-09,0,,,,0.000255134,Test
267,0,6.749145,-3.307882,-5.268017,-14.869749,0.999951,4.288125e-05,6.0393672e-06,4.0833076e-10,0,,,,0.00079740613,6.761205,-3.3560874,-5.3336062,-14.898195,0.999829,0.00013816277,3.278233e-05,7.892527e-08,0,,,,0.00013590798,Test
268,0,6.483102,-5.044711,-4.5414953,-14.064093,0.9999738,9.8519695e-06,1.629547e-05,1.1924907e-09,0,,,,0.00046073095,6.53796,-4.9157104,-4.68047,-12.979826,0.99990284,6.0351857e-05,3.674559e-05,5.7718985e-08,0,,,,7.161073e-05,Test
269,0,9.431714,-4.673697,-7.5060825,-20.443604,0.9999993,7.483372e-07,4.4056264e-08,1.06002114e-13,0,,,,1.733698e-05,9.632071,-5.8124595,-6.8224387,-20.922134,0.99999726,4.7123999e-07,2.2378226e-06,9.9017114e-11,0,,,,2.4324427e-06,Test
270,0,7.9591312,-5.560319,-6.988203,-14.145864,0.99999833,1.3445491e-06,3.2244412e-07,2.511433e-10,0,,,,3.559378e-05,8.659129,-6.374049,-7.5553102,-14.985852,0.9999983,1.1520348e-06,5.030144e-07,1.4357491e-09,0,,,,1.0829991e-06,Test
271,0,5.234917,-0.96474254,-6.589556,-12.413423,0.99796677,0.0020259935,7.3082356e-06,2.1604256e-08,0,,,,0.021182641,5.3829074,-0.48855025,-7.08527,-12.58228,0.9949604,0.005030236,9.283451e-06,5.2018642e-08,0,,,,0.0029212984,Test
272,0,7.37658,0.042779513,-7.6179605,-19.022186,0.99934703,0.00065266015,3.0737593e-07,3.426716e-12,0,,,,0.007854423,7.039222,-0.29666764,-6.586801,-18.823788,0.9984913,0.0014578433,5.0907518e-05,8.28822e-10,0,,,,0.0009629222,Test
273,0,7.6752524,-4.4054523,-6.3301706,-16.869007,0.99999344,5.66779e-06,8.270265e-07,2.1905868e-11,0,,,,0.00012486702,7.4662642,-4.330045,-6.202647,-16.659525,0.9999589,3.484487e-05,6.2719932e-06,1.5486634e-09,0,,,,3.577558e-05,Test
274,0,9.622732,-11.071345,-5.0663114,-15.3630705,0.9999995,1.0296191e-09,4.17474e-07,1.4086529e-11,0,,,,9.480217e-06,10.475275,-10.724886,-5.977268,-17.297848,0.9999992,1.956563e-08,7.239277e-07,5.252153e-10,0,,,,9.5003395e-07,Test
275,0,9.264195,-8.525329,-4.8774056,-19.496202,0.9999993,1.8797822e-08,7.21739e-07,3.232341e-13,0,,,,1.6239284e-05,9.629867,-8.856176,-5.593602,-18.669931,0.9999989,1.715537e-08,1.0269541e-06,3.340078e-11,0,,,,1.0726055e-06,Test
276,0,8.513389,-4.664443,-7.2689424,-16.719555,0.999998,1.8920803e-06,1.3990062e-07,1.1001973e-11,0,,,,4.2080977e-05,8.060606,-5.4451895,-5.902161,-17.08226,0.9999849,6.5157e-06,8.608974e-06,7.164527e-10,0,,,,1.0655083e-05,Test
277,0,6.0916047,-0.93321824,-6.7599144,-14.151826,0.9991086,0.00088873185,2.6198056e-06,1.6143671e-09,0,,,,0.01034212,5.761523,-1.3249713,-6.1144176,-14.071713,0.99829024,0.0016507341,5.6620145e-05,2.4348753e-06,0,,,,0.0013498593,Test
278,0,6.6514044,-4.8776956,-4.189094,-15.003379,0.99997056,9.839262e-06,1.9589294e-05,3.9394388e-10,0,,,,0.00051251624,6.43942,-4.478568,-4.5643916,-14.165594,0.9998833,6.482341e-05,5.1175088e-05,8.1452424e-07,0,,,,8.17312e-05,Test
279,0,7.420017,-2.7355726,-6.9550447,-16.805004,0.99996054,3.885676e-05,5.714433e-07,3.0143228e-11,0,,,,0.0006380861,7.516413,-2.9881492,-7.076767,-16.38227,0.9998561,0.00013605734,7.816326e-06,1.993165e-10,0,,,,0.0001430401,Test
280,0,5.026708,-1.0738105,-5.819705,-12.02903,0.99774396,0.0022366473,1.943041e-05,3.9066634e-08,0,,,,0.023248613,5.0709457,-0.90531033,-6.0563955,-12.151673,0.99647886,0.0034700674,4.999317e-05,9.722362e-07,0,,,,0.0011759298,Test
281,0,5.612873,-0.5459024,-5.9334836,-15.597884,0.99788,0.0021103583,9.6507165e-06,6.1286254e-10,0,,,,0.021973595,5.5823946,-0.5851952,-6.0214,-15.970517,0.99657786,0.0033988226,2.3377033e-05,1.2958215e-09,0,,,,0.0014340167,Test
282,0,4.199935,-3.8147507,-2.5177944,-9.237091,0.9984611,0.00033006343,0.0012074198,1.4578234e-06,0,,,,0.017768577,4.399789,-4.060267,-2.8204253,-8.978712,0.9979704,0.0003938362,0.0016191289,1.6668791e-05,0,,,,0.0012918985,Test
283,0,6.594898,-0.95206606,-6.3402896,-17.864737,0.9994702,0.00052743015,2.410399e-06,2.3827882e-11,0,,,,0.0065522045,6.6458282,-0.85200787,-7.2315917,-15.609241,0.9986717,0.0013235387,4.6979358e-06,1.5381502e-08,0,,,,0.0007598069,Test
284,0,8.224625,-5.6251206,-7.1464233,-13.883881,0.9999988,9.66344e-07,2.1107566e-07,2.5026356e-10,0,,,,2.5717049e-05,8.00206,-7.0621977,-6.434224,-13.072024,0.99999535,1.4823263e-06,3.220416e-06,1.1246278e-08,0,,,,4.404463e-06,Test
285,0,8.662535,-5.6388774,-7.4994764,-15.802922,0.9999993,6.1514163e-07,9.57035e-08,2.3702072e-11,0,,,,1.5956195e-05,7.8457856,-4.741729,-7.413411,-13.471422,0.9999205,7.447877e-05,4.9592486e-06,1.6551786e-07,0,,,,9.283269e-05,Test
286,0,1.01451,-4.1221175,1.4979374,-7.1380053,0.38054818,0.002236663,0.6171056,0.00010960171,2,,,,0.98132,1.1013696,-3.796971,1.405773,-7.2740793,0.42392007,0.0036081995,0.57218707,0.00028471055,2,,,,0.03485639,Test
287,0,5.9332414,-0.7642487,-6.4463954,-12.940342,0.9987633,0.001232479,4.198118e-06,6.3499415e-09,0,,,,0.013769154,5.814419,-0.757782,-5.926037,-13.032944,0.99716836,0.0028021026,2.9419461e-05,5.983733e-08,0,,,,0.0019022917,Test
288,0,10.767676,-9.510807,-5.6571074,-22.735954,0.9999999,1.560149e-09,7.3588005e-08,2.8155134e-15,0,,,,1.8753728e-06,11.392776,-8.971759,-5.9848967,-25.899765,0.99999726,1.0885897e-08,2.7725314e-06,1.8977695e-13,0,,,,4.1690055e-06,Test
289,0,7.783429,-2.9745126,-7.101611,-17.178244,0.9999784,2.12753e-05,3.4316244e-07,1.4430237e-11,0,,,,0.00036870077,7.29716,-3.3581803,-6.1778784,-15.486467,0.9998559,0.00013738568,6.7014494e-06,4.9604507e-09,0,,,,0.00012763341,Test
290,0,6.312262,-1.7727969,-6.0277934,-15.107535,0.99968755,0.00030801204,4.371659e-06,4.981547e-10,0,,,,0.004121332,6.4584184,-1.8611091,-6.4597387,-15.532315,0.99949867,0.00045478786,4.6598834e-05,2.7241531e-09,0,,,,0.00034078353,Test
291,0,6.486224,-1.346735,-7.101472,-13.880813,0.9996024,0.00039629295,1.255353e-06,1.4273668e-09,0,,,,0.005076664,6.4059706,-1.5803766,-6.931575,-13.313665,0.99916685,0.00082645856,6.557961e-06,1.2139463e-07,0,,,,0.00053112884,Test
292,0,6.64801,-4.746388,-5.854544,-12.535414,0.9999851,1.1258213e-05,3.717092e-06,4.663783e-09,0,,,,0.00027391533,6.3070145,-4.950986,-5.546646,-12.132004,0.99986684,0.00011658871,1.6288217e-05,3.1251662e-07,0,,,,0.00016051953,Test
293,0,6.7810836,-2.606881,-6.01439,-15.126084,0.9999136,8.3718485e-05,2.773059e-06,3.0605574e-10,0,,,,0.0013099456,6.5222635,-2.0383558,-6.664111,-14.075716,0.9995872,0.00040082438,1.1934297e-05,2.7078595e-08,0,,,,0.00024370739,Test
294,0,6.5170064,-0.7854584,-7.9668145,-13.054067,0.9993261,0.00067342154,5.122285e-07,3.1629912e-09,0,,,,0.008077988,6.7395005,-0.802921,-8.523718,-12.26705,0.99876344,0.0012288544,7.659725e-06,9.865562e-08,0,,,,0.0009227128,Test
295,0,6.9029303,-8.57116,-3.3935225,-11.147545,0.999966,1.904027e-07,3.3751472e-05,1.4479817e-08,0,,,,0.00055492367,6.5285416,-8.417781,-3.3207755,-9.864164,0.9998415,1.0168647e-05,0.00014719128,1.0559622e-06,0,,,,0.00014184434,Test
296,0,8.021586,-4.7326436,-6.3663635,-15.572542,0.99999654,2.890058e-06,5.6414564e-07,5.664989e-11,0,,,,6.979207e-05,8.099536,-4.762362,-6.013665,-16.40825,0.9999856,7.704122e-06,6.6331027e-06,4.621387e-10,0,,,,1.1184668e-05,Test
297,0,5.978643,-0.23308192,-6.6979675,-14.393562,0.99799514,0.0020017538,3.1170678e-06,1.4177246e-09,0,,,,0.02089132,5.8873835,-0.4427371,-6.6822443,-14.56705,0.9966979,0.0032918411,1.0255659e-05,7.3491497e-09,0,,,,0.0020834487,Test
298,0,5.861267,-2.3845966,-5.675284,-11.708534,0.9997279,0.00026226998,9.76386e-06,2.3410681e-08,0,,,,0.0036756524,5.8066177,-2.531823,-5.311317,-11.701178,0.998367,0.0015705923,6.228595e-05,1.0908667e-07,0,,,,0.0019611346,Test
299,0,5.5674763,-0.28988004,-5.9754887,-13.946297,0.9971398,0.0028506152,9.676317e-06,3.3421976e-09,0,,,,0.028382475,5.7310953,-0.40254647,-5.460637,-14.445516,0.9959725,0.003980591,4.687884e-05,1.6689823e-08,0,,,,0.0024512766,Test
300,0,5.8722167,-3.0059495,-5.95169,-11.370384,0.9998534,0.00013937912,7.3262004e-06,3.247653e-08,0,,,,0.00212257,6.1325126,-3.3130596,-5.325372,-12.662001,0.9997059,0.0002592756,3.4854635e-05,5.055383e-08,0,,,,0.00021187899,Test
301,0,3.1794899,2.7983081,-6.2512007,-13.951925,0.5941298,0.40582258,4.766333e-05,2.1567638e-08,0,,,,0.97497255,3.5402114,3.2079835,-7.087214,-14.991666,0.56638587,0.43358645,2.7454575e-05,1.7850876e-07,0,,,,0.10180607,Test
302,0,8.995038,-8.169256,-5.503865,-16.831478,0.9999995,3.5127e-08,5.0490087e-07,6.076965e-12,0,,,,1.2291244e-05,9.185383,-8.120051,-6.1819525,-16.766468,0.99998856,1.0509912e-06,1.0420732e-05,5.883477e-10,0,,,,1.681941e-05,Test
303,0,4.1631184,2.172426,-6.078749,-14.9187155,0.87978876,0.120179854,3.1361156e-05,4.541964e-09,0,,,,0.5303864,4.2526,1.8737484,-5.9792137,-14.317314,0.90783197,0.09207281,9.5226984e-05,2.6907589e-08,0,,,,0.02128082,Test
304,0,11.135205,-11.622933,-5.837388,-20.087254,1.0,1.306971e-10,4.2549686e-08,2.7558707e-14,0,,,,1.0461758e-06,11.317723,-11.370279,-6.214137,-19.884647,0.99999964,1.0846852e-08,3.9891293e-07,6.0296386e-12,0,,,,5.0344556e-07,Test
305,0,7.0830045,-2.2852883,-7.396727,-14.7856865,0.99991417,8.538171e-05,5.1463013e-07,3.180615e-10,0,,,,0.0012885776,7.142871,-2.7334492,-6.3398767,-16.046167,0.999874,0.00012257972,3.3581618e-06,1.0876845e-09,0,,,,7.737163e-05,Test
306,0,6.4586163,-4.2585635,-5.599503,-12.354911,0.999972,2.2160299e-05,5.7971342e-06,6.751142e-09,0,,,,0.00048399597,6.7521925,-4.5387936,-5.537835,-13.191457,0.999894,9.19628e-05,1.3692933e-05,1.9508794e-07,0,,,,0.00013006556,Test
307,0,6.241855,0.850081,-8.198278,-14.541964,0.99546623,0.00453324,5.3303535e-07,9.369762e-10,0,,,,0.0418295,5.9417086,0.6527961,-7.7823906,-13.792414,0.9915476,0.008445863,6.430722e-06,1.3335455e-07,0,,,,0.0050931163,Test
308,0,2.7018514,4.433969,-7.4513817,-14.950003,0.15031601,0.84967804,5.8547985e-06,3.2426661e-09,1,,,,0.6107395,2.3282948,4.2900157,-6.4583282,-14.042439,0.13296594,0.86699486,3.8978258e-05,1.2985006e-07,1,,,,0.029768392,Test
309,0,4.2965484,1.2788398,-6.038982,-13.794318,0.9533383,0.046630803,3.0944484e-05,1.3258174e-08,0,,,,0.27241513,4.1312456,0.8518713,-5.8620214,-13.463252,0.9471095,0.05280415,8.630044e-05,5.987721e-08,0,,,,0.025897566,Test
310,0,3.918143,1.5000783,-5.3846307,-13.085942,0.9181176,0.08179866,8.3705716e-05,3.7854523e-08,0,,,,0.4097306,3.9814453,1.2188323,-5.212697,-13.160013,0.9318331,0.06792547,0.00024089834,5.3189876e-07,0,,,,0.020185811,Test
311,0,5.706546,-0.97385323,-7.1654024,-12.444487,0.9987437,0.0012537001,2.5658896e-06,1.30785995e-08,0,,,,0.0139444545,5.852622,-0.83216745,-7.0096383,-13.620934,0.99780476,0.0021852946,9.925758e-06,8.713132e-08,0,,,,0.0013107491,Test
312,0,6.339341,-0.18267354,-6.787588,-16.19735,0.99852943,0.0014685404,1.9879612e-06,1.6285492e-10,0,,,,0.015978614,6.020591,-0.321575,-6.5359597,-15.281283,0.99683225,0.003156567,1.1144421e-05,3.6176533e-09,0,,,,0.0018401189,Test
313,0,5.8608317,1.0562055,-7.2251997,-17.11055,0.99187285,0.008125185,2.0571454e-06,1.04739745e-10,0,,,,0.06813254,5.7063565,1.1074932,-6.941085,-16.44595,0.9861485,0.013828379,2.3230512e-05,5.339441e-09,0,,,,0.0054440964,Test
314,0,5.369127,0.26584592,-5.9670143,-16.147509,0.9939481,0.00604,1.1861509e-05,4.4958048e-10,0,,,,0.05342086,5.3067446,0.27972716,-6.530635,-14.855301,0.9894136,0.010511158,7.5080716e-05,9.205859e-08,0,,,,0.0065933755,Test
315,0,7.3617835,-3.8330026,-6.035894,-16.214787,0.99998474,1.3745468e-05,1.518644e-06,5.7652598e-11,0,,,,0.00027336783,7.595727,-4.7452173,-5.865472,-16.413109,0.99998033,1.5820344e-05,3.8872554e-06,1.544015e-09,0,,,,1.6988119e-05,Test
316,0,6.213234,-1.2105727,-6.1074095,-15.5648155,0.99939907,0.00059651403,4.4560647e-06,3.480585e-10,0,,,,0.0073352796,5.7684717,-0.76584136,-5.728174,-15.257593,0.99684,0.0030844319,7.547639e-05,9.410077e-09,0,,,,0.0025321383,Test
317,0,4.9731717,1.5751336,-6.885495,-15.429867,0.9676366,0.032356616,6.8479167e-06,1.3328628e-09,0,,,,0.20620288,4.8971014,1.1569782,-6.5235443,-14.361981,0.9295109,0.070461415,2.7461647e-05,1.8171859e-07,0,,,,0.04446675,Test
318,0,4.692138,0.76631933,-6.1230087,-11.933485,0.9806362,0.019344006,1.9703759e-05,5.9032516e-08,0,,,,0.13807875,4.53358,0.7308722,-5.699589,-11.3871155,0.9727837,0.026751872,0.00046362943,8.4506485e-07,0,,,,0.008649264,Test
319,0,3.15902,2.0398223,-5.5991282,-14.294112,0.7537506,0.24613103,0.000118471056,1.9834829e-08,0,,,,0.8067565,3.4246593,2.3199568,-5.985818,-14.9107485,0.7201177,0.27976102,0.000121285135,6.3872264e-08,0,,,,0.07574814,Test
320,0,8.838994,-7.8033733,-5.679615,-16.915646,0.9999995,5.919855e-08,4.9504877e-07,6.529837e-12,0,,,,1.2650758e-05,8.736836,-7.675789,-5.703944,-16.687819,0.9999922,1.6434649e-07,7.682281e-06,1.5985599e-10,0,,,,7.1913473e-06,Test
321,0,7.5121984,-3.3694007,-6.512962,-16.106737,0.99998033,1.880065e-05,8.108526e-07,5.526097e-11,0,,,,0.00033984837,7.789917,-3.3549094,-6.4871116,-16.713346,0.99996215,3.611854e-05,1.7948747e-06,1.1897258e-09,0,,,,2.7188265e-05,Test
322,0,4.666033,-0.92080605,-5.5186996,-10.1570015,0.99622923,0.0037327253,3.7599857e-05,3.637452e-07,0,,,,0.036096673,4.8719993,-0.7147177,-5.992538,-10.47076,0.9935833,0.0063746586,3.8596256e-05,3.521469e-06,0,,,,0.003882388,Test
323,0,5.917113,-0.74414927,-6.3958917,-14.221734,0.99871767,0.0012778898,4.487173e-06,1.7916469e-09,0,,,,0.014211704,6.407756,-0.071474686,-7.6162024,-14.173101,0.9969468,0.0030488954,4.292411e-06,1.9382304e-08,0,,,,0.0018146794,Test
324,0,5.5040793,-1.4110903,-5.792351,-11.799294,0.99899596,0.0009916164,1.24047e-05,3.053544e-08,0,,,,0.011545019,5.7797923,-1.8038185,-6.0164022,-12.193151,0.9990573,0.00087334856,6.886311e-05,4.4283692e-07,0,,,,0.00046644904,Test
325,0,4.9511385,0.27365282,-6.4029384,-11.286351,0.9907718,0.009216531,1.1613441e-05,8.792684e-08,0,,,,0.07576249,5.072831,0.21656856,-6.3389893,-11.037989,0.9908315,0.009144442,2.335553e-05,8.3833413e-07,0,,,,0.002797061,Test
326,0,5.8074484,-1.8348141,-5.0831375,-16.207346,0.99950194,0.0004795029,1.8623541e-05,2.7471372e-10,0,,,,0.006298249,5.782872,-2.0438735,-4.8627605,-16.008238,0.9992336,0.0005918044,0.0001745013,1.0355956e-07,0,,,,0.00043092974,Test
327,0,5.686666,-0.27276543,-7.0098596,-13.667502,0.9974222,0.0025747244,3.0538522e-06,3.921667e-09,0,,,,0.02591636,5.7501955,-0.21561654,-7.016207,-13.532278,0.9943266,0.0056174737,5.5347424e-05,6.5561034e-07,0,,,,0.0037571264,Test
328,0,1.6216124,3.4762912,-5.727632,-10.932595,0.13531265,0.8645998,8.70166e-05,4.776563e-07,1,,,,0.5731218,1.965698,3.368711,-5.966741,-10.822917,0.22972722,0.7700776,0.0001885345,6.6382368e-06,1,,,,0.07862178,Test
329,0,7.8222866,-3.0230024,-7.0589895,-16.721102,0.9999801,1.9495847e-05,3.444572e-07,2.1924677e-11,0,,,,0.0003410721,8.453035,-3.0800376,-7.5475044,-17.777103,0.9999722,2.707245e-05,6.379356e-07,7.335948e-09,0,,,,2.1521557e-05,Test
330,0,3.592513,1.7395421,-5.3286157,-11.810834,0.8643756,0.13550879,0.00011542644,1.766501e-07,0,,,,0.5740111,3.6667964,1.4369241,-5.0902176,-11.685038,0.8748447,0.1247256,0.00042923415,4.25987e-07,0,,,,0.05195443,Test
331,0,3.3434994,2.0126479,-5.379704,-11.967379,0.7908795,0.20899159,0.00012872744,1.7728851e-07,0,,,,0.7413606,3.2082226,1.9098572,-4.678216,-12.32659,0.7561626,0.24230509,0.0015316245,6.8289535e-07,0,,,,0.067266986,Test
332,0,4.5703635,0.11236817,-5.468492,-11.306296,0.98850435,0.011452381,4.316771e-05,1.2584414e-07,0,,,,0.09096516,4.5664754,0.36116832,-5.8733387,-10.549409,0.9834007,0.016534371,6.3450534e-05,1.4748505e-06,0,,,,0.0043447483,Test
333,0,-0.3808767,-2.1403017,-0.39093873,-1.8935993,0.4197375,0.07225522,0.41553524,0.09247209,0,,,,1.6436901,-0.30871916,-2.026975,-0.4885993,-1.8144467,0.4421166,0.08003117,0.3684969,0.10935537,0,,,,0.054440226,Test
334,0,3.6958468,0.1881477,-5.5374856,-8.73678,0.97081023,0.029091092,9.487438e-05,3.8700196e-06,0,,,,0.1912888,3.91937,-0.045400657,-5.65331,-8.486206,0.9762808,0.023587974,0.000106794134,2.4391657e-05,0,,,,0.0066637513,Test
335,0,3.3786712,1.7686179,-5.199823,-11.423634,0.83328784,0.16655505,0.00015674814,3.106244e-07,0,,,,0.6519364,2.9477603,1.885116,-5.108091,-9.705048,0.7286196,0.27083462,0.0005361139,9.697149e-06,0,,,,0.059267487,Test
336,0,6.600454,-3.5913754,-6.2876425,-13.946836,0.99996006,3.747376e-05,2.5278641e-06,1.1923607e-09,0,,,,0.0006558277,7.088825,-3.897427,-6.1515613,-15.568756,0.999953,3.2542914e-05,1.4444768e-05,2.4693305e-09,0,,,,3.4551413e-05,Test
337,0,6.1258636,-5.010956,-3.8076239,-13.369684,0.99993694,1.4565091e-05,4.8519247e-05,3.4132146e-09,0,,,,0.0010204244,5.962699,-3.9563668,-3.867838,-13.913008,0.99951315,0.000113760005,0.00037306783,9.051151e-09,0,,,,0.00038193303,Test
338,0,10.091606,-10.186361,-5.902867,-17.312834,0.9999999,1.5609557e-09,1.1315892e-07,1.2543043e-12,0,,,,2.8288562e-06,10.420144,-10.852311,-6.38502,-17.458775,0.9999994,4.9449884e-09,5.7632855e-07,3.4733733e-10,0,,,,6.512269e-07,Test
339,0,6.197574,-1.0296078,-7.0679154,-14.435153,0.99927217,0.00072603667,1.7320278e-06,1.0939676e-09,0,,,,0.008653625,5.787813,-1.1683648,-5.9016905,-14.903875,0.9972496,0.0027238766,2.6561718e-05,4.6018185e-09,0,,,,0.0023221625,Test
340,0,4.223737,0.6949826,-5.2052107,-13.341784,0.9714191,0.02850284,7.806687e-05,2.2845342e-08,0,,,,0.18800233,4.4579916,0.5854242,-5.3665457,-13.756369,0.9751605,0.024736274,0.00010286404,3.4937108e-07,0,,,,0.008823493,Test
341,0,6.620793,-0.5648144,-7.544018,-17.21179,0.9992424,0.000756835,7.046476e-07,4.459763e-11,0,,,,0.008953601,7.2852745,-0.40847617,-8.565375,-18.020458,0.9987825,0.0012145786,2.8841189e-06,2.6098793e-10,0,,,,0.001008528,Test
342,0,5.324899,-2.5615683,-5.4749455,-11.216372,0.9996039,0.0003756459,2.039459e-05,6.5470424e-08,0,,,,0.005164865,5.4248657,-2.8867052,-5.535884,-11.167474,0.99951124,0.00045275968,3.5659155e-05,3.952386e-07,0,,,,0.0002833085,Test
343,0,6.3347244,-0.4923519,-6.9115915,-15.377135,0.99891543,0.001082847,1.7649272e-06,3.7169562e-10,0,,,,0.01226467,6.9060564,-0.33599845,-7.5111985,-16.064024,0.9984687,0.0015266531,4.7280555e-06,5.1721993e-10,0,,,,0.000982002,Test
344,0,5.469341,1.0050429,-6.3090444,-16.484112,0.9886108,0.011381657,7.5811954e-06,2.8890948e-10,0,,,,0.08995935,5.5321045,0.84718275,-6.4805503,-16.349628,0.98607,0.0138868345,4.3197768e-05,6.095126e-08,0,,,,0.0062674866,Test
345,0,5.0491705,0.73448294,-7.649997,-10.849555,0.9868025,0.013194265,3.013367e-06,1.2288574e-07,0,,,,0.10135602,4.979219,1.1144656,-7.8794656,-10.987923,0.9653028,0.034687936,7.4549243e-06,1.801756e-06,0,,,,0.026188862,Test
346,0,8.485544,-5.249765,-7.8952403,-14.709361,0.9999988,1.0835035e-06,7.689798e-08,8.4446276e-11,0,,,,2.4924513e-05,8.760385,-5.9534574,-7.7102966,-15.012919,0.9999978,1.2814506e-06,9.297526e-07,4.4904197e-10,0,,,,1.4784387e-06,Test
347,0,7.059127,-1.3816646,-7.1858687,-16.711964,0.9997836,0.00021583257,6.507036e-07,4.745174e-11,0,,,,0.002953941,6.830205,-1.1773487,-7.0626183,-16.46214,0.99916714,0.00082121824,1.157786e-05,1.7179698e-09,0,,,,0.00045394883,Test
348,0,7.788309,-4.412654,-6.957201,-16.465475,0.99999464,5.0255867e-06,3.945518e-07,2.9289574e-11,0,,,,0.00010459541,7.842101,-4.281373,-7.091176,-15.875151,0.9999871,1.1607255e-05,1.377979e-06,1.3797518e-09,0,,,,7.412611e-06,Test
349,0,5.861529,-2.329102,-5.696642,-13.445629,0.99971324,0.0002771594,9.554894e-06,4.11987e-09,0,,,,0.0038481972,5.8061786,-2.4870577,-5.9713273,-12.097644,0.99948025,0.0004908946,2.8669503e-05,2.2282052e-07,0,,,,0.000348532,Test
350,0,5.4002676,-2.206421,-4.9161005,-11.90669,0.99947006,0.00049685186,3.3069533e-05,3.044064e-08,0,,,,0.0067102155,5.579544,-1.8909715,-5.244058,-12.385038,0.9988674,0.0010069907,0.00012485441,7.7511686e-07,0,,,,0.0006624103,Test
351,0,6.8435583,-1.8725686,-7.0683002,-16.13853,0.99983513,0.00016389374,9.079982e-07,1.04456034e-10,0,,,,0.00231693,6.681212,-2.130695,-7.115677,-14.277496,0.9997112,0.0002854233,3.421956e-06,1.9673372e-08,0,,,,0.00024481435,Test
352,0,5.6776595,-3.322907,-4.867798,-12.638886,0.9998503,0.00012332144,2.6308786e-05,1.1095843e-08,0,,,,0.0022177445,5.1906066,-2.997961,-4.716695,-11.496076,0.9992874,0.00052542065,0.00018304194,4.101919e-06,0,,,,0.00035749728,Test
353,0,4.8031316,0.83033746,-6.122787,-14.360808,0.98150957,0.01847277,1.7653401e-05,4.6676787e-09,0,,,,0.1330814,5.0497246,1.1772047,-6.6566644,-14.378499,0.9696288,0.03034609,2.4798695e-05,3.6458295e-07,0,,,,0.01346504,Test
354,0,5.6542935,-0.46760383,-5.510818,-15.985876,0.9977964,0.0021894537,1.4128485e-05,3.9887413e-10,0,,,,0.022747522,5.5457397,-0.84604394,-4.4862986,-16.980688,0.99698657,0.002709921,0.00030352254,6.913142e-08,0,,,,0.0016921263,Test
355,0,9.153001,-4.8143473,-7.917898,-17.83231,0.99999917,8.591271e-07,3.856577e-08,1.9073421e-12,0,,,,1.9465704e-05,9.350764,-4.9612427,-8.1305895,-19.006332,0.9999932,6.3576763e-06,4.7758306e-07,6.3285585e-11,0,,,,7.610722e-06,Test
356,0,5.6958323,0.58542925,-6.448713,-16.488527,0.9939972,0.005997432,5.285383e-06,2.3058966e-10,0,,,,0.052996393,5.923135,0.84297866,-7.200704,-15.842099,0.9890434,0.010937983,1.8461864e-05,1.6718974e-07,0,,,,0.005289727,Test
357,0,5.33765,-5.754103,-2.170074,-12.314065,0.9994362,1.5228879e-05,0.0005485195,2.1563187e-08,0,,,,0.006998987,5.4908032,-5.622422,-2.5509932,-11.979481,0.9994049,4.8562808e-05,0.00054643897,8.6477954e-08,0,,,,0.0003404135,Test
358,0,9.081669,-5.561694,-7.394411,-17.193068,0.9999994,4.3698648e-07,6.990837e-08,3.8817426e-12,0,,,,1.1581534e-05,9.324335,-5.4507246,-7.487503,-17.26886,0.99997914,2.0724721e-05,1.8090438e-07,6.234239e-11,0,,,,2.913796e-05,Test
359,0,5.3221107,-1.6578393,-5.0308986,-13.425598,0.9990387,0.0009294554,3.1866e-05,7.2037e-09,0,,,,0.011223247,5.4752445,-1.7185777,-5.412518,-13.229296,0.99868995,0.0012186186,9.129123e-05,1.1740087e-07,0,,,,0.0007538923,Test
360,0,7.396698,-6.858132,-4.9352183,-13.277069,0.999995,6.4447204e-07,4.4087387e-06,1.050739e-09,0,,,,9.894517e-05,7.0624266,-6.491057,-4.996183,-12.535577,0.9999442,2.8403692e-06,5.295468e-05,2.4485425e-08,0,,,,6.1925624e-05,Test
361,0,4.837536,-1.055764,-4.617173,-12.516722,0.9971718,0.0027500608,7.809838e-05,2.8967545e-08,0,,,,0.028533569,4.810975,-1.051738,-5.1111155,-12.0973425,0.99551946,0.004401385,7.896255e-05,2.0134394e-07,0,,,,0.0021424142,Test
362,0,6.027214,-3.812869,-5.0156765,-13.910142,0.99993074,5.3269192e-05,1.5999392e-05,2.1942528e-09,0,,,,0.0011111056,6.2869396,-3.7576752,-4.9690742,-15.331744,0.9998069,0.00012199831,7.107093e-05,4.6167642e-08,0,,,,0.00017599406,Test
363,0,8.223044,-3.6325722,-7.920264,-17.651892,0.9999927,7.0985225e-06,9.750951e-08,5.7896895e-12,0,,,,0.0001340896,7.625788,-3.3596206,-7.0293365,-17.980608,0.99993765,5.7716818e-05,4.7395347e-06,1.8416726e-10,0,,,,4.1800613e-05,Test
364,0,6.685539,-4.360004,-5.145102,-13.839994,0.99997675,1.595775e-05,7.2779303e-06,1.2186077e-09,0,,,,0.00041208518,7.124372,-4.003992,-5.879682,-14.09718,0.9999589,3.4921333e-05,6.189348e-06,2.729611e-09,0,,,,2.213958e-05,Test
365,0,5.080413,-3.757335,-4.080557,-10.469059,0.9997497,0.000145113,0.00010503467,1.7653933e-07,0,,,,0.0036034882,5.056112,-3.1712475,-4.0107985,-10.443033,0.9993359,0.00038206734,0.00028134708,7.498575e-07,0,,,,0.00031040914,Test
366,0,10.01251,-11.24558,-5.464197,-16.168743,0.99999976,5.8577154e-10,1.8991149e-07,4.262123e-12,0,,,,4.516476e-06,10.988816,-11.834536,-5.901088,-17.159342,0.9999994,1.7888409e-09,6.9642476e-07,6.065056e-11,0,,,,9.3175913e-07,Test
367,0,6.500528,-0.17056477,-7.2434425,-15.725324,0.9987336,0.0012654092,1.0728004e-06,2.2227221e-10,0,,,,0.014028238,6.695123,-0.4566133,-6.6713433,-15.786402,0.9987256,0.0012650767,9.356184e-06,1.3659256e-08,0,,,,0.00077532517,Test
368,0,4.2083664,1.1825393,-5.1418757,-14.649487,0.95364827,0.046268806,8.2914295e-05,6.159235e-09,0,,,,0.2715688,4.139926,0.6575599,-4.490883,-14.798566,0.9627873,0.036555402,0.0006573774,2.357962e-08,0,,,,0.01255841,Test
369,0,6.2803774,0.23353668,-8.064793,-14.953021,0.99763966,0.00235974,5.874157e-07,5.9899874e-10,0,,,,0.024007233,6.0427594,-0.27097723,-7.5061884,-12.82637,0.99319637,0.006799473,3.9115575e-06,1.878159e-07,0,,,,0.006895995,Test
370,0,7.7120275,-4.893105,-6.8513737,-16.07842,0.9999962,3.354738e-06,4.7336218e-07,4.6552005e-11,0,,,,7.645778e-05,7.273265,-5.062736,-6.539824,-15.746546,0.9999693,1.1555447e-05,1.9145598e-05,4.4306745e-09,0,,,,3.094974e-05,Test
371,0,10.213231,-10.1577835,-5.7526894,-18.254168,0.9999999,1.422267e-09,1.1643641e-07,4.3327676e-13,0,,,,2.8957907e-06,10.374849,-10.292545,-5.6006017,-18.16131,0.99999934,2.9142382e-09,7.283878e-07,6.020173e-12,0,,,,6.680645e-07,Test
372,0,7.606401,0.029720604,-8.712982,-20.025555,0.9994879,0.0005119967,8.172582e-08,9.985538e-13,0,,,,0.006337418,8.429905,0.4546639,-9.356669,-22.111462,0.9979151,0.0020848499,8.60166e-08,1.2699311e-11,0,,,,0.002711796,Test
373,0,5.6557684,-3.6228755,-4.843508,-12.615842,0.9998791,9.338643e-05,2.7553058e-05,1.16061445e-08,0,,,,0.0018423261,5.6727285,-3.954399,-4.5219374,-13.001656,0.9997783,0.00013863979,8.29965e-05,1.5818551e-07,0,,,,0.00013634427,Test
374,0,7.27014,-3.8744369,-6.5775566,-14.643183,0.9999846,1.4453234e-05,9.683118e-07,3.0419936e-10,0,,,,0.00027392284,7.7664595,-3.864348,-7.5208755,-13.8263855,0.9999815,1.7980597e-05,5.0252595e-07,4.3683077e-08,0,,,,8.777786e-06,Test
375,0,5.367108,-1.8978859,-5.4871936,-11.8816395,0.9992816,0.00069910305,1.930744e-05,3.2259102e-08,0,,,,0.008667391,5.467318,-1.8233255,-6.094558,-12.098116,0.9990198,0.00096101157,1.8614848e-05,4.8170966e-07,0,,,,0.00033123812,Test
376,0,10.55369,-10.189432,-5.7053905,-20.297182,0.9999999,9.803395e-10,8.685021e-08,3.9961012e-14,0,,,,2.152567e-06,11.275736,-10.43759,-6.0285316,-22.294744,0.9999999,5.0248503e-09,1.1769284e-07,2.1659249e-14,0,,,,8.1641765e-08,Test
377,0,5.468135,-3.7641995,-4.5070877,-10.723897,0.9998555,9.7810494e-05,4.653215e-05,9.285968e-08,0,,,,0.002183062,5.4521146,-3.8085964,-4.880568,-9.755492,0.999688,0.0002282442,8.283371e-05,8.98709e-07,0,,,,0.00022878444,Test
378,0,4.5615377,-7.273111,-1.5155138,-9.032711,0.99770194,7.2323332e-06,0.002289659,1.2447829e-06,0,,,,0.023541307,4.5173154,-7.7341843,-1.3002722,-9.618933,0.99540013,1.44091055e-05,0.0045789233,6.496415e-06,0,,,,0.002020211,Test
379,0,4.4612846,-1.6049646,-4.5828047,-9.99009,0.99756753,0.002314215,0.00011779971,5.281896e-07,0,,,,0.025315054,4.4669724,-1.6346266,-4.6025248,-10.099469,0.99416524,0.005690603,0.0001427997,1.3949661e-06,0,,,,0.00424222,Test
380,0,6.527439,-0.44650853,-6.661696,-16.518454,0.9990631,0.000935074,1.8690655e-06,9.792394e-11,0,,,,0.01079594,5.845069,-0.80064267,-6.0476084,-14.216059,0.9969823,0.0030048457,1.2855376e-05,1.01068505e-08,0,,,,0.002560486,Test
381,0,7.9772315,-7.547777,-5.403318,-13.105931,0.9999982,1.8095618e-07,1.5449003e-06,6.977473e-10,0,,,,3.6390844e-05,7.5791802,-7.187365,-4.624511,-13.03831,0.9999711,1.3669539e-06,2.7505492e-05,9.0485415e-09,0,,,,2.2177772e-05,Test
382,0,5.9189425,-1.6682705,-6.118516,-12.952419,0.9994874,0.0005066319,5.9152835e-06,6.3686807e-09,0,,,,0.0063881404,5.7144885,-1.6742532,-5.8859644,-13.000914,0.99788064,0.0020891125,3.0094885e-05,3.2713917e-08,0,,,,0.0019048032,Test
383,0,4.3812013,-4.0014434,-2.416752,-9.914856,0.9986564,0.00022849662,0.0011145571,6.1761455e-07,0,,,,0.015646854,4.7060633,-3.5369124,-2.8696578,-10.5021305,0.9984902,0.0004570841,0.0010518482,8.1582505e-07,0,,,,0.0009489866,Test
384,0,5.6446733,-5.2828455,-2.8110452,-13.053094,0.9997694,1.7953069e-05,0.00021263157,7.578142e-09,0,,,,0.0032097867,5.4878607,-5.474538,-2.2813888,-14.394562,0.9987049,6.455647e-05,0.0012303664,1.3903538e-07,0,,,,0.00088055746,Test
385,0,8.414983,-3.848667,-8.022988,-18.370207,0.9999951,4.7202216e-06,7.262359e-08,2.3299006e-12,0,,,,9.2115195e-05,8.839496,-4.3794355,-8.342054,-18.533047,0.9999811,1.8227238e-05,6.005243e-07,7.5683626e-11,0,,,,2.4074718e-05,Test
386,0,6.954622,-5.1205177,-5.46084,-14.23015,0.9999902,5.699399e-06,4.0553555e-06,6.3032707e-10,0,,,,0.00018604811,6.450715,-4.567129,-5.3934646,-13.752737,0.9999399,2.6580112e-05,3.3498036e-05,6.214173e-08,0,,,,3.7349917e-05,Test
387,0,7.7450204,-2.4730246,-7.8623524,-16.130308,0.9999634,3.650425e-05,1.6664353e-07,4.2762283e-11,0,,,,0.0005946816,7.9715414,-2.4916775,-8.074488,-15.795042,0.9999175,8.1736434e-05,7.577842e-07,5.2097375e-09,0,,,,5.242026e-05,Test
388,0,3.015204,2.3954794,-5.511675,-11.822617,0.65007204,0.349799,0.00012876127,2.3387193e-07,0,,,,0.9356635,3.1308608,2.4060507,-5.629489,-11.752676,0.6607453,0.3389628,0.00029137166,4.797253e-07,0,,,,0.06442526,Test
389,0,9.222797,-5.001974,-7.9040093,-17.537985,0.9999993,6.6414043e-07,3.6468865e-08,2.3874793e-12,0,,,,1.5562584e-05,9.919806,-5.0362177,-8.012697,-19.385065,0.9999984,1.5293766e-06,1.2167308e-07,1.17145555e-11,0,,,,1.496955e-06,Test
390,0,3.988978,-2.9705575,-3.166974,-8.942516,0.99827087,0.0009478956,0.0007788574,2.4164178e-06,0,,,,0.020099996,4.168768,-2.8935313,-3.4854321,-9.616378,0.9971944,0.0021670798,0.0006160488,2.243471e-05,0,,,,0.00213225,Test
391,0,5.320905,-2.3478873,-4.077768,-12.705368,0.99945027,0.00046692468,8.278837e-05,1.4826887e-08,0,,,,0.0070821927,5.205195,-2.079928,-4.356387,-12.029883,0.9989462,0.0008755929,0.00017773619,4.5316884e-07,0,,,,0.00041390077,Test
392,0,5.830271,-2.2875624,-6.5810266,-12.478896,0.9996979,0.000298084,4.0710934e-06,1.1176326e-08,0,,,,0.0040002605,6.188871,-2.3224022,-6.697436,-13.648389,0.99922305,0.00072719774,4.9696777e-05,4.0518728e-08,0,,,,0.00056938955,Test
393,0,9.101213,-3.576544,-9.003168,-18.065828,0.9999969,3.1197417e-06,1.3720364e-08,1.5903853e-12,0,,,,6.189049e-05,9.376772,-3.522712,-8.847915,-17.875559,0.99999124,8.631741e-06,1.3591192e-07,6.3972716e-11,0,,,,5.700298e-06,Test
394,0,6.574902,0.031000923,-7.736383,-16.584772,0.99856263,0.0014367964,6.082235e-07,8.734878e-11,0,,,,0.015652318,5.9896946,-0.013317203,-7.4607887,-15.479174,0.99452144,0.005469868,8.733173e-06,6.370197e-09,0,,,,0.004644336,Test
395,0,5.0537515,0.7449419,-5.748163,-14.855719,0.9867091,0.013270792,2.0089883e-05,2.2264675e-09,0,,,,0.1021116,4.948205,0.44853988,-5.718154,-14.520879,0.97636765,0.02352957,0.00010276799,7.522793e-08,0,,,,0.017565489,Test
396,0,4.384697,0.35222468,-5.5521464,-11.216449,0.9825316,0.017420722,4.7514925e-05,1.6476123e-07,0,,,,0.12745641,4.2780757,0.5013162,-5.290265,-11.178202,0.97390395,0.025914047,0.00018125618,6.8592544e-07,0,,,,0.0066424035,Test
397,0,5.2419505,-2.350761,-5.158513,-11.086552,0.99946564,0.00050384295,3.0402138e-05,8.098215e-08,0,,,,0.006748194,5.180164,-2.226478,-5.357894,-11.522357,0.9989006,0.00083109614,0.00026803758,2.295556e-07,0,,,,0.0006071852,Test
398,0,1.4847887,-1.6951789,-3.8107698,-4.851135,0.9538596,0.03966817,0.0047824746,0.0016897715,0,,,,0.3021211,1.5080637,-1.8762302,-3.9649062,-4.4457426,0.9443244,0.040128045,0.010967458,0.0045801178,0,,,,0.024578497,Test
399,0,-4.6589355,-3.264628,-1.3333795,5.065877,5.966445e-05,0.00024057779,0.001659534,0.99804026,3,,,,0.021879638,-4.918207,-3.4528587,-1.2511938,5.1866636,7.915254e-05,0.00025893978,0.0022342233,0.99742776,3,,,,0.0010627401,Test
400,0,6.941531,-2.8889248,-5.5040402,-15.923337,0.9999423,5.3785134e-05,3.9348824e-06,1.174597e-10,0,,,,0.00091669685,6.9113336,-2.8268774,-5.432974,-16.991264,0.99982786,0.00014395741,2.8176084e-05,5.156503e-10,0,,,,0.00010319439,Test
401,0,5.8861203,-1.5739694,-4.6342072,-15.95211,0.99939775,0.00057525793,2.69661e-05,3.277295e-10,0,,,,0.007469615,6.011959,-1.7521183,-4.4740877,-15.494565,0.9987874,0.0010230311,0.00018946415,5.022944e-09,0,,,,0.0008432327,Test
402,0,3.934148,0.9812546,-4.4530883,-13.844092,0.9501943,0.049589194,0.00021641226,1.8064286e-08,0,,,,0.28758073,3.612103,0.6720197,-3.887806,-13.401082,0.94184244,0.05707063,0.0010868968,8.279369e-08,0,,,,0.016129324,Test
403,0,6.339876,0.28863627,-7.4981694,-15.556534,0.9976496,0.002349405,9.754194e-07,3.0866543e-10,0,,,,0.023924813,7.093319,0.22336331,-8.497908,-16.14396,0.99777824,0.002221317,4.1942388e-07,1.680499e-09,0,,,,0.0018896417,Test
404,0,6.038993,0.032639887,-6.3662834,-15.626502,0.9975389,0.002456993,4.086832e-06,3.8879883e-10,0,,,,0.024918783,5.686107,0.24642512,-6.268588,-14.363072,0.9937774,0.006193566,2.891842e-05,3.8275374e-08,0,,,,0.0030493578,Test
405,0,5.197365,-1.1924537,-4.9216266,-12.371106,0.99828404,0.0016756802,4.0237574e-05,2.3408013e-08,0,,,,0.018513009,5.1859317,-1.0854129,-5.0472193,-12.310261,0.99587214,0.004066089,6.165332e-05,1.8041638e-07,0,,,,0.002314732,Test
406,0,6.421617,-1.7361046,-6.155279,-15.497884,0.99971014,0.0002864314,3.4498266e-06,3.0224287e-10,0,,,,0.0038518829,6.1681237,-1.8630339,-5.8878064,-15.273112,0.9993728,0.00058824103,3.8896826e-05,6.8508967e-09,0,,,,0.0004880371,Test
407,0,8.19707,-3.7063615,-6.846385,-16.726463,0.99999297,6.767093e-06,2.9289194e-07,1.4991444e-11,0,,,,0.00013271565,8.100832,-3.6490948,-6.644487,-17.32278,0.9998566,0.00011944598,2.3924327e-05,1.6043816e-10,0,,,,0.00018021658,Test
408,0,3.363048,-3.1575675,-1.4763646,-10.0922365,0.99070144,0.0014590677,0.007838132,1.4203231e-06,0,,,,0.081955396,3.399854,-3.1279874,-1.5420282,-9.908755,0.98914367,0.0021810667,0.008667185,8.096171e-06,0,,,,0.003910278,Test
409,0,9.014691,-5.8650618,-6.9073615,-17.219719,0.9999995,3.449889e-07,1.2165789e-07,4.0414816e-12,0,,,,1.0888505e-05,9.505413,-6.8188286,-6.0755415,-19.532806,0.9999984,8.4519627e-07,7.7260785e-07,1.1095935e-12,0,,,,1.3868276e-06,Test
410,0,4.753122,-2.6719267,-3.4769943,-10.784496,0.9991379,0.00059561786,0.0002662757,1.7853502e-07,0,,,,0.010790176,4.3943315,-2.6375153,-3.2820282,-9.724763,0.99777794,0.0012628817,0.00095763383,1.5886577e-06,0,,,,0.0009424797,Test
411,0,7.4795575,-7.686564,-4.5880485,-13.670378,0.99999404,2.590804e-07,5.7425227e-06,6.526757e-10,0,,,,0.000114264374,7.74388,-7.757856,-4.686423,-14.448242,0.99999255,5.283713e-07,6.9367866e-06,1.145291e-08,0,,,,3.2063103e-06,Test
412,0,4.374835,-0.73481447,-4.697268,-11.245354,0.9938845,0.006001272,0.000114122544,1.6352124e-07,0,,,,0.054586776,4.5492826,-0.9570136,-4.287751,-12.648073,0.9935614,0.005656789,0.0007814487,4.6917444e-07,0,,,,0.003425815,Test
413,0,4.6661663,-1.0182961,-4.1851897,-11.906639,0.9964708,0.0033863657,0.00014268204,6.3239234e-08,0,,,,0.034695406,4.122521,-0.8146327,-3.949166,-10.22768,0.9881631,0.011138635,0.0006935227,4.7207413e-06,0,,,,0.0057146847,Test
414,0,7.805736,-2.6933262,-6.8750095,-18.849611,0.999972,2.7561504e-05,4.209406e-07,2.6528786e-12,0,,,,0.0004667187,7.538167,-2.194338,-6.405374,-19.299126,0.99970406,0.0002939656,1.9039768e-06,6.102775e-11,0,,,,0.00034822457,Test
415,0,9.9671955,-7.922906,-5.566316,-22.934347,0.99999976,1.6999149e-08,1.7942432e-07,5.140927e-15,0,,,,4.7176427e-06,9.844112,-8.549856,-4.78126,-22.242538,0.9999954,9.0678476e-08,4.505137e-06,8.426702e-13,0,,,,5.5745368e-06,Test
416,0,5.351691,-5.9189925,-3.8140442,-8.500162,0.99988174,1.2739521e-05,0.00010454913,9.641966e-07,0,,,,0.0017795227,5.24158,-5.952619,-3.6689014,-7.7995353,0.999561,6.956963e-05,0.0003623928,7.1554473e-06,0,,,,0.00033284994,Test
417,0,8.255743,-9.03157,-5.4514904,-11.788519,0.9999989,3.106095e-08,1.1143553e-06,1.9719104e-09,0,,,,2.4588295e-05,8.129217,-9.003521,-5.20921,-11.895639,0.9999943,3.6810076e-07,5.4025086e-06,5.848539e-08,0,,,,4.869749e-06,Test
418,0,7.737233,-9.082943,-4.4638677,-11.868569,0.999995,4.9555123e-08,5.0248937e-06,3.0570741e-09,0,,,,9.713479e-05,6.8991194,-8.608951,-3.6844032,-10.504099,0.9996635,2.7425144e-06,0.00033244785,1.328175e-06,0,,,,0.00044451526,Test
419,0,7.53988,-2.9807796,-6.528235,-17.672346,0.9999722,2.6972648e-05,7.7675327e-07,1.1231995e-11,0,,,,0.00046523154,7.384575,-3.036633,-6.0490146,-17.003448,0.9998091,0.00018100589,1.0055225e-05,2.1707418e-10,0,,,,0.00022507855,Test
420,0,7.604046,-7.785108,-5.106683,-12.0643,0.9999968,2.072878e-07,3.0185563e-06,2.8717344e-09,0,,,,6.46806e-05,7.971925,-8.244581,-5.146558,-13.150446,0.99999493,1.9901896e-07,4.789189e-06,3.0613765e-09,0,,,,3.6791077e-06,Test
421,0,8.437888,-7.321587,-5.775769,-14.472334,0.99999917,1.4313515e-07,6.715629e-07,1.12257925e-10,0,,,,1.8146988e-05,8.301858,-7.5654173,-5.481239,-14.352819,0.9999836,1.3632221e-05,2.5123318e-06,1.2818661e-07,0,,,,2.1706917e-05,Test
422,0,6.271288,-5.128245,-5.5092993,-9.881054,0.99998105,1.120051e-05,7.651521e-06,9.6631524e-08,0,,,,0.0003438451,6.0547485,-5.2941713,-5.167711,-9.406794,0.9996955,8.469843e-05,0.00021903061,8.41944e-07,0,,,,0.00033377722,Test
423,0,8.051674,-7.914126,-5.0904183,-14.228811,0.999998,1.1645029e-07,1.960926e-06,2.1072077e-10,0,,,,4.279199e-05,8.311174,-8.646767,-4.571933,-13.629768,0.99998343,2.6575418e-07,1.6381831e-05,1.1055876e-08,0,,,,1.539067e-05,Test
424,0,4.6149154,-1.142633,-4.6592026,-11.568739,0.9967578,0.003148605,9.3517134e-05,9.335072e-08,0,,,,0.03209204,4.7645135,-1.3605831,-4.65556,-12.127222,0.99695575,0.0028423984,0.00020143572,4.1132503e-07,0,,,,0.0010209497,Test
425,0,4.3841076,-2.2952347,-3.8319092,-10.225363,0.998475,0.0012546879,0.00026987735,4.5136184e-07,0,,,,0.017500684,4.453613,-2.632045,-3.52579,-10.659836,0.99816084,0.0011159007,0.00071975426,3.60601e-06,0,,,,0.0007180025,Test
426,0,4.5909457,-1.7876278,-4.3547635,-10.930977,0.99817526,0.0016944454,0.00013005728,1.811846e-07,0,,,,0.019910282,4.567863,-2.2476552,-3.8974807,-11.588038,0.99711484,0.0022973642,0.0005865373,1.2243295e-06,0,,,,0.0018829099,Test
427,0,4.018079,-0.2959902,-4.8293858,-12.520701,0.98665756,0.0132004935,0.00014182783,6.4783656e-08,0,,,,0.103348784,3.9534137,-0.4460323,-4.289275,-14.017957,0.9705442,0.028988864,0.00046665067,1.8057031e-07,0,,,,0.018422693,Test
428,0,4.509807,-4.017405,-4.3191714,-8.758377,0.99965394,0.00019793768,0.00014637706,1.7280261e-06,0,,,,0.0048319735,4.2503657,-3.664579,-4.1749716,-8.105406,0.9983573,0.00080850825,0.00081732235,1.6795313e-05,0,,,,0.0011516303,Test
429,0,4.53801,-1.1160933,-4.902541,-12.300409,0.99643034,0.0034906082,7.9153004e-05,4.848579e-08,0,,,,0.03471195,3.9503734,-0.7455143,-4.5196896,-11.814842,0.98770016,0.011974493,0.00032503458,2.7336446e-07,0,,,,0.004117987,Test
430,0,8.369109,-5.908852,-6.330807,-15.868136,0.99999905,6.2973754e-07,4.1295888e-07,2.9778142e-11,0,,,,2.3278511e-05,8.4521475,-6.2669916,-6.430626,-15.5857525,0.9999937,2.0688262e-06,4.260806e-06,1.3099273e-09,0,,,,7.1851337e-06,Test
431,0,6.7067113,-4.8016114,-4.7648897,-14.226441,0.9999796,1.0045929e-05,1.0421684e-05,8.1065904e-10,0,,,,0.00036887743,6.6657777,-4.8235755,-4.9390683,-14.002385,0.99980974,3.353085e-05,0.00015663278,2.7243903e-08,0,,,,0.00020552766,Test
432,0,6.7067113,-4.8016114,-4.7648897,-14.226441,0.9999796,1.0045929e-05,1.0421684e-05,8.1065904e-10,0,,,,0.00036887743,6.625798,-5.1058517,-4.6427774,-13.368568,0.9999418,3.1507232e-05,2.6346397e-05,2.9238123e-07,0,,,,3.3852924e-05,Test
433,0,3.7328994,-0.51517695,-5.9890313,-8.970323,0.9858484,0.014089448,5.91057e-05,2.9982705e-06,0,,,,0.1077959,3.6470604,-0.5249219,-6.496605,-7.9662156,0.9669941,0.032774664,5.7366695e-05,0.00017398139,0,,,,0.021275628,Test
434,0,4.188371,-3.3340693,-2.7729464,-9.894561,0.9985128,0.00054000685,0.0009464373,7.642126e-07,0,,,,0.01752829,4.401515,-3.4790263,-2.9679239,-10.570147,0.99797535,0.0009213999,0.0011005814,2.6454704e-06,0,,,,0.0013337616,Test
435,0,6.133132,-7.391842,-3.3441718,-10.685841,0.99992216,1.3370408e-06,7.656417e-05,4.9611092e-08,0,,,,0.0011864528,6.2674966,-8.18302,-3.1443462,-10.60791,0.9998004,2.5014747e-06,0.00019693146,1.1801116e-07,0,,,,0.000111287445,Test
436,0,6.398378,-2.078298,-6.144672,-14.535876,0.9997882,0.00020822574,3.5688697e-06,8.0961243e-10,0,,,,0.0029166117,6.508775,-2.1345563,-6.3447533,-14.392856,0.99942076,0.00054788374,3.1365555e-05,2.4106157e-08,0,,,,0.00045021684,Test
437,0,8.285426,-2.1310258,-7.5441184,-19.637125,0.99996996,2.9934992e-05,1.3344531e-07,7.4709786e-13,0,,,,0.0004962438,8.316164,-2.3341863,-7.585959,-20.715519,0.9999571,4.031292e-05,2.616989e-06,4.6061828e-11,0,,,,2.5897081e-05,Test
438,0,2.7506068,1.3133321,-4.576882,-8.236022,0.80759233,0.19186321,0.0005307674,1.3669734e-05,0,,,,0.7119663,2.5191543,1.1095418,-4.276599,-7.9640136,0.7940418,0.20389076,0.0020138451,5.3585994e-05,0,,,,0.03604951,Test
439,0,1.0923231,2.124707,-3.9472363,-6.4657345,0.2621404,0.7360251,0.0016977789,0.00013680791,1,,,,0.84917706,1.0226383,2.2486205,-4.1826944,-6.6977563,0.24446616,0.7535728,0.0017208423,0.00024019272,1,,,,0.059830286,Test
440,0,4.50799,0.8114777,-5.9465027,-13.278246,0.9757632,0.024208596,2.8120045e-05,1.8402652e-08,0,,,,0.16492453,4.556311,0.6079054,-5.6751547,-12.803041,0.96947926,0.030433068,8.73783e-05,2.8730148e-07,0,,,,0.019740961,Test
441,0,3.7930093,2.8431551,-6.5488424,-14.072465,0.72106904,0.27890766,2.325774e-05,1.2563186e-08,0,,,,0.85433906,4.0779963,3.2977226,-7.6334925,-15.242172,0.6679055,0.33207804,1.639182e-05,2.9759013e-08,0,,,,0.06709406,Test
442,0,7.1861186,-3.958529,-5.393384,-16.096733,0.9999821,1.4452177e-05,3.441786e-06,7.7335346e-11,0,,,,0.00032062994,7.034353,-3.3459835,-5.7060914,-15.915979,0.99991477,7.355733e-05,1.1756793e-05,1.3882581e-08,0,,,,5.015129e-05,Test
443,0,7.153661,-4.4986424,-6.055238,-13.155008,0.9999895,8.6988985e-06,1.8341874e-06,1.5137428e-09,0,,,,0.00019636669,6.8604784,-3.8661132,-6.252538,-12.267841,0.99995023,4.3753775e-05,5.7720417e-06,2.6462484e-07,0,,,,2.9790592e-05,Test
444,0,8.111927,-4.790692,-6.086746,-17.715614,0.9999968,2.49151e-06,6.8169976e-07,6.070716e-12,0,,,,6.490028e-05,7.639727,-4.7442746,-5.500572,-16.898108,0.9999741,1.6099795e-05,9.91816e-06,1.9788068e-10,0,,,,1.9558393e-05,Test
445,0,8.518273,-7.049749,-6.3390217,-14.676058,0.9999995,1.7333802e-07,3.5282434e-07,8.4494675e-11,0,,,,1.2146544e-05,8.146487,-6.869832,-5.991922,-14.5061245,0.9999881,7.901047e-06,3.941047e-06,3.0438535e-08,0,,,,1.3745822e-05,Test
446,0,8.783542,-6.6636367,-6.5815263,-16.56081,0.9999995,1.9560306e-07,2.1234173e-07,9.842089e-12,0,,,,9.668427e-06,8.310928,-5.839703,-6.6154814,-16.27042,0.99998254,1.572222e-05,1.7975508e-06,1.2959052e-09,0,,,,2.2419976e-05,Test
447,0,9.823189,-10.1755905,-5.8818264,-16.270048,0.9999999,2.063671e-09,1.5114665e-07,4.6542653e-12,0,,,,3.6563115e-06,9.746584,-10.689133,-6.020317,-15.3587675,0.99999964,2.3784755e-08,4.053342e-07,9.478309e-10,0,,,,2.8893209e-07,Test
448,0,7.7684426,-1.8727937,-7.165053,-18.267311,0.9999347,6.49884e-05,3.269166e-07,4.9293273e-12,0,,,,0.0010051545,8.099911,-1.5429215,-8.351352,-18.883026,0.99986714,0.00013245932,3.5955927e-07,7.669812e-11,0,,,,6.48995e-05,Test
449,0,7.9775205,-6.984745,-5.6775303,-14.067254,0.99999845,3.176656e-07,1.1740493e-06,2.6673203e-10,0,,,,3.2144253e-05,8.380943,-7.3400292,-5.744695,-13.966639,0.9999941,9.631743e-07,4.9276387e-06,2.6421074e-09,0,,,,5.466495e-06,Test
450,0,6.8798394,-6.114431,-4.7285633,-12.410337,0.9999887,2.2732918e-06,9.089292e-06,4.1915817e-09,0,,,,0.00021129382,7.0932336,-6.877281,-4.314635,-13.60338,0.99994487,1.21104395e-05,4.3014767e-05,1.9275364e-08,0,,,,4.36494e-05,Test
451,0,7.0236254,-2.225983,-7.23667,-15.087731,0.9999032,9.614003e-05,6.408998e-07,2.4952712e-10,0,,,,0.0014357775,7.2752433,-1.6199373,-7.98511,-15.857959,0.9997796,0.00021704422,3.3466445e-06,1.9124777e-09,0,,,,8.832415e-05,Test
452,0,7.287879,-2.330471,-7.7177587,-15.291851,0.9999331,6.64928e-05,3.041621e-07,1.5621343e-10,0,,,,0.0010256666,6.848868,-2.7812428,-6.422048,-14.859461,0.9997988,0.00019165002,9.576925e-06,1.0777755e-08,0,,,,0.00020077234,Test
453,0,6.224467,-0.87698686,-7.1379814,-15.256914,0.99917525,0.00082322676,1.5718256e-06,4.6816256e-10,0,,,,0.009654818,5.866224,-1.1235985,-6.140946,-15.418155,0.9980607,0.0019167839,2.25976e-05,8.339127e-09,0,,,,0.00095685746,Test
454,0,7.517783,-3.647908,-6.445899,-16.14812,0.999985,1.4151266e-05,8.6227016e-07,5.27256e-11,0,,,,0.00026691484,7.785344,-4.2121334,-6.496614,-15.76472,0.9999809,1.20010745e-05,7.087355e-06,2.8450455e-09,0,,,,1.1419524e-05,Test
455,0,7.475284,-5.430126,-5.9096847,-14.646138,0.99999595,2.4845604e-06,1.5380843e-06,2.470511e-10,0,,,,8.181534e-05,7.8278084,-5.667178,-5.831382,-15.000117,0.9999765,6.2857753e-06,1.7243383e-05,4.9817106e-09,0,,,,2.3764724e-05,Test
456,0,5.598028,-2.1437612,-5.823025,-12.53154,0.99955493,0.0004341005,1.0957372e-05,1.33731985e-08,0,,,,0.005671622,5.601749,-2.287065,-5.755871,-12.519324,0.99931127,0.00066074793,2.7789061e-05,1.2313572e-07,0,,,,0.0003751587,Test
457,0,4.1204963,-2.8315337,-3.608019,-7.8741302,0.998599,0.0009553506,0.00043948033,6.1686596e-06,0,,,,0.016611302,4.0841765,-2.5875666,-3.740636,-7.700723,0.996599,0.0027109329,0.0006468844,4.316964e-05,0,,,,0.0017924746,Test
458,0,8.4741535,-8.476791,-3.4299207,-19.602745,0.9999932,4.348057e-08,6.762753e-06,6.4025787e-13,0,,,,0.00012700954,8.333445,-8.651093,-3.6661053,-17.375607,0.99998647,1.1176047e-06,1.2405045e-05,4.005696e-09,0,,,,7.268048e-06,Test
459,0,5.1339283,-2.0376654,-4.905034,-12.166059,0.99918896,0.00076747476,4.3629643e-05,3.0644912e-08,0,,,,0.009743838,4.545615,-1.9075667,-4.7635827,-11.246623,0.9974731,0.002274147,0.0002518002,8.584042e-07,0,,,,0.0012975511,Test
460,0,5.30408,-7.432409,-1.3735728,-11.133296,0.9987398,2.9380944e-06,0.0012571426,7.25756e-08,0,,,,0.013985881,5.337014,-7.2834573,-1.4417835,-11.71987,0.99658537,7.083761e-06,0.003407431,1.273275e-07,0,,,,0.0027296718,Test
461,0,6.893716,-3.0942743,-6.230677,-17.168678,0.9999521,4.594625e-05,1.9958482e-06,3.5466196e-11,0,,,,0.0007689985,6.353846,-2.7797506,-5.554286,-16.729128,0.99968874,0.00025485663,5.6388624e-05,1.4749936e-08,0,,,,0.00016626467,Test
462,0,6.0103917,-3.9546125,-4.651837,-13.0908,0.99992967,4.7013567e-05,2.3411132e-05,5.063222e-09,0,,,,0.0011377916,5.5684633,-3.8622146,-3.7222285,-13.274893,0.99923944,0.00048292932,0.0002774136,2.2395348e-07,0,,,,0.0007535013,Test
463,0,7.316881,-3.067296,-7.052616,-16.021622,0.9999685,3.0916868e-05,5.7463615e-07,7.314814e-11,0,,,,0.0005204911,7.262143,-3.1750908,-7.1151567,-15.798843,0.99988,0.000105424646,1.4577921e-05,8.110772e-09,0,,,,9.018576e-05,Test
464,0,6.847491,-2.11591,-6.5868144,-17.30401,0.99987054,0.0001279936,1.4638587e-06,3.2439957e-11,0,,,,0.0018703018,7.0947723,-2.6329842,-6.53972,-17.886408,0.9991916,0.00080505246,3.351819e-06,8.182154e-09,0,,,,0.0008050839,Test
465,0,6.705376,-1.1605519,-7.281842,-14.627361,0.99961567,0.00038344567,8.4190117e-07,5.4342936e-10,0,,,,0.004922892,6.470374,-0.7457222,-7.6035905,-13.691876,0.99849576,0.001503069,1.07556e-06,2.2234143e-08,0,,,,0.0008861262,Test
466,0,1.6331174,1.6572349,-3.6699948,-11.001967,0.49275887,0.50478745,0.0024520096,1.6043043e-06,1,,,,1.0222715,1.7659394,1.6197687,-3.3977363,-10.871143,0.5305467,0.4603332,0.009115064,4.9958217e-06,0,,,,0.07259509,Test
467,0,7.1512346,-5.2726393,-4.657607,-16.155674,0.99998856,4.0213804e-06,7.4384125e-06,7.5497684e-11,0,,,,0.00021531658,7.269957,-5.6282225,-4.593558,-16.826117,0.999967,8.3560935e-06,2.4610428e-05,3.9195416e-10,0,,,,2.2876115e-05,Test
468,0,6.071661,-4.827822,-3.2261157,-14.829885,0.99988985,1.8465751e-05,9.1617585e-05,8.3661544e-10,0,,,,0.0016781723,6.0010552,-5.0129857,-3.02602,-15.088809,0.99968976,2.804983e-05,0.00028215122,6.426332e-09,0,,,,0.00023149635,Test
469,0,3.3250136,-0.5598697,-4.0324244,-9.077914,0.97924757,0.020123757,0.0006245939,4.0213286e-06,0,,,,0.14974378,3.5347533,-0.7650474,-4.2069654,-9.346909,0.9803116,0.018973801,0.0006954813,1.902195e-05,0,,,,0.009836753,Test
470,0,3.860213,-1.3368629,-4.5815516,-8.841015,0.9942814,0.00550108,0.00021443587,3.0299539e-06,0,,,,0.052186944,4.0990477,-1.2231715,-4.7899904,-9.150097,0.9927618,0.007058046,0.00017571796,4.4038816e-06,0,,,,0.0029571136,Test
471,0,3.695095,-0.9936824,-4.7731686,-11.34784,0.99067944,0.009112194,0.00020807168,2.903149e-07,0,,,,0.07769734,3.844564,-1.204043,-4.82992,-11.845968,0.99071205,0.008774121,0.00051258533,1.1290082e-06,0,,,,0.0033764574,Test
472,0,1.986448,1.9174303,-6.140269,-9.786503,0.5171665,0.4826767,0.00015284182,3.987518e-06,0,,,,1.0012199,1.7175248,1.7067759,-5.8221235,-9.391893,0.5076676,0.49190107,0.00041899728,1.2389988e-05,0,,,,0.1222287,Test
473,0,4.026913,-1.8206269,-5.018663,-7.7598996,0.9969965,0.0028783216,0.00011755737,7.5813387e-06,0,,,,0.030284729,4.123779,-2.0493565,-4.707213,-8.285288,0.9972151,0.0024743562,0.00029606288,1.4501648e-05,0,,,,0.000925142,Test
474,0,5.7520404,-1.2691431,-5.7683144,-13.914998,0.9990982,0.00089196314,9.917027e-06,2.8729106e-09,0,,,,0.010501787,5.40805,-0.8963192,-6.2659063,-13.868553,0.99319804,0.0067719803,2.9948143e-05,1.1453359e-07,0,,,,0.005403049,Test
475,0,2.6747715,-0.2092163,-3.6160738,-7.0301533,0.94533545,0.052854978,0.0017518887,5.7648864e-05,0,,,,0.31772307,2.5286224,-0.22213316,-3.1177955,-6.94045,0.9160967,0.078883655,0.0046429876,0.0003766867,0,,,,0.036440194,Test
476,0,5.6636066,1.194542,-7.249026,-15.407041,0.98866934,0.011328201,2.438744e-06,6.985296e-10,0,,,,0.08952401,5.501522,1.5051485,-7.490915,-14.714739,0.96818143,0.031796463,2.21523e-05,4.3949566e-08,0,,,,0.022231001,Test
477,0,6.286036,0.7941536,-7.295081,-18.22072,0.9958955,0.0041031707,1.2589525e-06,2.264983e-11,0,,,,0.038468186,6.7236395,0.99697846,-7.6306725,-18.943075,0.99567187,0.0043238895,4.2685624e-06,2.0482556e-09,0,,,,0.0015809601,Test
478,0,5.944007,-0.68280596,-6.0642,-13.957518,0.9986713,0.0013226175,6.085894e-06,2.271437e-09,0,,,,0.014668537,5.836356,-0.7675117,-5.736703,-14.4878435,0.9977158,0.0022353514,4.8847258e-05,6.2082863e-09,0,,,,0.0010879114,Test
479,0,6.064047,-1.5493075,-5.230921,-15.665001,0.9994941,0.0004935629,1.24290555e-05,3.655735e-10,0,,,,0.006353967,6.238143,-1.6000035,-5.166953,-16.198694,0.99873084,0.0012150608,5.401178e-05,4.0609205e-09,0,,,,0.0010657483,Test
480,0,8.60274,-6.1035175,-5.785059,-18.217861,0.99999905,4.103486e-07,5.642321e-07,2.2488472e-12,0,,,,2.179405e-05,9.157412,-7.1402535,-5.498189,-19.42501,0.999996,1.577799e-06,2.4745436e-06,6.212145e-11,0,,,,3.9953366e-06,Test
481,0,7.9899683,-3.697765,-7.249772,-16.876654,0.9999914,8.396109e-06,2.406917e-07,1.586935e-11,0,,,,0.00015942106,7.836188,-3.5148683,-6.78562,-16.621197,0.9998639,8.036287e-05,5.5610948e-05,9.770744e-10,0,,,,0.00018338801,Test
482,0,7.7755795,-3.9387293,-6.8697777,-15.935464,0.9999913,8.175919e-06,4.3611237e-07,5.0398838e-11,0,,,,0.00015977352,7.578199,-3.9974906,-6.9239616,-14.772603,0.9999776,2.1446625e-05,8.9461525e-07,3.3016143e-08,0,,,,1.1568407e-05,Test
483,0,4.862842,1.6843336,-7.2525206,-13.561533,0.96001244,0.039982334,5.2558376e-06,9.564719e-09,0,,,,0.24231087,5.2804437,1.453152,-7.365981,-14.144038,0.9704362,0.029515808,4.7960268e-05,1.6236003e-08,0,,,,0.012308013,Test
484,0,4.630977,1.5553993,-6.5870996,-12.4858885,0.9558617,0.044125397,1.2836488e-05,3.520748e-08,0,,,,0.2611245,4.731126,1.5707086,-6.6747017,-13.148794,0.94796145,0.051988073,5.036708e-05,1.3430815e-07,0,,,,0.021103354,Test
485,0,8.708669,-3.6145093,-7.286332,-18.815584,0.99999547,4.447436e-06,1.1309865e-07,1.1126703e-12,0,,,,8.821438e-05,9.459285,-4.284786,-7.660431,-18.822515,0.99999654,2.8535544e-06,5.87203e-07,5.527647e-11,0,,,,3.305235e-06,Test
486,0,7.9553437,-6.248233,-6.38564,-14.845702,0.9999987,6.7836635e-07,5.912744e-07,1.2520764e-10,0,,,,2.7943906e-05,7.9756784,-6.1729736,-6.130061,-15.3926525,0.9999792,1.2800326e-05,8.041569e-06,3.903455e-09,0,,,,2.4705869e-05,Test
487,0,6.2721753,-0.7363546,-7.284241,-14.585112,0.99909544,0.00090331916,1.2945836e-06,8.7378094e-10,0,,,,0.010464555,6.0940523,-0.48829135,-6.8454437,-15.303067,0.99751914,0.002475845,5.111294e-06,1.903144e-09,0,,,,0.0012147882,Test
488,0,5.7256727,-0.9900643,-6.756981,-13.111122,0.99878603,0.0012102219,3.7872578e-06,6.5880363e-09,0,,,,0.013546381,6.086614,-1.5605805,-6.7498865,-13.03301,0.9990177,0.0009757968,6.5094355e-06,2.0583737e-08,0,,,,0.0005972156,Test
489,0,7.03998,0.355135,-7.7439365,-18.439054,0.9987515,0.0012481483,3.7921376e-07,8.591191e-12,0,,,,0.01384777,7.5580153,0.16257496,-8.231239,-19.851448,0.9985142,0.0014840934,1.8478333e-06,8.5830384e-11,0,,,,0.0009928107,Test
490,0,9.738187,-6.893804,-7.8193855,-18.774872,0.9999999,5.9816124e-08,2.3705196e-08,4.1393898e-13,0,,,,2.121748e-06,10.22383,-7.6361747,-8.434994,-18.323284,0.99999905,4.2660926e-07,6.0077e-07,6.801717e-11,0,,,,1.103216e-06,Test
491,0,11.693657,-9.995296,-7.92565,-22.441168,1.0,3.8072134e-10,3.0160838e-09,1.4977286e-15,0,,,,9.7282324e-08,10.918093,-9.535073,-7.5192795,-22.015202,0.9999892,1.0316547e-05,4.7390486e-07,7.3075254e-11,0,,,,1.6999717e-05,Test
492,0,6.296144,-8.053632,-1.7883767,-13.766674,0.99969125,5.859191e-07,0.0003081792,1.9350603e-09,0,,,,0.004052137,6.055616,-7.0032973,-2.0753992,-12.206105,0.9984223,1.3978893e-05,0.0015635744,1.7246127e-07,0,,,,0.0018261763,Test
493,0,6.285625,-6.678989,-3.2501855,-12.001764,0.9999254,2.3415707e-06,7.2213385e-05,1.1424971e-08,0,,,,0.0011451362,6.043913,-6.309224,-3.16087,-12.360092,0.9997678,1.7446702e-05,0.00021460284,1.7734592e-07,0,,,,0.00012784687,Test
494,0,6.950514,-0.54354554,-6.924747,-18.186253,0.999443,0.00055606983,9.414746e-07,1.2105955e-11,0,,,,0.006834688,7.3809257,-1.4100713,-7.22471,-17.642017,0.99923533,0.0007637988,9.676012e-07,4.7127513e-10,0,,,,0.00096902344,Test
495,0,5.310241,0.042350482,-6.7077017,-13.589052,0.99486595,0.005128007,6.0039697e-06,6.164609e-09,0,,,,0.04650285,5.521187,-0.08079791,-6.7298555,-14.479132,0.99425304,0.005715404,3.135761e-05,1.3782963e-07,0,,,,0.004060575,Test
496,0,5.6430516,-2.5707605,-5.2780714,-13.013981,0.9997111,0.0002708079,1.80672e-05,7.892752e-09,0,,,,0.0039107315,5.472908,-2.104509,-5.530102,-12.709472,0.9978634,0.002080495,5.5703254e-05,3.4343174e-07,0,,,,0.0024649352,Test
497,0,3.7395296,2.9363291,-6.578867,-14.071851,0.69064295,0.30933428,2.2805045e-05,1.270192e-08,0,,,,0.89277613,3.481458,2.80059,-6.487807,-13.458075,0.6510222,0.3488248,0.00015282088,2.335325e-07,0,,,,0.061150793,Test
498,0,4.5086393,0.90888464,-6.050903,-12.467557,0.97337204,0.026602669,2.5253883e-05,4.126772e-08,0,,,,0.17747942,4.672586,1.1455262,-6.6824884,-12.112086,0.9631529,0.036829107,1.7686392e-05,2.883258e-07,0,,,,0.014585506,Test
499,0,4.7529054,-0.0857138,-6.301747,-12.477611,0.9921286,0.007855655,1.5688936e-05,3.261743e-08,0,,,,0.06648956,4.9156084,-0.15974744,-6.4277077,-12.833693,0.98719436,0.012781404,2.4085837e-05,2.1626109e-07,0,,,,0.006779713,Test
500,0,5.500631,-1.1040051,-6.8467274,-14.367902,0.99864346,0.0013522388,4.3353157e-06,2.3475595e-09,0,,,,0.014920474,5.526217,-0.80475426,-6.9347467,-13.618425,0.9977223,0.0022469047,3.0688807e-05,2.2670196e-08,0,,,,0.0007140662,Test
501,0,5.496249,-6.0728283,-1.9504852,-13.600283,0.99940765,9.448354e-06,0.0005829979,5.0842237e-09,0,,,,0.0072762063,5.379828,-5.6722994,-2.2903762,-12.911929,0.9986625,9.7543874e-05,0.0012399222,9.799329e-08,0,,,,0.00071579096,Test
502,0,6.67675,-7.12104,-2.8591409,-14.518585,0.9999267,1.0178034e-06,7.2207695e-05,6.236644e-10,0,,,,0.0011192696,6.313841,-6.720731,-2.497214,-14.67995,0.99958026,1.1446296e-05,0.000408242,6.0165e-09,0,,,,0.00026809482,Test
503,0,6.580776,-3.8445158,-5.546921,-12.741202,0.99996495,2.9671395e-05,5.407455e-06,4.0602774e-09,0,,,,0.000591562,6.446499,-3.874637,-5.5286074,-12.794188,0.9998225,7.647794e-05,0.00010099968,2.7546282e-08,0,,,,0.00015221389,Test
504,0,5.119466,0.23621556,-6.6099677,-13.795291,0.9924765,0.007515392,7.992676e-06,6.0554406e-09,0,,,,0.063976616,5.4020395,0.22686696,-7.2966523,-12.973421,0.97788095,0.022086982,3.1676125e-05,3.7940794e-07,0,,,,0.025353152,Test
505,0,6.347052,-1.3206991,-6.65974,-14.247899,0.9995303,0.00046744864,2.2439744e-06,1.1363761e-09,0,,,,0.005890935,6.7955217,-0.55859065,-7.9839873,-15.314056,0.99890774,0.0010909592,1.2746386e-06,4.2276644e-09,0,,,,0.00050556695,Test
506,0,3.4498646,1.9369619,-5.4843316,-14.592015,0.81940246,0.18048951,0.00010800032,1.1967639e-08,0,,,,0.6826949,3.3411858,1.9759896,-5.0900903,-14.456444,0.7747343,0.2248156,0.0004500624,6.8606454e-08,0,,,,0.06669624,Test
507,0,5.9348507,-2.485232,-6.0939746,-12.6457205,0.9997737,0.00022034647,5.968278e-06,8.520451e-09,0,,,,0.0031070309,6.0149946,-1.8985268,-6.6556673,-12.343222,0.99900514,0.0009448884,4.9827464e-05,5.236282e-08,0,,,,0.00072799047,Test
508,0,4.5193543,-1.1294681,-5.082395,-11.009782,0.9964233,0.0035090658,6.736853e-05,1.7956658e-07,0,,,,0.03470363,4.2871604,-1.0586191,-4.9382544,-10.240482,0.9934087,0.006381303,0.00020537034,4.6611817e-06,0,,,,0.0029093057,Test
509,0,3.7987607,1.5084049,-5.2341356,-14.999984,0.9079766,0.091914885,0.000108427084,6.221338e-09,0,,,,0.444399,3.7670143,1.5715742,-5.3093214,-14.9122925,0.87928516,0.120133184,0.0005815533,8.288383e-08,0,,,,0.03754863,Test
510,0,5.3086834,-0.89447707,-5.7780447,-12.620704,0.99796593,0.0020189122,1.528308e-05,1.6311061e-08,0,,,,0.02125036,5.422168,-1.1403409,-5.687486,-12.872195,0.9979116,0.0020665945,2.176793e-05,4.8156444e-08,0,,,,0.0010030402,Test
511,0,4.856847,0.75479066,-5.299053,-15.332723,0.9836928,0.016268939,3.821274e-05,1.6774164e-09,0,,,,0.120559916,4.8835316,0.5639596,-5.4313173,-14.327711,0.9840456,0.015667727,0.0002865832,1.5707232e-07,0,,,,0.0045332187,Test
512,0,5.3254304,1.2054533,-6.0380845,-17.478167,0.9840036,0.015985029,1.1425754e-05,1.2289113e-10,0,,,,0.11846475,5.8432283,0.88742906,-6.116412,-19.17049,0.98958075,0.010397254,2.1986314e-05,2.9996552e-09,0,,,,0.0063104425,Test
513,0,4.528483,1.6959178,-5.787336,-15.98385,0.9443808,0.05558784,3.126396e-05,1.1661494e-09,0,,,,0.31018585,5.027766,2.3791559,-7.2512016,-17.646154,0.9192258,0.08076593,8.241163e-06,1.7536642e-08,0,,,,0.02872061,Test
514,0,5.178927,1.139426,-5.897372,-15.893056,0.9826834,0.017301373,1.5206813e-05,6.9337397e-10,0,,,,0.1262728,5.0051317,1.1807383,-5.25077,-15.625433,0.96917516,0.030703967,0.00012050457,2.526258e-07,0,,,,0.010803729,Test
515,0,5.401794,-2.7954693,-5.1497006,-10.828648,0.9996985,0.00027532308,2.6146476e-05,8.9346514e-08,0,,,,0.004091303,5.172393,-2.6662824,-5.380823,-10.894135,0.9991237,0.0008118724,6.3930245e-05,5.724975e-07,0,,,,0.0006195444,Test
516,0,2.9091425,1.3270936,-4.312809,-10.413546,0.82899106,0.17040202,0.0006054749,1.3570003e-06,0,,,,0.66583407,3.1107419,1.4139974,-4.522189,-10.754158,0.835086,0.16372783,0.0011745099,1.1706425e-05,0,,,,0.029804789,Test
517,0,2.840205,1.4409723,-4.3919272,-10.373636,0.8015961,0.19782291,0.00057953625,1.4630433e-06,0,,,,0.72446567,3.0581417,1.5203395,-4.730969,-10.929205,0.80949223,0.18974291,0.0007633407,1.5211425e-06,0,,,,0.03911337,Test
518,0,7.5744452,-10.224093,-3.0302541,-13.558837,0.9999752,1.862869e-08,2.4798586e-05,6.6362327e-10,0,,,,0.0004156736,7.7347574,-11.127949,-3.129639,-13.721779,0.9999299,2.5237048e-07,6.9817834e-05,3.2314283e-08,0,,,,6.7602254e-05,Test
519,0,2.1490264,-2.8575132,-1.3275384,-4.8840356,0.96293676,0.0064459266,0.029767668,0.0008495281,0,,,,0.25896847,2.140903,-2.7000291,-1.6264671,-4.451306,0.960248,0.010647094,0.024203327,0.004901611,0,,,,0.012656095,Test
520,0,7.781378,-10.317288,-2.9680429,-13.64937,0.99997854,1.379874e-08,2.1457387e-05,4.92873e-10,0,,,,0.0003640968,8.1055155,-10.707473,-3.2170243,-14.16907,0.9998846,7.0926966e-08,0.00011521099,8.813033e-08,0,,,,0.00013653324,Test
521,0,7.5351796,-6.767283,-5.3853016,-13.325255,0.9999969,6.144946e-07,2.4474014e-06,8.7181956e-10,0,,,,6.2711675e-05,7.570871,-6.953006,-5.777494,-13.103076,0.99998987,1.163944e-06,9.019607e-06,1.7952908e-08,0,,,,7.6102788e-06,Test
522,0,7.2899904,-8.963987,-4.156035,-10.406261,0.99998915,8.729352e-08,1.0691765e-05,2.0635317e-08,0,,,,0.00019460681,7.269164,-8.312639,-4.5800242,-10.128552,0.999966,5.0727283e-07,3.2936416e-05,5.4427045e-07,0,,,,4.100093e-05,Test
523,0,5.457014,-4.5950284,-3.499546,-11.348712,0.999828,4.309024e-05,0.00012886667,5.0268003e-08,0,,,,0.0025394687,5.31128,-4.4289465,-3.4949806,-11.046827,0.9994911,0.00012116363,0.0003862739,1.3697361e-06,0,,,,0.0002830492,Test
524,0,5.5738506,-5.8509917,-3.9400644,-9.394786,0.9999149,1.0919854e-05,7.3811185e-05,3.1562166e-07,0,,,,0.0013225406,5.364754,-5.8599443,-3.457744,-9.605601,0.99968183,9.1192065e-05,0.00022544134,1.4069959e-06,0,,,,0.00020963559,Test
525,0,6.5546207,-8.205517,-4.205325,-8.900672,0.9999782,3.888161e-07,2.1232709e-05,1.9401807e-07,0,,,,0.00037368096,6.5810876,-8.174322,-4.271959,-9.934127,0.9999465,5.0532067e-06,4.7649974e-05,8.2200205e-07,0,,,,3.3710614e-05,Test
526,0,6.828235,-6.96507,-3.5844703,-13.942429,0.9999689,1.0224227e-06,3.0047337e-05,9.536777e-10,0,,,,0.0005165584,7.1249266,-7.4750724,-3.6748357,-14.199776,0.9998418,2.9006546e-06,0.00015534052,9.568845e-09,0,,,,0.00020313449,Test
527,0,8.049697,-11.013085,-3.165286,-13.291574,0.9999865,5.2617835e-09,1.3470661e-05,5.3901167e-10,0,,,,0.00023754807,7.5026383,-10.407942,-2.951845,-12.812947,0.99991494,5.0313605e-07,8.445049e-05,1.3186633e-08,0,,,,6.258292e-05,Test
528,0,4.711019,-3.3758962,-4.117167,-9.003516,0.99954504,0.0003073971,0.00014647715,1.1057466e-06,0,,,,0.0061303745,4.6630187,-3.429727,-3.830871,-9.404757,0.9991332,0.00054110255,0.000314198,1.14280365e-05,0,,,,0.0003732967,Test
529,0,4.782004,-4.6346936,-3.2675042,-9.620426,0.99959904,8.132163e-05,0.00031913092,5.5581484e-07,0,,,,0.00540098,4.952592,-4.8622065,-3.2584312,-10.021506,0.99926883,0.00023747655,0.0004928637,9.202155e-07,0,,,,0.0005342971,Test
530,0,4.061041,-5.9662275,-0.6403647,-10.237722,0.9909552,4.3779084e-05,0.009000353,6.1119533e-07,0,,,,0.0748007,4.058828,-6.467307,-0.33584377,-10.482576,0.984803,0.00010923941,0.015084984,2.7628962e-06,0,,,,0.004444957,Test
531,0,7.1516376,-9.282206,-3.4105995,-11.059964,0.999974,7.2922425e-08,2.5874237e-05,1.2325109e-08,0,,,,0.0004337333,7.4984818,-9.372122,-3.6468067,-11.49116,0.99993086,1.4288689e-07,6.9016285e-05,2.6534746e-08,0,,,,8.979846e-05,Test
532,0,8.313216,-11.190473,-3.7795024,-11.897471,0.9999944,3.3857364e-09,5.600113e-06,1.6695809e-09,0,,,,0.00010592731,8.483606,-11.354666,-4.1303244,-12.387559,0.99999034,5.415938e-08,9.53863e-06,7.815671e-08,0,,,,4.9400596e-06,Test
533,0,6.887249,-4.0905876,-6.242333,-13.022194,0.9999809,1.7075674e-05,1.985578e-06,2.256475e-09,0,,,,0.00033554604,6.981013,-3.7838578,-6.9131827,-12.473655,0.9998786,0.000113893926,7.4330405e-06,3.4151867e-08,0,,,,0.00013099685,Test
534,0,2.4573655,0.59937876,-5.3765006,-7.269933,0.86472124,0.13488473,0.0003425085,5.156606e-05,0,,,,0.5758472,2.7051716,0.31483456,-5.0354314,-8.113848,0.90536153,0.0940279,0.00057022943,4.0392963e-05,0,,,,0.024469778,Test
535,0,5.921901,-8.174312,-1.9329648,-11.708485,0.99961156,7.549601e-07,0.00038770935,2.203189e-08,0,,,,0.0049700183,5.7331595,-7.747428,-1.8380401,-10.820165,0.9986693,6.2080144e-06,0.0013235149,9.1686763e-07,0,,,,0.0008828514,Test
536,0,3.8161623,-6.878389,0.4330374,-11.284925,0.9671515,2.1923497e-05,0.032826312,2.674087e-07,0,,,,0.20874949,3.6816902,-6.4542837,0.10346408,-10.567472,0.9664596,6.515478e-05,0.033473216,2.1060716e-06,0,,,,0.012216328,Test
537,0,2.3791502,-7.1230793,2.399427,-10.698694,0.49491218,3.6962563e-05,0.5050498,1.0348854e-06,2,,,,1.0005075,2.3072028,-7.1701226,2.3598328,-10.412961,0.48816743,0.00013843551,0.51169044,3.7169677e-06,2,,,,0.06143512,Test
538,0,2.4120383,-5.2344613,0.75893176,-8.001531,0.838953,0.0004007791,0.16062109,2.518734e-05,0,,,,0.6412077,2.2837515,-5.015408,0.83758813,-7.347377,0.79879344,0.00086291134,0.20020354,0.00014008253,0,,,,0.039001912,Test
539,0,6.3580556,-5.6071143,-3.9645343,-13.746452,0.9999608,6.3617367e-06,3.2880558e-05,1.8565486e-09,0,,,,0.00065612287,6.24187,-5.6735406,-3.4815204,-13.305636,0.9998045,1.1266116e-05,0.00018411138,1.7286636e-08,0,,,,0.00013754441,Test
540,0,5.0436144,-1.5634238,-5.6228228,-10.64148,0.99862754,0.0013489734,2.3282453e-05,1.5397613e-07,0,,,,0.015201494,4.8574514,-1.6582896,-5.297765,-10.570554,0.9962454,0.0035779506,0.00017351366,3.231915e-06,0,,,,0.003874445,Test
541,0,2.3719099,-4.1101027,-1.4027197,-4.918652,0.975459,0.0014931611,0.022382481,0.00066520926,0,,,,0.17869367,2.4777417,-4.369197,-1.3798748,-4.9584165,0.9624163,0.0016846986,0.034213223,0.0016858315,0,,,,0.027043805,Test
542,0,1.7330794,-10.333862,3.83425,-11.399366,0.10898302,6.262573e-07,0.8910162,2.1577955e-07,2,,,,0.49685946,1.7674834,-10.425493,3.559272,-10.4919,0.18956368,1.3902008e-05,0.8103989,2.3494347e-05,2,,,,0.08347405,Test
543,0,1.8511566,-6.115567,1.5278221,-8.25152,0.5800062,0.00020115386,0.4197689,2.3762712e-05,0,,,,0.98432904,1.7733281,-5.811467,1.5864565,-8.709672,0.54552585,0.000623773,0.45381743,3.2968535e-05,0,,,,0.041840263,Test
544,0,0.6320575,-11.706421,4.680339,-11.115494,0.017152982,7.512873e-08,0.9828468,1.356572e-07,2,,,,0.12514728,0.5423971,-10.821535,4.6002846,-10.942862,0.02534166,1.5745658e-06,0.97465086,5.935504e-06,2,,,,0.011196619,Test
545,0,1.261705,-7.211646,2.3806007,-8.372695,0.24619955,5.14467e-05,0.7537329,1.6110922e-05,2,,,,0.8062582,1.2035103,-7.986739,2.7479324,-8.595934,0.19253239,6.6358036e-05,0.80737287,2.8378456e-05,2,,,,0.04463493,Test
546,0,2.363178,-9.357278,2.1580985,-11.5827675,0.5510882,4.4780786e-06,0.44890684,4.836975e-07,0,,,,0.99254715,2.3072906,-9.206204,1.9930267,-11.265821,0.57237804,2.5500214e-05,0.42759466,1.7842549e-06,0,,,,0.09063191,Test
547,0,0.90013605,-9.388758,3.4169571,-7.5636415,0.07468597,2.5399747e-06,0.9252957,1.5756772e-05,2,,,,0.3834952,1.0215704,-7.847936,2.7955317,-6.529567,0.15479311,7.6436554e-05,0.8449682,0.00016224428,2,,,,0.025909744,Test
548,0,7.361157,-6.3793616,-4.7752185,-14.249396,0.99999356,1.0778685e-06,5.360883e-06,4.1176834e-10,0,,,,0.0001245311,7.7085886,-6.3565016,-4.795123,-16.342438,0.9999585,1.5052549e-05,2.6414371e-05,5.057251e-09,0,,,,4.2909272e-05,Test
549,0,9.046996,-9.922037,-3.1487925,-21.496576,0.999995,5.778988e-09,5.051661e-06,5.4336703e-14,0,,,,9.6264426e-05,8.258046,-10.258012,-2.6778011,-20.618757,0.9999259,1.05207015e-07,7.394289e-05,8.222491e-11,0,,,,6.026947e-05,Test
550,0,3.785865,-6.569305,-0.7268269,-7.4248376,0.98910576,3.1481068e-05,0.010849395,1.3381239e-05,0,,,,0.08712435,3.797345,-6.5967216,-0.6191456,-7.731717,0.9838805,4.9562932e-05,0.016051836,1.810395e-05,0,,,,0.006587361,Test
551,0,6.632471,-7.607785,-3.3356497,-12.560021,0.99995255,6.53905e-07,4.6868347e-05,4.621526e-09,0,,,,0.0007561964,7.0620666,-8.087034,-2.920454,-14.902239,0.9997593,1.1074128e-06,0.00023956652,2.532436e-09,0,,,,0.00028654063,Test
552,0,5.583703,-6.2826257,-4.5681896,-9.832432,0.99995375,7.0226115e-06,3.900039e-05,2.0176118e-07,0,,,,0.00076255883,5.561922,-5.610615,-5.2029514,-10.020009,0.99983597,6.21531e-05,0.00010027304,1.5424645e-06,0,,,,0.00014903839,Test
553,0,6.878654,-7.7368464,-3.4716055,-12.471248,0.9999676,4.4931892e-07,3.1983443e-05,3.948486e-09,0,,,,0.0005339498,7.211815,-8.019541,-3.770958,-12.470022,0.9999444,1.2604859e-06,5.426848e-05,1.0537336e-08,0,,,,5.928079e-05,Test
554,0,6.2967777,-5.3419566,-4.2240725,-12.974297,0.99996424,8.817514e-06,2.696729e-05,4.272315e-09,0,,,,0.0006090904,6.389292,-5.117509,-4.684954,-12.840929,0.99988395,7.5002594e-05,4.0945888e-05,3.6159356e-08,0,,,,0.000111245085,Test
555,0,6.450228,-6.5639386,-4.3400493,-10.953935,0.9999771,2.2284826e-06,2.0598334e-05,2.7634904e-08,0,,,,0.00039612572,6.9276605,-7.1607995,-4.068749,-11.850176,0.99995583,2.5310449e-06,4.1582967e-05,5.2310593e-08,0,,,,2.8697821e-05,Test
556,0,5.2345333,-5.3900294,-2.263267,-13.673829,0.9994217,2.429739e-05,0.00055398175,6.1369265e-09,0,,,,0.007199569,5.3870993,-5.9751225,-2.3256276,-12.903822,0.99935675,2.9643485e-05,0.0006132169,4.931325e-07,0,,,,0.00026274592,Test
557,0,5.5031357,-5.1027,-3.8251867,-10.27343,0.99988616,2.4768206e-05,8.886108e-05,1.4069388e-07,0,,,,0.0017422329,5.6442423,-4.9539576,-4.033293,-11.052748,0.9992515,7.39784e-05,0.000674287,3.4159774e-07,0,,,,0.0010396988,Test
558,0,7.2363987,-5.5230656,-5.5496545,-13.359103,0.9999944,2.8749655e-06,2.799532e-06,1.1362795e-09,0,,,,0.00011268059,7.424703,-5.5500574,-5.55547,-13.996524,0.9999863,4.738735e-06,8.984297e-06,4.5981015e-09,0,,,,8.447443e-06,Test
559,0,6.828834,-6.4471784,-3.6625166,-14.463864,0.99997056,1.7150954e-06,2.777485e-05,5.6583005e-10,0,,,,0.0004957424,6.580771,-6.5362425,-3.4713244,-14.098734,0.9991617,1.0609793e-05,0.0008275149,1.200348e-08,0,,,,0.0011615751,Test
560,0,6.216633,-5.7060704,-4.730711,-11.7532835,0.9999757,6.6378193e-06,1.7604287e-05,1.5694718e-08,0,,,,0.00042753227,5.8528852,-5.3953176,-4.45781,-11.068201,0.99987507,3.129859e-05,9.326213e-05,2.7890422e-07,0,,,,8.213565e-05,Test
561,0,5.235958,-6.2446527,-3.0168917,-8.688063,0.99972826,1.0325617e-05,0.00026044436,8.9692594e-07,0,,,,0.0036819833,5.682456,-6.828424,-3.2069135,-9.175908,0.99884146,3.1488573e-05,0.0011249001,2.101913e-06,0,,,,0.0013145508,Test
562,0,7.0970855,-5.2278833,-5.2060513,-14.634796,0.99999106,4.4394624e-06,4.5374486e-06,3.6472006e-10,0,,,,0.00017238726,7.035286,-4.4795446,-5.13204,-15.075839,0.999877,9.9273035e-05,2.3757415e-05,5.630102e-08,0,,,,0.00014532165,Test
563,0,5.811622,-5.9817443,-3.0890584,-11.329343,0.99985623,7.5534194e-06,0.00013627653,3.595102e-08,0,,,,0.002086925,5.9195395,-5.839199,-3.273003,-11.966833,0.9997381,3.0546533e-05,0.00023087385,4.757258e-07,0,,,,0.00017196118,Test
564,0,8.251452,-3.5185375,-6.855709,-18.654926,0.999992,7.7331215e-06,2.748145e-07,2.0639744e-12,0,,,,0.00014882488,8.222931,-4.0442667,-6.3756742,-18.995668,0.99999,8.368711e-06,1.662463e-06,6.7658123e-12,0,,,,4.7578264e-06,Test
565,0,1.5084788,-5.2861233,1.385412,-5.1944513,0.5300676,0.00059357163,0.46868825,0.00065055763,0,,,,1.0110757,1.462198,-5.1468773,1.3291912,-4.844382,0.53040856,0.0008605636,0.466389,0.0023419007,0,,,,0.041198466,Test
566,0,4.809552,-4.756202,-1.9434409,-12.141446,0.99876404,7.0001726e-05,0.0011659374,4.3424805e-08,0,,,,0.0141104935,4.901391,-4.8259344,-2.024938,-12.467954,0.9969603,0.000121858866,0.0029176716,2.3743424e-07,0,,,,0.0018623092,Test
567,0,2.3685706,-5.637306,0.97251046,-8.689988,0.8013336,0.00026724237,0.19838652,1.2622415e-05,0,,,,0.72238123,2.50568,-5.4258785,0.9232577,-9.157046,0.82085216,0.00040952483,0.17872539,1.2946085e-05,0,,,,0.031102695,Test
568,0,5.551656,-8.04166,-1.56453,-11.140271,0.99918765,1.2477998e-06,0.000811198,5.629052e-08,0,,,,0.009526602,5.4552226,-8.745699,-1.2820427,-11.4482565,0.99751294,8.798115e-06,0.0024772508,1.0379581e-06,0,,,,0.0013963652,Test
569,0,7.125753,-5.7888465,-5.546183,-12.313451,0.9999944,2.4618314e-06,3.1379475e-06,3.6112608e-09,0,,,,0.00011142005,6.972712,-5.22434,-5.06339,-12.478218,0.9999685,1.4218657e-05,1.7301221e-05,3.6557843e-08,0,,,,1.768149e-05,Test
570,0,5.616781,-5.7124057,-3.215552,-10.792822,0.9998419,1.201511e-05,0.00014591422,7.470183e-08,0,,,,0.0022854237,5.501579,-5.7514076,-3.0128808,-10.629755,0.99910945,1.9619547e-05,0.0008705923,3.005572e-07,0,,,,0.00080907624,Test
571,0,2.8637161,-4.042152,-0.96833104,-7.123379,0.97779137,0.0009796384,0.021184063,4.4968252e-05,0,,,,0.15992527,2.830133,-3.743861,-1.1697843,-6.7891264,0.97183293,0.002428125,0.025564987,0.00017395029,0,,,,0.01307467,Test
572,0,-0.77238697,-6.3220663,2.2858217,-2.9489858,0.044629507,0.00017355091,0.9501348,0.005062176,2,,,,0.31109014,-0.8152175,-6.1434164,2.1531549,-2.4803853,0.052627873,0.0009683141,0.92943954,0.016964355,2,,,,0.024377786,Test
573,0,5.8914876,-5.740018,-3.8140132,-11.421273,0.99993014,8.881183e-06,6.0943068e-05,3.0278404e-08,0,,,,0.0011039037,5.859329,-6.270896,-3.8441436,-10.944116,0.9996457,3.277756e-05,0.00031980078,1.6643664e-06,0,,,,0.0002909515,Test
574,0,4.145689,-5.600594,-1.0931082,-9.825911,0.99466264,5.8199475e-05,0.0052783126,8.5091705e-07,0,,,,0.04844963,4.299283,-5.9176874,-0.80995667,-11.062902,0.9925421,5.457094e-05,0.0074024373,9.764337e-07,0,,,,0.0024691464,Test
575,0,3.8115494,0.058099482,-5.796178,-10.914257,0.9770354,0.022898536,6.566402e-05,3.9316416e-07,0,,,,0.15843326,4.060082,0.243893,-5.967555,-11.541079,0.96980363,0.030107204,8.831677e-05,8.6477723e-07,0,,,,0.010382281,Test
576,0,4.980878,-5.18078,-1.809745,-13.118327,0.9988385,3.8578342e-05,0.0011229627,1.3775596e-08,0,,,,0.013244051,4.940012,-4.9514885,-2.0047991,-12.951574,0.9976429,0.00020303679,0.002145669,8.316236e-06,0,,,,0.0017605689,Test
577,0,3.251223,-3.1661658,-1.4131432,-10.0034895,0.9890611,0.0016150521,0.009322118,1.7329036e-06,0,,,,0.093585186,3.3991387,-3.476752,-1.3251891,-10.657745,0.98839724,0.0016153806,0.009981039,6.4710302e-06,0,,,,0.0032330973,Test
578,0,4.062878,-2.13758,-3.3963797,-10.537205,0.9974017,0.0020232308,0.0005745866,4.551294e-07,0,,,,0.028044924,4.518424,-2.3616872,-3.7006218,-11.249794,0.9977468,0.0017269368,0.00052546593,7.148341e-07,0,,,,0.001192591,Test
579,0,4.399253,-4.4452033,-1.9969012,-13.437914,0.9981912,0.00014391809,0.0016649431,1.7890851e-08,0,,,,0.01981254,4.58541,-4.4292355,-2.1989124,-13.647647,0.9954012,0.00030425334,0.0042942977,2.6956027e-07,0,,,,0.0037461466,Test
580,0,5.19868,-3.5581245,-3.4872456,-13.647371,0.99967384,0.0001573354,0.0001688919,6.533151e-09,0,,,,0.0045750597,5.6503687,-3.4259274,-3.6429257,-14.178246,0.99918556,0.00028577767,0.00052843837,1.2890295e-07,0,,,,0.0006280152,Test
581,0,1.8012874,-7.8823366,2.969061,-10.448233,0.23725392,1.4779812e-05,0.76273024,1.1358328e-06,2,,,,0.79072005,1.8413658,-8.085184,3.0028555,-10.450959,0.2470818,3.1243115e-05,0.75287133,1.5619431e-05,2,,,,0.051472176,Test
582,0,8.4842415,-9.568162,-3.5355341,-17.373705,0.9999939,1.4452353e-08,6.023865e-06,5.8888966e-12,0,,,,0.00011352083,7.890783,-8.069164,-3.3550897,-16.244144,0.9999732,5.934156e-07,2.6126596e-05,3.8911856e-09,0,,,,9.857949e-06,Test
583,0,4.4946566,-7.4313655,-0.050060764,-11.068638,0.9894819,6.5463996e-06,0.01051144,1.7232766e-07,0,,,,0.084291145,4.092782,-6.930865,0.0072535574,-10.296688,0.9735302,3.6939426e-05,0.026427317,5.4775105e-06,0,,,,0.013098473,Test
584,0,5.957025,-7.5979295,-3.0535228,-9.775877,0.9998765,1.2974912e-06,0.00012209988,1.4697167e-07,0,,,,0.0017941283,5.365622,-6.339924,-3.0560603,-9.959561,0.9995543,3.0075971e-05,0.0004142832,1.5243928e-06,0,,,,0.00024778818,Test
585,0,5.9801583,-9.325671,-0.7834185,-12.91131,0.99884593,2.2504065e-07,0.001153757,6.237897e-09,0,,,,0.012929086,6.304143,-9.301634,-1.4016807,-12.788622,0.99905205,5.844913e-07,0.0009459287,1.4233844e-06,0,,,,0.00048580515,Test
586,0,6.2309136,-6.5793443,-3.8062832,-12.033352,0.9999535,2.7324704e-06,4.3740172e-05,1.16925785e-08,0,,,,0.00075126707,6.261412,-6.184403,-3.9360518,-11.515952,0.9999239,1.3821025e-05,6.131578e-05,1.0275719e-06,0,,,,3.7880516e-05,Test
587,0,7.148806,-7.9948316,-4.7480545,-12.588552,0.99999297,2.649712e-07,6.8117115e-06,2.6802247e-09,0,,,,0.00013292543,7.3723154,-7.365495,-5.663492,-11.854357,0.999956,1.5761303e-06,4.240454e-05,2.614053e-08,0,,,,6.256686e-05,Test
588,0,7.500539,-10.033669,-2.856418,-13.108901,0.9999682,2.4264775e-08,3.1769992e-05,1.1205215e-09,0,,,,0.0005211862,7.8228173,-10.219251,-2.9923592,-13.878792,0.9999016,8.390624e-08,9.8323144e-05,2.5210932e-08,0,,,,9.66065e-05,Test
589,0,7.370504,-7.100032,-4.67653,-13.249941,0.9999937,5.1942595e-07,5.8618834e-06,1.1082856e-09,0,,,,0.00012204456,7.688283,-7.302844,-4.5502295,-14.915143,0.9999811,1.4594835e-06,1.746981e-05,7.59736e-10,0,,,,1.1937427e-05,Test
590,0,10.118321,-9.267357,-6.3630323,-18.291664,0.9999999,3.8098444e-09,6.954068e-08,4.5888136e-13,0,,,,1.846071e-06,9.108858,-8.991704,-5.892501,-16.06904,0.9999887,6.276004e-08,1.1273392e-05,4.564899e-10,0,,,,1.6492297e-05,Test
591,0,8.372466,-7.9993024,-5.5213566,-14.38763,0.9999989,7.7594436e-08,9.246748e-07,1.304412e-10,0,,,,2.1833566e-05,8.16172,-8.477522,-5.413674,-14.012072,0.9999858,5.312357e-06,8.927089e-06,2.8032684e-08,0,,,,1.3720738e-05,Test
592,0,2.5292428,-7.557414,2.0022678,-9.321613,0.628758,2.6176058e-05,0.37121135,4.4845847e-06,0,,,,0.9520995,2.6608639,-7.7226624,2.027972,-9.764645,0.64058495,7.63366e-05,0.35933107,7.6117603e-06,0,,,,0.07918268,Test
593,0,4.63319,-5.813816,-1.6742524,-10.794754,0.99815136,2.8981392e-05,0.001819319,1.9903314e-07,0,,,,0.019665755,4.287482,-5.5505505,-1.2572181,-10.695856,0.99330395,0.00010082446,0.0065939957,1.2296501e-06,0,,,,0.0028136973,Test
594,0,-0.06042996,-9.192051,3.3994985,-6.359257,0.03047234,3.2968062e-06,0.96946836,5.6022163e-05,2,,,,0.19768928,-0.20723538,-8.889985,3.4120643,-6.249589,0.033140127,3.7818027e-05,0.9665473,0.0002748443,2,,,,0.013247163,Test
595,0,-0.13737278,-9.720646,3.722846,-6.60839,0.02062819,1.4206871e-06,0.97933847,3.1925236e-05,2,,,,0.14550476,-0.09594144,-10.086059,3.6868172,-6.0125647,0.033400357,3.3227982e-06,0.9661279,0.0004683854,2,,,,0.016943293,Test
596,0,2.4463298,-6.390886,0.82929534,-7.084281,0.8342341,0.00012115296,0.16558416,6.0561433e-05,0,,,,0.6501424,2.4289584,-6.689617,0.723436,-6.797391,0.84092444,0.000175051,0.15866905,0.00023144716,0,,,,0.023491345,Test
597,0,2.9734633,-7.6029177,1.6699462,-10.5455,0.78640974,2.0062502e-05,0.21356918,1.0578838e-06,0,,,,0.7486071,3.0643868,-7.5134964,1.7471533,-10.825619,0.7791959,8.807925e-05,0.22071257,3.4172594e-06,0,,,,0.043561213,Test
598,0,3.906299,-7.6468644,0.6832652,-10.310303,0.9616824,9.237543e-06,0.038307678,6.439316e-07,0,,,,0.23465985,3.8729916,-7.844718,0.82125455,-10.249262,0.9470636,2.553911e-05,0.05290558,5.192029e-06,0,,,,0.017213082,Test
599,0,7.2695217,-8.998911,-3.5557258,-12.986701,0.99998,8.6040075e-08,1.989051e-05,1.5952397e-09,0,,,,0.0003415141,7.4585104,-9.460959,-3.6027203,-13.0936,0.99989,1.0109289e-06,0.00010896473,1.4189084e-08,0,,,,0.00012820533,Test
600,0,7.16367,-7.242114,-4.832123,-10.883346,0.9999932,5.5417166e-07,6.1700775e-06,1.4530398e-08,0,,,,0.00012839385,7.202302,-7.137861,-5.2408915,-10.189438,0.9999277,5.836734e-06,6.633962e-05,1.3670679e-07,0,,,,9.128563e-05,Test
601,0,6.0027914,-6.330444,-3.0363836,-12.901897,0.999877,4.4024127e-06,0.0001186541,6.162318e-09,0,,,,0.0018033389,5.6915035,-5.6645265,-2.740539,-13.050624,0.9994503,3.779431e-05,0.00051179033,6.141041e-08,0,,,,0.00032793096,Test
602,0,4.468444,-6.6594596,-2.098592,-7.565334,0.99857545,1.4675538e-05,0.0014039562,5.9316817e-06,0,,,,0.015696645,4.40751,-6.5601335,-2.3363242,-7.267114,0.9984454,4.451784e-05,0.0014960069,1.404074e-05,0,,,,0.0005025956,Test
603,0,4.812315,-4.51523,-2.411004,-11.902148,0.9991824,8.8867586e-05,0.0007287812,5.5035898e-08,0,,,,0.00997189,5.0533957,-4.3938675,-2.258828,-12.702837,0.9989253,0.00017545804,0.000897423,1.7850956e-06,0,,,,0.00044541815,Test
604,0,6.737933,-3.3979857,-5.394823,-16.649637,0.99995506,3.9628438e-05,5.380113e-06,6.9644714e-11,0,,,,0.00073867413,6.8458643,-3.2326083,-5.0604773,-17.654675,0.9997673,0.00020431801,2.8398057e-05,1.4068389e-09,0,,,,0.00017391975,Test
605,0,4.38509,-5.031116,-2.2608824,-8.86732,0.99861944,8.128185e-05,0.0012974509,1.7536847e-06,0,,,,0.0155708445,4.4231367,-4.8805814,-2.6256273,-8.104177,0.99807394,0.00021254194,0.0016939385,1.9640695e-05,0,,,,0.0014579253,Test
606,0,4.7875414,-2.5755506,-5.2947416,-8.831184,0.99932325,0.0006338052,4.1785548e-05,1.2166581e-06,0,,,,0.008341099,5.200988,-2.9442053,-5.19805,-9.676465,0.9994915,0.0004518222,5.498227e-05,1.7056294e-06,0,,,,0.00023806644,Test
607,0,7.581899,-8.692049,-3.2064447,-15.097984,0.99997926,8.5566725e-08,2.0638256e-05,1.4133267e-10,0,,,,0.0003530727,7.3298516,-8.727908,-3.1889157,-14.151014,0.9998554,5.555165e-07,0.00014397287,8.814917e-08,0,,,,0.00013005995,Test
608,0,3.967085,0.8380457,-6.0712695,-10.397089,0.9580341,0.0419234,4.185804e-05,5.5347687e-07,0,,,,0.2517213,3.9755204,0.64274615,-5.750555,-11.207884,0.9542244,0.045669,0.00010550534,1.0897653e-06,0,,,,0.019198796,Test
609,0,9.391612,-9.468339,-4.740111,-17.934683,0.9999993,6.4450614e-09,7.289038e-07,1.356254e-12,0,,,,1.6068034e-05,9.1045685,-9.425182,-5.053709,-16.967636,0.9999951,1.7184573e-07,4.6524287e-06,1.7498062e-09,0,,,,5.136892e-06,Test
610,0,7.038877,-6.021253,-5.776048,-10.416331,0.9999951,2.1284106e-06,2.7198603e-06,2.6260164e-08,0,,,,9.8100514e-05,6.5814004,-5.534171,-5.742033,-9.452619,0.99995834,1.8882372e-05,2.1402955e-05,1.4633245e-06,0,,,,2.7058713e-05,Test
611,0,2.1412666,-6.1715393,1.0114468,-7.926046,0.7556413,0.00018540004,0.24414128,3.2072847e-05,0,,,,0.80486256,2.098632,-5.5711265,0.9186713,-8.429804,0.7529846,0.00049045694,0.24648066,4.425148e-05,0,,,,0.04903354,Test
612,0,4.9344597,-4.3892775,-3.694262,-9.522541,0.99973136,8.9255656e-05,0.0001788452,5.2636585e-07,0,,,,0.0038255737,4.8503075,-4.8796163,-3.0506544,-9.863255,0.99915445,0.00012039782,0.00072318193,1.9900167e-06,0,,,,0.00047498144,Test
613,0,7.1112804,-7.6160765,-2.5070364,-17.502672,0.9999331,4.0175485e-07,6.649502e-05,2.0429942e-11,0,,,,0.001027727,7.03067,-7.7531652,-2.2391963,-17.409723,0.99985254,1.899841e-06,0.00014548688,3.15955e-10,0,,,,6.7326946e-05,Test
614,0,6.5760827,-7.5781827,-4.0039496,-10.934607,0.9999739,7.1263855e-07,2.5417861e-05,2.4842377e-08,0,,,,0.0004408167,6.8428254,-8.02036,-3.6379018,-12.647002,0.99982816,1.8409113e-06,0.00017003788,2.7926216e-08,0,,,,0.00013206335,Test
615,0,7.2491217,-8.431468,-4.333078,-10.711673,0.9999906,1.548825e-07,9.330625e-06,1.583879e-08,0,,,,0.00017358371,7.6228294,-8.600948,-4.5844855,-10.2840395,0.9999809,2.9501842e-07,1.862938e-05,1.4700105e-07,0,,,,1.6669159e-05,Test
616,0,7.8731217,-8.870027,-3.6245177,-15.229973,0.99998987,5.3522754e-08,1.015393e-05,9.256554e-11,0,,,,0.00018451572,8.53076,-9.776102,-4.08411,-15.738266,0.99994814,3.4395402e-08,5.1874882e-05,1.2699078e-10,0,,,,7.3311014e-05,Test
617,0,3.9774227,-2.1405861,-3.69468,-8.497448,0.9973348,0.0021969671,0.00046439658,3.8113028e-06,0,,,,0.028450275,3.8063405,-1.9995064,-3.8013358,-7.792835,0.99185145,0.0067409473,0.0012818255,0.00012581832,0,,,,0.005688774,Test
618,0,7.3880286,-5.507935,-6.5126805,-13.273679,0.99999654,2.508145e-06,9.183267e-07,1.0634895e-09,0,,,,7.001368e-05,7.452586,-6.001793,-6.8390846,-13.182608,0.9999628,8.512579e-06,2.8618344e-05,1.0557653e-07,0,,,,3.3094075e-05,Test
619,0,9.823825,-9.693825,-6.226505,-16.170158,0.9999999,3.3388121e-09,1.0701152e-07,5.1399163e-12,0,,,,2.7441197e-06,9.688701,-9.002774,-6.628282,-14.73363,0.99999917,5.1858375e-08,8.190893e-07,6.3855174e-09,0,,,,8.2193907e-07,Test
620,0,10.499098,-7.7677984,-8.129727,-18.357204,1.0,1.1662406e-08,8.12089e-09,2.9367513e-13,0,,,,5.2561285e-07,10.939188,-7.5533266,-9.57494,-17.534199,0.9999998,3.1704555e-08,1.4557295e-07,5.90895e-11,0,,,,2.3629809e-07,Test
621,0,4.7269526,-6.227859,-1.8596416,-9.68825,0.9986051,1.744937e-05,0.0013768045,5.482151e-07,0,,,,0.015383879,4.8953114,-5.8006387,-2.1131294,-9.6708555,0.9982317,3.8324833e-05,0.0017292273,7.586761e-07,0,,,,0.00083059876,Test
622,0,6.7412825,-7.111123,-3.6466894,-13.705613,0.9999683,9.637467e-07,3.0799765e-05,1.318294e-09,0,,,,0.0005266334,6.990332,-7.0125823,-3.914079,-13.623808,0.9999317,5.2910254e-06,6.290472e-05,2.4295485e-08,0,,,,5.004358e-05,Test
623,0,7.4740577,-8.750054,-2.6806984,-16.395706,0.999961,8.993754e-08,3.888914e-05,4.300076e-11,0,,,,0.0006280803,7.912169,-9.057851,-2.6869779,-17.900785,0.9999032,2.2436295e-07,9.651288e-05,1.1322593e-10,0,,,,6.178918e-05,Test
624,0,9.517529,-11.166852,-4.750555,-16.650728,0.9999994,1.0396516e-09,6.3598924e-07,4.317877e-12,0,,,,1.3982616e-05,9.330852,-10.9475565,-5.28547,-15.323888,0.99996054,9.892509e-08,3.932301e-05,3.1452507e-10,0,,,,6.120245e-05,Test
625,0,7.9176073,-5.4374833,-6.9324865,-13.703682,0.9999981,1.5847355e-06,3.5537374e-07,4.073737e-10,0,,,,4.0911626e-05,7.493502,-4.880404,-6.590374,-12.687878,0.99998343,1.2379258e-05,4.184041e-06,3.885941e-08,0,,,,1.1252756e-05,Test
626,0,5.3189683,-7.2989006,-1.9814192,-9.788729,0.9993216,3.3100507e-06,0.00067481905,2.7448337e-07,0,,,,0.008152675,5.5797033,-7.501788,-1.9963512,-10.461733,0.9986795,1.0356716e-05,0.001309727,3.3696156e-07,0,,,,0.0013046497,Test
627,0,8.015371,-9.04877,-3.6530495,-15.270714,0.9999914,3.882704e-08,8.559837e-06,7.708644e-11,0,,,,0.00015743732,8.308698,-9.292782,-3.224317,-16.674665,0.9999275,6.467811e-07,7.190301e-05,5.5909477e-10,0,,,,9.142996e-05,Test
628,0,8.498724,-7.015751,-4.955418,-17.944681,0.99999833,1.8287253e-07,1.4352905e-06,3.2792486e-12,0,,,,3.427438e-05,8.037135,-7.2513075,-4.6595144,-17.045347,0.99996793,1.0256377e-05,2.1725175e-05,7.275332e-08,0,,,,3.300186e-05,Test
629,0,9.3564005,-6.800722,-6.218552,-18.86528,0.99999976,9.6172364e-08,1.7214076e-07,5.5396226e-13,0,,,,6.453733e-06,9.956283,-7.3589525,-6.9861803,-18.774319,0.99999964,3.5312456e-07,1.1376693e-07,1.5087188e-09,0,,,,5.1176056e-07,Test
630,0,6.11189,-4.250617,-4.217276,-13.132058,0.99993575,3.159312e-05,3.2664208e-05,4.389668e-09,0,,,,0.0010518953,6.206027,-4.734923,-3.9814823,-13.307425,0.9998644,3.2579734e-05,0.00010293945,2.9865856e-08,0,,,,7.4952244e-05,Test
631,0,4.1167507,-0.7483171,-4.2754946,-13.063353,0.9921246,0.0076505747,0.00022483317,3.4303795e-08,0,,,,0.06782769,4.262412,-1.0071137,-4.1545916,-14.009872,0.99065304,0.008575486,0.0007712772,1.3510905e-07,0,,,,0.005317276,Test
632,0,4.982048,2.1863885,-8.840366,-18.01411,0.94244,0.057559125,9.359559e-07,9.7084285e-11,0,,,,0.31769833,5.3347864,1.8804668,-9.06912,-17.596994,0.9511631,0.048831824,5.024708e-06,1.8757842e-08,0,,,,0.025378093,Test
633,0,3.3388073,-6.8466463,-0.0931619,-10.444209,0.9686525,3.65327e-05,0.031309973,1.0006452e-06,0,,,,0.20153026,3.408992,-6.5702753,-0.27353406,-10.375208,0.9599329,0.00018804814,0.039874982,4.0960504e-06,0,,,,0.021644885,Test
634,0,6.1194024,-0.80427635,-7.230218,-17.966364,0.9990152,0.0009832332,1.5918621e-06,3.461441e-11,0,,,,0.011273386,6.290402,-0.24923487,-7.4177756,-18.215282,0.9978461,0.0021461016,7.863675e-06,1.8817912e-09,0,,,,0.0009899684,Test
635,0,5.017089,-1.596613,-5.2933254,-12.973498,0.9986268,0.001340013,3.3238943e-05,1.5352901e-08,0,,,,0.015263229,4.9809656,-1.7525101,-5.2113867,-13.489718,0.9963667,0.003335302,0.00029730907,6.850936e-07,0,,,,0.0021385897,Test
636,0,8.019598,-2.6000288,-7.6981583,-20.09008,0.99997544,2.443115e-05,1.4922944e-07,6.1959964e-13,0,,,,0.00041311968,8.056234,-3.256794,-7.698404,-18.86484,0.9999158,8.259241e-05,1.5107726e-06,7.5045153e-10,0,,,,6.1999745e-05,Test
637,0,6.9048667,-5.3033996,-3.878605,-15.493557,0.99997425,4.988916e-06,2.0738931e-05,1.8727371e-10,0,,,,0.00044766458,7.0464563,-5.733816,-3.5463824,-16.574501,0.99989367,5.1514307e-06,0.000101217025,9.097961e-10,0,,,,9.2963484e-05,Test
638,0,6.978658,-5.3429103,-4.0289826,-15.502837,0.999979,4.4545277e-06,1.6574224e-05,1.7234619e-10,0,,,,0.00037284143,6.888279,-5.3113875,-4.430153,-13.175272,0.99996364,1.2449952e-05,2.3882038e-05,1.5609135e-08,0,,,,1.34665115e-05,Test
639,0,6.6574802,-2.29737,-5.9890275,-15.530541,0.9998677,0.00012909235,3.218357e-06,2.3110361e-10,0,,,,0.0019173991,6.6477003,-2.333507,-5.6664963,-16.868526,0.99972373,0.00026049482,1.5754404e-05,2.4367026e-09,0,,,,0.00016296435,Test
640,0,3.5608916,-2.3685842,-2.9949493,-9.237241,0.99593216,0.002649056,0.001416003,2.7546835e-06,0,,,,0.0419853,3.4629664,-2.5200453,-2.94369,-8.599813,0.99266416,0.0035878583,0.0037158318,3.2187883e-05,0,,,,0.0032979536,Test
641,0,6.5052934,-4.524193,-5.1246047,-13.120898,0.99997485,1.6216021e-05,8.895872e-06,2.9953127e-09,0,,,,0.00044357844,6.1149178,-4.3407273,-5.217402,-11.918701,0.9997414,0.00010592242,0.00015132074,1.3829482e-06,0,,,,0.00023230442,Test
642,0,7.3852444,-4.4882865,-5.9308047,-14.504362,0.9999914,6.9724774e-06,1.6478187e-06,3.115021e-10,0,,,,0.00016348663,7.3332014,-4.345132,-5.813674,-14.393817,0.99998426,1.0880411e-05,4.8617735e-06,9.81771e-10,0,,,,6.588155e-06,Test
643,0,4.206641,-5.456874,-1.1311655,-11.540542,0.99515355,6.3252664e-05,0.0047831074,1.442034e-07,0,,,,0.04472795,4.343434,-5.407216,-1.1744436,-12.714874,0.99472255,0.00010785166,0.0051694047,7.9756866e-08,0,,,,0.0018996206,Test
644,0,5.7193155,-8.417519,-1.1505771,-15.7730875,0.9989618,7.2443567e-07,0.0010375103,4.629316e-10,0,,,,0.011796296,5.64654,-7.9963098,-0.724222,-16.905695,0.9965447,2.529145e-06,0.0034527679,3.3480483e-09,0,,,,0.0017584142,Test
645,0,3.6378558,-6.182995,-0.40405124,-10.830858,0.9826863,5.3367123e-05,0.017259851,5.1136664e-07,0,,,,0.1266103,3.4822457,-6.1082053,0.047251847,-10.78406,0.9624217,0.00016742575,0.037409835,1.1627114e-06,0,,,,0.013351831,Test
646,0,5.2253013,-4.240185,-2.636241,-14.353892,0.99953747,7.744449e-05,0.00038510104,3.1380765e-09,0,,,,0.006092845,5.32036,-4.4003377,-2.980673,-14.446587,0.9994378,9.2300805e-05,0.0004698104,1.2179379e-08,0,,,,0.00026433967,Test
647,0,5.772558,-4.92866,-4.874651,-10.010252,0.9999536,2.2516459e-05,2.3765977e-05,1.3982746e-07,0,,,,0.00078294246,5.7323203,-4.9823556,-4.4795465,-10.570782,0.9998401,4.7370053e-05,0.00011243549,1.4526871e-07,0,,,,0.00010764347,Test
648,0,5.659255,-3.4537098,-4.9722233,-12.203949,0.99986553,0.000110212626,2.4140665e-05,1.7460241e-08,0,,,,0.0020135473,5.3289595,-3.9614727,-3.9145782,-12.340152,0.9992188,0.00041500508,0.00036548736,7.309165e-07,0,,,,0.00062167685,Test
649,0,5.142232,-5.0188813,-3.5342884,-10.557159,0.9997907,3.8636117e-05,0.00017050777,1.5196727e-07,0,,,,0.0030061146,4.834966,-5.09716,-3.034658,-10.230016,0.99915946,9.557286e-05,0.0007310781,1.3804145e-05,0,,,,0.00046582785,Test
650,0,9.001164,-6.6419024,-6.566062,-17.300064,0.99999976,1.6080608e-07,1.7347598e-07,3.780262e-12,0,,,,8.041246e-06,8.814669,-5.7895675,-6.7639265,-17.302498,0.99999744,1.3946328e-06,1.2308303e-06,1.8600746e-10,0,,,,1.8745142e-06,Test
651,0,5.394277,-5.361229,-2.7528782,-11.541748,0.9996892,2.1321015e-05,0.00028946777,4.4120714e-08,0,,,,0.004182707,5.6429973,-5.288312,-2.660149,-12.813833,0.99894875,3.1277188e-05,0.0010198253,1.8603751e-07,0,,,,0.0011824319,Test
652,0,4.108648,-3.2857633,-2.902907,-9.426979,0.9984849,0.0006137473,0.0009000403,1.3209709e-06,0,,,,0.01786504,4.442728,-3.2353318,-3.1221972,-9.93331,0.99798965,0.0008938356,0.0011150355,1.4978343e-06,0,,,,0.0012242396,Test
653,0,3.8795266,-2.9236414,-3.575906,-8.915858,0.99831164,0.0011083775,0.0005773149,2.768859e-06,0,,,,0.019577293,3.7512536,-2.6727753,-3.6491623,-9.008989,0.99653023,0.0025725202,0.0008920661,5.1093602e-06,0,,,,0.0015293425,Test
654,0,4.7967396,-1.6923075,-5.7211266,-11.195289,0.99845517,0.0015176487,2.7007063e-05,1.13260626e-07,0,,,,0.016850576,4.611829,-2.1632726,-4.647469,-11.565875,0.9981367,0.0015948769,0.00026800096,4.88929e-07,0,,,,0.0007763736,Test
655,0,5.7069445,-0.8201318,-5.499576,-17.595306,0.9985253,0.00146112,1.3565295e-05,7.573917e-11,0,,,,0.016107157,5.668339,-0.53802544,-5.492497,-17.383884,0.99614877,0.0037743698,7.6785785e-05,1.1988567e-08,0,,,,0.0019579572,Test
656,0,2.4517372,-2.0249007,-1.7182578,-6.7834005,0.97378427,0.011073468,0.015047246,9.4993375e-05,0,,,,0.20163336,2.4633863,-2.0984566,-1.5903324,-6.986331,0.96680784,0.012275811,0.02072891,0.00018748731,0,,,,0.009749628,Test
657,0,5.2914305,-4.727011,-3.509399,-11.401957,0.9998049,4.4561635e-05,0.0001505788,5.6243174e-08,0,,,,0.0028389632,5.3963547,-4.425149,-4.1581306,-10.018402,0.99972105,8.023203e-05,0.00019698152,1.7254185e-06,0,,,,0.00021398319,Test
658,0,8.906845,-8.340452,-4.652484,-18.915491,0.9999987,3.2329083e-08,1.2919855e-06,8.2587127e-13,0,,,,2.7970067e-05,9.378992,-8.473693,-4.37948,-20.47332,0.9999868,3.663441e-07,1.281536e-05,1.5949863e-11,0,,,,1.3761875e-05,Test
659,0,3.8060944,-5.805576,-0.005603345,-10.6970005,0.97830313,6.549045e-05,0.021630878,4.9188037e-07,0,,,,0.15151569,3.74336,-5.8315535,-0.2665261,-10.023116,0.9735942,0.00034576567,0.026055172,4.8068177e-06,0,,,,0.014355002,Test
660,0,7.5747776,-3.2586906,-7.7615595,-14.419733,0.9999801,1.972767e-05,2.1852684e-07,2.8047667e-10,0,,,,0.0003418968,7.22643,-2.7696445,-7.997232,-13.499768,0.99987423,0.00012464378,1.1893569e-06,3.5145703e-08,0,,,,0.000120914265,Test
661,0,5.564595,-0.99847573,-5.5348287,-15.681885,0.9985753,0.0014095336,1.5099483e-05,5.91769e-10,0,,,,0.015644735,5.4953628,-1.2707956,-5.1485558,-15.038483,0.9983228,0.0015504331,0.00012684675,3.9054e-08,0,,,,0.0005769677,Test
662,0,6.204789,-3.2221303,-5.344613,-15.542016,0.99990976,8.051958e-05,9.640935e-06,3.592885e-10,0,,,,0.001385842,6.312293,-3.603566,-4.662343,-16.501917,0.9997241,0.0001768033,9.903477e-05,7.332368e-08,0,,,,0.00020580276,Test
663,0,5.6410456,-1.6822948,-6.4635177,-13.874001,0.999335,0.0006595151,5.530524e-06,3.3452967e-09,0,,,,0.008024405,5.753586,-1.2300181,-6.7587166,-13.872925,0.99808246,0.0018265173,9.039699e-05,6.118356e-07,0,,,,0.001377928,Test
664,0,5.8916874,-5.5740175,-2.1139164,-16.304688,0.9996561,1.04799265e-05,0.0003334733,2.2913292e-10,0,,,,0.0045211148,6.2082872,-5.2886343,-2.554892,-16.25472,0.9995755,4.5226305e-05,0.0003791518,1.6829578e-08,0,,,,0.00024808673,Test
665,0,6.5230274,-6.9276977,-2.4265676,-15.354793,0.99986875,1.4400154e-06,0.00012977274,3.1515696e-10,0,,,,0.0018927987,6.693418,-6.893997,-2.57526,-14.799673,0.99961346,2.4332578e-06,0.00038415776,3.438921e-09,0,,,,0.00038108503,Test
666,0,3.613536,-6.4885316,0.50484896,-10.490013,0.9572114,3.9240585e-05,0.042748637,7.176527e-07,0,,,,0.2553998,3.8083801,-6.6645193,0.42770618,-11.010088,0.9570424,6.983908e-05,0.04288314,4.667919e-06,0,,,,0.015613865,Test
667,0,2.0502846,-7.5338836,2.26852,-9.819071,0.44564158,3.0664396e-05,0.5543246,3.1202546e-06,2,,,,0.99199414,2.2706203,-7.917857,2.4406047,-10.646054,0.4607765,3.5067478e-05,0.53917927,9.047883e-06,2,,,,0.09799418,Test
668,0,4.7633033,-5.9594183,-1.2470081,-11.877331,0.99753076,2.198405e-05,0.002447267,5.9154875e-08,0,,,,0.02512864,4.766521,-6.795925,-1.1566973,-10.842399,0.99478877,1.9532428e-05,0.0051904963,1.2743209e-06,0,,,,0.0031442463,Test
669,0,5.2248015,-7.686691,-1.2645386,-10.5836,0.99848014,2.465753e-06,0.0015172416,1.3609372e-07,0,,,,0.016447937,5.302082,-7.8461356,-1.2705058,-10.658176,0.99769294,1.0259837e-05,0.0022955588,1.1058065e-06,0,,,,0.0011961713,Test
670,0,4.4434857,-2.6609573,-4.326668,-8.595747,0.999022,0.0008206437,0.00015514794,2.171243e-06,0,,,,0.011826653,4.5148954,-2.7125134,-4.377492,-8.299335,0.99838495,0.0013227265,0.00022837978,6.389826e-05,0,,,,0.00080631097,Test
671,0,1.4125072,-3.8745143,0.1743145,-4.968482,0.77121335,0.003899871,0.22358069,0.001306009,0,,,,0.8159571,1.354942,-3.8203373,0.008180382,-4.611482,0.77078176,0.005530366,0.21926875,0.0044190898,0,,,,0.048872024,Test
672,0,2.9425874,-5.640171,0.172227,-8.498128,0.9408776,0.0001762336,0.05893603,1.0113312e-05,0,,,,0.3258248,3.2124054,-5.871516,0.18932168,-9.159067,0.94453335,0.00022138069,0.05523129,1.3945668e-05,0,,,,0.017022066,Test
673,0,7.993722,-9.349424,-3.6361806,-14.715976,0.99999106,2.9373991e-08,8.895974e-06,1.3718282e-10,0,,,,0.00016281247,7.735678,-8.371333,-4.1515913,-13.4902315,0.9999838,1.168333e-06,1.4930515e-05,7.312789e-08,0,,,,9.109956e-06,Test
674,0,3.3424692,-4.6941295,-0.059087098,-10.990966,0.9674498,0.00031288026,0.032236755,5.763638e-07,0,,,,0.20957983,3.3072464,-4.6237526,0.0912984,-11.069492,0.9541937,0.0008823692,0.044921752,2.1274295e-06,0,,,,0.013519101,Test
675,0,5.0553846,-5.774761,-2.0991025,-11.065796,0.99919945,1.9777875e-05,0.0007807247,9.961208e-08,0,,,,0.00952519,5.2170553,-6.2118607,-1.8942993,-11.479181,0.9986625,1.8315784e-05,0.0013189693,2.6698538e-07,0,,,,0.0006740817,Test
676,0,-1.9151338,-7.6705875,2.6615748,-6.9626293,0.010182929,3.2233744e-05,0.9897194,6.542943e-05,2,,,,0.0835333,-2.0968099,-7.5657744,2.5584984,-6.262854,0.015116662,0.00015938173,0.9843855,0.00033843087,2,,,,0.008687772,Test
677,0,4.042636,-5.1493444,-0.88639873,-10.098189,0.9927174,0.0001011112,0.0071808035,7.1703977e-07,0,,,,0.06296389,4.007648,-5.2876663,-0.83208066,-10.043081,0.9884459,0.00019035453,0.011358382,5.4151287e-06,0,,,,0.0040155062,Test
678,0,3.1093028,-6.081612,0.20906676,-8.874218,0.947761,9.663515e-05,0.05213656,5.9200042e-06,0,,,,0.29693615,3.249382,-6.423917,0.2056149,-8.93009,0.94882333,0.00013456043,0.05102803,1.4037809e-05,0,,,,0.012709452,Test
679,0,5.19377,-4.4131336,-2.415652,-13.837625,0.9994373,6.722496e-05,0.00049547944,5.426574e-09,0,,,,0.0071833595,5.021518,-4.1214623,-2.584608,-12.750917,0.99892104,0.00016072596,0.00091815845,6.26801e-08,0,,,,0.00071016385,Test
680,0,4.397635,-5.131262,-3.2658153,-7.1708612,0.9994485,7.267973e-05,0.00046942502,9.454229e-06,0,,,,0.0071428088,4.3005533,-5.101054,-3.0700302,-7.093501,0.99860793,0.00022872817,0.0010484197,0.00011485887,0,,,,0.0009536989,Test
681,0,6.6635604,-7.0850434,-2.9679682,-14.331282,0.99993324,1.0691243e-06,6.562226e-05,7.621259e-10,0,,,,0.0010293017,6.825679,-7.0022225,-3.236066,-14.17922,0.99985445,1.4881674e-05,0.00013064519,1.407887e-08,0,,,,0.0001234703,Test
682,0,7.7215495,-9.060394,-4.064773,-14.103592,0.9999924,5.1486204e-08,7.6078477e-06,3.3224465e-10,0,,,,0.0001416283,7.186612,-8.547018,-4.4996233,-12.050227,0.9999777,9.112724e-07,2.1388467e-05,1.2119062e-08,0,,,,1.2070747e-05,Test
683,0,2.3538616,-3.173792,-1.7947342,-3.9690468,0.9788984,0.0038914199,0.015453446,0.0017568447,0,,,,0.17031941,2.402597,-3.6433983,-1.6189072,-3.9859226,0.97477543,0.0026588202,0.019849036,0.002716732,0,,,,0.006137887,Test
684,0,6.3572187,-5.3653355,-4.468866,-12.567524,0.999972,8.108625e-06,1.9873723e-05,6.0405445e-09,0,,,,0.0004880316,5.969617,-5.430388,-4.0802402,-11.53464,0.9998654,3.8063947e-05,9.63908e-05,1.5015793e-07,0,,,,6.860971e-05,Test
685,0,2.3271012,-7.348716,1.6947066,-8.831812,0.65299934,4.0997616e-05,0.34695026,9.3037615e-06,0,,,,0.9321095,2.3162768,-6.736544,1.6067467,-8.776861,0.6549049,0.00014947396,0.34479842,0.00014725729,0,,,,0.05642665,Test
686,0,2.4244473,-5.5194216,1.1011375,-8.18288,0.78949517,0.00028013744,0.21020515,1.9527457e-05,0,,,,0.7458165,2.4409764,-5.7781906,1.1352173,-8.354805,0.7786564,0.000507954,0.22071402,0.0001216133,0,,,,0.040548947,Test
687,0,5.5665355,-5.925443,-2.371247,-12.6177635,0.99963284,1.0207928e-05,0.00035686622,1.2661921e-08,0,,,,0.004785966,5.5444384,-6.2653923,-2.2762744,-13.233679,0.9988028,2.2867383e-05,0.001174268,6.8277004e-08,0,,,,0.0009664255,Test
688,0,2.2376008,-6.6496143,2.0537746,-10.127798,0.5457851,7.5396885e-05,0.4541371,2.3270054e-06,0,,,,0.9950426,2.6090817,-7.132519,2.2387822,-11.410821,0.58769387,9.206487e-05,0.41221294,1.087836e-06,0,,,,0.06410049,Test
689,0,2.1568768,-6.33946,2.0613108,-11.532127,0.52381694,0.00010697131,0.4760754,5.944573e-07,0,,,,0.99982595,2.1262524,-6.514592,2.180182,-11.818186,0.4897491,0.00021420678,0.51003295,3.7605284e-06,2,,,,0.083197705,Test
690,0,7.2126384,-7.070172,-4.0783186,-14.692593,0.9999869,6.26684e-07,1.2485163e-05,3.066713e-10,0,,,,0.0002352171,7.502055,-6.6619654,-4.063504,-14.977354,0.9999472,1.10919955e-05,4.1703774e-05,5.4466074e-08,0,,,,3.7070084e-05,Test
691,0,1.9539485,-7.1360083,1.9699941,-8.066198,0.49595,5.5939636e-05,0.503972,2.2067017e-05,2,,,,1.0011195,1.8616197,-6.9620843,2.0086138,-8.134966,0.46485662,0.00016529197,0.53480613,0.00017201777,2,,,,0.058142897,Test
692,0,5.8717217,-4.869743,-3.4897606,-14.285891,0.9998925,2.1626909e-05,8.596329e-05,1.7604095e-09,0,,,,0.0016515045,5.3783884,-5.400236,-2.8618276,-12.876272,0.9992779,4.315442e-05,0.0006787253,2.6267546e-07,0,,,,0.00061139045,Test
693,4,-2.363647,2.430143,-4.4919953,-1.4304416,0.008037304,0.97056997,0.0009567102,0.020436015,1,,,,0.2220573,-2.4360042,2.7064154,-4.598117,-1.8326918,0.0077673704,0.974922,0.0018788486,0.015431754,1,,,,0.009787319,Test
694,4,3.5657644,0.62614655,-5.7241673,-10.410217,0.94968647,0.050225057,8.7702894e-05,8.088882e-07,0,,,,0.2886716,3.622855,0.6860163,-6.0744176,-10.695762,0.93169415,0.06820697,9.564132e-05,3.2770579e-06,0,,,,0.031395163,Test
695,4,2.0843127,-2.8065865,-0.6483463,-5.978373,0.9320743,0.0070042238,0.060627807,0.00029367738,0,,,,0.39334014,2.1073196,-3.053626,-0.72223276,-5.449929,0.9332371,0.006788985,0.05929234,0.00068164774,0,,,,0.01389641,Test
696,4,-1.6189078,-0.21122016,-1.7381868,0.5161382,0.06929291,0.28316513,0.06150163,0.5860403,3,,,,1.4815288,-1.5844355,-0.09303891,-1.764684,0.4344791,0.07684757,0.32604966,0.06610262,0.5310001,3,,,,0.06841909,Test
697,4,-4.932204,7.181877,-9.214457,-6.857996,5.481746e-06,0.99999356,7.5711164e-08,7.9902026e-07,1,,,,0.00012289449,-4.0172944,6.656148,-8.768501,-6.7734118,9.369344e-05,0.99987364,4.824402e-06,2.7856135e-05,1,,,,0.00011020284,Test
698,4,-2.0807102,-2.1189556,-1.3112954,2.98772,0.0061332537,0.0059031127,0.0132386405,0.974725,3,,,,0.20737913,-2.170986,-2.1890836,-1.1187466,3.0161905,0.00613322,0.0072492473,0.018157944,0.9684596,3,,,,0.010536889,Test
699,4,-0.48430464,2.9112964,-5.0743647,-4.799045,0.0324085,0.96682906,0.00032901915,0.00043330225,1,,,,0.21604091,-0.35339636,2.8836455,-5.047961,-5.3401904,0.04798716,0.950951,0.00046359684,0.00059830316,1,,,,0.016684549,Test
700,4,1.0558133,-0.9234099,-2.2171936,-4.6878877,0.8479809,0.117171064,0.03213196,0.0027159916,0,,,,0.74669963,0.9819934,-0.9848272,-2.0605016,-4.912761,0.8314949,0.12249982,0.042567786,0.0034374837,0,,,,0.028491609,Test
701,4,0.9106058,-0.02096273,-3.9649012,-2.9524057,0.7029525,0.27691782,0.0053643887,0.014765272,0,,,,1.0006914,0.9021815,-0.20629811,-3.6505704,-2.895946,0.7105042,0.2524963,0.015077135,0.02192241,0,,,,0.0794602,Test
702,4,-3.0329804,0.31399915,-1.7872679,0.89631003,0.011938436,0.33925185,0.041490965,0.6073187,3,,,,1.2327907,-3.0057302,0.4639586,-1.7909205,0.9511078,0.013532847,0.36034274,0.043138523,0.58298594,3,,,,0.04243309,Test
703,4,-0.3349438,-5.063033,2.1283157,-6.3075976,0.07840422,0.00069335586,0.9207027,0.00019973257,2,,,,0.40744466,-0.12889946,-5.3087854,2.3288677,-6.777757,0.096757576,0.001033606,0.90195596,0.0002528056,2,,,,0.028980883,Test
704,4,-4.5181427,5.8123903,-7.6965785,-4.8785014,3.2619842e-05,0.99994326,1.3586417e-06,2.274994e-05,1,,,,0.00094539317,-4.339862,5.4737926,-7.2417893,-4.899804,0.0002555725,0.99955404,2.3374847e-05,0.0001670296,1,,,,0.00033237733,Test
705,4,0.58556217,2.4184885,-4.243523,-6.8979278,0.13772756,0.8610942,0.0011009707,7.7443096e-05,1,,,,0.5915803,0.5361273,2.53204,-4.658189,-6.747023,0.13406059,0.8649851,0.00085064024,0.00010374939,1,,,,0.029461002,Test
706,4,2.3711383,-0.5474335,-4.148147,-6.329777,0.94728196,0.051163424,0.0013969784,0.00015765935,0,,,,0.30868152,2.2373576,-0.67768055,-3.5256321,-6.6381836,0.9333695,0.06193278,0.004431647,0.00026605476,0,,,,0.019177625,Test
707,4,2.380901,0.19799463,-3.9395812,-6.4648466,0.89713734,0.10111946,0.0016140179,0.00012918122,0,,,,0.4914176,2.5831332,-0.027732307,-3.8473613,-6.8143845,0.9223012,0.075079106,0.0024519884,0.00016765179,0,,,,0.018295046,Test
708,4,-3.1852927,3.3147335,-4.889431,-1.1942693,0.0014844196,0.98737514,0.0002700591,0.010870442,1,,,,0.106159925,-2.9984498,3.0445504,-4.4776363,-1.0154034,0.0032372978,0.97441494,0.0013265936,0.021021198,1,,,,0.007194485,Test
709,4,-1.5355757,0.4685141,-2.434009,-2.258121,0.107387625,0.7967451,0.043729004,0.052138288,1,,,,1.0265086,-1.3972838,0.303128,-2.3911297,-2.148365,0.14256759,0.7159666,0.06137104,0.08009489,1,,,,0.067321405,Test
710,4,-1.5798686,-1.7286665,-1.390014,2.0159044,0.025307052,0.021808181,0.030598087,0.9222867,3,,,,0.5161595,-1.4269297,-1.869965,-1.5980589,2.1681657,0.029173877,0.019476794,0.026671028,0.9246783,3,,,,0.019706028,Test
711,4,2.6922,-5.3423457,-0.120074704,-8.837751,0.94303846,0.00030561202,0.056646623,9.271185e-06,0,,,,0.31813794,2.9719615,-5.4156675,-0.4460846,-9.376054,0.96009696,0.00035664882,0.03953166,1.4788583e-05,0,,,,0.013302744,Test
712,4,-5.3851786,6.694391,-8.166859,-6.14149,5.674219e-06,0.9999913,3.514288e-07,2.6634482e-06,1,,,,0.00016829731,-5.518908,6.4970026,-8.045961,-5.0155897,3.7278187e-05,0.99989957,2.6641433e-06,6.0498238e-05,1,,,,7.930589e-05,Test
713,4,-2.5887976,1.9337848,-3.9685633,-0.044045754,0.0094282,0.8680834,0.0023724895,0.120115906,1,,,,0.6285527,-2.4625978,1.8941199,-4.009721,-0.14247331,0.01335756,0.8388813,0.004340121,0.14342092,1,,,,0.063283995,Test
714,4,0.0736824,4.3102255,-7.234011,-9.5419655,0.014251295,0.9857383,9.553514e-06,9.5023603e-07,1,,,,0.10800603,0.22889788,4.0872793,-7.225249,-9.766862,0.025469547,0.9744946,2.7273962e-05,8.657435e-06,1,,,,0.00915712,Test
715,4,-2.116546,-1.656636,0.093640864,-0.47665375,0.059326187,0.0939686,0.54090166,0.30580357,2,,,,1.5646156,-2.0282335,-1.6133349,0.041519485,-0.4062181,0.071098514,0.10285877,0.5030974,0.32294536,2,,,,0.06972724,Test
716,4,2.0605073,0.8151318,-3.6634333,-6.888393,0.77445567,0.22291374,0.0025300006,0.000100586236,0,,,,0.7914451,1.9976215,0.9127382,-3.951907,-6.3160033,0.7385824,0.2564832,0.004455872,0.00047855926,0,,,,0.0327644,Test
717,4,-4.7018056,5.395612,-6.755263,-4.062861,4.118064e-05,0.99987555,5.283089e-06,7.801592e-05,1,,,,0.0019366536,-4.195481,4.833312,-6.2057166,-3.8214862,0.00029676565,0.9988052,9.70881e-05,0.000800979,1,,,,0.00072683545,Test
718,4,1.690214,0.70459205,-4.3681574,-4.720629,0.7261168,0.2709919,0.0016978103,0.0011934729,0,,,,0.8729418,1.6453558,0.87215644,-4.874111,-4.7171793,0.67754024,0.31815004,0.0012493929,0.0030603213,0,,,,0.034124885,Test
719,4,1.1687008,1.1760527,-4.1503634,-6.2112584,0.49679568,0.5004615,0.0024329748,0.0003098149,1,,,,1.025936,1.276736,1.2647092,-4.0581145,-6.675669,0.50032294,0.4951551,0.0041030035,0.00041896585,0,,,,0.052806642,Test
720,4,3.2852676,-0.5458005,-4.2534413,-8.774904,0.97825885,0.021214955,0.0005205161,5.6596245e-06,0,,,,0.15472786,2.8729713,-0.547219,-3.7797062,-8.045954,0.95185137,0.045722853,0.0021827803,0.00024290833,0,,,,0.021304918,Test
721,4,-5.113223,2.651197,-4.3716908,-0.84620315,0.00041157348,0.9693757,0.0008639543,0.029348817,1,,,,0.20632088,-4.4432626,2.6215107,-4.3856134,-1.4655724,0.0015442489,0.97739494,0.0013015808,0.01975915,1,,,,0.0070347935,Test
722,4,1.2438887,0.69467854,-4.5796714,-6.1194324,0.63251233,0.36521623,0.001870376,0.00040106906,0,,,,0.9701856,1.4445404,0.72668207,-4.6653605,-6.181413,0.64747596,0.3489639,0.0029876383,0.0005725631,0,,,,0.08171042,Test
723,4,-0.28322685,1.172562,-3.5815568,-5.496273,0.1876083,0.804439,0.006931153,0.0010215386,1,,,,0.7653384,-0.08529629,1.1361576,-3.5253818,-6.137611,0.25169843,0.7386657,0.008577018,0.0010588724,1,,,,0.07589592,Test
724,4,-2.9455073,-1.9737086,-1.6261559,3.5561044,0.0014845645,0.00392325,0.005553746,0.98903847,3,,,,0.10264763,-2.8969946,-1.8492206,-1.5309619,3.4154754,0.00277626,0.008744602,0.0113159325,0.97716314,3,,,,0.014241967,Test
725,4,-2.646424,3.3331347,-5.2263403,-4.8965807,0.002522404,0.99702054,0.0001911487,0.00026581786,1,,,,0.03158124,-2.6234393,3.1302483,-4.9623995,-4.934021,0.007279384,0.989377,0.0020935622,0.0012501085,1,,,,0.007745283,Test
726,4,-3.4207902,3.254696,-5.5817113,-1.2722006,0.001246229,0.98792654,0.00014358928,0.010683621,1,,,,0.10113078,-3.5897644,3.4493206,-5.7093344,-1.215895,0.0013761618,0.9821394,0.00025866652,0.016225744,1,,,,0.008539487,Test
727,4,-0.48692417,2.5940735,-4.4258695,-5.463585,0.043847177,0.9549968,0.000853649,0.00030241648,1,,,,0.27349132,-0.2209975,2.5734653,-4.813208,-5.4559717,0.07897242,0.9194509,0.0010920471,0.0004846272,1,,,,0.033584815,Test
728,4,0.9204196,-3.7593317,0.5549263,-4.820334,0.586047,0.00543929,0.4066312,0.0018825858,0,,,,1.0376415,0.8717898,-3.58343,0.55616534,-5.0434937,0.5686525,0.010386474,0.41840777,0.0025532646,0,,,,0.041242845,Test
729,4,-3.9448943,3.446616,-5.2887163,-1.4486037,0.00061141443,0.9918081,0.0001594854,0.00742097,1,,,,0.07280609,-3.9654992,3.551178,-5.422698,-1.4743094,0.0007903354,0.9901045,0.00023471871,0.008870432,1,,,,0.0048820684,Test
730,4,-0.1659985,2.1850276,-4.172971,-4.307098,0.08672705,0.91031617,0.0015774247,0.0013794246,1,,,,0.4571116,-0.11083108,2.2294786,-3.984,-4.6193132,0.10335828,0.8896128,0.00378547,0.0032434077,1,,,,0.03663304,Test
731,4,2.6828883,-0.90995437,-3.803244,-5.6384525,0.97154564,0.026736928,0.0014810563,0.00023634745,0,,,,0.1969302,2.4423914,-0.9497609,-3.323049,-4.983939,0.9558917,0.037895977,0.0050416132,0.0011706088,0,,,,0.014273811,Test
732,4,-1.2238334,2.448139,-3.2920697,-5.398392,0.024708934,0.9717875,0.0031234198,0.00038007234,1,,,,0.20235227,-1.351361,2.4749606,-3.356561,-5.4793863,0.025638228,0.9694599,0.0043320963,0.0005698025,1,,,,0.009053761,Test
733,4,-3.652774,4.745462,-6.0063305,-4.317678,0.00022518261,0.9996375,2.1399233e-05,0.00011581661,1,,,,0.005097534,-3.787722,4.620682,-5.681285,-4.3276396,0.00035752944,0.9991962,9.1306356e-05,0.00035502788,1,,,,0.00038401235,Test
734,4,-2.2683153,4.9855986,-6.321323,-7.9053326,0.0007068898,0.99927837,1.2278719e-05,2.5189888e-06,1,,,,0.00868652,-2.7942243,5.5593176,-7.107545,-7.773597,0.0012200943,0.99871254,5.0426082e-05,1.6927152e-05,1,,,,0.0013308476,Test
735,4,-4.614092,4.268457,-5.901439,-3.9207683,0.00013872681,0.9995455,3.828889e-05,0.00027750275,1,,,,0.0062739393,-4.5189195,4.0667777,-5.8557534,-4.0966735,0.0006598939,0.99755746,0.001141656,0.0006410228,1,,,,0.002855686,Test
736,4,-3.0371456,4.22141,-6.3374085,-3.6675873,0.00070334726,0.99889624,2.5934844e-05,0.00037443158,1,,,,0.013615181,-2.7471023,3.9277637,-6.353675,-3.4995549,0.0020269474,0.99610007,0.00017244034,0.0017006553,1,,,,0.0019495457,Test
737,4,-2.5256793,1.0629288,-3.1094198,0.7534002,0.015553837,0.5627951,0.008676057,0.41297498,1,,,,1.1464857,-2.4592166,1.0209,-3.0754466,0.76293015,0.018322837,0.54610205,0.01276229,0.4228128,1,,,,0.061641708,Test
738,4,-2.8982031,1.5488893,-3.3901827,0.6801996,0.008142921,0.6952291,0.0049787024,0.29164922,1,,,,0.9776696,-2.62594,1.5640805,-3.439315,0.6394057,0.01396015,0.6844171,0.0055565936,0.29606608,1,,,,0.080148906,Test
739,4,-0.42197347,1.2058086,-1.4987017,-7.9316845,0.15542856,0.79153043,0.05295583,8.513434e-05,1,,,,0.910035,-0.4803609,1.3324897,-1.517917,-7.879489,0.14194939,0.7950111,0.062548615,0.00049093843,1,,,,0.045811184,Test
740,4,-1.0113931,-3.34108,1.2988443,-7.6008377,0.08948132,0.008708881,0.90168685,0.00012301921,2,,,,0.5074167,-1.0979931,-3.2389488,1.3222826,-7.1130333,0.0954241,0.029891495,0.87421435,0.00047006522,2,,,,0.04948392,Test
741,4,-2.1216316,1.2410238,-3.3144693,0.19676463,0.024796378,0.71576583,0.0075222077,0.25191554,1,,,,1.0316949,-1.8230699,0.90388405,-3.1863718,0.20638093,0.045765676,0.608789,0.014283782,0.33116156,1,,,,0.08325483,Test
742,4,-1.3446579,3.2765474,-5.449269,-6.231257,0.009742743,0.99002296,0.00016072048,7.352891e-05,1,,,,0.082452655,-1.5901701,3.5613785,-5.540686,-6.494564,0.01012229,0.98933184,0.00044925907,9.669746e-05,1,,,,0.004936196,Test
743,4,-1.2066647,-0.040005114,-1.4856541,-1.7738631,0.18067148,0.58018094,0.13668664,0.10246098,1,,,,1.6308962,-1.0473901,-0.27820665,-1.2484138,-1.6602437,0.21755628,0.4661169,0.18526497,0.13106176,1,,,,0.06270019,Test
744,4,-2.225367,-0.47062728,-2.5846562,2.4813304,0.008462662,0.048930626,0.005908397,0.93669826,3,,,,0.40337494,-2.1481042,-0.37367752,-2.4816175,2.3013148,0.011365905,0.06883372,0.009453222,0.91034716,3,,,,0.021796849,Test
745,4,-1.6859958,2.3900611,-4.142071,-2.87104,0.01658259,0.9769254,0.0014223041,0.005069839,1,,,,0.18307845,-1.7705581,2.3652334,-3.8808665,-3.170299,0.021458734,0.97120714,0.002621536,0.004712524,1,,,,0.012477787,Test
746,4,-1.0111799,3.0783622,-4.9616003,-4.861319,0.01646007,0.9828729,0.00031680055,0.0003502174,1,,,,0.12972324,-1.1998122,2.9163506,-4.562623,-4.439219,0.022126826,0.97518504,0.0011307381,0.0015574712,1,,,,0.009818545,Test
747,4,-3.1810992,-1.6024802,-1.5771687,3.0090232,0.0020051063,0.009721267,0.009970468,0.97830313,3,,,,0.18019794,-3.3118148,-1.7636925,-1.7257118,3.2527962,0.0016992514,0.0078062764,0.007989405,0.982505,3,,,,0.00453509,Test
748,4,-2.312317,-0.47894886,-2.4139905,1.5123335,0.01852709,0.11588542,0.016735971,0.8488515,3,,,,0.7663626,-2.259021,-0.5836581,-2.3368237,1.5515126,0.022272652,0.11459092,0.019187156,0.8439492,3,,,,0.034992386,Test
749,4,1.1495715,1.4599043,-3.4061475,-6.2626104,0.42105445,0.57426727,0.0044239955,0.00025425447,1,,,,1.0226085,0.985764,1.3836521,-3.1224737,-6.456122,0.40425453,0.5852505,0.009833965,0.00066103355,1,,,,0.05873331,Test
750,4,-0.9205438,1.403241,-3.383246,-1.7450933,0.08519414,0.87019515,0.007258915,0.03735187,1,,,,0.705985,-0.8183673,1.5018729,-3.7273374,-1.9161068,0.093855985,0.8664773,0.0056853606,0.03398127,1,,,,0.03180711,Test
751,4,-2.7894294,3.5191793,-5.1100492,-3.3970373,0.001815135,0.997018,0.00017826933,0.0009886172,1,,,,0.03291259,-2.8279727,3.1603565,-4.7872286,-3.204687,0.0038984094,0.99178535,0.0011855852,0.0031307954,1,,,,0.0041908147,Test
752,4,2.7543309,-1.9125706,-3.3441124,-4.5413337,0.98782396,0.009286882,0.0022190108,0.0006702126,0,,,,0.10677964,2.7452197,-2.1262608,-3.1432652,-5.064441,0.9856471,0.009913465,0.0035342649,0.00090521935,0,,,,0.005148501,Test
753,4,0.8953196,3.341511,-5.754481,-8.376594,0.0797087,0.92018074,0.00010316538,7.494887e-06,1,,,,0.40279213,0.93134815,3.5408168,-5.907124,-8.982252,0.07945488,0.91987675,0.00065663026,1.1829882e-05,1,,,,0.022328882,Test
754,4,2.0630078,0.4456304,-4.611819,-5.1230097,0.83302945,0.16528836,0.0010515258,0.0006306851,0,,,,0.665906,2.1697962,-0.09763442,-4.3624864,-4.8678083,0.89424145,0.10227625,0.0021607105,0.0013216219,0,,,,0.024504485,Test
755,4,2.056919,2.5689063,-5.7769127,-9.621464,0.37467098,0.6251774,0.00014840889,3.1753573e-06,1,,,,0.9562526,2.2055395,2.4976823,-5.5044627,-10.852056,0.43214574,0.5675515,0.00029952175,3.2608466e-06,1,,,,0.061859727,Test
756,4,-4.332561,6.770861,-8.690119,-6.790075,1.50604465e-05,0.99998343,1.9291888e-07,1.2898914e-06,1,,,,0.0002946958,-4.5730906,6.802413,-8.448051,-7.187581,1.4172251e-05,0.9999832,7.0988074e-07,1.798581e-06,1,,,,5.1470256e-06,Test
757,4,-0.58181894,0.20944852,-2.4625578,-5.319447,0.2969626,0.65515614,0.04528008,0.002601214,1,,,,1.1443876,-0.6408411,0.23480329,-2.6064167,-4.8466372,0.2842373,0.6555802,0.051710397,0.008472139,1,,,,0.07003982,Test
758,4,-1.338885,-5.130185,1.207559,-2.161692,0.07030666,0.0015865569,0.89722836,0.030878484,2,,,,0.5793421,-1.0804448,-5.4648695,1.211424,-2.5028882,0.0974312,0.0015608227,0.8727659,0.028242115,2,,,,0.027931739,Test
759,4,-0.7613646,3.1075091,-5.465439,-6.4158626,0.020449491,0.97929364,0.00018523743,7.160859e-05,1,,,,0.14760244,-0.9942768,3.32864,-5.5339828,-6.3217363,0.01646034,0.9829814,0.00038133527,0.00017701056,1,,,,0.0058952463,Test
760,4,3.0523708,-2.2987618,-3.0194402,-6.504338,0.99293,0.004709246,0.0022906817,7.022519e-05,0,,,,0.067625955,3.2603257,-2.6575282,-2.7289176,-7.110363,0.99220353,0.0041729403,0.0035259123,9.7679695e-05,0,,,,0.0030582405,Test
761,4,-1.3755836,1.3805752,-3.480732,-1.1084515,0.055043917,0.86635107,0.0067058685,0.07189909,1,,,,0.73106104,-1.5249583,1.3044233,-3.5266063,-0.85310906,0.058105934,0.8303691,0.008594251,0.102930844,1,,,,0.034233324,Test
762,4,-5.018679,5.142917,-6.3995886,-2.6748197,3.8608152e-05,0.9995493,9.704158e-06,0.00040235033,1,,,,0.0059158746,-4.930794,5.3175955,-7.1833925,-2.314365,5.595934e-05,0.9987701,1.4314578e-05,0.0011596145,1,,,,0.00084032014,Test
763,4,-3.556313,3.6111348,-4.472644,-4.518439,0.00077022985,0.9986274,0.00030807976,0.0002942893,1,,,,0.016990613,-3.6055088,3.736817,-4.423194,-4.818316,0.0014035159,0.9971431,0.0011318942,0.00032156653,1,,,,0.0020533137,Test
764,4,0.6559125,0.84810114,-4.469438,-4.154356,0.4492385,0.54443175,0.0026703335,0.0036593496,1,,,,1.0486323,0.5578753,0.6864181,-4.3669863,-4.30291,0.46105832,0.5294127,0.0050980225,0.004430862,1,,,,0.078704864,Test
765,4,-1.581898,2.0089085,-2.9471498,-3.7662463,0.026573708,0.96365064,0.0067847013,0.0029908982,1,,,,0.26451197,-1.5751349,1.6474346,-2.563147,-3.310347,0.041923434,0.9234457,0.01958692,0.015044026,1,,,,0.031624243,Test
766,4,0.90076977,3.3505795,-5.203263,-9.794,0.07943822,0.92038256,0.00017745236,1.8003225e-06,1,,,,0.40267918,0.7039064,3.5933976,-5.612077,-9.744185,0.071561344,0.9282714,0.00016236752,4.8352144e-06,1,,,,0.03385987,Test
767,4,-0.5764823,2.5956101,-4.540898,-4.068018,0.040149707,0.95786566,0.0007620063,0.0012227218,1,,,,0.26544458,-0.42694265,2.4972858,-4.444912,-4.1445594,0.062130935,0.9333846,0.0028865556,0.0015978857,1,,,,0.019889284,Test
768,4,-2.2774744,-0.18648362,-2.5036585,1.9774023,0.0124473125,0.100735195,0.009927616,0.8768898,3,,,,0.6445982,-2.4706202,0.004758635,-2.5688906,1.8370705,0.0118291555,0.1460123,0.015726129,0.82643235,3,,,,0.04458695,Test
769,4,-2.682235,2.069179,-4.0280557,-1.2422194,0.0082488535,0.95478725,0.0021473914,0.03481645,1,,,,0.30851272,-2.600232,2.0192387,-3.981187,-1.2899882,0.0173621,0.9322797,0.0059652696,0.044392925,1,,,,0.034894858,Test
770,4,-5.00081,4.1257143,-5.393432,-3.0874162,0.000108643086,0.99908185,7.3364936e-05,0.0007361703,1,,,,0.0114240805,-5.07829,4.3345585,-5.294384,-2.8477848,0.00030202733,0.9981939,0.00021396976,0.0012900585,1,,,,0.00094261905,Test
771,4,0.09538809,1.006997,-2.9194424,-4.607699,0.2819726,0.70163876,0.013831926,0.0025567135,1,,,,0.98110574,0.035681725,0.9544212,-2.552378,-4.279336,0.28538913,0.67929703,0.027763337,0.007550481,1,,,,0.06543055,Test
772,4,-1.5819541,1.1409789,-3.0450788,-0.85742223,0.05399513,0.82207114,0.01250051,0.11143325,1,,,,0.8915418,-1.6921902,1.2095296,-3.0537348,-0.95305616,0.051178534,0.82724965,0.014151461,0.107420385,1,,,,0.041078206,Test
773,4,-3.5060267,-3.509362,1.3569851,0.6596801,0.0051059932,0.0050889906,0.6607839,0.3290211,2,,,,1.0002952,-3.6629257,-3.6402123,1.410064,0.6185285,0.0061176335,0.0063082664,0.66892165,0.31865245,2,,,,0.057445567,Test
774,4,-0.9327492,3.4217162,-7.5430284,-9.1967,0.012686037,0.9872936,1.7081195e-05,3.2684206e-06,1,,,,0.098474406,-1.3445371,3.5176404,-7.1431694,-9.108974,0.015602553,0.98411655,0.00025806343,2.279705e-05,1,,,,0.0083297305,Test
775,4,-0.18309356,0.21909398,-2.8948646,-0.94763404,0.3303537,0.49390906,0.021941787,0.15379544,1,,,,1.566812,-0.24454805,0.23162344,-2.801769,-0.99444324,0.31376955,0.49575058,0.027591955,0.16288787,1,,,,0.0863875,Test
776,4,-2.6963317,3.813344,-6.387736,-3.6160853,0.0014858128,0.9978849,3.705165e-05,0.0005922709,1,,,,0.023902267,-2.2635093,3.6809964,-6.425087,-3.6844363,0.0053672753,0.99346745,0.00013616637,0.001029126,1,,,,0.004029379,Test
777,4,-2.8264425,0.9509319,-2.6142297,0.053363208,0.015686676,0.6855257,0.019395174,0.27939242,1,,,,1.0917516,-2.9321582,0.92278135,-2.6166348,0.10776746,0.014899306,0.65018773,0.024608294,0.31030467,1,,,,0.082568064,Test
778,4,1.4458727,0.45529386,-3.9854858,-5.022885,0.7260635,0.26963216,0.0031780861,0.0011262345,0,,,,0.88257784,1.4412029,0.48552275,-4.1432004,-5.049882,0.7032403,0.29093808,0.0043640286,0.0014576152,0,,,,0.06934356,Test
779,4,-2.26544,-0.96727407,-2.0469663,2.5985417,0.0073830313,0.02704089,0.009185795,0.95639026,3,,,,0.3168096,-2.3071754,-0.89313966,-2.2457886,2.6880865,0.0075534256,0.02921263,0.008122927,0.955111,3,,,,0.011513117,Test
780,4,-2.8967073,3.8428712,-4.988431,-3.2173834,0.0011805632,0.99781704,0.0001457689,0.0008566853,1,,,,0.025215002,-2.4913228,3.6598663,-4.9029675,-3.60284,0.0027109454,0.9956604,0.000462622,0.0011659327,1,,,,0.0016897267,Test
781,4,-3.4215672,3.6218972,-5.6389594,-2.2245305,0.0008697405,0.9961564,9.470842e-05,0.002879096,1,,,,0.0399431,-3.7807992,3.9351363,-5.6341586,-2.2069418,0.0010828724,0.9956089,0.00018492113,0.0031234573,1,,,,0.002193406,Test
782,4,-1.0349982,2.4232192,-4.3622675,-4.2057905,0.030452369,0.9671766,0.0010929652,0.0012780959,1,,,,0.22300296,-1.0866759,2.518909,-4.7548265,-4.1211905,0.034017958,0.9624275,0.0016329117,0.0019217676,1,,,,0.014391086,Test
783,4,-0.95304126,2.6801784,-5.7102985,-4.3733516,0.02572299,0.97321486,0.0002209382,0.0008412008,1,,,,0.18523465,-1.5300347,2.740775,-5.5444884,-3.9994648,0.019530198,0.9772593,0.00076378835,0.0024468666,1,,,,0.009991591,Test
784,4,-3.5620012,4.0372415,-5.701539,-2.298759,0.0004996658,0.9976743,5.881525e-05,0.001767253,1,,,,0.025817906,-3.5287204,4.090686,-5.6183043,-2.5834198,0.0051717814,0.99172944,0.0005376085,0.0025611597,1,,,,0.009596196,Test
785,4,-3.092469,-0.04442704,-3.1208704,2.7009993,0.002847419,0.060006626,0.0027676856,0.93437827,3,,,,0.38264206,-3.035504,0.053299516,-3.123097,2.4675715,0.005008872,0.08980213,0.004096108,0.9010928,3,,,,0.020156547,Test
786,4,-3.12775,5.1845245,-7.428734,-4.748665,0.000245412,0.99970275,3.3266138e-06,4.8522317e-05,1,,,,0.004127789,-2.7956178,5.26331,-7.583838,-4.77858,0.0011312759,0.9987298,2.125603e-05,0.00011762286,1,,,,0.0014498408,Test
787,4,-1.9517488,0.26531082,-2.3465474,0.69707304,0.040013626,0.367337,0.026961813,0.56568754,3,,,,1.3220367,-2.163559,0.23564708,-2.1194818,0.69075316,0.033615746,0.3701796,0.03763299,0.5585717,3,,,,0.08294986,Test
788,4,4.6297565,-4.900264,-2.807059,-9.8520775,0.9993382,7.259012e-05,0.0005887686,5.1325327e-07,0,,,,0.008280939,4.323326,-4.906047,-2.788409,-8.659405,0.9986598,0.00028116896,0.001053531,5.601525e-06,0,,,,0.00041786098,Test
789,4,-4.0089192,5.8282237,-7.4728956,-5.8853674,5.342636e-05,0.9999367,1.6725149e-06,8.181346e-06,1,,,,0.0010198189,-3.8502934,5.871072,-7.817047,-5.5413795,0.00011402613,0.9998352,2.8992986e-06,4.7953024e-05,1,,,,0.00011791128,Test
790,4,-2.059502,1.6023582,-3.7086728,-0.98002404,0.023218535,0.90398324,0.004462816,0.068335444,1,,,,0.55707926,-2.1724076,1.7430872,-3.9113762,-1.0105888,0.02594937,0.8971799,0.0053500766,0.07152076,1,,,,0.04035554,Test
791,4,-0.62893134,1.9971111,-3.6723363,-3.695305,0.06705453,0.92662466,0.003196643,0.0031240566,1,,,,0.41578653,-0.72598004,1.8075674,-3.555811,-3.2252178,0.07960175,0.9075777,0.0046149236,0.008205676,1,,,,0.021239486,Test
792,4,-0.22699267,0.8283389,-3.2470202,-2.5744574,0.24892098,0.71513194,0.012147309,0.023799647,1,,,,1.0509634,-0.23111682,0.63107246,-2.8932695,-2.5339751,0.28409743,0.64501035,0.03300923,0.037882894,1,,,,0.07575236,Test
793,4,-1.0745621,-0.011810953,-0.59474623,-3.2380872,0.17777717,0.51454455,0.28724828,0.020430032,1,,,,1.567872,-1.1180621,-0.0007775485,-0.4637271,-3.1953616,0.161151,0.49779803,0.3185861,0.02246485,1,,,,0.09388534,Test
794,4,-1.5555314,-0.2657952,-2.6516342,1.716851,0.031908013,0.1158844,0.010662724,0.8415449,3,,,,0.7981982,-1.4839221,-0.30834112,-2.7288175,1.7331047,0.03627107,0.118621066,0.011003167,0.8341047,3,,,,0.030700732,Test
795,4,-1.9776874,0.5300728,-2.987065,-1.4257734,0.065026194,0.79835254,0.023698512,0.11292277,1,,,,0.9990455,-1.9491543,0.35312945,-2.7614422,-1.3451709,0.07625322,0.7058462,0.057447024,0.16045359,1,,,,0.09086652,Test
796,4,-3.3441215,-1.2289041,-1.0177929,2.2691722,0.003406261,0.028242629,0.034881055,0.9334701,3,,,,0.43484905,-3.7041745,-1.1392915,-1.1425089,2.414882,0.002299299,0.03579227,0.028683811,0.93322456,3,,,,0.02126808,Test
797,4,-0.6657684,2.963155,-4.265225,-6.9051194,0.025838774,0.97340447,0.00070639513,5.0414572e-05,1,,,,0.18225005,-0.40698594,3.0988078,-4.5093503,-7.1908035,0.038523268,0.9604883,0.00088595983,0.00010240538,1,,,,0.015006279,Test
798,4,-2.2227733,3.02096,-5.310225,-2.7726145,0.005235644,0.99150425,0.00023883983,0.0030211844,1,,,,0.08004012,-2.103159,2.845987,-5.0913367,-2.6407456,0.01163388,0.98219645,0.00064219505,0.005527555,1,,,,0.0077740503,Test
799,4,-2.2690985,1.1843545,-2.7976665,-0.8415889,0.026761504,0.8459139,0.015774528,0.11155012,1,,,,0.79141366,-2.2466824,1.3933289,-3.103683,-0.7391909,0.027276063,0.835511,0.012519198,0.12469374,1,,,,0.064076655,Test
800,4,2.9453392,0.4592722,-3.9202018,-8.827916,0.9222646,0.076766245,0.0009620307,7.1087907e-06,0,,,,0.40172955,3.0484462,0.4317184,-4.001481,-9.201118,0.9193101,0.07877074,0.0018516773,6.748589e-05,0,,,,0.027264263,Test
801,4,-1.232065,2.6376107,-4.7032604,-3.9475958,0.020398136,0.97761816,0.0006339712,0.0013497409,1,,,,0.16607223,-1.3251693,2.6528032,-4.6656494,-3.9810658,0.030195793,0.9630429,0.004054973,0.0027063815,1,,,,0.02654084,Test
802,4,0.34152105,4.1006107,-6.1867514,-9.63242,0.022773411,0.9771922,3.3283995e-05,1.0612084e-06,1,,,,0.15730587,0.5369785,4.4472837,-6.951753,-10.059089,0.0236715,0.9762681,5.7726254e-05,2.6581415e-06,1,,,,0.008909847,Test
803,4,-2.3680944,2.3169506,-4.157984,-1.175546,0.008867008,0.96043146,0.001480601,0.029220955,1,,,,0.27924213,-2.0979352,2.5949752,-4.8408394,-1.2469466,0.01127653,0.9636529,0.001102479,0.02396811,1,,,,0.009748374,Test
804,4,-2.3498726,2.852327,-4.290987,-3.1553237,0.005456671,0.9913215,0.0007832718,0.0024385122,1,,,,0.08273552,-2.430328,2.844389,-4.0975432,-3.3112369,0.007459634,0.9852818,0.0026169498,0.0046414593,1,,,,0.008633399,Test
805,4,1.4462388,-2.6005857,0.4064183,-7.0335803,0.7292863,0.012746312,0.25781596,0.00015141167,0,,,,0.91847336,1.4232949,-2.4822197,0.2795853,-7.125376,0.74200976,0.018567989,0.23902759,0.00039460644,0,,,,0.021250721,Test
806,4,-1.8125572,2.124523,-4.1727257,-1.7095155,0.018701509,0.95880175,0.0017655027,0.02073133,1,,,,0.29763207,-1.5710157,2.2656054,-4.3388696,-1.974514,0.033461425,0.9438392,0.0022657658,0.020433571,1,,,,0.03285556,Test
807,4,-3.9008505,6.0972104,-8.562499,-6.751475,4.5485824e-05,0.99995136,4.298805e-07,2.6294551e-06,1,,,,0.00078392646,-4.5665016,5.842465,-7.834913,-6.511584,0.00027235292,0.9997042,9.583435e-06,1.3909635e-05,1,,,,0.0002566622,Test
808,4,-2.5941563,-2.1778364,0.22711053,0.57290214,0.0232277,0.035221804,0.39018166,0.55136883,3,,,,1.2994676,-2.7954526,-2.1023376,0.27598745,0.6600839,0.022772336,0.03895872,0.38198194,0.556287,3,,,,0.049083803,Test
809,4,4.5318284,-1.5434904,-3.9520977,-11.38423,0.9975005,0.002293167,0.00020624857,1.2208355e-07,0,,,,0.026237013,4.3677998,-1.8916566,-3.5293853,-11.239998,0.99675906,0.0028361748,0.00040404778,7.866669e-07,0,,,,0.0011596045,Test
810,4,-0.74919266,1.9840858,-4.0915365,-2.9341764,0.060492147,0.9305651,0.0021386386,0.0068041286,1,,,,0.40938368,-0.8471576,2.0581727,-4.1987,-2.7629356,0.062384527,0.92715234,0.0024078747,0.008055175,1,,,,0.025157059,Test
811,4,-3.2483687,4.52206,-6.1178155,-3.7108064,0.00042173217,0.9992888,2.3924995e-05,0.00026558441,1,,,,0.009275916,-3.0992558,4.641058,-6.1455855,-3.9451969,0.0006875907,0.9989792,4.7440197e-05,0.00028579222,1,,,,0.0005001344,Test
812,4,-1.9609665,3.507307,-5.5203643,-4.251092,0.0041985,0.99525696,0.00011947228,0.00042511395,1,,,,0.046295553,-1.9893402,3.6263442,-5.538436,-4.441901,0.0039303135,0.9949479,0.00026346178,0.0008583566,1,,,,0.0014523633,Test
813,4,2.1735373,0.9822081,-5.0858307,-8.345484,0.76654917,0.23289078,0.00053930766,2.071034e-05,0,,,,0.78978735,1.9720615,0.79216415,-4.391355,-7.974654,0.73502415,0.2618324,0.0030627209,8.0681595e-05,0,,,,0.06895667,Test
814,4,-1.4930489,2.420992,-3.7446718,-3.7289987,0.019488197,0.97637796,0.00205071,0.0020831043,1,,,,0.18125755,-1.648426,2.6931539,-3.9583964,-3.9821289,0.016617779,0.9799906,0.0017099067,0.0016817373,1,,,,0.00918504,Test
815,4,-1.6293226,3.0282435,-4.362445,-5.181892,0.009392056,0.98972815,0.00061063364,0.00026909114,1,,,,0.0877034,-1.6979339,2.7800498,-3.699803,-5.00592,0.01724312,0.9781002,0.004040652,0.0006159895,1,,,,0.011278841,Test
816,4,-2.459689,3.2811818,-4.814703,-2.7783737,0.0031932832,0.9941818,0.00030301764,0.0023218507,1,,,,0.058703154,-2.8442953,3.120954,-4.355193,-2.2329235,0.0047195824,0.98313105,0.0017683614,0.0103811,1,,,,0.011586113,Test
817,4,1.7379452,0.94727665,-4.059402,-5.9312615,0.6863211,0.3112751,0.0020833944,0.00032050384,0,,,,0.91908526,1.9302294,1.0318358,-4.122899,-6.294901,0.7031325,0.2941319,0.0023111259,0.00042442832,0,,,,0.042403445,Test
818,4,-1.049288,2.5638914,-4.8143134,-2.503301,0.026082031,0.96722007,0.0006042431,0.0060935686,1,,,,0.23502041,-0.9709719,2.505026,-4.7843943,-2.3441823,0.04023791,0.94447726,0.0019740625,0.01331087,1,,,,0.027591962,Test
819,4,-3.3211868,3.4471457,-5.4198704,-2.0863488,0.0011436144,0.99478465,0.00014022745,0.0039315424,1,,,,0.051890913,-2.8644092,3.2122204,-5.3539515,-2.090856,0.0027896678,0.99070346,0.00029209335,0.0062147537,1,,,,0.0032845126,Test
820,4,-2.5689263,1.6189336,-3.6338046,-3.3017068,0.014769524,0.9730407,0.0050920877,0.007097804,1,,,,0.21763822,-3.0394273,1.6117954,-3.4040272,-3.0631158,0.0110205915,0.9679087,0.009450073,0.011620657,1,,,,0.009353244,Test
821,4,-0.7590715,-0.04187674,-1.7918478,-2.1212041,0.27316362,0.5596244,0.09725095,0.069961034,1,,,,1.5755085,-0.69178534,-0.048392117,-1.8669326,-2.148254,0.28734538,0.53441983,0.09886488,0.07936992,1,,,,0.08354129,Test
822,4,-1.6346978,2.6811056,-4.7508407,-2.5048876,0.013099814,0.98083234,0.0005806862,0.0054871463,1,,,,0.1567659,-1.3378131,2.4902642,-4.6832933,-2.840217,0.028149515,0.965048,0.00094629976,0.005856239,1,,,,0.014078626,Test
823,4,-3.311594,3.1460755,-5.085686,-1.3395015,0.0015481586,0.9870646,0.00026262546,0.011124595,1,,,,0.10831666,-3.3577893,3.1419861,-4.934684,-1.5466572,0.0023079866,0.9778592,0.0008261284,0.01900669,1,,,,0.012900628,Test
824,4,-0.8847836,0.57368934,-3.42634,-7.9546895,0.18590875,0.79929405,0.0146391485,0.0001580807,1,,,,0.80080324,-1.1004071,0.9045863,-3.997263,-8.264913,0.1359761,0.8471783,0.01641474,0.00043087485,1,,,,0.04636152,Test
825,4,-0.102152884,4.858571,-6.4568,-10.225303,0.006958999,0.9930287,1.209926e-05,2.7933072e-07,1,,,,0.060100693,-0.1594329,4.6873655,-6.2662873,-9.439583,0.016130958,0.9837769,8.770682e-05,4.384291e-06,1,,,,0.009674054,Test
826,7,-0.5305852,0.25304523,-2.5395846,-4.143096,0.29846174,0.65345407,0.040030524,0.008053697,1,,,,1.1636236,-0.41475886,0.07159246,-2.5646725,-4.157747,0.36842006,0.57313645,0.047496825,0.01094658,1,,,,0.072115846,Test
827,7,7.0336866,-6.376346,-4.825687,-13.397762,0.9999914,1.500007e-06,7.071898e-06,1.338845e-09,0,,,,0.00016243862,6.8924127,-5.50584,-5.1727266,-12.365842,0.99995697,1.7716158e-05,2.5165315e-05,1.710271e-07,0,,,,3.6142024e-05,Test
828,7,1.6827304,-2.354437,-1.7526629,-6.155607,0.9521502,0.016802965,0.030671366,0.0003754556,0,,,,0.32486606,1.7328203,-2.6160085,-1.5236464,-6.8278327,0.9340973,0.014897634,0.0501735,0.0008315781,0,,,,0.021762967,Test
829,7,2.195362,1.2647336,-4.7301946,-5.8637156,0.7165354,0.28253406,0.00070389296,0.0002265815,0,,,,0.86989135,2.3441234,1.3682435,-4.667634,-6.79568,0.7202226,0.2783845,0.0012714562,0.0001214821,0,,,,0.03541131,Test
830,7,-0.05007124,-0.16757989,-2.3632288,-2.4945984,0.48196298,0.42852908,0.047689427,0.041818555,0,,,,1.4322841,-0.029727126,-0.06373578,-2.4565182,-2.4144561,0.45795554,0.44493896,0.048593394,0.048512094,0,,,,0.07356779,Test
831,7,-1.4219469,2.0349078,-3.8338764,-1.6981896,0.029792644,0.94493514,0.0026706778,0.022601556,1,,,,0.3746324,-1.432687,1.9137976,-3.5528564,-1.5083964,0.03722035,0.9241079,0.005655638,0.0330161,1,,,,0.015487731,Test
832,7,-1.6401061,2.1714177,-4.067669,-2.428556,0.02138484,0.96700746,0.0018872479,0.009720457,1,,,,0.2474892,-1.6863749,2.0803995,-3.966542,-2.0335667,0.035201505,0.93350583,0.006502889,0.02478976,1,,,,0.039584763,Test
833,7,1.1592273,0.87520427,-3.030266,-6.2817607,0.5654541,0.4256452,0.008568871,0.00033175488,0,,,,1.0522829,0.99436665,0.85668916,-2.803608,-6.4768295,0.52431256,0.46238652,0.012688902,0.00061204814,0,,,,0.064199775,Test
834,7,-1.81961,-0.6692227,-2.204503,1.7466497,0.024860814,0.07854567,0.016918367,0.87967515,3,,,,0.6830672,-1.5630877,-0.6464546,-2.3510792,1.6544907,0.039937094,0.09672217,0.01708014,0.84626067,3,,,,0.040196504,Test
835,7,1.0227623,1.3256147,-3.6688123,-4.6481633,0.42259505,0.5720731,0.0038761408,0.001455703,1,,,,1.0308454,0.9881905,1.1044129,-3.0881383,-4.4370127,0.467007,0.51973784,0.009689624,0.0035655375,1,,,,0.059097018,Test
836,7,2.186171,-2.653185,-1.8147687,-7.099833,0.97437084,0.007709367,0.01782946,9.0336645e-05,0,,,,0.19540605,2.0580301,-2.5833662,-1.8271831,-6.8763037,0.9623985,0.012616171,0.024511207,0.0004740627,0,,,,0.014344047,Test
837,7,1.0280844,-0.7792895,-1.9452807,-5.2439647,0.8216226,0.13481551,0.042010356,0.0015515155,0,,,,0.8292314,1.0421711,-0.9429413,-1.9798181,-4.8814383,0.8286587,0.11947952,0.04749592,0.0043657823,0,,,,0.03174617,Test
838,7,5.5565424,-3.1004298,-4.562418,-12.646055,0.99978584,0.00017387288,4.0299376e-05,1.2434229e-08,0,,,,0.0030692026,5.306927,-2.1784208,-4.9429736,-12.4552965,0.9984927,0.0014010682,0.00010613959,1.6763278e-07,0,,,,0.00081504695,Test
839,7,1.3554928,2.563153,-4.433405,-8.700622,0.22995105,0.7693351,0.00070396153,9.870071e-06,1,,,,0.78622246,1.2486575,2.3754897,-3.984716,-8.003328,0.2587459,0.73906004,0.0020695725,0.00012445799,1,,,,0.066582784,Test
840,7,0.7427101,3.5909424,-7.3457036,-11.183836,0.054771826,0.94521105,1.6819147e-05,3.6217966e-07,1,,,,0.30662942,0.8306511,3.7575698,-7.858716,-12.066916,0.07396464,0.9259573,7.738277e-05,7.4578554e-07,1,,,,0.031578176,Test
841,7,-2.9744499,1.8224754,-3.9106352,0.21425545,0.0068126135,0.82526237,0.0026713687,0.16525362,1,,,,0.7297338,-3.1021106,1.8474314,-3.924848,0.4203779,0.0069274055,0.7804488,0.0027871304,0.20983669,1,,,,0.05445122,Test
842,7,-2.2707415,-0.4367211,-2.514015,1.3161129,0.022643216,0.1417239,0.017753577,0.81787926,3,,,,0.863706,-2.166538,-0.5214535,-2.36861,1.3732641,0.029288765,0.13327633,0.026558395,0.81087655,3,,,,0.043081366,Test
843,7,1.9984679,0.87273926,-4.685482,-5.791947,0.754102,0.24464276,0.0009432515,0.00031195788,0,,,,0.81709033,1.8536375,0.9773714,-4.7489834,-5.3736787,0.69580245,0.30179334,0.0013572972,0.0010469817,0,,,,0.052903783,Test
844,7,2.1473577,-0.32657355,-3.797155,-3.8141265,0.91789496,0.07733539,0.0024050497,0.0023645766,0,,,,0.44058168,2.167606,-0.2820957,-3.651965,-4.159211,0.9041459,0.089252345,0.004072929,0.0025288626,0,,,,0.020919502,Test
845,7,0.09525041,1.7643054,-4.994333,-4.3416843,0.15809919,0.83905613,0.00097398367,0.001870654,1,,,,0.6598294,0.054854937,1.9319546,-5.2047396,-4.2874794,0.15015489,0.8462658,0.000915631,0.0026636734,1,,,,0.04388462,Test
846,7,4.947685,-1.8482462,-4.688187,-12.387533,0.99881774,0.0011169944,6.526499e-05,2.9573078e-08,0,,,,0.013566197,5.00092,-2.2260623,-4.230077,-12.090754,0.9988917,0.00093429687,0.00017387133,1.2494301e-07,0,,,,0.0004189805,Test
847,7,-0.67972136,1.450811,-3.4712582,-1.7285267,0.10171874,0.8564054,0.0062380945,0.035637774,1,,,,0.7440489,-0.7482003,1.293976,-3.0393429,-1.5546604,0.114631966,0.8152033,0.014239818,0.0559249,1,,,,0.04374163,Test
848,5,-0.18154569,2.972099,-5.0520835,-9.08858,0.040934816,0.9587456,0.000313939,5.5439186e-06,1,,,,0.25075373,-0.5595673,3.275977,-5.308563,-8.57481,0.03663442,0.9629055,0.00044789087,1.2183758e-05,1,,,,0.021111382,Test
849,5,0.89835316,4.214097,-6.6123004,-12.000877,0.035034336,0.9649464,1.9171617e-05,8.758499e-08,1,,,,0.21937133,0.6932189,4.4098215,-6.9291396,-12.180587,0.073136866,0.9263784,0.0004843523,3.9395348e-07,1,,,,0.08512016,Test
850,5,4.240533,0.38957974,-7.3662243,-11.938619,0.9791743,0.020816721,8.914756e-06,9.2117844e-08,0,,,,0.14616649,4.3052206,-0.07699937,-6.7420106,-12.823995,0.9802233,0.019604264,0.00017223353,2.3774632e-07,0,,,,0.0091935955,Test
851,5,-0.20261532,2.9165227,-5.183136,-5.732634,0.0423053,0.9572363,0.0002906578,0.00016777923,1,,,,0.25891533,-0.23235321,2.8535335,-4.985484,-5.751123,0.060263526,0.9377552,0.0011582047,0.00082313747,1,,,,0.024278665,Test
852,5,-1.045498,5.0321937,-6.6449986,-9.505539,0.0022881967,0.9977029,8.465661e-06,4.84556e-07,1,,,,0.023534277,-1.2395787,5.2114706,-7.2106943,-8.25141,0.0026341358,0.99729806,6.230995e-05,5.4343977e-06,1,,,,0.0017078224,Test
853,5,3.8314905,0.9188422,-5.995284,-12.145184,0.94841945,0.0515292,5.1201947e-05,1.092494e-07,0,,,,0.29366013,3.540929,0.5029445,-5.383639,-11.304599,0.9482831,0.051523484,0.0001923642,1.0721994e-06,0,,,,0.011592748,Test
854,5,5.2713995,-1.0568513,-5.0617824,-13.900778,0.9981856,0.0017819145,3.2476382e-05,4.7080477e-09,0,,,,0.019372724,5.040187,-0.9239603,-4.5593243,-14.139768,0.9950735,0.0045032734,0.00042206637,1.0948328e-06,0,,,,0.0026791503,Test
855,5,2.640454,0.8484303,-5.5153594,-12.801351,0.8569642,0.14278962,0.0002460016,1.6852798e-07,0,,,,0.5947517,2.89784,0.80471313,-5.4340434,-13.746376,0.84324247,0.15644675,0.00031064724,2.3702277e-07,0,,,,0.06603082,Test
856,5,0.6813762,4.189866,-5.694757,-10.836827,0.029070185,0.9708801,4.946848e-05,2.8917157e-07,1,,,,0.1904907,0.63355404,4.4480433,-6.0686035,-10.699102,0.034606893,0.965353,3.8761784e-05,1.3574161e-06,1,,,,0.015386706,Test
857,5,2.391544,1.2000556,-4.439911,-7.9728837,0.7663542,0.23279446,0.0008271156,2.4166615e-05,0,,,,0.79259294,2.3666272,1.4552941,-4.3719883,-8.26725,0.70361763,0.29448432,0.0018661709,3.1863965e-05,0,,,,0.05083181,Test
858,5,3.2030787,0.065831944,-4.506589,-11.425993,0.9579911,0.04157885,0.00042963075,4.2465493e-07,0,,,,0.25489306,3.1120415,0.212009,-4.5177674,-10.766388,0.9334855,0.06579891,0.0007117983,3.8697112e-06,0,,,,0.024856394,Test
859,5,1.5249066,3.4955122,-7.717181,-12.674175,0.12232239,0.87766564,1.1849998e-05,8.335336e-08,1,,,,0.5362107,1.2827866,2.966228,-6.7334394,-12.469686,0.19555761,0.80334204,0.0010620675,3.8250982e-05,1,,,,0.06481362,Test
860,5,-2.3247504,4.7884846,-6.6710753,-6.85588,0.0008135785,0.9991672,1.0539362e-05,8.761026e-06,1,,,,0.009872694,-2.1850295,4.756758,-7.0020356,-6.574768,0.0025014288,0.99745834,2.3309407e-05,1.6781389e-05,1,,,,0.0024444177,Test
861,5,-4.197528,6.8068266,-8.63784,-7.7017503,1.6628845e-05,0.9999827,1.9609155e-07,5.0003155e-07,1,,,,0.00030377173,-3.9551132,6.7177277,-8.507359,-7.8783126,0.00010329766,0.9998848,8.185174e-06,3.749828e-06,1,,,,8.6117994e-05,Test
862,5,1.2646043,2.8047945,-5.8090878,-10.509121,0.176481,0.82336813,0.00014949703,1.359672e-06,1,,,,0.6744196,1.2331924,2.817556,-6.106687,-10.558929,0.21104124,0.7886303,0.0003097993,1.8571376e-05,1,,,,0.085941546,Test
863,5,1.2541358,4.244016,-5.7332234,-12.137079,0.04788302,0.9520726,4.421911e-05,7.3189796e-08,1,,,,0.27803734,1.4357667,4.518099,-6.065686,-12.393656,0.07363544,0.92622375,0.00013989613,9.660159e-07,1,,,,0.035451245,Test
864,5,-4.2805176,6.65844,-7.867845,-7.9361477,1.7752647e-05,0.9999813,4.912543e-07,4.5882084e-07,1,,,,0.00032712228,-4.8623457,6.7467375,-7.573687,-6.881892,3.5585323e-05,0.9999582,2.9267567e-06,3.2113608e-06,1,,,,3.7511953e-05,Test
865,5,-0.9555704,5.1405263,-6.3761373,-9.22621,0.0022465577,0.9977429,9.940201e-06,5.7494293e-07,1,,,,0.023195118,-1.1806285,5.248271,-5.804291,-10.003009,0.0032578441,0.99668854,5.2387546e-05,1.3002518e-06,1,,,,0.0016714425,Test
866,5,-0.3558148,5.212383,-7.1607976,-11.670099,0.0038028217,0.99619305,4.214437e-06,4.6384674e-08,1,,,,0.036128145,-0.4279763,5.454934,-7.8410964,-11.107349,0.0046103164,0.99537545,1.2739925e-05,1.4827676e-06,1,,,,0.0026560435,Test
867,5,-4.3959484,6.8009324,-9.657593,-8.718767,1.3716729e-05,0.99998593,7.11455e-08,1.8191739e-07,1,,,,0.00024746032,-4.236216,7.1771154,-10.625569,-8.91804,5.5270135e-05,0.99994314,8.0989466e-08,1.5165276e-06,1,,,,4.535389e-05,Test
868,5,0.92472816,3.6377673,-5.3710504,-10.457529,0.06220114,0.9376835,0.00011470345,7.0883743e-07,1,,,,0.33779296,0.88661516,3.0970016,-4.3818007,-9.705938,0.11251322,0.8861413,0.0013336926,1.1800918e-05,1,,,,0.028428106,Test
869,5,-1.1880423,4.845425,-6.530353,-8.885019,0.0023914054,0.9975961,1.1442397e-05,1.0861721e-06,1,,,,0.024497475,-1.142048,4.730554,-6.167905,-8.798898,0.00503485,0.9948355,0.00012004203,9.645204e-06,1,,,,0.0037379616,Test
870,5,0.39632124,3.8870158,-5.369082,-12.111029,0.029575419,0.97033185,9.269324e-05,1.0941016e-07,1,,,,0.19363223,0.25996372,3.6989605,-5.107486,-12.091466,0.036994718,0.96275455,0.00024993462,7.134419e-07,1,,,,0.009295573,Test
871,5,2.5644364,3.360824,-5.2945156,-13.804184,0.31076145,0.6891185,0.0001200404,2.4189418e-08,1,,,,0.89572316,2.7634914,3.442929,-5.2961926,-15.111836,0.3503665,0.6493906,0.00024292749,4.0728487e-08,1,,,,0.07921997,Test
872,5,1.1223503,1.9380872,-4.7699466,-7.2694416,0.30638865,0.69269603,0.0008458254,6.9464615e-05,1,,,,0.8993905,0.80702174,1.8559697,-4.631398,-6.848844,0.28784817,0.70974255,0.0021366475,0.00027255557,1,,,,0.09669576,Test
873,5,-1.733135,6.02296,-7.6806273,-9.382243,0.0004279414,0.9995708,1.1179467e-06,2.0390081e-07,1,,,,0.005434688,-1.6791779,5.930705,-7.784822,-9.34889,0.0008696431,0.9991107,1.5608235e-05,4.090435e-06,1,,,,0.00051677186,Test
874,5,2.5600996,-0.64298826,-3.4301,-6.359364,0.9585215,0.038950987,0.002399337,0.00012821174,0,,,,0.26349792,2.4480596,-0.39123598,-3.5654883,-5.9521246,0.9330309,0.063911736,0.0027085873,0.00034880912,0,,,,0.018906632,Test
875,5,-0.07015384,4.129424,-5.9861207,-9.17842,0.014779566,0.985179,3.984645e-05,1.6367859e-06,1,,,,0.11170041,0.10880524,4.185756,-6.3116064,-9.057186,0.021903727,0.97802925,6.368304e-05,3.2888402e-06,1,,,,0.007631446,Test
876,5,0.09313783,4.9255695,-7.7748976,-11.3013525,0.007904125,0.99209267,3.0255858e-06,8.89795e-08,1,,,,0.066615954,-0.086296484,5.14825,-8.696836,-10.2236185,0.012906579,0.98707783,1.3560966e-05,2.0874265e-06,1,,,,0.009713347,Test
877,5,1.98756,3.613434,-5.70526,-13.137327,0.16438402,0.83554095,7.4973934e-05,4.4381775e-08,1,,,,0.6458124,2.3334825,3.495338,-5.3202395,-14.665011,0.26615506,0.7334155,0.00042926968,1.3077974e-07,1,,,,0.08417811,Test
878,5,1.1595154,3.6574066,-6.4466124,-10.618456,0.07600324,0.9239585,3.7803562e-05,5.8307455e-07,1,,,,0.3885558,1.7031991,3.9251246,-7.1056204,-11.673315,0.115951225,0.8839921,5.5444696e-05,1.1702344e-06,1,,,,0.039181266,Test
879,5,0.54896736,5.1036,-7.7381396,-13.745613,0.010408853,0.9895886,2.6203422e-06,6.4468217e-09,1,,,,0.08354409,0.5340651,5.6732354,-8.275743,-15.015561,0.018729288,0.9812145,5.6113953e-05,2.7238837e-08,1,,,,0.014114599,Test
880,5,3.8837886,-0.34391898,-6.7871675,-14.202178,0.98560137,0.014375777,2.287516e-05,1.3774189e-08,0,,,,0.10895842,3.722566,-0.27580082,-6.8218255,-14.0716505,0.9671482,0.032767612,8.384625e-05,2.1826702e-07,0,,,,0.018213313,Test
881,5,1.5404506,2.3665423,-4.689458,-9.84386,0.30428854,0.69510865,0.0005993365,3.4605305e-06,1,,,,0.8935022,1.4585918,2.5675077,-4.7377057,-9.817325,0.27800936,0.71769303,0.004291363,6.360231e-06,1,,,,0.09259464,Test
882,5,3.0088556,0.3788807,-4.2689176,-10.206566,0.9321639,0.06719063,0.00064386625,1.6986643e-06,0,,,,0.3630755,2.9915519,-0.04722979,-3.9446044,-9.925434,0.9459508,0.051839184,0.0022036768,6.3391103e-06,0,,,,0.014267315,Test
883,5,1.4283326,3.5911348,-5.5674343,-9.530061,0.103131026,0.89677274,9.444224e-05,1.7956407e-06,1,,,,0.48026353,1.5751383,3.7281723,-6.3801527,-8.936179,0.1278716,0.87203246,8.732267e-05,8.630031e-06,1,,,,0.04718408,Test
884,5,-2.676994,7.612559,-9.634024,-12.765212,3.3985158e-05,0.999966,3.235116e-08,1.4126403e-09,1,,,,0.0005543614,-2.8246791,6.9824257,-8.330882,-11.8311825,0.0002800103,0.99971855,1.3780592e-06,8.4710635e-08,1,,,,0.00026967574,Test
885,5,1.7431836,3.8867877,-5.660044,-14.022265,0.1049237,0.8950124,6.392821e-05,1.4928832e-08,1,,,,0.4853849,1.6679652,4.324911,-5.967623,-13.674614,0.08048996,0.91930497,0.00020500182,9.1048214e-08,1,,,,0.029282006,Test
886,5,1.3942778,1.9905002,-4.366699,-10.276695,0.35481063,0.64406943,0.0011169558,3.0294045e-06,1,,,,0.9502061,1.3433435,1.7090318,-3.989734,-10.833179,0.41725785,0.5786766,0.0040622493,3.310978e-06,1,,,,0.09807292,Test
887,5,5.0477147,1.9803836,-7.4518623,-14.684489,0.95552146,0.044474952,3.5624053e-06,2.5742632e-09,0,,,,0.2625157,4.9058957,1.9367605,-7.4422503,-15.075293,0.94490135,0.055072464,2.6211716e-05,3.5472716e-08,0,,,,0.014119913,Test
888,5,-0.22179413,2.7537725,-5.713322,-6.274673,0.048526734,0.95115924,0.000200005,0.00011409045,1,,,,0.2844878,-0.19611461,2.409507,-5.9034886,-5.903016,0.09236118,0.9036649,0.00043599555,0.0035379385,1,,,,0.03750132,Test
889,5,4.208965,0.4864536,-5.9982657,-12.252368,0.97636205,0.023601782,3.6030226e-05,6.926998e-08,0,,,,0.1617961,3.9337525,0.021524668,-5.266844,-11.830687,0.9731428,0.026635695,0.0002204439,1.0483151e-06,0,,,,0.011813731,Test
890,5,0.06541397,5.5518928,-9.090607,-13.2861,0.004125314,0.9958742,4.355596e-07,6.5609664e-09,1,,,,0.038627006,-0.21663651,5.4016004,-8.306169,-13.501231,0.014715862,0.9852754,8.667799e-06,5.494615e-08,1,,,,0.013872286,Test
891,5,0.3846438,4.1110506,-5.639754,-10.183525,0.023511674,0.97643083,5.6874913e-05,6.047643e-07,1,,,,0.1616231,0.565682,4.1653013,-6.1003,-9.994204,0.03573514,0.96414244,0.00012032036,2.1459048e-06,1,,,,0.0150604285,Test
892,5,1.0156159,3.6329305,-7.7936378,-11.936632,0.06803166,0.9319581,1.0160169e-05,1.6129509e-07,1,,,,0.3587208,1.0672019,3.8343613,-8.205301,-11.564782,0.07177472,0.9282015,2.24435e-05,1.3425354e-06,1,,,,0.022475809,Test
893,5,5.80617,0.047320455,-7.7304535,-15.796082,0.9968539,0.0031448135,1.3175006e-06,4.1389775e-10,0,,,,0.030699717,5.7198067,0.20531125,-8.11429,-15.294371,0.993137,0.0068588154,4.0974796e-06,3.0182807e-08,0,,,,0.0041277236,Test
894,5,3.9769416,2.3088999,-6.3814573,-14.503048,0.84129214,0.15868121,2.6690184e-05,7.928466e-09,0,,,,0.63158274,3.916469,2.5845304,-6.8250475,-14.06546,0.7690698,0.23082757,0.00010152906,1.0838714e-06,0,,,,0.061337177,Test
895,5,-0.83878297,2.4178336,-5.4764457,-5.6981077,0.037065886,0.9622878,0.0003588087,0.00028747268,1,,,,0.2370589,-0.82672215,2.5322845,-5.7559724,-5.231868,0.039436676,0.957637,0.001026052,0.0019002694,1,,,,0.01521908,Test
896,5,0.54200417,3.453332,-5.5413227,-8.068835,0.051589865,0.9482831,0.000117654665,9.395596e-06,1,,,,0.29497886,0.59146893,3.501966,-5.771953,-8.385236,0.055693388,0.9440452,0.00023120965,3.0206855e-05,1,,,,0.010679742,Test
897,5,2.46011,1.212854,-5.2808433,-8.892484,0.7765553,0.22309817,0.00033753517,9.115987e-06,0,,,,0.7702034,2.475548,1.1803023,-5.1018724,-9.252504,0.77118444,0.22639012,0.0023763636,4.9042505e-05,0,,,,0.04718237,Test
898,5,4.6418366,-0.5295628,-4.6468263,-12.96556,0.99426395,0.005644057,9.1936214e-05,2.2423649e-08,0,,,,0.051640607,4.9354153,-0.56400645,-4.9861465,-13.915297,0.9939766,0.005924249,9.9088924e-05,5.750284e-08,0,,,,0.0026690655,Test
899,5,-3.142467,5.9145646,-7.726264,-9.175637,0.00011655472,0.999882,1.1907263e-06,2.794841e-07,1,,,,0.0017227565,-3.5726783,5.9975786,-7.5969796,-9.02867,0.00029293742,0.99969184,1.3725787e-05,1.3841128e-06,1,,,,0.00021938463,Test
900,5,4.5782485,-1.804373,-4.6649017,-10.975801,0.9982157,0.0016876678,9.6599535e-05,1.7546323e-07,0,,,,0.019409146,4.712648,-2.1814277,-4.4805684,-11.107404,0.9980551,0.00175811,0.00018516,1.6686193e-06,0,,,,0.001036858,Test
901,5,2.596093,1.1627398,-5.1019096,-10.184088,0.8071257,0.19250579,0.00036621914,2.2728937e-06,0,,,,0.7113249,2.4663606,1.1348813,-4.943206,-10.099492,0.77558136,0.2237186,0.0006949773,5.1071875e-06,0,,,,0.04452357,Test
902,5,2.634445,2.0502152,-5.56624,-11.846318,0.64192677,0.35789675,0.00017618683,3.3004247e-07,0,,,,0.94326955,2.804986,1.8864975,-5.6882386,-11.351041,0.70115167,0.2986179,0.00022890605,1.49064e-06,0,,,,0.059132792,Test
903,5,-1.6053087,4.2604527,-6.0764413,-9.294521,0.002826755,0.9971396,3.2322125e-05,1.2939149e-06,1,,,,0.028561303,-1.2647803,4.097003,-6.1306014,-9.42275,0.019257203,0.9806097,0.00012139267,1.166983e-05,1,,,,0.01595025,Test
904,5,1.9132102,-2.3651905,-1.2531722,-6.3342857,0.9467163,0.013126054,0.03990961,0.00024795794,0,,,,0.34527788,2.0548933,-2.3999615,-1.3659495,-6.8046823,0.951079,0.014110985,0.034428664,0.00038140698,0,,,,0.012424806,Test
905,5,2.2525256,2.6946943,-5.314509,-10.62172,0.3911448,0.60865194,0.00020230954,1.0025904e-06,1,,,,0.9681846,2.2284462,2.375764,-4.796982,-10.166038,0.46502987,0.5341399,0.00082704285,3.2195592e-06,1,,,,0.06628899,Test
906,5,3.8920116,1.2467259,-5.763033,-12.951157,0.9336639,0.06627621,5.9849153e-05,4.5216353e-08,0,,,,0.35279208,3.9443977,1.1948407,-5.65385,-12.205745,0.9296328,0.07023507,0.00012596141,6.3305315e-06,0,,,,0.018362863,Test
907,5,2.3147,2.6115057,-6.8333087,-12.137114,0.42631906,0.57363534,4.537378e-05,2.2562749e-07,1,,,,0.98496723,2.420876,2.597558,-6.911912,-11.952173,0.46273607,0.5364257,0.00081157906,2.6669606e-05,1,,,,0.088257305,Test
908,5,2.4923,0.92065465,-4.6209116,-7.8496523,0.827438,0.17186147,0.0006737626,2.6685948e-05,0,,,,0.6702688,2.3238988,0.8695282,-4.4065933,-7.6831985,0.79628974,0.20191066,0.0016111679,0.00018841882,0,,,,0.042346902,Test
909,5,1.475945,0.846153,-4.4301176,-8.753669,0.6512699,0.3469332,0.0017733343,2.3501521e-05,0,,,,0.94935197,1.5291653,0.8195157,-4.7589464,-8.403095,0.6381906,0.3599863,0.0017546298,6.845938e-05,0,,,,0.085328005,Test
910,5,3.5860677,0.63072133,-5.215727,-11.103541,0.95037925,0.04947734,0.00014299681,3.9653415e-07,0,,,,0.2862037,3.8159256,1.1315625,-5.7851343,-11.267897,0.9246519,0.07525952,8.359447e-05,4.98007e-06,0,,,,0.025115328,Test
911,5,4.873726,-1.5233284,-4.624936,-15.097761,0.99826163,0.0016635623,7.482175e-05,2.1170825e-09,0,,,,0.018888528,4.8126197,-1.6610706,-4.451544,-14.740416,0.9971713,0.0026231264,0.00020550627,4.931517e-08,0,,,,0.0014784753,Test
912,5,0.7566411,2.944418,-5.3401093,-9.650302,0.10083034,0.89893985,0.0002268853,3.0472863e-06,1,,,,0.47472104,0.81642514,2.7951818,-5.0139375,-9.477278,0.1386005,0.85980594,0.0015198165,7.373185e-05,1,,,,0.03741243,Test
913,5,2.4696772,1.6491458,-5.7638865,-10.677097,0.6942202,0.30559412,0.00018437671,1.3549576e-06,0,,,,0.8905058,2.3569152,1.5447415,-5.27271,-11.03214,0.66664755,0.33259034,0.000758979,3.112859e-06,0,,,,0.08377768,Test
914,5,0.583095,2.9845226,-4.91909,-8.584733,0.08303505,0.91661763,0.00033860476,8.664116e-06,1,,,,0.41729078,0.44513983,2.8610306,-4.894469,-8.394033,0.08851389,0.91047657,0.0008762196,0.00013333374,1,,,,0.018160637,Test
915,5,3.777763,0.5962003,-5.538854,-11.63854,0.9600515,0.03986203,8.632551e-05,1.936774e-07,0,,,,0.24294862,3.947078,1.003447,-5.802746,-11.937376,0.9298423,0.070082344,7.500179e-05,4.753701e-07,0,,,,0.02390175,Test
916,5,3.5441444,1.162699,-5.451761,-14.468447,0.9152977,0.084588975,0.00011342022,1.3765555e-08,0,,,,0.41978174,3.4580836,1.0716296,-5.6883016,-12.937558,0.895003,0.10477717,0.00021895184,9.0542164e-07,0,,,,0.04194644,Test
917,5,-5.8437757,4.324467,-5.9640074,-1.1940136,3.8213588e-05,0.9959323,3.388456e-05,0.003995619,1,,,,0.03875496,-5.8996,4.379587,-6.1540027,-1.0008829,4.2150517e-05,0.9909625,4.6618054e-05,0.008948775,1,,,,0.0069029722,Test
918,5,-3.7212455,4.3901367,-6.116484,-3.8855908,0.00029992915,0.9994184,2.7338838e-05,0.00025447473,1,,,,0.007802026,-3.8071465,4.58805,-6.260574,-3.7559376,0.00029934192,0.99899846,3.4459164e-05,0.00066771044,1,,,,0.000664999,Test
919,5,-3.5277,-1.2405144,-1.8745979,3.375624,0.0009884852,0.009733797,0.005163016,0.98411477,3,,,,0.13687748,-3.447057,-1.2406597,-2.0989754,3.4588723,0.0017381993,0.012484958,0.0047546444,0.9810222,3,,,,0.007822048,Test
920,5,-5.098006,5.097175,-6.1757007,-3.5271854,3.73413e-05,0.99977034,1.2710204e-05,0.0001796337,1,,,,0.0033223692,-4.670179,4.4387774,-5.6463118,-3.0787323,0.0003409672,0.9988456,0.00012519267,0.00068836485,1,,,,0.000519831,Test
921,5,-2.5996058,1.2884274,-2.0676246,-2.082145,0.018798815,0.91766,0.03200125,0.03153994,1,,,,0.5377275,-2.4095814,1.0905858,-1.8404357,-2.3125148,0.036830045,0.86959094,0.057745766,0.03583325,1,,,,0.03933625,Test
922,5,2.2011216,1.5447209,-4.2396317,-9.321036,0.6577562,0.341188,0.0010492561,6.517116e-06,0,,,,0.93733346,1.9849533,1.377907,-3.9566162,-8.590801,0.6388391,0.35784236,0.0032871973,3.127983e-05,0,,,,0.055001225,Test
923,5,-1.9095627,2.0982513,-4.2087665,-1.272782,0.017236277,0.9484511,0.0017294656,0.032583207,1,,,,0.3502168,-1.7440525,2.1349273,-4.254501,-1.458368,0.024294624,0.9380536,0.0031564082,0.03449543,1,,,,0.023171503,Test
924,5,-1.628983,0.10838742,-2.799002,1.549928,0.03224421,0.18322392,0.010007348,0.7745246,3,,,,0.9603348,-1.4478489,-0.025058562,-2.797133,1.7571805,0.034042772,0.149235,0.010071402,0.8066508,3,,,,0.043387704,Test
925,5,0.6857157,-4.800307,1.4257872,-5.5954742,0.32236215,0.0013359637,0.67569864,0.0006031954,2,,,,0.92784363,0.6622941,-4.813138,1.4563813,-5.4364433,0.31397948,0.0016667669,0.6830786,0.0012751629,2,,,,0.034797627,Test
926,5,-2.3949802,-1.242192,-1.5796582,1.4958504,0.01805757,0.05718852,0.04080836,0.8839456,3,,,,0.6863041,-2.619037,-1.1009239,-1.6672113,1.623081,0.0147418035,0.061384898,0.03563776,0.88823545,3,,,,0.018995583,Test
927,5,-0.09319614,1.0995659,-3.6477678,-2.1196594,0.22438797,0.7396215,0.0064160656,0.029574519,1,,,,1.0025641,-0.11106391,1.1172312,-3.7255378,-2.1059144,0.2345235,0.7146481,0.009440759,0.041387666,1,,,,0.08464749,Test
928,5,0.6821104,-0.7896928,-1.4611516,-4.4271293,0.7391947,0.1696535,0.08668661,0.0044652345,0,,,,1.0971646,0.6095228,-0.76460737,-1.436645,-4.0195127,0.6810397,0.20045154,0.10291672,0.015592009,0,,,,0.07266251,Test
929,5,2.0236728,1.4771619,-5.032372,-7.4234376,0.63294846,0.36645585,0.00054571655,4.9950577e-05,0,,,,0.95500773,2.0487885,1.447727,-5.1665697,-6.9657683,0.6293894,0.36937127,0.0010504813,0.00018886091,0,,,,0.07139807,Test
930,5,1.4995725,0.86807764,-3.8626328,-5.3643703,0.6503932,0.34587663,0.0030507017,0.00067952176,0,,,,0.96605784,1.6158155,0.784608,-4.0005426,-5.501462,0.68328387,0.3126384,0.003261156,0.00081657106,0,,,,0.060970694,Test
931,5,-3.0050344,2.0018306,-4.0229335,0.007477386,0.0058433297,0.873201,0.0021115066,0.11884411,1,,,,0.59811926,-3.1639147,1.8109343,-3.8090653,0.07095267,0.0066913515,0.8293217,0.004910114,0.1590768,1,,,,0.04566143,Test
932,5,0.5190471,1.0939369,-3.5488033,-3.6662893,0.3559649,0.6325264,0.0060920324,0.005416748,1,,,,1.0340412,0.4203102,0.9560108,-3.2418125,-3.3800979,0.36764997,0.60397726,0.014613013,0.013759717,1,,,,0.08134569,Test
933,5,1.9574989,0.5490851,-3.8134425,-5.708953,0.80120766,0.19591998,0.002497222,0.0003751866,0,,,,0.7427848,2.1435518,0.6196954,-4.069166,-5.7079754,0.81083524,0.1854635,0.0025327299,0.0011684501,0,,,,0.031752508,Test
934,5,3.254174,-0.10860095,-5.113357,-7.0576916,0.96627265,0.033470728,0.00022445394,3.2115397e-05,0,,,,0.21506695,3.3291583,0.18807884,-5.6301904,-6.8992476,0.9426718,0.05710449,0.00016807704,5.5664936e-05,0,,,,0.026930152,Test
935,5,2.4874582,-0.14680351,-3.8789277,-6.7706203,0.931458,0.06685253,0.0016005785,8.880365e-05,0,,,,0.3723931,2.5074344,-0.24272835,-3.678761,-7.176716,0.92431,0.07270059,0.0028446713,0.00014469595,0,,,,0.024318052,Test
936,5,0.040768668,1.7106732,-4.0615125,-3.416615,0.15723993,0.8352052,0.0025999483,0.0049549597,1,,,,0.69691753,0.15114069,1.774736,-4.0691357,-3.641629,0.19037548,0.7982985,0.0051961956,0.006129857,1,,,,0.063639864,Test
937,5,0.91773844,2.2143292,-4.809175,-6.8725977,0.2145702,0.7846421,0.0006988797,8.8770605e-05,1,,,,0.7595104,0.940646,2.0940576,-4.4590745,-7.333893,0.24882634,0.7492107,0.0016375622,0.00032536825,1,,,,0.046880547,Test
938,5,-3.2303982,2.4113235,-3.403636,-2.290752,0.003492257,0.984634,0.0029367704,0.008936951,1,,,,0.1360274,-3.4131055,2.5588691,-3.5677223,-2.335986,0.004234686,0.98262846,0.0035242166,0.009612737,1,,,,0.006276297,Test
939,5,-1.4161302,0.86498344,-3.410956,-0.8046092,0.078327894,0.76664007,0.010655519,0.14437655,1,,,,1.0546463,-1.7261236,0.8400747,-3.1575117,-0.7756852,0.06296559,0.7542156,0.017120445,0.16569835,1,,,,0.050960314,Test
940,5,-1.9360392,-1.4961334,-1.8731974,2.83234,0.008240918,0.012794525,0.008775412,0.9701891,3,,,,0.23982476,-1.9663388,-1.3228176,-1.9894159,2.9120395,0.008202654,0.017152343,0.008422682,0.9662223,3,,,,0.009865874,Test
941,6,-9.730941,12.537127,-14.260801,-10.525927,2.1335442e-10,1.0,2.3004235e-12,9.634813e-11,1,,,,1.0148955e-08,-8.914858,12.738176,-15.020434,-10.67145,3.5694935e-08,1.0,3.8774398e-10,8.987496e-09,1,,,,6.0124044e-08,Test
942,6,0.82249135,3.8405385,-6.13524,-10.879142,0.046615105,0.9533402,4.434272e-05,3.859862e-07,1,,,,0.27255124,0.52804726,3.455133,-5.5760937,-9.752378,0.061648667,0.93800306,0.00034488688,3.291901e-06,1,,,,0.019572135,Test
943,6,-3.5842166,7.281726,-9.391605,-9.942227,1.9097348e-05,0.9999809,5.7392555e-08,3.3092064e-08,1,,,,0.00032909497,-3.9209466,6.7702003,-8.597254,-8.5873375,9.1263166e-05,0.9998913,6.619199e-06,1.085473e-05,1,,,,7.202989e-05,Test
944,6,1.0130742,4.2306137,-6.4943047,-12.565753,0.038510177,0.96146876,2.1142792e-05,4.8793883e-08,1,,,,0.23577806,0.7872849,4.1647315,-5.870728,-12.634535,0.046646923,0.95324194,0.000110994326,2.420856e-07,1,,,,0.024611112,Test
945,6,-2.205761,5.7068405,-7.499974,-8.873222,0.00036596612,0.99963176,1.8373577e-06,4.6537087e-07,1,,,,0.004753825,-2.2088625,5.69987,-7.3633957,-8.821234,0.0007019869,0.9991969,9.544258e-05,5.715604e-06,1,,,,0.0004995709,Test
946,6,-3.1180425,6.1020317,-7.6851087,-7.613852,9.902136e-05,0.9998988,1.0286728e-06,1.1046473e-06,1,,,,0.0015054122,-3.0655868,6.838095,-8.684253,-8.054774,0.00011247315,0.99988365,1.3019351e-06,2.654787e-06,1,,,,7.96758e-05,Test
947,6,-3.7940595,6.7514462,-8.65233,-8.261082,2.6310761e-05,0.99997306,2.042741e-07,3.020859e-07,1,,,,0.00044998358,-3.3475876,6.421135,-8.835653,-8.215375,0.00026631824,0.99972755,1.3830465e-06,4.689897e-06,1,,,,0.00022031792,Test
948,6,-3.849912,5.4912505,-8.29854,-5.7011857,8.772836e-05,0.99989736,1.0259478e-06,1.3776603e-05,1,,,,0.0015730448,-3.7924237,4.8692455,-7.5821342,-4.558645,0.0018528284,0.9978283,5.2350933e-05,0.0002665214,1,,,,0.0026845962,Test
949,6,-4.2798867,7.08585,-9.728524,-7.0970755,1.1585593e-05,0.9999877,4.9843123e-08,6.9251394e-07,1,,,,0.00022306574,-5.2819047,7.4232397,-9.566146,-6.6848054,1.1895184e-05,0.99998015,1.3874114e-06,6.436151e-06,1,,,,1.8421482e-05,Test
950,6,-2.2713685,4.9678335,-8.279915,-6.7276816,0.00071736216,0.9992725,1.7630309e-06,8.3250425e-06,1,,,,0.0087161735,-2.3441224,4.4990926,-7.580041,-5.8597436,0.006324917,0.9933877,8.008958e-05,0.00020732947,1,,,,0.006541517,Test
951,6,-0.99060315,2.5696764,-5.0606465,-3.464561,0.027567685,0.969639,0.00047076365,0.0023225981,1,,,,0.21148075,-1.0811973,2.5141625,-4.9651003,-3.1125731,0.04308394,0.9456229,0.002045766,0.009247379,1,,,,0.034811184,Test
952,6,-0.616638,2.3143477,-5.1668034,-3.814657,0.0505114,0.9468918,0.000533676,0.0020630395,1,,,,0.3163188,-0.8025285,2.385499,-5.240611,-3.5598083,0.055538755,0.9379878,0.0014030191,0.005070338,1,,,,0.02682614,Test
953,6,-2.2744732,-1.0498226,-0.5216902,-5.4811363,0.097903796,0.33316436,0.5649676,0.0039642723,2,,,,1.3535459,-2.1681066,-0.67279685,-0.6740204,-5.7170367,0.105818495,0.4570512,0.43299222,0.004138125,1,,,,0.11059156,Test
954,6,1.1312222,3.5808132,-5.7956643,-10.181981,0.0794622,0.9204589,7.795646e-05,9.702836e-07,1,,,,0.40146902,1.1394742,3.5163834,-5.7294674,-10.523936,0.09524293,0.9045892,0.00016225947,5.642197e-06,1,,,,0.023933701,Test
955,6,3.2808983,0.9187686,-3.9522219,-11.974633,0.9132905,0.08604964,0.0006596368,2.1637938e-07,0,,,,0.43098524,3.4987016,0.9261053,-3.875473,-13.094061,0.9181771,0.08105868,0.00076045486,3.741205e-06,0,,,,0.022079412,Test
956,6,3.7782028,2.7885735,-6.3089786,-15.946323,0.7289926,0.27097708,3.0333045e-05,1.9791127e-09,0,,,,0.8433485,3.750698,2.4032943,-5.658942,-15.40465,0.76212174,0.23774369,0.00013455983,4.3240743e-08,0,,,,0.06756425,Test
957,6,-0.06692201,4.483311,-6.071628,-11.3932705,0.010454021,0.9895201,2.5791269e-05,1.259833e-07,1,,,,0.08422121,0.035249244,4.9193287,-6.6643715,-12.042697,0.009951255,0.9900244,2.4132954e-05,2.4376703e-07,1,,,,0.0036960458,Test
958,6,0.87125033,3.3840234,-5.2551327,-10.704034,0.074955255,0.9248803,0.00016373729,7.042387e-07,1,,,,0.3864417,0.7587216,3.3941948,-5.1303167,-10.2917,0.07862361,0.92108405,0.0002884214,3.8942558e-06,1,,,,0.021322194,Test
959,6,1.1591156,5.7176013,-9.018672,-16.218206,0.010369259,0.9896304,3.9408604e-07,2.943558e-10,1,,,,0.08324015,1.1293797,5.986375,-9.274302,-17.255833,0.012621479,0.98736393,1.3588183e-05,1.0437587e-06,1,,,,0.0065349,Test
960,6,3.4804711,2.6240907,-5.8941045,-16.281012,0.7018621,0.2980784,5.9555976e-05,1.8363231e-09,0,,,,0.87982076,3.6135979,1.930254,-4.8294377,-16.992994,0.81546104,0.18320003,0.0013388576,5.720212e-08,0,,,,0.06916138,Test
961,6,2.314091,2.686116,-5.0631337,-11.476585,0.40794754,0.59179693,0.0002551035,4.1820533e-07,1,,,,0.9786394,2.3522823,2.6843758,-5.037553,-10.9179945,0.42494765,0.57420826,0.000836395,7.652495e-06,1,,,,0.07100986,Test
962,6,-1.3260196,6.9137435,-8.556051,-13.20664,0.00026387704,0.9997359,1.9117829e-07,1.8268944e-09,1,,,,0.0035221411,-1.3390322,6.602197,-7.6666756,-13.030596,0.0018309318,0.99814606,2.258304e-05,4.219306e-07,1,,,,0.0015979575,Test
963,6,1.1394283,3.345114,-6.185017,-9.969278,0.09923443,0.9006986,6.5417815e-05,1.4866628e-06,1,,,,0.46758863,1.1102965,3.3360076,-5.742934,-10.118946,0.13352953,0.86619455,0.0002706375,5.231698e-06,1,,,,0.056197476,Test
964,6,2.1096292,-1.7362832,-0.7918675,-9.182466,0.9290914,0.0198518,0.051045146,1.1586808e-05,0,,,,0.43011716,2.1693056,-1.946377,-0.8004878,-8.921032,0.9264375,0.016575284,0.05694307,4.4111945e-05,0,,,,0.018546006,Test
965,6,-1.941768,6.0228024,-7.9361806,-10.468776,0.00034743984,0.99965155,8.6604325e-07,6.8809385e-08,1,,,,0.004514024,-2.1894164,5.758524,-7.4072037,-8.820261,0.0007936557,0.9991976,6.7923697e-06,1.9276408e-06,1,,,,0.00034646623,Test
966,6,6.3951964,-6.0635595,-3.8541238,-13.109503,0.99996066,3.8834182e-06,3.538016e-05,3.3822014e-09,0,,,,0.00064971973,6.024389,-5.857337,-3.2430992,-12.673924,0.99975,8.1177306e-05,0.00016869917,4.691777e-08,0,,,,0.0001923668,Test
967,6,3.7193143,2.6723664,-6.1556296,-15.57606,0.74016017,0.2598017,3.807958e-05,3.0863936e-09,0,,,,0.82704455,3.7836316,3.1863055,-6.5513444,-16.006063,0.60999095,0.38997692,3.2152584e-05,1.302034e-08,0,,,,0.11775861,Test
968,6,0.32896832,5.170548,-7.1805606,-12.091811,0.007832707,0.9921631,4.291062e-06,3.159625e-08,1,,,,0.06613903,-0.08882437,5.091093,-6.8759627,-10.7412815,0.011331174,0.9885849,8.25936e-05,1.2517571e-06,1,,,,0.010921393,Test
969,6,-2.7356133,6.34993,-8.459838,-9.458862,0.000113279035,0.9998863,3.6995613e-07,1.362321e-07,1,,,,0.0016600878,-2.7854693,6.3808937,-8.248162,-9.099581,0.00029844913,0.9996988,1.5122214e-06,1.2144264e-06,1,,,,0.00029408088,Test
970,6,3.222514,-1.4399086,-2.2374136,-10.973095,0.98648703,0.009315945,0.0041963817,6.74554e-07,0,,,,0.1153602,3.2402492,-1.4578493,-2.5044608,-10.766578,0.9841278,0.01207177,0.0037726932,2.7729751e-05,0,,,,0.0047203875,Test
971,6,1.3176086,3.7040527,-6.0980988,-12.402384,0.08420798,0.9157412,5.0670173e-05,9.2648115e-08,1,,,,0.4176274,1.2989144,3.5306334,-5.6031694,-13.096779,0.120034896,0.8794783,0.00047571523,1.1125387e-05,1,,,,0.047556136,Test
972,6,-0.042975143,4.103422,-6.1360865,-10.012802,0.015574342,0.9843897,3.517264e-05,7.2873354e-07,1,,,,0.11639834,0.0266338,4.1612678,-6.1263604,-10.037987,0.04256845,0.9573183,0.00011209156,1.1872223e-06,1,,,,0.03167743,Test
973,6,3.792496,-0.6870325,-4.143536,-10.011525,0.98843795,0.01120766,0.00035348776,9.998603e-07,0,,,,0.0932755,3.4794354,-0.7749153,-3.756955,-9.672317,0.9801111,0.018478723,0.0013959721,1.4127802e-05,0,,,,0.008187592,Test
974,6,1.1667777,3.3959022,-6.2559385,-10.182941,0.09715966,0.9027811,5.805525e-05,1.1438403e-06,1,,,,0.46084294,1.3159022,3.1699483,-6.0392604,-10.480347,0.1680985,0.8317382,0.00015392588,9.437884e-06,1,,,,0.058829956,Test
975,6,1.8987476,4.02477,-7.780554,-14.216856,0.10659248,0.8934008,6.6689804e-06,1.0685836e-08,1,,,,0.48967502,1.9656614,4.4256983,-8.098093,-15.841568,0.12970857,0.87024975,4.1609692e-05,1.03820376e-07,1,,,,0.05919314,Test
976,6,0.5400544,2.2114778,-4.0856256,-7.1054497,0.15797763,0.8403991,0.0015477054,7.554324e-05,1,,,,0.6468694,0.36697203,2.1456606,-3.5418136,-7.7688828,0.17015779,0.82432985,0.005430849,8.148805e-05,1,,,,0.06052578,Test
977,6,0.2518242,5.4504595,-7.138566,-13.788148,0.0054937317,0.9945028,3.390484e-06,4.3891957e-09,1,,,,0.049217544,0.16011405,5.3361206,-6.7346907,-13.653908,0.011476731,0.98844653,7.6734446e-05,4.5823136e-08,1,,,,0.005909256,Test
978,6,-3.5615764,6.895107,-8.419454,-8.398058,2.8754612e-05,0.9999708,2.2333585e-07,2.2816555e-07,1,,,,0.0004858914,-3.443156,6.733728,-8.2787485,-8.15571,9.556815e-05,0.99989337,3.0143315e-06,8.106081e-06,1,,,,6.953287e-05,Test
979,6,2.7411344,-2.7008607,-0.5861642,-10.423842,0.9613327,0.0041633723,0.034502156,1.8424546e-06,0,,,,0.25523445,2.817073,-2.5531425,-0.6946896,-9.924871,0.95770824,0.007421161,0.03484828,2.231044e-05,0,,,,0.012631353,Test
980,6,-2.9686756,7.194184,-8.893585,-10.492656,3.8575326e-05,0.99996126,1.0307517e-07,2.082985e-08,1,,,,0.00062432117,-3.3300297,7.159382,-8.873238,-10.02653,0.00022997646,0.99975604,1.3380059e-05,6.637638e-07,1,,,,0.00017707543,Test
981,6,1.9984844,2.3297367,-4.3674054,-10.319746,0.41763505,0.581645,0.00071800285,1.8666267e-06,1,,,,0.9883465,1.6312847,2.6300507,-4.801646,-8.936441,0.27536875,0.72368187,0.0007917661,0.00015761089,1,,,,0.0370958,Test
982,6,-3.2546253,6.7621017,-8.204246,-9.129893,4.4644803e-05,0.9999548,3.163578e-07,1.2536458e-07,1,,,,0.00071988173,-3.0414798,6.509317,-7.997097,-9.4691,0.00016865178,0.9998274,2.6666614e-06,1.3734425e-06,1,,,,0.00011702031,Test
983,6,0.00112262,4.7247953,-6.3636227,-11.081095,0.008804156,0.9911806,1.5153537e-05,1.3543844e-07,1,,,,0.073024385,0.3780623,4.727416,-6.2142296,-12.027793,0.026972696,0.97296125,5.9584934e-05,6.506736e-06,1,,,,0.016329754,Test
984,6,-1.4427543,6.432962,-8.307685,-12.341393,0.00037971244,0.99961996,3.963269e-07,7.0183686e-09,1,,,,0.004871565,-1.9299234,6.5533094,-8.489276,-12.090626,0.0006600151,0.9993351,4.401473e-06,5.3295855e-07,1,,,,0.00050965464,Test
985,6,1.2959317,3.9185488,-5.7977424,-12.737563,0.067693114,0.9322507,5.6208366e-05,5.443458e-08,1,,,,0.35812554,1.3916557,4.12325,-5.837987,-12.686664,0.07948461,0.9203707,0.0001442061,5.7148196e-07,1,,,,0.033055607,Test
986,6,-1.3723936,6.6228247,-8.05313,-12.577623,0.0003369568,0.9996625,4.228314e-07,4.583584e-09,1,,,,0.004382556,-1.6480852,6.852291,-7.814495,-12.506504,0.0006423643,0.9993442,1.3111031e-05,1.3287185e-07,1,,,,0.0007091267,Test
987,6,-2.57896,6.929989,-8.652409,-10.751578,7.417944e-05,0.99992573,1.7085138e-07,2.0939208e-08,1,,,,0.0011293278,-2.4254203,7.266444,-9.782402,-10.26391,0.00034959082,0.9996494,9.149988e-07,1.0400856e-07,1,,,,0.00030391038,Test
988,6,-1.2420224,5.668727,-7.140258,-10.626151,0.0009960143,0.9990011,2.7333458e-06,8.371251e-08,1,,,,0.011424524,-1.5102401,5.6862817,-7.077506,-11.302054,0.0033036582,0.99663484,6.109968e-05,4.155407e-07,1,,,,0.0035904043,Test
989,6,1.6875753,-0.5752113,-1.4745067,-8.101774,0.8722551,0.09076696,0.036929097,4.8885835e-05,0,,,,0.66264576,1.5269456,-0.63098687,-1.3735995,-7.261954,0.8402688,0.10494988,0.054532785,0.00024853606,0,,,,0.03437024,Test
990,6,2.7806442,-2.0308995,-3.7207825,-4.1983795,0.9895426,0.008050219,0.0014855961,0.00092147366,0,,,,0.09425965,2.923056,-2.4461784,-3.5963025,-4.1413445,0.98641795,0.009507143,0.0022926503,0.0017822946,0,,,,0.008654293,Test
991,6,-1.1940325,0.05202833,-2.1030195,0.0822962,0.11816123,0.41080186,0.047610972,0.42342603,3,,,,1.6254387,-1.1882627,-0.0043311655,-1.9836528,0.061357982,0.120369315,0.39599866,0.06444262,0.41918945,3,,,,0.090872005,Test
992,6,-2.0742745,2.0796509,-3.7617912,-2.844489,0.015306578,0.9747764,0.002831385,0.007085625,1,,,,0.20278457,-2.2725077,2.0801435,-3.69837,-2.7555757,0.014850067,0.9635684,0.0076707094,0.013910748,1,,,,0.01537763,Test
993,6,-3.4667804,6.240352,-9.121857,-7.3538027,6.084417e-05,0.9999378,2.1293657e-07,1.2476902e-06,1,,,,0.000971227,-3.7837996,6.2412467,-9.023301,-7.5165644,9.890947e-05,0.99989665,1.5330027e-06,2.8357924e-06,1,,,,5.040883e-05,Test
994,6,-3.7172184,4.2994313,-6.3717465,-2.7885497,0.0003295321,0.99881315,2.3176646e-05,0.0008340904,1,,,,0.0144105535,-3.9893582,4.6509047,-6.635817,-2.4538572,0.00078411755,0.9978819,6.218663e-05,0.0012717994,1,,,,0.0015597437,Test
995,6,0.2961508,4.970918,-6.9968996,-11.310196,0.009241434,0.9907522,6.2864874e-06,8.4171845e-08,1,,,,0.07584099,0.12354736,4.7665644,-7.184755,-11.272939,0.018646624,0.98131895,3.426111e-05,2.3420145e-07,1,,,,0.010573839,Test
996,6,3.8704808,-0.53511274,-4.3614163,-13.150422,0.9876788,0.012058432,0.00026275328,4.0043464e-08,0,,,,0.097650126,3.6287124,-0.44360742,-4.751931,-11.775546,0.9787741,0.020722043,0.00050093874,2.954172e-06,0,,,,0.006969438,Test
997,6,-2.9922175,5.297354,-7.127368,-6.564684,0.00025105616,0.9997378,4.0169607e-06,7.0512906e-06,1,,,,0.003573291,-3.2063267,5.39321,-6.8531866,-7.0190573,0.00049965,0.999383,0.00010322222,1.4191474e-05,1,,,,0.00041427332,Test
998,6,2.0919116,0.7485517,-4.324073,-7.635459,0.79197747,0.20668028,0.0012950493,4.722474e-05,0,,,,0.7496773,2.00917,0.6773275,-4.2568235,-7.331327,0.7704939,0.22611603,0.0032654745,0.000124496,0,,,,0.061190844,Test
