,rue,split,split_perf
0,0.020246344,Train,Train
1,0.054418124,Train,Train
2,0.030465424,Train,Train
3,0.04481745,Train,Train
4,0.028247684,Train,Train
5,0.036598213,Train,Train
6,0.018897252,Train,Train
7,0.02420684,Train,Train
8,0.019673828,Train,Train
9,0.026403254,Train,Train
10,0.0426357,Train,Train
11,0.03643084,Train,Train
12,0.041759823,Train,Train
13,0.02430665,Train,Train
14,0.03643055,Train,Train
15,0.054170888,Train,Train
16,0.02694365,Train,Train
17,0.025794681,Train,Train
18,0.0274786,Train,Train
19,0.034551978,Train,Train
20,0.040956434,Train,Train
21,0.050079536,Train,Train
22,0.03993016,Train,Train
23,0.0483205,Train,Train
24,0.023973938,Train,Train
25,0.02562559,Train,Train
26,0.036131423,Train,Train
27,0.04090977,Train,Train
28,0.042885263,Train,Train
29,0.037658438,Train,Train
30,0.046806302,Train,Train
31,0.021467665,Train,Train
32,0.047604173,Train,Train
33,0.027143873,Train,Train
34,0.036343917,Train,Train
35,0.036170688,Train,Train
36,0.050425608,Train,Train
37,0.039463412,Train,Train
38,0.048825264,Train,Train
39,0.032219864,Train,Train
40,0.034956787,Train,Train
41,0.05589515,Train,Train
42,0.05784769,Train,Train
43,0.042398356,Train,Train
44,0.058646552,Train,Train
45,0.053960312,Train,Train
46,0.03964944,Train,Train
47,0.06400665,Train,Train
48,0.06280254,Train,Train
49,0.036635377,Train,Train
50,0.038275257,Train,Train
51,0.031908784,Train,Train
52,0.04190794,Train,Train
53,0.031456914,Train,Train
54,0.04636488,Train,Train
55,0.026408799,Train,Train
56,0.039417066,Train,Train
57,0.04681765,Train,Train
58,0.02734211,Train,Train
59,0.040685985,Train,Train
60,0.02537566,Train,Train
61,0.030028777,Train,Train
62,0.027846748,Train,Train
63,0.039077062,Train,Train
64,0.057965193,Train,Train
65,0.04457952,Train,Train
66,0.067167394,Train,Train
67,0.05955986,Train,Train
68,0.04826048,Train,Train
69,0.015605018,Train,Train
70,0.05184959,Train,Train
71,0.031028027,Train,Train
72,0.05075102,Train,Train
73,0.03955974,Train,Train
74,0.042000264,Train,Train
75,0.04817725,Train,Train
76,0.037839387,Train,Train
77,0.082037054,Train,Train
78,0.044581547,Train,Train
79,0.03844585,Train,Train
80,0.043092635,Train,Train
81,0.058424644,Train,Train
82,0.03252465,Train,Train
83,0.026093427,Train,Train
84,0.02516989,Train,Train
85,0.0514031,Train,Train
86,0.04997532,Train,Train
87,0.047681462,Train,Train
88,0.0669776,Train,Train
89,0.036736798,Train,Train
90,0.019601876,Train,Train
91,0.063869365,Train,Train
92,0.044673137,Train,Train
93,0.038940538,Train,Train
94,0.03897066,Train,Train
95,0.021705309,Train,Train
96,0.022671971,Train,Train
97,0.037087627,Train,Train
98,0.043201864,Train,Train
99,0.050953865,Train,Train
100,0.033941828,Train,Train
101,0.03371173,Train,Train
102,0.028924353,Train,Train
103,0.030506166,Train,Train
104,0.05512732,Train,Train
105,0.024051983,Train,Train
106,0.018794114,Train,Train
107,0.03494171,Train,Train
108,0.034982476,Train,Train
109,0.03187505,Train,Train
110,0.042715956,Train,Train
111,0.053754836,Train,Train
112,0.03753733,Train,Train
113,0.028555382,Train,Train
114,0.05428011,Train,Train
115,0.059799127,Train,Train
116,0.051155284,Train,Train
117,0.044293534,Train,Train
118,0.022717522,Train,Train
119,0.0397857,Train,Train
120,0.040506415,Train,Train
121,0.030057358,Train,Train
122,0.036621753,Train,Train
123,0.05580582,Train,Train
124,0.0620066,Train,Train
125,0.02290696,Train,Train
126,0.022890996,Train,Train
127,0.035121605,Train,Train
128,0.053878892,Train,Train
129,0.034615282,Train,Train
130,0.06590393,Train,Train
131,0.028458621,Train,Train
132,0.01904879,Train,Train
133,0.02204116,Train,Train
134,0.040327936,Train,Train
135,0.038531095,Train,Train
136,0.040042356,Train,Train
137,0.024183601,Train,Train
138,0.018246057,Train,Train
139,0.04618364,Train,Train
140,0.031978134,Train,Train
141,0.02940874,Train,Train
142,0.036740284,Train,Train
143,0.07698172,Train,Train
144,0.041902043,Train,Train
145,0.017870244,Train,Train
146,0.03739351,Train,Train
147,0.038217526,Train,Train
148,0.045345202,Train,Train
149,0.032189425,Train,Train
150,0.042185076,Train,Train
151,0.018080113,Train,Train
152,0.03533291,Train,Train
153,0.04173859,Train,Train
154,0.036381703,Train,Train
155,0.07879766,Train,Train
156,0.022317864,Train,Train
157,0.024820324,Train,Train
158,0.08789992,Train,Train
159,0.03859326,Train,Train
160,0.035797488,Train,Train
161,0.018654713,Train,Train
162,0.019603556,Train,Train
163,0.054482665,Train,Train
164,0.03133127,Train,Train
165,0.040038593,Train,Train
166,0.023408173,Train,Train
167,0.0393545,Train,Train
168,0.024687119,Train,Train
169,0.031813428,Train,Train
170,0.036741566,Train,Train
171,0.040648,Train,Train
172,0.044971835,Train,Train
173,0.040186353,Train,Train
174,0.07197373,Train,Train
175,0.0735107,Train,Train
176,0.035998154,Train,Train
177,0.01628396,Train,Train
178,0.026074808,Train,Train
179,0.029639184,Train,Train
180,0.03570936,Train,Train
181,0.050584085,Train,Train
182,0.025828298,Train,Train
183,0.030511923,Train,Train
184,0.022867959,Train,Train
185,0.030336315,Train,Train
186,0.044145804,Train,Train
187,0.031773683,Train,Train
188,0.033148196,Train,Train
189,0.040229447,Train,Train
190,0.04023291,Train,Train
191,0.045374144,Train,Train
192,0.035524555,Train,Train
193,0.045839846,Train,Train
194,0.03588825,Train,Train
195,0.01833494,Train,Train
196,0.050206415,Train,Train
197,0.030628314,Train,Train
198,0.03223393,Train,Train
199,0.06731583,Train,Train
200,0.022208158,Train,Train
201,0.026050383,Train,Train
202,0.047603358,Train,Train
203,0.048086017,Train,Train
204,0.049741697,Train,Train
205,0.049789324,Train,Train
206,0.040822458,Train,Train
207,0.04891579,Train,Train
208,0.030845476,Train,Train
209,0.027590038,Train,Train
210,0.03989438,Train,Train
211,0.03019855,Train,Train
212,0.04654475,Train,Train
213,0.06080931,Train,Train
214,0.043676384,Train,Train
215,0.046118766,Train,Train
216,0.03374351,Train,Train
217,0.039091453,Train,Train
218,0.034972798,Train,Train
219,0.04343971,Train,Train
220,0.046555337,Train,Train
221,0.027666578,Train,Train
222,0.050354764,Train,Train
223,0.037194427,Train,Train
224,0.045293674,Train,Train
225,0.042978145,Train,Train
226,0.042368066,Train,Train
227,0.05140237,Train,Train
228,0.029053768,Train,Train
229,0.04805766,Train,Train
230,0.0287859,Train,Train
231,0.044548195,Train,Train
232,0.041135896,Train,Train
233,0.042125233,Train,Train
234,0.035858516,Train,Train
235,0.041537452,Train,Train
236,0.04301659,Train,Train
237,0.02599311,Train,Train
238,0.053971507,Train,Train
239,0.041424017,Train,Train
240,0.035190865,Train,Train
241,0.041561082,Train,Train
242,0.037533928,Train,Train
243,0.041246433,Train,Train
244,0.020028042,Train,Train
245,0.06370011,Train,Train
246,0.038092364,Train,Train
247,0.025856772,Train,Train
248,0.0311268,Train,Train
249,0.048366617,Train,Train
250,0.04123737,Train,Train
251,0.041048102,Train,Train
252,0.041339297,Train,Train
253,0.029296719,Train,Train
254,0.029773127,Train,Train
255,0.042354915,Train,Train
256,0.033301376,Train,Train
257,0.023947421,Train,Train
258,0.04277398,Train,Train
259,0.03891678,Train,Train
260,0.04776963,Train,Train
261,0.04576593,Train,Train
262,0.024511795,Train,Train
263,0.04171535,Train,Train
264,0.044282347,Train,Train
265,0.081858695,Train,Train
266,0.032502007,Train,Train
267,0.025697438,Train,Train
268,0.042140584,Train,Train
269,0.05317756,Train,Train
270,0.023673272,Train,Train
271,0.021971902,Train,Train
272,0.03964648,Train,Train
273,0.045686923,Train,Train
274,0.08262731,Train,Train
275,0.034929667,Train,Train
276,0.04337564,Train,Train
277,0.034980714,Train,Train
278,0.03472257,Train,Train
279,0.04790274,Train,Train
280,0.04751637,Train,Train
281,0.057767168,Train,Train
282,0.034313533,Train,Train
283,0.034847803,Train,Train
284,0.038918857,Train,Train
285,0.021004118,Train,Train
286,0.048370995,Train,Train
287,0.026118552,Train,Train
288,0.058535308,Train,Train
289,0.028858911,Train,Train
290,0.015085356,Train,Train
291,0.04247407,Train,Train
292,0.09402363,Train,Train
293,0.055715807,Train,Train
294,0.030504556,Train,Train
295,0.060973678,Train,Train
296,0.04806924,Train,Train
297,0.033333518,Train,Train
298,0.037838053,Train,Train
299,0.043993536,Train,Train
300,0.025679363,Train,Train
301,0.033815835,Train,Train
302,0.054340187,Train,Train
303,0.03810717,Train,Train
304,0.045855206,Train,Train
305,0.026725965,Train,Train
306,0.03724528,Train,Train
307,0.035272412,Train,Train
308,0.039325986,Train,Train
309,0.0833014,Train,Train
310,0.021347687,Train,Train
311,0.022841355,Train,Train
312,0.057884146,Train,Train
313,0.023901803,Train,Train
314,0.026329825,Train,Train
315,0.035153992,Train,Train
316,0.050227463,Train,Train
317,0.044601176,Train,Train
318,0.021896543,Train,Train
319,0.05396732,Train,Train
320,0.02883758,Train,Train
321,0.045256197,Train,Train
322,0.036071464,Train,Train
323,0.02557067,Train,Train
324,0.035933837,Train,Train
325,0.043000117,Train,Train
326,0.042219155,Train,Train
327,0.051210422,Train,Train
328,0.05709028,Train,Train
329,0.041268516,Train,Train
330,0.058633685,Train,Train
331,0.044051565,Train,Train
332,0.04273664,Train,Train
333,0.028721465,Train,Train
334,0.04513802,Train,Train
335,0.021149717,Train,Train
336,0.03819798,Train,Train
337,0.028614273,Train,Train
338,0.03800681,Train,Train
339,0.044837147,Train,Train
340,0.027277803,Train,Train
341,0.03834442,Train,Train
342,0.04535429,Train,Train
343,0.03707172,Train,Train
344,0.038395405,Train,Train
345,0.03913004,Train,Train
346,0.040414304,Train,Train
347,0.023107292,Train,Train
348,0.03653241,Train,Train
349,0.043190263,Train,Train
350,0.022757448,Train,Train
351,0.07157522,Train,Train
352,0.016515559,Train,Train
353,0.03616483,Train,Train
354,0.033743225,Train,Train
355,0.03485124,Train,Train
356,0.04379091,Train,Train
357,0.036947757,Train,Train
358,0.03815723,Train,Train
359,0.019086037,Train,Train
360,0.024892924,Train,Train
361,0.04946072,Train,Train
362,0.030988595,Train,Train
363,0.040253855,Train,Train
364,0.0371469,Train,Train
365,0.051985256,Train,Train
366,0.02779038,Train,Train
367,0.01800347,Train,Train
368,0.047489602,Train,Train
369,0.013239599,Train,Train
370,0.027418243,Train,Train
371,0.025808038,Train,Train
372,0.0643279,Train,Train
373,0.033608593,Train,Train
374,0.0382843,Train,Train
375,0.034371946,Train,Train
376,0.04509048,Train,Train
377,0.02118479,Train,Train
378,0.020130672,Train,Train
379,0.032401044,Train,Train
380,0.029883662,Train,Train
381,0.021246186,Train,Train
382,0.08103238,Train,Train
383,0.055378295,Train,Train
384,0.030178899,Train,Train
385,0.030704148,Train,Train
386,0.035796568,Train,Train
387,0.03735762,Train,Train
388,0.052917175,Train,Train
389,0.02787178,Train,Train
390,0.06138079,Train,Train
391,0.05916574,Train,Train
392,0.035536908,Train,Train
393,0.06746014,Train,Train
394,0.027034976,Train,Train
395,0.040160917,Train,Train
396,0.033910263,Train,Train
397,0.05043394,Train,Train
398,0.05828653,Train,Train
399,0.039433468,Train,Train
400,0.029254057,Train,Train
401,0.03992818,Train,Train
402,0.045481518,Train,Train
403,0.040652473,Train,Train
404,0.0724428,Train,Train
405,0.053320058,Train,Train
406,0.027706249,Train,Train
407,0.08397422,Train,Train
408,0.033229258,Train,Train
409,0.05914915,Train,Train
410,0.047420043,Train,Train
411,0.0436774,Train,Train
412,0.022650968,Train,Train
413,0.02219708,Train,Train
414,0.045785565,Train,Train
415,0.031940065,Train,Train
416,0.03794532,Train,Train
417,0.041304994,Train,Train
418,0.042769756,Train,Train
419,0.052015647,Train,Train
420,0.048947006,Train,Train
421,0.0824902,Train,Train
422,0.03975737,Train,Train
423,0.034871217,Train,Train
424,0.061068397,Train,Train
425,0.036669735,Train,Train
426,0.030378347,Train,Train
427,0.05761055,Train,Train
428,0.025994861,Train,Train
429,0.037849907,Train,Train
430,0.060887795,Train,Train
431,0.020888222,Train,Train
432,0.020611651,Train,Train
433,0.022342123,Train,Train
434,0.03565116,Train,Train
435,0.04202265,Train,Train
436,0.04994317,Train,Train
437,0.04823524,Train,Train
438,0.056615658,Train,Train
439,0.019932114,Train,Train
440,0.02459051,Train,Train
441,0.042768493,Train,Train
442,0.022342883,Train,Train
443,0.05545644,Train,Train
444,0.042590275,Train,Train
445,0.030177545,Train,Train
446,0.047506306,Train,Train
447,0.054762255,Train,Train
448,0.046157423,Train,Train
449,0.028530153,Train,Train
450,0.042628895,Train,Train
451,0.035871115,Train,Train
452,0.03115447,Train,Train
453,0.029265996,Train,Train
454,0.06591939,Train,Train
455,0.072181955,Train,Train
456,0.027939985,Train,Train
457,0.042342614,Train,Train
458,0.022835433,Train,Train
459,0.04651845,Train,Train
460,0.020957505,Train,Train
461,0.057783008,Train,Train
462,0.02390285,Train,Train
463,0.03464629,Train,Train
464,0.045642342,Train,Train
465,0.02490609,Train,Train
466,0.03605207,Train,Train
467,0.049356397,Train,Train
468,0.03321948,Train,Train
469,0.048132557,Train,Train
470,0.04927763,Train,Train
471,0.039551586,Train,Train
472,0.037569698,Train,Train
473,0.026631137,Train,Train
474,0.06594562,Train,Train
475,0.024728058,Train,Train
476,0.031229096,Train,Train
477,0.029228186,Train,Train
478,0.043611575,Train,Train
479,0.03585588,Train,Train
480,0.064910494,Train,Train
481,0.030804384,Train,Train
482,0.024506716,Train,Train
483,0.04917612,Train,Train
484,0.036865488,Train,Train
485,0.026663374,Train,Train
486,0.056373764,Train,Train
487,0.043123294,Train,Train
488,0.021090973,Train,Train
489,0.035826936,Train,Train
490,0.041961577,Train,Train
491,0.019055681,Train,Train
492,0.041833974,Train,Train
493,0.050737265,Train,Train
494,0.044981614,Train,Train
495,0.038910672,Train,Train
496,0.053374223,Train,Train
497,0.04925316,Train,Train
498,0.024177967,Train,Train
499,0.022569694,Train,Train
500,0.023750233,Train,Train
501,0.042636916,Train,Train
502,0.020131249,Train,Train
503,0.045748882,Train,Train
504,0.0339828,Train,Train
505,0.06363884,Train,Train
506,0.04015818,Train,Train
507,0.0176328,Train,Train
508,0.031949524,Train,Train
509,0.055759635,Train,Train
510,0.031243287,Train,Train
511,0.043394193,Train,Train
512,0.044860695,Train,Train
513,0.0526699,Train,Train
514,0.03200951,Train,Train
515,0.03896729,Train,Train
516,0.035477716,Train,Train
517,0.045899693,Train,Train
518,0.025970303,Train,Train
519,0.02310122,Train,Train
520,0.040106177,Train,Train
521,0.04177958,Train,Train
522,0.017110432,Train,Train
523,0.028693238,Train,Train
524,0.038663495,Train,Train
525,0.08937938,Train,Train
526,0.052257784,Train,Train
527,0.04014505,Train,Train
528,0.049192466,Train,Train
529,0.02817101,Train,Train
530,0.05078442,Train,Train
531,0.060146797,Train,Train
532,0.03305299,Train,Train
533,0.03802437,Train,Train
534,0.08377063,Train,Train
535,0.040948883,Train,Train
536,0.049187645,Train,Train
537,0.03343309,Train,Train
538,0.024778204,Train,Train
539,0.051425945,Train,Train
540,0.024794906,Train,Train
541,0.0482513,Train,Train
542,0.03093109,Train,Train
543,0.042784795,Train,Train
544,0.04295493,Train,Train
545,0.032351475,Train,Train
546,0.030286282,Train,Train
547,0.041545298,Train,Train
548,0.047552563,Train,Train
549,0.031020131,Train,Train
550,0.025251873,Train,Train
551,0.03544529,Train,Train
552,0.0245853,Train,Train
553,0.04008993,Train,Train
554,0.053086147,Train,Train
555,0.029224524,Train,Train
556,0.051179115,Train,Train
557,0.028182665,Train,Train
558,0.08350248,Train,Train
559,0.051126134,Train,Train
560,0.08390502,Train,Train
561,0.025539096,Train,Train
562,0.052801028,Train,Train
563,0.04143765,Train,Train
564,0.044238895,Train,Train
565,0.043417957,Train,Train
566,0.03132941,Train,Train
567,0.042806327,Train,Train
568,0.046390563,Train,Train
569,0.044556372,Train,Train
570,0.037768006,Train,Train
571,0.051216833,Train,Train
572,0.037582193,Train,Train
573,0.029707419,Train,Train
574,0.025384462,Train,Train
575,0.050325148,Train,Train
576,0.031882085,Train,Train
577,0.018043878,Train,Train
578,0.03783791,Train,Train
579,0.035009786,Train,Train
580,0.024514413,Train,Train
581,0.031826876,Train,Train
582,0.037836164,Train,Train
583,0.03854394,Train,Train
584,0.02589473,Train,Train
585,0.054195743,Train,Train
586,0.04291195,Train,Train
587,0.041538853,Train,Train
588,0.049497303,Train,Train
589,0.03310984,Train,Train
590,0.03378631,Train,Train
591,0.038230285,Train,Train
592,0.04292048,Train,Train
593,0.023306405,Train,Train
594,0.03974094,Train,Train
595,0.047985505,Train,Train
596,0.03234799,Train,Train
597,0.033489842,Train,Train
598,0.04124864,Train,Train
599,0.039884795,Train,Train
600,0.046444867,Train,Train
601,0.024360705,Train,Train
602,0.03868666,Train,Train
603,0.024425145,Train,Train
604,0.044450864,Train,Train
605,0.0398831,Train,Train
606,0.031049121,Train,Train
607,0.03225548,Train,Train
608,0.041628227,Train,Train
609,0.049985964,Train,Train
610,0.07990478,Train,Train
611,0.041292068,Train,Train
612,0.032899037,Train,Train
613,0.045754597,Train,Train
614,0.022944858,Train,Train
615,0.038290225,Train,Train
616,0.07082087,Train,Train
617,0.016050557,Train,Train
618,0.045361165,Train,Train
619,0.049419437,Train,Train
620,0.044349883,Train,Train
621,0.045958225,Train,Train
622,0.08657928,Train,Train
623,0.03244288,Train,Train
624,0.04989032,Train,Train
625,0.028124062,Train,Train
626,0.045122568,Train,Train
627,0.052286956,Train,Train
628,0.054501563,Train,Train
629,0.05028394,Train,Train
630,0.032538764,Train,Train
631,0.03481861,Train,Train
632,0.057649013,Train,Train
633,0.04148922,Train,Train
634,0.039233763,Train,Train
635,0.047011394,Train,Train
636,0.045296427,Train,Train
637,0.03669215,Train,Train
638,0.037617274,Train,Train
639,0.03871065,Train,Train
640,0.05938701,Train,Train
641,0.06003388,Train,Train
642,0.04799671,Train,Train
643,0.03020526,Train,Train
644,0.041305825,Train,Train
645,0.037404366,Train,Train
646,0.020258926,Train,Train
647,0.039907254,Train,Train
648,0.03650844,Train,Train
649,0.04526445,Train,Train
650,0.042564288,Train,Train
651,0.039065782,Train,Train
652,0.03593513,Train,Train
653,0.051770248,Train,Train
654,0.039371297,Train,Train
655,0.034087095,Train,Train
656,0.04678522,Train,Train
657,0.057284426,Train,Train
658,0.0367088,Train,Train
659,0.04045834,Train,Train
660,0.03547007,Train,Train
661,0.051745836,Train,Train
662,0.026974684,Train,Train
663,0.05703312,Train,Train
664,0.032631654,Train,Train
665,0.026969802,Train,Train
666,0.038815252,Train,Train
667,0.04931924,Train,Train
668,0.03652508,Train,Train
669,0.025785364,Train,Train
670,0.029393826,Train,Train
671,0.03202044,Train,Train
672,0.021824112,Train,Train
673,0.05131785,Train,Train
674,0.02912184,Train,Train
675,0.050855264,Train,Train
676,0.0453558,Train,Train
677,0.042662274,Train,Train
678,0.038432155,Train,Train
679,0.044117883,Train,Train
680,0.058572922,Train,Train
681,0.028099157,Train,Train
682,0.038549423,Train,Train
683,0.08002612,Train,Train
684,0.0452196,Train,Train
685,0.0563591,Train,Train
686,0.04808075,Train,Train
687,0.041912653,Train,Train
688,0.05086912,Train,Train
689,0.04240885,Train,Train
690,0.053099778,Train,Train
691,0.038263127,Train,Train
692,0.044223323,Train,Train
693,0.06347263,Train,Train
694,0.05585696,Train,Train
695,0.041902665,Train,Train
696,0.03920046,Train,Train
697,0.036388345,Train,Train
698,0.030394131,Train,Train
699,0.03355229,Train,Train
700,0.03470761,Train,Train
701,0.030475201,Train,Train
702,0.03631333,Train,Train
703,0.027479716,Train,Train
704,0.038136404,Train,Train
705,0.015510419,Train,Train
706,0.040757142,Train,Train
707,0.045850713,Train,Train
708,0.028295841,Train,Train
709,0.035051707,Train,Train
710,0.031190405,Train,Train
711,0.01872222,Train,Train
712,0.056937397,Train,Train
713,0.03566716,Train,Train
714,0.03489873,Train,Train
715,0.04166669,Train,Train
716,0.039752588,Train,Train
717,0.043543644,Train,Train
718,0.04520326,Train,Train
719,0.050072923,Train,Train
720,0.036352567,Train,Train
721,0.032938614,Train,Train
722,0.029978447,Train,Train
723,0.039781455,Train,Train
724,0.029276485,Train,Train
725,0.023741636,Train,Train
726,0.03977144,Train,Train
727,0.040333953,Train,Train
728,0.080994375,Train,Train
729,0.022682244,Train,Train
730,0.030756457,Train,Train
731,0.048233133,Train,Train
732,0.051243924,Train,Train
733,0.038090803,Train,Train
734,0.01693394,Train,Train
735,0.051332623,Train,Train
736,0.04311533,Train,Train
737,0.042388167,Train,Train
738,0.015360852,Train,Train
739,0.028616091,Train,Train
740,0.018965974,Train,Train
741,0.039932463,Train,Train
742,0.0783944,Train,Train
743,0.038666744,Train,Train
744,0.05158862,Train,Train
745,0.030015316,Train,Train
746,0.018275624,Train,Train
747,0.052917816,Train,Train
748,0.026285825,Train,Train
749,0.037906196,Train,Train
750,0.031596217,Train,Train
751,0.03341138,Train,Train
752,0.0354062,Train,Train
753,0.08631747,Train,Train
754,0.037604384,Train,Train
755,0.02405405,Train,Train
756,0.05330327,Train,Train
757,0.035096455,Train,Train
758,0.044253256,Train,Train
759,0.056705862,Train,Train
760,0.03248959,Train,Train
761,0.048595306,Train,Train
762,0.06860454,Train,Train
763,0.06536603,Train,Train
764,0.06317108,Train,Train
765,0.048777454,Train,Train
766,0.054673687,Train,Train
767,0.03713081,Train,Train
768,0.03511619,Train,Train
769,0.047147755,Train,Train
770,0.015862562,Train,Train
771,0.03072856,Train,Train
772,0.027175132,Train,Train
773,0.057046954,Train,Train
774,0.0417536,Train,Train
775,0.03307284,Train,Train
776,0.034067977,Train,Train
777,0.02158006,Train,Train
778,0.04511203,Train,Train
779,0.06278693,Train,Train
780,0.034427144,Train,Train
781,0.04343489,Train,Train
782,0.045116365,Train,Train
783,0.037102714,Train,Train
784,0.04015354,Train,Train
785,0.039837617,Train,Train
786,0.038058814,Train,Train
787,0.02657341,Train,Train
788,0.056001194,Train,Train
789,0.047163274,Train,Train
790,0.021737931,Train,Train
791,0.027111055,Train,Train
792,0.020471271,Train,Train
793,0.037732437,Train,Train
794,0.040798485,Train,Train
795,0.034005623,Train,Train
796,0.04495459,Train,Train
797,0.041466445,Train,Train
798,0.04403876,Train,Train
799,0.059530653,Train,Train
800,0.018843625,Train,Train
801,0.028045738,Train,Train
802,0.038990654,Train,Train
803,0.039148036,Train,Train
804,0.052151825,Train,Train
805,0.045284577,Train,Train
806,0.024212807,Train,Train
807,0.058955472,Train,Train
808,0.07292288,Train,Train
809,0.039748184,Train,Train
810,0.051548183,Train,Train
811,0.03420646,Train,Train
812,0.040015202,Train,Train
813,0.03359718,Train,Train
814,0.04865303,Train,Train
815,0.049724188,Train,Train
816,0.03610589,Train,Train
817,0.052670278,Train,Train
818,0.03060544,Train,Train
819,0.033167224,Train,Train
820,0.07945483,Train,Train
821,0.050015077,Train,Train
822,0.032163367,Train,Train
823,0.03926408,Train,Train
824,0.029747998,Train,Train
825,0.031868342,Train,Train
826,0.045787863,Train,Train
827,0.043370154,Train,Train
828,0.052646305,Train,Train
829,0.0794453,Train,Train
830,0.054174945,Train,Train
831,0.04167151,Train,Train
832,0.04825237,Train,Train
833,0.041421827,Train,Train
834,0.017920325,Train,Train
835,0.024128105,Train,Train
836,0.022895472,Train,Train
837,0.026190622,Train,Train
838,0.04695789,Train,Train
839,0.04541093,Train,Train
840,0.054715913,Train,Train
841,0.021780357,Train,Train
842,0.06757555,Train,Train
843,0.04196533,Train,Train
844,0.054080885,Train,Train
845,0.047932595,Train,Train
846,0.029827757,Train,Train
847,0.048129674,Train,Train
848,0.032124806,Train,Train
849,0.040924095,Train,Train
850,0.029970123,Train,Train
851,0.024279546,Train,Train
852,0.052668475,Train,Train
853,0.025704425,Train,Train
854,0.02263259,Train,Train
855,0.024115017,Train,Train
856,0.04730265,Train,Train
857,0.06458605,Train,Train
858,0.046598382,Train,Train
859,0.039088007,Train,Train
860,0.06462782,Train,Train
861,0.05307888,Train,Train
862,0.065109834,Train,Train
863,0.054292496,Train,Train
864,0.04033175,Train,Train
865,0.030342098,Train,Train
866,0.045059245,Train,Train
867,0.019611293,Train,Train
868,0.04173643,Train,Train
869,0.038203433,Train,Train
870,0.035376027,Train,Train
871,0.03640138,Train,Train
872,0.02919525,Train,Train
873,0.05460356,Train,Train
874,0.032041717,Train,Train
875,0.0541804,Train,Train
876,0.032617643,Train,Train
877,0.02627817,Train,Train
878,0.029912084,Train,Train
879,0.042864956,Train,Train
880,0.046417385,Train,Train
881,0.07463905,Train,Train
882,0.022969317,Train,Train
883,0.06416651,Train,Train
884,0.037756998,Train,Train
885,0.022040972,Train,Train
886,0.06442481,Train,Train
887,0.042695053,Train,Train
888,0.02478608,Train,Train
889,0.044298332,Train,Train
890,0.033706743,Train,Train
891,0.051719043,Train,Train
892,0.051772155,Train,Train
893,0.046460092,Train,Train
894,0.03586086,Train,Train
895,0.03636082,Train,Train
896,0.03528829,Train,Train
897,0.05172125,Train,Train
898,0.022306634,Train,Train
899,0.031623784,Train,Train
900,0.05156689,Train,Train
901,0.025062764,Train,Train
902,0.027515605,Train,Train
903,0.03661496,Train,Train
904,0.08293872,Train,Train
905,0.07944914,Train,Train
906,0.019354694,Train,Train
907,0.033004515,Train,Train
908,0.036963042,Train,Train
909,0.035097804,Train,Train
910,0.03780946,Train,Train
911,0.017558698,Train,Train
912,0.038555067,Train,Train
913,0.044825178,Train,Train
914,0.049860757,Train,Train
915,0.02236919,Train,Train
916,0.029374547,Train,Train
917,0.03391423,Train,Train
918,0.030696353,Train,Train
919,0.035808433,Train,Train
920,0.06309894,Train,Train
921,0.052206382,Train,Train
922,0.052984823,Train,Train
923,0.04524118,Train,Train
924,0.02497551,Train,Train
925,0.05111179,Train,Train
926,0.04827529,Train,Train
927,0.04667752,Train,Train
928,0.05172315,Train,Train
929,0.042326443,Train,Train
930,0.04369444,Train,Train
931,0.039764713,Train,Train
932,0.042654485,Train,Train
933,0.050768506,Train,Train
934,0.030705689,Train,Train
935,0.01990044,Train,Train
936,0.04737518,Train,Train
937,0.021554533,Train,Train
938,0.08108497,Train,Train
939,0.01899276,Train,Train
940,0.08253409,Train,Train
941,0.022306345,Train,Train
942,0.04724241,Train,Train
943,0.04015203,Train,Train
944,0.023848988,Train,Train
945,0.033891346,Train,Train
946,0.03707317,Train,Train
947,0.057443254,Train,Train
948,0.040117264,Train,Train
949,0.05382491,Train,Train
950,0.030977277,Train,Train
951,0.035104744,Train,Train
952,0.029905172,Train,Train
953,0.0856166,Train,Train
954,0.038486093,Train,Train
955,0.05420886,Train,Train
956,0.038583126,Train,Train
957,0.02145056,Train,Train
958,0.018564705,Train,Train
959,0.03503144,Train,Train
960,0.08396552,Train,Train
961,0.01561212,Train,Train
962,0.02750007,Train,Train
963,0.03617702,Train,Train
964,0.022080805,Train,Train
965,0.02918138,Train,Train
966,0.020531755,Train,Train
967,0.04355298,Train,Train
968,0.045509685,Train,Train
969,0.029410096,Train,Train
970,0.04311915,Train,Train
971,0.043080695,Train,Train
972,0.04675118,Train,Train
973,0.032789953,Train,Train
974,0.037334234,Train,Train
975,0.042101055,Train,Train
976,0.0251017,Train,Train
977,0.0396639,Train,Train
978,0.052320812,Train,Train
979,0.044153064,Train,Train
980,0.046256892,Train,Train
981,0.036978286,Train,Train
982,0.047455978,Train,Train
983,0.0550305,Train,Train
984,0.046313908,Train,Train
985,0.048319947,Train,Train
986,0.054255974,Train,Train
987,0.02924267,Train,Train
988,0.03511428,Train,Train
989,0.029466752,Train,Train
990,0.026525883,Train,Train
991,0.032508973,Train,Train
992,0.052747782,Train,Train
993,0.08099212,Train,Train
994,0.024337765,Train,Train
995,0.04981363,Train,Train
996,0.038220603,Train,Train
997,0.030269878,Train,Train
998,0.043409795,Train,Train
999,0.038567938,Train,Train
1000,0.06208742,Train,Train
1001,0.03623934,Train,Train
1002,0.020000512,Train,Train
1003,0.088865444,Train,Train
1004,0.018438833,Train,Train
1005,0.040403668,Train,Train
1006,0.019482356,Train,Train
1007,0.023630628,Train,Train
1008,0.0376375,Train,Train
1009,0.025535807,Train,Train
1010,0.03622643,Train,Train
1011,0.063331515,Train,Train
1012,0.051798917,Train,Train
1013,0.020358423,Train,Train
1014,0.03312897,Train,Train
1015,0.043168683,Train,Train
1016,0.030601764,Train,Train
1017,0.04386486,Train,Train
1018,0.03980988,Train,Train
1019,0.038146134,Train,Train
1020,0.050006427,Train,Train
1021,0.04204004,Train,Train
1022,0.039229587,Train,Train
1023,0.049559396,Train,Train
1024,0.04940225,Train,Train
1025,0.03187198,Train,Train
1026,0.052762654,Train,Train
1027,0.025124896,Train,Train
1028,0.040396247,Train,Train
1029,0.02251425,Train,Train
1030,0.023728266,Train,Train
1031,0.031659942,Train,Train
1032,0.03142159,Train,Train
1033,0.0426182,Train,Train
1034,0.040348396,Train,Train
1035,0.04734501,Train,Train
1036,0.039063767,Train,Train
1037,0.04461924,Train,Train
1038,0.038920432,Train,Train
1039,0.034868713,Train,Train
1040,0.05113798,Train,Train
1041,0.03502027,Train,Train
1042,0.05282196,Train,Train
1043,0.018227262,Train,Train
1044,0.077647746,Train,Train
1045,0.044229995,Train,Train
1046,0.041225597,Train,Train
1047,0.044734284,Train,Train
1048,0.054537013,Train,Train
1049,0.046501964,Train,Train
1050,0.04842921,Train,Train
1051,0.060987614,Train,Train
1052,0.024579303,Train,Train
1053,0.04263983,Train,Train
1054,0.041214157,Train,Train
1055,0.02141134,Train,Train
1056,0.041371092,Train,Train
1057,0.08159753,Train,Train
1058,0.05439352,Train,Train
1059,0.017255746,Train,Train
1060,0.04981944,Train,Train
1061,0.025449919,Train,Train
1062,0.036479205,Train,Train
1063,0.024574859,Train,Train
1064,0.039389543,Train,Train
1065,0.039966732,Train,Train
1066,0.03715749,Train,Train
1067,0.02718661,Train,Train
1068,0.058098916,Train,Train
1069,0.04558268,Train,Train
1070,0.04053498,Train,Train
1071,0.024454847,Train,Train
1072,0.04458873,Train,Train
1073,0.036987413,Train,Train
1074,0.04073194,Train,Train
1075,0.048523948,Train,Train
1076,0.05432564,Train,Train
1077,0.042663805,Train,Train
1078,0.047803883,Train,Train
1079,0.036814522,Train,Train
1080,0.03546526,Train,Train
1081,0.03315757,Train,Train
1082,0.04445716,Train,Train
1083,0.038129013,Train,Train
1084,0.025064873,Train,Train
1085,0.03402748,Train,Train
1086,0.03682553,Train,Train
1087,0.028067037,Train,Train
1088,0.01864173,Train,Train
1089,0.063631475,Train,Train
1090,0.034838572,Train,Train
1091,0.039501358,Train,Train
1092,0.06567883,Train,Train
1093,0.04072256,Train,Train
1094,0.023301221,Train,Train
1095,0.06524366,Train,Train
1096,0.0449059,Train,Train
1097,0.0364066,Train,Train
1098,0.027963651,Train,Train
1099,0.060391776,Train,Train
1100,0.044575736,Train,Train
1101,0.046170533,Train,Train
1102,0.030643053,Train,Train
1103,0.043386992,Train,Train
1104,0.052136075,Train,Train
1105,0.047329593,Train,Train
1106,0.04303463,Train,Train
1107,0.03207117,Train,Train
1108,0.032855164,Train,Train
1109,0.05198834,Train,Train
1110,0.050515827,Train,Train
1111,0.05551466,Train,Train
1112,0.033623897,Train,Train
1113,0.04052118,Train,Train
1114,0.025574699,Train,Train
1115,0.027602328,Train,Train
1116,0.038840324,Train,Train
1117,0.05180168,Train,Train
1118,0.022729144,Train,Train
1119,0.053778376,Train,Train
1120,0.027246125,Train,Train
1121,0.032667868,Train,Train
1122,0.0421082,Train,Train
1123,0.048067346,Train,Train
1124,0.029029755,Train,Train
1125,0.04694407,Train,Train
1126,0.033226725,Train,Train
1127,0.046052385,Train,Train
1128,0.04227546,Train,Train
1129,0.05855594,Train,Train
1130,0.054359466,Train,Train
1131,0.03621954,Train,Train
1132,0.020174,Train,Train
1133,0.044796377,Train,Train
1134,0.050405864,Train,Train
1135,0.019746525,Train,Train
1136,0.031369295,Train,Train
1137,0.044671018,Train,Train
1138,0.032006122,Train,Train
1139,0.04091409,Train,Train
1140,0.034368522,Train,Train
1141,0.035158787,Train,Train
1142,0.014839643,Train,Train
1143,0.022057854,Train,Train
1144,0.034123667,Train,Train
1145,0.035543323,Train,Train
1146,0.055159047,Train,Train
1147,0.019962627,Train,Train
1148,0.03215199,Train,Train
1149,0.024884239,Train,Train
1150,0.03204498,Train,Train
1151,0.05302319,Train,Train
1152,0.026175505,Train,Train
1153,0.016468152,Train,Train
1154,0.015118114,Train,Train
1155,0.04002115,Train,Train
1156,0.03134201,Train,Train
1157,0.047437564,Train,Train
1158,0.019050559,Train,Train
1159,0.035663262,Train,Train
1160,0.04741049,Train,Train
1161,0.040683277,Train,Train
1162,0.038078293,Train,Train
1163,0.031247716,Train,Train
1164,0.02714894,Train,Train
1165,0.034900256,Train,Train
1166,0.03039479,Train,Train
1167,0.043485716,Train,Train
1168,0.023820497,Train,Train
1169,0.039378084,Train,Train
1170,0.04579576,Train,Train
1171,0.043137655,Train,Train
1172,0.04627534,Train,Train
1173,0.03620097,Train,Train
1174,0.04318563,Train,Train
1175,0.028916111,Train,Train
1176,0.07897058,Train,Train
1177,0.030511152,Train,Train
1178,0.037918784,Train,Train
1179,0.0462617,Train,Train
1180,0.045633115,Train,Train
1181,0.04619672,Train,Train
1182,0.032821838,Train,Train
1183,0.017420191,Train,Train
1184,0.03252472,Train,Train
1185,0.03946574,Train,Train
1186,0.036121476,Train,Train
1187,0.036438547,Train,Train
1188,0.033462502,Train,Train
1189,0.030256838,Train,Train
1190,0.0385213,Train,Train
1191,0.050336193,Train,Train
1192,0.019198831,Train,Train
1193,0.041407358,Train,Train
1194,0.04438238,Train,Train
1195,0.054938395,Train,Train
1196,0.033816665,Train,Train
1197,0.037947726,Train,Train
1198,0.046736345,Train,Train
1199,0.024520908,Train,Train
1200,0.031028273,Train,Train
1201,0.039414495,Train,Train
1202,0.027387677,Train,Train
1203,0.02076832,Train,Train
1204,0.04273202,Train,Train
1205,0.036006577,Train,Train
1206,0.04157706,Train,Train
1207,0.049863487,Train,Train
1208,0.042903583,Train,Train
1209,0.03526395,Train,Train
1210,0.048564415,Train,Train
1211,0.035029892,Train,Train
1212,0.029005112,Train,Train
1213,0.022507988,Train,Train
1214,0.029929852,Train,Train
1215,0.04593552,Train,Train
1216,0.054589953,Train,Train
1217,0.03342276,Train,Train
1218,0.050091956,Train,Train
1219,0.04396505,Train,Train
1220,0.044747137,Train,Train
1221,0.030524954,Train,Train
1222,0.057520293,Train,Train
1223,0.041337803,Train,Train
1224,0.02763704,Train,Train
1225,0.018948996,Train,Train
1226,0.053001124,Train,Train
1227,0.037544258,Train,Train
1228,0.024043111,Train,Train
1229,0.040265467,Train,Train
1230,0.043073647,Train,Train
1231,0.033307783,Train,Train
1232,0.055967078,Train,Train
1233,0.028785102,Train,Train
1234,0.03828476,Train,Train
1235,0.03714575,Train,Train
1236,0.030023646,Train,Train
1237,0.03413604,Train,Train
1238,0.042834993,Train,Train
1239,0.049057476,Train,Train
1240,0.043611083,Train,Train
1241,0.020935833,Train,Train
1242,0.05603122,Train,Train
1243,0.03871434,Train,Train
1244,0.077651285,Train,Train
1245,0.023222284,Train,Train
1246,0.07203774,Train,Train
1247,0.025657682,Train,Train
1248,0.086095564,Train,Train
1249,0.03473167,Train,Train
1250,0.047582496,Train,Train
1251,0.052189574,Train,Train
1252,0.04265042,Train,Train
1253,0.03506945,Train,Train
1254,0.031769954,Train,Train
1255,0.033800215,Train,Train
1256,0.0349283,Train,Train
1257,0.042467777,Train,Train
1258,0.038776375,Train,Train
1259,0.01367349,Train,Train
1260,0.042778034,Train,Train
1261,0.031816985,Train,Train
1262,0.021968305,Train,Train
1263,0.018131947,Train,Train
1264,0.052346524,Train,Train
1265,0.030322632,Train,Train
1266,0.025396781,Train,Train
1267,0.03556122,Train,Train
1268,0.042358644,Train,Train
1269,0.030098215,Train,Train
1270,0.04362274,Train,Train
1271,0.026664346,Train,Train
1272,0.046128664,Train,Train
1273,0.024025412,Train,Train
1274,0.030240951,Train,Train
1275,0.03175907,Train,Train
1276,0.051679894,Train,Train
1277,0.03554123,Train,Train
1278,0.037495982,Train,Train
1279,0.037996773,Train,Train
1280,0.023900345,Train,Train
1281,0.046307705,Train,Train
1282,0.0487291,Train,Train
1283,0.07619096,Train,Train
1284,0.05032455,Train,Train
1285,0.03738243,Train,Train
1286,0.054365665,Train,Train
1287,0.030361027,Train,Train
1288,0.040352378,Train,Train
1289,0.05433333,Train,Train
1290,0.04210016,Train,Train
1291,0.035791628,Train,Train
1292,0.050993245,Train,Train
1293,0.038738165,Train,Train
1294,0.05466542,Train,Train
1295,0.033810973,Train,Train
1296,0.038475998,Train,Train
1297,0.04625291,Train,Train
1298,0.05520622,Train,Train
1299,0.04056959,Train,Train
1300,0.039903138,Train,Train
1301,0.053395335,Train,Train
1302,0.040112857,Train,Train
1303,0.022964956,Train,Train
1304,0.03301028,Train,Train
1305,0.055633824,Train,Train
1306,0.02240439,Train,Train
1307,0.031462416,Train,Train
1308,0.03586884,Train,Train
1309,0.06179352,Train,Train
1310,0.027290963,Train,Train
1311,0.08560203,Train,Train
1312,0.042354234,Train,Train
1313,0.034248084,Train,Train
1314,0.027503805,Train,Train
1315,0.035168488,Train,Train
1316,0.0615745,Train,Train
1317,0.056008693,Train,Train
1318,0.058742,Train,Train
1319,0.02947006,Train,Train
1320,0.040802736,Train,Train
1321,0.040948726,Train,Train
1322,0.024169352,Train,Train
1323,0.04381698,Train,Train
1324,0.036403053,Train,Train
1325,0.034000047,Train,Train
1326,0.029372523,Train,Train
1327,0.017275112,Train,Train
1328,0.035732757,Train,Train
1329,0.043852676,Train,Train
1330,0.06371488,Train,Train
1331,0.022181598,Train,Train
1332,0.0701532,Train,Train
1333,0.037235793,Train,Train
1334,0.03198045,Train,Train
1335,0.0348924,Train,Train
1336,0.056997284,Train,Train
1337,0.043798175,Train,Train
1338,0.057958204,Train,Train
1339,0.032178145,Train,Train
1340,0.046031483,Train,Train
1341,0.02491204,Train,Train
1342,0.058506217,Train,Train
1343,0.042315666,Train,Train
1344,0.04376462,Train,Train
1345,0.02915138,Train,Train
1346,0.04463629,Train,Train
1347,0.021297395,Train,Train
1348,0.048768498,Train,Train
1349,0.0339401,Train,Train
1350,0.044727758,Train,Train
1351,0.020882135,Train,Train
1352,0.043735277,Train,Train
1353,0.04920345,Train,Train
1354,0.0533706,Train,Train
1355,0.035326418,Train,Train
1356,0.03556332,Train,Train
1357,0.054826163,Train,Train
1358,0.052145984,Train,Train
1359,0.038837235,Train,Train
1360,0.03480719,Train,Train
1361,0.053895954,Train,Train
1362,0.051748775,Train,Train
1363,0.052206732,Train,Train
1364,0.04393373,Train,Train
1365,0.026196243,Train,Train
1366,0.046087377,Train,Train
1367,0.03279001,Train,Train
1368,0.021576231,Train,Train
1369,0.02607924,Train,Train
1370,0.053093355,Train,Train
1371,0.02388474,Train,Train
1372,0.040153272,Train,Train
1373,0.04609357,Train,Train
1374,0.023302292,Train,Train
1375,0.027873408,Train,Train
1376,0.041045595,Train,Train
1377,0.032756988,Train,Train
1378,0.035536468,Train,Train
1379,0.029550023,Train,Train
1380,0.023695307,Train,Train
1381,0.03491042,Train,Train
1382,0.044744235,Train,Train
1383,0.05486217,Train,Train
1384,0.081389315,Train,Train
1385,0.024524614,Train,Train
1386,0.022756433,Train,Train
1387,0.016103674,Train,Train
1388,0.02996765,Train,Train
1389,0.03925698,Train,Train
1390,0.059566107,Train,Train
1391,0.053395532,Train,Train
1392,0.05061433,Train,Train
1393,0.03515204,Train,Train
1394,0.041392915,Train,Train
1395,0.03284051,Train,Train
1396,0.054890495,Train,Train
1397,0.061346404,Train,Train
1398,0.020665308,Train,Train
1399,0.05157747,Train,Train
1400,0.04577521,Train,Train
1401,0.059198275,Train,Train
1402,0.027632726,Train,Train
1403,0.035794925,Train,Train
1404,0.02081855,Train,Train
1405,0.04352727,Train,Train
1406,0.08294629,Train,Train
1407,0.037583373,Train,Train
1408,0.044106014,Train,Train
1409,0.02765034,Train,Train
1410,0.047100406,Train,Train
1411,0.038935725,Train,Train
1412,0.048236344,Train,Train
1413,0.053102423,Train,Train
1414,0.08145166,Train,Train
1415,0.024101578,Train,Train
1416,0.019978035,Train,Train
1417,0.06430969,Train,Train
1418,0.04201793,Train,Train
1419,0.053797547,Train,Train
1420,0.04237363,Train,Train
1421,0.043438092,Train,Train
1422,0.044953138,Train,Train
1423,0.05044237,Train,Train
1424,0.048374902,Train,Train
1425,0.042072643,Train,Train
1426,0.03651639,Train,Train
1427,0.03715473,Train,Train
1428,0.053667933,Train,Train
1429,0.045150287,Train,Train
1430,0.037364103,Train,Train
1431,0.033639856,Train,Train
1432,0.02389209,Train,Train
1433,0.033112038,Train,Train
1434,0.044835977,Train,Train
1435,0.04553236,Train,Train
1436,0.04306355,Train,Train
1437,0.045574058,Train,Train
1438,0.03516309,Train,Train
1439,0.04301195,Train,Train
1440,0.04443118,Train,Train
1441,0.04761628,Train,Train
1442,0.052742742,Train,Train
1443,0.039855335,Train,Train
1444,0.055582877,Train,Train
1445,0.041132733,Train,Train
1446,0.030032793,Train,Train
1447,0.06349083,Train,Train
1448,0.047179915,Train,Train
1449,0.065757595,Train,Train
1450,0.014162182,Train,Train
1451,0.06238368,Train,Train
1452,0.05010771,Train,Train
1453,0.029281298,Train,Train
1454,0.04519237,Train,Train
1455,0.05168395,Train,Train
1456,0.03537418,Train,Train
1457,0.03780393,Train,Train
1458,0.021176163,Train,Train
1459,0.041965302,Train,Train
1460,0.037426665,Train,Train
1461,0.038239285,Train,Train
1462,0.027449634,Train,Train
1463,0.040072344,Train,Train
1464,0.038538888,Train,Train
1465,0.04904313,Train,Train
1466,0.035249013,Train,Train
1467,0.043808665,Train,Train
1468,0.04646484,Train,Train
1469,0.026041435,Train,Train
1470,0.025514867,Train,Train
1471,0.05317372,Train,Train
1472,0.033498816,Train,Train
1473,0.04669072,Train,Train
1474,0.080365725,Train,Train
1475,0.046355486,Train,Train
1476,0.03968444,Train,Train
1477,0.027507678,Train,Train
1478,0.039119527,Train,Train
1479,0.055164363,Train,Train
1480,0.028071117,Train,Train
1481,0.02401729,Train,Train
1482,0.031145547,Train,Train
1483,0.046047963,Train,Train
1484,0.048029795,Train,Train
1485,0.0453513,Train,Train
1486,0.03791426,Train,Train
1487,0.052033007,Train,Train
1488,0.05126512,Train,Train
1489,0.045915186,Train,Train
1490,0.029333089,Train,Train
1491,0.022912268,Train,Train
1492,0.04726776,Train,Train
1493,0.018220179,Train,Train
1494,0.037119217,Train,Train
1495,0.0356232,Train,Train
1496,0.030720327,Train,Train
1497,0.051745493,Train,Train
1498,0.046902712,Train,Train
1499,0.04069443,Train,Train
1500,0.042029914,Train,Train
1501,0.057019167,Train,Train
1502,0.028241474,Train,Train
1503,0.03604046,Train,Train
1504,0.015989099,Train,Train
1505,0.0647985,Train,Train
1506,0.04748066,Train,Train
1507,0.021137344,Train,Train
1508,0.03285682,Train,Train
1509,0.0367445,Train,Train
1510,0.021426456,Train,Train
1511,0.021558614,Train,Train
1512,0.04502108,Train,Train
1513,0.02563488,Train,Train
1514,0.020991027,Train,Train
1515,0.04976467,Train,Train
1516,0.045927085,Train,Train
1517,0.03548685,Train,Train
1518,0.034405295,Train,Train
1519,0.040941466,Train,Train
1520,0.042049147,Train,Train
1521,0.03547685,Train,Train
1522,0.04114086,Train,Train
1523,0.02340551,Train,Train
1524,0.035437472,Train,Train
1525,0.028307889,Train,Train
1526,0.04468432,Train,Train
1527,0.07185705,Train,Train
1528,0.034843717,Train,Train
1529,0.045859076,Train,Train
1530,0.028146863,Train,Train
1531,0.054382917,Train,Train
1532,0.04364957,Train,Train
1533,0.0208763,Train,Train
1534,0.051825352,Train,Train
1535,0.043556012,Train,Train
1536,0.053455602,Train,Train
1537,0.046338968,Train,Train
1538,0.041899152,Train,Train
1539,0.033006065,Train,Train
1540,0.02536294,Train,Train
1541,0.04308114,Train,Train
1542,0.03932444,Train,Train
1543,0.055839468,Train,Train
1544,0.030018475,Train,Train
1545,0.029695919,Train,Train
1546,0.033320148,Train,Train
1547,0.04539388,Train,Train
1548,0.036178093,Train,Train
1549,0.026828196,Train,Train
1550,0.035480414,Train,Train
1551,0.05133379,Train,Train
1552,0.03909033,Train,Train
1553,0.027768297,Train,Train
1554,0.060644433,Train,Train
1555,0.05558767,Train,Train
1556,0.036806762,Train,Train
1557,0.037475824,Train,Train
1558,0.021380302,Train,Train
1559,0.06173128,Train,Train
1560,0.04278585,Train,Train
1561,0.08276931,Train,Train
1562,0.027443107,Train,Train
1563,0.07617671,Train,Train
1564,0.031972717,Train,Train
1565,0.060687188,Train,Train
1566,0.029012226,Train,Train
1567,0.032461476,Train,Train
1568,0.060519528,Train,Train
1569,0.03575291,Train,Train
1570,0.023683868,Train,Train
1571,0.03322486,Train,Train
1572,0.03385335,Train,Train
1573,0.039788924,Train,Train
1574,0.020448199,Train,Train
1575,0.05490198,Train,Train
1576,0.04742924,Train,Train
1577,0.05447115,Train,Train
1578,0.037955526,Train,Train
1579,0.05083135,Train,Train
1580,0.052721523,Train,Train
1581,0.031353615,Train,Train
1582,0.040998243,Train,Train
1583,0.047164842,Train,Train
1584,0.031399015,Train,Train
1585,0.023058211,Train,Train
1586,0.038128685,Train,Train
1587,0.026562076,Train,Train
1588,0.020197142,Train,Train
1589,0.032025322,Train,Train
1590,0.03723866,Train,Train
1591,0.04234723,Train,Train
1592,0.056836963,Train,Train
1593,0.034875058,Train,Train
1594,0.024411555,Train,Train
1595,0.042845406,Train,Train
1596,0.05585254,Train,Train
1597,0.024763148,Train,Train
1598,0.042392544,Train,Train
1599,0.044918492,Train,Train
1600,0.040721472,Train,Train
1601,0.021756873,Train,Train
1602,0.04314022,Train,Train
1603,0.03964628,Train,Train
1604,0.03821197,Train,Train
1605,0.049064122,Train,Train
1606,0.073350124,Train,Train
1607,0.054746732,Train,Train
1608,0.04791366,Train,Train
1609,0.043174107,Train,Train
1610,0.035035353,Train,Train
1611,0.031126631,Train,Train
1612,0.04369793,Train,Train
1613,0.042742915,Train,Train
1614,0.026291668,Train,Train
1615,0.08186161,Train,Train
1616,0.042015206,Train,Train
1617,0.04053864,Train,Train
1618,0.0316875,Train,Train
1619,0.02309948,Train,Train
1620,0.04895417,Train,Train
1621,0.023300167,Train,Train
1622,0.061663203,Train,Train
1623,0.04203192,Train,Train
1624,0.037236273,Train,Train
1625,0.047249023,Train,Train
1626,0.056489367,Train,Train
1627,0.03669162,Train,Train
1628,0.08875823,Train,Train
1629,0.034081094,Train,Train
1630,0.0869913,Train,Train
1631,0.0332209,Train,Train
1632,0.04704476,Train,Train
1633,0.038847968,Train,Train
1634,0.035560757,Train,Train
1635,0.0340448,Train,Train
1636,0.023483736,Train,Train
1637,0.03618176,Train,Train
1638,0.025001701,Train,Train
1639,0.027451275,Train,Train
1640,0.030271431,Train,Train
1641,0.056817424,Train,Train
1642,0.05667074,Train,Train
1643,0.029952615,Train,Train
1644,0.018163124,Train,Train
1645,0.025894307,Train,Train
1646,0.053047776,Train,Train
1647,0.058588207,Train,Train
1648,0.046614867,Train,Train
1649,0.034399103,Train,Train
1650,0.051410012,Train,Train
1651,0.027333178,Train,Train
1652,0.02025526,Train,Train
1653,0.05071288,Train,Train
1654,0.024723513,Train,Train
1655,0.034689434,Train,Train
1656,0.048543356,Train,Train
1657,0.025185082,Train,Train
1658,0.03331999,Train,Train
1659,0.03555178,Train,Train
1660,0.056669928,Train,Train
1661,0.030920966,Train,Train
1662,0.049362354,Train,Train
1663,0.04225496,Train,Train
1664,0.032848276,Train,Train
1665,0.03239813,Train,Train
1666,0.019649921,Train,Train
1667,0.055185296,Train,Train
1668,0.037182063,Train,Train
1669,0.02766604,Train,Train
1670,0.03327265,Train,Train
1671,0.025167987,Train,Train
1672,0.046804175,Train,Train
1673,0.042194333,Train,Train
1674,0.043235935,Train,Train
1675,0.031284932,Train,Train
1676,0.045242134,Train,Train
1677,0.027431335,Train,Train
1678,0.033010498,Train,Train
1679,0.051756617,Train,Train
1680,0.044801656,Train,Train
1681,0.040677715,Train,Train
1682,0.050993208,Train,Train
1683,0.024401927,Train,Train
1684,0.023778915,Train,Train
1685,0.036444034,Train,Train
1686,0.026622677,Train,Train
1687,0.025849132,Train,Train
1688,0.03999039,Train,Train
1689,0.037139118,Train,Train
1690,0.049380574,Train,Train
1691,0.03030603,Train,Train
1692,0.071867935,Train,Train
1693,0.0513507,Train,Train
1694,0.036111224,Train,Train
1695,0.035090894,Train,Train
1696,0.043527115,Train,Train
1697,0.038222723,Train,Train
1698,0.034278776,Train,Train
1699,0.0391042,Train,Train
1700,0.051722772,Train,Train
1701,0.02684383,Train,Train
1702,0.046227675,Train,Train
1703,0.036459915,Train,Train
1704,0.034523062,Train,Train
1705,0.052640934,Train,Train
1706,0.0393402,Train,Train
1707,0.03063705,Train,Train
1708,0.0422587,Train,Train
1709,0.019190192,Train,Train
1710,0.04008906,Train,Train
1711,0.054278873,Train,Train
1712,0.060929652,Train,Train
1713,0.023085393,Train,Train
1714,0.05466898,Train,Train
1715,0.036417704,Train,Train
1716,0.0355825,Train,Train
1717,0.02308497,Train,Train
1718,0.048504613,Train,Train
1719,0.04080385,Train,Train
1720,0.040061515,Train,Train
1721,0.08352348,Train,Train
1722,0.054676335,Train,Train
1723,0.03815819,Train,Train
1724,0.06742638,Train,Train
1725,0.04647034,Train,Train
1726,0.068255715,Train,Train
1727,0.0530791,Train,Train
1728,0.05091005,Train,Train
1729,0.017821519,Train,Train
1730,0.055255707,Train,Train
1731,0.04980827,Train,Train
1732,0.03537874,Train,Train
1733,0.021588353,Train,Train
1734,0.04207978,Train,Train
1735,0.05044144,Train,Train
1736,0.038444236,Train,Train
1737,0.04181322,Train,Train
1738,0.080385156,Train,Train
1739,0.04333622,Train,Train
1740,0.052686125,Train,Train
1741,0.037885234,Train,Train
1742,0.043047007,Train,Train
1743,0.022658909,Train,Train
1744,0.024023421,Train,Train
1745,0.03611192,Train,Train
1746,0.04403995,Train,Train
1747,0.02343111,Train,Train
1748,0.036320083,Train,Train
1749,0.03313076,Train,Train
1750,0.05074672,Train,Train
1751,0.035871312,Train,Train
1752,0.025720885,Train,Train
1753,0.03888224,Train,Train
1754,0.021448255,Train,Train
1755,0.047571655,Train,Train
1756,0.042105705,Train,Train
1757,0.035549514,Train,Train
1758,0.024824815,Train,Train
1759,0.056487594,Train,Train
1760,0.037179247,Train,Train
1761,0.05153151,Train,Train
1762,0.029732132,Train,Train
1763,0.028282281,Train,Train
1764,0.035707105,Train,Train
1765,0.036855303,Train,Train
1766,0.04249273,Train,Train
1767,0.027527189,Train,Train
1768,0.018673072,Train,Train
1769,0.02708053,Train,Train
1770,0.032702103,Train,Train
1771,0.04347432,Train,Train
1772,0.03423816,Train,Train
1773,0.045701947,Train,Train
1774,0.05984126,Train,Train
1775,0.056857575,Train,Train
1776,0.05905505,Train,Train
1777,0.054942764,Train,Train
1778,0.051543605,Train,Train
1779,0.079083435,Train,Train
1780,0.055590026,Train,Train
1781,0.020524979,Train,Train
1782,0.02756388,Train,Train
1783,0.047028385,Train,Train
1784,0.0406927,Train,Train
1785,0.03832484,Train,Train
1786,0.03896107,Train,Train
1787,0.025829794,Train,Train
1788,0.040287293,Train,Train
1789,0.082263306,Train,Train
1790,0.03628435,Train,Train
1791,0.032385964,Train,Train
1792,0.025112117,Train,Train
1793,0.029493105,Train,Train
1794,0.032803047,Train,Train
1795,0.0429979,Train,Train
1796,0.030378737,Train,Train
1797,0.047198787,Train,Train
1798,0.03260014,Train,Train
1799,0.03308154,Train,Train
1800,0.02592872,Train,Train
1801,0.037842862,Train,Train
1802,0.050754566,Train,Train
1803,0.017297277,Train,Train
1804,0.044594064,Train,Train
1805,0.0333314,Train,Train
1806,0.083190136,Train,Train
1807,0.018558862,Train,Train
1808,0.03773817,Train,Train
1809,0.039221164,Train,Train
1810,0.046541777,Train,Train
1811,0.04384628,Train,Train
1812,0.016435314,Train,Train
1813,0.04142981,Train,Train
1814,0.043441273,Train,Train
1815,0.041269768,Train,Train
1816,0.042834215,Train,Train
1817,0.04382164,Train,Train
1818,0.04763744,Train,Train
1819,0.042336263,Train,Train
1820,0.05308641,Train,Train
1821,0.04558775,Train,Train
1822,0.058811408,Train,Train
1823,0.038644303,Train,Train
1824,0.022420188,Train,Train
1825,0.042434897,Train,Train
1826,0.033624534,Train,Train
1827,0.033792723,Train,Train
1828,0.026568979,Train,Train
1829,0.054404236,Train,Train
1830,0.03595284,Train,Train
1831,0.02755553,Train,Train
1832,0.045573946,Train,Train
1833,0.0430585,Train,Train
1834,0.047092523,Train,Train
1835,0.037062425,Train,Train
1836,0.040472947,Train,Train
1837,0.023160104,Train,Train
1838,0.03890099,Train,Train
1839,0.038012557,Train,Train
1840,0.045629054,Train,Train
1841,0.05103993,Train,Train
1842,0.043046895,Train,Train
1843,0.029642522,Train,Train
1844,0.04191623,Train,Train
1845,0.030718414,Train,Train
1846,0.019969719,Train,Train
1847,0.051682808,Train,Train
1848,0.05164131,Train,Train
1849,0.03443129,Train,Train
1850,0.03934191,Train,Train
1851,0.056008663,Train,Train
1852,0.05308114,Train,Train
1853,0.043344095,Train,Train
1854,0.031765133,Train,Train
1855,0.049865577,Train,Train
1856,0.026114833,Train,Train
1857,0.04477068,Train,Train
1858,0.03207482,Train,Train
1859,0.031600773,Train,Train
1860,0.058283214,Train,Train
1861,0.042949505,Train,Train
1862,0.029473145,Train,Train
1863,0.032263424,Train,Train
1864,0.028573357,Train,Train
1865,0.038055584,Train,Train
1866,0.034239773,Train,Train
1867,0.05032336,Train,Train
1868,0.05247343,Train,Train
1869,0.023158014,Train,Train
1870,0.016370816,Train,Train
1871,0.057770852,Train,Train
1872,0.04447117,Train,Train
1873,0.034756076,Train,Train
1874,0.02210016,Train,Train
1875,0.040416878,Train,Train
1876,0.032979846,Train,Train
1877,0.03284134,Train,Train
1878,0.016234377,Train,Train
1879,0.039998457,Train,Train
1880,0.0838097,Train,Train
1881,0.03512536,Train,Train
1882,0.03938843,Train,Train
1883,0.02820068,Train,Train
1884,0.02421069,Train,Train
1885,0.028535232,Train,Train
1886,0.0411409,Train,Train
1887,0.024967138,Train,Train
1888,0.036366783,Train,Train
1889,0.047298737,Train,Train
1890,0.025719581,Train,Train
1891,0.044453833,Train,Train
1892,0.022455394,Train,Train
1893,0.035043437,Train,Train
1894,0.044957552,Train,Train
1895,0.03861284,Train,Train
1896,0.033126213,Train,Train
1897,0.021231266,Train,Train
1898,0.06387702,Train,Train
1899,0.032493625,Train,Train
1900,0.03239259,Train,Train
1901,0.038753793,Train,Train
1902,0.04240241,Train,Train
1903,0.050686426,Train,Train
1904,0.04542328,Train,Train
1905,0.025096955,Train,Train
1906,0.03910801,Train,Train
1907,0.039365027,Train,Train
1908,0.03452205,Train,Train
1909,0.033518024,Train,Train
1910,0.017422643,Train,Train
1911,0.058640692,Train,Train
1912,0.026370866,Train,Train
1913,0.055896595,Train,Train
1914,0.03794554,Train,Train
1915,0.032365426,Train,Train
1916,0.03734953,Train,Train
1917,0.030336324,Train,Train
1918,0.029954724,Train,Train
1919,0.04702604,Train,Train
1920,0.034642823,Train,Train
1921,0.04626449,Train,Train
1922,0.023595644,Train,Train
1923,0.07453963,Train,Train
1924,0.044578765,Train,Train
1925,0.033707935,Train,Train
1926,0.033306114,Train,Train
1927,0.03181413,Train,Train
1928,0.027916782,Train,Train
1929,0.056592908,Train,Train
1930,0.028670706,Train,Train
1931,0.04573474,Train,Train
1932,0.054812256,Train,Train
1933,0.025255306,Train,Train
1934,0.034553535,Train,Train
1935,0.024922147,Train,Train
1936,0.03324724,Train,Train
1937,0.028821932,Train,Train
1938,0.027745208,Train,Train
1939,0.06447379,Train,Train
1940,0.06621551,Train,Train
1941,0.028021371,Train,Train
1942,0.048018485,Train,Train
1943,0.08075806,Train,Train
1944,0.05416671,Train,Train
1945,0.032321703,Train,Train
1946,0.022511514,Train,Train
1947,0.036235362,Train,Train
1948,0.016026393,Train,Train
1949,0.030242238,Train,Train
1950,0.025636867,Train,Train
1951,0.033114944,Train,Train
1952,0.030285997,Train,Train
1953,0.047144502,Train,Train
1954,0.054033473,Train,Train
1955,0.024261212,Train,Train
1956,0.039867308,Train,Train
1957,0.0404174,Train,Train
1958,0.016007192,Train,Train
1959,0.026371475,Train,Train
1960,0.05345098,Train,Train
1961,0.03107453,Train,Train
1962,0.037229367,Train,Train
1963,0.037778005,Train,Train
1964,0.050763953,Train,Train
1965,0.047245283,Train,Train
1966,0.052255005,Train,Train
1967,0.033296466,Train,Train
1968,0.028586166,Train,Train
1969,0.017508874,Train,Train
1970,0.03370048,Train,Train
1971,0.034773707,Train,Train
1972,0.05066987,Train,Train
1973,0.033645842,Train,Train
1974,0.021877894,Train,Train
1975,0.050544664,Train,Train
1976,0.022590915,Train,Train
1977,0.021246469,Train,Train
1978,0.030332023,Train,Train
1979,0.031090334,Train,Train
1980,0.05657606,Train,Train
1981,0.02621954,Train,Train
1982,0.041576818,Train,Train
1983,0.03835498,Train,Train
1984,0.080729604,Train,Train
1985,0.041614786,Train,Train
1986,0.04787594,Train,Train
1987,0.03674874,Train,Train
1988,0.038263157,Train,Train
1989,0.04987934,Train,Train
1990,0.053551823,Train,Train
1991,0.035653178,Train,Train
1992,0.048826274,Train,Train
1993,0.040879503,Train,Train
1994,0.024300534,Train,Train
1995,0.032177318,Train,Train
1996,0.025487375,Train,Train
1997,0.04341067,Train,Train
1998,0.04300234,Train,Train
1999,0.05595875,Train,Train
2000,0.03901978,Train,Train
2001,0.034559876,Train,Train
2002,0.03328786,Train,Train
2003,0.027333518,Train,Train
2004,0.029157806,Train,Train
2005,0.046149205,Train,Train
2006,0.046577986,Train,Train
2007,0.039704833,Train,Train
2008,0.027684515,Train,Train
2009,0.06407017,Train,Train
2010,0.024542,Train,Train
2011,0.04030343,Train,Train
2012,0.019575194,Train,Train
2013,0.02272561,Train,Train
2014,0.041349716,Train,Train
2015,0.027901564,Train,Train
2016,0.040067893,Train,Train
2017,0.039727762,Train,Train
2018,0.023661574,Train,Train
2019,0.046283137,Train,Train
2020,0.053136557,Train,Train
2021,0.048465632,Train,Train
2022,0.02565218,Train,Train
2023,0.020761535,Train,Train
2024,0.053791802,Train,Train
2025,0.04878442,Train,Train
2026,0.031090934,Train,Train
2027,0.029894724,Train,Train
2028,0.06569472,Train,Train
2029,0.039848875,Train,Train
2030,0.040742833,Train,Train
2031,0.046227876,Train,Train
2032,0.037489034,Train,Train
2033,0.03892671,Train,Train
2034,0.032604933,Train,Train
2035,0.030783951,Train,Train
2036,0.05873994,Train,Train
2037,0.048190698,Train,Train
2038,0.026806317,Train,Train
2039,0.038497187,Train,Train
2040,0.04165051,Train,Train
2041,0.0544302,Train,Train
2042,0.039373834,Train,Train
2043,0.04220022,Train,Train
2044,0.051344015,Train,Train
2045,0.03353328,Train,Train
2046,0.03330698,Train,Train
2047,0.022704577,Train,Train
2048,0.023773527,Train,Train
2049,0.03826303,Train,Train
2050,0.050135087,Train,Train
2051,0.020429157,Train,Train
2052,0.045417916,Train,Train
2053,0.049471818,Train,Train
2054,0.027702792,Train,Train
2055,0.020664971,Train,Train
2056,0.03257146,Train,Train
2057,0.046995442,Train,Train
2058,0.03360099,Train,Train
2059,0.042048305,Train,Train
2060,0.022864565,Train,Train
2061,0.030328523,Train,Train
2062,0.04414491,Train,Train
2063,0.0522695,Train,Train
2064,0.032389075,Train,Train
2065,0.052474663,Train,Train
2066,0.04357967,Train,Train
2067,0.052380193,Train,Train
2068,0.036689322,Train,Train
2069,0.040620733,Train,Train
2070,0.05525904,Train,Train
2071,0.035098583,Train,Train
2072,0.041595582,Train,Train
2073,0.027775887,Train,Train
2074,0.01569491,Train,Train
2075,0.053248126,Train,Train
2076,0.027276311,Train,Train
2077,0.031507753,Train,Train
2078,0.035641566,Train,Train
2079,0.03659742,Train,Train
2080,0.036770996,Train,Train
2081,0.02602673,Train,Train
2082,0.033786654,Train,Train
2083,0.041854456,Train,Train
2084,0.03182127,Train,Train
2085,0.03369638,Train,Train
2086,0.04445139,Train,Train
2087,0.040048607,Train,Train
2088,0.050899774,Train,Train
2089,0.028190963,Train,Train
2090,0.040462237,Train,Train
2091,0.028709544,Train,Train
2092,0.036111165,Train,Train
2093,0.036921896,Train,Train
2094,0.051231556,Train,Train
2095,0.021848837,Train,Train
2096,0.041987047,Train,Train
2097,0.020679012,Train,Train
2098,0.04369174,Train,Train
2099,0.06134685,Train,Train
2100,0.036633335,Train,Train
2101,0.018980242,Train,Train
2102,0.044965733,Train,Train
2103,0.03406173,Train,Train
2104,0.034104012,Train,Train
2105,0.032286756,Train,Train
2106,0.040688746,Train,Train
2107,0.049534768,Train,Train
2108,0.029434152,Train,Train
2109,0.032903485,Train,Train
2110,0.028075796,Train,Train
2111,0.030123126,Train,Train
2112,0.04801786,Train,Train
2113,0.040617906,Train,Train
2114,0.037533183,Train,Train
2115,0.039309964,Train,Train
2116,0.046168663,Train,Train
2117,0.02180155,Train,Train
2118,0.04455364,Train,Train
2119,0.04818951,Train,Train
2120,0.04389895,Train,Train
2121,0.03410471,Train,Train
2122,0.037354827,Train,Train
2123,0.035195336,Train,Train
2124,0.045977164,Train,Train
2125,0.02260066,Train,Train
2126,0.018930854,Train,Train
2127,0.051963132,Train,Train
2128,0.055133365,Train,Train
2129,0.03647198,Train,Train
2130,0.049529113,Train,Train
2131,0.019757,Train,Train
2132,0.04236182,Train,Train
2133,0.058631066,Train,Train
2134,0.040247153,Train,Train
2135,0.040368415,Train,Train
2136,0.036371585,Train,Train
2137,0.042179693,Train,Train
2138,0.04268343,Train,Train
2139,0.049773872,Train,Train
2140,0.035315968,Train,Train
2141,0.048462275,Train,Train
2142,0.03575666,Train,Train
2143,0.038052194,Train,Train
2144,0.033866506,Train,Train
2145,0.020191962,Train,Train
2146,0.020064835,Train,Train
2147,0.023782099,Train,Train
2148,0.08025111,Train,Train
2149,0.045577724,Train,Train
2150,0.04478451,Train,Train
2151,0.042103704,Train,Train
2152,0.02578486,Train,Train
2153,0.03987049,Train,Train
2154,0.026992233,Train,Train
2155,0.052904356,Train,Train
2156,0.043719985,Train,Train
2157,0.038704254,Train,Train
2158,0.044402167,Train,Train
2159,0.018568594,Train,Train
2160,0.032610424,Train,Train
2161,0.030868959,Train,Train
2162,0.037334803,Train,Train
2163,0.01836609,Train,Train
2164,0.055011347,Train,Train
2165,0.03628652,Train,Train
2166,0.054187603,Train,Train
2167,0.049562097,Train,Train
2168,0.04995901,Train,Train
2169,0.050658535,Train,Train
2170,0.046023104,Train,Train
2171,0.04852736,Train,Train
2172,0.028811032,Train,Train
2173,0.03652732,Train,Train
2174,0.060016267,Train,Train
2175,0.04282907,Train,Train
2176,0.034596264,Train,Train
2177,0.03407594,Train,Train
2178,0.03135725,Train,Train
2179,0.042862594,Train,Train
2180,0.047378365,Train,Train
2181,0.04116466,Train,Train
2182,0.039271463,Train,Train
2183,0.04355391,Train,Train
2184,0.034317873,Train,Train
2185,0.03317324,Train,Train
2186,0.037118312,Train,Train
2187,0.035176355,Train,Train
2188,0.029397037,Train,Train
2189,0.043978862,Train,Train
2190,0.049653083,Train,Train
2191,0.04522091,Train,Train
2192,0.0417074,Train,Train
2193,0.036247272,Train,Train
2194,0.043849893,Train,Train
2195,0.04220258,Train,Train
2196,0.03656301,Train,Train
2197,0.05115684,Train,Train
2198,0.054585535,Train,Train
2199,0.036469888,Train,Train
2200,0.04713074,Train,Train
2201,0.02415955,Train,Train
2202,0.048580896,Train,Train
2203,0.04137617,Train,Train
2204,0.026314,Train,Train
2205,0.04712089,Train,Train
2206,0.038114127,Train,Train
2207,0.053230893,Train,Train
2208,0.025701318,Train,Train
2209,0.029710451,Train,Train
2210,0.049157064,Train,Train
2211,0.042954396,Train,Train
2212,0.025031859,Train,Train
2213,0.049581867,Train,Train
2214,0.017347652,Train,Train
2215,0.045850463,Train,Train
2216,0.023812868,Train,Train
2217,0.029793251,Train,Train
2218,0.07707174,Train,Train
2219,0.03504312,Train,Train
2220,0.023479948,Train,Train
2221,0.03216789,Train,Train
2222,0.027566163,Train,Train
2223,0.02148409,Train,Train
2224,0.026987404,Train,Train
2225,0.05101867,Train,Train
2226,0.04167764,Train,Train
2227,0.026300427,Train,Train
2228,0.0480157,Train,Train
2229,0.037634764,Train,Train
2230,0.052189227,Train,Train
2231,0.03488911,Train,Train
2232,0.02976282,Train,Train
2233,0.024629774,Train,Train
2234,0.025495691,Train,Train
2235,0.05981022,Train,Train
2236,0.018210657,Train,Train
2237,0.038907133,Train,Train
2238,0.01687962,Train,Train
2239,0.04036555,Train,Train
2240,0.038639296,Train,Train
2241,0.061392788,Train,Train
2242,0.04267914,Train,Train
2243,0.038686372,Train,Train
2244,0.0287074,Train,Train
2245,0.039650276,Train,Train
2246,0.024839282,Train,Train
2247,0.036678854,Train,Train
2248,0.029497396,Train,Train
2249,0.07041333,Train,Train
2250,0.050381534,Train,Train
2251,0.052013505,Train,Train
2252,0.033728205,Train,Train
2253,0.027053004,Train,Train
2254,0.039608404,Train,Train
2255,0.028300688,Train,Train
2256,0.04857022,Train,Train
2257,0.026143003,Train,Train
2258,0.026071738,Train,Train
2259,0.03960963,Train,Train
2260,0.037241522,Train,Train
2261,0.029534515,Train,Train
2262,0.037523326,Train,Train
2263,0.038384292,Train,Train
2264,0.050303914,Train,Train
2265,0.050001625,Train,Train
2266,0.035605613,Train,Train
2267,0.061168313,Train,Train
2268,0.028929641,Train,Train
2269,0.029459175,Train,Train
2270,0.021854602,Train,Train
2271,0.046507258,Train,Train
2272,0.05801847,Train,Train
2273,0.04414938,Train,Train
2274,0.020450136,Train,Train
2275,0.02621817,Train,Train
2276,0.04437853,Train,Train
2277,0.061605938,Train,Train
2278,0.040444274,Train,Train
2279,0.034806937,Train,Train
2280,0.043228697,Train,Train
2281,0.034069594,Train,Train
2282,0.043449733,Train,Train
2283,0.032027327,Train,Train
2284,0.036455262,Train,Train
2285,0.04440863,Train,Train
2286,0.052535493,Train,Train
2287,0.031186013,Train,Train
2288,0.03542342,Train,Train
2289,0.029522961,Train,Train
2290,0.05153717,Train,Train
2291,0.04618251,Train,Train
2292,0.04704812,Train,Train
2293,0.056968533,Train,Train
2294,0.026212247,Train,Train
2295,0.019451082,Train,Train
2296,0.06433142,Train,Train
2297,0.030536477,Train,Train
2298,0.05956379,Train,Train
2299,0.04557145,Train,Train
2300,0.02780466,Train,Train
2301,0.07334696,Train,Train
2302,0.05516558,Train,Train
2303,0.04607913,Train,Train
2304,0.08268321,Train,Train
2305,0.028707204,Train,Train
2306,0.057147834,Train,Train
2307,0.040235203,Train,Train
2308,0.021958925,Train,Train
2309,0.018406125,Train,Train
2310,0.03031415,Train,Train
2311,0.034535415,Train,Train
2312,0.04100239,Train,Train
2313,0.029044297,Train,Train
2314,0.04665925,Train,Train
2315,0.036224246,Train,Train
2316,0.031225083,Train,Train
2317,0.01775327,Train,Train
2318,0.04436681,Train,Train
2319,0.01765503,Train,Train
2320,0.04316692,Train,Train
2321,0.0312931,Train,Train
2322,0.041495148,Train,Train
2323,0.029155895,Train,Train
2324,0.034929484,Train,Train
2325,0.039845735,Train,Train
2326,0.031529024,Train,Train
2327,0.03555803,Train,Train
2328,0.030537352,Train,Train
2329,0.045742735,Train,Train
2330,0.03517391,Train,Train
2331,0.04384712,Train,Train
2332,0.03356231,Train,Train
2333,0.020198913,Train,Train
2334,0.044596303,Train,Train
2335,0.03264596,Train,Train
2336,0.043822594,Train,Train
2337,0.034903467,Train,Train
2338,0.023287734,Train,Train
2339,0.050814692,Train,Train
2340,0.054640498,Train,Train
2341,0.050191082,Train,Train
2342,0.033095896,Train,Train
2343,0.049241696,Train,Train
2344,0.042304855,Train,Train
2345,0.056985658,Train,Train
2346,0.031732053,Train,Train
2347,0.03833259,Train,Train
2348,0.0455107,Train,Train
2349,0.03475529,Train,Train
2350,0.03840301,Train,Train
2351,0.04684249,Train,Train
2352,0.03751434,Train,Train
2353,0.043524306,Train,Train
2354,0.037855465,Train,Train
2355,0.029575244,Train,Train
2356,0.037936445,Train,Train
2357,0.039642043,Train,Train
2358,0.020180466,Train,Train
2359,0.041520674,Train,Train
2360,0.044704795,Train,Train
2361,0.04542803,Train,Train
2362,0.059109464,Train,Train
2363,0.028627537,Train,Train
2364,0.05398591,Train,Train
2365,0.037081428,Train,Train
2366,0.03451433,Train,Train
2367,0.032793105,Train,Train
2368,0.061776347,Train,Train
2369,0.041125875,Train,Train
2370,0.033181664,Train,Train
2371,0.03941881,Train,Train
2372,0.049039945,Train,Train
2373,0.03416132,Train,Train
2374,0.03915594,Train,Train
2375,0.022582456,Train,Train
2376,0.038709823,Train,Train
2377,0.052837383,Train,Train
2378,0.02990172,Train,Train
2379,0.040390726,Train,Train
2380,0.05048554,Train,Train
2381,0.040721536,Train,Train
2382,0.03273043,Train,Train
2383,0.04210248,Train,Train
2384,0.020727824,Train,Train
2385,0.029270444,Train,Train
2386,0.04820501,Train,Train
2387,0.06104962,Train,Train
2388,0.049610343,Train,Train
2389,0.03482874,Train,Train
2390,0.035002034,Train,Train
2391,0.037161097,Train,Train
2392,0.016747462,Train,Train
2393,0.0211875,Train,Train
2394,0.055276286,Train,Train
2395,0.060399435,Train,Train
2396,0.053575277,Train,Train
2397,0.035947554,Train,Train
2398,0.053762585,Train,Train
2399,0.049077824,Train,Train
2400,0.029171918,Train,Train
2401,0.04491469,Train,Train
2402,0.04862461,Train,Train
2403,0.03767033,Train,Train
2404,0.035159323,Train,Train
2405,0.05388491,Train,Train
2406,0.039045256,Train,Train
2407,0.033183802,Train,Train
2408,0.018839099,Train,Train
2409,0.027873188,Train,Train
2410,0.026747879,Train,Train
2411,0.048853822,Train,Train
2412,0.035317503,Train,Train
2413,0.028112639,Train,Train
2414,0.034505878,Train,Train
2415,0.017621273,Train,Train
2416,0.027880382,Train,Train
2417,0.039212745,Train,Train
2418,0.03405759,Train,Train
2419,0.048425667,Train,Train
2420,0.03117957,Train,Train
2421,0.03637794,Train,Train
2422,0.050851002,Train,Train
2423,0.04439018,Train,Train
2424,0.032080982,Train,Train
2425,0.027328666,Train,Train
2426,0.031135539,Train,Train
2427,0.036616676,Train,Train
2428,0.022763697,Train,Train
2429,0.02668539,Train,Train
2430,0.049556453,Train,Train
2431,0.032893445,Train,Train
2432,0.060613994,Train,Train
2433,0.04299945,Train,Train
2434,0.038798228,Train,Train
2435,0.030027479,Train,Train
2436,0.05355547,Train,Train
2437,0.042883176,Train,Train
2438,0.030529346,Train,Train
2439,0.0418181,Train,Train
2440,0.029812565,Train,Train
2441,0.047003727,Train,Train
2442,0.03010605,Train,Train
2443,0.026485056,Train,Train
2444,0.04763192,Train,Train
2445,0.04369314,Train,Train
2446,0.045639418,Train,Train
2447,0.038633537,Train,Train
2448,0.040230718,Train,Train
2449,0.031527013,Train,Train
2450,0.031581093,Train,Train
2451,0.052594464,Train,Train
2452,0.07378033,Train,Train
2453,0.052044548,Train,Train
2454,0.046829004,Train,Train
2455,0.022346562,Train,Train
2456,0.08786797,Train,Train
2457,0.034061726,Train,Train
2458,0.040230706,Train,Train
2459,0.0365881,Train,Train
2460,0.048354913,Train,Train
2461,0.028849611,Train,Train
2462,0.04902676,Train,Train
2463,0.06548134,Train,Train
2464,0.021723574,Train,Train
2465,0.038729765,Train,Train
2466,0.055263285,Train,Train
2467,0.032080885,Train,Train
2468,0.041459367,Train,Train
2469,0.058199834,Train,Train
2470,0.04563192,Train,Train
2471,0.017133536,Train,Train
2472,0.038624845,Train,Train
2473,0.051599048,Train,Train
2474,0.029227322,Train,Train
2475,0.047421955,Train,Train
2476,0.04896832,Train,Train
2477,0.05763067,Train,Train
2478,0.043001894,Train,Train
2479,0.045332078,Train,Train
2480,0.04793535,Train,Train
2481,0.036578067,Train,Train
2482,0.04343889,Train,Train
2483,0.036755923,Train,Train
2484,0.059543453,Train,Train
2485,0.038334377,Train,Train
2486,0.043253954,Train,Train
2487,0.0494562,Train,Train
2488,0.043888103,Train,Train
2489,0.041017953,Train,Train
2490,0.083404675,Train,Train
2491,0.048011106,Train,Train
2492,0.049606353,Train,Train
2493,0.04769975,Train,Train
2494,0.037649274,Train,Train
2495,0.048751924,Train,Train
2496,0.028416522,Train,Train
2497,0.042788994,Train,Train
2498,0.038299315,Train,Train
2499,0.0409593,Train,Train
2500,0.032297425,Train,Train
2501,0.032757748,Train,Train
2502,0.04031728,Train,Train
2503,0.040252164,Train,Train
2504,0.032077808,Train,Train
2505,0.043606356,Train,Train
2506,0.035623707,Train,Train
2507,0.03468459,Train,Train
2508,0.035510466,Train,Train
2509,0.031516664,Train,Train
2510,0.022663454,Train,Train
2511,0.045946203,Train,Train
2512,0.029773902,Train,Train
2513,0.082816206,Train,Train
2514,0.02950277,Train,Train
2515,0.029495612,Train,Train
2516,0.048018977,Train,Train
2517,0.06264251,Train,Train
2518,0.018145593,Train,Train
2519,0.027517175,Train,Train
2520,0.03172886,Train,Train
2521,0.04239832,Train,Train
2522,0.027033526,Train,Train
2523,0.045687713,Train,Train
2524,0.04045849,Train,Train
2525,0.022956463,Train,Train
2526,0.042069238,Train,Train
2527,0.022690859,Train,Train
2528,0.030320939,Train,Train
2529,0.039158773,Train,Train
2530,0.04826118,Train,Train
2531,0.046052035,Train,Train
2532,0.025794525,Train,Train
2533,0.029251978,Train,Train
2534,0.0334676,Train,Train
2535,0.06525943,Train,Train
2536,0.040840603,Train,Train
2537,0.045148753,Train,Train
2538,0.040686514,Train,Train
2539,0.053886767,Train,Train
2540,0.057612218,Train,Train
2541,0.047483407,Train,Train
2542,0.03145003,Train,Train
2543,0.037554972,Train,Train
2544,0.05591081,Train,Train
2545,0.051367108,Train,Train
2546,0.04092326,Train,Train
2547,0.04332395,Train,Train
2548,0.025700783,Train,Train
2549,0.040530436,Train,Train
2550,0.04902621,Train,Train
2551,0.039836835,Train,Train
2552,0.029632432,Train,Train
2553,0.050772358,Train,Train
2554,0.048147004,Train,Train
2555,0.03848503,Train,Train
2556,0.039348584,Train,Train
2557,0.017674068,Train,Train
2558,0.042618744,Train,Train
2559,0.023449373,Train,Train
2560,0.04947008,Train,Train
2561,0.06799414,Train,Train
2562,0.04219676,Train,Train
2563,0.04866107,Train,Train
2564,0.040015083,Train,Train
2565,0.04188919,Train,Train
2566,0.040082034,Train,Train
2567,0.07652155,Train,Train
2568,0.028343586,Train,Train
2569,0.033925347,Train,Train
2570,0.016684292,Train,Train
2571,0.019840132,Train,Train
2572,0.043323185,Train,Train
2573,0.045106925,Train,Train
2574,0.044562794,Train,Train
2575,0.043541525,Train,Train
2576,0.032921713,Train,Train
2577,0.040162895,Train,Train
2578,0.055703856,Train,Train
2579,0.03519875,Train,Train
2580,0.042019118,Train,Train
2581,0.057727825,Train,Train
2582,0.032387897,Train,Train
2583,0.04834763,Train,Train
2584,0.051130373,Train,Train
2585,0.054382488,Train,Train
2586,0.044702504,Train,Train
2587,0.026063243,Train,Train
2588,0.04178633,Train,Train
2589,0.059739176,Train,Train
2590,0.03295049,Train,Train
2591,0.033922773,Train,Train
2592,0.049592733,Train,Train
2593,0.025896037,Train,Train
2594,0.023331761,Train,Train
2595,0.052594956,Train,Train
2596,0.022145465,Train,Train
2597,0.021464745,Train,Train
2598,0.057860114,Train,Train
2599,0.040281348,Train,Train
2600,0.02142068,Train,Train
2601,0.04850115,Train,Train
2602,0.040465515,Train,Train
2603,0.032990966,Train,Train
2604,0.045861285,Train,Train
2605,0.026514197,Train,Train
2606,0.0353832,Train,Train
2607,0.056172162,Train,Train
2608,0.036058355,Train,Train
2609,0.038134996,Train,Train
2610,0.017978199,Train,Train
2611,0.05752812,Train,Train
2612,0.03148544,Train,Train
2613,0.015748741,Train,Train
2614,0.041935492,Train,Train
2615,0.078701474,Train,Train
2616,0.047373082,Train,Train
2617,0.03209927,Train,Train
2618,0.043352257,Train,Train
2619,0.04781235,Train,Train
2620,0.060828447,Train,Train
2621,0.029298555,Train,Train
2622,0.023097547,Train,Train
2623,0.028196834,Train,Train
2624,0.07137582,Train,Train
2625,0.041898947,Train,Train
2626,0.03518983,Train,Train
2627,0.03524091,Train,Train
2628,0.032522578,Train,Train
2629,0.024766747,Train,Train
2630,0.042373113,Train,Train
2631,0.023499226,Train,Train
2632,0.07996015,Train,Train
2633,0.03450344,Train,Train
2634,0.043921802,Train,Train
2635,0.030528674,Train,Train
2636,0.03543661,Train,Train
2637,0.03580878,Train,Train
2638,0.044958282,Train,Train
2639,0.040455434,Train,Train
2640,0.044519383,Train,Train
2641,0.031792957,Train,Train
2642,0.037997685,Train,Train
2643,0.024387803,Train,Train
2644,0.037350763,Train,Train
2645,0.051498592,Train,Train
2646,0.049025852,Train,Train
2647,0.04875492,Train,Train
2648,0.016246265,Train,Train
2649,0.034105584,Train,Train
2650,0.03164743,Train,Train
2651,0.057366375,Train,Train
2652,0.023711996,Train,Train
2653,0.037418507,Train,Train
2654,0.042071775,Train,Train
2655,0.056864887,Train,Train
2656,0.066419795,Train,Train
2657,0.06326431,Train,Train
2658,0.038972035,Train,Train
2659,0.035967357,Train,Train
2660,0.04026091,Train,Train
2661,0.015940897,Train,Train
2662,0.035095546,Train,Train
2663,0.029679846,Train,Train
2664,0.04012535,Train,Train
2665,0.05132118,Train,Train
2666,0.028547034,Train,Train
2667,0.04003655,Train,Train
2668,0.051893316,Train,Train
2669,0.045844015,Train,Train
2670,0.043625988,Train,Train
2671,0.028745346,Train,Train
2672,0.044085708,Train,Train
2673,0.05253395,Train,Train
2674,0.026030628,Train,Train
2675,0.032740273,Train,Train
2676,0.021024216,Train,Train
2677,0.04150943,Train,Train
2678,0.065574,Train,Train
2679,0.044075646,Train,Train
2680,0.03825976,Train,Train
2681,0.04783919,Train,Train
2682,0.045533724,Train,Train
2683,0.02210579,Train,Train
2684,0.021871028,Train,Train
2685,0.026107473,Train,Train
2686,0.025923995,Train,Train
2687,0.039748024,Train,Train
2688,0.049038585,Train,Train
2689,0.056769207,Train,Train
2690,0.043147847,Train,Train
2691,0.05344882,Train,Train
2692,0.01033442,Train,Train
2693,0.05129339,Train,Train
2694,0.05640827,Train,Train
2695,0.040921506,Train,Train
2696,0.0332218,Train,Train
2697,0.025242487,Train,Train
2698,0.02416124,Train,Train
2699,0.018975094,Train,Train
2700,0.034906633,Train,Train
2701,0.04797251,Train,Train
2702,0.030401131,Train,Train
2703,0.0357378,Train,Train
2704,0.045325957,Train,Train
2705,0.04275117,Train,Train
2706,0.04616529,Train,Train
2707,0.052803937,Train,Train
2708,0.015359415,Train,Train
2709,0.031838764,Train,Train
2710,0.06591841,Train,Train
2711,0.051581603,Train,Train
2712,0.03717246,Train,Train
2713,0.030496681,Train,Train
2714,0.030974718,Train,Train
2715,0.042978622,Train,Train
2716,0.033595797,Train,Train
2717,0.044024706,Train,Train
2718,0.048372865,Train,Train
2719,0.058365274,Train,Train
2720,0.05748755,Train,Train
2721,0.02298423,Train,Train
2722,0.045598853,Train,Train
2723,0.030778917,Train,Train
2724,0.039111998,Train,Train
2725,0.036518104,Train,Train
2726,0.04619855,Train,Train
2727,0.034790415,Train,Train
2728,0.034261003,Train,Train
2729,0.046056055,Train,Train
2730,0.025160816,Train,Train
2731,0.03791371,Train,Train
2732,0.040761948,Train,Train
2733,0.038157027,Train,Train
2734,0.024151549,Train,Train
2735,0.046287563,Train,Train
2736,0.043783452,Train,Train
2737,0.03441595,Train,Train
2738,0.033498116,Train,Train
2739,0.03800637,Train,Train
2740,0.048485108,Train,Train
2741,0.030554593,Train,Train
2742,0.042814083,Train,Train
2743,0.04848566,Train,Train
2744,0.030832306,Train,Train
2745,0.08215441,Train,Train
2746,0.027804952,Train,Train
2747,0.033490486,Train,Train
2748,0.03622173,Train,Train
2749,0.04614929,Train,Train
2750,0.021278773,Train,Train
2751,0.044391353,Train,Train
2752,0.036486663,Train,Train
2753,0.04723809,Train,Train
2754,0.03734605,Train,Train
2755,0.043837275,Train,Train
2756,0.03421606,Train,Train
2757,0.052145887,Train,Train
2758,0.04291677,Train,Train
2759,0.040295757,Train,Train
2760,0.023261927,Train,Train
2761,0.0798858,Train,Train
2762,0.04252376,Train,Train
2763,0.03913454,Train,Train
2764,0.030274143,Train,Train
2765,0.08521463,Train,Train
2766,0.061092857,Train,Train
2767,0.046385568,Train,Train
2768,0.03095731,Train,Train
2769,0.033666994,Train,Train
2770,0.02186874,Train,Train
2771,0.053196426,Train,Train
2772,0.03339044,Train,Train
2773,0.030333444,Train,Train
2774,0.028525144,Train,Train
2775,0.04860264,Train,Train
2776,0.051687043,Train,Train
2777,0.043824505,Train,Train
2778,0.032942474,Train,Train
2779,0.021382773,Train,Train
2780,0.046603683,Train,Train
2781,0.03084871,Train,Train
2782,0.07581628,Train,Train
2783,0.041877113,Train,Train
2784,0.051550433,Train,Train
2785,0.030550975,Train,Train
2786,0.028729562,Train,Train
2787,0.050232835,Train,Train
2788,0.055999935,Train,Train
2789,0.028139679,Train,Train
2790,0.031085715,Train,Train
2791,0.052372605,Train,Train
2792,0.029167175,Train,Train
2793,0.037399083,Train,Train
2794,0.04168598,Train,Train
2795,0.02597729,Train,Train
2796,0.037761305,Train,Train
2797,0.038947098,Train,Train
2798,0.07319389,Train,Train
2799,0.02362873,Train,Train
2800,0.039756786,Train,Train
2801,0.052267008,Train,Train
2802,0.02057345,Train,Train
2803,0.026079388,Train,Train
2804,0.029594531,Train,Train
2805,0.028372629,Train,Train
2806,0.034797113,Train,Train
2807,0.036726587,Train,Train
2808,0.038465764,Train,Train
2809,0.020690156,Train,Train
2810,0.07018291,Train,Train
2811,0.038647905,Train,Train
2812,0.034926523,Train,Train
2813,0.018897614,Train,Train
2814,0.08162456,Train,Train
2815,0.043992016,Train,Train
2816,0.045612354,Train,Train
2817,0.042522095,Train,Train
2818,0.040251035,Train,Train
2819,0.03766643,Train,Train
2820,0.0354849,Train,Train
2821,0.032186832,Train,Train
2822,0.049919255,Train,Train
2823,0.032420952,Train,Train
2824,0.054744147,Train,Train
2825,0.02692727,Train,Train
2826,0.0173206,Train,Train
2827,0.048669647,Train,Train
2828,0.031046633,Train,Train
2829,0.035673972,Train,Train
2830,0.049068917,Train,Train
2831,0.028099813,Train,Train
2832,0.0527214,Train,Train
2833,0.044214495,Train,Train
2834,0.061306,Train,Train
2835,0.041584793,Train,Train
2836,0.030150315,Train,Train
2837,0.031513434,Train,Train
2838,0.037761334,Train,Train
2839,0.04705098,Train,Train
2840,0.028954428,Train,Train
2841,0.045926876,Train,Train
2842,0.02481217,Train,Train
2843,0.04905028,Train,Train
2844,0.082150176,Train,Train
2845,0.035006322,Train,Train
2846,0.046962533,Train,Train
2847,0.02335749,Train,Train
2848,0.032526176,Train,Train
2849,0.060129553,Train,Train
2850,0.03526422,Train,Train
2851,0.035885286,Train,Train
2852,0.04817667,Train,Train
2853,0.04613383,Train,Train
2854,0.039363265,Train,Train
2855,0.018384317,Train,Train
2856,0.036646545,Train,Train
2857,0.025403142,Train,Train
2858,0.030697001,Train,Train
2859,0.04138876,Train,Train
2860,0.027893987,Train,Train
2861,0.0472663,Train,Train
2862,0.051102877,Train,Train
2863,0.040144976,Train,Train
2864,0.03442284,Train,Train
2865,0.021876873,Train,Train
2866,0.04431779,Train,Train
2867,0.049608044,Train,Train
2868,0.049871523,Train,Train
2869,0.038143273,Train,Train
2870,0.059363242,Train,Train
2871,0.033785526,Train,Train
2872,0.04082356,Train,Train
2873,0.019453246,Train,Train
2874,0.03578572,Train,Train
2875,0.04897677,Train,Train
2876,0.039613366,Train,Train
2877,0.027766973,Train,Train
2878,0.03793438,Train,Train
2879,0.030283855,Train,Train
2880,0.026934475,Train,Train
2881,0.028194686,Train,Train
2882,0.048708588,Train,Train
2883,0.04402028,Train,Train
2884,0.026338799,Train,Train
2885,0.02770969,Train,Train
2886,0.03493288,Train,Train
2887,0.019996872,Train,Train
2888,0.091661505,Train,Train
2889,0.019821908,Train,Train
2890,0.04787069,Train,Train
2891,0.04371753,Train,Train
2892,0.03354868,Train,Train
2893,0.049257476,Train,Train
2894,0.055140637,Train,Train
2895,0.0270243,Train,Train
2896,0.034644112,Train,Train
2897,0.045455113,Train,Train
2898,0.04217016,Train,Train
2899,0.022172675,Train,Train
2900,0.04208874,Train,Train
2901,0.045683656,Train,Train
2902,0.045079313,Train,Train
2903,0.04200967,Train,Train
2904,0.03405728,Train,Train
2905,0.03489466,Train,Train
2906,0.046894725,Train,Train
2907,0.043345995,Train,Train
2908,0.029425906,Train,Train
2909,0.029151157,Train,Train
2910,0.038882177,Train,Train
2911,0.043589935,Train,Train
2912,0.035921153,Train,Train
2913,0.035201542,Train,Train
2914,0.04117139,Train,Train
2915,0.05167146,Train,Train
2916,0.041759674,Train,Train
2917,0.0443308,Train,Train
2918,0.029640852,Train,Train
2919,0.02589696,Train,Train
2920,0.027745103,Train,Train
2921,0.051718753,Train,Train
2922,0.030638192,Train,Train
2923,0.0319781,Train,Train
2924,0.043921392,Train,Train
2925,0.033164185,Train,Train
2926,0.03749569,Train,Train
2927,0.031046484,Train,Train
2928,0.04434939,Train,Train
2929,0.052481078,Train,Train
2930,0.038702413,Train,Train
2931,0.017693937,Train,Train
2932,0.029969715,Train,Train
2933,0.030736657,Train,Train
2934,0.025208013,Train,Train
2935,0.050010882,Train,Train
2936,0.035404794,Train,Train
2937,0.03907435,Train,Train
2938,0.03370163,Train,Train
2939,0.07296505,Train,Train
2940,0.02796611,Train,Train
2941,0.040060617,Train,Train
2942,0.02086535,Train,Train
2943,0.021173175,Train,Train
2944,0.03237775,Train,Train
2945,0.018941062,Train,Train
2946,0.02738388,Train,Train
2947,0.052277803,Train,Train
2948,0.03065549,Train,Train
2949,0.026479475,Train,Train
2950,0.06310511,Train,Train
2951,0.0381791,Train,Train
2952,0.042408288,Train,Train
2953,0.021974644,Train,Train
2954,0.028164655,Train,Train
2955,0.048020434,Train,Train
2956,0.017970577,Train,Train
2957,0.033232093,Train,Train
2958,0.040881936,Train,Train
2959,0.043827325,Train,Train
2960,0.06070167,Train,Train
2961,0.021464908,Train,Train
2962,0.047381915,Train,Train
2963,0.043085255,Train,Train
2964,0.05525781,Train,Train
2965,0.033020556,Train,Train
2966,0.031933103,Train,Train
2967,0.04611362,Train,Train
2968,0.03069799,Train,Train
2969,0.055110957,Train,Train
2970,0.020456238,Train,Train
2971,0.027334778,Train,Train
2972,0.04063599,Train,Train
2973,0.025316244,Train,Train
2974,0.042849902,Train,Train
2975,0.016678033,Train,Train
2976,0.042840347,Train,Train
2977,0.051654685,Train,Train
2978,0.042324733,Train,Train
2979,0.034629956,Train,Train
2980,0.023753027,Train,Train
2981,0.08657856,Train,Train
2982,0.03552739,Train,Train
2983,0.040229466,Train,Train
2984,0.018632382,Train,Train
2985,0.037371088,Train,Train
2986,0.028035956,Train,Train
2987,0.03296839,Train,Train
2988,0.0462272,Train,Train
2989,0.023143973,Train,Train
2990,0.044312153,Train,Train
2991,0.022813724,Train,Train
2992,0.027989773,Train,Train
2993,0.045425158,Train,Train
2994,0.039767582,Train,Train
2995,0.048338264,Train,Train
2996,0.035765942,Train,Train
2997,0.040180236,Train,Train
2998,0.027603453,Train,Train
2999,0.017960314,Train,Train
3000,0.040293396,Train,Train
3001,0.044919524,Train,Train
3002,0.03853357,Train,Train
3003,0.02461219,Train,Train
3004,0.0569062,Train,Train
3005,0.0246144,Train,Train
3006,0.07724344,Train,Train
3007,0.043252174,Train,Train
3008,0.046394505,Train,Train
3009,0.04624998,Train,Train
3010,0.037622653,Train,Train
3011,0.05330048,Train,Train
3012,0.02196973,Train,Train
3013,0.032821182,Train,Train
3014,0.029063514,Train,Train
3015,0.064992815,Train,Train
3016,0.032566488,Train,Train
3017,0.035960253,Train,Train
3018,0.05001391,Train,Train
3019,0.022421693,Train,Train
3020,0.0391512,Train,Train
3021,0.034257516,Train,Train
3022,0.048029203,Train,Train
3023,0.05294892,Train,Train
3024,0.040003646,Train,Train
3025,0.054904237,Train,Train
3026,0.03154815,Train,Train
3027,0.04110798,Train,Train
3028,0.030655451,Train,Train
3029,0.03723395,Train,Train
3030,0.025340073,Train,Train
3031,0.059567507,Train,Train
3032,0.06429986,Train,Train
3033,0.03824546,Train,Train
3034,0.02659065,Train,Train
3035,0.043854617,Train,Train
3036,0.04145623,Train,Train
3037,0.031093039,Train,Train
3038,0.04588046,Train,Train
3039,0.052868206,Train,Train
3040,0.050342526,Train,Train
3041,0.034696512,Train,Train
3042,0.028791206,Train,Train
3043,0.031111132,Train,Train
3044,0.05543443,Train,Train
3045,0.03361218,Train,Train
3046,0.036364112,Train,Train
3047,0.038034447,Train,Train
3048,0.039526373,Train,Train
3049,0.06181583,Train,Train
3050,0.024022147,Train,Train
3051,0.027601326,Train,Train
3052,0.054909933,Train,Train
3053,0.08753421,Train,Train
3054,0.042220674,Train,Train
3055,0.067501575,Train,Train
3056,0.03536828,Train,Train
3057,0.03696791,Train,Train
3058,0.015966374,Train,Train
3059,0.037673965,Train,Train
3060,0.02699505,Train,Train
3061,0.03359704,Train,Train
3062,0.040749945,Train,Train
3063,0.04648173,Train,Train
3064,0.05746251,Train,Train
3065,0.05696996,Train,Train
3066,0.0670646,Train,Train
3067,0.04518279,Train,Train
3068,0.026379412,Train,Train
3069,0.02951984,Train,Train
3070,0.022202345,Train,Train
3071,0.034134343,Train,Train
3072,0.04097628,Train,Train
3073,0.045178536,Train,Train
3074,0.082133904,Train,Train
3075,0.048441347,Train,Train
3076,0.04040533,Train,Train
3077,0.04066315,Train,Train
3078,0.04234667,Train,Train
3079,0.025886679,Train,Train
3080,0.05161951,Train,Train
3081,0.02688652,Train,Train
3082,0.051908,Train,Train
3083,0.030214364,Train,Train
3084,0.03456583,Train,Train
3085,0.04579994,Train,Train
3086,0.03527098,Train,Train
3087,0.055615105,Train,Train
3088,0.075094625,Train,Train
3089,0.046595864,Train,Train
3090,0.032386914,Train,Train
3091,0.04995398,Train,Train
3092,0.05382085,Train,Train
3093,0.025623318,Train,Train
3094,0.057088934,Train,Train
3095,0.044632062,Train,Train
3096,0.05725363,Train,Train
3097,0.0557009,Train,Train
3098,0.033602748,Train,Train
3099,0.032149144,Train,Train
3100,0.02940251,Train,Train
3101,0.05516869,Train,Train
3102,0.043790054,Train,Train
3103,0.05250679,Train,Train
3104,0.034179088,Train,Train
3105,0.04948487,Train,Train
3106,0.037961055,Train,Train
3107,0.021635415,Train,Train
3108,0.03603317,Train,Train
3109,0.037533306,Train,Train
3110,0.04388081,Train,Train
3111,0.033508483,Train,Train
3112,0.07943752,Train,Train
3113,0.04155068,Train,Train
3114,0.023391707,Train,Train
3115,0.03452377,Train,Train
3116,0.02146451,Train,Train
3117,0.0257824,Train,Train
3118,0.048585813,Train,Train
3119,0.050282974,Train,Train
3120,0.031437855,Train,Train
3121,0.03947068,Train,Train
3122,0.031755228,Train,Train
3123,0.04036512,Train,Train
3124,0.031124141,Train,Train
3125,0.018344883,Train,Train
3126,0.046340954,Train,Train
3127,0.058659974,Train,Train
3128,0.03601672,Train,Train
3129,0.053244222,Train,Train
3130,0.022591682,Train,Train
3131,0.04469909,Train,Train
3132,0.047013734,Train,Train
3133,0.050710652,Train,Train
3134,0.034943573,Train,Train
3135,0.023314226,Train,Train
3136,0.028038608,Train,Train
3137,0.024630237,Train,Train
3138,0.03215397,Train,Train
3139,0.04323975,Train,Train
3140,0.019805834,Train,Train
3141,0.046703644,Train,Train
3142,0.036228586,Train,Train
3143,0.041025583,Train,Train
3144,0.079021774,Train,Train
3145,0.058713038,Train,Train
3146,0.044258375,Train,Train
3147,0.0356913,Train,Train
3148,0.035919316,Train,Train
3149,0.024036312,Train,Train
3150,0.023086766,Train,Train
3151,0.03446286,Train,Train
3152,0.019498225,Train,Train
3153,0.021370031,Train,Train
3154,0.03840462,Train,Train
3155,0.044572562,Train,Train
3156,0.05007292,Train,Train
3157,0.035567295,Train,Train
3158,0.027471254,Train,Train
3159,0.023726963,Train,Train
3160,0.03646362,Train,Train
3161,0.060859893,Train,Train
3162,0.036809225,Train,Train
3163,0.03887606,Train,Train
3164,0.033766452,Train,Train
3165,0.04858409,Train,Train
3166,0.044735517,Train,Train
3167,0.042612478,Train,Train
3168,0.035762735,Train,Train
3169,0.028212298,Train,Train
3170,0.05901168,Train,Train
3171,0.017048858,Train,Train
3172,0.03660868,Train,Train
3173,0.032899454,Train,Train
3174,0.019409144,Train,Train
3175,0.03563229,Train,Train
3176,0.037458643,Train,Train
3177,0.051049095,Train,Train
3178,0.048273683,Train,Train
3179,0.056773216,Train,Train
3180,0.03954269,Train,Train
3181,0.037659824,Train,Train
3182,0.047517665,Train,Train
3183,0.053757746,Train,Train
3184,0.037073392,Train,Train
3185,0.03095361,Train,Train
3186,0.052088894,Train,Train
3187,0.03904966,Train,Train
3188,0.03702569,Train,Train
3189,0.04917437,Train,Train
3190,0.03734682,Train,Train
3191,0.05113889,Train,Train
3192,0.038570922,Train,Train
3193,0.047638476,Train,Train
3194,0.0630206,Train,Train
3195,0.035497565,Train,Train
3196,0.022656381,Train,Train
3197,0.046657886,Train,Train
3198,0.014092662,Train,Train
3199,0.03827013,Train,Train
3200,0.042447954,Train,Train
3201,0.0308727,Train,Train
3202,0.025218794,Train,Train
3203,0.03270124,Train,Train
3204,0.04618805,Train,Train
3205,0.040070947,Train,Train
3206,0.03112601,Train,Train
3207,0.026295554,Train,Train
3208,0.045109496,Train,Train
3209,0.03200034,Train,Train
3210,0.03624825,Train,Train
3211,0.041782476,Train,Train
3212,0.03910633,Train,Train
3213,0.025372008,Train,Train
3214,0.050243642,Train,Train
3215,0.048323844,Train,Train
3216,0.03222215,Train,Train
3217,0.018049793,Train,Train
3218,0.031832375,Train,Train
3219,0.027604738,Train,Train
3220,0.040889684,Train,Train
3221,0.023451915,Train,Train
3222,0.025456648,Train,Train
3223,0.028887024,Train,Train
3224,0.053022344,Train,Train
3225,0.021124868,Train,Train
3226,0.029925676,Train,Train
3227,0.033711057,Train,Train
3228,0.024636172,Train,Train
3229,0.041211452,Train,Train
3230,0.04606312,Train,Train
3231,0.033165794,Train,Train
3232,0.037270892,Train,Train
3233,0.041083094,Train,Train
3234,0.038637042,Train,Train
3235,0.030897368,Train,Train
3236,0.026454503,Train,Train
3237,0.05345827,Train,Train
3238,0.059794977,Train,Train
3239,0.03625755,Train,Train
3240,0.052595187,Train,Train
3241,0.061372384,Train,Train
3242,0.046514414,Train,Train
3243,0.052000772,Train,Train
3244,0.019019783,Train,Train
3245,0.040653303,Train,Train
3246,0.044177536,Train,Train
3247,0.046992686,Train,Train
3248,0.04476358,Train,Train
3249,0.026889708,Train,Train
3250,0.04066351,Train,Train
3251,0.036495518,Train,Train
3252,0.039142877,Train,Train
3253,0.02858599,Train,Train
3254,0.04393859,Train,Train
3255,0.038134854,Train,Train
3256,0.025957683,Train,Train
3257,0.054141484,Train,Train
3258,0.02711505,Train,Train
3259,0.018787026,Train,Train
3260,0.032244038,Train,Train
3261,0.0527009,Train,Train
3262,0.024709553,Train,Train
3263,0.043442223,Train,Train
3264,0.018918358,Train,Train
3265,0.040326502,Train,Train
3266,0.045637466,Train,Train
3267,0.044974033,Train,Train
3268,0.03221813,Train,Train
3269,0.045824435,Train,Train
3270,0.03618236,Train,Train
3271,0.03180915,Train,Train
3272,0.02727094,Train,Train
3273,0.02712442,Train,Train
3274,0.029497419,Train,Train
3275,0.0422211,Train,Train
3276,0.040235616,Train,Train
3277,0.046766974,Train,Train
3278,0.019272272,Train,Train
3279,0.041920356,Train,Train
3280,0.039545666,Train,Train
3281,0.043501094,Train,Train
3282,0.037798148,Train,Train
3283,0.026213204,Train,Train
3284,0.081375,Train,Train
3285,0.031292446,Train,Train
3286,0.039634563,Train,Train
3287,0.025308581,Train,Train
3288,0.04715826,Train,Train
3289,0.016420506,Train,Train
3290,0.025238046,Train,Train
3291,0.04455221,Train,Train
3292,0.04306794,Train,Train
3293,0.038814258,Train,Train
3294,0.049021713,Train,Train
3295,0.04373676,Train,Train
3296,0.03535241,Train,Train
3297,0.030348565,Train,Train
3298,0.045797333,Train,Train
3299,0.040165912,Train,Train
3300,0.016217913,Train,Train
3301,0.034611546,Train,Train
3302,0.062952146,Train,Train
3303,0.0326268,Train,Train
3304,0.03348314,Train,Train
3305,0.021144269,Train,Train
3306,0.038114026,Train,Train
3307,0.036668114,Train,Train
3308,0.035358965,Train,Train
3309,0.031915713,Train,Train
3310,0.024686212,Train,Train
3311,0.039939612,Train,Train
3312,0.037956327,Train,Train
3313,0.031228535,Train,Train
3314,0.02702178,Train,Train
3315,0.05890691,Train,Train
3316,0.027656049,Train,Train
3317,0.030102223,Train,Train
3318,0.0270521,Train,Train
3319,0.04465742,Train,Train
3320,0.035179533,Train,Train
3321,0.042718355,Train,Train
3322,0.042610273,Train,Train
3323,0.019940326,Train,Train
3324,0.043358956,Train,Train
3325,0.034538258,Train,Train
3326,0.026992071,Train,Train
3327,0.05124309,Train,Train
3328,0.03878248,Train,Train
3329,0.044079285,Train,Train
3330,0.051903613,Train,Train
3331,0.033143215,Train,Train
3332,0.053669624,Train,Train
3333,0.022428678,Train,Train
3334,0.038490657,Train,Train
3335,0.04993212,Train,Train
3336,0.031697497,Train,Train
3337,0.015736483,Train,Train
3338,0.061410967,Train,Train
3339,0.04467581,Train,Train
3340,0.02634673,Train,Train
3341,0.050334677,Train,Train
3342,0.051423702,Train,Train
3343,0.048540782,Train,Train
3344,0.017605606,Train,Train
3345,0.06504038,Train,Train
3346,0.04027803,Train,Train
3347,0.036255863,Train,Train
3348,0.027232705,Train,Train
3349,0.030678261,Train,Train
3350,0.037225656,Train,Train
3351,0.021950299,Train,Train
3352,0.046976443,Train,Train
3353,0.05174176,Train,Train
3354,0.04611749,Train,Train
3355,0.022314265,Train,Train
3356,0.028395934,Train,Train
3357,0.04340612,Train,Train
3358,0.02846714,Train,Train
3359,0.029071918,Train,Train
3360,0.038019225,Train,Train
3361,0.04624808,Train,Train
3362,0.024139434,Train,Train
3363,0.025233725,Train,Train
3364,0.021864137,Train,Train
3365,0.034533497,Train,Train
3366,0.035754386,Train,Train
3367,0.03328342,Train,Train
3368,0.042597525,Train,Train
3369,0.053869978,Train,Train
3370,0.054669034,Train,Train
3371,0.035098735,Train,Train
3372,0.028303301,Train,Train
3373,0.015870987,Train,Train
3374,0.04948938,Train,Train
3375,0.03542103,Train,Train
3376,0.02399846,Train,Train
3377,0.037071895,Train,Train
3378,0.02419645,Train,Train
3379,0.02950689,Train,Train
3380,0.03323909,Train,Train
3381,0.036256284,Train,Train
3382,0.041343853,Train,Train
3383,0.037254456,Train,Train
3384,0.044457693,Train,Train
3385,0.021338131,Train,Train
3386,0.047855157,Train,Train
3387,0.02773193,Train,Train
3388,0.047667455,Train,Train
3389,0.03869371,Train,Train
3390,0.029401522,Train,Train
3391,0.05044017,Train,Train
3392,0.01904182,Train,Train
3393,0.04133353,Train,Train
3394,0.041671205,Train,Train
3395,0.038066182,Train,Train
3396,0.034157787,Train,Train
3397,0.039696403,Train,Train
3398,0.024397489,Train,Train
3399,0.057200562,Train,Train
3400,0.05052409,Train,Train
3401,0.04291393,Train,Train
3402,0.035060372,Train,Train
3403,0.04176901,Train,Train
3404,0.03698618,Train,Train
3405,0.051372077,Train,Train
3406,0.04004878,Train,Train
3407,0.030520312,Train,Train
3408,0.030371064,Train,Train
3409,0.048442885,Train,Train
3410,0.04283487,Train,Train
3411,0.047013942,Train,Train
3412,0.062199514,Train,Train
3413,0.023628388,Train,Train
3414,0.016500568,Train,Train
3415,0.03259861,Train,Train
3416,0.039199963,Train,Train
3417,0.0382623,Train,Train
3418,0.030489707,Train,Train
3419,0.05947966,Train,Train
3420,0.046058927,Train,Train
3421,0.0464265,Train,Train
3422,0.034129012,Train,Train
3423,0.03975884,Train,Train
3424,0.046194535,Train,Train
3425,0.035388846,Train,Train
3426,0.055025354,Train,Train
3427,0.031341948,Train,Train
3428,0.0372369,Train,Train
3429,0.038245585,Train,Train
3430,0.025646955,Train,Train
3431,0.031235533,Train,Train
3432,0.046253562,Train,Train
3433,0.050866846,Train,Train
3434,0.032576017,Train,Train
3435,0.044346657,Train,Train
3436,0.027865604,Train,Train
3437,0.056188103,Train,Train
3438,0.04314342,Train,Train
3439,0.049915794,Train,Train
3440,0.04073194,Train,Train
3441,0.040360056,Train,Train
3442,0.015092544,Train,Train
3443,0.045016535,Train,Train
3444,0.03832065,Train,Train
3445,0.021968825,Train,Train
3446,0.029737098,Train,Train
3447,0.021841856,Train,Train
3448,0.025949072,Train,Train
3449,0.042711515,Train,Train
3450,0.03614766,Train,Train
3451,0.04284779,Train,Train
3452,0.044490386,Train,Train
3453,0.043579984,Train,Train
3454,0.044124156,Train,Train
3455,0.058324765,Train,Train
3456,0.04921133,Train,Train
3457,0.039467856,Train,Train
3458,0.0508759,Train,Train
3459,0.019993251,Train,Train
3460,0.051722687,Train,Train
3461,0.037022837,Train,Train
3462,0.04088012,Train,Train
3463,0.043998685,Train,Train
3464,0.023659065,Train,Train
3465,0.04827104,Train,Train
3466,0.027240753,Train,Train
3467,0.057103213,Train,Train
3468,0.039259825,Train,Train
3469,0.04435522,Train,Train
3470,0.029968075,Train,Train
3471,0.036224846,Train,Train
3472,0.024839519,Train,Train
3473,0.04310237,Train,Train
3474,0.034954004,Train,Train
3475,0.04489296,Train,Train
3476,0.037742313,Train,Train
3477,0.018921822,Train,Train
3478,0.04313836,Train,Train
3479,0.03690109,Train,Train
3480,0.037984367,Train,Train
3481,0.033141147,Train,Train
3482,0.0777571,Train,Train
3483,0.03719946,Train,Train
3484,0.021651523,Train,Train
3485,0.03171359,Train,Train
3486,0.04110745,Train,Train
3487,0.029097887,Train,Train
3488,0.039751902,Train,Train
3489,0.05050409,Train,Train
3490,0.037661567,Train,Train
3491,0.030248882,Train,Train
3492,0.040771414,Train,Train
3493,0.03776057,Train,Train
3494,0.02707903,Train,Train
3495,0.03791526,Train,Train
3496,0.031266563,Train,Train
3497,0.038994774,Train,Train
3498,0.036659952,Train,Train
3499,0.022099316,Train,Train
3500,0.051829822,Train,Train
3501,0.03120422,Train,Train
3502,0.082770705,Train,Train
3503,0.019118944,Train,Train
3504,0.03462943,Train,Train
3505,0.031944834,Train,Train
3506,0.03635382,Train,Train
3507,0.03652636,Train,Train
3508,0.034527045,Train,Train
3509,0.03028927,Train,Train
3510,0.036541015,Train,Train
3511,0.044662755,Train,Train
3512,0.042931087,Train,Train
3513,0.05642722,Train,Train
3514,0.047791027,Train,Train
3515,0.045890078,Train,Train
3516,0.03071012,Train,Train
3517,0.05968306,Train,Train
3518,0.04254924,Train,Train
3519,0.04712583,Train,Train
3520,0.043503568,Train,Train
3521,0.034856264,Train,Train
3522,0.04419531,Train,Train
3523,0.017327564,Train,Train
3524,0.036692705,Train,Train
3525,0.04474643,Train,Train
3526,0.03672999,Train,Train
3527,0.03130583,Train,Train
3528,0.04510632,Train,Train
3529,0.0377588,Train,Train
3530,0.039688267,Train,Train
3531,0.034427222,Train,Train
3532,0.025353253,Train,Train
3533,0.030948168,Train,Train
3534,0.04490346,Train,Train
3535,0.04026218,Train,Train
3536,0.026739093,Train,Train
3537,0.03796152,Train,Train
3538,0.038075503,Train,Train
3539,0.05608829,Train,Train
3540,0.032381654,Train,Train
3541,0.032984875,Train,Train
3542,0.034536958,Train,Train
3543,0.030144911,Train,Train
3544,0.035289366,Train,Train
3545,0.03615681,Train,Train
3546,0.036288824,Train,Train
3547,0.03631189,Train,Train
3548,0.041302636,Train,Train
3549,0.057936005,Train,Train
3550,0.04295849,Train,Train
3551,0.023966838,Train,Train
3552,0.036500014,Train,Train
3553,0.055412713,Train,Train
3554,0.041331965,Train,Train
3555,0.029230341,Train,Train
3556,0.017726492,Train,Train
3557,0.024797373,Train,Train
3558,0.033566006,Train,Train
3559,0.048822712,Train,Train
3560,0.03215629,Train,Train
3561,0.08714533,Train,Train
3562,0.04690187,Train,Train
3563,0.022182943,Train,Train
3564,0.044553906,Train,Train
3565,0.0309357,Train,Train
3566,0.0416459,Train,Train
3567,0.02828735,Train,Train
3568,0.057048745,Train,Train
3569,0.032047305,Train,Train
3570,0.04104452,Train,Train
3571,0.04714662,Train,Train
3572,0.016804144,Train,Train
3573,0.020351727,Train,Train
3574,0.04078397,Train,Train
3575,0.04295938,Train,Train
3576,0.038147286,Train,Train
3577,0.033080384,Train,Train
3578,0.038806725,Train,Train
3579,0.036690794,Train,Train
3580,0.028708354,Train,Train
3581,0.05206831,Train,Train
3582,0.03111171,Train,Train
3583,0.024227278,Train,Train
3584,0.035055727,Train,Train
3585,0.04380492,Train,Train
3586,0.03730455,Train,Train
3587,0.041367207,Train,Train
3588,0.049197346,Train,Train
3589,0.05756857,Train,Train
3590,0.04398255,Train,Train
3591,0.04103784,Train,Train
3592,0.048086863,Train,Train
3593,0.03263953,Train,Train
3594,0.052954584,Train,Train
3595,0.019665102,Train,Train
3596,0.02908597,Train,Train
3597,0.020704292,Train,Train
3598,0.050188456,Train,Train
3599,0.023801507,Train,Train
3600,0.036114264,Train,Train
3601,0.017673949,Train,Train
3602,0.038483545,Train,Train
3603,0.04739438,Train,Train
3604,0.023667809,Train,Train
3605,0.03299402,Train,Train
3606,0.047946885,Train,Train
3607,0.026937226,Train,Train
3608,0.04201274,Train,Train
3609,0.040323727,Train,Train
3610,0.023510663,Train,Train
3611,0.03848367,Train,Train
3612,0.05407802,Train,Train
3613,0.045044348,Train,Train
3614,0.02524046,Train,Train
3615,0.05872115,Train,Train
3616,0.04634177,Train,Train
3617,0.045800555,Train,Train
3618,0.03883788,Train,Train
3619,0.017579742,Train,Train
3620,0.0206914,Train,Train
3621,0.060426295,Train,Train
3622,0.025576409,Train,Train
3623,0.02779797,Train,Train
3624,0.03431977,Train,Train
3625,0.03452058,Train,Train
3626,0.031813525,Train,Train
3627,0.017007548,Train,Train
3628,0.032594435,Train,Train
3629,0.030839317,Train,Train
3630,0.027921354,Train,Train
3631,0.037539527,Train,Train
3632,0.038683675,Train,Train
3633,0.03403338,Train,Train
3634,0.08441804,Train,Train
3635,0.04486505,Train,Train
3636,0.047438268,Train,Train
3637,0.023402771,Train,Train
3638,0.025357258,Train,Train
3639,0.04680883,Train,Train
3640,0.0860724,Train,Train
3641,0.01654915,Train,Train
3642,0.042982407,Train,Train
3643,0.024919543,Train,Train
3644,0.03202424,Train,Train
3645,0.037649382,Train,Train
3646,0.05051615,Train,Train
3647,0.02467285,Train,Train
3648,0.04004054,Train,Train
3649,0.021705072,Train,Train
3650,0.020095646,Train,Train
3651,0.07771361,Train,Train
3652,0.03549075,Train,Train
3653,0.035935458,Train,Train
3654,0.04380142,Train,Train
3655,0.026080973,Train,Train
3656,0.03167769,Train,Train
3657,0.04375492,Train,Train
3658,0.0466532,Train,Train
3659,0.045672975,Train,Train
3660,0.033002928,Train,Train
3661,0.037518825,Train,Train
3662,0.053941637,Train,Train
3663,0.055042926,Train,Train
3664,0.050461948,Train,Train
3665,0.039458085,Train,Train
3666,0.033807125,Train,Train
3667,0.030555997,Train,Train
3668,0.04392455,Train,Train
3669,0.026014842,Train,Train
3670,0.044187166,Train,Train
3671,0.03312475,Train,Train
3672,0.038709246,Train,Train
3673,0.02078546,Train,Train
3674,0.045965813,Train,Train
3675,0.03744143,Train,Train
3676,0.019545479,Train,Train
3677,0.05308212,Train,Train
3678,0.03946434,Train,Train
3679,0.047788188,Train,Train
3680,0.0456233,Train,Train
3681,0.047214326,Train,Train
3682,0.052432947,Train,Train
3683,0.041103072,Train,Train
3684,0.08526696,Train,Train
3685,0.020695582,Train,Train
3686,0.025087183,Train,Train
3687,0.04511924,Train,Train
3688,0.049198423,Train,Train
3689,0.037935995,Train,Train
3690,0.03705749,Train,Train
3691,0.03524364,Train,Train
3692,0.040193386,Train,Train
3693,0.08053181,Train,Train
3694,0.04015888,Train,Train
3695,0.027037015,Train,Train
3696,0.056480575,Train,Train
3697,0.052522924,Train,Train
3698,0.028231017,Train,Train
3699,0.02243911,Train,Train
3700,0.04046308,Train,Train
3701,0.0336378,Train,Train
3702,0.049430497,Train,Train
3703,0.022859849,Train,Train
3704,0.07027661,Train,Train
3705,0.025666827,Train,Train
3706,0.02764816,Train,Train
3707,0.023584621,Train,Train
3708,0.039863713,Train,Train
3709,0.030140169,Train,Train
3710,0.017891238,Train,Train
3711,0.035061266,Train,Train
3712,0.019388659,Train,Train
3713,0.028165039,Train,Train
3714,0.046806257,Train,Train
3715,0.041593667,Train,Train
3716,0.040438596,Train,Train
3717,0.04303512,Train,Train
3718,0.019176878,Train,Train
3719,0.039300773,Train,Train
3720,0.038638834,Train,Train
3721,0.02794893,Train,Train
3722,0.038314927,Train,Train
3723,0.026802566,Train,Train
3724,0.040197566,Train,Train
3725,0.026297081,Train,Train
3726,0.036952488,Train,Train
3727,0.047837432,Train,Train
3728,0.03546632,Train,Train
3729,0.031779807,Train,Train
3730,0.045755748,Train,Train
3731,0.04322139,Train,Train
3732,0.030444548,Train,Train
3733,0.047128543,Train,Train
3734,0.073902875,Train,Train
3735,0.043298732,Train,Train
3736,0.0679419,Train,Train
3737,0.0199075,Train,Train
3738,0.04105643,Train,Train
3739,0.043212038,Train,Train
3740,0.017677851,Train,Train
3741,0.024810132,Train,Train
3742,0.018514777,Train,Train
3743,0.03741406,Train,Train
3744,0.03593522,Train,Train
3745,0.05304539,Train,Train
3746,0.053670682,Train,Train
3747,0.03330643,Train,Train
3748,0.041009884,Train,Train
3749,0.045232154,Train,Train
3750,0.046960533,Train,Train
3751,0.03263843,Train,Train
3752,0.04868246,Train,Train
3753,0.030010538,Train,Train
3754,0.041882962,Train,Train
3755,0.052464023,Train,Train
3756,0.030855373,Train,Train
3757,0.032143638,Train,Train
3758,0.039479204,Train,Train
3759,0.041788958,Train,Train
3760,0.023739168,Train,Train
3761,0.040964633,Train,Train
3762,0.027098833,Train,Train
3763,0.05249219,Train,Train
3764,0.037045017,Train,Train
3765,0.042453844,Train,Train
3766,0.03470894,Train,Train
3767,0.048095968,Train,Train
3768,0.053690996,Train,Train
3769,0.054532107,Train,Train
3770,0.036401466,Train,Train
3771,0.082044736,Train,Train
3772,0.03130962,Train,Train
3773,0.03730608,Train,Train
3774,0.045020305,Train,Train
3775,0.038186625,Train,Train
3776,0.036029898,Train,Train
3777,0.04818241,Train,Train
3778,0.04198715,Train,Train
3779,0.04354013,Train,Train
3780,0.034787565,Train,Train
3781,0.05317563,Train,Train
3782,0.022879146,Train,Train
3783,0.04739054,Train,Train
3784,0.038857974,Train,Train
3785,0.079883136,Train,Train
3786,0.05272371,Train,Train
3787,0.032029413,Train,Train
3788,0.06305213,Train,Train
3789,0.054222655,Train,Train
3790,0.030204445,Train,Train
3791,0.019879483,Train,Train
3792,0.038377356,Train,Train
3793,0.034428887,Train,Train
3794,0.034811266,Train,Train
3795,0.022560323,Train,Train
3796,0.033988867,Train,Train
3797,0.041437693,Train,Train
3798,0.04380933,Train,Train
3799,0.04965348,Train,Train
3800,0.019763894,Train,Train
3801,0.022806363,Train,Train
3802,0.049101762,Train,Train
3803,0.03548211,Train,Train
3804,0.033494234,Train,Train
3805,0.050888218,Train,Train
3806,0.047143687,Train,Train
3807,0.028120808,Train,Train
3808,0.017258475,Train,Train
3809,0.06724293,Train,Train
3810,0.05891775,Train,Train
3811,0.04086364,Train,Train
3812,0.030726228,Train,Train
3813,0.049231034,Train,Train
3814,0.026549485,Train,Train
3815,0.031864334,Train,Train
3816,0.03842416,Train,Train
3817,0.02481826,Train,Train
3818,0.08893134,Train,Train
3819,0.045727756,Train,Train
3820,0.026799329,Train,Train
3821,0.04665983,Train,Train
3822,0.043164033,Train,Train
3823,0.03277804,Train,Train
3824,0.039026238,Train,Train
3825,0.02714199,Train,Train
3826,0.0666026,Train,Train
3827,0.04184918,Train,Train
3828,0.02362576,Train,Train
3829,0.02570026,Train,Train
3830,0.023121193,Train,Train
3831,0.03374296,Train,Train
3832,0.029219218,Train,Train
3833,0.035794385,Train,Train
3834,0.032076944,Train,Train
3835,0.033269506,Train,Train
3836,0.03744136,Train,Train
3837,0.045001853,Train,Train
3838,0.03211834,Train,Train
3839,0.031233216,Train,Train
3840,0.03854848,Train,Train
3841,0.02655708,Train,Train
3842,0.04443818,Train,Train
3843,0.04857273,Train,Train
3844,0.040547237,Train,Train
3845,0.036577757,Train,Train
3846,0.044199128,Train,Train
3847,0.059618592,Train,Train
3848,0.060255956,Train,Train
3849,0.05443099,Train,Train
3850,0.039846852,Train,Train
3851,0.05223642,Train,Train
3852,0.04407237,Train,Train
3853,0.044790566,Train,Train
3854,0.02929331,Train,Train
3855,0.017604493,Train,Train
3856,0.021535173,Train,Train
3857,0.02761288,Train,Train
3858,0.036827922,Train,Train
3859,0.043357577,Train,Train
3860,0.027157852,Train,Train
3861,0.028824182,Train,Train
3862,0.06747825,Train,Train
3863,0.043076638,Train,Train
3864,0.025969245,Train,Train
3865,0.042135153,Train,Train
3866,0.055432092,Train,Train
3867,0.032083612,Train,Train
3868,0.040331185,Train,Train
3869,0.04881734,Train,Train
3870,0.024060244,Train,Train
3871,0.057546817,Train,Train
3872,0.03550284,Train,Train
3873,0.035939626,Train,Train
3874,0.034816507,Train,Train
3875,0.054134555,Train,Train
3876,0.033749565,Train,Train
3877,0.032155413,Train,Train
3878,0.025089461,Train,Train
3879,0.07408217,Train,Train
3880,0.04782523,Train,Train
3881,0.023161972,Train,Train
3882,0.04543177,Train,Train
3883,0.04165948,Train,Train
3884,0.042085472,Train,Train
3885,0.058316976,Train,Train
3886,0.017943349,Train,Train
3887,0.032288905,Train,Train
3888,0.04615652,Train,Train
3889,0.038201667,Train,Train
3890,0.026182493,Train,Train
3891,0.039817322,Train,Train
3892,0.066178694,Train,Train
3893,0.08216701,Train,Train
3894,0.047116026,Train,Train
3895,0.04231437,Train,Train
3896,0.041158013,Train,Train
3897,0.055918872,Train,Train
3898,0.04436674,Train,Train
3899,0.051993843,Train,Train
3900,0.046131387,Train,Train
3901,0.033467703,Train,Train
3902,0.03590787,Train,Train
3903,0.039810147,Train,Train
3904,0.05942896,Train,Train
3905,0.043037143,Train,Train
3906,0.05732967,Train,Train
3907,0.027649743,Train,Train
3908,0.030006178,Train,Train
3909,0.030261146,Train,Train
3910,0.047859654,Train,Train
3911,0.041877117,Train,Train
3912,0.02853472,Train,Train
3913,0.045313977,Train,Train
3914,0.028630463,Train,Train
3915,0.04390063,Train,Train
3916,0.040550772,Train,Train
3917,0.03652178,Train,Train
3918,0.015373288,Train,Train
3919,0.041551836,Train,Train
3920,0.031805724,Train,Train
3921,0.032299478,Train,Train
3922,0.07819687,Train,Train
3923,0.08362789,Train,Train
3924,0.03640214,Train,Train
3925,0.04167344,Train,Train
3926,0.054489873,Train,Train
3927,0.050051935,Train,Train
3928,0.045191668,Train,Train
3929,0.049771924,Train,Train
3930,0.04179494,Train,Train
3931,0.029361608,Train,Train
3932,0.045073703,Train,Train
3933,0.03624436,Train,Train
3934,0.034942612,Train,Train
3935,0.038951226,Train,Train
3936,0.033435997,Train,Train
3937,0.041611828,Train,Train
3938,0.041423954,Train,Train
3939,0.04116186,Train,Train
3940,0.035788845,Train,Train
3941,0.03544288,Train,Train
3942,0.020735187,Train,Train
3943,0.02363966,Train,Train
3944,0.038183846,Train,Train
3945,0.027416138,Train,Train
3946,0.041820455,Train,Train
3947,0.031535212,Train,Train
3948,0.0371458,Train,Train
3949,0.030317308,Train,Train
3950,0.03595353,Train,Train
3951,0.03578465,Train,Train
3952,0.03938342,Train,Train
3953,0.036901392,Train,Train
3954,0.038286503,Train,Train
3955,0.044534687,Train,Train
3956,0.031219592,Train,Train
3957,0.04982291,Train,Train
3958,0.05257127,Train,Train
3959,0.0394439,Train,Train
3960,0.018816162,Train,Train
3961,0.08413265,Train,Train
3962,0.044749893,Train,Train
3963,0.026193846,Train,Train
3964,0.050861936,Train,Train
3965,0.025320072,Train,Train
3966,0.037886795,Train,Train
3967,0.029440457,Train,Train
3968,0.02887524,Train,Train
3969,0.031589814,Train,Train
3970,0.039056383,Train,Train
3971,0.039956734,Train,Train
3972,0.032331806,Train,Train
3973,0.029593656,Train,Train
3974,0.02116053,Train,Train
3975,0.044847008,Train,Train
3976,0.026271798,Train,Train
3977,0.04906777,Train,Train
3978,0.029708946,Train,Train
3979,0.050872963,Train,Train
3980,0.018253064,Train,Train
3981,0.03737375,Train,Train
3982,0.036655005,Train,Train
3983,0.048599012,Train,Train
3984,0.05351047,Train,Train
3985,0.05420155,Train,Train
3986,0.044431295,Train,Train
3987,0.06033804,Train,Train
3988,0.057192054,Train,Train
3989,0.052606516,Train,Train
3990,0.0392595,Train,Train
3991,0.05863301,Train,Train
3992,0.091156065,Train,Train
3993,0.039799444,Train,Train
3994,0.031170134,Train,Train
3995,0.03623702,Train,Train
3996,0.035672348,Train,Train
3997,0.046634953,Train,Train
3998,0.05247892,Train,Train
3999,0.055767816,Train,Train
4000,0.06658031,Train,Train
4001,0.05198435,Train,Train
4002,0.04088093,Train,Train
4003,0.043882195,Train,Train
4004,0.035418015,Train,Train
4005,0.033082016,Train,Train
4006,0.034845185,Train,Train
4007,0.050424322,Train,Train
4008,0.023155147,Train,Train
4009,0.041297168,Train,Train
4010,0.026886053,Train,Train
4011,0.030640239,Train,Train
4012,0.021889726,Train,Train
4013,0.044374667,Train,Train
4014,0.034455862,Train,Train
4015,0.040952954,Train,Train
4016,0.022137618,Train,Train
4017,0.03572857,Train,Train
4018,0.047625545,Train,Train
4019,0.01900043,Train,Train
4020,0.037394106,Train,Train
4021,0.03428605,Train,Train
4022,0.04235216,Train,Train
4023,0.031092396,Train,Train
4024,0.040480245,Train,Train
4025,0.027374974,Train,Train
4026,0.03288028,Train,Train
4027,0.045426995,Train,Train
4028,0.044281337,Train,Train
4029,0.048002545,Train,Train
4030,0.026913421,Train,Train
4031,0.016502284,Train,Train
4032,0.034067407,Train,Train
4033,0.042624623,Train,Train
4034,0.047319982,Train,Train
4035,0.041454736,Train,Train
4036,0.034266673,Train,Train
4037,0.028829992,Train,Train
4038,0.049266275,Train,Train
4039,0.033306375,Train,Train
4040,0.033298712,Train,Train
4041,0.0381619,Train,Train
4042,0.05822288,Train,Train
4043,0.058231663,Train,Train
4044,0.052674163,Train,Train
4045,0.024199748,Train,Train
4046,0.031443004,Train,Train
4047,0.032034423,Train,Train
4048,0.02483968,Train,Train
4049,0.044659495,Train,Train
4050,0.040192563,Train,Train
4051,0.046513278,Train,Train
4052,0.05622541,Train,Train
4053,0.047790278,Train,Train
4054,0.042980496,Train,Train
4055,0.03530533,Train,Train
4056,0.023583274,Train,Train
4057,0.051946126,Train,Train
4058,0.03134535,Train,Train
4059,0.040625103,Train,Train
4060,0.038305506,Train,Train
4061,0.04649082,Train,Train
4062,0.03187513,Train,Train
4063,0.027266677,Train,Train
4064,0.022774199,Train,Train
4065,0.026604451,Train,Train
4066,0.051469155,Train,Train
4067,0.051559698,Train,Train
4068,0.03887973,Train,Train
4069,0.07078699,Train,Train
4070,0.027983535,Train,Train
4071,0.042199463,Train,Train
4072,0.01430309,Train,Train
4073,0.021231005,Train,Train
4074,0.02891072,Train,Train
4075,0.035060458,Train,Train
4076,0.03414585,Train,Train
4077,0.019388435,Train,Train
4078,0.040087257,Train,Train
4079,0.031234546,Train,Train
4080,0.027692651,Train,Train
4081,0.046785496,Train,Train
4082,0.03858956,Train,Train
4083,0.054997876,Train,Train
4084,0.055213187,Train,Train
4085,0.09380169,Train,Train
4086,0.034731254,Train,Train
4087,0.032206353,Train,Train
4088,0.03162134,Train,Train
4089,0.04083483,Train,Train
4090,0.024886273,Train,Train
4091,0.032517813,Train,Train
4092,0.021865672,Train,Train
4093,0.02892734,Train,Train
4094,0.057084322,Train,Train
4095,0.048135985,Train,Train
4096,0.031786647,Train,Train
4097,0.0597057,Train,Train
4098,0.02619004,Train,Train
4099,0.059384093,Train,Train
4100,0.028825337,Train,Train
4101,0.04388905,Train,Train
4102,0.04445511,Train,Train
4103,0.051697887,Train,Train
4104,0.03842476,Train,Train
4105,0.052415494,Train,Train
4106,0.042847697,Train,Train
4107,0.033108026,Train,Train
4108,0.023025418,Train,Train
4109,0.026214149,Train,Train
4110,0.048066046,Train,Train
4111,0.023335278,Train,Train
4112,0.05001714,Train,Train
4113,0.03404669,Train,Train
4114,0.045736387,Train,Train
4115,0.043063935,Train,Train
4116,0.022427207,Train,Train
4117,0.025510283,Train,Train
4118,0.026622752,Train,Train
4119,0.025188724,Train,Train
4120,0.045042887,Train,Train
4121,0.031870198,Train,Train
4122,0.050167974,Train,Train
4123,0.0324003,Train,Train
4124,0.050562438,Train,Train
4125,0.030461596,Train,Train
4126,0.03295921,Train,Train
4127,0.022917148,Train,Train
4128,0.021021947,Train,Train
4129,0.034119084,Train,Train
4130,0.033382416,Train,Train
4131,0.015622372,Train,Train
4132,0.031827465,Train,Train
4133,0.036985785,Train,Train
4134,0.056686226,Train,Train
4135,0.043879382,Train,Train
4136,0.023511965,Train,Train
4137,0.046181075,Train,Train
4138,0.039981,Train,Train
4139,0.049503878,Train,Train
4140,0.040714536,Train,Train
4141,0.043193545,Train,Train
4142,0.016608734,Train,Train
4143,0.05586326,Train,Train
4144,0.048217718,Train,Train
4145,0.027976545,Train,Train
4146,0.05380391,Train,Train
4147,0.022587039,Train,Train
4148,0.035476763,Train,Train
4149,0.043297917,Train,Train
4150,0.02799588,Train,Train
4151,0.030900216,Train,Train
4152,0.04376269,Train,Train
4153,0.040443268,Train,Train
4154,0.035608757,Train,Train
4155,0.039394256,Train,Train
4156,0.024777822,Train,Train
4157,0.056214586,Train,Train
4158,0.036305897,Train,Train
4159,0.022922503,Train,Train
4160,0.035671413,Train,Train
4161,0.052172177,Train,Train
4162,0.036601577,Train,Train
4163,0.04642073,Train,Train
4164,0.036363218,Train,Train
4165,0.040927775,Train,Train
4166,0.045109555,Train,Train
4167,0.04080123,Train,Train
4168,0.028738547,Train,Train
4169,0.051574316,Train,Train
4170,0.023944627,Train,Train
4171,0.029541668,Train,Train
4172,0.035760242,Train,Train
4173,0.018006854,Train,Train
4174,0.02275038,Train,Train
4175,0.078842744,Train,Train
4176,0.045851745,Train,Train
4177,0.041245714,Train,Train
4178,0.03285816,Train,Train
4179,0.026256999,Train,Train
4180,0.04267745,Train,Train
4181,0.0430322,Train,Train
4182,0.02930608,Train,Train
4183,0.037306007,Train,Train
4184,0.030251412,Train,Train
4185,0.046746183,Train,Train
4186,0.06132938,Train,Train
4187,0.046100575,Train,Train
4188,0.050782513,Train,Train
4189,0.050223954,Train,Train
4190,0.032545727,Train,Train
4191,0.082724586,Train,Train
4192,0.03256465,Train,Train
4193,0.027254185,Train,Train
4194,0.021343961,Train,Train
4195,0.036996387,Train,Train
4196,0.05211586,Train,Train
4197,0.043626238,Train,Train
4198,0.0519541,Train,Train
4199,0.043324452,Train,Train
4200,0.028251035,Train,Train
4201,0.024467997,Train,Train
4202,0.03414534,Train,Train
4203,0.037994158,Train,Train
4204,0.07746669,Train,Train
4205,0.026369369,Train,Train
4206,0.04986422,Train,Train
4207,0.03746872,Train,Train
4208,0.09071585,Train,Train
4209,0.0397876,Train,Train
4210,0.049875237,Train,Train
4211,0.037538413,Train,Train
4212,0.0324748,Train,Train
4213,0.050856896,Train,Train
4214,0.027076498,Train,Train
4215,0.05952564,Train,Train
4216,0.04556644,Train,Train
4217,0.041204445,Train,Train
4218,0.055843107,Train,Train
4219,0.053581093,Train,Train
4220,0.05445841,Train,Train
4221,0.03425623,Train,Train
4222,0.034690935,Train,Train
4223,0.046621453,Train,Train
4224,0.0399618,Train,Train
4225,0.037025202,Train,Train
4226,0.04828272,Train,Train
4227,0.024848407,Train,Train
4228,0.049367327,Train,Train
4229,0.039760444,Train,Train
4230,0.03075087,Train,Train
4231,0.035902906,Train,Train
4232,0.03336325,Train,Train
4233,0.0537837,Train,Train
4234,0.06316846,Train,Train
4235,0.030001296,Train,Train
4236,0.040678497,Train,Train
4237,0.022470549,Train,Train
4238,0.04355441,Train,Train
4239,0.035166502,Train,Train
4240,0.031658236,Train,Train
4241,0.044988573,Train,Train
4242,0.041212272,Train,Train
4243,0.038309105,Train,Train
4244,0.034260042,Train,Train
4245,0.046542414,Train,Train
4246,0.042580765,Train,Train
4247,0.039876986,Train,Train
4248,0.037987065,Train,Train
4249,0.047831915,Train,Train
4250,0.026826367,Train,Train
4251,0.021626648,Train,Train
4252,0.043835994,Train,Train
4253,0.038792565,Train,Train
4254,0.024249103,Train,Train
4255,0.03168302,Train,Train
4256,0.022337794,Train,Train
4257,0.028398769,Train,Train
4258,0.04586935,Train,Train
4259,0.034767967,Train,Train
4260,0.03229169,Train,Train
4261,0.045424473,Train,Train
4262,0.08635211,Train,Train
4263,0.04691876,Train,Train
4264,0.056008995,Train,Train
4265,0.027414726,Train,Train
4266,0.031472124,Train,Train
4267,0.06009906,Train,Train
4268,0.023361338,Train,Train
4269,0.03127081,Train,Train
4270,0.05475579,Train,Train
4271,0.033863142,Train,Train
4272,0.040493652,Train,Train
4273,0.017707177,Train,Train
4274,0.03784099,Train,Train
4275,0.03624031,Train,Train
4276,0.0837185,Train,Train
4277,0.020797145,Train,Train
4278,0.02109805,Train,Train
4279,0.054575548,Train,Train
4280,0.045640253,Train,Train
4281,0.034611367,Train,Train
4282,0.062480602,Train,Train
4283,0.041526914,Train,Train
4284,0.050411027,Train,Train
4285,0.025085097,Train,Train
4286,0.049311046,Train,Train
4287,0.050287914,Train,Train
4288,0.027345235,Train,Train
4289,0.044462074,Train,Train
4290,0.01379237,Train,Train
4291,0.033215154,Train,Train
4292,0.047584947,Train,Train
4293,0.039447095,Train,Train
4294,0.025572818,Train,Train
4295,0.047909677,Train,Train
4296,0.034734625,Train,Train
4297,0.03235966,Train,Train
4298,0.042301346,Train,Train
4299,0.035808124,Train,Train
4300,0.071034074,Train,Train
4301,0.0272924,Train,Train
4302,0.051685967,Train,Train
4303,0.05255338,Train,Train
4304,0.031110348,Train,Train
4305,0.029186929,Train,Train
4306,0.082685284,Train,Train
4307,0.043849133,Train,Train
4308,0.049672257,Train,Train
4309,0.06344962,Train,Train
4310,0.03402338,Train,Train
4311,0.045987662,Train,Train
4312,0.036326703,Train,Train
4313,0.024721963,Train,Train
4314,0.056320578,Train,Train
4315,0.034764837,Train,Train
4316,0.043265436,Train,Train
4317,0.029121732,Train,Train
4318,0.03946895,Train,Train
4319,0.025569515,Train,Train
4320,0.034376573,Train,Train
4321,0.051274296,Train,Train
4322,0.027231073,Train,Train
4323,0.028017443,Train,Train
4324,0.024558725,Train,Train
4325,0.039861295,Train,Train
4326,0.04919913,Train,Train
4327,0.040317122,Train,Train
4328,0.05024531,Train,Train
4329,0.03762569,Train,Train
4330,0.064827845,Train,Train
4331,0.05540422,Train,Train
4332,0.024603166,Train,Train
4333,0.055414386,Train,Train
4334,0.042673383,Train,Train
4335,0.036653057,Train,Train
4336,0.053483255,Train,Train
4337,0.029010195,Train,Train
4338,0.026277145,Train,Train
4339,0.030838175,Train,Train
4340,0.046822805,Train,Train
4341,0.05183584,Train,Train
4342,0.022553895,Train,Train
4343,0.0326196,Train,Train
4344,0.036817238,Train,Train
4345,0.05592917,Train,Train
4346,0.05326819,Train,Train
4347,0.047346283,Train,Train
4348,0.044095982,Train,Train
4349,0.052834358,Train,Train
4350,0.04298766,Train,Train
4351,0.03475869,Train,Train
4352,0.04097384,Train,Train
4353,0.04581745,Train,Train
4354,0.038416497,Train,Train
4355,0.061388288,Train,Train
4356,0.030949306,Train,Train
4357,0.027052267,Train,Train
4358,0.030315924,Train,Train
4359,0.07007641,Train,Train
4360,0.056810204,Train,Train
4361,0.038811818,Train,Train
4362,0.03888575,Train,Train
4363,0.08661994,Train,Train
4364,0.05142564,Train,Train
4365,0.055426553,Train,Train
4366,0.03271914,Train,Train
4367,0.022631781,Train,Train
4368,0.059494432,Train,Train
4369,0.034140598,Train,Train
4370,0.024246288,Train,Train
4371,0.03993695,Train,Train
4372,0.03811222,Train,Train
4373,0.03214918,Train,Train
4374,0.02283013,Train,Train
4375,0.049466096,Train,Train
4376,0.016301194,Train,Train
4377,0.05091175,Train,Train
4378,0.05473783,Train,Train
4379,0.024628086,Train,Train
4380,0.03076197,Train,Train
4381,0.04249353,Train,Train
4382,0.039565235,Train,Train
4383,0.032659214,Train,Train
4384,0.035114046,Train,Train
4385,0.032901727,Train,Train
4386,0.02128745,Train,Train
4387,0.019014439,Train,Train
4388,0.040677685,Train,Train
4389,0.052734133,Train,Train
4390,0.049356032,Train,Train
4391,0.05154581,Train,Train
4392,0.029800415,Train,Train
4393,0.042944487,Train,Train
4394,0.01762171,Train,Train
4395,0.032012396,Train,Train
4396,0.045659695,Train,Train
4397,0.04207079,Train,Train
4398,0.051151488,Train,Train
4399,0.035542205,Train,Train
4400,0.036951356,Train,Train
4401,0.03641422,Train,Train
4402,0.03912352,Train,Train
4403,0.024676377,Train,Train
4404,0.0584098,Train,Train
4405,0.03751723,Train,Train
4406,0.04452445,Train,Train
4407,0.060081456,Train,Train
4408,0.023032831,Train,Train
4409,0.03687416,Train,Train
4410,0.06335636,Train,Train
4411,0.04030036,Train,Train
4412,0.033150304,Train,Train
4413,0.06403246,Train,Train
4414,0.052642174,Train,Train
4415,0.024637967,Train,Train
4416,0.036134023,Train,Train
4417,0.034076624,Train,Train
4418,0.05272628,Train,Train
4419,0.069670826,Train,Train
4420,0.019490778,Train,Train
4421,0.019585172,Train,Train
4422,0.034283053,Train,Train
4423,0.020630198,Train,Train
4424,0.04484062,Train,Train
4425,0.050436202,Train,Train
4426,0.04256337,Train,Train
4427,0.052419137,Train,Train
4428,0.04193453,Train,Train
4429,0.042427786,Train,Train
4430,0.043722928,Train,Train
4431,0.03193891,Train,Train
4432,0.03184659,Train,Train
4433,0.035699986,Train,Train
4434,0.04916597,Train,Train
4435,0.048161246,Train,Train
4436,0.048048805,Train,Train
4437,0.052751813,Train,Train
4438,0.06104972,Train,Train
4439,0.04331429,Train,Train
4440,0.034675654,Train,Train
4441,0.05498769,Train,Train
4442,0.026189705,Train,Train
4443,0.04462048,Train,Train
4444,0.028736128,Train,Train
4445,0.023092372,Train,Train
4446,0.036657438,Train,Train
4447,0.06511725,Train,Train
4448,0.04169903,Train,Train
4449,0.028553776,Train,Train
4450,0.05529305,Train,Train
4451,0.03925224,Train,Train
4452,0.036030557,Train,Train
4453,0.030190516,Train,Train
4454,0.042919405,Train,Train
4455,0.050612986,Train,Train
4456,0.02885269,Train,Train
4457,0.03749126,Train,Train
4458,0.018612506,Train,Train
4459,0.046842005,Train,Train
4460,0.040920284,Train,Train
4461,0.038791787,Train,Train
4462,0.045693792,Train,Train
4463,0.028053371,Train,Train
4464,0.045373358,Train,Train
4465,0.043301057,Train,Train
4466,0.045701075,Train,Train
4467,0.051396143,Train,Train
4468,0.017605973,Train,Train
4469,0.039973233,Train,Train
4470,0.058461845,Train,Train
4471,0.039264586,Train,Train
4472,0.04724785,Train,Train
4473,0.06262472,Train,Train
4474,0.019396743,Train,Train
4475,0.023327928,Train,Train
4476,0.038091756,Train,Train
4477,0.03179817,Train,Train
4478,0.06355635,Train,Train
4479,0.022688258,Train,Train
4480,0.02339928,Train,Train
4481,0.047836296,Train,Train
4482,0.03943704,Train,Train
4483,0.03490237,Train,Train
4484,0.05692596,Train,Train
4485,0.03376842,Train,Train
4486,0.02594484,Train,Train
4487,0.043267302,Train,Train
4488,0.035522513,Train,Train
4489,0.030003615,Train,Train
4490,0.05178101,Train,Train
4491,0.042338166,Train,Train
4492,0.04191206,Train,Train
4493,0.042791255,Train,Train
4494,0.05971139,Train,Train
4495,0.028548364,Train,Train
4496,0.03436547,Train,Train
4497,0.029213054,Train,Train
4498,0.031688362,Train,Train
4499,0.04357371,Train,Train
4500,0.04801817,Train,Train
4501,0.02644088,Train,Train
4502,0.017302644,Train,Train
4503,0.030647634,Train,Train
4504,0.024854627,Train,Train
4505,0.02728941,Train,Train
4506,0.041371766,Train,Train
4507,0.04981152,Train,Train
4508,0.055698194,Train,Train
4509,0.024502153,Train,Train
4510,0.040970802,Train,Train
4511,0.05156812,Train,Train
4512,0.025563017,Train,Train
4513,0.019075986,Train,Train
4514,0.056223337,Train,Train
4515,0.039331988,Train,Train
4516,0.045523047,Train,Train
4517,0.04381123,Train,Train
4518,0.05748842,Train,Train
4519,0.04085559,Train,Train
4520,0.040835306,Train,Train
4521,0.07748243,Train,Train
4522,0.029046344,Train,Train
4523,0.04573772,Train,Train
4524,0.040031377,Train,Train
4525,0.037665527,Train,Train
4526,0.024990574,Train,Train
4527,0.022481915,Train,Train
4528,0.041419066,Train,Train
4529,0.049998794,Train,Train
4530,0.032992408,Train,Train
4531,0.049613632,Train,Train
4532,0.08339018,Train,Train
4533,0.041142058,Train,Train
4534,0.031776674,Train,Train
4535,0.05659806,Train,Train
4536,0.055177066,Train,Train
4537,0.032809842,Train,Train
4538,0.039565325,Train,Train
4539,0.03858208,Train,Train
4540,0.03627813,Train,Train
4541,0.04121043,Train,Train
4542,0.049274426,Train,Train
4543,0.04037491,Train,Train
4544,0.03932306,Train,Train
4545,0.04305249,Train,Train
4546,0.019968655,Train,Train
4547,0.061007053,Train,Train
4548,0.04072476,Train,Train
4549,0.03592815,Train,Train
4550,0.06188914,Train,Train
4551,0.046481162,Train,Train
4552,0.05457572,Train,Train
4553,0.04072434,Train,Train
4554,0.031042162,Train,Train
4555,0.049367506,Train,Train
4556,0.047807064,Train,Train
4557,0.057542138,Train,Train
4558,0.039062914,Train,Train
4559,0.04583393,Train,Train
4560,0.025428033,Train,Train
4561,0.035596326,Train,Train
4562,0.03489077,Train,Train
4563,0.034021072,Train,Train
4564,0.040476687,Train,Train
4565,0.0367203,Train,Train
4566,0.02409247,Train,Train
4567,0.043368544,Train,Train
4568,0.02629453,Train,Train
4569,0.036869112,Train,Train
4570,0.056097638,Train,Train
4571,0.021654341,Train,Train
4572,0.04735728,Train,Train
4573,0.03393206,Train,Train
4574,0.035406295,Train,Train
4575,0.08122435,Train,Train
4576,0.049148347,Train,Train
4577,0.05188793,Train,Train
4578,0.04502002,Train,Train
4579,0.04335173,Train,Train
4580,0.03654421,Train,Train
4581,0.037893087,Train,Train
4582,0.046214513,Train,Train
4583,0.068423234,Train,Train
4584,0.053892057,Train,Train
4585,0.042775135,Train,Train
4586,0.03944246,Train,Train
4587,0.03520493,Train,Train
4588,0.035237752,Train,Train
4589,0.04087174,Train,Train
4590,0.03208605,Train,Train
4591,0.044088252,Train,Train
4592,0.06172043,Train,Train
4593,0.04709186,Train,Train
4594,0.026449976,Train,Train
4595,0.034972884,Train,Train
4596,0.024121864,Train,Train
4597,0.027948398,Train,Train
4598,0.023036344,Train,Train
4599,0.04455497,Train,Train
4600,0.03895005,Train,Train
4601,0.043848243,Train,Train
4602,0.0483924,Train,Train
4603,0.052541938,Train,Train
4604,0.05529691,Train,Train
4605,0.08652724,Train,Train
4606,0.020042254,Train,Train
4607,0.042180795,Train,Train
4608,0.042236943,Train,Train
4609,0.031124711,Train,Train
4610,0.0351797,Train,Train
4611,0.035936687,Train,Train
4612,0.054286283,Train,Train
4613,0.035721786,Train,Train
4614,0.030612968,Train,Train
4615,0.032811377,Train,Train
4616,0.054208472,Train,Train
4617,0.037830003,Train,Train
4618,0.037675563,Train,Train
4619,0.017738625,Train,Train
4620,0.037142273,Train,Train
4621,0.045246683,Train,Train
4622,0.020141417,Train,Train
4623,0.060417153,Train,Train
4624,0.050914522,Train,Train
4625,0.028398708,Train,Train
4626,0.03264765,Train,Train
4627,0.024010183,Train,Train
4628,0.019252554,Train,Train
4629,0.034569327,Train,Train
4630,0.079797454,Train,Train
4631,0.045255136,Train,Train
4632,0.05535516,Train,Train
4633,0.05052046,Train,Train
4634,0.023118656,Train,Train
4635,0.032509252,Train,Train
4636,0.024233004,Train,Train
4637,0.036223337,Train,Train
4638,0.04761173,Train,Train
4639,0.021111326,Train,Train
4640,0.043708663,Train,Train
4641,0.031000854,Train,Train
4642,0.019827846,Train,Train
4643,0.024836607,Train,Train
4644,0.03084763,Train,Train
4645,0.025640236,Train,Train
4646,0.042676646,Train,Train
4647,0.049760036,Train,Train
4648,0.08169204,Train,Train
4649,0.04624549,Train,Train
4650,0.04020229,Train,Train
4651,0.042068798,Train,Train
4652,0.04231278,Train,Train
4653,0.045681804,Train,Train
4654,0.0372263,Train,Train
4655,0.017385758,Train,Train
4656,0.014912249,Train,Train
4657,0.02691614,Train,Train
4658,0.02041844,Train,Train
4659,0.035041127,Train,Train
4660,0.026602397,Train,Train
4661,0.04901971,Train,Train
4662,0.0272559,Train,Train
4663,0.033328842,Train,Train
4664,0.037943903,Train,Train
4665,0.032836113,Train,Train
4666,0.019568834,Train,Train
4667,0.030231364,Train,Train
4668,0.0480424,Train,Train
4669,0.039559938,Train,Train
4670,0.04442272,Train,Train
4671,0.044161554,Train,Train
4672,0.040247723,Train,Train
4673,0.034392063,Train,Train
4674,0.03006524,Train,Train
4675,0.09190117,Train,Train
4676,0.047676694,Train,Train
4677,0.056581832,Train,Train
4678,0.039950997,Train,Train
4679,0.032382853,Train,Train
4680,0.042529304,Train,Train
4681,0.055819716,Train,Train
4682,0.059194863,Train,Train
4683,0.028771905,Train,Train
4684,0.02820047,Train,Train
4685,0.05415997,Train,Train
4686,0.04258309,Train,Train
4687,0.02475251,Train,Train
4688,0.04433558,Train,Train
4689,0.04862717,Train,Train
4690,0.023369176,Train,Train
4691,0.022706801,Train,Train
4692,0.03354132,Train,Train
4693,0.046161354,Train,Train
4694,0.07051306,Train,Train
4695,0.023507105,Train,Train
4696,0.030789062,Train,Train
4697,0.04683633,Train,Train
4698,0.04033961,Train,Train
4699,0.049031056,Train,Train
4700,0.031056944,Train,Train
4701,0.030553093,Train,Train
4702,0.034917656,Train,Train
4703,0.049131177,Train,Train
4704,0.042781796,Train,Train
4705,0.034911864,Train,Train
4706,0.04737065,Train,Train
4707,0.083674796,Train,Train
4708,0.043438282,Train,Train
4709,0.03522999,Train,Train
4710,0.05907457,Train,Train
4711,0.03755587,Train,Train
4712,0.03383938,Train,Train
4713,0.02529172,Train,Train
4714,0.05975685,Train,Train
4715,0.058541954,Train,Train
4716,0.045962464,Train,Train
4717,0.03293887,Train,Train
4718,0.03262599,Train,Train
4719,0.02183489,Train,Train
4720,0.048875764,Train,Train
4721,0.040973727,Train,Train
4722,0.05222183,Train,Train
4723,0.052227776,Train,Train
4724,0.051086895,Train,Train
4725,0.054613218,Train,Train
4726,0.04134382,Train,Train
4727,0.045346208,Train,Train
4728,0.020011233,Train,Train
4729,0.023306012,Train,Train
4730,0.03669345,Train,Train
4731,0.030536022,Train,Train
4732,0.024794389,Train,Train
4733,0.046838313,Train,Train
4734,0.033480793,Train,Train
4735,0.048858132,Train,Train
4736,0.058447454,Train,Train
4737,0.034534264,Train,Train
4738,0.04166186,Train,Train
4739,0.038579796,Train,Train
4740,0.03730969,Train,Train
4741,0.039606467,Train,Train
4742,0.022442415,Train,Train
4743,0.026156766,Train,Train
4744,0.024083942,Train,Train
4745,0.024500191,Train,Train
4746,0.026441295,Train,Train
4747,0.04055283,Train,Train
4748,0.034022998,Train,Train
4749,0.04211138,Train,Train
4750,0.023027724,Train,Train
4751,0.022942724,Train,Train
4752,0.031765494,Train,Train
4753,0.0578125,Train,Train
4754,0.040065058,Train,Train
4755,0.034701243,Train,Train
4756,0.033351094,Train,Train
4757,0.03867074,Train,Train
4758,0.03614101,Train,Train
4759,0.0370217,Train,Train
4760,0.05743368,Train,Train
4761,0.04050641,Train,Train
4762,0.03801296,Train,Train
4763,0.03291551,Train,Train
4764,0.058575038,Train,Train
4765,0.0400536,Train,Train
4766,0.028652372,Train,Train
4767,0.041980702,Train,Train
4768,0.08840429,Train,Train
4769,0.04641032,Train,Train
4770,0.037524357,Train,Train
4771,0.041320592,Train,Train
4772,0.025991429,Train,Train
4773,0.036316752,Train,Train
4774,0.022936894,Train,Train
4775,0.039927404,Train,Train
4776,0.050618533,Train,Train
4777,0.03466055,Train,Train
4778,0.034882795,Train,Train
4779,0.045189004,Train,Train
4780,0.039253112,Train,Train
4781,0.054034352,Train,Train
4782,0.04175001,Train,Train
4783,0.0634093,Train,Train
4784,0.020793581,Train,Train
4785,0.033735286,Train,Train
4786,0.03771343,Train,Train
4787,0.031204242,Train,Train
4788,0.046886202,Train,Train
4789,0.06005724,Train,Train
4790,0.046809994,Train,Train
4791,0.037873227,Train,Train
4792,0.04296931,Train,Train
4793,0.04709269,Train,Train
4794,0.03562316,Train,Train
4795,0.031870414,Train,Train
4796,0.039589234,Train,Train
4797,0.031381723,Train,Train
4798,0.042491265,Train,Train
4799,0.047763135,Train,Train
4800,0.070562504,Train,Train
4801,0.027174037,Train,Train
4802,0.03674937,Train,Train
4803,0.046562262,Train,Train
4804,0.055692308,Train,Train
4805,0.046601918,Train,Train
4806,0.046454415,Train,Train
4807,0.052500702,Train,Train
4808,0.024080684,Train,Train
4809,0.046107303,Train,Train
4810,0.08352716,Train,Train
4811,0.023228116,Train,Train
4812,0.046839707,Train,Train
4813,0.023464978,Train,Train
4814,0.04208114,Train,Train
4815,0.036755286,Train,Train
4816,0.030778872,Train,Train
4817,0.038904388,Train,Train
4818,0.046750903,Train,Train
4819,0.035506763,Train,Train
4820,0.048636407,Train,Train
4821,0.026181502,Train,Train
4822,0.02767242,Train,Train
4823,0.04363604,Train,Train
4824,0.043262523,Train,Train
4825,0.041596036,Train,Train
4826,0.03990434,Train,Train
4827,0.030345293,Train,Train
4828,0.0454753,Train,Train
4829,0.04067874,Train,Train
4830,0.041994195,Train,Train
4831,0.039932936,Train,Train
4832,0.036133118,Train,Train
4833,0.022246024,Train,Train
4834,0.045443807,Train,Train
4835,0.086829245,Train,Train
4836,0.026420558,Train,Train
4837,0.03179145,Train,Train
4838,0.01929227,Train,Train
4839,0.034246553,Train,Train
4840,0.02185025,Train,Train
4841,0.025214659,Train,Train
4842,0.026604667,Train,Train
4843,0.02846965,Train,Train
4844,0.042623635,Train,Train
4845,0.031415798,Train,Train
4846,0.046493117,Train,Train
4847,0.030311847,Train,Train
4848,0.019245034,Train,Train
4849,0.049497284,Train,Train
4850,0.041686207,Train,Train
4851,0.049757697,Train,Train
4852,0.037425738,Train,Train
4853,0.038554918,Train,Train
4854,0.03706779,Train,Train
4855,0.033320867,Train,Train
4856,0.044362742,Train,Train
4857,0.028851379,Train,Train
4858,0.01688282,Train,Train
4859,0.02914651,Train,Train
4860,0.03801358,Train,Train
4861,0.03743938,Train,Train
4862,0.022854792,Train,Train
4863,0.037518617,Train,Train
4864,0.03873329,Train,Train
4865,0.04033532,Train,Train
4866,0.07455962,Train,Train
4867,0.04429252,Train,Train
4868,0.050501607,Train,Train
4869,0.03947155,Train,Train
4870,0.039379813,Train,Train
4871,0.04413386,Train,Train
4872,0.04324855,Train,Train
4873,0.025148544,Train,Train
4874,0.037284277,Train,Train
4875,0.07903291,Train,Train
4876,0.049711317,Train,Train
4877,0.040912006,Train,Train
4878,0.03897012,Train,Train
4879,0.056019943,Train,Train
4880,0.04483684,Train,Train
4881,0.053448644,Train,Train
4882,0.022531597,Train,Train
4883,0.037918977,Train,Train
4884,0.024219293,Train,Train
4885,0.05507438,Train,Train
4886,0.026946284,Train,Train
4887,0.03935889,Train,Train
4888,0.020206355,Train,Train
4889,0.050474122,Train,Train
4890,0.03607924,Train,Train
4891,0.039857384,Train,Train
4892,0.061399866,Train,Train
4893,0.05710042,Train,Train
4894,0.035127923,Train,Train
4895,0.032156322,Train,Train
4896,0.047320437,Train,Train
4897,0.04698845,Train,Train
4898,0.04481961,Train,Train
4899,0.07690133,Train,Train
4900,0.033766463,Train,Train
4901,0.020952659,Train,Train
4902,0.045970235,Train,Train
4903,0.028620584,Train,Train
4904,0.048995923,Train,Train
4905,0.050050754,Train,Train
4906,0.03623814,Train,Train
4907,0.047626834,Train,Train
4908,0.04766377,Train,Train
4909,0.033855963,Train,Train
4910,0.03768632,Train,Train
4911,0.028590605,Train,Train
4912,0.051007405,Train,Train
4913,0.04587765,Train,Train
4914,0.0415181,Train,Train
4915,0.042343047,Train,Train
4916,0.041750837,Train,Train
4917,0.056820597,Train,Train
4918,0.052612383,Train,Train
4919,0.03794681,Train,Train
4920,0.024939394,Train,Train
4921,0.01782247,Train,Train
4922,0.026368557,Train,Train
4923,0.053803634,Train,Train
4924,0.031600427,Train,Train
4925,0.050244696,Train,Train
4926,0.05008504,Train,Train
4927,0.021575155,Train,Train
4928,0.05891739,Train,Train
4929,0.054400373,Train,Train
4930,0.035020728,Train,Train
4931,0.059090618,Train,Train
4932,0.032601915,Train,Train
4933,0.046878852,Train,Train
4934,0.037582584,Train,Train
4935,0.029300729,Train,Train
4936,0.06478228,Train,Train
4937,0.031601716,Train,Train
4938,0.021864839,Train,Train
4939,0.03450555,Train,Train
4940,0.035109513,Train,Train
4941,0.049627297,Train,Train
4942,0.040816136,Train,Train
4943,0.043042254,Train,Train
4944,0.027878437,Train,Train
4945,0.034149576,Train,Train
4946,0.03707638,Train,Train
4947,0.037355304,Train,Train
4948,0.077220134,Train,Train
4949,0.031132039,Train,Train
4950,0.039284844,Train,Train
4951,0.041614145,Train,Train
4952,0.030832706,Train,Train
4953,0.07905431,Train,Train
4954,0.03256525,Train,Train
4955,0.05764733,Train,Train
4956,0.040777873,Train,Train
4957,0.033868153,Train,Train
4958,0.047363773,Train,Train
4959,0.022654062,Train,Train
4960,0.035094116,Train,Train
4961,0.040732414,Train,Train
4962,0.04337637,Train,Train
4963,0.020012526,Train,Train
4964,0.03759933,Train,Train
4965,0.039939612,Train,Train
4966,0.047758225,Train,Train
4967,0.03654131,Train,Train
4968,0.04149866,Train,Train
4969,0.02409299,Train,Train
4970,0.024347646,Train,Train
4971,0.025143567,Train,Train
4972,0.046291884,Train,Train
4973,0.037695378,Train,Train
4974,0.04665195,Train,Train
4975,0.027568476,Train,Train
4976,0.035603814,Train,Train
4977,0.017768497,Train,Train
4978,0.05343062,Train,Train
4979,0.047370005,Train,Train
4980,0.0314751,Train,Train
4981,0.05227574,Train,Train
4982,0.0520865,Train,Train
4983,0.03647142,Train,Train
4984,0.03637105,Train,Train
4985,0.033000775,Train,Train
4986,0.047871783,Train,Train
4987,0.018254237,Train,Train
4988,0.016880885,Train,Train
4989,0.06866678,Train,Train
4990,0.06202052,Train,Train
4991,0.038475294,Train,Train
4992,0.03337591,Train,Train
4993,0.0354661,Train,Train
4994,0.04147099,Train,Train
4995,0.064802736,Train,Train
4996,0.045406748,Train,Train
4997,0.024635017,Train,Train
4998,0.022675937,Train,Train
4999,0.022142554,Train,Train
5000,0.02752788,Train,Train
5001,0.046314772,Train,Train
5002,0.03398372,Train,Train
5003,0.042348187,Train,Train
5004,0.050566092,Train,Train
5005,0.051087484,Train,Train
5006,0.06391083,Train,Train
5007,0.041001994,Train,Train
5008,0.047818616,Train,Train
5009,0.019687342,Train,Train
5010,0.051449824,Train,Train
5011,0.028555721,Train,Train
5012,0.02354386,Train,Train
5013,0.03404569,Train,Train
5014,0.01599307,Train,Train
5015,0.045665294,Train,Train
5016,0.04025489,Train,Train
5017,0.040602464,Train,Train
5018,0.039683543,Train,Train
5019,0.03627448,Train,Train
5020,0.04196017,Train,Train
5021,0.07119197,Train,Train
5022,0.03452164,Train,Train
5023,0.028250746,Train,Train
5024,0.023821684,Train,Train
5025,0.022911262,Train,Train
5026,0.03424447,Train,Train
5027,0.03636803,Train,Train
5028,0.03542774,Train,Train
5029,0.04108073,Train,Train
5030,0.031540804,Train,Train
5031,0.032239947,Train,Train
5032,0.08429835,Train,Train
5033,0.041985214,Train,Train
5034,0.012940827,Train,Train
5035,0.039092597,Train,Train
5036,0.039768063,Train,Train
5037,0.02919971,Train,Train
5038,0.04293982,Train,Train
5039,0.021786386,Train,Train
5040,0.05019098,Train,Train
5041,0.035512652,Train,Train
5042,0.034894142,Train,Train
5043,0.027350243,Train,Train
5044,0.04619832,Train,Train
5045,0.04026119,Train,Train
5046,0.043125726,Train,Train
5047,0.07851472,Train,Train
5048,0.039491933,Train,Train
5049,0.05574565,Train,Train
5050,0.022532403,Train,Train
5051,0.029712267,Train,Train
5052,0.044956867,Train,Train
5053,0.0351351,Train,Train
5054,0.05604604,Train,Train
5055,0.036631525,Train,Train
5056,0.04409345,Train,Train
5057,0.040857576,Train,Train
5058,0.020696301,Train,Train
5059,0.042132583,Train,Train
5060,0.042323418,Train,Train
5061,0.043903437,Train,Train
5062,0.045516692,Train,Train
5063,0.054557152,Train,Train
5064,0.037403982,Train,Train
5065,0.03376892,Train,Train
5066,0.043892425,Train,Train
5067,0.03824797,Train,Train
5068,0.03936061,Train,Train
5069,0.055650618,Train,Train
5070,0.080586195,Train,Train
5071,0.060004864,Train,Train
5072,0.047690526,Train,Train
5073,0.02143784,Train,Train
5074,0.055163868,Train,Train
5075,0.038398158,Train,Train
5076,0.033375844,Train,Train
5077,0.04181973,Train,Train
5078,0.04980896,Train,Train
5079,0.0389622,Train,Train
5080,0.050479382,Train,Train
5081,0.04610346,Train,Train
5082,0.04077405,Train,Train
5083,0.03983637,Train,Train
5084,0.045745727,Train,Train
5085,0.03844788,Train,Train
5086,0.031253822,Train,Train
5087,0.028163027,Train,Train
5088,0.024194159,Train,Train
5089,0.039695688,Train,Train
5090,0.037034873,Train,Train
5091,0.043946136,Train,Train
5092,0.031937506,Train,Train
5093,0.038682997,Train,Train
5094,0.028963698,Train,Train
5095,0.039452694,Train,Train
5096,0.04294953,Train,Train
5097,0.026679946,Train,Train
5098,0.021825617,Train,Train
5099,0.044014007,Train,Train
5100,0.022686299,Train,Train
5101,0.053733334,Train,Train
5102,0.068591505,Train,Train
5103,0.031271935,Train,Train
5104,0.04909302,Train,Train
5105,0.03389826,Train,Train
5106,0.023576614,Train,Train
5107,0.038318243,Train,Train
5108,0.036416847,Train,Train
5109,0.029238155,Train,Train
5110,0.051958777,Train,Train
5111,0.035691984,Train,Train
5112,0.042208716,Train,Train
5113,0.047001787,Train,Train
5114,0.03407601,Train,Train
5115,0.040312774,Train,Train
5116,0.02321835,Train,Train
5117,0.04169357,Train,Train
5118,0.03635332,Train,Train
5119,0.03496231,Train,Train
5120,0.040511042,Train,Train
5121,0.026467262,Train,Train
5122,0.052050967,Train,Train
5123,0.018501032,Train,Train
5124,0.040804926,Train,Train
5125,0.039096862,Train,Train
5126,0.040968426,Train,Train
5127,0.038281146,Train,Train
5128,0.060414217,Train,Train
5129,0.018020822,Train,Train
5130,0.015471533,Train,Train
5131,0.028484834,Train,Train
5132,0.038469207,Train,Train
5133,0.03804857,Train,Train
5134,0.08414079,Train,Train
5135,0.033080585,Train,Train
5136,0.03485091,Train,Train
5137,0.019455101,Train,Train
5138,0.020835478,Train,Train
5139,0.03546944,Train,Train
5140,0.01951685,Train,Train
5141,0.044344507,Train,Train
5142,0.02481398,Train,Train
5143,0.04038418,Train,Train
5144,0.035933275,Train,Train
5145,0.026083492,Train,Train
5146,0.041635733,Train,Train
5147,0.023824314,Train,Train
5148,0.04526232,Train,Train
5149,0.03935217,Train,Train
5150,0.050795123,Train,Train
5151,0.049396016,Train,Train
5152,0.023086421,Train,Train
5153,0.04933339,Train,Train
5154,0.061271694,Train,Train
5155,0.019111352,Train,Train
5156,0.05024912,Train,Train
5157,0.049298484,Train,Train
5158,0.039693546,Train,Train
5159,0.032748286,Train,Train
5160,0.05413347,Train,Train
5161,0.061257865,Train,Train
5162,0.019215642,Train,Train
5163,0.015308693,Train,Train
5164,0.048369188,Train,Train
5165,0.020082869,Train,Train
5166,0.051403273,Train,Train
5167,0.02965167,Train,Train
5168,0.02927771,Train,Train
5169,0.02956064,Train,Train
5170,0.013334721,Train,Train
5171,0.04586724,Train,Train
5172,0.03020233,Train,Train
5173,0.03859269,Train,Train
5174,0.032939553,Train,Train
5175,0.03611347,Train,Train
5176,0.059645206,Train,Train
5177,0.044929758,Train,Train
5178,0.03814978,Train,Train
5179,0.057273917,Train,Train
5180,0.04032549,Train,Train
5181,0.03742392,Train,Train
5182,0.02143864,Train,Train
5183,0.049638383,Train,Train
5184,0.053351115,Train,Train
5185,0.034041896,Train,Train
5186,0.040029034,Train,Train
5187,0.03252241,Train,Train
5188,0.044565387,Train,Train
5189,0.030518064,Train,Train
5190,0.019803083,Train,Train
5191,0.040093124,Train,Train
5192,0.019602146,Train,Train
5193,0.05506562,Train,Train
5194,0.04464852,Train,Train
5195,0.018910825,Train,Train
5196,0.04137376,Train,Train
5197,0.055906426,Train,Train
5198,0.046979,Train,Train
5199,0.044483993,Train,Train
5200,0.043296218,Train,Train
5201,0.029360933,Train,Train
5202,0.062005702,Train,Train
5203,0.021713099,Train,Train
5204,0.025935903,Train,Train
5205,0.033466488,Train,Train
5206,0.017556515,Train,Train
5207,0.035569686,Train,Train
5208,0.04442745,Train,Train
5209,0.03525525,Train,Train
5210,0.039371885,Train,Train
5211,0.034381777,Train,Train
5212,0.024124619,Train,Train
5213,0.030475704,Train,Train
5214,0.045725387,Train,Train
5215,0.03852573,Train,Train
5216,0.021515524,Train,Train
5217,0.023269692,Train,Train
5218,0.037092566,Train,Train
5219,0.037128836,Train,Train
5220,0.042036347,Train,Train
5221,0.057660174,Train,Train
5222,0.037016857,Train,Train
5223,0.02741573,Train,Train
5224,0.03184196,Train,Train
5225,0.04524072,Train,Train
5226,0.022685967,Train,Train
5227,0.052431386,Train,Train
5228,0.0415998,Train,Train
5229,0.024409806,Train,Train
5230,0.03811587,Train,Train
5231,0.049678907,Train,Train
5232,0.02458877,Train,Train
5233,0.03424965,Train,Train
5234,0.021285897,Train,Train
5235,0.04244618,Train,Train
5236,0.0389604,Train,Train
5237,0.041628245,Train,Train
5238,0.03473805,Train,Train
5239,0.03773592,Train,Train
5240,0.039670773,Train,Train
5241,0.036517907,Train,Train
5242,0.043914966,Train,Train
5243,0.050882164,Train,Train
5244,0.04485323,Train,Train
5245,0.056732308,Train,Train
5246,0.040974174,Train,Train
5247,0.037825994,Train,Train
5248,0.027155694,Train,Train
5249,0.027473014,Train,Train
5250,0.040921852,Train,Train
5251,0.05502063,Train,Train
5252,0.021884795,Train,Train
5253,0.05020898,Train,Train
5254,0.02394696,Train,Train
5255,0.037007313,Train,Train
5256,0.047178697,Train,Train
5257,0.042787306,Train,Train
5258,0.046502735,Train,Train
5259,0.03573599,Train,Train
5260,0.042565625,Train,Train
5261,0.054716516,Train,Train
5262,0.03299857,Train,Train
5263,0.025183504,Train,Train
5264,0.037004773,Train,Train
5265,0.0262073,Train,Train
5266,0.058597215,Train,Train
5267,0.044922683,Train,Train
5268,0.022640001,Train,Train
5269,0.046853505,Train,Train
5270,0.047216207,Train,Train
5271,0.053429842,Train,Train
5272,0.028478699,Train,Train
5273,0.030706445,Train,Train
5274,0.02655511,Train,Train
5275,0.03768315,Train,Train
5276,0.037972257,Train,Train
5277,0.042129774,Train,Train
5278,0.0334755,Train,Train
5279,0.022290638,Train,Train
5280,0.051270753,Train,Train
5281,0.034491606,Train,Train
5282,0.042518374,Train,Train
5283,0.029394628,Train,Train
5284,0.028556716,Train,Train
5285,0.034843456,Train,Train
5286,0.042631466,Train,Train
5287,0.049788028,Train,Train
5288,0.05151355,Train,Train
5289,0.041527547,Train,Train
5290,0.052652385,Train,Train
5291,0.030165711,Train,Train
5292,0.04400535,Train,Train
5293,0.09531328,Train,Train
5294,0.034055192,Train,Train
5295,0.037969705,Train,Train
5296,0.049286574,Train,Train
5297,0.038785867,Train,Train
5298,0.03564033,Train,Train
5299,0.040523574,Train,Train
5300,0.032485854,Train,Train
5301,0.0444063,Train,Train
5302,0.067998715,Train,Train
5303,0.021373574,Train,Train
5304,0.028851485,Train,Train
5305,0.048439685,Train,Train
5306,0.03525655,Train,Train
5307,0.042543955,Train,Train
5308,0.049844358,Train,Train
5309,0.03984647,Train,Train
5310,0.037227936,Train,Train
5311,0.044227783,Train,Train
5312,0.071421385,Train,Train
5313,0.026914798,Train,Train
5314,0.0380213,Train,Train
5315,0.031529695,Train,Train
5316,0.040045775,Train,Train
5317,0.045050558,Train,Train
5318,0.038666435,Train,Train
5319,0.031005248,Train,Train
5320,0.022772942,Train,Train
5321,0.040954154,Train,Train
5322,0.02741704,Train,Train
5323,0.032801535,Train,Train
5324,0.030036192,Train,Train
5325,0.04452457,Train,Train
5326,0.029258857,Train,Train
5327,0.03170688,Train,Train
5328,0.043827012,Train,Train
5329,0.038595226,Train,Train
5330,0.043693177,Train,Train
5331,0.061589845,Train,Train
5332,0.040277187,Train,Train
5333,0.052454714,Train,Train
5334,0.056874707,Train,Train
5335,0.04622541,Train,Train
5336,0.04751553,Train,Train
5337,0.027175616,Train,Train
5338,0.029974675,Train,Train
5339,0.021241905,Train,Train
5340,0.028399872,Train,Train
5341,0.047577705,Train,Train
5342,0.03557426,Train,Train
5343,0.04639196,Train,Train
5344,0.027273932,Train,Train
5345,0.026765235,Train,Train
5346,0.0217221,Train,Train
5347,0.02698084,Train,Train
5348,0.049805503,Train,Train
5349,0.042698283,Train,Train
5350,0.015695082,Train,Train
5351,0.04059873,Train,Train
5352,0.042800967,Train,Train
5353,0.03762541,Train,Train
5354,0.024283499,Train,Train
5355,0.029344134,Train,Train
5356,0.01519175,Train,Train
5357,0.049432576,Train,Train
5358,0.04334143,Train,Train
5359,0.043199778,Train,Train
5360,0.03583659,Train,Train
5361,0.045818277,Train,Train
5362,0.02990137,Train,Train
5363,0.033836525,Train,Train
5364,0.019736536,Train,Train
5365,0.027809376,Train,Train
5366,0.014487884,Train,Train
5367,0.050883,Train,Train
5368,0.037500624,Train,Train
5369,0.03182689,Train,Train
5370,0.049470194,Train,Train
5371,0.033015486,Train,Train
5372,0.030972486,Train,Train
5373,0.057334263,Train,Train
5374,0.02010854,Train,Train
5375,0.028372504,Train,Train
5376,0.04608164,Train,Train
5377,0.022856511,Train,Train
5378,0.03137845,Train,Train
5379,0.023110578,Train,Train
5380,0.048318435,Train,Train
5381,0.015833657,Train,Train
5382,0.054632265,Train,Train
5383,0.03592439,Train,Train
5384,0.040214576,Train,Train
5385,0.030271815,Train,Train
5386,0.03535252,Train,Train
5387,0.044339232,Train,Train
5388,0.05193081,Train,Train
5389,0.041602924,Train,Train
5390,0.03534909,Train,Train
5391,0.04435912,Train,Train
5392,0.04799135,Train,Train
5393,0.0493709,Train,Train
5394,0.04165406,Train,Train
5395,0.057618648,Train,Train
5396,0.023501547,Train,Train
5397,0.046152815,Train,Train
5398,0.038752764,Train,Train
5399,0.021916376,Train,Train
5400,0.045564443,Train,Train
5401,0.039531793,Train,Train
5402,0.059083827,Train,Train
5403,0.049234524,Train,Train
5404,0.026769735,Train,Train
5405,0.04022741,Train,Train
5406,0.054075986,Train,Train
5407,0.045161363,Train,Train
5408,0.036168072,Train,Train
5409,0.044282854,Train,Train
5410,0.045818113,Train,Train
5411,0.0734555,Train,Train
5412,0.04814877,Train,Train
5413,0.04035599,Train,Train
5414,0.0824986,Train,Train
5415,0.032322913,Train,Train
5416,0.03246195,Train,Train
5417,0.063977055,Train,Train
5418,0.04048526,Train,Train
5419,0.053376928,Train,Train
5420,0.04805465,Train,Train
5421,0.04705159,Train,Train
5422,0.04516212,Train,Train
5423,0.043328505,Train,Train
5424,0.022724494,Train,Train
5425,0.029016796,Train,Train
5426,0.03802457,Train,Train
5427,0.050983973,Train,Train
5428,0.043550212,Train,Train
5429,0.026435971,Train,Train
5430,0.046386883,Train,Train
5431,0.05340037,Train,Train
5432,0.03135637,Train,Train
5433,0.037669815,Train,Train
5434,0.07864133,Train,Train
5435,0.03298496,Train,Train
5436,0.032318246,Train,Train
5437,0.0448225,Train,Train
5438,0.041787263,Train,Train
5439,0.06604695,Train,Train
5440,0.051942583,Train,Train
5441,0.0338739,Train,Train
5442,0.042796317,Train,Train
5443,0.041751705,Train,Train
5444,0.026849397,Train,Train
5445,0.023358209,Train,Train
5446,0.04055578,Train,Train
5447,0.051826824,Train,Train
5448,0.03441423,Train,Train
5449,0.021190463,Train,Train
5450,0.08217915,Train,Train
5451,0.036348104,Train,Train
5452,0.056830905,Train,Train
5453,0.035974585,Train,Train
5454,0.05051634,Train,Train
5455,0.04991162,Train,Train
5456,0.022780126,Train,Train
5457,0.038575023,Train,Train
5458,0.034759015,Train,Train
5459,0.035741813,Train,Train
5460,0.04084293,Train,Train
5461,0.041141547,Train,Train
5462,0.01840888,Train,Train
5463,0.055754147,Train,Train
5464,0.040870536,Train,Train
5465,0.055549633,Train,Train
5466,0.04521561,Train,Train
5467,0.04580126,Train,Train
5468,0.021779943,Train,Train
5469,0.027554667,Train,Train
5470,0.042516463,Train,Train
5471,0.025796695,Train,Train
5472,0.026797242,Train,Train
5473,0.035863876,Train,Train
5474,0.03485436,Train,Train
5475,0.034708936,Train,Train
5476,0.019549437,Train,Train
5477,0.02685273,Train,Train
5478,0.028081177,Train,Train
5479,0.03230733,Train,Train
5480,0.039758403,Train,Train
5481,0.038363688,Train,Train
5482,0.03761093,Train,Train
5483,0.03949978,Train,Train
5484,0.029543702,Train,Train
5485,0.021417493,Train,Train
5486,0.021222847,Train,Train
5487,0.053456128,Train,Train
5488,0.04302953,Train,Train
5489,0.047535207,Train,Train
5490,0.032564092,Train,Train
5491,0.081129394,Train,Train
5492,0.034627113,Train,Train
5493,0.045404244,Train,Train
5494,0.053617347,Train,Train
5495,0.025609937,Train,Train
5496,0.03805923,Train,Train
5497,0.051678203,Train,Train
5498,0.04027476,Train,Train
5499,0.023052445,Train,Train
5500,0.039630193,Train,Train
5501,0.020101408,Train,Train
5502,0.04345789,Train,Train
5503,0.039446615,Train,Train
5504,0.04522974,Train,Train
5505,0.03765767,Train,Train
5506,0.05787412,Train,Train
5507,0.045897983,Train,Train
5508,0.022690948,Train,Train
5509,0.04961413,Train,Train
5510,0.023380583,Train,Train
5511,0.034763154,Train,Train
5512,0.037230473,Train,Train
5513,0.050875627,Train,Train
5514,0.016623273,Train,Train
5515,0.04200827,Train,Train
5516,0.025522862,Train,Train
5517,0.036129743,Train,Train
5518,0.044645496,Train,Train
5519,0.027554162,Train,Train
5520,0.020003403,Train,Train
5521,0.03227193,Train,Train
5522,0.043655217,Train,Train
5523,0.031308517,Train,Train
5524,0.036748853,Train,Train
5525,0.03230026,Train,Train
5526,0.04445035,Train,Train
5527,0.033358704,Train,Train
5528,0.053498738,Train,Train
5529,0.03730979,Train,Train
5530,0.06257695,Train,Train
5531,0.0780228,Train,Train
5532,0.0559815,Train,Train
5533,0.019454714,Train,Train
5534,0.04570908,Train,Train
5535,0.03067522,Train,Train
5536,0.037783667,Train,Train
5537,0.06558133,Train,Train
5538,0.029180942,Train,Train
5539,0.03871622,Train,Train
5540,0.029141769,Train,Train
5541,0.020863172,Train,Train
5542,0.06028942,Train,Train
5543,0.03731396,Train,Train
5544,0.029254101,Train,Train
5545,0.030170206,Train,Train
5546,0.039474294,Train,Train
5547,0.031057656,Train,Train
5548,0.034399632,Train,Train
5549,0.026785664,Train,Train
5550,0.02533931,Train,Train
5551,0.05948463,Train,Train
5552,0.031649202,Train,Train
5553,0.029492091,Train,Train
5554,0.028582683,Train,Train
5555,0.040916692,Train,Train
5556,0.028098138,Train,Train
5557,0.061323877,Train,Train
5558,0.045531053,Train,Train
5559,0.07523722,Train,Train
5560,0.03293143,Train,Train
5561,0.04457361,Train,Train
5562,0.046236973,Train,Train
5563,0.045416933,Train,Train
5564,0.056883805,Train,Train
5565,0.051109824,Train,Train
5566,0.025292099,Train,Train
5567,0.028260963,Train,Train
5568,0.03337098,Train,Train
5569,0.04498761,Train,Train
5570,0.053695064,Train,Train
5571,0.057442892,Train,Train
5572,0.041559573,Train,Train
5573,0.059149396,Train,Train
5574,0.033405732,Train,Train
5575,0.04437656,Train,Train
5576,0.027085276,Train,Train
5577,0.028278934,Train,Train
5578,0.04825149,Train,Train
5579,0.0353489,Train,Train
5580,0.019080821,Train,Train
5581,0.03627197,Train,Train
5582,0.046839222,Train,Train
5583,0.040214404,Train,Train
5584,0.02736814,Train,Train
5585,0.041875433,Train,Train
5586,0.03260491,Train,Train
5587,0.04502161,Train,Train
5588,0.045435134,Train,Train
5589,0.039736137,Train,Train
5590,0.034025602,Train,Train
5591,0.027992819,Train,Train
5592,0.02105154,Train,Train
5593,0.034379464,Train,Train
5594,0.04984344,Train,Train
5595,0.036862783,Train,Train
5596,0.017815767,Train,Train
5597,0.035281815,Train,Train
5598,0.021161221,Train,Train
5599,0.03486276,Train,Train
5600,0.052111227,Train,Train
5601,0.023606667,Train,Train
5602,0.03218118,Train,Train
5603,0.04569598,Train,Train
5604,0.052044306,Train,Train
5605,0.03448818,Train,Train
5606,0.02840708,Train,Train
5607,0.044133913,Train,Train
5608,0.04236327,Train,Train
5609,0.04036336,Train,Train
5610,0.021230275,Train,Train
5611,0.029294439,Train,Train
5612,0.035787802,Train,Train
5613,0.028322322,Train,Train
5614,0.036292426,Train,Train
5615,0.057581604,Train,Train
5616,0.032505937,Train,Train
5617,0.030558249,Train,Train
5618,0.03825409,Train,Train
5619,0.034060057,Train,Train
5620,0.035461884,Train,Train
5621,0.017689206,Train,Train
5622,0.064027734,Train,Train
5623,0.039472923,Train,Train
5624,0.038737666,Train,Train
5625,0.042736635,Train,Train
5626,0.055031456,Train,Train
5627,0.04276023,Train,Train
5628,0.039593644,Train,Train
5629,0.029539485,Train,Train
5630,0.019650696,Train,Train
5631,0.041708276,Train,Train
5632,0.07857607,Train,Train
5633,0.021798624,Train,Train
5634,0.032563027,Train,Train
5635,0.026631167,Train,Train
5636,0.04379272,Train,Train
5637,0.03027683,Train,Train
5638,0.04522086,Train,Train
5639,0.052047264,Train,Train
5640,0.025861194,Train,Train
5641,0.04719044,Train,Train
5642,0.032666974,Train,Train
5643,0.04045389,Train,Train
5644,0.037599966,Train,Train
5645,0.03102778,Train,Train
5646,0.049149245,Train,Train
5647,0.054650605,Train,Train
5648,0.039232887,Train,Train
5649,0.026177423,Train,Train
5650,0.042262886,Train,Train
5651,0.046795547,Train,Train
5652,0.027166681,Train,Train
5653,0.037807822,Train,Train
5654,0.03589962,Train,Train
5655,0.0191722,Train,Train
5656,0.044645816,Train,Train
5657,0.04172667,Train,Train
5658,0.010506917,Train,Train
5659,0.04412722,Train,Train
5660,0.03171446,Train,Train
5661,0.020761898,Train,Train
5662,0.03060202,Train,Train
5663,0.032002784,Train,Train
5664,0.036886513,Train,Train
5665,0.039374977,Train,Train
5666,0.027655646,Train,Train
5667,0.061503414,Train,Train
5668,0.05254505,Train,Train
5669,0.050266854,Train,Train
5670,0.05700616,Train,Train
5671,0.052108202,Train,Train
5672,0.014023372,Train,Train
5673,0.05336583,Train,Train
5674,0.046071295,Train,Train
5675,0.03334601,Train,Train
5676,0.045504212,Train,Train
5677,0.029732982,Train,Train
5678,0.05341663,Train,Train
5679,0.029439589,Train,Train
5680,0.023806503,Train,Train
5681,0.049414914,Train,Train
5682,0.032272767,Train,Train
5683,0.044459388,Train,Train
5684,0.025585165,Train,Train
5685,0.036892265,Train,Train
5686,0.081190564,Train,Train
5687,0.041130576,Train,Train
5688,0.066719055,Train,Train
5689,0.035945944,Train,Train
5690,0.049761154,Train,Train
5691,0.038113467,Train,Train
5692,0.03703863,Train,Train
5693,0.04836266,Train,Train
5694,0.035846543,Train,Train
5695,0.041363955,Train,Train
5696,0.04373596,Train,Train
5697,0.038449917,Train,Train
5698,0.035647646,Train,Train
5699,0.0406468,Train,Train
5700,0.0392156,Train,Train
5701,0.024622226,Train,Train
5702,0.039874654,Train,Train
5703,0.039957054,Train,Train
5704,0.053258557,Train,Train
5705,0.04818621,Train,Train
5706,0.051104493,Train,Train
5707,0.0438131,Train,Train
5708,0.027227473,Train,Train
5709,0.024282197,Train,Train
5710,0.033319674,Train,Train
5711,0.02351889,Train,Train
5712,0.049397428,Train,Train
5713,0.058638286,Train,Train
5714,0.04040278,Train,Train
5715,0.044241663,Train,Train
5716,0.04445667,Train,Train
5717,0.034070514,Train,Train
5718,0.0355119,Train,Train
5719,0.04239731,Train,Train
5720,0.025088828,Train,Train
5721,0.037629697,Train,Train
5722,0.030102883,Train,Train
5723,0.04027086,Train,Train
5724,0.04080466,Train,Train
5725,0.032192074,Train,Train
5726,0.045290142,Train,Train
5727,0.038329955,Train,Train
5728,0.0411644,Train,Train
5729,0.021396961,Train,Train
5730,0.034865852,Train,Train
5731,0.039083157,Train,Train
5732,0.037259087,Train,Train
5733,0.044949695,Train,Train
5734,0.082418896,Train,Train
5735,0.03537575,Train,Train
5736,0.024592465,Train,Train
5737,0.04736065,Train,Train
5738,0.047406446,Train,Train
5739,0.03343606,Train,Train
5740,0.0486374,Train,Train
5741,0.046193223,Train,Train
5742,0.031753834,Train,Train
5743,0.035066687,Train,Train
5744,0.03192803,Train,Train
5745,0.056720637,Train,Train
5746,0.025067119,Train,Train
5747,0.042883698,Train,Train
5748,0.042542864,Train,Train
5749,0.041402247,Train,Train
5750,0.048408587,Train,Train
5751,0.023350047,Train,Train
5752,0.034453545,Train,Train
5753,0.03667611,Train,Train
5754,0.03989745,Train,Train
5755,0.03458586,Train,Train
5756,0.035763733,Train,Train
5757,0.01473511,Train,Train
5758,0.023615098,Train,Train
5759,0.033688836,Train,Train
5760,0.036992732,Train,Train
5761,0.025487771,Train,Train
5762,0.0503928,Train,Train
5763,0.06843387,Train,Train
5764,0.031127993,Train,Train
5765,0.0499316,Train,Train
5766,0.050996654,Train,Train
5767,0.024638567,Train,Train
5768,0.051946484,Train,Train
5769,0.03842444,Train,Train
5770,0.05647002,Train,Train
5771,0.027890692,Train,Train
5772,0.048615165,Train,Train
5773,0.041524258,Train,Train
5774,0.04129423,Train,Train
5775,0.026969397,Train,Train
5776,0.015627649,Train,Train
5777,0.05212817,Train,Train
5778,0.038689975,Train,Train
5779,0.03589107,Train,Train
5780,0.0450153,Train,Train
5781,0.067644276,Train,Train
5782,0.022853948,Train,Train
5783,0.037773963,Train,Train
5784,0.045261987,Train,Train
5785,0.058997873,Train,Train
5786,0.036668044,Train,Train
5787,0.03988016,Train,Train
5788,0.034360148,Train,Train
5789,0.045035,Train,Train
5790,0.05931178,Train,Train
5791,0.055652097,Train,Train
5792,0.049329907,Train,Train
5793,0.039853945,Train,Train
5794,0.0461825,Train,Train
5795,0.044644184,Train,Train
5796,0.026227448,Train,Train
5797,0.046254665,Train,Train
5798,0.058626823,Train,Train
5799,0.030895881,Train,Train
5800,0.026616814,Train,Train
5801,0.05118524,Train,Train
5802,0.040838324,Train,Train
5803,0.04538944,Train,Train
5804,0.028660385,Train,Train
5805,0.05431407,Train,Train
5806,0.021705465,Train,Train
5807,0.060870208,Train,Train
5808,0.027818576,Train,Train
5809,0.040889647,Train,Train
5810,0.04185632,Train,Train
5811,0.0417828,Train,Train
5812,0.032878302,Train,Train
5813,0.025140285,Train,Train
5814,0.02219072,Train,Train
5815,0.048424423,Train,Train
5816,0.035778604,Train,Train
5817,0.02338773,Train,Train
5818,0.046198506,Train,Train
5819,0.0374373,Train,Train
5820,0.044421934,Train,Train
5821,0.023101818,Train,Train
5822,0.039805677,Train,Train
5823,0.038492385,Train,Train
5824,0.032326125,Train,Train
5825,0.03969227,Train,Train
5826,0.02030285,Train,Train
5827,0.02498137,Train,Train
5828,0.030200828,Train,Train
5829,0.0354538,Train,Train
5830,0.037135717,Train,Train
5831,0.033535145,Train,Train
5832,0.05779466,Train,Train
5833,0.02575413,Train,Train
5834,0.03855841,Train,Train
5835,0.04364499,Train,Train
5836,0.047338814,Train,Train
5837,0.036681633,Train,Train
5838,0.028246814,Train,Train
5839,0.04100971,Train,Train
5840,0.022121742,Train,Train
5841,0.024879768,Train,Train
5842,0.024003554,Train,Train
5843,0.033547305,Train,Train
5844,0.048786014,Train,Train
5845,0.05642093,Train,Train
5846,0.06441701,Train,Train
5847,0.026703121,Train,Train
5848,0.045931548,Train,Train
5849,0.04341701,Train,Train
5850,0.03106693,Train,Train
5851,0.042784546,Train,Train
5852,0.030921347,Train,Train
5853,0.04267404,Train,Train
5854,0.025837637,Train,Train
5855,0.04392837,Train,Train
5856,0.017129334,Train,Train
5857,0.03247656,Train,Train
5858,0.024168381,Train,Train
5859,0.054844383,Train,Train
5860,0.04971078,Train,Train
5861,0.040606603,Train,Train
5862,0.02947839,Train,Train
5863,0.027829222,Train,Train
5864,0.026814524,Train,Train
5865,0.051015902,Train,Train
5866,0.047331482,Train,Train
5867,0.0377405,Train,Train
5868,0.044730145,Train,Train
5869,0.030933915,Train,Train
5870,0.016349768,Train,Train
5871,0.035383347,Train,Train
5872,0.039728463,Train,Train
5873,0.037639506,Train,Train
5874,0.048041657,Train,Train
5875,0.06687058,Train,Train
5876,0.08451371,Train,Train
5877,0.043331426,Train,Train
5878,0.024412742,Train,Train
5879,0.037429485,Train,Train
5880,0.06478455,Train,Train
5881,0.041872453,Train,Train
5882,0.02464896,Train,Train
5883,0.024395496,Train,Train
5884,0.052538436,Train,Train
5885,0.028065521,Train,Train
5886,0.025902404,Train,Train
5887,0.030333323,Train,Train
5888,0.022944776,Train,Train
5889,0.020290446,Train,Train
5890,0.035306897,Train,Train
5891,0.080166005,Train,Train
5892,0.023978243,Train,Train
5893,0.050748732,Train,Train
5894,0.027695376,Train,Train
5895,0.042686895,Train,Train
5896,0.018897643,Train,Train
5897,0.04175478,Train,Train
5898,0.037691277,Train,Train
5899,0.02059552,Train,Train
5900,0.020434467,Train,Train
5901,0.04815443,Train,Train
5902,0.0883828,Train,Train
5903,0.020628374,Train,Train
5904,0.059524443,Train,Train
5905,0.030613963,Train,Train
5906,0.024655968,Train,Train
5907,0.038435005,Train,Train
5908,0.04408576,Train,Train
5909,0.02419597,Train,Train
5910,0.032626413,Train,Train
5911,0.027387528,Train,Train
5912,0.0352409,Train,Train
5913,0.039963923,Train,Train
5914,0.030225256,Train,Train
5915,0.03595353,Train,Train
5916,0.022550462,Train,Train
5917,0.049263746,Train,Train
5918,0.077961184,Train,Train
5919,0.08151623,Train,Train
5920,0.051979527,Train,Train
5921,0.06336634,Train,Train
5922,0.023447176,Train,Train
5923,0.032190714,Train,Train
5924,0.020091938,Train,Train
5925,0.027633693,Train,Train
5926,0.08532477,Train,Train
5927,0.034209944,Train,Train
5928,0.030357068,Train,Train
5929,0.052820586,Train,Train
5930,0.03909113,Train,Train
5931,0.033822604,Train,Train
5932,0.040403534,Train,Train
5933,0.0631957,Train,Train
5934,0.016102957,Train,Train
5935,0.028227186,Train,Train
5936,0.01969488,Train,Train
5937,0.04173764,Train,Train
5938,0.017896468,Train,Train
5939,0.06495555,Train,Train
5940,0.044208013,Train,Train
5941,0.026880132,Train,Train
5942,0.03754644,Train,Train
5943,0.05107623,Train,Train
5944,0.047618363,Train,Train
5945,0.0196357,Train,Train
5946,0.04010925,Train,Train
5947,0.05218185,Train,Train
5948,0.02930013,Train,Train
5949,0.05490554,Train,Train
5950,0.04176758,Train,Train
5951,0.05210892,Train,Train
5952,0.05375955,Train,Train
5953,0.039064538,Train,Train
5954,0.04804278,Train,Train
5955,0.030135287,Train,Train
5956,0.04081455,Train,Train
5957,0.017952222,Train,Train
5958,0.027131528,Train,Train
5959,0.035568997,Train,Train
5960,0.03542154,Train,Train
5961,0.023425706,Train,Train
5962,0.038225744,Train,Train
5963,0.035357747,Train,Train
5964,0.04367145,Train,Train
5965,0.06969554,Train,Train
5966,0.03973238,Train,Train
5967,0.01729369,Train,Train
5968,0.03630228,Train,Train
5969,0.059871804,Train,Train
5970,0.021073483,Train,Train
5971,0.039176144,Train,Train
5972,0.04499815,Train,Train
5973,0.024591202,Train,Train
5974,0.049882844,Train,Train
5975,0.03313608,Train,Train
5976,0.041951742,Train,Train
5977,0.030899053,Train,Train
5978,0.047267575,Train,Train
5979,0.036849663,Train,Train
5980,0.05241059,Train,Train
5981,0.033875417,Train,Train
5982,0.040992294,Train,Train
5983,0.08046632,Train,Train
5984,0.043499403,Train,Train
5985,0.03891261,Train,Train
5986,0.043656472,Train,Train
5987,0.04256645,Train,Train
5988,0.03653314,Train,Train
5989,0.07596832,Train,Train
5990,0.03337189,Train,Train
5991,0.04575004,Train,Train
5992,0.035635736,Train,Train
5993,0.037320722,Train,Train
5994,0.059621237,Train,Train
5995,0.030400833,Train,Train
5996,0.06003647,Train,Train
5997,0.041842606,Train,Train
5998,0.0212167,Train,Train
5999,0.06267649,Train,Train
6000,0.061185088,Train,Train
6001,0.046764404,Train,Train
6002,0.06587898,Train,Train
6003,0.021226201,Train,Train
6004,0.028398365,Train,Train
6005,0.056233384,Train,Train
6006,0.0417548,Train,Train
6007,0.030218668,Train,Train
6008,0.052867636,Train,Train
6009,0.037390612,Train,Train
6010,0.050163444,Train,Train
6011,0.076641485,Train,Train
6012,0.044536766,Train,Train
6013,0.04328755,Train,Train
6014,0.044608,Train,Train
6015,0.017502995,Train,Train
6016,0.043178312,Train,Train
6017,0.03046639,Train,Train
6018,0.061584406,Train,Train
6019,0.024105068,Train,Train
6020,0.033132385,Train,Train
6021,0.018539341,Train,Train
6022,0.04514214,Train,Train
6023,0.040032946,Train,Train
6024,0.04958238,Train,Train
6025,0.03524774,Train,Train
6026,0.038070068,Train,Train
6027,0.039716296,Train,Train
6028,0.029934844,Train,Train
6029,0.02884364,Train,Train
6030,0.03886753,Train,Train
6031,0.037396614,Train,Train
6032,0.033814255,Train,Train
6033,0.057562716,Train,Train
6034,0.031944957,Train,Train
6035,0.028984582,Train,Train
6036,0.05071291,Train,Train
6037,0.04637178,Train,Train
6038,0.025796073,Train,Train
6039,0.03694006,Train,Train
6040,0.049409594,Train,Train
6041,0.03526637,Train,Train
6042,0.044414725,Train,Train
6043,0.039493315,Train,Train
6044,0.04636344,Train,Train
6045,0.027851293,Train,Train
6046,0.026738366,Train,Train
6047,0.07360531,Train,Train
6048,0.034765374,Train,Train
6049,0.05531955,Train,Train
6050,0.030084046,Train,Train
6051,0.028265415,Train,Train
6052,0.050209668,Train,Train
6053,0.03669564,Train,Train
6054,0.05002806,Train,Train
6055,0.013661216,Train,Train
6056,0.044885095,Train,Train
6057,0.07136568,Train,Train
6058,0.047378577,Train,Train
6059,0.023372518,Train,Train
6060,0.024591446,Train,Train
6061,0.030763295,Train,Train
6062,0.038969204,Train,Train
6063,0.027831243,Train,Train
6064,0.023929361,Train,Train
6065,0.050750587,Train,Train
6066,0.023426075,Train,Train
6067,0.048513744,Train,Train
6068,0.023676867,Train,Train
6069,0.021887839,Train,Train
6070,0.050145954,Train,Train
6071,0.029807013,Train,Train
6072,0.041655224,Train,Train
6073,0.014657588,Train,Train
6074,0.033742193,Train,Train
6075,0.028519519,Train,Train
6076,0.033700548,Train,Train
6077,0.028947609,Train,Train
6078,0.04903553,Train,Train
6079,0.044915654,Train,Train
6080,0.025241813,Train,Train
6081,0.03634398,Train,Train
6082,0.024680777,Train,Train
6083,0.038675778,Train,Train
6084,0.034366723,Train,Train
6085,0.03309376,Train,Train
6086,0.042123225,Train,Train
6087,0.0389496,Train,Train
6088,0.021380063,Train,Train
6089,0.029069789,Train,Train
6090,0.029284775,Train,Train
6091,0.0340744,Train,Train
6092,0.037929624,Train,Train
6093,0.035372123,Train,Train
6094,0.016303279,Train,Train
6095,0.05102709,Train,Train
6096,0.04214266,Train,Train
6097,0.018620692,Train,Train
6098,0.0361677,Train,Train
6099,0.026888384,Train,Train
6100,0.046157796,Train,Train
6101,0.05254903,Train,Train
6102,0.028715646,Train,Train
6103,0.039988913,Train,Train
6104,0.035948332,Train,Train
6105,0.080650434,Train,Train
6106,0.032648575,Train,Train
6107,0.03531128,Train,Train
6108,0.0452559,Train,Train
6109,0.041481726,Train,Train
6110,0.025101539,Train,Train
6111,0.054905728,Train,Train
6112,0.040401265,Train,Train
6113,0.024585275,Train,Train
6114,0.040539466,Train,Train
6115,0.042178452,Train,Train
6116,0.034355875,Train,Train
6117,0.05173705,Train,Train
6118,0.0674162,Train,Train
6119,0.031595882,Train,Train
6120,0.058395956,Train,Train
6121,0.024319274,Train,Train
6122,0.043623585,Train,Train
6123,0.026737178,Train,Train
6124,0.030230418,Train,Train
6125,0.050170377,Train,Train
6126,0.046527617,Train,Train
6127,0.018709358,Train,Train
6128,0.021394322,Train,Train
6129,0.044439197,Train,Train
6130,0.053743917,Train,Train
6131,0.059887085,Train,Train
6132,0.03946586,Train,Train
6133,0.05378766,Train,Train
6134,0.048188142,Train,Train
6135,0.043042697,Train,Train
6136,0.04495797,Train,Train
6137,0.042408396,Train,Train
6138,0.03252186,Train,Train
6139,0.050843168,Train,Train
6140,0.035920624,Train,Train
6141,0.045890037,Train,Train
6142,0.033112627,Train,Train
6143,0.025892163,Train,Train
6144,0.026237406,Train,Train
6145,0.04754223,Train,Train
6146,0.04906339,Train,Train
6147,0.020132639,Train,Train
6148,0.0316854,Train,Train
6149,0.04381218,Train,Train
6150,0.028828368,Train,Train
6151,0.03474105,Train,Train
6152,0.08398684,Train,Train
6153,0.025856605,Train,Train
6154,0.035454307,Train,Train
6155,0.019463487,Train,Train
6156,0.052249707,Train,Train
6157,0.035423733,Train,Train
6158,0.034019407,Train,Train
6159,0.016948331,Train,Train
6160,0.026595816,Train,Train
6161,0.02748811,Train,Train
6162,0.032185037,Train,Train
6163,0.029661302,Train,Train
6164,0.021641202,Train,Train
6165,0.04598439,Train,Train
6166,0.045268774,Train,Train
6167,0.037329033,Train,Train
6168,0.03859619,Train,Train
6169,0.042032328,Train,Train
6170,0.033747673,Train,Train
6171,0.032823473,Train,Train
6172,0.044376183,Train,Train
6173,0.042786118,Train,Train
6174,0.036857437,Train,Train
6175,0.03451377,Train,Train
6176,0.08751825,Train,Train
6177,0.029851438,Train,Train
6178,0.055485103,Train,Train
6179,0.045921147,Train,Train
6180,0.055089034,Train,Train
6181,0.025125094,Train,Train
6182,0.03137589,Train,Train
6183,0.043676224,Train,Train
6184,0.02843208,Train,Train
6185,0.08799594,Train,Train
6186,0.046760563,Train,Train
6187,0.049656257,Train,Train
6188,0.03402268,Train,Train
6189,0.043315794,Train,Train
6190,0.03883892,Train,Train
6191,0.039031137,Train,Train
6192,0.051599056,Train,Train
6193,0.028878432,Train,Train
6194,0.023105817,Train,Train
6195,0.035430435,Train,Train
6196,0.06795265,Train,Train
6197,0.05118298,Train,Train
6198,0.027053641,Train,Train
6199,0.086658046,Train,Train
6200,0.028243518,Train,Train
6201,0.022443647,Train,Train
6202,0.045445345,Train,Train
6203,0.04463189,Train,Train
6204,0.04472354,Train,Train
6205,0.050140463,Train,Train
6206,0.049227122,Train,Train
6207,0.04366807,Train,Train
6208,0.033898413,Train,Train
6209,0.03294239,Train,Train
6210,0.03611081,Train,Train
6211,0.044830192,Train,Train
6212,0.03925464,Train,Train
6213,0.048489217,Train,Train
6214,0.039571814,Train,Train
6215,0.021636324,Train,Train
6216,0.038603034,Train,Train
6217,0.059221987,Train,Train
6218,0.046763062,Train,Train
6219,0.043277547,Train,Train
6220,0.048841015,Train,Train
6221,0.03779714,Train,Train
6222,0.038800698,Train,Train
6223,0.051182576,Train,Train
6224,0.037579887,Train,Train
6225,0.038239386,Train,Train
6226,0.028186632,Train,Train
6227,0.031544495,Train,Train
6228,0.04244852,Train,Train
6229,0.026254494,Train,Train
6230,0.03230157,Train,Train
6231,0.026875583,Train,Train
6232,0.03798626,Train,Train
6233,0.049278338,Train,Train
6234,0.018991947,Train,Train
6235,0.035557646,Train,Train
6236,0.04613559,Train,Train
6237,0.054935545,Train,Train
6238,0.029850448,Train,Train
6239,0.016842186,Train,Train
6240,0.059798896,Train,Train
6241,0.040360786,Train,Train
6242,0.027707722,Train,Train
6243,0.04589709,Train,Train
6244,0.054244332,Train,Train
6245,0.03381542,Train,Train
6246,0.08060714,Train,Train
6247,0.0206204,Train,Train
6248,0.016785044,Train,Train
6249,0.04468943,Train,Train
6250,0.04585377,Train,Train
6251,0.034436505,Train,Train
6252,0.052091546,Train,Train
6253,0.041181542,Train,Train
6254,0.085921705,Train,Train
6255,0.016369447,Train,Train
6256,0.086427204,Train,Train
6257,0.034392036,Train,Train
6258,0.043014225,Train,Train
6259,0.043495372,Train,Train
6260,0.026099145,Train,Train
6261,0.043871917,Train,Train
6262,0.045080107,Train,Train
6263,0.026783459,Train,Train
6264,0.044174317,Train,Train
6265,0.022585148,Train,Train
6266,0.05623768,Train,Train
6267,0.056262698,Train,Train
6268,0.039565336,Train,Train
6269,0.038080033,Train,Train
6270,0.04185746,Train,Train
6271,0.022422608,Train,Train
6272,0.035724282,Train,Train
6273,0.034726705,Train,Train
6274,0.055046912,Train,Train
6275,0.041504063,Train,Train
6276,0.045662235,Train,Train
6277,0.05279083,Train,Train
6278,0.0329221,Train,Train
6279,0.058261286,Train,Train
6280,0.033971693,Train,Train
6281,0.030040825,Train,Train
6282,0.048561305,Train,Train
6283,0.044276547,Train,Train
6284,0.022843702,Train,Train
6285,0.04357279,Train,Train
6286,0.036640223,Train,Train
6287,0.049170237,Train,Train
6288,0.019065917,Train,Train
6289,0.03754535,Train,Train
6290,0.029701067,Train,Train
6291,0.04316426,Train,Train
6292,0.054777242,Train,Train
6293,0.021355355,Train,Train
6294,0.031486563,Train,Train
6295,0.060970176,Train,Train
6296,0.04580041,Train,Train
6297,0.061470147,Train,Train
6298,0.05460511,Train,Train
6299,0.04216714,Train,Train
6300,0.03680747,Train,Train
6301,0.046459153,Train,Train
6302,0.045258753,Train,Train
6303,0.030623274,Train,Train
6304,0.029661184,Train,Train
6305,0.05613855,Train,Train
6306,0.054793335,Train,Train
6307,0.04777737,Train,Train
6308,0.058200926,Train,Train
6309,0.033366453,Train,Train
6310,0.021550244,Train,Train
6311,0.034534786,Train,Train
6312,0.048003413,Train,Train
6313,0.05320851,Train,Train
6314,0.037253905,Train,Train
6315,0.025839262,Train,Train
6316,0.041212138,Train,Train
6317,0.01989387,Train,Train
6318,0.040276103,Train,Train
6319,0.04812207,Train,Train
6320,0.031193668,Train,Train
6321,0.054716766,Train,Train
6322,0.053541966,Train,Train
6323,0.037174918,Train,Train
6324,0.0575445,Train,Train
6325,0.024397723,Train,Train
6326,0.039874006,Train,Train
6327,0.026079858,Train,Train
6328,0.037992656,Train,Train
6329,0.06178033,Train,Train
6330,0.039432075,Train,Train
6331,0.04444108,Train,Train
6332,0.03631956,Train,Train
6333,0.03760036,Train,Train
6334,0.049815845,Train,Train
6335,0.01954987,Train,Train
6336,0.03704995,Train,Train
6337,0.030791648,Train,Train
6338,0.035411265,Train,Train
6339,0.041568816,Train,Train
6340,0.026372643,Train,Train
6341,0.026402041,Train,Train
6342,0.058300354,Train,Train
6343,0.031157993,Train,Train
6344,0.04293397,Train,Train
6345,0.0220613,Train,Train
6346,0.045205895,Train,Train
6347,0.043066803,Train,Train
6348,0.03421779,Train,Train
6349,0.047930274,Train,Train
6350,0.04846555,Train,Train
6351,0.041299164,Train,Train
6352,0.05123702,Train,Train
6353,0.054457728,Train,Train
6354,0.027750602,Train,Train
6355,0.05645081,Train,Train
6356,0.029248528,Train,Train
6357,0.046428986,Train,Train
6358,0.04810264,Train,Train
6359,0.021573797,Train,Train
6360,0.027877567,Train,Train
6361,0.040195074,Train,Train
6362,0.045626167,Train,Train
6363,0.028689332,Train,Train
6364,0.02853014,Train,Train
6365,0.0410496,Train,Train
6366,0.045024734,Train,Train
6367,0.053245366,Train,Train
6368,0.031835333,Train,Train
6369,0.039558224,Train,Train
6370,0.036972467,Train,Train
6371,0.03408812,Train,Train
6372,0.039707474,Train,Train
6373,0.04397254,Train,Train
6374,0.021708533,Train,Train
6375,0.045431558,Train,Train
6376,0.054212485,Train,Train
6377,0.029190943,Train,Train
6378,0.03651626,Train,Train
6379,0.039623644,Train,Train
6380,0.058053114,Train,Train
6381,0.04364806,Train,Train
6382,0.049082655,Train,Train
6383,0.03892714,Train,Train
6384,0.024288068,Train,Train
6385,0.04166808,Train,Train
6386,0.04250859,Train,Train
6387,0.03834666,Train,Train
6388,0.039668407,Train,Train
6389,0.06606733,Train,Train
6390,0.019171856,Train,Train
6391,0.030487582,Train,Train
6392,0.0443154,Train,Train
6393,0.045255784,Train,Train
6394,0.060861878,Train,Train
6395,0.02841869,Train,Train
6396,0.030104656,Train,Train
6397,0.049882613,Train,Train
6398,0.030543832,Train,Train
6399,0.04968577,Train,Train
6400,0.02025838,Train,Train
6401,0.04555206,Train,Train
6402,0.05271987,Train,Train
6403,0.03245337,Train,Train
6404,0.02360775,Train,Train
6405,0.031050546,Train,Train
6406,0.04045246,Train,Train
6407,0.026011238,Train,Train
6408,0.056423362,Train,Train
6409,0.0356843,Train,Train
6410,0.04140225,Train,Train
6411,0.053595822,Train,Train
6412,0.033944078,Train,Train
6413,0.01999156,Train,Train
6414,0.033691257,Train,Train
6415,0.029796842,Train,Train
6416,0.033224825,Train,Train
6417,0.051758613,Train,Train
6418,0.034800366,Train,Train
6419,0.026463153,Train,Train
6420,0.054507703,Train,Train
6421,0.043114744,Train,Train
6422,0.03396954,Train,Train
6423,0.024430031,Train,Train
6424,0.049051367,Train,Train
6425,0.016780932,Train,Train
6426,0.026031772,Train,Train
6427,0.031055702,Train,Train
6428,0.016771233,Train,Train
6429,0.057870943,Train,Train
6430,0.04418839,Train,Train
6431,0.032194275,Train,Train
6432,0.03294812,Train,Train
6433,0.04607632,Train,Train
6434,0.037371516,Train,Train
6435,0.079395615,Train,Train
6436,0.042014364,Train,Train
6437,0.022088148,Train,Train
6438,0.020699814,Train,Train
6439,0.030706353,Train,Train
6440,0.020586176,Train,Train
6441,0.037925985,Train,Train
6442,0.029545667,Train,Train
6443,0.048907164,Train,Train
6444,0.04369404,Train,Train
6445,0.021904303,Train,Train
6446,0.04797808,Train,Train
6447,0.027536087,Train,Train
6448,0.07742928,Train,Train
6449,0.040345218,Train,Train
6450,0.0834644,Train,Train
6451,0.022541033,Train,Train
6452,0.03883209,Train,Train
6453,0.026774598,Train,Train
6454,0.03821838,Train,Train
6455,0.021370402,Train,Train
6456,0.034495898,Train,Train
6457,0.04980047,Train,Train
6458,0.03607995,Train,Train
6459,0.039925147,Train,Train
6460,0.021736728,Train,Train
6461,0.03897769,Train,Train
6462,0.045048147,Train,Train
6463,0.035841428,Train,Train
6464,0.01436203,Train,Train
6465,0.049005423,Train,Train
6466,0.020182356,Train,Train
6467,0.057204537,Train,Train
6468,0.04851922,Train,Train
6469,0.04131808,Train,Train
6470,0.042562477,Train,Train
6471,0.048472345,Train,Train
6472,0.021306153,Train,Train
6473,0.030687824,Train,Train
6474,0.037038993,Train,Train
6475,0.018810427,Train,Train
6476,0.03334532,Train,Train
6477,0.04607984,Train,Train
6478,0.08721777,Train,Train
6479,0.04158382,Train,Train
6480,0.049294394,Train,Train
6481,0.041668065,Train,Train
6482,0.04925524,Train,Train
6483,0.061899807,Train,Train
6484,0.03724548,Train,Train
6485,0.020050364,Train,Train
6486,0.050631545,Train,Train
6487,0.047419734,Train,Train
6488,0.04427949,Train,Train
6489,0.041197624,Train,Train
6490,0.059877083,Train,Train
6491,0.021718113,Train,Train
6492,0.035749745,Train,Train
6493,0.02568203,Train,Train
6494,0.054341603,Train,Train
6495,0.029960947,Train,Train
6496,0.047301248,Train,Train
6497,0.022140644,Train,Train
6498,0.043138217,Train,Train
6499,0.051296506,Train,Train
6500,0.07659088,Train,Train
6501,0.046330724,Train,Train
6502,0.035559896,Train,Train
6503,0.024184247,Train,Train
6504,0.052524596,Train,Train
6505,0.035574898,Train,Train
6506,0.049127754,Train,Train
6507,0.038429104,Train,Train
6508,0.044733707,Train,Train
6509,0.023963805,Train,Train
6510,0.04838329,Train,Train
6511,0.06285953,Train,Train
6512,0.033174086,Train,Train
6513,0.019207416,Train,Train
6514,0.02573257,Train,Train
6515,0.05131218,Train,Train
6516,0.022837333,Train,Train
6517,0.035330907,Train,Train
6518,0.035246942,Train,Train
6519,0.047689896,Train,Train
6520,0.03636595,Train,Train
6521,0.051619235,Train,Train
6522,0.021433398,Train,Train
6523,0.04838335,Train,Train
6524,0.028751671,Train,Train
6525,0.045619935,Train,Train
6526,0.05432404,Train,Train
6527,0.038255874,Train,Train
6528,0.080952145,Train,Train
6529,0.026476318,Train,Train
6530,0.04564253,Train,Train
6531,0.044184685,Train,Train
6532,0.024681408,Train,Train
6533,0.025275908,Train,Train
6534,0.040140625,Train,Train
6535,0.027261958,Train,Train
6536,0.022075059,Train,Train
6537,0.04221178,Train,Train
6538,0.0517694,Train,Train
6539,0.052236658,Train,Train
6540,0.049513597,Train,Train
6541,0.043539476,Train,Train
6542,0.040078778,Train,Train
6543,0.014127244,Train,Train
6544,0.035903133,Train,Train
6545,0.041124944,Train,Train
6546,0.0444275,Train,Train
6547,0.05075476,Train,Train
6548,0.051941022,Train,Train
6549,0.02857508,Train,Train
6550,0.058367968,Train,Train
6551,0.08198512,Train,Train
6552,0.041992847,Train,Train
6553,0.04185883,Train,Train
6554,0.035276376,Train,Train
6555,0.034245964,Train,Train
6556,0.030918678,Train,Train
6557,0.03519828,Train,Train
6558,0.027285315,Train,Train
6559,0.035714917,Train,Train
6560,0.0368005,Train,Train
6561,0.036930453,Train,Train
6562,0.036424253,Train,Train
6563,0.045395363,Train,Train
6564,0.03593748,Train,Train
6565,0.04570406,Train,Train
6566,0.04305097,Train,Train
6567,0.04400994,Train,Train
6568,0.08910439,Train,Train
6569,0.0338631,Train,Train
6570,0.040835224,Train,Train
6571,0.0328461,Train,Train
6572,0.049279645,Train,Train
6573,0.03265663,Train,Train
6574,0.035941843,Train,Train
6575,0.040469017,Train,Train
6576,0.08204419,Train,Train
6577,0.04558516,Train,Train
6578,0.016296633,Train,Train
6579,0.028635005,Train,Train
6580,0.04492074,Train,Train
6581,0.05407654,Train,Train
6582,0.05523205,Train,Train
6583,0.040211767,Train,Train
6584,0.04310551,Train,Train
6585,0.041168924,Train,Train
6586,0.056665525,Train,Train
6587,0.029632045,Train,Train
6588,0.03661833,Train,Train
6589,0.03318435,Train,Train
6590,0.04684866,Train,Train
6591,0.030413808,Train,Train
6592,0.035708718,Train,Train
6593,0.044230517,Train,Train
6594,0.01839073,Train,Train
6595,0.025043987,Train,Train
6596,0.039200388,Train,Train
6597,0.082223326,Train,Train
6598,0.04243672,Train,Train
6599,0.041700996,Train,Train
6600,0.021928512,Train,Train
6601,0.033267144,Train,Train
6602,0.020638105,Train,Train
6603,0.047542494,Train,Train
6604,0.046126526,Train,Train
6605,0.050210394,Train,Train
6606,0.042274687,Train,Train
6607,0.027858447,Train,Train
6608,0.02580087,Train,Train
6609,0.029886238,Train,Train
6610,0.024969649,Train,Train
6611,0.08026888,Train,Train
6612,0.05461236,Train,Train
6613,0.026685176,Train,Train
6614,0.046555392,Train,Train
6615,0.027954457,Train,Train
6616,0.046480164,Train,Train
6617,0.05333052,Train,Train
6618,0.04195874,Train,Train
6619,0.023902124,Train,Train
6620,0.0336887,Train,Train
6621,0.024885414,Train,Train
6622,0.05080226,Train,Train
6623,0.031236999,Train,Train
6624,0.033468463,Train,Train
6625,0.035345156,Train,Train
6626,0.031707276,Train,Train
6627,0.048503447,Train,Train
6628,0.042455982,Train,Train
6629,0.026917337,Train,Train
6630,0.027650716,Train,Train
6631,0.036622968,Train,Train
6632,0.07136067,Train,Train
6633,0.027538575,Train,Train
6634,0.032843396,Train,Train
6635,0.020460943,Train,Train
6636,0.0194728,Train,Train
6637,0.0225044,Train,Train
6638,0.043099687,Train,Train
6639,0.04144928,Train,Train
6640,0.0335986,Train,Train
6641,0.050237756,Train,Train
6642,0.04484875,Train,Train
6643,0.045456905,Train,Train
6644,0.025032137,Train,Train
6645,0.030353092,Train,Train
6646,0.03756609,Train,Train
6647,0.0532724,Train,Train
6648,0.036167488,Train,Train
6649,0.031522207,Train,Train
6650,0.04822499,Train,Train
6651,0.057142813,Train,Train
6652,0.039897624,Train,Train
6653,0.033895224,Train,Train
6654,0.045092672,Train,Train
6655,0.08534209,Train,Train
6656,0.025937924,Train,Train
6657,0.04460286,Train,Train
6658,0.05311117,Train,Train
6659,0.026392592,Train,Train
6660,0.04231793,Train,Train
6661,0.06277865,Train,Train
6662,0.026070459,Train,Train
6663,0.039851844,Train,Train
6664,0.02441905,Train,Train
6665,0.041087072,Train,Train
6666,0.03109261,Train,Train
6667,0.05269797,Train,Train
6668,0.02894769,Train,Train
6669,0.038753904,Train,Train
6670,0.048591077,Train,Train
6671,0.04560185,Train,Train
6672,0.029819274,Train,Train
6673,0.04804453,Train,Train
6674,0.03400977,Train,Train
6675,0.041131843,Train,Train
6676,0.035364192,Train,Train
6677,0.042719748,Train,Train
6678,0.05964126,Train,Train
6679,0.045861233,Train,Train
6680,0.038784724,Train,Train
6681,0.045429643,Train,Train
6682,0.0718952,Train,Train
6683,0.034824688,Train,Train
6684,0.055009972,Train,Train
6685,0.035740722,Train,Train
6686,0.031937424,Train,Train
6687,0.028214185,Train,Train
6688,0.03195832,Train,Train
6689,0.033643275,Train,Train
6690,0.043534085,Train,Train
6691,0.04770359,Train,Train
6692,0.03659936,Train,Train
6693,0.042184085,Train,Train
6694,0.04149953,Train,Train
6695,0.036857285,Train,Train
6696,0.0390661,Train,Train
6697,0.021565603,Train,Train
6698,0.025386468,Train,Train
6699,0.03073814,Train,Train
6700,0.032471534,Train,Train
6701,0.022833098,Train,Train
6702,0.02910936,Train,Train
6703,0.03673241,Train,Train
6704,0.027737482,Train,Train
6705,0.04878054,Train,Train
6706,0.038229715,Train,Train
6707,0.032989807,Train,Train
6708,0.033860322,Train,Train
6709,0.03505198,Train,Train
6710,0.03843275,Train,Train
6711,0.05432893,Train,Train
6712,0.06436164,Train,Train
6713,0.025494248,Train,Train
6714,0.050758217,Train,Train
6715,0.036075093,Train,Train
6716,0.019566633,Train,Train
6717,0.047277905,Train,Train
6718,0.04198805,Train,Train
6719,0.041963156,Train,Train
6720,0.021482259,Train,Train
6721,0.04111528,Train,Train
6722,0.029106438,Train,Train
6723,0.03707817,Train,Train
6724,0.078396685,Train,Train
6725,0.037947446,Train,Train
6726,0.033316534,Train,Train
6727,0.04832755,Train,Train
6728,0.03422225,Train,Train
6729,0.07006962,Train,Train
6730,0.042698834,Train,Train
6731,0.028716026,Train,Train
6732,0.018114118,Train,Train
6733,0.020856403,Train,Train
6734,0.032384425,Train,Train
6735,0.028784275,Train,Train
6736,0.03725515,Train,Train
6737,0.04352455,Train,Train
6738,0.04365419,Train,Train
6739,0.025104448,Train,Train
6740,0.043722108,Train,Train
6741,0.05312294,Train,Train
6742,0.045028433,Train,Train
6743,0.045191832,Train,Train
6744,0.028393006,Train,Train
6745,0.044743452,Train,Train
6746,0.035363905,Train,Train
6747,0.021756653,Train,Train
6748,0.022985261,Train,Train
6749,0.032889377,Train,Train
6750,0.039161388,Train,Train
6751,0.0400661,Train,Train
6752,0.04844894,Train,Train
6753,0.020270336,Train,Train
6754,0.030852372,Train,Train
6755,0.043281183,Train,Train
6756,0.041358463,Train,Train
6757,0.022437949,Train,Train
6758,0.054304298,Train,Train
6759,0.046342973,Train,Train
6760,0.042398095,Train,Train
6761,0.050294593,Train,Train
6762,0.05828428,Train,Train
6763,0.049904518,Train,Train
6764,0.03580458,Train,Train
6765,0.038043093,Train,Train
6766,0.036176037,Train,Train
6767,0.047568686,Train,Train
6768,0.042040367,Train,Train
6769,0.035838015,Train,Train
6770,0.028197197,Train,Train
6771,0.037049577,Train,Train
6772,0.03307299,Train,Train
6773,0.016984064,Train,Train
6774,0.0585646,Train,Train
6775,0.039065294,Train,Train
6776,0.019258892,Train,Train
6777,0.028619189,Train,Train
6778,0.034895007,Train,Train
6779,0.022322103,Train,Train
6780,0.055308964,Train,Train
6781,0.025397057,Train,Train
6782,0.03238211,Train,Train
6783,0.055275638,Train,Train
6784,0.022628574,Train,Train
6785,0.02733151,Train,Train
6786,0.03720616,Train,Train
6787,0.04029974,Train,Train
6788,0.017569669,Train,Train
6789,0.050524928,Train,Train
6790,0.05542214,Train,Train
6791,0.047737792,Train,Train
6792,0.027531013,Train,Train
6793,0.0694694,Train,Train
6794,0.02403282,Train,Train
6795,0.03421171,Train,Train
6796,0.0430718,Train,Train
6797,0.017384822,Train,Train
6798,0.032148495,Train,Train
6799,0.044023264,Train,Train
6800,0.03271961,Train,Train
6801,0.051790394,Train,Train
6802,0.03484827,Train,Train
6803,0.032855254,Train,Train
6804,0.04581234,Train,Train
6805,0.03345834,Train,Train
6806,0.04235803,Train,Train
6807,0.038728647,Train,Train
6808,0.036316786,Train,Train
6809,0.045663185,Train,Train
6810,0.03756994,Train,Train
6811,0.047410857,Train,Train
6812,0.045483,Train,Train
6813,0.030488767,Train,Train
6814,0.046906628,Train,Train
6815,0.023371385,Train,Train
6816,0.024822144,Train,Train
6817,0.06463912,Train,Train
6818,0.03577626,Train,Train
6819,0.047664046,Train,Train
6820,0.04186354,Train,Train
6821,0.040210027,Train,Train
6822,0.04338325,Train,Train
6823,0.04008325,Train,Train
6824,0.055536535,Train,Train
6825,0.05509331,Train,Train
6826,0.018004442,Train,Train
6827,0.04302529,Train,Train
6828,0.03861213,Train,Train
6829,0.049853966,Train,Train
6830,0.027117424,Train,Train
6831,0.023116332,Train,Train
6832,0.053670615,Train,Train
6833,0.047412276,Train,Train
6834,0.024932316,Train,Train
6835,0.048330694,Train,Train
6836,0.023160748,Train,Train
6837,0.048282478,Train,Train
6838,0.022008218,Train,Train
6839,0.031951986,Train,Train
6840,0.040760808,Train,Train
6841,0.04712118,Train,Train
6842,0.019120274,Train,Train
6843,0.02169669,Train,Train
6844,0.023090634,Train,Train
6845,0.02891814,Train,Train
6846,0.042403594,Train,Train
6847,0.051361363,Train,Train
6848,0.027928406,Train,Train
6849,0.02550931,Train,Train
6850,0.056010798,Train,Train
6851,0.04288649,Train,Train
6852,0.043980524,Train,Train
6853,0.04447556,Train,Train
6854,0.048718706,Train,Train
6855,0.045261312,Train,Train
6856,0.037439052,Train,Train
6857,0.0809291,Train,Train
6858,0.039823312,Train,Train
6859,0.04084678,Train,Train
6860,0.050839804,Train,Train
6861,0.031710047,Train,Train
6862,0.058008347,Train,Train
6863,0.017955964,Train,Train
6864,0.026410371,Train,Train
6865,0.043509107,Train,Train
6866,0.018323522,Train,Train
6867,0.04267811,Train,Train
6868,0.056103483,Train,Train
6869,0.036846694,Train,Train
6870,0.044457745,Train,Train
6871,0.029737355,Train,Train
6872,0.0456792,Train,Train
6873,0.02074311,Train,Train
6874,0.057465196,Train,Train
6875,0.037318487,Train,Train
6876,0.030441673,Train,Train
6877,0.03437501,Train,Train
6878,0.031925764,Train,Train
6879,0.051118948,Train,Train
6880,0.04258373,Train,Train
6881,0.023423452,Train,Train
6882,0.030554496,Train,Train
6883,0.04135377,Train,Train
6884,0.038663946,Train,Train
6885,0.05503632,Train,Train
6886,0.044561893,Train,Train
6887,0.04036056,Train,Train
6888,0.035822347,Train,Train
6889,0.0537862,Train,Train
6890,0.035054825,Train,Train
6891,0.02664008,Train,Train
6892,0.043029103,Train,Train
6893,0.059095006,Train,Train
6894,0.032288082,Train,Train
6895,0.08435152,Train,Train
6896,0.049852908,Train,Train
6897,0.042637885,Train,Train
6898,0.032635164,Train,Train
6899,0.037380133,Train,Train
6900,0.02647293,Train,Train
6901,0.03307778,Train,Train
6902,0.038251244,Train,Train
6903,0.040073454,Train,Train
6904,0.047975697,Train,Train
6905,0.043786373,Train,Train
6906,0.030116973,Train,Train
6907,0.061015263,Train,Train
6908,0.050049104,Train,Train
6909,0.03538534,Train,Train
6910,0.034782324,Train,Train
6911,0.03865101,Train,Train
6912,0.02822506,Train,Train
6913,0.040832825,Train,Train
6914,0.034156855,Train,Train
6915,0.049582228,Train,Train
6916,0.051514126,Train,Train
6917,0.033532444,Train,Train
6918,0.029376743,Train,Train
6919,0.037430458,Train,Train
6920,0.060885686,Train,Train
6921,0.035677113,Train,Train
6922,0.031033717,Train,Train
6923,0.026598144,Train,Train
6924,0.05083015,Train,Train
6925,0.047526162,Train,Train
6926,0.017035428,Train,Train
6927,0.025123963,Train,Train
6928,0.032830838,Train,Train
6929,0.05318444,Train,Train
6930,0.035656534,Train,Train
6931,0.048241265,Train,Train
6932,0.034503702,Train,Train
6933,0.054188266,Train,Train
6934,0.05584918,Train,Train
6935,0.034776032,Train,Train
6936,0.03931451,Train,Train
6937,0.05097119,Train,Train
6938,0.033297468,Train,Train
6939,0.05182046,Train,Train
6940,0.04017597,Train,Train
6941,0.030891174,Train,Train
6942,0.05282895,Train,Train
6943,0.019394474,Train,Train
6944,0.02279539,Train,Train
6945,0.03822756,Train,Train
6946,0.056300648,Train,Train
6947,0.032285955,Train,Train
6948,0.051753134,Train,Train
6949,0.028015943,Train,Train
6950,0.035605732,Train,Train
6951,0.051766526,Train,Train
6952,0.07790774,Train,Train
6953,0.03028375,Train,Train
6954,0.027316483,Train,Train
6955,0.044505693,Train,Train
6956,0.053295504,Train,Train
6957,0.034159236,Train,Train
6958,0.03325827,Train,Train
6959,0.037952233,Train,Train
6960,0.041959383,Train,Train
6961,0.0467467,Train,Train
6962,0.03717016,Train,Train
6963,0.04841367,Train,Train
6964,0.029286902,Train,Train
6965,0.029867243,Train,Train
6966,0.047393326,Train,Train
6967,0.043837223,Train,Train
6968,0.05263646,Train,Train
6969,0.039941162,Train,Train
6970,0.04194062,Train,Train
6971,0.05066967,Train,Train
6972,0.03722666,Train,Train
6973,0.0404695,Train,Train
6974,0.049974218,Train,Train
6975,0.023567628,Train,Train
6976,0.052034598,Train,Train
6977,0.039230052,Train,Train
6978,0.036471445,Train,Train
6979,0.023227194,Train,Train
6980,0.03329208,Train,Train
6981,0.021436598,Train,Train
6982,0.048192076,Train,Train
6983,0.03599689,Train,Train
6984,0.05069139,Train,Train
6985,0.06111385,Train,Train
6986,0.031338025,Train,Train
6987,0.047481295,Train,Train
6988,0.046160914,Train,Train
6989,0.02522945,Train,Train
6990,0.028478824,Train,Train
6991,0.038627896,Train,Train
6992,0.032037124,Train,Train
6993,0.053744998,Train,Train
6994,0.035802737,Train,Train
6995,0.04127785,Train,Train
6996,0.04587007,Train,Train
6997,0.041613787,Train,Train
6998,0.04441566,Train,Train
6999,0.025098907,Train,Train
7000,0.07052878,Train,Train
7001,0.026511531,Train,Train
7002,0.032682028,Train,Train
7003,0.030338962,Train,Train
7004,0.038178474,Train,Train
7005,0.031841088,Train,Train
7006,0.04800729,Train,Train
7007,0.041435346,Train,Train
7008,0.040594127,Train,Train
7009,0.041845687,Train,Train
7010,0.03275013,Train,Train
7011,0.039083388,Train,Train
7012,0.031855542,Train,Train
7013,0.04414269,Train,Train
7014,0.047331993,Train,Train
7015,0.06452081,Train,Train
7016,0.055924382,Train,Train
7017,0.029781898,Train,Train
7018,0.04260674,Train,Train
7019,0.020103438,Train,Train
7020,0.052948304,Train,Train
7021,0.037694562,Train,Train
7022,0.022369556,Train,Train
7023,0.016865542,Train,Train
7024,0.041024152,Train,Train
7025,0.045777366,Train,Train
7026,0.033424396,Train,Train
7027,0.051872943,Train,Train
7028,0.038642522,Train,Train
7029,0.04544059,Train,Train
7030,0.029596355,Train,Train
7031,0.03962828,Train,Train
7032,0.030071732,Train,Train
7033,0.03139183,Train,Train
7034,0.027449407,Train,Train
7035,0.046813875,Train,Train
7036,0.040015493,Train,Train
7037,0.03676731,Train,Train
7038,0.03667286,Train,Train
7039,0.043648224,Train,Train
7040,0.0512998,Train,Train
7041,0.046614412,Train,Train
7042,0.028225781,Train,Train
7043,0.06381842,Train,Train
7044,0.052888732,Train,Train
7045,0.04259218,Train,Train
7046,0.04484015,Train,Train
7047,0.03678313,Train,Train
7048,0.055758882,Train,Train
7049,0.026559811,Train,Train
7050,0.039348025,Train,Train
7051,0.048256077,Train,Train
7052,0.036036212,Train,Train
7053,0.038101792,Train,Train
7054,0.049149185,Train,Train
7055,0.0305892,Train,Train
7056,0.054530382,Train,Train
7057,0.043557145,Train,Train
7058,0.046135377,Train,Train
7059,0.02039841,Train,Train
7060,0.044382736,Train,Train
7061,0.062533446,Train,Train
7062,0.044039782,Train,Train
7063,0.03400578,Train,Train
7064,0.03150955,Train,Train
7065,0.041242514,Train,Train
7066,0.032066196,Train,Train
7067,0.0523947,Train,Train
7068,0.04586437,Train,Train
7069,0.025038343,Train,Train
7070,0.03550287,Train,Train
7071,0.038169377,Train,Train
7072,0.040886585,Train,Train
7073,0.032706194,Train,Train
7074,0.07447337,Train,Train
7075,0.043288853,Train,Train
7076,0.014034628,Train,Train
7077,0.027593024,Train,Train
7078,0.0808543,Train,Train
7079,0.0493639,Train,Train
7080,0.021725988,Train,Train
7081,0.034712102,Train,Train
7082,0.027311591,Train,Train
7083,0.024787575,Train,Train
7084,0.028278155,Train,Train
7085,0.080754094,Train,Train
7086,0.044369403,Train,Train
7087,0.04417165,Train,Train
7088,0.05615622,Train,Train
7089,0.014849701,Train,Train
7090,0.0557828,Train,Train
7091,0.037919745,Train,Train
7092,0.040752463,Train,Train
7093,0.07870972,Train,Train
7094,0.06337182,Train,Train
7095,0.028442388,Train,Train
7096,0.04078547,Train,Train
7097,0.02256523,Train,Train
7098,0.047668125,Train,Train
7099,0.03195924,Train,Train
7100,0.03698821,Train,Train
7101,0.049135603,Train,Train
7102,0.07699743,Train,Train
7103,0.04309684,Train,Train
7104,0.026254995,Train,Train
7105,0.04231345,Train,Train
7106,0.035535693,Train,Train
7107,0.018011212,Train,Train
7108,0.044314876,Train,Train
7109,0.055585925,Train,Train
7110,0.05201246,Train,Train
7111,0.046350427,Train,Train
7112,0.034423154,Train,Train
7113,0.038519632,Train,Train
7114,0.045724694,Train,Train
7115,0.040835433,Train,Train
7116,0.042601466,Train,Train
7117,0.019202828,Train,Train
7118,0.035467204,Train,Train
7119,0.035313442,Train,Train
7120,0.018576903,Train,Train
7121,0.046858396,Train,Train
7122,0.041523512,Train,Train
7123,0.03634262,Train,Train
7124,0.043464053,Train,Train
7125,0.050501995,Train,Train
7126,0.03640156,Train,Train
7127,0.03950009,Train,Train
7128,0.037306007,Train,Train
7129,0.036658376,Train,Train
7130,0.01910673,Train,Train
7131,0.029906275,Train,Train
7132,0.045339707,Train,Train
7133,0.041033298,Train,Train
7134,0.022710469,Train,Train
7135,0.03713611,Train,Train
7136,0.023122443,Train,Train
7137,0.077173285,Train,Train
7138,0.034573574,Train,Train
7139,0.044962812,Train,Train
7140,0.04980124,Train,Train
7141,0.04447603,Train,Train
7142,0.032820072,Train,Train
7143,0.053388126,Train,Train
7144,0.024415635,Train,Train
7145,0.047008988,Train,Train
7146,0.027392361,Train,Train
7147,0.048878133,Train,Train
7148,0.052262466,Train,Train
7149,0.03695554,Train,Train
7150,0.041419916,Train,Train
7151,0.038409907,Train,Train
7152,0.031330466,Train,Train
7153,0.052560296,Train,Train
7154,0.033119448,Train,Train
7155,0.04310203,Train,Train
7156,0.038188316,Train,Train
7157,0.024376959,Train,Train
7158,0.08702186,Train,Train
7159,0.029135635,Train,Train
7160,0.042429104,Train,Train
7161,0.05668209,Train,Train
7162,0.040818296,Train,Train
7163,0.027367273,Train,Train
7164,0.04029902,Train,Train
7165,0.037344765,Train,Train
7166,0.035392813,Train,Train
7167,0.024601987,Train,Train
7168,0.060965646,Train,Train
7169,0.029286413,Train,Train
7170,0.047762387,Train,Train
7171,0.034682475,Train,Train
7172,0.04876925,Train,Train
7173,0.043139737,Train,Train
7174,0.054905046,Train,Train
7175,0.053634685,Train,Train
7176,0.030599657,Train,Train
7177,0.03716186,Train,Train
7178,0.045137987,Train,Train
7179,0.044978403,Train,Train
7180,0.035454612,Train,Train
7181,0.025026742,Train,Train
7182,0.02693669,Train,Train
7183,0.04303722,Train,Train
7184,0.03576555,Train,Train
7185,0.04409852,Train,Train
7186,0.029301863,Train,Train
7187,0.04073915,Train,Train
7188,0.045985486,Train,Train
7189,0.04440719,Train,Train
7190,0.030544877,Train,Train
7191,0.039727032,Train,Train
7192,0.03341718,Train,Train
7193,0.028771212,Train,Train
7194,0.035632372,Train,Train
7195,0.07765388,Train,Train
7196,0.021273613,Train,Train
7197,0.054375526,Train,Train
7198,0.045754924,Train,Train
7199,0.054565117,Train,Train
7200,0.025067858,Train,Train
7201,0.056624167,Train,Train
7202,0.025948677,Train,Train
7203,0.0748454,Train,Train
7204,0.042568665,Train,Train
7205,0.036841046,Train,Train
7206,0.030096274,Train,Train
7207,0.034693815,Train,Train
7208,0.03932091,Train,Train
7209,0.074381955,Train,Train
7210,0.03068089,Train,Train
7211,0.08201055,Train,Train
7212,0.031745847,Train,Train
7213,0.044802107,Train,Train
7214,0.029365247,Train,Train
7215,0.08324519,Train,Train
7216,0.04073585,Train,Train
7217,0.049721975,Train,Train
7218,0.04671079,Train,Train
7219,0.030204711,Train,Train
7220,0.025150575,Train,Train
7221,0.05972425,Train,Train
7222,0.03302799,Train,Train
7223,0.08264929,Train,Train
7224,0.07726053,Train,Train
7225,0.0390781,Train,Train
7226,0.04517616,Train,Train
7227,0.037917454,Train,Train
7228,0.04969395,Train,Train
7229,0.031495582,Train,Train
7230,0.047114186,Train,Train
7231,0.016805898,Train,Train
7232,0.046465926,Train,Train
7233,0.04084286,Train,Train
7234,0.028327202,Train,Train
7235,0.04216935,Train,Train
7236,0.037438266,Train,Train
7237,0.03534424,Train,Train
7238,0.049728688,Train,Train
7239,0.03900766,Train,Train
7240,0.036627825,Train,Train
7241,0.03824354,Train,Train
7242,0.046605997,Train,Train
7243,0.033764545,Train,Train
7244,0.030902823,Train,Train
7245,0.04883463,Train,Train
7246,0.034374245,Train,Train
7247,0.048428766,Train,Train
7248,0.04371448,Train,Train
7249,0.024617165,Train,Train
7250,0.036600847,Train,Train
7251,0.058551162,Train,Train
7252,0.045110136,Train,Train
7253,0.024129758,Train,Train
7254,0.013170183,Train,Train
7255,0.047810283,Train,Train
7256,0.038309325,Train,Train
7257,0.045871492,Train,Train
7258,0.01742153,Train,Train
7259,0.023464773,Train,Train
7260,0.020333255,Train,Train
7261,0.022476839,Train,Train
7262,0.030209385,Train,Train
7263,0.03916245,Train,Train
7264,0.049809817,Train,Train
7265,0.039118934,Train,Train
7266,0.039851356,Train,Train
7267,0.03915426,Train,Train
7268,0.05150346,Train,Train
7269,0.052162778,Train,Train
7270,0.037614748,Train,Train
7271,0.041167337,Train,Train
7272,0.023815181,Train,Train
7273,0.034685545,Train,Train
7274,0.038773343,Train,Train
7275,0.042510934,Train,Train
7276,0.035761353,Train,Train
7277,0.048775375,Train,Train
7278,0.039680928,Train,Train
7279,0.015131173,Train,Train
7280,0.04037267,Train,Train
7281,0.019956818,Train,Train
7282,0.046871554,Train,Train
7283,0.054374356,Train,Train
7284,0.04921788,Train,Train
7285,0.046331204,Train,Train
7286,0.030195842,Train,Train
7287,0.02481056,Train,Train
7288,0.037963696,Train,Train
7289,0.082749374,Train,Train
7290,0.037899915,Train,Train
7291,0.028787777,Train,Train
7292,0.05146818,Train,Train
7293,0.041271392,Train,Train
7294,0.017112613,Train,Train
7295,0.027467176,Train,Train
7296,0.03802995,Train,Train
7297,0.052453946,Train,Train
7298,0.034326654,Train,Train
7299,0.032648418,Train,Train
7300,0.05427185,Train,Train
7301,0.04759779,Train,Train
7302,0.04658731,Train,Train
7303,0.024357472,Train,Train
7304,0.053283192,Train,Train
7305,0.04022131,Train,Train
7306,0.043377466,Train,Train
7307,0.06327631,Train,Train
7308,0.02179246,Train,Train
7309,0.03655074,Train,Train
7310,0.022059502,Train,Train
7311,0.037551686,Train,Train
7312,0.019099904,Train,Train
7313,0.014146068,Train,Train
7314,0.033582695,Train,Train
7315,0.030300045,Train,Train
7316,0.025748825,Train,Train
7317,0.052935496,Train,Train
7318,0.023303913,Train,Train
7319,0.027479041,Train,Train
7320,0.046784855,Train,Train
7321,0.07589834,Train,Train
7322,0.025062859,Train,Train
7323,0.047958314,Train,Train
7324,0.039061453,Train,Train
7325,0.03439101,Train,Train
7326,0.03133872,Train,Train
7327,0.021073014,Train,Train
7328,0.063366696,Train,Train
7329,0.0459505,Train,Train
7330,0.05395658,Train,Train
7331,0.039897673,Train,Train
7332,0.046083577,Train,Train
7333,0.036453124,Train,Train
7334,0.04038306,Train,Train
7335,0.02268461,Train,Train
7336,0.08840609,Train,Train
7337,0.023097502,Train,Train
7338,0.047192883,Train,Train
7339,0.038683157,Train,Train
7340,0.03889089,Train,Train
7341,0.02255803,Train,Train
7342,0.044266414,Train,Train
7343,0.035588022,Train,Train
7344,0.021493794,Train,Train
7345,0.04078638,Train,Train
7346,0.03312347,Train,Train
7347,0.04250453,Train,Train
7348,0.03119902,Train,Train
7349,0.090415366,Train,Train
7350,0.023269536,Train,Train
7351,0.040731635,Train,Train
7352,0.046215717,Train,Train
7353,0.03849767,Train,Train
7354,0.04043552,Train,Train
7355,0.02808875,Train,Train
7356,0.03896917,Train,Train
7357,0.047446802,Train,Train
7358,0.03478433,Train,Train
7359,0.045783732,Train,Train
7360,0.04296944,Train,Train
7361,0.03778894,Train,Train
7362,0.027054558,Train,Train
7363,0.054033875,Train,Train
7364,0.041710507,Train,Train
7365,0.038457252,Train,Train
7366,0.02579003,Train,Train
7367,0.024945876,Train,Train
7368,0.05790689,Train,Train
7369,0.022564605,Train,Train
7370,0.046614226,Train,Train
7371,0.03702299,Train,Train
7372,0.047473095,Train,Train
7373,0.027162855,Train,Train
7374,0.03849165,Train,Train
7375,0.04284818,Train,Train
7376,0.032635745,Train,Train
7377,0.037806787,Train,Train
7378,0.025646158,Train,Train
7379,0.023368068,Train,Train
7380,0.044753276,Train,Train
7381,0.036332123,Train,Train
7382,0.039546873,Train,Train
7383,0.017580891,Train,Train
7384,0.025283892,Train,Train
7385,0.02915784,Train,Train
7386,0.038447518,Train,Train
7387,0.035646826,Train,Train
7388,0.07160224,Train,Train
7389,0.04948528,Train,Train
7390,0.043226995,Train,Train
7391,0.044175226,Train,Train
7392,0.03140222,Train,Train
7393,0.028244562,Train,Train
7394,0.045643233,Train,Train
7395,0.05780179,Train,Train
7396,0.024749285,Train,Train
7397,0.043050047,Train,Train
7398,0.04360018,Train,Train
7399,0.043705426,Train,Train
7400,0.034268234,Train,Train
7401,0.09121801,Train,Train
7402,0.04363417,Train,Train
7403,0.022872949,Train,Train
7404,0.059748344,Train,Train
7405,0.04024021,Train,Train
7406,0.037199892,Train,Train
7407,0.02404853,Train,Train
7408,0.017175028,Train,Train
7409,0.03143098,Train,Train
7410,0.032775268,Train,Train
7411,0.053016726,Train,Train
7412,0.033349853,Train,Train
7413,0.036377277,Train,Train
7414,0.021308957,Train,Train
7415,0.040149383,Train,Train
7416,0.076851666,Train,Train
7417,0.049056668,Train,Train
7418,0.027175097,Train,Train
7419,0.038715888,Train,Train
7420,0.027740926,Train,Train
7421,0.05800033,Train,Train
7422,0.039160643,Train,Train
7423,0.044519313,Train,Train
7424,0.014758957,Train,Train
7425,0.052040346,Train,Train
7426,0.03659254,Train,Train
7427,0.04629821,Train,Train
7428,0.03653081,Train,Train
7429,0.05632765,Train,Train
7430,0.017830014,Train,Train
7431,0.019493753,Train,Train
7432,0.03656411,Train,Train
7433,0.03896233,Train,Train
7434,0.02879061,Train,Train
7435,0.039396428,Train,Train
7436,0.046245508,Train,Train
7437,0.031542037,Train,Train
7438,0.035184853,Train,Train
7439,0.029278582,Train,Train
7440,0.04168102,Train,Train
7441,0.034377027,Train,Train
7442,0.02954806,Train,Train
7443,0.04482521,Train,Train
7444,0.045352798,Train,Train
7445,0.038037557,Train,Train
7446,0.040569052,Train,Train
7447,0.038321767,Train,Train
7448,0.02100243,Train,Train
7449,0.055686183,Train,Train
7450,0.0413951,Train,Train
7451,0.03244062,Train,Train
7452,0.01906231,Train,Train
7453,0.02503081,Train,Train
7454,0.031843234,Train,Train
7455,0.028412033,Train,Train
7456,0.03285572,Train,Train
7457,0.03898773,Train,Train
7458,0.022158688,Train,Train
7459,0.035019998,Train,Train
7460,0.02577585,Train,Train
7461,0.041729514,Train,Train
7462,0.033100035,Train,Train
7463,0.045584377,Train,Train
7464,0.044611886,Train,Train
7465,0.033852283,Train,Train
7466,0.030157454,Train,Train
7467,0.035464678,Train,Train
7468,0.04386354,Train,Train
7469,0.026640601,Train,Train
7470,0.034179214,Train,Train
7471,0.03633536,Train,Train
7472,0.03276063,Train,Train
7473,0.03838211,Train,Train
7474,0.03925923,Train,Train
7475,0.07006883,Train,Train
7476,0.030800585,Train,Train
7477,0.029368715,Train,Train
7478,0.040763423,Train,Train
7479,0.03199985,Train,Train
7480,0.047721844,Train,Train
7481,0.040113933,Train,Train
7482,0.074898094,Train,Train
7483,0.036304165,Train,Train
7484,0.044153385,Train,Train
7485,0.045027416,Train,Train
7486,0.030302346,Train,Train
7487,0.03419076,Train,Train
7488,0.037676644,Train,Train
7489,0.04398996,Train,Train
7490,0.028338918,Train,Train
7491,0.031858847,Train,Train
7492,0.033294786,Train,Train
7493,0.034946576,Train,Train
7494,0.03524752,Train,Train
7495,0.05295751,Train,Train
7496,0.02118893,Train,Train
7497,0.025382051,Train,Train
7498,0.039003167,Train,Train
7499,0.05911374,Train,Train
7500,0.04151511,Train,Train
7501,0.024259266,Train,Train
7502,0.041320644,Train,Train
7503,0.05205783,Train,Train
7504,0.05089552,Train,Train
7505,0.03890683,Train,Train
7506,0.05816465,Train,Train
7507,0.027253157,Train,Train
7508,0.029616475,Train,Train
7509,0.020929724,Train,Train
7510,0.04668254,Train,Train
7511,0.03748169,Train,Train
7512,0.035718814,Train,Train
7513,0.0247293,Train,Train
7514,0.02135104,Train,Train
7515,0.0466145,Train,Train
7516,0.05735237,Train,Train
7517,0.046197385,Train,Train
7518,0.020960942,Train,Train
7519,0.03658828,Train,Train
7520,0.045731172,Train,Train
7521,0.0196086,Train,Train
7522,0.03575337,Train,Train
7523,0.03031102,Train,Train
7524,0.061548736,Train,Train
7525,0.027961815,Train,Train
7526,0.04568942,Train,Train
7527,0.02646695,Train,Train
7528,0.04566438,Train,Train
7529,0.03517026,Train,Train
7530,0.03801485,Train,Train
7531,0.050681002,Train,Train
7532,0.032870144,Train,Train
7533,0.035495117,Train,Train
7534,0.043758646,Train,Train
7535,0.03210621,Train,Train
7536,0.051765624,Train,Train
7537,0.04774053,Train,Train
7538,0.07823434,Train,Train
7539,0.03946733,Train,Train
7540,0.03196839,Train,Train
7541,0.046343263,Train,Train
7542,0.025706774,Train,Train
7543,0.01905702,Train,Train
7544,0.026870595,Train,Train
7545,0.027112521,Train,Train
7546,0.038027145,Train,Train
7547,0.039192542,Train,Train
7548,0.054919094,Train,Train
7549,0.046336785,Train,Train
7550,0.033664607,Train,Train
7551,0.031988874,Train,Train
7552,0.0297809,Train,Train
7553,0.03817077,Train,Train
7554,0.027424112,Train,Train
7555,0.03074699,Train,Train
7556,0.0386808,Train,Train
7557,0.032324582,Train,Train
7558,0.043691646,Train,Train
7559,0.036544126,Train,Train
7560,0.076830715,Train,Train
7561,0.042859603,Train,Train
7562,0.038165838,Train,Train
7563,0.07230481,Train,Train
7564,0.03802258,Train,Train
7565,0.028180255,Train,Train
7566,0.02969007,Train,Train
7567,0.039788123,Train,Train
7568,0.028462827,Train,Train
7569,0.034966346,Train,Train
7570,0.013792985,Train,Train
7571,0.052470166,Train,Train
7572,0.049576286,Train,Train
7573,0.022364156,Train,Train
7574,0.047205735,Train,Train
7575,0.048665076,Train,Train
7576,0.02259812,Train,Train
7577,0.015306489,Train,Train
7578,0.03800387,Train,Train
7579,0.03127845,Train,Train
7580,0.036408734,Train,Train
7581,0.048145123,Train,Train
7582,0.01905706,Train,Train
7583,0.04245899,Train,Train
7584,0.029647991,Train,Train
7585,0.06959606,Train,Train
7586,0.03304393,Train,Train
7587,0.037199713,Train,Train
7588,0.022183666,Train,Train
7589,0.046418395,Train,Train
7590,0.026565317,Train,Train
7591,0.02715805,Train,Train
7592,0.04297144,Train,Train
7593,0.04847418,Train,Train
7594,0.032874476,Train,Train
7595,0.08806069,Train,Train
7596,0.038638957,Train,Train
7597,0.01727341,Train,Train
7598,0.039360393,Train,Train
7599,0.038705505,Train,Train
7600,0.04339011,Train,Train
7601,0.03399831,Train,Train
7602,0.022777703,Train,Train
7603,0.061088067,Train,Train
7604,0.026765706,Train,Train
7605,0.02147319,Train,Train
7606,0.034582376,Train,Train
7607,0.042776164,Train,Train
7608,0.042153962,Train,Train
7609,0.053469222,Train,Train
7610,0.038882323,Train,Train
7611,0.028296223,Train,Train
7612,0.028702417,Train,Train
7613,0.033297453,Train,Train
7614,0.038589768,Train,Train
7615,0.044260044,Train,Train
7616,0.0293247,Train,Train
7617,0.034255534,Train,Train
7618,0.04313173,Train,Train
7619,0.05198835,Train,Train
7620,0.03278498,Train,Train
7621,0.025484055,Train,Train
7622,0.035368953,Train,Train
7623,0.034741484,Train,Train
7624,0.04616328,Train,Train
7625,0.03726381,Train,Train
7626,0.038041074,Train,Train
7627,0.033703648,Train,Train
7628,0.036105104,Train,Train
7629,0.0366661,Train,Train
7630,0.053905416,Train,Train
7631,0.03975284,Train,Train
7632,0.019578699,Train,Train
7633,0.025407651,Train,Train
7634,0.038388558,Train,Train
7635,0.03692104,Train,Train
7636,0.03513009,Train,Train
7637,0.047638327,Train,Train
7638,0.047481973,Train,Train
7639,0.03747316,Train,Train
7640,0.015601548,Train,Train
7641,0.069835976,Train,Train
7642,0.01878147,Train,Train
7643,0.042186595,Train,Train
7644,0.044762183,Train,Train
7645,0.024604715,Train,Train
7646,0.042788662,Train,Train
7647,0.041567978,Train,Train
7648,0.03572828,Train,Train
7649,0.0362656,Train,Train
7650,0.025844207,Train,Train
7651,0.027420133,Train,Train
7652,0.04558838,Train,Train
7653,0.04127407,Train,Train
7654,0.039310694,Train,Train
7655,0.052278683,Train,Train
7656,0.024280014,Train,Train
7657,0.0331595,Train,Train
7658,0.037801012,Train,Train
7659,0.04550193,Train,Train
7660,0.041377325,Train,Train
7661,0.032450285,Train,Train
7662,0.050371476,Train,Train
7663,0.033675868,Train,Train
7664,0.03512837,Train,Train
7665,0.039153326,Train,Train
7666,0.025499707,Train,Train
7667,0.040774163,Train,Train
7668,0.0501307,Train,Train
7669,0.036821,Train,Train
7670,0.02818367,Train,Train
7671,0.031829618,Train,Train
7672,0.04504931,Train,Train
7673,0.026565729,Train,Train
7674,0.02292509,Train,Train
7675,0.04731004,Train,Train
7676,0.053127583,Train,Train
7677,0.032158032,Train,Train
7678,0.03368888,Train,Train
7679,0.03154674,Train,Train
7680,0.06599241,Train,Train
7681,0.036186215,Train,Train
7682,0.04316211,Train,Train
7683,0.045437045,Train,Train
7684,0.043800958,Train,Train
7685,0.025058355,Train,Train
7686,0.01620148,Train,Train
7687,0.03252339,Train,Train
7688,0.067170165,Train,Train
7689,0.047080547,Train,Train
7690,0.06215555,Train,Train
7691,0.030436827,Train,Train
7692,0.029882178,Train,Train
7693,0.028957224,Train,Train
7694,0.035849344,Train,Train
7695,0.051456057,Train,Train
7696,0.041630298,Train,Train
7697,0.044678736,Train,Train
7698,0.03343864,Train,Train
7699,0.021619359,Train,Train
7700,0.05397596,Train,Train
7701,0.020519966,Train,Train
7702,0.0421363,Train,Train
7703,0.031437386,Train,Train
7704,0.0347148,Train,Train
7705,0.01308408,Train,Train
7706,0.030586282,Train,Train
7707,0.019325607,Train,Train
7708,0.051507812,Train,Train
7709,0.02297543,Train,Train
7710,0.057985708,Train,Train
7711,0.037378334,Train,Train
7712,0.029944044,Train,Train
7713,0.039398607,Train,Train
7714,0.033994693,Train,Train
7715,0.034198824,Train,Train
7716,0.041514233,Train,Train
7717,0.04325227,Train,Train
7718,0.08451913,Train,Train
7719,0.08523735,Train,Train
7720,0.053690527,Train,Train
7721,0.044932995,Train,Train
7722,0.0562152,Train,Train
7723,0.031569064,Train,Train
7724,0.043137576,Train,Train
7725,0.035552,Train,Train
7726,0.05392142,Train,Train
7727,0.03353228,Train,Train
7728,0.039010644,Train,Train
7729,0.03845258,Train,Train
7730,0.03433346,Train,Train
7731,0.054453783,Train,Train
7732,0.0418885,Train,Train
7733,0.033238642,Train,Train
7734,0.04439143,Train,Train
7735,0.05280311,Train,Train
7736,0.043054502,Train,Train
7737,0.048791476,Train,Train
7738,0.04199889,Train,Train
7739,0.025283407,Train,Train
7740,0.04725835,Train,Train
7741,0.025923751,Train,Train
7742,0.042211663,Train,Train
7743,0.023528265,Train,Train
7744,0.023126736,Train,Train
7745,0.04408838,Train,Train
7746,0.03817043,Train,Train
7747,0.059755754,Train,Train
7748,0.04396587,Train,Train
7749,0.03706494,Train,Train
7750,0.05548398,Train,Train
7751,0.041605733,Train,Train
7752,0.03501009,Train,Train
7753,0.037367452,Train,Train
7754,0.035447832,Train,Train
7755,0.029976575,Train,Train
7756,0.04111878,Train,Train
7757,0.05153283,Train,Train
7758,0.038495183,Train,Train
7759,0.040880494,Train,Train
7760,0.057133038,Train,Train
7761,0.029233582,Train,Train
7762,0.033930674,Train,Train
7763,0.091604725,Train,Train
7764,0.030358324,Train,Train
7765,0.03811288,Train,Train
7766,0.04501308,Train,Train
7767,0.02884132,Train,Train
7768,0.04425535,Train,Train
7769,0.05652734,Train,Train
7770,0.045980375,Train,Train
7771,0.012613734,Train,Train
7772,0.031820454,Train,Train
7773,0.044292003,Train,Train
7774,0.047757413,Train,Train
7775,0.032635015,Train,Train
7776,0.03134551,Train,Train
7777,0.02519692,Train,Train
7778,0.050324276,Train,Train
7779,0.025798913,Train,Train
7780,0.04730957,Train,Train
7781,0.058689248,Train,Train
7782,0.036326885,Train,Train
7783,0.026984796,Train,Train
7784,0.047815755,Train,Train
7785,0.044508923,Train,Train
7786,0.040531263,Train,Train
7787,0.038169842,Train,Train
7788,0.03505771,Train,Train
7789,0.030444443,Train,Train
7790,0.045804996,Train,Train
7791,0.03768688,Train,Train
7792,0.024355164,Train,Train
7793,0.03285681,Train,Train
7794,0.05476241,Train,Train
7795,0.021336298,Train,Train
7796,0.024843143,Train,Train
7797,0.021085203,Train,Train
7798,0.043035824,Train,Train
7799,0.033565,Train,Train
7800,0.02891183,Train,Train
7801,0.049194656,Train,Train
7802,0.046977393,Train,Train
7803,0.019956382,Train,Train
7804,0.044259537,Train,Train
7805,0.033712264,Train,Train
7806,0.04117914,Train,Train
7807,0.062293414,Train,Train
7808,0.04694009,Train,Train
7809,0.04039667,Train,Train
7810,0.025856728,Train,Train
7811,0.026301866,Train,Train
7812,0.052489817,Train,Train
7813,0.03874374,Train,Train
7814,0.020442141,Train,Train
7815,0.036411695,Train,Train
7816,0.046405725,Train,Train
7817,0.041152507,Train,Train
7818,0.038447406,Train,Train
7819,0.029412555,Train,Train
7820,0.053096544,Train,Train
7821,0.03709391,Train,Train
7822,0.035187952,Train,Train
7823,0.04597207,Train,Train
7824,0.051766835,Train,Train
7825,0.050414864,Train,Train
7826,0.03814036,Train,Train
7827,0.05222439,Train,Train
7828,0.033975594,Train,Train
7829,0.026638864,Train,Train
7830,0.056226056,Train,Train
7831,0.039604284,Train,Train
7832,0.055102464,Train,Train
7833,0.06933365,Train,Train
7834,0.03584171,Train,Train
7835,0.040471233,Train,Train
7836,0.033652507,Train,Train
7837,0.026993472,Train,Train
7838,0.03419964,Train,Train
7839,0.08536174,Train,Train
7840,0.048165392,Train,Train
7841,0.04010943,Train,Train
7842,0.026958046,Train,Train
7843,0.03602049,Train,Train
7844,0.016974965,Train,Train
7845,0.050310533,Train,Train
7846,0.059581418,Train,Train
7847,0.05020269,Train,Train
7848,0.04081319,Train,Train
7849,0.063962914,Train,Train
7850,0.052342925,Train,Train
7851,0.031383302,Train,Train
7852,0.025839867,Train,Train
7853,0.031167626,Train,Train
7854,0.026285226,Train,Train
7855,0.035796024,Train,Train
7856,0.051234744,Train,Train
7857,0.03825229,Train,Train
7858,0.054468185,Train,Train
7859,0.078132056,Train,Train
7860,0.037011288,Train,Train
7861,0.052745406,Train,Train
7862,0.043333177,Train,Train
7863,0.045771923,Train,Train
7864,0.03860971,Train,Train
7865,0.024592564,Train,Train
7866,0.06133637,Train,Train
7867,0.035316426,Train,Train
7868,0.024503278,Train,Train
7869,0.027575655,Train,Train
7870,0.03658074,Train,Train
7871,0.04831043,Train,Train
7872,0.036092628,Train,Train
7873,0.027982026,Train,Train
7874,0.029762631,Train,Train
7875,0.055759687,Train,Train
7876,0.04756806,Train,Train
7877,0.034264755,Train,Train
7878,0.03735671,Train,Train
7879,0.029937679,Train,Train
7880,0.04618201,Train,Train
7881,0.043790277,Train,Train
7882,0.03156251,Train,Train
7883,0.042183485,Train,Train
7884,0.050128955,Train,Train
7885,0.043036208,Train,Train
7886,0.019590857,Train,Train
7887,0.021638578,Train,Train
7888,0.02555789,Train,Train
7889,0.021739863,Train,Train
7890,0.046331536,Train,Train
7891,0.04547779,Train,Train
7892,0.02838609,Train,Train
7893,0.04209656,Train,Train
7894,0.041483242,Train,Train
7895,0.027598044,Train,Train
7896,0.047596537,Train,Train
7897,0.041709613,Train,Train
7898,0.043782927,Train,Train
7899,0.033581015,Train,Train
7900,0.03686369,Train,Train
7901,0.037702955,Train,Train
7902,0.028915891,Train,Train
7903,0.04903686,Train,Train
7904,0.037182443,Train,Train
7905,0.04843992,Train,Train
7906,0.03100554,Train,Train
7907,0.034254484,Train,Train
7908,0.02571174,Train,Train
7909,0.043697454,Train,Train
7910,0.03169165,Train,Train
7911,0.0382769,Train,Train
7912,0.03890435,Train,Train
7913,0.039847787,Train,Train
7914,0.04708471,Train,Train
7915,0.0314828,Train,Train
7916,0.03120919,Train,Train
7917,0.028983563,Train,Train
7918,0.035489433,Train,Train
7919,0.04013117,Train,Train
7920,0.03930437,Train,Train
7921,0.022757618,Train,Train
7922,0.034973856,Train,Train
7923,0.04933463,Train,Train
7924,0.050018128,Train,Train
7925,0.028929247,Train,Train
7926,0.031321824,Train,Train
7927,0.046864845,Train,Train
7928,0.052794695,Train,Train
7929,0.034365114,Train,Train
7930,0.0220895,Train,Train
7931,0.027201856,Train,Train
7932,0.044207454,Train,Train
7933,0.048208818,Train,Train
7934,0.028551899,Train,Train
7935,0.02530167,Train,Train
7936,0.036713496,Train,Train
7937,0.058737177,Train,Train
7938,0.018039964,Train,Train
7939,0.061106585,Train,Train
7940,0.030940218,Train,Train
7941,0.051277302,Train,Train
7942,0.026491832,Train,Train
7943,0.029937504,Train,Train
7944,0.033143017,Train,Train
7945,0.02081003,Train,Train
7946,0.04312409,Train,Train
7947,0.05717864,Train,Train
7948,0.017865142,Train,Train
7949,0.021737708,Train,Train
7950,0.028415568,Train,Train
7951,0.035817783,Train,Train
7952,0.032448918,Train,Train
7953,0.03622533,Train,Train
7954,0.044596113,Train,Train
7955,0.035207488,Train,Train
7956,0.024104347,Train,Train
7957,0.045856785,Train,Train
7958,0.04747322,Train,Train
7959,0.047263477,Train,Train
7960,0.054776307,Train,Train
7961,0.050928973,Train,Train
7962,0.0379115,Train,Train
7963,0.022446455,Train,Train
7964,0.04742039,Train,Train
7965,0.031463798,Train,Train
7966,0.040625516,Train,Train
7967,0.034091856,Train,Train
7968,0.047610465,Train,Train
7969,0.073731296,Train,Train
7970,0.048903074,Train,Train
7971,0.042935904,Train,Train
7972,0.024656467,Train,Train
7973,0.036591478,Train,Train
7974,0.05265658,Train,Train
7975,0.02374136,Train,Train
7976,0.027256642,Train,Train
7977,0.03565254,Train,Train
7978,0.052175645,Train,Train
7979,0.031338286,Train,Train
7980,0.050079186,Train,Train
7981,0.037817404,Train,Train
7982,0.03563317,Train,Train
7983,0.05326312,Train,Train
7984,0.019571284,Train,Train
7985,0.027539084,Train,Train
7986,0.058088418,Train,Train
7987,0.06028599,Train,Train
7988,0.020085758,Train,Train
7989,0.018302426,Train,Train
7990,0.07180891,Train,Train
7991,0.023834877,Train,Train
7992,0.04399326,Train,Train
7993,0.04127918,Train,Train
7994,0.04272851,Train,Train
7995,0.04702193,Train,Train
7996,0.027302248,Train,Train
7997,0.033531137,Train,Train
7998,0.04323895,Train,Train
7999,0.054711167,Train,Train
8000,0.02818542,Train,Train
8001,0.03179936,Train,Train
8002,0.03946699,Train,Train
8003,0.043550637,Train,Train
8004,0.03412754,Train,Train
8005,0.016259255,Train,Train
8006,0.031665117,Train,Train
8007,0.035186876,Train,Train
8008,0.034244373,Train,Train
8009,0.03891813,Train,Train
8010,0.040114343,Train,Train
8011,0.047555886,Train,Train
8012,0.020669052,Train,Train
8013,0.021442566,Train,Train
8014,0.03070233,Train,Train
8015,0.042442705,Train,Train
8016,0.026879175,Train,Train
8017,0.025751175,Train,Train
8018,0.045779888,Train,Train
8019,0.047259957,Train,Train
8020,0.05268054,Train,Train
8021,0.054103717,Train,Train
8022,0.017506415,Train,Train
8023,0.031070981,Train,Train
8024,0.028684285,Train,Train
8025,0.04940179,Train,Train
8026,0.03189648,Train,Train
8027,0.033350434,Train,Train
8028,0.040088367,Train,Train
8029,0.06435728,Train,Train
8030,0.045851618,Train,Train
8031,0.03327347,Train,Train
8032,0.04454946,Train,Train
8033,0.035936017,Train,Train
8034,0.023863986,Train,Train
8035,0.020492923,Train,Train
8036,0.025925118,Train,Train
8037,0.043708187,Train,Train
8038,0.05686838,Train,Train
8039,0.018404262,Train,Train
8040,0.040298242,Train,Train
8041,0.037760813,Train,Train
8042,0.044772632,Train,Train
8043,0.044156708,Train,Train
8044,0.048173346,Train,Train
8045,0.03305115,Train,Train
8046,0.04059206,Train,Train
8047,0.039438356,Train,Train
8048,0.038218312,Train,Train
8049,0.05197253,Train,Train
8050,0.055541232,Train,Train
8051,0.025186554,Train,Train
8052,0.049717903,Train,Train
8053,0.030893441,Train,Train
8054,0.04754894,Train,Train
8055,0.030909194,Train,Train
8056,0.033157744,Train,Train
8057,0.016673468,Train,Train
8058,0.048167054,Train,Train
8059,0.04725403,Train,Train
8060,0.03665037,Train,Train
8061,0.026959674,Train,Train
8062,0.025866518,Train,Train
8063,0.03812622,Train,Train
8064,0.02611823,Train,Train
8065,0.048225507,Train,Train
8066,0.064535104,Train,Train
8067,0.04658139,Train,Train
8068,0.03166056,Train,Train
8069,0.03522465,Train,Train
8070,0.033108056,Train,Train
8071,0.049751643,Train,Train
8072,0.022667184,Train,Train
8073,0.05708019,Train,Train
8074,0.039316226,Train,Train
8075,0.05967515,Train,Train
8076,0.024343882,Train,Train
8077,0.040861875,Train,Train
8078,0.039230812,Train,Train
8079,0.042378698,Train,Train
8080,0.03946796,Train,Train
8081,0.037839714,Train,Train
8082,0.039292593,Train,Train
8083,0.03622312,Train,Train
8084,0.026743291,Train,Train
8085,0.027779734,Train,Train
8086,0.04653563,Train,Train
8087,0.051524524,Train,Train
8088,0.03394574,Train,Train
8089,0.033214927,Train,Train
8090,0.03919114,Train,Train
8091,0.029125854,Train,Train
8092,0.041709807,Train,Train
8093,0.055004403,Train,Train
8094,0.026957596,Train,Train
8095,0.06335727,Train,Train
8096,0.034308217,Train,Train
8097,0.042341277,Train,Train
8098,0.019911166,Train,Train
8099,0.041734073,Train,Train
8100,0.041480202,Train,Train
8101,0.0483765,Train,Train
8102,0.048996743,Train,Train
8103,0.03165956,Train,Train
8104,0.043503694,Train,Train
8105,0.02862504,Train,Train
8106,0.03084136,Train,Train
8107,0.05180605,Train,Train
8108,0.035179548,Train,Train
8109,0.03475004,Train,Train
8110,0.036887854,Train,Train
8111,0.023104984,Train,Train
8112,0.038480625,Train,Train
8113,0.03129274,Train,Train
8114,0.01992844,Train,Train
8115,0.05037007,Train,Train
8116,0.03564702,Train,Train
8117,0.046363965,Train,Train
8118,0.043812092,Train,Train
8119,0.035585467,Train,Train
8120,0.030401096,Train,Train
8121,0.034626942,Train,Train
8122,0.03930898,Train,Train
8123,0.022928428,Train,Train
8124,0.055947524,Train,Train
8125,0.028068645,Train,Train
8126,0.026009114,Train,Train
8127,0.05136398,Train,Train
8128,0.023494443,Train,Train
8129,0.049829967,Train,Train
8130,0.028722338,Train,Train
8131,0.038819235,Train,Train
8132,0.03836029,Train,Train
8133,0.027213313,Train,Train
8134,0.022524087,Train,Train
8135,0.033989914,Train,Train
8136,0.03983851,Train,Train
8137,0.027776042,Train,Train
8138,0.061495382,Train,Train
8139,0.029302523,Train,Train
8140,0.027771426,Train,Train
8141,0.022153646,Train,Train
8142,0.037844226,Train,Train
8143,0.040062483,Train,Train
8144,0.057532616,Train,Train
8145,0.02192997,Train,Train
8146,0.03289021,Train,Train
8147,0.020197043,Train,Train
8148,0.028997874,Train,Train
8149,0.026534723,Train,Train
8150,0.04406468,Train,Train
8151,0.04297581,Train,Train
8152,0.03423494,Train,Train
8153,0.030856242,Train,Train
8154,0.057865653,Train,Train
8155,0.040365834,Train,Train
8156,0.031628598,Train,Train
8157,0.030827625,Train,Train
8158,0.041999754,Train,Train
8159,0.038126122,Train,Train
8160,0.049722604,Train,Train
8161,0.025856972,Train,Train
8162,0.03646316,Train,Train
8163,0.016260393,Train,Train
8164,0.025269743,Train,Train
8165,0.04830861,Train,Train
8166,0.050141092,Train,Train
8167,0.06080534,Train,Train
8168,0.05715624,Train,Train
8169,0.033685397,Train,Train
8170,0.061573092,Train,Train
8171,0.034426842,Train,Train
8172,0.026059795,Train,Train
8173,0.03222062,Train,Train
8174,0.021081368,Train,Train
8175,0.024660515,Train,Train
8176,0.049914215,Train,Train
8177,0.043767046,Train,Train
8178,0.05172381,Train,Train
8179,0.053991135,Train,Train
8180,0.054144036,Train,Train
8181,0.0399091,Train,Train
8182,0.02790056,Train,Train
8183,0.05019459,Train,Train
8184,0.04628228,Train,Train
8185,0.04677364,Train,Train
8186,0.04988008,Train,Train
8187,0.058447648,Train,Train
8188,0.046858605,Train,Train
8189,0.042180404,Train,Train
8190,0.03646347,Train,Train
8191,0.017166179,Train,Train
8192,0.021258876,Train,Train
8193,0.02016903,Train,Train
8194,0.05084938,Train,Train
8195,0.046770517,Train,Train
8196,0.04800985,Train,Train
8197,0.043144137,Train,Train
8198,0.05052615,Train,Train
8199,0.037396736,Train,Train
8200,0.04392536,Train,Train
8201,0.08614692,Train,Train
8202,0.033343285,Train,Train
8203,0.04534885,Train,Train
8204,0.02675433,Train,Train
8205,0.03831686,Train,Train
8206,0.034248386,Train,Train
8207,0.030226713,Train,Train
8208,0.03155068,Train,Train
8209,0.051566485,Train,Train
8210,0.021175614,Train,Train
8211,0.042179957,Train,Train
8212,0.03455358,Train,Train
8213,0.034545504,Train,Train
8214,0.038043834,Train,Train
8215,0.022073094,Train,Train
8216,0.04072735,Train,Train
8217,0.032515317,Train,Train
8218,0.03409791,Train,Train
8219,0.04712819,Train,Train
8220,0.018262036,Train,Train
8221,0.08112391,Train,Train
8222,0.0381841,Train,Train
8223,0.044550616,Train,Train
8224,0.019434398,Train,Train
8225,0.053680543,Train,Train
8226,0.039181974,Train,Train
8227,0.034900893,Train,Train
8228,0.022563191,Train,Train
8229,0.04306183,Train,Train
8230,0.04781889,Train,Train
8231,0.04335714,Train,Train
8232,0.03039158,Train,Train
8233,0.034476917,Train,Train
8234,0.048977837,Train,Train
8235,0.035843186,Train,Train
8236,0.035799682,Train,Train
8237,0.04041789,Train,Train
8238,0.02629176,Train,Train
8239,0.03459783,Train,Train
8240,0.042232014,Train,Train
8241,0.052701183,Train,Train
8242,0.04493386,Train,Train
8243,0.028733784,Train,Train
8244,0.04123548,Train,Train
8245,0.0408242,Train,Train
8246,0.028539585,Train,Train
8247,0.016728563,Train,Train
8248,0.016106484,Train,Train
8249,0.036161218,Train,Train
8250,0.022108207,Train,Train
8251,0.028228862,Train,Train
8252,0.04225087,Train,Train
8253,0.05995845,Train,Train
8254,0.041358735,Train,Train
8255,0.045592815,Train,Train
8256,0.03785745,Train,Train
8257,0.0302649,Train,Train
8258,0.028938118,Train,Train
8259,0.03903215,Train,Train
8260,0.05775912,Train,Train
8261,0.02594383,Train,Train
8262,0.043476712,Train,Train
8263,0.036611065,Train,Train
8264,0.059803423,Train,Train
8265,0.028998515,Train,Train
8266,0.048440516,Train,Train
8267,0.022940474,Train,Train
8268,0.027239773,Train,Train
8269,0.028674105,Train,Train
8270,0.054122575,Train,Train
8271,0.02306915,Train,Train
8272,0.034486126,Train,Train
8273,0.042002164,Train,Train
8274,0.043236196,Train,Train
8275,0.050161935,Train,Train
8276,0.034970302,Train,Train
8277,0.020882245,Train,Train
8278,0.05873254,Train,Train
8279,0.024825325,Train,Train
8280,0.017423263,Train,Train
8281,0.03311614,Train,Train
8282,0.06023778,Train,Train
8283,0.04215967,Train,Train
8284,0.04194255,Train,Train
8285,0.03488464,Train,Train
8286,0.035068564,Train,Train
8287,0.040418383,Train,Train
8288,0.041226055,Train,Train
8289,0.081757344,Train,Train
8290,0.06626097,Train,Train
8291,0.032558654,Train,Train
8292,0.029401977,Train,Train
8293,0.058357444,Train,Train
8294,0.05064965,Train,Train
8295,0.018490732,Train,Train
8296,0.028098833,Train,Train
8297,0.037804272,Train,Train
8298,0.03385899,Train,Train
8299,0.01878447,Train,Train
8300,0.024755238,Train,Train
8301,0.013812273,Train,Train
8302,0.05480561,Train,Train
8303,0.032769397,Train,Train
8304,0.033366863,Train,Train
8305,0.040411025,Train,Train
8306,0.03481759,Train,Train
8307,0.054391246,Train,Train
8308,0.018404126,Train,Train
8309,0.04782675,Train,Train
8310,0.037524503,Train,Train
8311,0.05718556,Train,Train
8312,0.022079533,Train,Train
8313,0.023375839,Train,Train
8314,0.041238513,Train,Train
8315,0.04131963,Train,Train
8316,0.043180995,Train,Train
8317,0.045139067,Train,Train
8318,0.02939847,Train,Train
8319,0.03466558,Train,Train
8320,0.073397696,Train,Train
8321,0.02035854,Train,Train
8322,0.04195633,Train,Train
8323,0.047674015,Train,Train
8324,0.048839662,Train,Train
8325,0.057206497,Train,Train
8326,0.025840973,Train,Train
8327,0.07636235,Train,Train
8328,0.020646274,Train,Train
8329,0.04093528,Train,Train
8330,0.04061336,Train,Train
8331,0.04417533,Train,Train
8332,0.052410487,Train,Train
8333,0.027070113,Train,Train
8334,0.021738708,Train,Train
8335,0.04293155,Train,Train
8336,0.045577627,Train,Train
8337,0.022965807,Train,Train
8338,0.038650427,Train,Train
8339,0.038118713,Train,Train
8340,0.026678205,Train,Train
8341,0.0486209,Train,Train
8342,0.026188798,Train,Train
8343,0.029886408,Train,Train
8344,0.023142938,Train,Train
8345,0.057721935,Train,Train
8346,0.066227674,Train,Train
8347,0.03787007,Train,Train
8348,0.03612112,Train,Train
8349,0.020698989,Train,Train
8350,0.04161778,Train,Train
8351,0.031699434,Train,Train
8352,0.04802778,Train,Train
8353,0.025930766,Train,Train
8354,0.023429222,Train,Train
8355,0.03262781,Train,Train
8356,0.05854452,Train,Train
8357,0.03050322,Train,Train
8358,0.035197217,Train,Train
8359,0.041610017,Train,Train
8360,0.028076606,Train,Train
8361,0.047108274,Train,Train
8362,0.026384262,Train,Train
8363,0.02430138,Train,Train
8364,0.050002534,Train,Train
8365,0.036810454,Train,Train
8366,0.0437561,Train,Train
8367,0.045976315,Train,Train
8368,0.037152518,Train,Train
8369,0.018431276,Train,Train
8370,0.033287678,Train,Train
8371,0.04014549,Train,Train
8372,0.0344877,Train,Train
8373,0.051303748,Train,Train
8374,0.038739,Train,Train
8375,0.050670527,Train,Train
8376,0.022577688,Train,Train
8377,0.057352923,Train,Train
8378,0.058275275,Train,Train
8379,0.029384745,Train,Train
8380,0.041118197,Train,Train
8381,0.05097818,Train,Train
8382,0.021983935,Train,Train
8383,0.0755298,Train,Train
8384,0.047042716,Train,Train
8385,0.035544913,Train,Train
8386,0.048588276,Train,Train
8387,0.03466751,Train,Train
8388,0.030421717,Train,Train
8389,0.037652813,Train,Train
8390,0.04171451,Train,Train
8391,0.053637587,Train,Train
8392,0.03375423,Train,Train
8393,0.02971064,Train,Train
8394,0.04543414,Train,Train
8395,0.03685815,Train,Train
8396,0.061606165,Train,Train
8397,0.05311918,Train,Train
8398,0.037159517,Train,Train
8399,0.039816193,Train,Train
8400,0.054484937,Train,Train
8401,0.05345854,Train,Train
8402,0.0388134,Train,Train
8403,0.025376951,Train,Train
8404,0.04034907,Train,Train
8405,0.047287595,Train,Train
8406,0.039439783,Train,Train
8407,0.028430918,Train,Train
8408,0.05761934,Train,Train
8409,0.0333566,Train,Train
8410,0.057284463,Train,Train
8411,0.03724666,Train,Train
8412,0.039914306,Train,Train
8413,0.04032723,Train,Train
8414,0.078781255,Train,Train
8415,0.022541488,Train,Train
8416,0.033213004,Train,Train
8417,0.04556884,Train,Train
8418,0.01786523,Train,Train
8419,0.060603544,Train,Train
8420,0.03465188,Train,Train
8421,0.04188649,Train,Train
8422,0.029866451,Train,Train
8423,0.0397899,Train,Train
8424,0.035365343,Train,Train
8425,0.03855703,Train,Train
8426,0.02711001,Train,Train
8427,0.032393396,Train,Train
8428,0.030176928,Train,Train
8429,0.04527932,Train,Train
8430,0.04988109,Train,Train
8431,0.04045695,Train,Train
8432,0.04548224,Train,Train
8433,0.041768458,Train,Train
8434,0.028280128,Train,Train
8435,0.048026286,Train,Train
8436,0.022304298,Train,Train
8437,0.046442375,Train,Train
8438,0.037712235,Train,Train
8439,0.064322434,Train,Train
8440,0.020535447,Train,Train
8441,0.0404393,Train,Train
8442,0.0229121,Train,Train
8443,0.034205656,Train,Train
8444,0.040556807,Train,Train
8445,0.05578372,Train,Train
8446,0.04175486,Train,Train
8447,0.039529376,Train,Train
8448,0.018313661,Train,Train
8449,0.05073571,Train,Train
8450,0.034429174,Train,Train
8451,0.03884163,Train,Train
8452,0.041752562,Train,Train
8453,0.039705243,Train,Train
8454,0.031498548,Train,Train
8455,0.049561597,Train,Train
8456,0.051055674,Train,Train
8457,0.027485918,Train,Train
8458,0.041118145,Train,Train
8459,0.04440464,Train,Train
8460,0.035221223,Train,Train
8461,0.02384607,Train,Train
8462,0.027716896,Train,Train
8463,0.044573214,Train,Train
8464,0.04460884,Train,Train
8465,0.040991228,Train,Train
8466,0.048798867,Train,Train
8467,0.043572027,Train,Train
8468,0.041445497,Train,Train
8469,0.045212284,Train,Train
8470,0.047674935,Train,Train
8471,0.04026171,Train,Train
8472,0.06821513,Train,Train
8473,0.043729335,Train,Train
8474,0.033395495,Train,Train
8475,0.038395736,Train,Train
8476,0.028593374,Train,Train
8477,0.047880568,Train,Train
8478,0.019412074,Train,Train
8479,0.07012263,Train,Train
8480,0.028329914,Train,Train
8481,0.050789524,Train,Train
8482,0.04133285,Train,Train
8483,0.01778652,Train,Train
8484,0.03478509,Train,Train
8485,0.021558233,Train,Train
8486,0.021139858,Train,Train
8487,0.040415023,Train,Train
8488,0.027287645,Train,Train
8489,0.056090035,Train,Train
8490,0.053066388,Train,Train
8491,0.045476224,Train,Train
8492,0.024663422,Train,Train
8493,0.03376891,Train,Train
8494,0.022612737,Train,Train
8495,0.03491681,Train,Train
8496,0.02406334,Train,Train
8497,0.03824954,Train,Train
8498,0.03521004,Train,Train
8499,0.01979509,Train,Train
8500,0.033616222,Train,Train
8501,0.049194284,Train,Train
8502,0.036641482,Train,Train
8503,0.016962957,Train,Train
8504,0.043988094,Train,Train
8505,0.029380007,Train,Train
8506,0.034270357,Train,Train
8507,0.053099684,Train,Train
8508,0.043768488,Train,Train
8509,0.033852536,Train,Train
8510,0.033351805,Train,Train
8511,0.040904485,Train,Train
8512,0.03894063,Train,Train
8513,0.08627398,Train,Train
8514,0.030936562,Train,Train
8515,0.06846971,Train,Train
8516,0.048364267,Train,Train
8517,0.019260967,Train,Train
8518,0.047821704,Train,Train
8519,0.040073186,Train,Train
8520,0.03519263,Train,Train
8521,0.04850599,Train,Train
8522,0.035456236,Train,Train
8523,0.0324072,Train,Train
8524,0.022760384,Train,Train
8525,0.03160375,Train,Train
8526,0.082416885,Train,Train
8527,0.047122948,Train,Train
8528,0.037421912,Train,Train
8529,0.03352038,Train,Train
8530,0.048445832,Train,Train
8531,0.03412777,Train,Train
8532,0.04769357,Train,Train
8533,0.023961527,Train,Train
8534,0.036110036,Train,Train
8535,0.043973032,Train,Train
8536,0.044095315,Train,Train
8537,0.08381309,Train,Train
8538,0.04209116,Train,Train
8539,0.024187798,Train,Train
8540,0.03450787,Train,Train
8541,0.036603246,Train,Train
8542,0.03151759,Train,Train
8543,0.021557283,Train,Train
8544,0.038348977,Train,Train
8545,0.03238243,Train,Train
8546,0.02769651,Train,Train
8547,0.046763882,Train,Train
8548,0.01646968,Train,Train
8549,0.05582197,Train,Train
8550,0.030334122,Train,Train
8551,0.03686961,Train,Train
8552,0.044589132,Train,Train
8553,0.021047764,Train,Train
8554,0.044339977,Train,Train
8555,0.029613316,Train,Train
8556,0.050069593,Train,Train
8557,0.049548656,Train,Train
8558,0.0442575,Train,Train
8559,0.037708756,Train,Train
8560,0.03495645,Train,Train
8561,0.048588965,Train,Train
8562,0.034540564,Train,Train
8563,0.044492494,Train,Train
8564,0.03483626,Train,Train
8565,0.03410576,Train,Train
8566,0.034610435,Train,Train
8567,0.040999804,Train,Train
8568,0.04270332,Train,Train
8569,0.03347978,Train,Train
8570,0.054888953,Train,Train
8571,0.037853576,Train,Train
8572,0.046330087,Train,Train
8573,0.056540113,Train,Train
8574,0.08366627,Train,Train
8575,0.031665534,Train,Train
8576,0.044513676,Train,Train
8577,0.02015748,Train,Train
8578,0.023310939,Train,Train
8579,0.03909811,Train,Train
8580,0.049806178,Train,Train
8581,0.042756505,Train,Train
8582,0.027174598,Train,Train
8583,0.04775344,Train,Train
8584,0.031653643,Train,Train
8585,0.03490536,Train,Train
8586,0.024801884,Train,Train
8587,0.022895966,Train,Train
8588,0.03687435,Train,Train
8589,0.047695983,Train,Train
8590,0.035260133,Train,Train
8591,0.052827287,Train,Train
8592,0.05069715,Train,Train
8593,0.06779044,Train,Train
8594,0.020796899,Train,Train
8595,0.050909523,Train,Train
8596,0.027854575,Train,Train
8597,0.033907484,Train,Train
8598,0.031766754,Train,Train
8599,0.042635754,Train,Train
8600,0.034601532,Train,Train
8601,0.024717974,Train,Train
8602,0.033730306,Train,Train
8603,0.049442012,Train,Train
8604,0.030242497,Train,Train
8605,0.0450383,Train,Train
8606,0.040999185,Train,Train
8607,0.046489555,Train,Train
8608,0.043093003,Train,Train
8609,0.038061693,Train,Train
8610,0.04275398,Train,Train
8611,0.05135563,Train,Train
8612,0.023211436,Train,Train
8613,0.028061308,Train,Train
8614,0.051543463,Train,Train
8615,0.021397337,Train,Train
8616,0.056888733,Train,Train
8617,0.024588779,Train,Train
8618,0.043186948,Train,Train
8619,0.046358507,Train,Train
8620,0.049406968,Train,Train
8621,0.04490705,Train,Train
8622,0.053217426,Train,Train
8623,0.030899486,Train,Train
8624,0.051380854,Train,Train
8625,0.019925293,Train,Train
8626,0.049291667,Train,Train
8627,0.03641468,Train,Train
8628,0.05103832,Train,Train
8629,0.021793641,Train,Train
8630,0.064152434,Train,Train
8631,0.08095467,Train,Train
8632,0.033778217,Train,Train
8633,0.05233525,Train,Train
8634,0.03298872,Train,Train
8635,0.05452857,Train,Train
8636,0.040339198,Train,Train
8637,0.039956305,Train,Train
8638,0.046891518,Train,Train
8639,0.041589685,Train,Train
8640,0.035627753,Train,Train
8641,0.038412526,Train,Train
8642,0.025045488,Train,Train
8643,0.04329333,Train,Train
8644,0.030530984,Train,Train
8645,0.046129122,Train,Train
8646,0.033139024,Train,Train
8647,0.05623179,Train,Train
8648,0.029919663,Train,Train
8649,0.04974955,Train,Train
8650,0.04598208,Train,Train
8651,0.034636762,Train,Train
8652,0.07541186,Train,Train
8653,0.032651324,Train,Train
8654,0.037772663,Train,Train
8655,0.040022034,Train,Train
8656,0.04368035,Train,Train
8657,0.040498454,Train,Train
8658,0.054908525,Train,Train
8659,0.04386754,Train,Train
8660,0.06087944,Train,Train
8661,0.033450436,Train,Train
8662,0.031821407,Train,Train
8663,0.05296134,Train,Train
8664,0.036133654,Train,Train
8665,0.03544795,Train,Train
8666,0.043075003,Train,Train
8667,0.020043822,Train,Train
8668,0.02953079,Train,Train
8669,0.037437923,Train,Train
8670,0.048027713,Train,Train
8671,0.04481221,Train,Train
8672,0.06565576,Train,Train
8673,0.034700453,Train,Train
8674,0.044735253,Train,Train
8675,0.050526097,Train,Train
8676,0.049256127,Train,Train
8677,0.033258613,Train,Train
8678,0.05293547,Train,Train
8679,0.036420055,Train,Train
8680,0.050416194,Train,Train
8681,0.067345895,Train,Train
8682,0.038146216,Train,Train
8683,0.04255303,Train,Train
8684,0.022605231,Train,Train
8685,0.042963162,Train,Train
8686,0.025060812,Train,Train
8687,0.04889498,Train,Train
8688,0.033483185,Train,Train
8689,0.041122466,Train,Train
8690,0.05070972,Train,Train
8691,0.022758665,Train,Train
8692,0.024687737,Train,Train
8693,0.057450052,Train,Train
8694,0.046135448,Train,Train
8695,0.050057553,Train,Train
8696,0.028163543,Train,Train
8697,0.057579324,Train,Train
8698,0.029777555,Train,Train
8699,0.041957874,Train,Train
8700,0.044052735,Train,Train
8701,0.042244717,Train,Train
8702,0.079886556,Train,Train
8703,0.041968748,Train,Train
8704,0.03379819,Train,Train
8705,0.039679293,Train,Train
8706,0.03464019,Train,Train
8707,0.047743913,Train,Train
8708,0.05628203,Train,Train
8709,0.036111727,Train,Train
8710,0.022781812,Train,Train
8711,0.042758074,Train,Train
8712,0.03044712,Train,Train
8713,0.036824763,Train,Train
8714,0.055809528,Train,Train
8715,0.04791308,Train,Train
8716,0.03657387,Train,Train
8717,0.019848963,Train,Train
8718,0.048608147,Train,Train
8719,0.05519614,Train,Train
8720,0.033753175,Train,Train
8721,0.047339432,Train,Train
8722,0.04153635,Train,Train
8723,0.03796142,Train,Train
8724,0.03798292,Train,Train
8725,0.032382973,Train,Train
8726,0.039793022,Train,Train
8727,0.057730667,Train,Train
8728,0.027517937,Train,Train
8729,0.026196958,Train,Train
8730,0.035815958,Train,Train
8731,0.019046618,Train,Train
8732,0.05343306,Train,Train
8733,0.047847286,Train,Train
8734,0.023814246,Train,Train
8735,0.034410566,Train,Train
8736,0.03362726,Train,Train
8737,0.050202932,Train,Train
8738,0.053325973,Train,Train
8739,0.032676276,Train,Train
8740,0.043890983,Train,Train
8741,0.041320518,Train,Train
8742,0.02981094,Train,Train
8743,0.037340693,Train,Train
8744,0.037114136,Train,Train
8745,0.038265754,Train,Train
8746,0.03243558,Train,Train
8747,0.038615637,Train,Train
8748,0.040411416,Train,Train
8749,0.020076709,Train,Train
8750,0.049173452,Train,Train
8751,0.089209996,Train,Train
8752,0.025031332,Train,Train
8753,0.05283284,Train,Train
8754,0.060350396,Train,Train
8755,0.040996365,Train,Train
8756,0.033797797,Train,Train
8757,0.025074301,Train,Train
8758,0.03997271,Train,Train
8759,0.04799747,Train,Train
8760,0.040821347,Train,Train
8761,0.013805154,Train,Train
8762,0.033758007,Train,Train
8763,0.024195388,Train,Train
8764,0.016628569,Train,Train
8765,0.04247921,Train,Train
8766,0.033109542,Train,Train
8767,0.019414382,Train,Train
8768,0.03341454,Train,Train
8769,0.04381838,Train,Train
8770,0.03588164,Train,Train
8771,0.040957574,Train,Train
8772,0.045021534,Train,Train
8773,0.05160468,Train,Train
8774,0.047599778,Train,Train
8775,0.05329478,Train,Train
8776,0.048816692,Train,Train
8777,0.0298688,Train,Train
8778,0.04688436,Train,Train
8779,0.029218687,Train,Train
8780,0.0418143,Train,Train
8781,0.026770707,Train,Train
8782,0.022306237,Train,Train
8783,0.05210177,Train,Train
8784,0.037415102,Train,Train
8785,0.038418967,Train,Train
8786,0.029806029,Train,Train
8787,0.027374273,Train,Train
8788,0.033002127,Train,Train
8789,0.04151089,Train,Train
8790,0.032295186,Train,Train
8791,0.03959372,Train,Train
8792,0.025429007,Train,Train
8793,0.023425948,Train,Train
8794,0.028587373,Train,Train
8795,0.039121006,Train,Train
8796,0.03333205,Train,Train
8797,0.04403915,Train,Train
8798,0.019876057,Train,Train
8799,0.04416002,Train,Train
8800,0.025476998,Train,Train
8801,0.025877845,Train,Train
8802,0.039622877,Train,Train
8803,0.027656017,Train,Train
8804,0.05994641,Train,Train
8805,0.031651866,Train,Train
8806,0.04289413,Train,Train
8807,0.030362576,Train,Train
8808,0.04639539,Train,Train
8809,0.035414677,Train,Train
8810,0.024010038,Train,Train
8811,0.039892655,Train,Train
8812,0.021040998,Train,Train
8813,0.055053275,Train,Train
8814,0.07535637,Train,Train
8815,0.04170319,Train,Train
8816,0.036612384,Train,Train
8817,0.03505272,Train,Train
8818,0.032197498,Train,Train
8819,0.054006204,Train,Train
8820,0.039645717,Train,Train
8821,0.02772109,Train,Train
8822,0.0503273,Train,Train
8823,0.04284949,Train,Train
8824,0.03447566,Train,Train
8825,0.04088989,Train,Train
8826,0.03898127,Train,Train
8827,0.03415449,Train,Train
8828,0.04604505,Train,Train
8829,0.021146,Train,Train
8830,0.018601047,Train,Train
8831,0.038781334,Train,Train
8832,0.047026455,Train,Train
8833,0.04451392,Train,Train
8834,0.017848352,Train,Train
8835,0.030855194,Train,Train
8836,0.040956,Train,Train
8837,0.045568004,Train,Train
8838,0.036345772,Train,Train
8839,0.043518,Train,Train
8840,0.0372915,Train,Train
8841,0.039406165,Train,Train
8842,0.03249974,Train,Train
8843,0.050495308,Train,Train
8844,0.02739892,Train,Train
8845,0.056936573,Train,Train
8846,0.050277974,Train,Train
8847,0.016120424,Train,Train
8848,0.04709138,Train,Train
8849,0.024511265,Train,Train
8850,0.04294701,Train,Train
8851,0.041075516,Train,Train
8852,0.020791773,Train,Train
8853,0.04879489,Train,Train
8854,0.025181416,Train,Train
8855,0.044072196,Train,Train
8856,0.04208878,Train,Train
8857,0.048757493,Train,Train
8858,0.041825604,Train,Train
8859,0.042074233,Train,Train
8860,0.03457733,Train,Train
8861,0.026187038,Train,Train
8862,0.0486181,Train,Train
8863,0.029650353,Train,Train
8864,0.04721863,Train,Train
8865,0.052970406,Train,Train
8866,0.033282563,Train,Train
8867,0.03108686,Train,Train
8868,0.023898993,Train,Train
8869,0.045947112,Train,Train
8870,0.040892255,Train,Train
8871,0.037489124,Train,Train
8872,0.04877099,Train,Train
8873,0.09333229,Train,Train
8874,0.049281176,Train,Train
8875,0.029632512,Train,Train
8876,0.03258966,Train,Train
8877,0.0405527,Train,Train
8878,0.04093392,Train,Train
8879,0.046331905,Train,Train
8880,0.027984787,Train,Train
8881,0.025064418,Train,Train
8882,0.028601581,Train,Train
8883,0.057231013,Train,Train
8884,0.03652604,Train,Train
8885,0.022887062,Train,Train
8886,0.04512493,Train,Train
8887,0.023556331,Train,Train
8888,0.051307924,Train,Train
8889,0.08423083,Train,Train
8890,0.02758566,Train,Train
8891,0.03414366,Train,Train
8892,0.05297608,Train,Train
8893,0.045466933,Train,Train
8894,0.025160143,Train,Train
8895,0.035345886,Train,Train
8896,0.031225508,Train,Train
8897,0.04360905,Train,Train
8898,0.06411246,Train,Train
8899,0.037870105,Train,Train
8900,0.03132344,Train,Train
8901,0.0331301,Train,Train
8902,0.035687394,Train,Train
8903,0.03881815,Train,Train
8904,0.032173846,Train,Train
8905,0.030137444,Train,Train
8906,0.03595102,Train,Train
8907,0.026703302,Train,Train
8908,0.030187989,Train,Train
8909,0.04638429,Train,Train
8910,0.016903615,Train,Train
8911,0.060837246,Train,Train
8912,0.03557304,Train,Train
8913,0.04428373,Train,Train
8914,0.045420658,Train,Train
8915,0.037081007,Train,Train
8916,0.035792604,Train,Train
8917,0.048018046,Train,Train
8918,0.04470093,Train,Train
8919,0.024383934,Train,Train
8920,0.041132182,Train,Train
8921,0.0361904,Train,Train
8922,0.047445893,Train,Train
8923,0.032818686,Train,Train
8924,0.033019006,Train,Train
8925,0.037870113,Train,Train
8926,0.02515655,Train,Train
8927,0.054158397,Train,Train
8928,0.023756247,Train,Train
8929,0.022790786,Train,Train
8930,0.04647345,Train,Train
8931,0.035763,Train,Train
8932,0.03493022,Train,Train
8933,0.03910149,Train,Train
8934,0.04289813,Train,Train
8935,0.036009334,Train,Train
8936,0.055353824,Train,Train
8937,0.017743558,Train,Train
8938,0.013741175,Train,Train
8939,0.07872835,Train,Train
8940,0.04467261,Train,Train
8941,0.039933268,Train,Train
8942,0.04439259,Train,Train
8943,0.053870536,Train,Train
8944,0.016671566,Train,Train
8945,0.055757225,Train,Train
8946,0.039626934,Train,Train
8947,0.052006975,Train,Train
8948,0.055151433,Train,Train
8949,0.08516522,Train,Train
8950,0.03196322,Train,Train
8951,0.028186155,Train,Train
8952,0.042306647,Train,Train
8953,0.039284945,Train,Train
8954,0.02809826,Train,Train
8955,0.037468497,Train,Train
8956,0.022881698,Train,Train
8957,0.032754317,Train,Train
8958,0.05270097,Train,Train
8959,0.076844856,Train,Train
8960,0.027728658,Train,Train
8961,0.05570172,Train,Train
8962,0.032128166,Train,Train
8963,0.03758075,Train,Train
8964,0.07633136,Train,Train
8965,0.024093015,Train,Train
8966,0.04046076,Train,Train
8967,0.035147537,Train,Train
8968,0.05197025,Train,Train
8969,0.029254967,Train,Train
8970,0.019290324,Train,Train
8971,0.03235641,Train,Train
8972,0.03853545,Train,Train
8973,0.046001934,Train,Train
8974,0.031881317,Train,Train
8975,0.045115776,Train,Train
8976,0.027467422,Train,Train
8977,0.023963107,Train,Train
8978,0.025494765,Train,Train
8979,0.021385426,Train,Train
8980,0.0380076,Train,Train
8981,0.05083281,Train,Train
8982,0.023530453,Train,Train
8983,0.016796615,Train,Train
8984,0.043215185,Train,Train
8985,0.044394206,Train,Train
8986,0.050922178,Train,Train
8987,0.05396933,Train,Train
8988,0.021490745,Train,Train
8989,0.05551329,Train,Train
8990,0.025571562,Train,Train
8991,0.019936183,Train,Train
8992,0.052309502,Train,Train
8993,0.05637783,Train,Train
8994,0.08413612,Train,Train
8995,0.03882906,Train,Train
8996,0.029615687,Train,Train
8997,0.041344628,Train,Train
8998,0.0499068,Train,Train
8999,0.032996647,Train,Train
9000,0.030775232,Train,Train
9001,0.039485652,Train,Train
9002,0.03874384,Train,Train
9003,0.048708618,Train,Train
9004,0.047215357,Train,Train
9005,0.020121545,Train,Train
9006,0.037264068,Train,Train
9007,0.042649653,Train,Train
9008,0.037838515,Train,Train
9009,0.032768145,Train,Train
9010,0.043233305,Train,Train
9011,0.035866424,Train,Train
9012,0.045055095,Train,Train
9013,0.034952424,Train,Train
9014,0.055512533,Train,Train
9015,0.037431054,Train,Train
9016,0.03503125,Train,Train
9017,0.04912753,Train,Train
9018,0.028259318,Train,Train
9019,0.033460453,Train,Train
9020,0.032573305,Train,Train
9021,0.03272898,Train,Train
9022,0.023214892,Train,Train
9023,0.06789067,Train,Train
9024,0.040593807,Train,Train
9025,0.028960805,Train,Train
9026,0.042547382,Train,Train
9027,0.05231081,Train,Train
9028,0.043146055,Train,Train
9029,0.059029832,Train,Train
9030,0.023440426,Train,Train
9031,0.04830573,Train,Train
9032,0.034697533,Train,Train
9033,0.037385345,Train,Train
9034,0.031211177,Train,Train
9035,0.04055345,Train,Train
9036,0.03991289,Train,Train
9037,0.04315124,Train,Train
9038,0.040098634,Train,Train
9039,0.029116267,Train,Train
9040,0.05372682,Train,Train
9041,0.0400347,Train,Train
9042,0.048690874,Train,Train
9043,0.03368026,Train,Train
9044,0.05152788,Train,Train
9045,0.04217635,Train,Train
9046,0.04610342,Train,Train
9047,0.02372205,Train,Train
9048,0.031640597,Train,Train
9049,0.054096054,Train,Train
9050,0.046919245,Train,Train
9051,0.035453804,Train,Train
9052,0.036250573,Train,Train
9053,0.03667514,Train,Train
9054,0.040537916,Train,Train
9055,0.055072412,Train,Train
9056,0.046740986,Train,Train
9057,0.061688934,Train,Train
9058,0.035614092,Train,Train
9059,0.045954987,Train,Train
9060,0.039526608,Train,Train
9061,0.03626139,Train,Train
9062,0.040612143,Train,Train
9063,0.04286968,Train,Train
9064,0.04598282,Train,Train
9065,0.01954068,Train,Train
9066,0.04087587,Train,Train
9067,0.03440458,Train,Train
9068,0.037288576,Train,Train
9069,0.03979859,Train,Train
9070,0.054958146,Train,Train
9071,0.07779611,Train,Train
9072,0.053535283,Train,Train
9073,0.028611163,Train,Train
9074,0.084374346,Train,Train
9075,0.022430286,Train,Train
9076,0.050081745,Train,Train
9077,0.033478424,Train,Train
9078,0.049930666,Train,Train
9079,0.04231918,Train,Train
9080,0.022965625,Train,Train
9081,0.043647293,Train,Train
9082,0.040145203,Train,Train
9083,0.048011046,Train,Train
9084,0.046363965,Train,Train
9085,0.026039869,Train,Train
9086,0.021874908,Train,Train
9087,0.022949437,Train,Train
9088,0.040479574,Train,Train
9089,0.0478574,Train,Train
9090,0.04798626,Train,Train
9091,0.045203716,Train,Train
9092,0.023221882,Train,Train
9093,0.080996245,Train,Train
9094,0.035320412,Train,Train
9095,0.039755568,Train,Train
9096,0.043571692,Train,Train
9097,0.026068395,Train,Train
9098,0.063544124,Train,Train
9099,0.034128565,Train,Train
9100,0.028149799,Train,Train
9101,0.03130533,Train,Train
9102,0.084683076,Train,Train
9103,0.024027964,Train,Train
9104,0.030740542,Train,Train
9105,0.028143357,Train,Train
9106,0.05736143,Train,Train
9107,0.03850826,Train,Train
9108,0.04839728,Train,Train
9109,0.037739735,Train,Train
9110,0.046212416,Train,Train
9111,0.016929584,Train,Train
9112,0.058567826,Train,Train
9113,0.036481492,Train,Train
9114,0.048577074,Train,Train
9115,0.038028948,Train,Train
9116,0.024196487,Train,Train
9117,0.05163792,Train,Train
9118,0.041492302,Train,Train
9119,0.028415063,Train,Train
9120,0.05298611,Train,Train
9121,0.022449054,Train,Train
9122,0.031662043,Train,Train
9123,0.03804508,Train,Train
9124,0.031952713,Train,Train
9125,0.045464717,Train,Train
9126,0.040472463,Train,Train
9127,0.040462364,Train,Train
9128,0.04887436,Train,Train
9129,0.024690969,Train,Train
9130,0.030279191,Train,Train
9131,0.021522067,Train,Train
9132,0.032321773,Train,Train
9133,0.030668648,Train,Train
9134,0.05195455,Train,Train
9135,0.042231858,Train,Train
9136,0.04168428,Train,Train
9137,0.034930807,Train,Train
9138,0.047909018,Train,Train
9139,0.030626066,Train,Train
9140,0.03460838,Train,Train
9141,0.03213147,Train,Train
9142,0.042358074,Train,Train
9143,0.03581317,Train,Train
9144,0.038653363,Train,Train
9145,0.028748164,Train,Train
9146,0.042920243,Train,Train
9147,0.03871295,Train,Train
9148,0.017726345,Train,Train
9149,0.04988619,Train,Train
9150,0.0380793,Train,Train
9151,0.022322176,Train,Train
9152,0.0366409,Train,Train
9153,0.052272853,Train,Train
9154,0.030844597,Train,Train
9155,0.027588224,Train,Train
9156,0.04318794,Train,Train
9157,0.034834594,Train,Train
9158,0.019777276,Train,Train
9159,0.04330005,Train,Train
9160,0.0358103,Train,Train
9161,0.016920308,Train,Train
9162,0.04590935,Train,Train
9163,0.0369597,Train,Train
9164,0.042675488,Train,Train
9165,0.049373455,Train,Train
9166,0.040607557,Train,Train
9167,0.029424129,Train,Train
9168,0.048092097,Train,Train
9169,0.03876354,Train,Train
9170,0.036205675,Train,Train
9171,0.020464567,Train,Train
9172,0.03271182,Train,Train
9173,0.038291477,Train,Train
9174,0.04117054,Train,Train
9175,0.051459935,Train,Train
9176,0.036590558,Train,Train
9177,0.043664027,Train,Train
9178,0.03637766,Train,Train
9179,0.06081155,Train,Train
9180,0.03800226,Train,Train
9181,0.05512375,Train,Train
9182,0.021332847,Train,Train
9183,0.020653434,Train,Train
9184,0.02521575,Train,Train
9185,0.058325995,Train,Train
9186,0.048541322,Train,Train
9187,0.038529467,Train,Train
9188,0.04671663,Train,Train
9189,0.085897155,Train,Train
9190,0.040414434,Train,Train
9191,0.07081599,Train,Train
9192,0.03346452,Train,Train
9193,0.037882697,Train,Train
9194,0.02843572,Train,Train
9195,0.036930047,Train,Train
9196,0.042049214,Train,Train
9197,0.041419066,Train,Train
9198,0.039911263,Train,Train
9199,0.042949006,Train,Train
9200,0.05893501,Train,Train
9201,0.043042473,Train,Train
9202,0.04640304,Train,Train
9203,0.02384886,Train,Train
9204,0.045652017,Train,Train
9205,0.032509882,Train,Train
9206,0.038810406,Train,Train
9207,0.04138524,Train,Train
9208,0.036598254,Train,Train
9209,0.01557864,Train,Train
9210,0.06324979,Train,Train
9211,0.03826832,Train,Train
9212,0.02485601,Train,Train
9213,0.022820419,Train,Train
9214,0.019723,Train,Train
9215,0.04565301,Train,Train
9216,0.030310007,Train,Train
9217,0.046448912,Train,Train
9218,0.040472127,Train,Train
9219,0.02487094,Train,Train
9220,0.04530198,Train,Train
9221,0.059375536,Train,Train
9222,0.048173267,Train,Train
9223,0.04213608,Train,Train
9224,0.036585037,Train,Train
9225,0.051383015,Train,Train
9226,0.024036614,Train,Train
9227,0.030847074,Train,Train
9228,0.030934904,Train,Train
9229,0.044177838,Train,Train
9230,0.029141169,Train,Train
9231,0.020234108,Train,Train
9232,0.03710509,Train,Train
9233,0.019958654,Train,Train
9234,0.023470754,Train,Train
9235,0.04440258,Train,Train
9236,0.043751314,Train,Train
9237,0.034635186,Train,Train
9238,0.047177512,Train,Train
9239,0.030804157,Train,Train
9240,0.024725437,Train,Train
9241,0.037464168,Train,Train
9242,0.050533596,Train,Train
9243,0.040235274,Train,Train
9244,0.052971542,Train,Train
9245,0.041485727,Train,Train
9246,0.03867182,Train,Train
9247,0.027757904,Train,Train
9248,0.03007766,Train,Train
9249,0.04565248,Train,Train
9250,0.03518605,Train,Train
9251,0.028315816,Train,Train
9252,0.049501598,Train,Train
9253,0.02620636,Train,Train
9254,0.034096107,Train,Train
9255,0.029267907,Train,Train
9256,0.047577284,Train,Train
9257,0.041032545,Train,Train
9258,0.023560572,Train,Train
9259,0.027304986,Train,Train
9260,0.042598777,Train,Train
9261,0.057161044,Train,Train
9262,0.08532241,Train,Train
9263,0.055817403,Train,Train
9264,0.051149216,Train,Train
9265,0.045029193,Train,Train
9266,0.03625654,Train,Train
9267,0.030283239,Train,Train
9268,0.030966973,Train,Train
9269,0.05177475,Train,Train
9270,0.046097334,Train,Train
9271,0.033517957,Train,Train
9272,0.038013186,Train,Train
9273,0.033520684,Train,Train
9274,0.043754227,Train,Train
9275,0.044492573,Train,Train
9276,0.05305289,Train,Train
9277,0.0502937,Train,Train
9278,0.039755773,Train,Train
9279,0.05255449,Train,Train
9280,0.028606342,Train,Train
9281,0.06770732,Train,Train
9282,0.0421405,Train,Train
9283,0.022368748,Train,Train
9284,0.043481566,Train,Train
9285,0.029089577,Train,Train
9286,0.045142055,Train,Train
9287,0.044857252,Train,Train
9288,0.03711475,Train,Train
9289,0.022842774,Train,Train
9290,0.034649152,Train,Train
9291,0.025348585,Train,Train
9292,0.08498704,Train,Train
9293,0.01921792,Train,Train
9294,0.030603664,Train,Train
9295,0.036714677,Train,Train
9296,0.0366568,Train,Train
9297,0.04257266,Train,Train
9298,0.025897494,Train,Train
9299,0.014405362,Train,Train
9300,0.054380234,Train,Train
9301,0.032881495,Train,Train
9302,0.043372154,Train,Train
9303,0.034649204,Train,Train
9304,0.03719446,Train,Train
9305,0.024148364,Train,Train
9306,0.048122562,Train,Train
9307,0.038182642,Train,Train
9308,0.0493594,Train,Train
9309,0.024531208,Train,Train
9310,0.024815647,Train,Train
9311,0.041278616,Train,Train
9312,0.030463737,Train,Train
9313,0.058272634,Train,Train
9314,0.036518205,Train,Train
9315,0.027329292,Train,Train
9316,0.030362755,Train,Train
9317,0.03798489,Train,Train
9318,0.027377432,Train,Train
9319,0.03506905,Train,Train
9320,0.055174638,Train,Train
9321,0.042122208,Train,Train
9322,0.04612488,Train,Train
9323,0.022231098,Train,Train
9324,0.046070505,Train,Train
9325,0.03451069,Train,Train
9326,0.042061955,Train,Train
9327,0.024421997,Train,Train
9328,0.01956455,Train,Train
9329,0.040206116,Train,Train
9330,0.0425088,Train,Train
9331,0.05047478,Train,Train
9332,0.03309319,Train,Train
9333,0.04621588,Train,Train
9334,0.03812504,Train,Train
9335,0.026631445,Train,Train
9336,0.045186453,Train,Train
9337,0.053553633,Train,Train
9338,0.045338307,Train,Train
9339,0.02136213,Train,Train
9340,0.024182219,Train,Train
9341,0.02472833,Train,Train
9342,0.036032107,Train,Train
9343,0.04007634,Train,Train
9344,0.02505927,Train,Train
9345,0.04943005,Train,Train
9346,0.03156692,Train,Train
9347,0.03843854,Train,Train
9348,0.03320406,Train,Train
9349,0.047456775,Train,Train
9350,0.028868435,Train,Train
9351,0.053134754,Train,Train
9352,0.035883553,Train,Train
9353,0.063595235,Train,Train
9354,0.029020175,Train,Train
9355,0.03550234,Train,Train
9356,0.052515488,Train,Train
9357,0.022059163,Train,Train
9358,0.04114131,Train,Train
9359,0.029948337,Train,Train
9360,0.04888448,Train,Train
9361,0.051004987,Train,Train
9362,0.038943775,Train,Train
9363,0.038092352,Train,Train
9364,0.0504863,Train,Train
9365,0.023357281,Train,Train
9366,0.023156535,Train,Train
9367,0.039379504,Train,Train
9368,0.046215247,Train,Train
9369,0.0472344,Train,Train
9370,0.0402249,Train,Train
9371,0.046405848,Train,Train
9372,0.044658843,Train,Train
9373,0.050562125,Train,Train
9374,0.024018222,Train,Train
9375,0.03149837,Train,Train
9376,0.07821817,Train,Train
9377,0.044235896,Train,Train
9378,0.0427493,Train,Train
9379,0.04123276,Train,Train
9380,0.056189243,Train,Train
9381,0.01861351,Train,Train
9382,0.02087646,Train,Train
9383,0.04228228,Train,Train
9384,0.022809958,Train,Train
9385,0.043491762,Train,Train
9386,0.015105705,Train,Train
9387,0.050755206,Train,Train
9388,0.04881804,Train,Train
9389,0.058938004,Train,Train
9390,0.035457313,Train,Train
9391,0.034170043,Train,Train
9392,0.016440295,Train,Train
9393,0.043980353,Train,Train
9394,0.04436062,Train,Train
9395,0.037654616,Train,Train
9396,0.051424243,Train,Train
9397,0.032518283,Train,Train
9398,0.04196251,Train,Train
9399,0.04888761,Train,Train
9400,0.020657117,Train,Train
9401,0.031901825,Train,Train
9402,0.03928231,Train,Train
9403,0.023684014,Train,Train
9404,0.053086065,Train,Train
9405,0.044018075,Train,Train
9406,0.026894815,Train,Train
9407,0.033809815,Train,Train
9408,0.036898546,Train,Train
9409,0.03353907,Train,Train
9410,0.022666669,Train,Train
9411,0.036823068,Train,Train
9412,0.023016393,Train,Train
9413,0.03273117,Train,Train
9414,0.037508577,Train,Train
9415,0.03875847,Train,Train
9416,0.038530856,Train,Train
9417,0.06841889,Train,Train
9418,0.036507446,Train,Train
9419,0.038314816,Train,Train
9420,0.034957748,Train,Train
9421,0.047671527,Train,Train
9422,0.034527652,Train,Train
9423,0.04040839,Train,Train
9424,0.041564293,Train,Train
9425,0.051809218,Train,Train
9426,0.040795587,Train,Train
9427,0.043555878,Train,Train
9428,0.03535319,Train,Train
9429,0.052949056,Train,Train
9430,0.036261905,Train,Train
9431,0.039932057,Train,Train
9432,0.031240543,Train,Train
9433,0.026380565,Train,Train
9434,0.027931131,Train,Train
9435,0.039223935,Train,Train
9436,0.045698963,Train,Train
9437,0.028592272,Train,Train
9438,0.020508228,Train,Train
9439,0.040579427,Train,Train
9440,0.040615086,Train,Train
9441,0.056283496,Train,Train
9442,0.04424383,Train,Train
9443,0.053619735,Train,Train
9444,0.034043282,Train,Train
9445,0.01576213,Train,Train
9446,0.034779806,Train,Train
9447,0.026403952,Train,Train
9448,0.02877889,Train,Train
9449,0.05114903,Train,Train
9450,0.035148777,Train,Train
9451,0.041618425,Train,Train
9452,0.023896731,Train,Train
9453,0.0643962,Train,Train
9454,0.046871573,Train,Train
9455,0.052773755,Train,Train
9456,0.018690616,Train,Train
9457,0.03835882,Train,Train
9458,0.047442734,Train,Train
9459,0.04324662,Train,Train
9460,0.041070767,Train,Train
9461,0.04505738,Train,Train
9462,0.041694175,Train,Train
9463,0.021222971,Train,Train
9464,0.06205574,Train,Train
9465,0.045854717,Train,Train
9466,0.027482506,Train,Train
9467,0.05209411,Train,Train
9468,0.04001805,Train,Train
9469,0.031745665,Train,Train
9470,0.042206313,Train,Train
9471,0.040961616,Train,Train
9472,0.051555198,Train,Train
9473,0.06095078,Train,Train
9474,0.051253613,Train,Train
9475,0.036549665,Train,Train
9476,0.052523993,Train,Train
9477,0.038605563,Train,Train
9478,0.039670065,Train,Train
9479,0.03771321,Train,Train
9480,0.031880844,Train,Train
9481,0.057551987,Train,Train
9482,0.024319164,Train,Train
9483,0.05423175,Train,Train
9484,0.024502043,Train,Train
9485,0.036882576,Train,Train
9486,0.044412017,Train,Train
9487,0.041128892,Train,Train
9488,0.042581227,Train,Train
9489,0.061384525,Train,Train
9490,0.028797816,Train,Train
9491,0.055504818,Train,Train
9492,0.024693575,Train,Train
9493,0.03585578,Train,Train
9494,0.04019971,Train,Train
9495,0.039369933,Train,Train
9496,0.054918643,Train,Train
9497,0.02654566,Train,Train
9498,0.030453246,Train,Train
9499,0.04447179,Train,Train
9500,0.042295262,Train,Train
9501,0.025158945,Train,Train
9502,0.045816306,Train,Train
9503,0.024944419,Train,Train
9504,0.02241332,Train,Train
9505,0.025788385,Train,Train
9506,0.04304033,Train,Train
9507,0.042210132,Train,Train
9508,0.01584832,Train,Train
9509,0.043968152,Train,Train
9510,0.042597126,Train,Train
9511,0.017210277,Train,Train
9512,0.0408441,Train,Train
9513,0.042560466,Train,Train
9514,0.03840938,Train,Train
9515,0.060181025,Train,Train
9516,0.022536092,Train,Train
9517,0.03144004,Train,Train
9518,0.04793741,Train,Train
9519,0.025899576,Train,Train
9520,0.03438522,Train,Train
9521,0.055244938,Train,Train
9522,0.050627954,Train,Train
9523,0.037646923,Train,Train
9524,0.037262246,Train,Train
9525,0.08172567,Train,Train
9526,0.06538124,Train,Train
9527,0.025019752,Train,Train
9528,0.04442732,Train,Train
9529,0.02948681,Train,Train
9530,0.035438314,Train,Train
9531,0.037361223,Train,Train
9532,0.035691127,Train,Train
9533,0.079748295,Train,Train
9534,0.04975404,Train,Train
9535,0.036079302,Train,Train
9536,0.037917778,Train,Train
9537,0.021233885,Train,Train
9538,0.039362423,Train,Train
9539,0.042959318,Train,Train
9540,0.034219716,Train,Train
9541,0.034080133,Train,Train
9542,0.030349802,Train,Train
9543,0.03916771,Train,Train
9544,0.041743763,Train,Train
9545,0.04547514,Train,Train
9546,0.041049015,Train,Train
9547,0.030006561,Train,Train
9548,0.03771584,Train,Train
9549,0.023585433,Train,Train
9550,0.022863029,Train,Train
9551,0.024387361,Train,Train
9552,0.041147616,Train,Train
9553,0.036081817,Train,Train
9554,0.039556593,Train,Train
9555,0.032776102,Train,Train
9556,0.037899256,Train,Train
9557,0.024189882,Train,Train
9558,0.057195794,Train,Train
9559,0.05187313,Train,Train
9560,0.036127172,Train,Train
9561,0.03464084,Train,Train
9562,0.041489225,Train,Train
9563,0.048745856,Train,Train
9564,0.044064853,Train,Train
9565,0.046453204,Train,Train
9566,0.03777806,Train,Train
9567,0.03886446,Train,Train
9568,0.026652329,Train,Train
9569,0.05019928,Train,Train
9570,0.036932364,Train,Train
9571,0.019825008,Train,Train
9572,0.028290164,Train,Train
9573,0.05153679,Train,Train
9574,0.02379925,Train,Train
9575,0.050587278,Train,Train
9576,0.043146048,Train,Train
9577,0.033032145,Train,Train
9578,0.05144908,Train,Train
9579,0.026126608,Train,Train
9580,0.054580472,Train,Train
9581,0.048259664,Train,Train
9582,0.035045594,Train,Train
9583,0.044885565,Train,Train
9584,0.051928516,Train,Train
9585,0.04770623,Train,Train
9586,0.036080625,Train,Train
9587,0.036982626,Train,Train
9588,0.043167736,Train,Train
9589,0.03884191,Train,Train
9590,0.023365887,Train,Train
9591,0.02765117,Train,Train
9592,0.035153694,Train,Train
9593,0.021782478,Train,Train
9594,0.043086085,Train,Train
9595,0.0460454,Train,Train
9596,0.053897057,Train,Train
9597,0.04814609,Train,Train
9598,0.021222418,Train,Train
9599,0.03150523,Train,Train
9600,0.022529548,Train,Train
9601,0.018073542,Train,Train
9602,0.07746907,Train,Train
9603,0.033929683,Train,Train
9604,0.017626176,Train,Train
9605,0.047908243,Train,Train
9606,0.040338814,Train,Train
9607,0.052486073,Train,Train
9608,0.024961788,Train,Train
9609,0.050349917,Train,Train
9610,0.029063428,Train,Train
9611,0.03497417,Train,Train
9612,0.038903493,Train,Train
9613,0.035533663,Train,Train
9614,0.036874525,Train,Train
9615,0.04703239,Train,Train
9616,0.026076987,Train,Train
9617,0.052141864,Train,Train
9618,0.026427133,Train,Train
9619,0.024486613,Train,Train
9620,0.049210332,Train,Train
9621,0.049477607,Train,Train
9622,0.047481023,Train,Train
9623,0.04321199,Train,Train
9624,0.042790756,Train,Train
9625,0.029729681,Train,Train
9626,0.0140481135,Train,Train
9627,0.05924276,Train,Train
9628,0.02659701,Train,Train
9629,0.028726842,Train,Train
9630,0.05124973,Train,Train
9631,0.0335552,Train,Train
9632,0.038236648,Train,Train
9633,0.07422629,Train,Train
9634,0.036139745,Train,Train
9635,0.03188015,Train,Train
9636,0.04028409,Train,Train
9637,0.060085177,Train,Train
9638,0.03488889,Train,Train
9639,0.024980288,Train,Train
9640,0.026996138,Train,Train
9641,0.042664714,Train,Train
9642,0.028702846,Train,Train
9643,0.02894794,Train,Train
9644,0.016185828,Train,Train
9645,0.042780936,Train,Train
9646,0.033649795,Train,Train
9647,0.08341959,Train,Train
9648,0.053967286,Train,Train
9649,0.05689757,Train,Train
9650,0.02945883,Train,Train
9651,0.03733224,Train,Train
9652,0.037601244,Train,Train
9653,0.04414794,Train,Train
9654,0.026137708,Train,Train
9655,0.06225482,Train,Train
9656,0.040930707,Train,Train
9657,0.035085637,Train,Train
9658,0.045529496,Train,Train
9659,0.054007284,Train,Train
9660,0.04375762,Train,Train
9661,0.019301336,Train,Train
9662,0.03372868,Train,Train
9663,0.02013044,Train,Train
9664,0.045518108,Train,Train
9665,0.040089466,Train,Train
9666,0.044971306,Train,Train
9667,0.050460793,Train,Train
9668,0.035740882,Train,Train
9669,0.0366243,Train,Train
9670,0.033102598,Train,Train
9671,0.038329557,Train,Train
9672,0.039240308,Train,Train
9673,0.055089176,Train,Train
9674,0.053009603,Train,Train
9675,0.024306145,Train,Train
9676,0.040981196,Train,Train
9677,0.05947565,Train,Train
9678,0.027750725,Train,Train
9679,0.019184005,Train,Train
9680,0.025049625,Train,Train
9681,0.03875555,Train,Train
9682,0.031324808,Train,Train
9683,0.051616654,Train,Train
9684,0.044740412,Train,Train
9685,0.031859756,Train,Train
9686,0.04524799,Train,Train
9687,0.023577776,Train,Train
9688,0.035157777,Train,Train
9689,0.03266516,Train,Train
9690,0.036377035,Train,Train
9691,0.03609534,Train,Train
9692,0.041477054,Train,Train
9693,0.08178615,Train,Train
9694,0.016425133,Train,Train
9695,0.07596098,Train,Train
9696,0.037971955,Train,Train
9697,0.03896365,Train,Train
9698,0.04840201,Train,Train
9699,0.047873296,Train,Train
9700,0.047212392,Train,Train
9701,0.026541615,Train,Train
9702,0.048876557,Train,Train
9703,0.04726524,Train,Train
9704,0.025446542,Train,Train
9705,0.04572257,Train,Train
9706,0.06107098,Train,Train
9707,0.047935784,Train,Train
9708,0.039551448,Train,Train
9709,0.04203614,Train,Train
9710,0.047749348,Train,Train
9711,0.05254899,Train,Train
9712,0.032337457,Train,Train
9713,0.03908076,Train,Train
9714,0.041671306,Train,Train
9715,0.062436562,Train,Train
9716,0.029853525,Train,Train
9717,0.02360193,Train,Train
9718,0.031342305,Train,Train
9719,0.041927032,Train,Train
9720,0.05763788,Train,Train
9721,0.038386967,Train,Train
9722,0.034909293,Train,Train
9723,0.046461515,Train,Train
9724,0.02148743,Train,Train
9725,0.05423797,Train,Train
9726,0.046886474,Train,Train
9727,0.024901513,Train,Train
9728,0.028375067,Train,Train
9729,0.036551747,Train,Train
9730,0.03007784,Train,Train
9731,0.043040313,Train,Train
9732,0.03100415,Train,Train
9733,0.08257449,Train,Train
9734,0.026629148,Train,Train
9735,0.043198433,Train,Train
9736,0.033359632,Train,Train
9737,0.042082604,Train,Train
9738,0.053608276,Train,Train
9739,0.02639257,Train,Train
9740,0.043695375,Train,Train
9741,0.044779122,Train,Train
9742,0.042753,Train,Train
9743,0.034833454,Train,Train
9744,0.035372306,Train,Train
9745,0.040531922,Train,Train
9746,0.04313276,Train,Train
9747,0.040939234,Train,Train
9748,0.036146674,Train,Train
9749,0.022538094,Train,Train
9750,0.027002169,Train,Train
9751,0.063818954,Train,Train
9752,0.019274998,Train,Train
9753,0.044451356,Train,Train
9754,0.030356335,Train,Train
9755,0.04508953,Train,Train
9756,0.045864698,Train,Train
9757,0.039297204,Train,Train
9758,0.039052945,Train,Train
9759,0.04843739,Train,Train
9760,0.052569013,Train,Train
9761,0.023905987,Train,Train
9762,0.027664544,Train,Train
9763,0.037489068,Train,Train
9764,0.021207912,Train,Train
9765,0.044627268,Train,Train
9766,0.080784805,Train,Train
9767,0.032852296,Train,Train
9768,0.062366005,Train,Train
9769,0.05282957,Train,Train
9770,0.04064785,Train,Train
9771,0.015268339,Train,Train
9772,0.041627735,Train,Train
9773,0.03247146,Train,Train
9774,0.05863993,Train,Train
9775,0.040136777,Train,Train
9776,0.026511176,Train,Train
9777,0.028961848,Train,Train
9778,0.04525538,Train,Train
9779,0.045670122,Train,Train
9780,0.021181652,Train,Train
9781,0.020621773,Train,Train
9782,0.04678629,Train,Train
9783,0.08773342,Train,Train
9784,0.018901777,Train,Train
9785,0.04074006,Train,Train
9786,0.013387297,Train,Train
9787,0.051180586,Train,Train
9788,0.031097505,Train,Train
9789,0.029796937,Train,Train
9790,0.04723922,Train,Train
9791,0.060232628,Train,Train
9792,0.024236295,Train,Train
9793,0.04032859,Train,Train
9794,0.029573122,Train,Train
9795,0.048733074,Train,Train
9796,0.034902677,Train,Train
9797,0.03445517,Train,Train
9798,0.02976758,Train,Train
9799,0.03971925,Train,Train
9800,0.021732029,Train,Train
9801,0.017783083,Train,Train
9802,0.04941294,Train,Train
9803,0.025785346,Train,Train
9804,0.053536292,Train,Train
9805,0.04180489,Train,Train
9806,0.022210462,Train,Train
9807,0.032884695,Train,Train
9808,0.04770912,Train,Train
9809,0.019786755,Train,Train
9810,0.039208334,Train,Train
9811,0.020333126,Train,Train
9812,0.030284116,Train,Train
9813,0.034844905,Train,Train
9814,0.036964897,Train,Train
9815,0.036247257,Train,Train
9816,0.049122903,Train,Train
9817,0.036694683,Train,Train
9818,0.04829132,Train,Train
9819,0.032059994,Train,Train
9820,0.038462725,Train,Train
9821,0.030490102,Train,Train
9822,0.027706435,Train,Train
9823,0.040631995,Train,Train
9824,0.030842865,Train,Train
9825,0.03500138,Train,Train
9826,0.030225903,Train,Train
9827,0.041573577,Train,Train
9828,0.015721776,Train,Train
9829,0.03898836,Train,Train
9830,0.0328886,Train,Train
9831,0.041442722,Train,Train
9832,0.03134158,Train,Train
9833,0.032662448,Train,Train
9834,0.04109082,Train,Train
9835,0.047318038,Train,Train
9836,0.04690361,Train,Train
9837,0.020433037,Train,Train
9838,0.020984672,Train,Train
9839,0.026579348,Train,Train
9840,0.03234812,Train,Train
9841,0.0296954,Train,Train
9842,0.04420419,Train,Train
9843,0.021498997,Train,Train
9844,0.039366435,Train,Train
9845,0.026977483,Train,Train
9846,0.06376416,Train,Train
9847,0.054874692,Train,Train
9848,0.054009754,Train,Train
9849,0.022987742,Train,Train
9850,0.020727586,Train,Train
9851,0.03273825,Train,Train
9852,0.03992004,Train,Train
9853,0.028597023,Train,Train
9854,0.041277982,Train,Train
9855,0.047952488,Train,Train
9856,0.032171033,Train,Train
9857,0.046550658,Train,Train
9858,0.07919003,Train,Train
9859,0.043753076,Train,Train
9860,0.026319858,Train,Train
9861,0.037277654,Train,Train
9862,0.046348583,Train,Train
9863,0.049678035,Train,Train
9864,0.033368662,Train,Train
9865,0.017224228,Train,Train
9866,0.039472234,Train,Train
9867,0.03477972,Train,Train
9868,0.05198672,Train,Train
9869,0.04428839,Train,Train
9870,0.02997007,Train,Train
9871,0.037137993,Train,Train
9872,0.05735261,Train,Train
9873,0.026694754,Train,Train
9874,0.03885638,Train,Train
9875,0.04332882,Train,Train
9876,0.037448343,Train,Train
9877,0.039364327,Train,Train
9878,0.037735846,Train,Train
9879,0.039925147,Train,Train
9880,0.023681372,Train,Train
9881,0.03848769,Train,Train
9882,0.018089399,Train,Train
9883,0.079086974,Train,Train
9884,0.04653251,Train,Train
9885,0.037445266,Train,Train
9886,0.036465805,Train,Train
9887,0.05894387,Train,Train
9888,0.081180274,Train,Train
9889,0.033431597,Train,Train
9890,0.054794192,Train,Train
9891,0.02367274,Train,Train
9892,0.0321506,Train,Train
9893,0.05093186,Train,Train
9894,0.049188793,Train,Train
9895,0.05353062,Train,Train
9896,0.040673945,Train,Train
9897,0.022071676,Train,Train
9898,0.032500092,Train,Train
9899,0.042946268,Train,Train
9900,0.040262338,Train,Train
9901,0.044440787,Train,Train
9902,0.024944907,Train,Train
9903,0.03287527,Train,Train
9904,0.024184184,Train,Train
9905,0.053042974,Train,Train
9906,0.03823392,Train,Train
9907,0.048788376,Train,Train
9908,0.02313523,Train,Train
9909,0.037095483,Train,Train
9910,0.035826482,Train,Train
9911,0.03442133,Train,Train
9912,0.035373356,Train,Train
9913,0.03249541,Train,Train
9914,0.037825167,Train,Train
9915,0.04030266,Train,Train
9916,0.019471342,Train,Train
9917,0.042381402,Train,Train
9918,0.039163344,Train,Train
9919,0.031693004,Train,Train
9920,0.043569677,Train,Train
9921,0.039357055,Train,Train
9922,0.04285869,Train,Train
9923,0.026757376,Train,Train
9924,0.021983251,Train,Train
9925,0.05199749,Train,Train
9926,0.029976264,Train,Train
9927,0.03456769,Train,Train
9928,0.03832782,Train,Train
9929,0.04669987,Train,Train
9930,0.021648599,Train,Train
9931,0.028358001,Train,Train
9932,0.050196316,Train,Train
9933,0.03553422,Train,Train
9934,0.04145262,Train,Train
9935,0.046226453,Train,Train
9936,0.023269702,Train,Train
9937,0.037608176,Train,Train
9938,0.04472221,Train,Train
9939,0.04963639,Train,Train
9940,0.026663514,Train,Train
9941,0.039353255,Train,Train
9942,0.045351956,Train,Train
9943,0.040165123,Train,Train
9944,0.04599289,Train,Train
9945,0.024246037,Train,Train
9946,0.025173226,Train,Train
9947,0.03762543,Train,Train
9948,0.03575698,Train,Train
9949,0.04178555,Train,Train
9950,0.04054465,Train,Train
9951,0.050850097,Train,Train
9952,0.05187212,Train,Train
9953,0.042668846,Train,Train
9954,0.025041949,Train,Train
9955,0.042093158,Train,Train
9956,0.04122029,Train,Train
9957,0.055109166,Train,Train
9958,0.050518967,Train,Train
9959,0.048557922,Train,Train
9960,0.018854475,Train,Train
9961,0.02199359,Train,Train
9962,0.041018452,Train,Train
9963,0.037609935,Train,Train
9964,0.02527317,Train,Train
9965,0.06135057,Train,Train
9966,0.01801781,Train,Train
9967,0.030706529,Train,Train
9968,0.05043519,Train,Train
9969,0.040591143,Train,Train
9970,0.03291017,Train,Train
9971,0.038154412,Train,Train
9972,0.027422255,Train,Train
9973,0.054123744,Train,Train
9974,0.055744976,Train,Train
9975,0.019861966,Train,Train
9976,0.036816396,Train,Train
9977,0.03205654,Train,Train
9978,0.036191233,Train,Train
9979,0.03910234,Train,Train
9980,0.049298026,Train,Train
9981,0.056379564,Train,Train
9982,0.05048696,Train,Train
9983,0.030945849,Train,Train
9984,0.035311885,Train,Train
9985,0.037818693,Train,Train
9986,0.04669373,Train,Train
9987,0.05851884,Train,Train
9988,0.08657783,Train,Train
9989,0.039006583,Train,Train
9990,0.03011082,Train,Train
9991,0.04596916,Train,Train
9992,0.036137663,Train,Train
9993,0.050960794,Train,Train
9994,0.06090992,Train,Train
9995,0.022288175,Train,Train
9996,0.08648592,Train,Train
9997,0.042785168,Train,Train
9998,0.051745184,Train,Train
9999,0.022897659,Train,Train
10000,0.037266623,Train,Train
10001,0.045544777,Train,Train
10002,0.044055704,Train,Train
10003,0.0379638,Train,Train
10004,0.03380357,Train,Train
10005,0.042044315,Train,Train
10006,0.03547778,Train,Train
10007,0.052502543,Train,Train
10008,0.03500244,Train,Train
10009,0.039835412,Train,Train
10010,0.04202862,Train,Train
10011,0.019093663,Train,Train
10012,0.037379723,Train,Train
10013,0.03782977,Train,Train
10014,0.054802146,Train,Train
10015,0.035703886,Train,Train
10016,0.024335047,Train,Train
10017,0.04875774,Train,Train
10018,0.084463365,Train,Train
10019,0.043475978,Train,Train
10020,0.03725307,Train,Train
10021,0.038419288,Train,Train
10022,0.037785064,Train,Train
10023,0.052868836,Train,Train
10024,0.055473153,Train,Train
10025,0.041839946,Train,Train
10026,0.036993213,Train,Train
10027,0.08043878,Train,Train
10028,0.06423786,Train,Train
10029,0.039971806,Train,Train
10030,0.026642526,Train,Train
10031,0.018795695,Train,Train
10032,0.029696295,Train,Train
10033,0.042798575,Train,Train
10034,0.03991874,Train,Train
10035,0.041680876,Train,Train
10036,0.042295545,Train,Train
10037,0.025829915,Train,Train
10038,0.030680688,Train,Train
10039,0.04132608,Train,Train
10040,0.028805869,Train,Train
10041,0.057339713,Train,Train
10042,0.024127072,Train,Train
10043,0.028716872,Train,Train
10044,0.034494508,Train,Train
10045,0.051861443,Train,Train
10046,0.039648563,Train,Train
10047,0.08249464,Train,Train
10048,0.027648555,Train,Train
10049,0.03736625,Train,Train
10050,0.012540999,Train,Train
10051,0.03698604,Train,Train
10052,0.04492444,Train,Train
10053,0.030773062,Train,Train
10054,0.05689905,Train,Train
10055,0.0511557,Train,Train
10056,0.030142032,Train,Train
10057,0.024315562,Train,Train
10058,0.03811495,Train,Train
10059,0.040115688,Train,Train
10060,0.03844949,Train,Train
10061,0.020502876,Train,Train
10062,0.0449666,Train,Train
10063,0.047125634,Train,Train
10064,0.029341584,Train,Train
10065,0.034217276,Train,Train
10066,0.029232875,Train,Train
10067,0.016961211,Train,Train
10068,0.042423714,Train,Train
10069,0.046221606,Train,Train
10070,0.034381174,Train,Train
10071,0.048923302,Train,Train
10072,0.030939572,Train,Train
10073,0.03999121,Train,Train
10074,0.03547013,Train,Train
10075,0.04036272,Train,Train
10076,0.019893022,Train,Train
10077,0.037057433,Train,Train
10078,0.038328048,Train,Train
10079,0.04132881,Train,Train
10080,0.024554407,Train,Train
10081,0.042712256,Train,Train
10082,0.022136925,Train,Train
10083,0.018184798,Train,Train
10084,0.028216919,Train,Train
10085,0.024884025,Train,Train
10086,0.040362183,Train,Train
10087,0.038380895,Train,Train
10088,0.060526088,Train,Train
10089,0.026932998,Train,Train
10090,0.032686576,Train,Train
10091,0.03401138,Train,Train
10092,0.032383174,Train,Train
10093,0.04321834,Train,Train
10094,0.029564876,Train,Train
10095,0.034032926,Train,Train
10096,0.033131845,Train,Train
10097,0.04506404,Train,Train
10098,0.037457302,Train,Train
10099,0.031794466,Train,Train
10100,0.024846412,Train,Train
10101,0.042417046,Train,Train
10102,0.032136213,Train,Train
10103,0.026474468,Train,Train
10104,0.053542472,Train,Train
10105,0.045539822,Train,Train
10106,0.044754643,Train,Train
10107,0.03517896,Train,Train
10108,0.034318667,Train,Train
10109,0.04733138,Train,Train
10110,0.021464488,Train,Train
10111,0.026543902,Train,Train
10112,0.039047144,Train,Train
10113,0.049714956,Train,Train
10114,0.021590373,Train,Train
10115,0.022997005,Train,Train
10116,0.029911129,Train,Train
10117,0.037472133,Train,Train
10118,0.046302862,Train,Train
10119,0.03904034,Train,Train
10120,0.057190757,Train,Train
10121,0.047860704,Train,Train
10122,0.025370179,Train,Train
10123,0.047196493,Train,Train
10124,0.03525305,Train,Train
10125,0.041929647,Train,Train
10126,0.02832621,Train,Train
10127,0.044526372,Train,Train
10128,0.032372177,Train,Train
10129,0.023542322,Train,Train
10130,0.02128214,Train,Train
10131,0.033287197,Train,Train
10132,0.04558334,Train,Train
10133,0.07215593,Train,Train
10134,0.04749836,Train,Train
10135,0.04447516,Train,Train
10136,0.054151975,Train,Train
10137,0.021865627,Train,Train
10138,0.031883862,Train,Train
10139,0.02002816,Train,Train
10140,0.06521893,Train,Train
10141,0.07238462,Train,Train
10142,0.035654534,Train,Train
10143,0.05980605,Train,Train
10144,0.036409806,Train,Train
10145,0.045581818,Train,Train
10146,0.028414648,Train,Train
10147,0.03576619,Train,Train
10148,0.0234462,Train,Train
10149,0.030232929,Train,Train
10150,0.038259663,Train,Train
10151,0.039565515,Train,Train
10152,0.03399135,Train,Train
10153,0.04703973,Train,Train
10154,0.03753356,Train,Train
10155,0.05176476,Train,Train
10156,0.045454025,Train,Train
10157,0.034001,Train,Train
10158,0.03868271,Train,Train
10159,0.0320037,Train,Train
10160,0.033704214,Train,Train
10161,0.05168611,Train,Train
10162,0.022417769,Train,Train
10163,0.03597227,Train,Train
10164,0.040716883,Train,Train
10165,0.04354579,Train,Train
10166,0.020061707,Train,Train
10167,0.07072156,Train,Train
10168,0.039061803,Train,Train
10169,0.022889541,Train,Train
10170,0.017305354,Train,Train
10171,0.023423837,Train,Train
10172,0.048660077,Train,Train
10173,0.04168431,Train,Train
10174,0.031045264,Train,Train
10175,0.03708559,Train,Train
10176,0.040799282,Train,Train
10177,0.031683795,Train,Train
10178,0.03369494,Train,Train
10179,0.0346777,Train,Train
10180,0.061532766,Train,Train
10181,0.042582855,Train,Train
10182,0.076079644,Train,Train
10183,0.03625023,Train,Train
10184,0.059396196,Train,Train
10185,0.01812459,Train,Train
10186,0.03731577,Train,Train
10187,0.03399501,Train,Train
10188,0.037498552,Train,Train
10189,0.056053434,Train,Train
10190,0.044578936,Train,Train
10191,0.040985513,Train,Train
10192,0.023965858,Train,Train
10193,0.044465385,Train,Train
10194,0.039117306,Train,Train
10195,0.049375713,Train,Train
10196,0.033931024,Train,Train
10197,0.0558071,Train,Train
10198,0.03728594,Train,Train
10199,0.040745188,Train,Train
10200,0.030854799,Train,Train
10201,0.045129303,Train,Train
10202,0.025277471,Train,Train
10203,0.043500453,Train,Train
10204,0.053849343,Train,Train
10205,0.035225652,Train,Train
10206,0.044059336,Train,Train
10207,0.02169009,Train,Train
10208,0.036596656,Train,Train
10209,0.03030788,Train,Train
10210,0.049078953,Train,Train
10211,0.034613665,Train,Train
10212,0.016645065,Train,Train
10213,0.047962617,Train,Train
10214,0.04880707,Train,Train
10215,0.023279216,Train,Train
10216,0.03529408,Train,Train
10217,0.02795778,Train,Train
10218,0.040014498,Train,Train
10219,0.042995222,Train,Train
10220,0.035119794,Train,Train
10221,0.042144433,Train,Train
10222,0.054132,Train,Train
10223,0.04217203,Train,Train
10224,0.01843565,Train,Train
10225,0.039590325,Train,Train
10226,0.025644701,Train,Train
10227,0.036723368,Train,Train
10228,0.03384592,Train,Train
10229,0.029778954,Train,Train
10230,0.0373087,Train,Train
10231,0.032408684,Train,Train
10232,0.044552166,Train,Train
10233,0.05612616,Train,Train
10234,0.024947822,Train,Train
10235,0.047971062,Train,Train
10236,0.04488533,Train,Train
10237,0.049958967,Train,Train
10238,0.03832784,Train,Train
10239,0.048867498,Train,Train
10240,0.08236952,Train,Train
10241,0.028874,Train,Train
10242,0.028676528,Train,Train
10243,0.049395844,Train,Train
10244,0.03353174,Train,Train
10245,0.032332726,Train,Train
10246,0.03538777,Train,Train
10247,0.042965394,Train,Train
10248,0.05297329,Train,Train
10249,0.03893301,Train,Train
10250,0.05535249,Train,Train
10251,0.019713972,Train,Train
10252,0.04391806,Train,Train
10253,0.025352672,Train,Train
10254,0.035681028,Train,Train
10255,0.023478853,Train,Train
10256,0.037341844,Train,Train
10257,0.049700074,Train,Train
10258,0.045350112,Train,Train
10259,0.04086279,Train,Train
10260,0.041539527,Train,Train
10261,0.042458527,Train,Train
10262,0.03971714,Train,Train
10263,0.044422116,Train,Train
10264,0.030960303,Train,Train
10265,0.047545187,Train,Train
10266,0.021609388,Train,Train
10267,0.039413225,Train,Train
10268,0.04315383,Train,Train
10269,0.07933075,Train,Train
10270,0.018978734,Train,Train
10271,0.05512369,Train,Train
10272,0.026993923,Train,Train
10273,0.033851735,Train,Train
10274,0.035609756,Train,Train
10275,0.04832238,Train,Train
10276,0.04002785,Train,Train
10277,0.046474177,Train,Train
10278,0.059611578,Train,Train
10279,0.021829579,Train,Train
10280,0.038389314,Train,Train
10281,0.04565602,Train,Train
10282,0.02294637,Train,Train
10283,0.06382311,Train,Train
10284,0.026774233,Train,Train
10285,0.03887548,Train,Train
10286,0.012571396,Train,Train
10287,0.050485,Train,Train
10288,0.020550981,Train,Train
10289,0.048211098,Train,Train
10290,0.035824113,Train,Train
10291,0.023322787,Train,Train
10292,0.037433583,Train,Train
10293,0.018852098,Train,Train
10294,0.02853435,Train,Train
10295,0.039045706,Train,Train
10296,0.049037237,Train,Train
10297,0.044601016,Train,Train
10298,0.04409309,Train,Train
10299,0.03447646,Train,Train
10300,0.037110914,Train,Train
10301,0.020912468,Train,Train
10302,0.019277709,Train,Train
10303,0.03118491,Train,Train
10304,0.019996548,Train,Train
10305,0.057838388,Train,Train
10306,0.025386825,Train,Train
10307,0.03821705,Train,Train
10308,0.02637551,Train,Train
10309,0.032121316,Train,Train
10310,0.0452485,Train,Train
10311,0.026733696,Train,Train
10312,0.050298676,Train,Train
10313,0.02727356,Train,Train
10314,0.054839373,Train,Train
10315,0.044478685,Train,Train
10316,0.031423192,Train,Train
10317,0.036557805,Train,Train
10318,0.042749487,Train,Train
10319,0.07892373,Train,Train
10320,0.018159704,Train,Train
10321,0.044507347,Train,Train
10322,0.035654645,Train,Train
10323,0.04954295,Train,Train
10324,0.050435852,Train,Train
10325,0.039417353,Train,Train
10326,0.041555222,Train,Train
10327,0.051529054,Train,Train
10328,0.017554734,Train,Train
10329,0.048706863,Train,Train
10330,0.027291236,Train,Train
10331,0.025424436,Train,Train
10332,0.04007212,Train,Train
10333,0.037709102,Train,Train
10334,0.04985143,Train,Train
10335,0.031681035,Train,Train
10336,0.015825188,Train,Train
10337,0.038928963,Train,Train
10338,0.040145442,Train,Train
10339,0.04659568,Train,Train
10340,0.07619519,Train,Train
10341,0.04746972,Train,Train
10342,0.04600986,Train,Train
10343,0.03236949,Train,Train
10344,0.026182927,Train,Train
10345,0.04846383,Train,Train
10346,0.021770198,Train,Train
10347,0.05888717,Train,Train
10348,0.014817529,Train,Train
10349,0.034095515,Train,Train
10350,0.08073905,Train,Train
10351,0.047368575,Train,Train
10352,0.02041103,Train,Train
10353,0.042865265,Train,Train
10354,0.041395295,Train,Train
10355,0.06554479,Train,Train
10356,0.018778294,Train,Train
10357,0.024184255,Train,Train
10358,0.039952926,Train,Train
10359,0.03664221,Train,Train
10360,0.033692986,Train,Train
10361,0.06292585,Train,Train
10362,0.039704327,Train,Train
10363,0.047200426,Train,Train
10364,0.04126605,Train,Train
10365,0.03947033,Train,Train
10366,0.022206107,Train,Train
10367,0.07282464,Train,Train
10368,0.034056965,Train,Train
10369,0.026893122,Train,Train
10370,0.04466171,Train,Train
10371,0.029879985,Train,Train
10372,0.054149557,Train,Train
10373,0.034249995,Train,Train
10374,0.019052258,Train,Train
10375,0.05203915,Train,Train
10376,0.024809243,Train,Train
10377,0.045982342,Train,Train
10378,0.025774645,Train,Train
10379,0.042628903,Train,Train
10380,0.02793508,Train,Train
10381,0.04234155,Train,Train
10382,0.041708376,Train,Train
10383,0.036376867,Train,Train
10384,0.026425034,Train,Train
10385,0.05342002,Train,Train
10386,0.0801564,Train,Train
10387,0.02279793,Train,Train
10388,0.057866752,Train,Train
10389,0.02703265,Train,Train
10390,0.057053193,Train,Train
10391,0.08117276,Train,Train
10392,0.040979635,Train,Train
10393,0.02501136,Train,Train
10394,0.039795674,Train,Train
10395,0.061834063,Train,Train
10396,0.043165524,Train,Train
10397,0.01648397,Train,Train
10398,0.049795635,Train,Train
10399,0.03594839,Train,Train
10400,0.02582751,Train,Train
10401,0.035426177,Train,Train
10402,0.04197691,Train,Train
10403,0.043327637,Train,Train
10404,0.044508595,Train,Train
10405,0.039723955,Train,Train
10406,0.04146101,Train,Train
10407,0.057122573,Train,Train
10408,0.024893776,Train,Train
10409,0.03633654,Train,Train
10410,0.043077897,Train,Train
10411,0.034878787,Train,Train
10412,0.061239596,Train,Train
10413,0.0367029,Train,Train
10414,0.036921993,Train,Train
10415,0.04519787,Train,Train
10416,0.038556885,Train,Train
10417,0.023554254,Train,Train
10418,0.039808903,Train,Train
10419,0.08161307,Train,Train
10420,0.07581237,Train,Train
10421,0.05479196,Train,Train
10422,0.04283729,Train,Train
10423,0.056498766,Train,Train
10424,0.058230404,Train,Train
10425,0.054016616,Train,Train
10426,0.047198705,Train,Train
10427,0.029643537,Train,Train
10428,0.041970484,Train,Train
10429,0.054062024,Train,Train
10430,0.044049095,Train,Train
10431,0.05684733,Train,Train
10432,0.023907268,Train,Train
10433,0.039250024,Train,Train
10434,0.043486763,Train,Train
10435,0.023918135,Train,Train
10436,0.047690522,Train,Train
10437,0.04795735,Train,Train
10438,0.036657255,Train,Train
10439,0.02994471,Train,Train
10440,0.025162987,Train,Train
10441,0.057135005,Train,Train
10442,0.03949617,Train,Train
10443,0.022976924,Train,Train
10444,0.055541154,Train,Train
10445,0.037586205,Train,Train
10446,0.059609327,Train,Train
10447,0.041559253,Train,Train
10448,0.04142508,Train,Train
10449,0.033308398,Train,Train
10450,0.04576376,Train,Train
10451,0.04630655,Train,Train
10452,0.038697403,Train,Train
10453,0.030408042,Train,Train
10454,0.047052708,Train,Train
10455,0.048295144,Train,Train
10456,0.051242374,Train,Train
10457,0.028481372,Train,Train
10458,0.041048795,Train,Train
10459,0.057711605,Train,Train
10460,0.021452371,Train,Train
10461,0.030259404,Train,Train
10462,0.06337519,Train,Train
10463,0.043956622,Train,Train
10464,0.03944796,Train,Train
10465,0.05155692,Train,Train
10466,0.0436285,Train,Train
10467,0.04767524,Train,Train
10468,0.0300975,Train,Train
10469,0.042284954,Train,Train
10470,0.01829047,Train,Train
10471,0.04931387,Train,Train
10472,0.048384972,Train,Train
10473,0.036321096,Train,Train
10474,0.043016806,Train,Train
10475,0.040036127,Train,Train
10476,0.020813419,Train,Train
10477,0.04928978,Train,Train
10478,0.029192703,Train,Train
10479,0.032026134,Train,Train
10480,0.018064518,Train,Train
10481,0.042212307,Train,Train
10482,0.040287577,Train,Train
10483,0.046506684,Train,Train
10484,0.03279938,Train,Train
10485,0.04541112,Train,Train
10486,0.027275413,Train,Train
10487,0.038759213,Train,Train
10488,0.05039625,Train,Train
10489,0.045339856,Train,Train
10490,0.03340668,Train,Train
10491,0.076456845,Train,Train
10492,0.038701136,Train,Train
10493,0.044273134,Train,Train
10494,0.033913806,Train,Train
10495,0.038219772,Train,Train
10496,0.033114146,Train,Train
10497,0.08423711,Train,Train
10498,0.03854779,Train,Train
10499,0.036059283,Train,Train
10500,0.036928914,Train,Train
10501,0.028670263,Train,Train
10502,0.043375798,Train,Train
10503,0.017258946,Train,Train
10504,0.027904361,Train,Train
10505,0.055456407,Train,Train
10506,0.037105877,Train,Train
10507,0.04788325,Train,Train
10508,0.03980439,Train,Train
10509,0.03319117,Train,Train
10510,0.043692756,Train,Train
10511,0.047010403,Train,Train
10512,0.043134507,Train,Train
10513,0.02774698,Train,Train
10514,0.04203099,Train,Train
10515,0.020710992,Train,Train
10516,0.0395148,Train,Train
10517,0.051319376,Train,Train
10518,0.017424911,Train,Train
10519,0.022873871,Train,Train
10520,0.037136674,Train,Train
10521,0.020633077,Train,Train
10522,0.049429372,Train,Train
10523,0.020445911,Train,Train
10524,0.03306315,Train,Train
10525,0.04839251,Train,Train
10526,0.024969399,Train,Train
10527,0.024794072,Train,Train
10528,0.023158621,Train,Train
10529,0.05371307,Train,Train
10530,0.019774051,Train,Train
10531,0.031872407,Train,Train
10532,0.02782505,Train,Train
10533,0.04807627,Train,Train
10534,0.0445087,Train,Train
10535,0.03062555,Train,Train
10536,0.045070373,Train,Train
10537,0.042969223,Train,Train
10538,0.025631333,Train,Train
10539,0.04674343,Train,Train
10540,0.036828164,Train,Train
10541,0.029851919,Train,Train
10542,0.033472482,Train,Train
10543,0.051455438,Train,Train
10544,0.04921148,Train,Train
10545,0.052295733,Train,Train
10546,0.050579783,Train,Train
10547,0.04233433,Train,Train
10548,0.047203973,Train,Train
10549,0.033837035,Train,Train
10550,0.025922194,Train,Train
10551,0.031491008,Train,Train
10552,0.028137725,Train,Train
10553,0.045242187,Train,Train
10554,0.08255977,Train,Train
10555,0.047450125,Train,Train
10556,0.047899816,Train,Train
10557,0.023742516,Train,Train
10558,0.032858487,Train,Train
10559,0.038851935,Train,Train
10560,0.081461586,Train,Train
10561,0.03366221,Train,Train
10562,0.02483333,Train,Train
10563,0.02353499,Train,Train
10564,0.03089751,Train,Train
10565,0.026548639,Train,Train
10566,0.042671204,Train,Train
10567,0.0638506,Train,Train
10568,0.04374331,Train,Train
10569,0.04403897,Train,Train
10570,0.017292101,Train,Train
10571,0.034201387,Train,Train
10572,0.08616027,Train,Train
10573,0.043424945,Train,Train
10574,0.03841236,Train,Train
10575,0.03942085,Train,Train
10576,0.04942736,Train,Train
10577,0.05203396,Train,Train
10578,0.013690345,Train,Train
10579,0.035618126,Train,Train
10580,0.06010075,Train,Train
10581,0.027667642,Train,Train
10582,0.022186909,Train,Train
10583,0.039770834,Train,Train
10584,0.042061348,Train,Train
10585,0.041489195,Train,Train
10586,0.06492225,Train,Train
10587,0.0410926,Train,Train
10588,0.038920466,Train,Train
10589,0.03912936,Train,Train
10590,0.028825503,Train,Train
10591,0.03176863,Train,Train
10592,0.061686132,Train,Train
10593,0.031414837,Train,Train
10594,0.05422607,Train,Train
10595,0.03644643,Train,Train
10596,0.03773271,Train,Train
10597,0.05070766,Train,Train
10598,0.032413643,Train,Train
10599,0.02850914,Train,Train
10600,0.021926148,Train,Train
10601,0.04484896,Train,Train
10602,0.029498504,Train,Train
10603,0.032971576,Train,Train
10604,0.036907498,Train,Train
10605,0.03428964,Train,Train
10606,0.035929784,Train,Train
10607,0.026356574,Train,Train
10608,0.035537936,Train,Train
10609,0.036468793,Train,Train
10610,0.04175525,Train,Train
10611,0.013774862,Train,Train
10612,0.026504517,Train,Train
10613,0.04765508,Train,Train
10614,0.033931393,Train,Train
10615,0.038538035,Train,Train
10616,0.041172124,Train,Train
10617,0.039033294,Train,Train
10618,0.025226394,Train,Train
10619,0.03099832,Train,Train
10620,0.023340287,Train,Train
10621,0.035274584,Train,Train
10622,0.04352948,Train,Train
10623,0.046896443,Train,Train
10624,0.049036507,Train,Train
10625,0.020257272,Train,Train
10626,0.02008776,Train,Train
10627,0.045170814,Train,Train
10628,0.032060023,Train,Train
10629,0.023266533,Train,Train
10630,0.024020972,Train,Train
10631,0.03742611,Train,Train
10632,0.01977124,Train,Train
10633,0.03801134,Train,Train
10634,0.0371205,Train,Train
10635,0.04864383,Train,Train
10636,0.06087215,Train,Train
10637,0.030746207,Train,Train
10638,0.02204564,Train,Train
10639,0.0149324825,Train,Train
10640,0.033386067,Train,Train
10641,0.038443554,Train,Train
10642,0.0303024,Train,Train
10643,0.025276557,Train,Train
10644,0.047862742,Train,Train
10645,0.022961406,Train,Train
10646,0.024330884,Train,Train
10647,0.046731267,Train,Train
10648,0.05646159,Train,Train
10649,0.05227262,Train,Train
10650,0.022493515,Train,Train
10651,0.053100713,Train,Train
10652,0.038145173,Train,Train
10653,0.05139344,Train,Train
10654,0.039283343,Train,Train
10655,0.089402765,Train,Train
10656,0.08585659,Train,Train
10657,0.028898992,Train,Train
10658,0.04626158,Train,Train
10659,0.05394547,Train,Train
10660,0.031005606,Train,Train
10661,0.03762182,Train,Train
10662,0.05418378,Train,Train
10663,0.03764667,Train,Train
10664,0.02581675,Train,Train
10665,0.049221557,Train,Train
10666,0.036718626,Train,Train
10667,0.036710635,Train,Train
10668,0.058800865,Train,Train
10669,0.04506302,Train,Train
10670,0.036007255,Train,Train
10671,0.029698513,Train,Train
10672,0.030766165,Train,Train
10673,0.030036267,Train,Train
10674,0.030784827,Train,Train
10675,0.044352494,Train,Train
10676,0.046662025,Train,Train
10677,0.025567444,Train,Train
10678,0.042901523,Train,Train
10679,0.02770913,Train,Train
10680,0.05225939,Train,Train
10681,0.049390055,Train,Train
10682,0.038134787,Train,Train
10683,0.05710838,Train,Train
10684,0.036329716,Train,Train
10685,0.024379658,Train,Train
10686,0.024242342,Train,Train
10687,0.046689365,Train,Train
10688,0.045276474,Train,Train
10689,0.03882564,Train,Train
10690,0.037210323,Train,Train
10691,0.03850007,Train,Train
10692,0.02523182,Train,Train
10693,0.033749625,Train,Train
10694,0.02295906,Train,Train
10695,0.028571991,Train,Train
10696,0.0419807,Train,Train
10697,0.03979132,Train,Train
10698,0.038928084,Train,Train
10699,0.05680441,Train,Train
10700,0.038526997,Train,Train
10701,0.042355727,Train,Train
10702,0.050052784,Train,Train
10703,0.047648136,Train,Train
10704,0.042681143,Train,Train
10705,0.041639578,Train,Train
10706,0.03360448,Train,Train
10707,0.02998206,Train,Train
10708,0.02290608,Train,Train
10709,0.060958505,Train,Train
10710,0.014815043,Train,Train
10711,0.036536243,Train,Train
10712,0.045539133,Train,Train
10713,0.03376686,Train,Train
10714,0.03145324,Train,Train
10715,0.029856157,Train,Train
10716,0.04788691,Train,Train
10717,0.033514567,Train,Train
10718,0.03415815,Train,Train
10719,0.04111561,Train,Train
10720,0.03669105,Train,Train
10721,0.033265527,Train,Train
10722,0.04167392,Train,Train
10723,0.03997041,Train,Train
10724,0.02583913,Train,Train
10725,0.024327192,Train,Train
10726,0.043240596,Train,Train
10727,0.032415323,Train,Train
10728,0.036939275,Train,Train
10729,0.0673691,Train,Train
10730,0.04789526,Train,Train
10731,0.026157849,Train,Train
10732,0.04833092,Train,Train
10733,0.05148807,Train,Train
10734,0.03622533,Train,Train
10735,0.032158684,Train,Train
10736,0.048445154,Train,Train
10737,0.03790621,Train,Train
10738,0.038455326,Train,Train
10739,0.034132063,Train,Train
10740,0.035434276,Train,Train
10741,0.017537149,Train,Train
10742,0.07503299,Train,Train
10743,0.022440063,Train,Train
10744,0.04220148,Train,Train
10745,0.034691636,Train,Train
10746,0.048180774,Train,Train
10747,0.051152885,Train,Train
10748,0.027176997,Train,Train
10749,0.03635546,Train,Train
10750,0.056193046,Train,Train
10751,0.021113373,Train,Train
10752,0.03490247,Train,Train
10753,0.038540255,Train,Train
10754,0.04433866,Train,Train
10755,0.043017007,Train,Train
10756,0.047996625,Train,Train
10757,0.040548097,Train,Train
10758,0.01850652,Train,Train
10759,0.0494241,Train,Train
10760,0.0334945,Train,Train
10761,0.090958126,Train,Train
10762,0.08456379,Train,Train
10763,0.02416756,Train,Train
10764,0.050407324,Train,Train
10765,0.040582065,Train,Train
10766,0.039777137,Train,Train
10767,0.020195061,Train,Train
10768,0.04952981,Train,Train
10769,0.018207414,Train,Train
10770,0.04191274,Train,Train
10771,0.044331595,Train,Train
10772,0.034247976,Train,Train
10773,0.038248308,Train,Train
10774,0.023500519,Train,Train
10775,0.018606348,Train,Train
10776,0.053169828,Train,Train
10777,0.028306805,Train,Train
10778,0.048993524,Train,Train
10779,0.027642146,Train,Train
10780,0.03555404,Train,Train
10781,0.043993652,Train,Train
10782,0.059095692,Train,Train
10783,0.04306174,Train,Train
10784,0.036738202,Train,Train
10785,0.029473582,Train,Train
10786,0.04992633,Train,Train
10787,0.03131008,Train,Train
10788,0.026564132,Train,Train
10789,0.041061684,Train,Train
10790,0.037590623,Train,Train
10791,0.05483151,Train,Train
10792,0.034173474,Train,Train
10793,0.024938725,Train,Train
10794,0.04781593,Train,Train
10795,0.044553623,Train,Train
10796,0.023039607,Train,Train
10797,0.048187993,Train,Train
10798,0.04876269,Train,Train
10799,0.049145047,Train,Train
10800,0.025840105,Train,Train
10801,0.020107288,Train,Train
10802,0.059134144,Train,Train
10803,0.045407567,Train,Train
10804,0.037499722,Train,Train
10805,0.053766545,Train,Train
10806,0.073721536,Train,Train
10807,0.03356344,Train,Train
10808,0.036445696,Train,Train
10809,0.033371888,Train,Train
10810,0.027058044,Train,Train
10811,0.088476546,Train,Train
10812,0.042685736,Train,Train
10813,0.041766614,Train,Train
10814,0.03970625,Train,Train
10815,0.07556196,Train,Train
10816,0.04758262,Train,Train
10817,0.059678867,Train,Train
10818,0.045588914,Train,Train
10819,0.04679801,Train,Train
10820,0.024634847,Train,Train
10821,0.040550113,Train,Train
10822,0.042047463,Train,Train
10823,0.046231233,Train,Train
10824,0.05572259,Train,Train
10825,0.052125074,Train,Train
10826,0.042097263,Train,Train
10827,0.048175313,Train,Train
10828,0.03631291,Train,Train
10829,0.02677814,Train,Train
10830,0.043137982,Train,Train
10831,0.038693234,Train,Train
10832,0.049691763,Train,Train
10833,0.047246907,Train,Train
10834,0.03720221,Train,Train
10835,0.027523492,Train,Train
10836,0.033370234,Train,Train
10837,0.028221656,Train,Train
10838,0.04039224,Train,Train
10839,0.025969297,Train,Train
10840,0.039058547,Train,Train
10841,0.04981984,Train,Train
10842,0.034729566,Train,Train
10843,0.031305734,Train,Train
10844,0.04443694,Train,Train
10845,0.053677715,Train,Train
10846,0.03135676,Train,Train
10847,0.038699485,Train,Train
10848,0.024959227,Train,Train
10849,0.04095189,Train,Train
10850,0.03738155,Train,Train
10851,0.04799245,Train,Train
10852,0.02033746,Train,Train
10853,0.05407319,Train,Train
10854,0.051363647,Train,Train
10855,0.05541385,Train,Train
10856,0.021334253,Train,Train
10857,0.04886398,Train,Train
10858,0.05004965,Train,Train
10859,0.04335944,Train,Train
10860,0.07213962,Train,Train
10861,0.042907245,Train,Train
10862,0.06358267,Train,Train
10863,0.030950084,Train,Train
10864,0.034513388,Train,Train
10865,0.053375106,Train,Train
10866,0.030397613,Train,Train
10867,0.043399036,Train,Train
10868,0.026548149,Train,Train
10869,0.04020571,Train,Train
10870,0.02847473,Train,Train
10871,0.03345806,Train,Train
10872,0.032713067,Train,Train
10873,0.04391349,Train,Train
10874,0.04406071,Train,Train
10875,0.0340115,Train,Train
10876,0.03555129,Train,Train
10877,0.03414867,Train,Train
10878,0.020391732,Train,Train
10879,0.047255326,Train,Train
10880,0.033188697,Train,Train
10881,0.022647468,Train,Train
10882,0.047984406,Train,Train
10883,0.05466696,Train,Train
10884,0.052681707,Train,Train
10885,0.051615115,Train,Train
10886,0.023231411,Train,Train
10887,0.018508682,Train,Train
10888,0.029471627,Train,Train
10889,0.031277467,Train,Train
10890,0.049630392,Train,Train
10891,0.06661252,Train,Train
10892,0.022341534,Train,Train
10893,0.05210316,Train,Train
10894,0.054485567,Train,Train
10895,0.032725174,Train,Train
10896,0.016235204,Train,Train
10897,0.035205472,Train,Train
10898,0.048014864,Train,Train
10899,0.04049861,Train,Train
10900,0.07241391,Train,Train
10901,0.016066385,Train,Train
10902,0.040925033,Train,Train
10903,0.018528607,Train,Train
10904,0.032511014,Train,Train
10905,0.0586235,Train,Train
10906,0.020417463,Train,Train
10907,0.08329781,Train,Train
10908,0.025777806,Train,Train
10909,0.040915072,Train,Train
10910,0.050990988,Train,Train
10911,0.049459506,Train,Train
10912,0.030788444,Train,Train
10913,0.043535665,Train,Train
10914,0.035092957,Train,Train
10915,0.035163604,Train,Train
10916,0.026686698,Train,Train
10917,0.045016225,Train,Train
10918,0.018493788,Train,Train
10919,0.028879255,Train,Train
10920,0.039684456,Train,Train
10921,0.049678963,Train,Train
10922,0.013090779,Train,Train
10923,0.06354591,Train,Train
10924,0.040350873,Train,Train
10925,0.02689331,Train,Train
10926,0.034694146,Train,Train
10927,0.060105577,Train,Train
10928,0.042642448,Train,Train
10929,0.027589122,Train,Train
10930,0.045529105,Train,Train
10931,0.029246155,Train,Train
10932,0.021708192,Train,Train
10933,0.02860582,Train,Train
10934,0.04136435,Train,Train
10935,0.04298064,Train,Train
10936,0.04808095,Train,Train
10937,0.032294575,Train,Train
10938,0.039751954,Train,Train
10939,0.042103164,Train,Train
10940,0.043507334,Train,Train
10941,0.043900803,Train,Train
10942,0.03663522,Train,Train
10943,0.037632138,Train,Train
10944,0.04601879,Train,Train
10945,0.050753094,Train,Train
10946,0.04057979,Train,Train
10947,0.039218273,Train,Train
10948,0.029274177,Train,Train
10949,0.05266752,Train,Train
10950,0.024229856,Train,Train
10951,0.023920948,Train,Train
10952,0.03436805,Train,Train
10953,0.052035492,Train,Train
10954,0.047661837,Train,Train
10955,0.021244364,Train,Train
10956,0.047707815,Train,Train
10957,0.03475945,Train,Train
10958,0.021429654,Train,Train
10959,0.042780958,Train,Train
10960,0.04099327,Train,Train
10961,0.027913209,Train,Train
10962,0.04720745,Train,Train
10963,0.020276494,Train,Train
10964,0.053849638,Train,Train
10965,0.050376955,Train,Train
10966,0.03740428,Train,Train
10967,0.042909615,Train,Train
10968,0.032811213,Train,Train
10969,0.05213323,Train,Train
10970,0.043935515,Train,Train
10971,0.04032487,Train,Train
10972,0.054315146,Train,Train
10973,0.02266008,Train,Train
10974,0.09819888,Train,Train
10975,0.056636337,Train,Train
10976,0.03638974,Train,Train
10977,0.062066384,Train,Train
10978,0.047795948,Train,Train
10979,0.048830472,Train,Train
10980,0.040639073,Train,Train
10981,0.041963544,Train,Train
10982,0.031069502,Train,Train
10983,0.042238507,Train,Train
10984,0.04944454,Train,Train
10985,0.028047536,Train,Train
10986,0.01723591,Train,Train
10987,0.036083203,Train,Train
10988,0.044450764,Train,Train
10989,0.020113006,Train,Train
10990,0.023425633,Train,Train
10991,0.038628668,Train,Train
10992,0.029956518,Train,Train
10993,0.034103367,Train,Train
10994,0.017974146,Train,Train
10995,0.045864794,Train,Train
10996,0.06530741,Train,Train
10997,0.040185347,Train,Train
10998,0.049485303,Train,Train
10999,0.025543762,Train,Train
11000,0.042236432,Train,Train
11001,0.05028681,Train,Train
11002,0.026590899,Train,Train
11003,0.045722965,Train,Train
11004,0.03601987,Train,Train
11005,0.04884841,Train,Train
11006,0.045943648,Train,Train
11007,0.033950027,Train,Train
11008,0.054770015,Train,Train
11009,0.043535043,Train,Train
11010,0.053145185,Train,Train
11011,0.08370229,Train,Train
11012,0.045290653,Train,Train
11013,0.023630435,Train,Train
11014,0.04147854,Train,Train
11015,0.037645515,Train,Train
11016,0.08497214,Train,Train
11017,0.045518335,Train,Train
11018,0.05159225,Train,Train
11019,0.048477564,Train,Train
11020,0.024969526,Train,Train
11021,0.05432492,Train,Train
11022,0.035495564,Train,Train
11023,0.038427915,Train,Train
11024,0.036528546,Train,Train
11025,0.045117617,Train,Train
11026,0.051548183,Train,Train
11027,0.018355615,Train,Train
11028,0.041643202,Train,Train
11029,0.05039104,Train,Train
11030,0.038834047,Train,Train
11031,0.04929634,Train,Train
11032,0.08046774,Train,Train
11033,0.04401663,Train,Train
11034,0.04146437,Train,Train
11035,0.04883412,Train,Train
11036,0.019812498,Train,Train
11037,0.04116498,Train,Train
11038,0.030417858,Train,Train
11039,0.029115112,Train,Train
11040,0.03383687,Train,Train
11041,0.040257208,Train,Train
11042,0.062408887,Train,Train
11043,0.050827347,Train,Train
11044,0.049627922,Train,Train
11045,0.03394421,Train,Train
11046,0.047426153,Train,Train
11047,0.03702572,Train,Train
11048,0.0438413,Train,Train
11049,0.020673681,Train,Train
11050,0.037098665,Train,Train
11051,0.035750538,Train,Train
11052,0.049544696,Train,Train
11053,0.022962334,Train,Train
11054,0.035105724,Train,Train
11055,0.05517299,Train,Train
11056,0.031669118,Train,Train
11057,0.017084854,Train,Train
11058,0.052665953,Train,Train
11059,0.032263737,Train,Train
11060,0.024895139,Train,Train
11061,0.046919476,Train,Train
11062,0.03162521,Train,Train
11063,0.019049358,Train,Train
11064,0.052386146,Train,Train
11065,0.041604403,Train,Train
11066,0.047218014,Train,Train
11067,0.044566732,Train,Train
11068,0.042617247,Train,Train
11069,0.04906564,Train,Train
11070,0.032972474,Train,Train
11071,0.03704895,Train,Train
11072,0.065491684,Train,Train
11073,0.020192513,Train,Train
11074,0.04380222,Train,Train
11075,0.050120924,Train,Train
11076,0.032436382,Train,Train
11077,0.03775544,Train,Train
11078,0.033225182,Train,Train
11079,0.04760539,Train,Train
11080,0.025382996,Train,Train
11081,0.07256616,Train,Train
11082,0.044176962,Train,Train
11083,0.049650658,Train,Train
11084,0.044310126,Train,Train
11085,0.037566684,Train,Train
11086,0.02825299,Train,Train
11087,0.06824802,Train,Train
11088,0.05366618,Train,Train
11089,0.03826538,Train,Train
11090,0.024611343,Train,Train
11091,0.022717379,Train,Train
11092,0.03106518,Train,Train
11093,0.03494444,Train,Train
11094,0.025410505,Train,Train
11095,0.07767254,Train,Train
11096,0.041516926,Train,Train
11097,0.02370746,Train,Train
11098,0.036072277,Train,Train
11099,0.04733656,Train,Train
11100,0.055373315,Train,Train
11101,0.05078622,Train,Train
11102,0.03816781,Train,Train
11103,0.025628505,Train,Train
11104,0.04807577,Train,Train
11105,0.024710767,Train,Train
11106,0.05092065,Train,Train
11107,0.044076283,Train,Train
11108,0.038604844,Train,Train
11109,0.088690825,Train,Train
11110,0.037999254,Train,Train
11111,0.025300454,Train,Train
11112,0.038745776,Train,Train
11113,0.024938641,Train,Train
11114,0.04301536,Train,Train
11115,0.045965627,Train,Train
11116,0.030080056,Train,Train
11117,0.022664024,Train,Train
11118,0.055448666,Train,Train
11119,0.030575048,Train,Train
11120,0.054071642,Train,Train
11121,0.027068878,Train,Train
11122,0.041356094,Train,Train
11123,0.034573,Train,Train
11124,0.020746784,Train,Train
11125,0.061492126,Train,Train
11126,0.037199143,Train,Train
11127,0.037831567,Train,Train
11128,0.041281946,Train,Train
11129,0.020241812,Train,Train
11130,0.025525639,Train,Train
11131,0.055389818,Train,Train
11132,0.036874685,Train,Train
11133,0.037656013,Train,Train
11134,0.04827085,Train,Train
11135,0.026420921,Train,Train
11136,0.02758357,Train,Train
11137,0.06369348,Train,Train
11138,0.04361278,Train,Train
11139,0.039759018,Train,Train
11140,0.05987207,Train,Train
11141,0.028066067,Train,Train
11142,0.023677317,Train,Train
11143,0.074305385,Train,Train
11144,0.041154005,Train,Train
11145,0.022581816,Train,Train
11146,0.024473567,Train,Train
11147,0.024369957,Train,Train
11148,0.053019576,Train,Train
11149,0.035000417,Train,Train
11150,0.03231615,Train,Train
11151,0.038497392,Train,Train
11152,0.03553331,Train,Train
11153,0.037375506,Train,Train
11154,0.019450191,Train,Train
11155,0.02284035,Train,Train
11156,0.0456928,Train,Train
11157,0.0398695,Train,Train
11158,0.026221765,Train,Train
11159,0.038715787,Train,Train
11160,0.025184082,Train,Train
11161,0.021512939,Train,Train
11162,0.04402626,Train,Train
11163,0.0452753,Train,Train
11164,0.030004783,Train,Train
11165,0.048261397,Train,Train
11166,0.030886292,Train,Train
11167,0.038699806,Train,Train
11168,0.04286554,Train,Train
11169,0.015524257,Train,Train
11170,0.047139764,Train,Train
11171,0.028477622,Train,Train
11172,0.056159608,Train,Train
11173,0.058584083,Train,Train
11174,0.036858052,Train,Train
11175,0.042042226,Train,Train
11176,0.040958833,Train,Train
11177,0.05938945,Train,Train
11178,0.08103974,Train,Train
11179,0.040669546,Train,Train
11180,0.037573256,Train,Train
11181,0.057051636,Train,Train
11182,0.039266367,Train,Train
11183,0.03974919,Train,Train
11184,0.021913055,Train,Train
11185,0.023578396,Train,Train
11186,0.028464096,Train,Train
11187,0.08128806,Train,Train
11188,0.05604906,Train,Train
11189,0.019567033,Train,Train
11190,0.06870991,Train,Train
11191,0.047773197,Train,Train
11192,0.03539051,Train,Train
11193,0.06769499,Train,Train
11194,0.046086077,Train,Train
11195,0.041425873,Train,Train
11196,0.05250793,Train,Train
11197,0.045429267,Train,Train
11198,0.0762017,Train,Train
11199,0.038178775,Train,Train
11200,0.028618582,Train,Train
11201,0.06387669,Train,Train
11202,0.07949481,Train,Train
11203,0.03735306,Train,Train
11204,0.038996395,Train,Train
11205,0.035000354,Train,Train
11206,0.033769045,Train,Train
11207,0.0381885,Train,Train
11208,0.048465252,Train,Train
11209,0.026378209,Train,Train
11210,0.03233696,Train,Train
11211,0.052573923,Train,Train
11212,0.045261525,Train,Train
11213,0.019525222,Train,Train
11214,0.051522385,Train,Train
11215,0.055310477,Train,Train
11216,0.040076483,Train,Train
11217,0.052699193,Train,Train
11218,0.027429495,Train,Train
11219,0.033457488,Train,Train
11220,0.039299257,Train,Train
11221,0.03593658,Train,Train
11222,0.03479367,Train,Train
11223,0.06537931,Train,Train
11224,0.05751197,Train,Train
11225,0.047260825,Train,Train
11226,0.045833398,Train,Train
11227,0.047241192,Train,Train
11228,0.038814876,Train,Train
11229,0.04986748,Train,Train
11230,0.017872417,Train,Train
11231,0.033816084,Train,Train
11232,0.060931835,Train,Train
11233,0.030561132,Train,Train
11234,0.04296186,Train,Train
11235,0.05157056,Train,Train
11236,0.03612746,Train,Train
11237,0.05248012,Train,Train
11238,0.03852818,Train,Train
11239,0.026333043,Train,Train
11240,0.03845298,Train,Train
11241,0.037298065,Train,Train
11242,0.053681195,Train,Train
11243,0.025779914,Train,Train
11244,0.022986928,Train,Train
11245,0.039431214,Train,Train
11246,0.053707633,Train,Train
11247,0.03293927,Train,Train
11248,0.01783805,Train,Train
11249,0.035035126,Train,Train
11250,0.030821953,Train,Train
11251,0.034736164,Train,Train
11252,0.035254095,Train,Train
11253,0.033864915,Train,Train
11254,0.03889441,Train,Train
11255,0.036607396,Train,Train
11256,0.028105333,Train,Train
11257,0.039247587,Train,Train
11258,0.044011965,Train,Train
11259,0.032943342,Train,Train
11260,0.052360717,Train,Train
11261,0.05386539,Train,Train
11262,0.022931289,Train,Train
11263,0.044669863,Train,Train
11264,0.03357842,Train,Train
11265,0.040892445,Train,Train
11266,0.030053843,Train,Train
11267,0.037168063,Train,Train
11268,0.057562042,Train,Train
11269,0.027361043,Train,Train
11270,0.021798491,Train,Train
11271,0.038491286,Train,Train
11272,0.03197134,Train,Train
11273,0.03426175,Train,Train
11274,0.024050364,Train,Train
11275,0.023366025,Train,Train
11276,0.041808486,Train,Train
11277,0.05106909,Train,Train
11278,0.050902586,Train,Train
11279,0.03218675,Train,Train
11280,0.024949038,Train,Train
11281,0.044414382,Train,Train
11282,0.038486328,Train,Train
11283,0.047214884,Train,Train
11284,0.03977275,Train,Train
11285,0.035062257,Train,Train
11286,0.033033617,Train,Train
11287,0.03418584,Train,Train
11288,0.029694846,Train,Train
11289,0.016525026,Train,Train
11290,0.04063045,Train,Train
11291,0.05092269,Train,Train
11292,0.036837485,Train,Train
11293,0.036686454,Train,Train
11294,0.032446012,Train,Train
11295,0.036777906,Train,Train
11296,0.042812318,Train,Train
11297,0.03007884,Train,Train
11298,0.035177354,Train,Train
11299,0.035579372,Train,Train
11300,0.03583721,Train,Train
11301,0.02752064,Train,Train
11302,0.04240725,Train,Train
11303,0.03660024,Train,Train
11304,0.07829871,Train,Train
11305,0.046756685,Train,Train
11306,0.036779236,Train,Train
11307,0.05585333,Train,Train
11308,0.029657915,Train,Train
11309,0.028797701,Train,Train
11310,0.045875013,Train,Train
11311,0.03894927,Train,Train
11312,0.024059169,Train,Train
11313,0.049942166,Train,Train
11314,0.021641422,Train,Train
11315,0.035812765,Train,Train
11316,0.044299383,Train,Train
11317,0.024402475,Train,Train
11318,0.051844895,Train,Train
11319,0.062237497,Train,Train
11320,0.055597734,Train,Train
11321,0.04246656,Train,Train
11322,0.025334485,Train,Train
11323,0.034329284,Train,Train
11324,0.022305164,Train,Train
11325,0.038111348,Train,Train
11326,0.03535918,Train,Train
11327,0.08674716,Train,Train
11328,0.06369936,Train,Train
11329,0.028261563,Train,Train
11330,0.030252943,Train,Train
11331,0.041065674,Train,Train
11332,0.026718827,Train,Train
11333,0.02877893,Train,Train
11334,0.07672097,Train,Train
11335,0.0491123,Train,Train
11336,0.036620535,Train,Train
11337,0.018119138,Train,Train
11338,0.042136975,Train,Train
11339,0.05203434,Train,Train
11340,0.04867455,Train,Train
11341,0.03839864,Train,Train
11342,0.050498556,Train,Train
11343,0.04882962,Train,Train
11344,0.03773031,Train,Train
11345,0.042315986,Train,Train
11346,0.047369357,Train,Train
11347,0.014921026,Train,Train
11348,0.029347448,Train,Train
11349,0.028623648,Train,Train
11350,0.03965163,Train,Train
11351,0.030275539,Train,Train
11352,0.050885342,Train,Train
11353,0.05582841,Train,Train
11354,0.026532572,Train,Train
11355,0.03807219,Train,Train
11356,0.060638886,Train,Train
11357,0.05285482,Train,Train
11358,0.045899175,Train,Train
11359,0.018151252,Train,Train
11360,0.090521336,Train,Train
11361,0.043050457,Train,Train
11362,0.03376178,Train,Train
11363,0.04985259,Train,Train
11364,0.03020112,Train,Train
11365,0.043408774,Train,Train
11366,0.040850885,Train,Train
11367,0.04233771,Train,Train
11368,0.0499013,Train,Train
11369,0.05291796,Train,Train
11370,0.048644215,Train,Train
11371,0.041010905,Train,Train
11372,0.02881894,Train,Train
11373,0.05906401,Train,Train
11374,0.033530824,Train,Train
11375,0.08280033,Train,Train
11376,0.03497619,Train,Train
11377,0.05157391,Train,Train
11378,0.040633574,Train,Train
11379,0.033937007,Train,Train
11380,0.04799949,Train,Train
11381,0.041254904,Train,Train
11382,0.040069375,Train,Train
11383,0.043466307,Train,Train
11384,0.049644228,Train,Train
11385,0.04506656,Train,Train
11386,0.042941526,Train,Train
11387,0.034157537,Train,Train
11388,0.030131327,Train,Train
11389,0.03426701,Train,Train
11390,0.03447285,Train,Train
11391,0.036271043,Train,Train
11392,0.047264736,Train,Train
11393,0.03514963,Train,Train
11394,0.054051295,Train,Train
11395,0.07032286,Train,Train
11396,0.042771954,Train,Train
11397,0.051963616,Train,Train
11398,0.038255937,Train,Train
11399,0.054804627,Train,Train
11400,0.035788037,Train,Train
11401,0.06374481,Train,Train
11402,0.059574883,Train,Train
11403,0.05586899,Train,Train
11404,0.039443005,Train,Train
11405,0.030336665,Train,Train
11406,0.04324854,Train,Train
11407,0.04338059,Train,Train
11408,0.015375659,Train,Train
11409,0.05012876,Train,Train
11410,0.048604693,Train,Train
11411,0.026885696,Train,Train
11412,0.083754726,Train,Train
11413,0.036351487,Train,Train
11414,0.016655494,Train,Train
11415,0.030068241,Train,Train
11416,0.022203328,Train,Train
11417,0.030400168,Train,Train
11418,0.0437931,Train,Train
11419,0.050073136,Train,Train
11420,0.019940693,Train,Train
11421,0.02605772,Train,Train
11422,0.032923833,Train,Train
11423,0.03637069,Train,Train
11424,0.027098723,Train,Train
11425,0.036518037,Train,Train
11426,0.03761289,Train,Train
11427,0.04653379,Train,Train
11428,0.043971166,Train,Train
11429,0.05594575,Train,Train
11430,0.03634205,Train,Train
11431,0.030043278,Train,Train
11432,0.018662293,Train,Train
11433,0.03556232,Train,Train
11434,0.040190034,Train,Train
11435,0.028867267,Train,Train
11436,0.035389286,Train,Train
11437,0.037879482,Train,Train
11438,0.04110221,Train,Train
11439,0.025365235,Train,Train
11440,0.0372678,Train,Train
11441,0.02292215,Train,Train
11442,0.025154706,Train,Train
11443,0.05023421,Train,Train
11444,0.016435824,Train,Train
11445,0.057783462,Train,Train
11446,0.052997004,Train,Train
11447,0.047542267,Train,Train
11448,0.024592992,Train,Train
11449,0.05274221,Train,Train
11450,0.049731765,Train,Train
11451,0.027529994,Train,Train
11452,0.049405374,Train,Train
11453,0.0597318,Train,Train
11454,0.028070245,Train,Train
11455,0.02885182,Train,Train
11456,0.038905557,Train,Train
11457,0.044313256,Train,Train
11458,0.038224325,Train,Train
11459,0.059994925,Train,Train
11460,0.023900839,Train,Train
11461,0.03834346,Train,Train
11462,0.058550723,Train,Train
11463,0.036609817,Train,Train
11464,0.038360003,Train,Train
11465,0.030205928,Train,Train
11466,0.041677706,Train,Train
11467,0.0418187,Train,Train
11468,0.05187251,Train,Train
11469,0.05512375,Train,Train
11470,0.022386003,Train,Train
11471,0.050769605,Train,Train
11472,0.057009052,Train,Train
11473,0.032849275,Train,Train
11474,0.021968957,Train,Train
11475,0.046908,Train,Train
11476,0.06909477,Train,Train
11477,0.044818684,Train,Train
11478,0.047790915,Train,Train
11479,0.049002465,Train,Train
11480,0.042573903,Train,Train
11481,0.0347033,Train,Train
11482,0.08127239,Train,Train
11483,0.025618168,Train,Train
11484,0.043196015,Train,Train
11485,0.03234326,Train,Train
11486,0.027105795,Train,Train
11487,0.026200445,Train,Train
11488,0.059483055,Train,Train
11489,0.037071176,Train,Train
11490,0.023895178,Train,Train
11491,0.04372695,Train,Train
11492,0.04355735,Train,Train
11493,0.02756133,Train,Train
11494,0.038251657,Train,Train
11495,0.04138734,Train,Train
11496,0.045694347,Train,Train
11497,0.05451271,Train,Train
11498,0.023749541,Train,Train
11499,0.048435923,Train,Train
11500,0.02806045,Train,Train
11501,0.04593982,Train,Train
11502,0.017750606,Train,Train
11503,0.042434614,Train,Train
11504,0.036702923,Train,Train
11505,0.0367632,Train,Train
11506,0.034971446,Train,Train
11507,0.031914543,Train,Train
11508,0.034833945,Train,Train
11509,0.036255736,Train,Train
11510,0.056097582,Train,Train
11511,0.05105694,Train,Train
11512,0.04392898,Train,Train
11513,0.04406236,Train,Train
11514,0.028471492,Train,Train
11515,0.043252498,Train,Train
11516,0.052557293,Train,Train
11517,0.030018833,Train,Train
11518,0.03930029,Train,Train
11519,0.026043648,Train,Train
11520,0.053279456,Train,Train
11521,0.052210126,Train,Train
11522,0.0865435,Train,Train
11523,0.02942394,Train,Train
11524,0.041829694,Train,Train
11525,0.04645557,Train,Train
11526,0.022810549,Train,Train
11527,0.085814334,Train,Train
11528,0.040280916,Train,Train
11529,0.022165488,Train,Train
11530,0.03684032,Train,Train
11531,0.054300696,Train,Train
11532,0.04248026,Train,Train
11533,0.043646596,Train,Train
11534,0.058450483,Train,Train
11535,0.033139735,Train,Train
11536,0.031121142,Train,Train
11537,0.03314195,Train,Train
11538,0.039364606,Train,Train
11539,0.04140113,Train,Train
11540,0.053233426,Train,Train
11541,0.036106687,Train,Train
11542,0.058137465,Train,Train
11543,0.032196324,Train,Train
11544,0.049062658,Train,Train
11545,0.054080307,Train,Train
11546,0.04249063,Train,Train
11547,0.034928106,Train,Train
11548,0.05122271,Train,Train
11549,0.039642543,Train,Train
11550,0.034875344,Train,Train
11551,0.04006118,Train,Train
11552,0.050251488,Train,Train
11553,0.03628635,Train,Train
11554,0.03974481,Train,Train
11555,0.054928258,Train,Train
11556,0.037789553,Train,Train
11557,0.0398403,Train,Train
11558,0.046397958,Train,Train
11559,0.049762964,Train,Train
11560,0.03553491,Train,Train
11561,0.03643686,Train,Train
11562,0.03856923,Train,Train
11563,0.058633834,Train,Train
11564,0.028050786,Train,Train
11565,0.026214827,Train,Train
11566,0.054909933,Train,Train
11567,0.04859264,Train,Train
11568,0.045686044,Train,Train
11569,0.034189936,Train,Train
11570,0.04895864,Train,Train
11571,0.025653543,Train,Train
11572,0.02027965,Train,Train
11573,0.033903927,Train,Train
11574,0.050883096,Train,Train
11575,0.03878248,Train,Train
11576,0.049388554,Train,Train
11577,0.021154016,Train,Train
11578,0.02455246,Train,Train
11579,0.050300043,Train,Train
11580,0.035140827,Train,Train
11581,0.031372517,Train,Train
11582,0.026500912,Train,Train
11583,0.02634583,Train,Train
11584,0.032621574,Train,Train
11585,0.04033574,Train,Train
11586,0.026685353,Train,Train
11587,0.03336623,Train,Train
11588,0.052485522,Train,Train
11589,0.04761926,Train,Train
11590,0.06706405,Train,Train
11591,0.044390284,Train,Train
11592,0.04910495,Train,Train
11593,0.0449494,Train,Train
11594,0.021527218,Train,Train
11595,0.03850884,Train,Train
11596,0.036102235,Train,Train
11597,0.029705236,Train,Train
11598,0.06264767,Train,Train
11599,0.040696505,Train,Train
11600,0.0347441,Train,Train
11601,0.020813957,Train,Train
11602,0.035504837,Train,Train
11603,0.03803599,Train,Train
11604,0.059122078,Train,Train
11605,0.050191138,Train,Train
11606,0.05515515,Train,Train
11607,0.045468085,Train,Train
11608,0.043161876,Train,Train
11609,0.032042157,Train,Train
11610,0.057933345,Train,Train
11611,0.024888502,Train,Train
11612,0.026317932,Train,Train
11613,0.058257304,Train,Train
11614,0.041809898,Train,Train
11615,0.02530034,Train,Train
11616,0.020854207,Train,Train
11617,0.038221225,Train,Train
11618,0.037107278,Train,Train
11619,0.048934255,Train,Train
11620,0.03959265,Train,Train
11621,0.039680813,Train,Train
11622,0.036777683,Train,Train
11623,0.03189939,Train,Train
11624,0.050623097,Train,Train
11625,0.060192082,Train,Train
11626,0.033699647,Train,Train
11627,0.03386127,Train,Train
11628,0.051346056,Train,Train
11629,0.038511593,Train,Train
11630,0.03855016,Train,Train
11631,0.049868777,Train,Train
11632,0.046063486,Train,Train
11633,0.023008702,Train,Train
11634,0.046512302,Train,Train
11635,0.033152144,Train,Train
11636,0.02746037,Train,Train
11637,0.025906555,Train,Train
11638,0.015602712,Train,Train
11639,0.03499808,Train,Train
11640,0.028832713,Train,Train
11641,0.040463958,Train,Train
11642,0.021209218,Train,Train
11643,0.04820273,Train,Train
11644,0.043716334,Train,Train
11645,0.041330654,Train,Train
11646,0.034357075,Train,Train
11647,0.04643082,Train,Train
11648,0.05430957,Train,Train
11649,0.03887886,Train,Train
11650,0.022513483,Train,Train
11651,0.030999176,Train,Train
11652,0.054755326,Train,Train
11653,0.017035287,Train,Train
11654,0.020064417,Train,Train
11655,0.043825008,Train,Train
11656,0.032814775,Train,Train
11657,0.041868545,Train,Train
11658,0.024133714,Train,Train
11659,0.039439738,Train,Train
11660,0.035569612,Train,Train
11661,0.057902873,Train,Train
11662,0.03408769,Train,Train
11663,0.031003322,Train,Train
11664,0.03790638,Train,Train
11665,0.042654887,Train,Train
11666,0.02461475,Train,Train
11667,0.03792826,Train,Train
11668,0.018428467,Train,Train
11669,0.022966031,Train,Train
11670,0.044697806,Train,Train
11671,0.0462531,Train,Train
11672,0.035390843,Train,Train
11673,0.04371316,Train,Train
11674,0.021633333,Train,Train
11675,0.04087436,Train,Train
11676,0.03767213,Train,Train
11677,0.021963252,Train,Train
11678,0.023337694,Train,Train
11679,0.046269722,Train,Train
11680,0.01915339,Train,Train
11681,0.08339628,Train,Train
11682,0.04345502,Train,Train
11683,0.026505936,Train,Train
11684,0.033044945,Train,Train
11685,0.035711825,Train,Train
11686,0.043054223,Train,Train
11687,0.03843841,Train,Train
11688,0.044329256,Train,Train
11689,0.026775423,Train,Train
11690,0.02275565,Train,Train
11691,0.025035938,Train,Train
11692,0.02769182,Train,Train
11693,0.053977642,Train,Train
11694,0.022591291,Train,Train
11695,0.028220981,Train,Train
11696,0.048348457,Train,Train
11697,0.0285118,Train,Train
11698,0.04846151,Train,Train
11699,0.055897977,Train,Train
11700,0.03245361,Train,Train
11701,0.057710502,Train,Train
11702,0.039762553,Train,Train
11703,0.044014134,Train,Train
11704,0.051025476,Train,Train
11705,0.05065017,Train,Train
11706,0.034349643,Train,Train
11707,0.047469515,Train,Train
11708,0.017242223,Train,Train
11709,0.03302214,Train,Train
11710,0.03549826,Train,Train
11711,0.035032928,Train,Train
11712,0.034163527,Train,Train
11713,0.042975724,Train,Train
11714,0.041600615,Train,Train
11715,0.05332575,Train,Train
11716,0.019933661,Train,Train
11717,0.024139358,Train,Train
11718,0.042314187,Train,Train
11719,0.039981768,Train,Train
11720,0.044534292,Train,Train
11721,0.038874585,Train,Train
11722,0.03075955,Train,Train
11723,0.048575033,Train,Train
11724,0.04582416,Train,Train
11725,0.042188223,Train,Train
11726,0.03612607,Train,Train
11727,0.03517048,Train,Train
11728,0.032246955,Train,Train
11729,0.024858098,Train,Train
11730,0.042176906,Train,Train
11731,0.04251841,Train,Train
11732,0.025530502,Train,Train
11733,0.021800486,Train,Train
11734,0.044190235,Train,Train
11735,0.047537945,Train,Train
11736,0.019441597,Train,Train
11737,0.06223887,Train,Train
11738,0.040156644,Train,Train
11739,0.035810016,Train,Train
11740,0.021405732,Train,Train
11741,0.049992792,Train,Train
11742,0.060186658,Train,Train
11743,0.023394298,Train,Train
11744,0.03640768,Train,Train
11745,0.019460564,Train,Train
11746,0.028864477,Train,Train
11747,0.04191924,Train,Train
11748,0.053073026,Train,Train
11749,0.0500211,Train,Train
11750,0.03814779,Train,Train
11751,0.040436223,Train,Train
11752,0.030870346,Train,Train
11753,0.04687856,Train,Train
11754,0.039361425,Train,Train
11755,0.020659268,Train,Train
11756,0.093980454,Train,Train
11757,0.03586809,Train,Train
11758,0.054968774,Train,Train
11759,0.035867546,Train,Train
11760,0.023300307,Train,Train
11761,0.037142467,Train,Train
11762,0.036885325,Train,Train
11763,0.050314415,Train,Train
11764,0.014450345,Train,Train
11765,0.025180629,Train,Train
11766,0.048302554,Train,Train
11767,0.03557859,Train,Train
11768,0.030017171,Train,Train
11769,0.04369982,Train,Train
11770,0.035085678,Train,Train
11771,0.039916094,Train,Train
11772,0.07647674,Train,Train
11773,0.034072302,Train,Train
11774,0.035710003,Train,Train
11775,0.029210972,Train,Train
11776,0.04699294,Train,Train
11777,0.03897351,Train,Train
11778,0.031168992,Train,Train
11779,0.040098835,Train,Train
11780,0.049135037,Train,Train
11781,0.033046246,Train,Train
11782,0.051657885,Train,Train
11783,0.040368106,Train,Train
11784,0.02975551,Train,Train
11785,0.048224986,Train,Train
11786,0.047303677,Train,Train
11787,0.060384445,Train,Train
11788,0.03741089,Train,Train
11789,0.050791632,Train,Train
11790,0.043579035,Train,Train
11791,0.028615637,Train,Train
11792,0.063974805,Train,Train
11793,0.022271568,Train,Train
11794,0.025925891,Train,Train
11795,0.04506015,Train,Train
11796,0.0373764,Train,Train
11797,0.043433737,Train,Train
11798,0.049419533,Train,Train
11799,0.03949553,Train,Train
11800,0.029342005,Train,Train
11801,0.015268884,Train,Train
11802,0.047274847,Train,Train
11803,0.04147116,Train,Train
11804,0.06049487,Train,Train
11805,0.0396403,Train,Train
11806,0.04498542,Train,Train
11807,0.0155518325,Train,Train
11808,0.03676144,Train,Train
11809,0.044143926,Train,Train
11810,0.016987657,Train,Train
11811,0.038640473,Train,Train
11812,0.03516918,Train,Train
11813,0.028010871,Train,Train
11814,0.06611964,Train,Train
11815,0.033939738,Train,Train
11816,0.02042264,Train,Train
11817,0.04213158,Train,Train
11818,0.07899435,Train,Train
11819,0.031080956,Train,Train
11820,0.019897575,Train,Train
11821,0.0307322,Train,Train
11822,0.037701793,Train,Train
11823,0.051001377,Train,Train
11824,0.032118756,Train,Train
11825,0.045923896,Train,Train
11826,0.048875075,Train,Train
11827,0.032892823,Train,Train
11828,0.082615055,Train,Train
11829,0.041310415,Train,Train
11830,0.0383826,Train,Train
11831,0.05587347,Train,Train
11832,0.034473043,Train,Train
11833,0.051404856,Train,Train
11834,0.047715206,Train,Train
11835,0.046251126,Train,Train
11836,0.04452815,Train,Train
11837,0.025172487,Train,Train
11838,0.04416317,Train,Train
11839,0.038854573,Train,Train
11840,0.071166605,Train,Train
11841,0.019687213,Train,Train
11842,0.028806338,Train,Train
11843,0.039299607,Train,Train
11844,0.023096038,Train,Train
11845,0.03186357,Train,Train
11846,0.04621747,Train,Train
11847,0.07321224,Train,Train
11848,0.040439982,Train,Train
11849,0.034678817,Train,Train
11850,0.07556354,Train,Train
11851,0.038390547,Train,Train
11852,0.017674986,Train,Train
11853,0.03161014,Train,Train
11854,0.054742552,Train,Train
11855,0.044498578,Train,Train
11856,0.04521935,Train,Train
11857,0.03768929,Train,Train
11858,0.019273864,Train,Train
11859,0.039684206,Train,Train
11860,0.053093214,Train,Train
11861,0.03952973,Train,Train
11862,0.030874174,Train,Train
11863,0.033921298,Train,Train
11864,0.03291636,Train,Train
11865,0.01764967,Train,Train
11866,0.043011177,Train,Train
11867,0.013613942,Train,Train
11868,0.032274354,Train,Train
11869,0.040523887,Train,Train
11870,0.056135282,Train,Train
11871,0.032374345,Train,Train
11872,0.020645197,Train,Train
11873,0.038517192,Train,Train
11874,0.04995184,Train,Train
11875,0.034771148,Train,Train
11876,0.02408392,Train,Train
11877,0.03639721,Train,Train
11878,0.031107001,Train,Train
11879,0.05555104,Train,Train
11880,0.023730177,Train,Train
11881,0.028251627,Train,Train
11882,0.03389986,Train,Train
11883,0.038691133,Train,Train
11884,0.024391409,Train,Train
11885,0.028706534,Train,Train
11886,0.031611454,Train,Train
11887,0.048944805,Train,Train
11888,0.04049743,Train,Train
11889,0.04117615,Train,Train
11890,0.058414612,Train,Train
11891,0.027664592,Train,Train
11892,0.030134115,Train,Train
11893,0.04901865,Train,Train
11894,0.06673301,Train,Train
11895,0.039403647,Train,Train
11896,0.04327531,Train,Train
11897,0.049527496,Train,Train
11898,0.05318188,Train,Train
11899,0.040646754,Train,Train
11900,0.024671486,Train,Train
11901,0.02621838,Train,Train
11902,0.051193018,Train,Train
11903,0.04386698,Train,Train
11904,0.05498421,Train,Train
11905,0.044345535,Train,Train
11906,0.03181075,Train,Train
11907,0.0414205,Train,Train
11908,0.057480235,Train,Train
11909,0.020454176,Train,Train
11910,0.056859948,Train,Train
11911,0.05461149,Train,Train
11912,0.03603096,Train,Train
11913,0.0542069,Train,Train
11914,0.0495282,Train,Train
11915,0.06575004,Train,Train
11916,0.06489128,Train,Train
11917,0.045940634,Train,Train
11918,0.02605398,Train,Train
11919,0.023877038,Train,Train
11920,0.032308497,Train,Train
11921,0.04201683,Train,Train
11922,0.042430315,Train,Train
11923,0.045369204,Train,Train
11924,0.03136113,Train,Train
11925,0.03361177,Train,Train
11926,0.024393579,Train,Train
11927,0.034658723,Train,Train
11928,0.03851135,Train,Train
11929,0.04798707,Train,Train
11930,0.05042631,Train,Train
11931,0.04062431,Train,Train
11932,0.05148557,Train,Train
11933,0.041733555,Train,Train
11934,0.022737859,Train,Train
11935,0.020225238,Train,Train
11936,0.039914563,Train,Train
11937,0.04986997,Train,Train
11938,0.042643003,Train,Train
11939,0.03976954,Train,Train
11940,0.0473479,Train,Train
11941,0.037163623,Train,Train
11942,0.037577454,Train,Train
11943,0.03845368,Train,Train
11944,0.03375892,Train,Train
11945,0.029762018,Train,Train
11946,0.048717964,Train,Train
11947,0.032776836,Train,Train
11948,0.051109955,Train,Train
11949,0.030553363,Train,Train
11950,0.050599303,Train,Train
11951,0.047199275,Train,Train
11952,0.029563962,Train,Train
11953,0.036519777,Train,Train
11954,0.031110162,Train,Train
11955,0.017067332,Train,Train
11956,0.03460142,Train,Train
11957,0.037064705,Train,Train
11958,0.027992433,Train,Train
0,0.037701126,Valid,Valid
1,0.049903147,Valid,Valid
2,0.026989028,Valid,Valid
3,0.0508132,Valid,Valid
4,0.04738294,Valid,Valid
5,0.045479294,Valid,Valid
6,0.04672463,Valid,Valid
7,0.027010262,Valid,Valid
8,0.043731954,Valid,Valid
9,0.074297324,Valid,Valid
10,0.030851983,Valid,Valid
11,0.07453703,Valid,Valid
12,0.04107471,Valid,Valid
13,0.0292829,Valid,Valid
14,0.027545806,Valid,Valid
15,0.04042694,Valid,Valid
16,0.038747028,Valid,Valid
17,0.025549829,Valid,Valid
18,0.049917627,Valid,Valid
19,0.042622298,Valid,Valid
20,0.047086325,Valid,Valid
21,0.012997606,Valid,Valid
22,0.061612234,Valid,Valid
23,0.042548,Valid,Valid
24,0.02950146,Valid,Valid
25,0.053174067,Valid,Valid
26,0.031316776,Valid,Valid
27,0.038586784,Valid,Valid
28,0.04774252,Valid,Valid
29,0.065608785,Valid,Valid
30,0.03457381,Valid,Valid
31,0.051688038,Valid,Valid
32,0.06915107,Valid,Valid
33,0.061320297,Valid,Valid
34,0.03395,Valid,Valid
35,0.030106803,Valid,Valid
36,0.039265286,Valid,Valid
37,0.06068177,Valid,Valid
38,0.06450585,Valid,Valid
39,0.041154582,Valid,Valid
40,0.029697774,Valid,Valid
41,0.03849874,Valid,Valid
42,0.041032463,Valid,Valid
43,0.053996693,Valid,Valid
44,0.061399862,Valid,Valid
45,0.060035482,Valid,Valid
46,0.0575889,Valid,Valid
47,0.02945988,Valid,Valid
48,0.030606188,Valid,Valid
49,0.05213773,Valid,Valid
50,0.030629758,Valid,Valid
51,0.04236975,Valid,Valid
52,0.04334457,Valid,Valid
53,0.051529437,Valid,Valid
54,0.022890307,Valid,Valid
55,0.03651328,Valid,Valid
56,0.030836482,Valid,Valid
57,0.040322952,Valid,Valid
58,0.046980493,Valid,Valid
59,0.070514664,Valid,Valid
60,0.06748394,Valid,Valid
61,0.043466758,Valid,Valid
62,0.04734488,Valid,Valid
63,0.05095149,Valid,Valid
64,0.021102905,Valid,Valid
65,0.039916225,Valid,Valid
66,0.036204945,Valid,Valid
67,0.06921684,Valid,Valid
68,0.038881615,Valid,Valid
69,0.031214766,Valid,Valid
70,0.061439823,Valid,Valid
71,0.03309536,Valid,Valid
72,0.030475723,Valid,Valid
73,0.0418712,Valid,Valid
74,0.05691832,Valid,Valid
75,0.039681487,Valid,Valid
76,0.046446223,Valid,Valid
77,0.04566307,Valid,Valid
78,0.046632532,Valid,Valid
79,0.059360374,Valid,Valid
80,0.08524058,Valid,Valid
81,0.06673271,Valid,Valid
82,0.051366393,Valid,Valid
83,0.04812375,Valid,Valid
84,0.05417915,Valid,Valid
85,0.053343505,Valid,Valid
86,0.030598374,Valid,Valid
87,0.041410815,Valid,Valid
88,0.06679022,Valid,Valid
89,0.050302256,Valid,Valid
90,0.08422217,Valid,Valid
91,0.067481354,Valid,Valid
92,0.04616881,Valid,Valid
93,0.021627685,Valid,Valid
94,0.034441426,Valid,Valid
95,0.033511546,Valid,Valid
96,0.03994669,Valid,Valid
97,0.052738942,Valid,Valid
98,0.06541071,Valid,Valid
99,0.061719764,Valid,Valid
100,0.02855021,Valid,Valid
101,0.046994768,Valid,Valid
102,0.037633076,Valid,Valid
103,0.04899613,Valid,Valid
104,0.049201425,Valid,Valid
105,0.0370122,Valid,Valid
106,0.028229654,Valid,Valid
107,0.03960189,Valid,Valid
108,0.0630307,Valid,Valid
109,0.043442134,Valid,Valid
110,0.06630458,Valid,Valid
111,0.062081847,Valid,Valid
112,0.054913856,Valid,Valid
113,0.043603826,Valid,Valid
114,0.04294037,Valid,Valid
115,0.04303173,Valid,Valid
116,0.04453383,Valid,Valid
117,0.051439486,Valid,Valid
118,0.032595128,Valid,Valid
119,0.053483184,Valid,Valid
120,0.04005571,Valid,Valid
121,0.05743002,Valid,Valid
122,0.048294753,Valid,Valid
123,0.03603644,Valid,Valid
124,0.044972807,Valid,Valid
125,0.0814752,Valid,Valid
126,0.051350456,Valid,Valid
127,0.024158606,Valid,Valid
128,0.024183808,Valid,Valid
129,0.030455796,Valid,Valid
130,0.051722135,Valid,Valid
131,0.07830224,Valid,Valid
132,0.04714932,Valid,Valid
133,0.047723632,Valid,Valid
134,0.05252298,Valid,Valid
135,0.053152416,Valid,Valid
136,0.028026205,Valid,Valid
137,0.05793479,Valid,Valid
138,0.041973647,Valid,Valid
139,0.054866303,Valid,Valid
140,0.066642724,Valid,Valid
141,0.053344842,Valid,Valid
142,0.058684926,Valid,Valid
143,0.057038404,Valid,Valid
144,0.023653695,Valid,Valid
145,0.030824155,Valid,Valid
146,0.042774808,Valid,Valid
147,0.06193087,Valid,Valid
148,0.05438447,Valid,Valid
149,0.043543197,Valid,Valid
150,0.03241471,Valid,Valid
151,0.06601211,Valid,Valid
152,0.04297222,Valid,Valid
153,0.03336824,Valid,Valid
154,0.064959556,Valid,Valid
155,0.06896081,Valid,Valid
156,0.045394227,Valid,Valid
157,0.03046618,Valid,Valid
158,0.04809355,Valid,Valid
159,0.042959504,Valid,Valid
160,0.07120796,Valid,Valid
161,0.057049304,Valid,Valid
162,0.018379586,Valid,Valid
163,0.029274687,Valid,Valid
164,0.045683287,Valid,Valid
165,0.025495159,Valid,Valid
166,0.05148172,Valid,Valid
167,0.0460605,Valid,Valid
168,0.03566168,Valid,Valid
169,0.047381744,Valid,Valid
170,0.06765625,Valid,Valid
171,0.021426255,Valid,Valid
172,0.047400773,Valid,Valid
173,0.056239907,Valid,Valid
174,0.06425006,Valid,Valid
175,0.03427795,Valid,Valid
176,0.047284637,Valid,Valid
177,0.02708806,Valid,Valid
178,0.043924123,Valid,Valid
179,0.058543783,Valid,Valid
180,0.05498504,Valid,Valid
181,0.054932535,Valid,Valid
182,0.054814603,Valid,Valid
183,0.04920453,Valid,Valid
184,0.039114363,Valid,Valid
185,0.03275805,Valid,Valid
186,0.055693917,Valid,Valid
187,0.04424315,Valid,Valid
188,0.04479181,Valid,Valid
189,0.04811899,Valid,Valid
190,0.052391592,Valid,Valid
191,0.04691984,Valid,Valid
192,0.029356949,Valid,Valid
193,0.019725818,Valid,Valid
194,0.037698124,Valid,Valid
195,0.070853226,Valid,Valid
196,0.035925183,Valid,Valid
197,0.0502533,Valid,Valid
198,0.055212952,Valid,Valid
199,0.037624955,Valid,Valid
200,0.0478864,Valid,Valid
201,0.061663114,Valid,Valid
202,0.05076802,Valid,Valid
203,0.047080502,Valid,Valid
204,0.03865943,Valid,Valid
205,0.092212565,Valid,Valid
206,0.027561849,Valid,Valid
207,0.039878294,Valid,Valid
208,0.03558551,Valid,Valid
209,0.07388498,Valid,Valid
210,0.054598607,Valid,Valid
211,0.044509895,Valid,Valid
212,0.051931288,Valid,Valid
213,0.048039213,Valid,Valid
214,0.039961822,Valid,Valid
215,0.052155826,Valid,Valid
216,0.022370417,Valid,Valid
217,0.034272376,Valid,Valid
218,0.047123138,Valid,Valid
219,0.028646559,Valid,Valid
220,0.015063153,Valid,Valid
221,0.040794212,Valid,Valid
222,0.043453317,Valid,Valid
223,0.05615761,Valid,Valid
224,0.036684953,Valid,Valid
225,0.047620554,Valid,Valid
226,0.0638592,Valid,Valid
227,0.028486501,Valid,Valid
228,0.041972276,Valid,Valid
229,0.031097509,Valid,Valid
230,0.051256638,Valid,Valid
231,0.042484768,Valid,Valid
232,0.06151796,Valid,Valid
233,0.07441381,Valid,Valid
234,0.059393033,Valid,Valid
235,0.022631241,Valid,Valid
236,0.058640122,Valid,Valid
237,0.045421664,Valid,Valid
238,0.058926795,Valid,Valid
239,0.056073155,Valid,Valid
240,0.06018531,Valid,Valid
241,0.05229786,Valid,Valid
242,0.044725675,Valid,Valid
243,0.070694566,Valid,Valid
244,0.034463946,Valid,Valid
245,0.04895388,Valid,Valid
246,0.06301554,Valid,Valid
247,0.0571452,Valid,Valid
248,0.05006952,Valid,Valid
249,0.024005502,Valid,Valid
250,0.027716124,Valid,Valid
251,0.038526475,Valid,Valid
252,0.037881505,Valid,Valid
253,0.0789432,Valid,Valid
254,0.062548675,Valid,Valid
255,0.037027977,Valid,Valid
256,0.053801414,Valid,Valid
257,0.047197524,Valid,Valid
258,0.053973507,Valid,Valid
259,0.043793667,Valid,Valid
260,0.04684536,Valid,Valid
261,0.10554342,Valid,Valid
262,0.053914964,Valid,Valid
263,0.050794262,Valid,Valid
264,0.03284704,Valid,Valid
265,0.042826824,Valid,Valid
266,0.0422015,Valid,Valid
267,0.017024819,Valid,Valid
268,0.044882778,Valid,Valid
269,0.050471075,Valid,Valid
270,0.045346744,Valid,Valid
271,0.085057795,Valid,Valid
272,0.0420009,Valid,Valid
273,0.051765922,Valid,Valid
274,0.029343504,Valid,Valid
275,0.0441648,Valid,Valid
276,0.059166964,Valid,Valid
277,0.04470836,Valid,Valid
278,0.057603497,Valid,Valid
279,0.021291515,Valid,Valid
280,0.05542127,Valid,Valid
281,0.022969529,Valid,Valid
282,0.02410555,Valid,Valid
283,0.056060344,Valid,Valid
284,0.048060462,Valid,Valid
285,0.041143566,Valid,Valid
286,0.021686988,Valid,Valid
287,0.045972805,Valid,Valid
288,0.02432033,Valid,Valid
289,0.047399275,Valid,Valid
290,0.090591736,Valid,Valid
291,0.096593015,Valid,Valid
292,0.0346073,Valid,Valid
293,0.036821093,Valid,Valid
294,0.04923312,Valid,Valid
295,0.04659778,Valid,Valid
296,0.040826485,Valid,Valid
297,0.04822761,Valid,Valid
298,0.061519835,Valid,Valid
299,0.03419623,Valid,Valid
300,0.028946422,Valid,Valid
301,0.030289104,Valid,Valid
302,0.030792754,Valid,Valid
303,0.053073168,Valid,Valid
304,0.021899194,Valid,Valid
305,0.04597161,Valid,Valid
306,0.046129633,Valid,Valid
307,0.033774503,Valid,Valid
308,0.04168998,Valid,Valid
309,0.08559698,Valid,Valid
310,0.056628466,Valid,Valid
311,0.054814357,Valid,Valid
312,0.055042345,Valid,Valid
313,0.03191304,Valid,Valid
314,0.024534231,Valid,Valid
315,0.03807628,Valid,Valid
316,0.034543555,Valid,Valid
317,0.06606289,Valid,Valid
318,0.059939962,Valid,Valid
319,0.03630396,Valid,Valid
320,0.044532854,Valid,Valid
321,0.044273064,Valid,Valid
322,0.066153765,Valid,Valid
323,0.045432188,Valid,Valid
324,0.029787848,Valid,Valid
325,0.03901103,Valid,Valid
326,0.025903385,Valid,Valid
327,0.048354734,Valid,Valid
328,0.046768703,Valid,Valid
329,0.07653244,Valid,Valid
330,0.043490745,Valid,Valid
331,0.022966167,Valid,Valid
332,0.02719315,Valid,Valid
333,0.020058947,Valid,Valid
334,0.025460785,Valid,Valid
335,0.037246596,Valid,Valid
336,0.02725134,Valid,Valid
337,0.04253366,Valid,Valid
338,0.05364494,Valid,Valid
339,0.06901746,Valid,Valid
340,0.039712343,Valid,Valid
341,0.05726315,Valid,Valid
342,0.079280615,Valid,Valid
343,0.022211276,Valid,Valid
344,0.04792495,Valid,Valid
345,0.040905252,Valid,Valid
346,0.02820883,Valid,Valid
347,0.025961097,Valid,Valid
348,0.045548767,Valid,Valid
349,0.05279264,Valid,Valid
350,0.057897743,Valid,Valid
351,0.056499988,Valid,Valid
352,0.030559694,Valid,Valid
353,0.03149382,Valid,Valid
354,0.05592222,Valid,Valid
355,0.04111996,Valid,Valid
356,0.070630275,Valid,Valid
357,0.057919767,Valid,Valid
358,0.050245147,Valid,Valid
359,0.032381114,Valid,Valid
360,0.032782327,Valid,Valid
361,0.04710449,Valid,Valid
362,0.035546478,Valid,Valid
363,0.06988522,Valid,Valid
364,0.03770589,Valid,Valid
365,0.07344369,Valid,Valid
366,0.059462175,Valid,Valid
367,0.028753884,Valid,Valid
368,0.05307603,Valid,Valid
369,0.022388835,Valid,Valid
370,0.057907596,Valid,Valid
371,0.05061499,Valid,Valid
372,0.04684464,Valid,Valid
373,0.04101023,Valid,Valid
374,0.044261564,Valid,Valid
375,0.06360233,Valid,Valid
376,0.06532912,Valid,Valid
377,0.03375965,Valid,Valid
378,0.034240633,Valid,Valid
379,0.040929116,Valid,Valid
380,0.041644983,Valid,Valid
381,0.04001048,Valid,Valid
382,0.043349937,Valid,Valid
383,0.05985775,Valid,Valid
384,0.072436,Valid,Valid
385,0.04886678,Valid,Valid
386,0.049674597,Valid,Valid
387,0.027099509,Valid,Valid
388,0.082802445,Valid,Valid
389,0.061384745,Valid,Valid
390,0.045603707,Valid,Valid
391,0.047752775,Valid,Valid
392,0.0741097,Valid,Valid
393,0.030705996,Valid,Valid
394,0.036046814,Valid,Valid
395,0.04413361,Valid,Valid
396,0.056735277,Valid,Valid
397,0.09340841,Valid,Valid
398,0.055489883,Valid,Valid
399,0.048579525,Valid,Valid
400,0.047165666,Valid,Valid
401,0.061371867,Valid,Valid
402,0.054155327,Valid,Valid
403,0.05434753,Valid,Valid
404,0.026676938,Valid,Valid
405,0.040436096,Valid,Valid
406,0.044568866,Valid,Valid
407,0.032704346,Valid,Valid
408,0.021239238,Valid,Valid
409,0.06310423,Valid,Valid
410,0.06416693,Valid,Valid
411,0.060444377,Valid,Valid
412,0.055390414,Valid,Valid
413,0.026617981,Valid,Valid
414,0.04034936,Valid,Valid
415,0.0494883,Valid,Valid
416,0.066988125,Valid,Valid
417,0.03865176,Valid,Valid
418,0.049550846,Valid,Valid
419,0.043199096,Valid,Valid
420,0.035226487,Valid,Valid
421,0.05080267,Valid,Valid
422,0.049109843,Valid,Valid
423,0.034850013,Valid,Valid
424,0.04383857,Valid,Valid
425,0.046805255,Valid,Valid
426,0.040057782,Valid,Valid
427,0.08601733,Valid,Valid
428,0.04317174,Valid,Valid
429,0.022262942,Valid,Valid
430,0.034805395,Valid,Valid
431,0.046393316,Valid,Valid
432,0.03665195,Valid,Valid
433,0.04438956,Valid,Valid
434,0.07251254,Valid,Valid
435,0.044028774,Valid,Valid
436,0.0747868,Valid,Valid
437,0.029344078,Valid,Valid
438,0.034069683,Valid,Valid
439,0.035148077,Valid,Valid
440,0.040682502,Valid,Valid
441,0.0514313,Valid,Valid
442,0.027718725,Valid,Valid
443,0.05964903,Valid,Valid
444,0.030996324,Valid,Valid
445,0.040561207,Valid,Valid
446,0.05160292,Valid,Valid
447,0.06886223,Valid,Valid
448,0.060179397,Valid,Valid
449,0.052938767,Valid,Valid
450,0.0327246,Valid,Valid
451,0.030578846,Valid,Valid
452,0.037642572,Valid,Valid
453,0.06420858,Valid,Valid
454,0.05516937,Valid,Valid
455,0.030960925,Valid,Valid
456,0.033199836,Valid,Valid
457,0.093657605,Valid,Valid
458,0.047839645,Valid,Valid
459,0.04856513,Valid,Valid
460,0.046395022,Valid,Valid
461,0.020125775,Valid,Valid
462,0.043431345,Valid,Valid
463,0.028313786,Valid,Valid
464,0.056414194,Valid,Valid
465,0.042739537,Valid,Valid
466,0.044628106,Valid,Valid
467,0.057930425,Valid,Valid
468,0.05118104,Valid,Valid
469,0.060821038,Valid,Valid
470,0.06527489,Valid,Valid
471,0.08023131,Valid,Valid
472,0.047426637,Valid,Valid
473,0.039064042,Valid,Valid
474,0.050655633,Valid,Valid
475,0.0713567,Valid,Valid
476,0.04638659,Valid,Valid
477,0.06162581,Valid,Valid
478,0.03323944,Valid,Valid
479,0.041177522,Valid,Valid
480,0.054485943,Valid,Valid
481,0.04038773,Valid,Valid
482,0.042015515,Valid,Valid
483,0.06645309,Valid,Valid
484,0.05231865,Valid,Valid
485,0.061930116,Valid,Valid
486,0.0482032,Valid,Valid
487,0.0376748,Valid,Valid
488,0.06028327,Valid,Valid
489,0.038193002,Valid,Valid
490,0.032878116,Valid,Valid
491,0.03628693,Valid,Valid
492,0.046095826,Valid,Valid
493,0.04139004,Valid,Valid
494,0.04429634,Valid,Valid
495,0.03671805,Valid,Valid
496,0.028305216,Valid,Valid
497,0.06667167,Valid,Valid
498,0.06335024,Valid,Valid
499,0.056852587,Valid,Valid
500,0.057327423,Valid,Valid
501,0.041825548,Valid,Valid
502,0.039331045,Valid,Valid
503,0.031177605,Valid,Valid
504,0.0419523,Valid,Valid
505,0.050475147,Valid,Valid
506,0.039775174,Valid,Valid
507,0.026051432,Valid,Valid
508,0.045206938,Valid,Valid
509,0.046553884,Valid,Valid
510,0.07699992,Valid,Valid
511,0.075501814,Valid,Valid
512,0.032772332,Valid,Valid
513,0.043505836,Valid,Valid
514,0.051938757,Valid,Valid
515,0.0397671,Valid,Valid
516,0.04416954,Valid,Valid
517,0.068527535,Valid,Valid
518,0.05058536,Valid,Valid
519,0.020718379,Valid,Valid
520,0.07622114,Valid,Valid
521,0.03976658,Valid,Valid
522,0.062407847,Valid,Valid
523,0.05437316,Valid,Valid
524,0.054521922,Valid,Valid
525,0.030835722,Valid,Valid
526,0.053549506,Valid,Valid
527,0.04971434,Valid,Valid
528,0.06573894,Valid,Valid
529,0.034822524,Valid,Valid
530,0.02987254,Valid,Valid
531,0.041245617,Valid,Valid
532,0.024724174,Valid,Valid
533,0.037972935,Valid,Valid
534,0.052384622,Valid,Valid
535,0.04456483,Valid,Valid
536,0.024713919,Valid,Valid
537,0.038097367,Valid,Valid
538,0.0416986,Valid,Valid
539,0.03250218,Valid,Valid
540,0.05035589,Valid,Valid
541,0.048578527,Valid,Valid
542,0.04172242,Valid,Valid
543,0.0695042,Valid,Valid
544,0.046108805,Valid,Valid
545,0.04070605,Valid,Valid
546,0.052305046,Valid,Valid
547,0.040371772,Valid,Valid
548,0.02294611,Valid,Valid
549,0.054579895,Valid,Valid
550,0.04206309,Valid,Valid
551,0.01649754,Valid,Valid
552,0.033701617,Valid,Valid
553,0.08770626,Valid,Valid
554,0.021423435,Valid,Valid
555,0.062372893,Valid,Valid
556,0.04535897,Valid,Valid
557,0.055655584,Valid,Valid
558,0.037558325,Valid,Valid
559,0.051353503,Valid,Valid
560,0.07909501,Valid,Valid
561,0.031259257,Valid,Valid
562,0.03711382,Valid,Valid
563,0.018075803,Valid,Valid
564,0.07183238,Valid,Valid
565,0.048736267,Valid,Valid
566,0.025662549,Valid,Valid
567,0.029359894,Valid,Valid
568,0.04257993,Valid,Valid
569,0.034982763,Valid,Valid
570,0.038585078,Valid,Valid
571,0.05444833,Valid,Valid
572,0.037200835,Valid,Valid
573,0.033106618,Valid,Valid
574,0.05458935,Valid,Valid
575,0.05813226,Valid,Valid
576,0.0704261,Valid,Valid
577,0.035987236,Valid,Valid
578,0.058377195,Valid,Valid
579,0.050123755,Valid,Valid
580,0.022151532,Valid,Valid
581,0.029162407,Valid,Valid
582,0.03815178,Valid,Valid
583,0.041897703,Valid,Valid
584,0.044875085,Valid,Valid
585,0.03452083,Valid,Valid
586,0.030121472,Valid,Valid
587,0.04342933,Valid,Valid
588,0.040909935,Valid,Valid
589,0.04270558,Valid,Valid
590,0.04599489,Valid,Valid
591,0.042617153,Valid,Valid
592,0.05708208,Valid,Valid
593,0.02475032,Valid,Valid
594,0.037219822,Valid,Valid
595,0.022902336,Valid,Valid
596,0.037542928,Valid,Valid
597,0.036707196,Valid,Valid
598,0.04017954,Valid,Valid
599,0.038872175,Valid,Valid
600,0.050527085,Valid,Valid
601,0.040599607,Valid,Valid
602,0.01683821,Valid,Valid
603,0.091781236,Valid,Valid
604,0.035435293,Valid,Valid
605,0.031413507,Valid,Valid
606,0.033282604,Valid,Valid
607,0.088444814,Valid,Valid
608,0.03803766,Valid,Valid
609,0.022998169,Valid,Valid
610,0.034751035,Valid,Valid
611,0.06328934,Valid,Valid
612,0.07431647,Valid,Valid
613,0.042729598,Valid,Valid
614,0.03720997,Valid,Valid
615,0.038313027,Valid,Valid
616,0.045374773,Valid,Valid
617,0.041220445,Valid,Valid
618,0.037377425,Valid,Valid
619,0.038503412,Valid,Valid
620,0.04030687,Valid,Valid
621,0.032659303,Valid,Valid
622,0.034007642,Valid,Valid
623,0.031101087,Valid,Valid
624,0.032188367,Valid,Valid
625,0.053017545,Valid,Valid
626,0.058205012,Valid,Valid
627,0.033345416,Valid,Valid
628,0.050382275,Valid,Valid
629,0.038035795,Valid,Valid
630,0.031148335,Valid,Valid
631,0.08976821,Valid,Valid
632,0.07103364,Valid,Valid
633,0.033395674,Valid,Valid
634,0.035550732,Valid,Valid
635,0.040872592,Valid,Valid
636,0.057899266,Valid,Valid
637,0.058746245,Valid,Valid
638,0.03582252,Valid,Valid
639,0.020802364,Valid,Valid
640,0.019702416,Valid,Valid
641,0.033659868,Valid,Valid
642,0.040872365,Valid,Valid
643,0.031162089,Valid,Valid
644,0.06534749,Valid,Valid
645,0.052828573,Valid,Valid
646,0.030360458,Valid,Valid
647,0.05707551,Valid,Valid
648,0.06241776,Valid,Valid
649,0.05098029,Valid,Valid
650,0.039696984,Valid,Valid
651,0.068300895,Valid,Valid
652,0.050602406,Valid,Valid
653,0.05491132,Valid,Valid
654,0.06084579,Valid,Valid
655,0.04479838,Valid,Valid
656,0.035084657,Valid,Valid
657,0.053631984,Valid,Valid
658,0.028486095,Valid,Valid
659,0.028613266,Valid,Valid
660,0.07082808,Valid,Valid
661,0.055940576,Valid,Valid
662,0.04186735,Valid,Valid
663,0.07607385,Valid,Valid
664,0.060349703,Valid,Valid
665,0.044502873,Valid,Valid
666,0.027867349,Valid,Valid
667,0.04899366,Valid,Valid
668,0.063694805,Valid,Valid
669,0.06679835,Valid,Valid
670,0.053094864,Valid,Valid
671,0.051183134,Valid,Valid
672,0.041373383,Valid,Valid
673,0.042697996,Valid,Valid
674,0.049571324,Valid,Valid
675,0.0445247,Valid,Valid
676,0.032300662,Valid,Valid
677,0.0292363,Valid,Valid
678,0.052506115,Valid,Valid
679,0.028392,Valid,Valid
680,0.01640505,Valid,Valid
681,0.0564329,Valid,Valid
682,0.058625486,Valid,Valid
683,0.044109527,Valid,Valid
684,0.037528608,Valid,Valid
685,0.06836385,Valid,Valid
686,0.046967577,Valid,Valid
687,0.057721693,Valid,Valid
688,0.065417655,Valid,Valid
689,0.039669484,Valid,Valid
690,0.040467054,Valid,Valid
691,0.044038527,Valid,Valid
692,0.0221992,Valid,Valid
693,0.041843604,Valid,Valid
694,0.051255874,Valid,Valid
695,0.042543,Valid,Valid
696,0.063685216,Valid,Valid
697,0.040486224,Valid,Valid
698,0.040988006,Valid,Valid
699,0.048406016,Valid,Valid
700,0.03327265,Valid,Valid
701,0.055915326,Valid,Valid
702,0.03376821,Valid,Valid
703,0.060312107,Valid,Valid
704,0.041980177,Valid,Valid
705,0.03960518,Valid,Valid
706,0.053695116,Valid,Valid
707,0.046513185,Valid,Valid
708,0.048901327,Valid,Valid
709,0.029952833,Valid,Valid
710,0.060999688,Valid,Valid
711,0.041580677,Valid,Valid
712,0.04146246,Valid,Valid
713,0.020004226,Valid,Valid
714,0.033618256,Valid,Valid
715,0.036165997,Valid,Valid
716,0.03545535,Valid,Valid
717,0.020777455,Valid,Valid
718,0.06464873,Valid,Valid
719,0.03927538,Valid,Valid
720,0.03970811,Valid,Valid
721,0.040217258,Valid,Valid
722,0.046479132,Valid,Valid
723,0.038988035,Valid,Valid
724,0.05831786,Valid,Valid
725,0.03995952,Valid,Valid
726,0.025806218,Valid,Valid
727,0.050141364,Valid,Valid
728,0.018571652,Valid,Valid
729,0.04619429,Valid,Valid
730,0.034208428,Valid,Valid
731,0.027476994,Valid,Valid
732,0.030803073,Valid,Valid
733,0.037234426,Valid,Valid
734,0.041407842,Valid,Valid
735,0.04899228,Valid,Valid
736,0.048671804,Valid,Valid
737,0.037388995,Valid,Valid
738,0.054662216,Valid,Valid
739,0.06444111,Valid,Valid
740,0.038187414,Valid,Valid
741,0.05270442,Valid,Valid
742,0.053531256,Valid,Valid
743,0.03547878,Valid,Valid
744,0.04194985,Valid,Valid
745,0.052121077,Valid,Valid
746,0.045069896,Valid,Valid
747,0.054961488,Valid,Valid
748,0.01956419,Valid,Valid
749,0.053561818,Valid,Valid
750,0.06674003,Valid,Valid
751,0.05876231,Valid,Valid
752,0.05114551,Valid,Valid
753,0.04950727,Valid,Valid
754,0.035834525,Valid,Valid
755,0.041746344,Valid,Valid
756,0.027308403,Valid,Valid
757,0.051358774,Valid,Valid
758,0.023763746,Valid,Valid
759,0.035485,Valid,Valid
760,0.032214846,Valid,Valid
761,0.052595746,Valid,Valid
762,0.049132653,Valid,Valid
763,0.046048947,Valid,Valid
764,0.03715261,Valid,Valid
765,0.022806237,Valid,Valid
766,0.0196187,Valid,Valid
767,0.033896204,Valid,Valid
768,0.01946428,Valid,Valid
769,0.05001168,Valid,Valid
770,0.04611071,Valid,Valid
771,0.029404312,Valid,Valid
772,0.03952384,Valid,Valid
773,0.04868176,Valid,Valid
774,0.071115375,Valid,Valid
775,0.05895894,Valid,Valid
776,0.026998967,Valid,Valid
777,0.045803323,Valid,Valid
778,0.038740195,Valid,Valid
779,0.04338939,Valid,Valid
780,0.030867012,Valid,Valid
781,0.040115613,Valid,Valid
782,0.040183976,Valid,Valid
783,0.02355221,Valid,Valid
784,0.052583072,Valid,Valid
785,0.07038506,Valid,Valid
786,0.059672233,Valid,Valid
787,0.038911726,Valid,Valid
788,0.047400255,Valid,Valid
789,0.039458923,Valid,Valid
790,0.028767763,Valid,Valid
791,0.02504277,Valid,Valid
792,0.04042304,Valid,Valid
793,0.050920863,Valid,Valid
794,0.039456967,Valid,Valid
795,0.04561076,Valid,Valid
796,0.047153544,Valid,Valid
797,0.049987346,Valid,Valid
798,0.024116224,Valid,Valid
799,0.02799749,Valid,Valid
800,0.0918142,Valid,Valid
801,0.022613775,Valid,Valid
802,0.023696193,Valid,Valid
803,0.03311941,Valid,Valid
804,0.066724725,Valid,Valid
805,0.033270795,Valid,Valid
806,0.05302963,Valid,Valid
807,0.045529418,Valid,Valid
808,0.03881835,Valid,Valid
809,0.041181024,Valid,Valid
810,0.034309927,Valid,Valid
811,0.07380431,Valid,Valid
812,0.04624185,Valid,Valid
813,0.041601095,Valid,Valid
814,0.055271808,Valid,Valid
815,0.050330367,Valid,Valid
816,0.05261748,Valid,Valid
817,0.052508898,Valid,Valid
818,0.06824746,Valid,Valid
819,0.048424598,Valid,Valid
820,0.05744681,Valid,Valid
821,0.044446018,Valid,Valid
822,0.043217584,Valid,Valid
823,0.047002256,Valid,Valid
824,0.021017,Valid,Valid
825,0.05471352,Valid,Valid
826,0.02858306,Valid,Valid
827,0.03267166,Valid,Valid
828,0.053141683,Valid,Valid
829,0.049528833,Valid,Valid
830,0.052987363,Valid,Valid
831,0.029314006,Valid,Valid
832,0.039685227,Valid,Valid
833,0.05421718,Valid,Valid
834,0.03206314,Valid,Valid
835,0.08959886,Valid,Valid
836,0.052954543,Valid,Valid
837,0.01745315,Valid,Valid
838,0.04667591,Valid,Valid
839,0.04683859,Valid,Valid
840,0.05036858,Valid,Valid
841,0.04896907,Valid,Valid
842,0.043714892,Valid,Valid
843,0.042136595,Valid,Valid
844,0.053386997,Valid,Valid
845,0.037456524,Valid,Valid
846,0.05088915,Valid,Valid
847,0.03743384,Valid,Valid
848,0.050507203,Valid,Valid
849,0.044803396,Valid,Valid
850,0.037040956,Valid,Valid
851,0.039695367,Valid,Valid
852,0.048698716,Valid,Valid
853,0.037391596,Valid,Valid
854,0.048832886,Valid,Valid
855,0.05082751,Valid,Valid
856,0.029381216,Valid,Valid
857,0.07453169,Valid,Valid
858,0.06111488,Valid,Valid
859,0.036069266,Valid,Valid
860,0.023115784,Valid,Valid
861,0.045411706,Valid,Valid
862,0.0408442,Valid,Valid
863,0.046830352,Valid,Valid
864,0.042111427,Valid,Valid
865,0.052935015,Valid,Valid
866,0.046676464,Valid,Valid
867,0.054977234,Valid,Valid
868,0.029181546,Valid,Valid
869,0.039677788,Valid,Valid
870,0.04358633,Valid,Valid
871,0.041813564,Valid,Valid
872,0.053004112,Valid,Valid
873,0.0149006,Valid,Valid
874,0.07619247,Valid,Valid
875,0.06169443,Valid,Valid
876,0.04176773,Valid,Valid
877,0.080434486,Valid,Valid
878,0.04710602,Valid,Valid
879,0.020913629,Valid,Valid
880,0.03062726,Valid,Valid
881,0.051747955,Valid,Valid
882,0.028342213,Valid,Valid
883,0.045343515,Valid,Valid
884,0.064264335,Valid,Valid
885,0.033628855,Valid,Valid
886,0.048258483,Valid,Valid
887,0.046628103,Valid,Valid
888,0.048299357,Valid,Valid
889,0.035723317,Valid,Valid
890,0.037940312,Valid,Valid
891,0.043721497,Valid,Valid
892,0.05640872,Valid,Valid
893,0.044871893,Valid,Valid
894,0.031035008,Valid,Valid
895,0.048106745,Valid,Valid
896,0.041584793,Valid,Valid
897,0.05993467,Valid,Valid
898,0.07913956,Valid,Valid
899,0.05033369,Valid,Valid
900,0.039829183,Valid,Valid
901,0.07921926,Valid,Valid
902,0.04089449,Valid,Valid
903,0.02534722,Valid,Valid
904,0.05002973,Valid,Valid
905,0.03841343,Valid,Valid
906,0.038866155,Valid,Valid
907,0.064974956,Valid,Valid
908,0.023941092,Valid,Valid
909,0.03359952,Valid,Valid
910,0.067173265,Valid,Valid
911,0.050398797,Valid,Valid
912,0.06461901,Valid,Valid
913,0.033551846,Valid,Valid
914,0.032505084,Valid,Valid
915,0.042559728,Valid,Valid
916,0.060054254,Valid,Valid
917,0.048856188,Valid,Valid
918,0.023598067,Valid,Valid
919,0.03921465,Valid,Valid
920,0.044786848,Valid,Valid
921,0.04805284,Valid,Valid
922,0.053138033,Valid,Valid
923,0.033916403,Valid,Valid
924,0.051086534,Valid,Valid
925,0.083229505,Valid,Valid
926,0.069632426,Valid,Valid
927,0.0419905,Valid,Valid
928,0.079901,Valid,Valid
929,0.046208564,Valid,Valid
930,0.08454237,Valid,Valid
931,0.025022198,Valid,Valid
932,0.04176259,Valid,Valid
933,0.02148627,Valid,Valid
934,0.033628073,Valid,Valid
935,0.05006675,Valid,Valid
936,0.054318447,Valid,Valid
937,0.04301772,Valid,Valid
938,0.07983028,Valid,Valid
939,0.045643736,Valid,Valid
940,0.036530748,Valid,Valid
941,0.08322259,Valid,Valid
942,0.04354219,Valid,Valid
943,0.025769373,Valid,Valid
944,0.04478032,Valid,Valid
945,0.059114546,Valid,Valid
946,0.02785161,Valid,Valid
947,0.049876995,Valid,Valid
948,0.045712296,Valid,Valid
949,0.020901825,Valid,Valid
950,0.036883354,Valid,Valid
951,0.06278981,Valid,Valid
952,0.045977864,Valid,Valid
953,0.058728054,Valid,Valid
954,0.047400128,Valid,Valid
955,0.036075547,Valid,Valid
956,0.048445832,Valid,Valid
957,0.05241461,Valid,Valid
958,0.07244934,Valid,Valid
959,0.05058954,Valid,Valid
960,0.06139344,Valid,Valid
961,0.0351275,Valid,Valid
962,0.034491815,Valid,Valid
963,0.059599906,Valid,Valid
964,0.057894707,Valid,Valid
965,0.042118546,Valid,Valid
966,0.048617784,Valid,Valid
967,0.03303516,Valid,Valid
968,0.07031156,Valid,Valid
969,0.052250527,Valid,Valid
970,0.034359142,Valid,Valid
971,0.03127612,Valid,Valid
972,0.05679148,Valid,Valid
973,0.043571256,Valid,Valid
974,0.04245789,Valid,Valid
975,0.03493752,Valid,Valid
976,0.04368224,Valid,Valid
977,0.08910535,Valid,Valid
978,0.03375391,Valid,Valid
979,0.051178135,Valid,Valid
980,0.053623855,Valid,Valid
981,0.036473986,Valid,Valid
982,0.04011959,Valid,Valid
983,0.07011303,Valid,Valid
984,0.07671879,Valid,Valid
985,0.03902174,Valid,Valid
986,0.023555232,Valid,Valid
987,0.046439216,Valid,Valid
988,0.04838394,Valid,Valid
989,0.051956713,Valid,Valid
990,0.06260074,Valid,Valid
991,0.027960842,Valid,Valid
992,0.040887013,Valid,Valid
993,0.05003949,Valid,Valid
994,0.060083706,Valid,Valid
995,0.07806529,Valid,Valid
996,0.04173707,Valid,Valid
997,0.04680435,Valid,Valid
998,0.051656935,Valid,Valid
999,0.023093421,Valid,Valid
1000,0.045620233,Valid,Valid
1001,0.03209028,Valid,Valid
1002,0.056636706,Valid,Valid
1003,0.037877154,Valid,Valid
1004,0.06371406,Valid,Valid
1005,0.09030752,Valid,Valid
1006,0.022768458,Valid,Valid
1007,0.052778672,Valid,Valid
1008,0.038502406,Valid,Valid
1009,0.049133223,Valid,Valid
1010,0.025560481,Valid,Valid
1011,0.06680823,Valid,Valid
1012,0.038978025,Valid,Valid
1013,0.052186284,Valid,Valid
1014,0.044551473,Valid,Valid
1015,0.037747692,Valid,Valid
1016,0.07167451,Valid,Valid
1017,0.059213866,Valid,Valid
1018,0.060114644,Valid,Valid
1019,0.08192043,Valid,Valid
1020,0.03256448,Valid,Valid
1021,0.04807677,Valid,Valid
1022,0.04534391,Valid,Valid
1023,0.037998673,Valid,Valid
1024,0.066176355,Valid,Valid
1025,0.06921502,Valid,Valid
1026,0.03735811,Valid,Valid
1027,0.030601831,Valid,Valid
1028,0.060944602,Valid,Valid
1029,0.055280957,Valid,Valid
1030,0.026219971,Valid,Valid
1031,0.038172655,Valid,Valid
1032,0.033138826,Valid,Valid
1033,0.042541385,Valid,Valid
1034,0.035002124,Valid,Valid
1035,0.033403948,Valid,Valid
1036,0.06962657,Valid,Valid
1037,0.03188425,Valid,Valid
1038,0.045466118,Valid,Valid
1039,0.06699695,Valid,Valid
1040,0.07193656,Valid,Valid
1041,0.07148453,Valid,Valid
1042,0.04966276,Valid,Valid
1043,0.030087616,Valid,Valid
1044,0.07677023,Valid,Valid
1045,0.028577542,Valid,Valid
1046,0.046440713,Valid,Valid
1047,0.044279214,Valid,Valid
1048,0.0472569,Valid,Valid
1049,0.023003062,Valid,Valid
1050,0.08991618,Valid,Valid
1051,0.04501044,Valid,Valid
1052,0.07483156,Valid,Valid
1053,0.04666666,Valid,Valid
1054,0.053284228,Valid,Valid
1055,0.06208726,Valid,Valid
1056,0.044543747,Valid,Valid
1057,0.041624844,Valid,Valid
1058,0.031146742,Valid,Valid
1059,0.044076025,Valid,Valid
1060,0.039657548,Valid,Valid
1061,0.06572951,Valid,Valid
1062,0.023696745,Valid,Valid
1063,0.05665654,Valid,Valid
1064,0.044922058,Valid,Valid
1065,0.029264115,Valid,Valid
1066,0.04040016,Valid,Valid
1067,0.03972352,Valid,Valid
1068,0.034191176,Valid,Valid
1069,0.025749693,Valid,Valid
1070,0.037654538,Valid,Valid
1071,0.048092645,Valid,Valid
1072,0.03533793,Valid,Valid
1073,0.04888229,Valid,Valid
1074,0.045969166,Valid,Valid
1075,0.045623474,Valid,Valid
1076,0.03674478,Valid,Valid
1077,0.04565678,Valid,Valid
1078,0.045868378,Valid,Valid
1079,0.023673426,Valid,Valid
1080,0.04639558,Valid,Valid
1081,0.049147423,Valid,Valid
1082,0.040343154,Valid,Valid
1083,0.022224164,Valid,Valid
1084,0.04749314,Valid,Valid
1085,0.04289146,Valid,Valid
1086,0.023066962,Valid,Valid
1087,0.044087507,Valid,Valid
1088,0.048199113,Valid,Valid
1089,0.03804874,Valid,Valid
1090,0.052354857,Valid,Valid
1091,0.041409362,Valid,Valid
1092,0.018993964,Valid,Valid
1093,0.07494762,Valid,Valid
1094,0.034686767,Valid,Valid
1095,0.051506523,Valid,Valid
1096,0.054332938,Valid,Valid
1097,0.050960056,Valid,Valid
1098,0.042856086,Valid,Valid
1099,0.04812186,Valid,Valid
1100,0.05908039,Valid,Valid
1101,0.03368848,Valid,Valid
1102,0.052021045,Valid,Valid
1103,0.04254421,Valid,Valid
1104,0.029689476,Valid,Valid
1105,0.04803557,Valid,Valid
1106,0.027070282,Valid,Valid
1107,0.035480555,Valid,Valid
1108,0.052987773,Valid,Valid
1109,0.050936107,Valid,Valid
1110,0.058797263,Valid,Valid
1111,0.050202705,Valid,Valid
1112,0.045605566,Valid,Valid
1113,0.032970287,Valid,Valid
1114,0.029591339,Valid,Valid
1115,0.066442855,Valid,Valid
1116,0.055906072,Valid,Valid
1117,0.045346767,Valid,Valid
1118,0.027876263,Valid,Valid
1119,0.06575383,Valid,Valid
1120,0.061788544,Valid,Valid
1121,0.05081988,Valid,Valid
1122,0.027959252,Valid,Valid
1123,0.030112583,Valid,Valid
1124,0.054404236,Valid,Valid
1125,0.025366617,Valid,Valid
1126,0.049219947,Valid,Valid
1127,0.064764135,Valid,Valid
1128,0.052231807,Valid,Valid
1129,0.07529994,Valid,Valid
1130,0.080837354,Valid,Valid
1131,0.0385082,Valid,Valid
1132,0.037498157,Valid,Valid
1133,0.023930404,Valid,Valid
1134,0.06036385,Valid,Valid
1135,0.034899265,Valid,Valid
1136,0.05815707,Valid,Valid
1137,0.033394426,Valid,Valid
1138,0.043824773,Valid,Valid
1139,0.063017696,Valid,Valid
1140,0.059660606,Valid,Valid
1141,0.041916408,Valid,Valid
1142,0.050563924,Valid,Valid
1143,0.050689172,Valid,Valid
1144,0.07889256,Valid,Valid
1145,0.045024123,Valid,Valid
1146,0.031159433,Valid,Valid
1147,0.028531842,Valid,Valid
1148,0.06700962,Valid,Valid
1149,0.019896025,Valid,Valid
1150,0.08945826,Valid,Valid
1151,0.036427334,Valid,Valid
1152,0.04121321,Valid,Valid
1153,0.028263023,Valid,Valid
1154,0.029630998,Valid,Valid
1155,0.04421696,Valid,Valid
1156,0.04397555,Valid,Valid
1157,0.06079889,Valid,Valid
1158,0.04830678,Valid,Valid
1159,0.02516727,Valid,Valid
1160,0.024395304,Valid,Valid
1161,0.038058884,Valid,Valid
1162,0.040219642,Valid,Valid
1163,0.05187674,Valid,Valid
1164,0.042419985,Valid,Valid
1165,0.039121214,Valid,Valid
1166,0.04144505,Valid,Valid
1167,0.04864628,Valid,Valid
1168,0.047503132,Valid,Valid
1169,0.06786042,Valid,Valid
1170,0.05458048,Valid,Valid
1171,0.05327287,Valid,Valid
1172,0.04241091,Valid,Valid
1173,0.036451373,Valid,Valid
1174,0.062338524,Valid,Valid
1175,0.06317808,Valid,Valid
1176,0.019752264,Valid,Valid
1177,0.03975472,Valid,Valid
1178,0.022804257,Valid,Valid
1179,0.05588355,Valid,Valid
1180,0.02679751,Valid,Valid
1181,0.047171574,Valid,Valid
1182,0.056843374,Valid,Valid
1183,0.08904211,Valid,Valid
1184,0.05743956,Valid,Valid
1185,0.028824419,Valid,Valid
1186,0.038735073,Valid,Valid
1187,0.059747864,Valid,Valid
1188,0.03260835,Valid,Valid
1189,0.035364483,Valid,Valid
1190,0.034342032,Valid,Valid
1191,0.037549604,Valid,Valid
1192,0.054047357,Valid,Valid
1193,0.047268495,Valid,Valid
1194,0.021621175,Valid,Valid
1195,0.0727835,Valid,Valid
1196,0.028131017,Valid,Valid
1197,0.0551381,Valid,Valid
1198,0.084275074,Valid,Valid
1199,0.029277785,Valid,Valid
1200,0.034363825,Valid,Valid
1201,0.061275184,Valid,Valid
1202,0.05126338,Valid,Valid
1203,0.053819146,Valid,Valid
1204,0.079104334,Valid,Valid
1205,0.027914384,Valid,Valid
1206,0.037583683,Valid,Valid
1207,0.046812005,Valid,Valid
1208,0.038066104,Valid,Valid
1209,0.05179945,Valid,Valid
1210,0.060304835,Valid,Valid
1211,0.04166835,Valid,Valid
1212,0.0411643,Valid,Valid
1213,0.042463645,Valid,Valid
1214,0.02603764,Valid,Valid
1215,0.05110705,Valid,Valid
1216,0.048797783,Valid,Valid
1217,0.045142252,Valid,Valid
1218,0.057683904,Valid,Valid
1219,0.04588582,Valid,Valid
1220,0.02946579,Valid,Valid
1221,0.060898475,Valid,Valid
1222,0.041187216,Valid,Valid
1223,0.07156124,Valid,Valid
1224,0.02898707,Valid,Valid
1225,0.040807653,Valid,Valid
1226,0.04451774,Valid,Valid
1227,0.051797763,Valid,Valid
1228,0.045072444,Valid,Valid
1229,0.04468007,Valid,Valid
1230,0.04566976,Valid,Valid
1231,0.053498916,Valid,Valid
1232,0.08390975,Valid,Valid
1233,0.054892417,Valid,Valid
1234,0.038852047,Valid,Valid
1235,0.036356837,Valid,Valid
1236,0.057342328,Valid,Valid
1237,0.030880312,Valid,Valid
1238,0.023819258,Valid,Valid
1239,0.05530812,Valid,Valid
1240,0.060284257,Valid,Valid
1241,0.040114213,Valid,Valid
1242,0.038012914,Valid,Valid
1243,0.043452147,Valid,Valid
1244,0.031244855,Valid,Valid
1245,0.03158335,Valid,Valid
1246,0.04113883,Valid,Valid
1247,0.05593916,Valid,Valid
1248,0.023192236,Valid,Valid
1249,0.052541636,Valid,Valid
1250,0.044615284,Valid,Valid
1251,0.08043835,Valid,Valid
1252,0.04612579,Valid,Valid
1253,0.021788355,Valid,Valid
1254,0.054706935,Valid,Valid
1255,0.08850487,Valid,Valid
1256,0.048183758,Valid,Valid
1257,0.028057078,Valid,Valid
1258,0.039123412,Valid,Valid
1259,0.06184199,Valid,Valid
1260,0.021439593,Valid,Valid
1261,0.027641013,Valid,Valid
1262,0.059915178,Valid,Valid
1263,0.059757285,Valid,Valid
1264,0.049483333,Valid,Valid
1265,0.057782516,Valid,Valid
1266,0.08641536,Valid,Valid
1267,0.048769806,Valid,Valid
1268,0.04224024,Valid,Valid
1269,0.04566984,Valid,Valid
1270,0.048329737,Valid,Valid
1271,0.057730626,Valid,Valid
1272,0.038349193,Valid,Valid
1273,0.023221951,Valid,Valid
1274,0.041578922,Valid,Valid
1275,0.045391086,Valid,Valid
1276,0.039334543,Valid,Valid
1277,0.05590429,Valid,Valid
1278,0.047999304,Valid,Valid
1279,0.063236706,Valid,Valid
1280,0.046957973,Valid,Valid
1281,0.042003687,Valid,Valid
1282,0.040367946,Valid,Valid
1283,0.042300053,Valid,Valid
1284,0.02665397,Valid,Valid
1285,0.072910994,Valid,Valid
1286,0.042002425,Valid,Valid
1287,0.066748634,Valid,Valid
1288,0.045201786,Valid,Valid
1289,0.06367798,Valid,Valid
1290,0.045720987,Valid,Valid
1291,0.048573364,Valid,Valid
1292,0.04936441,Valid,Valid
1293,0.06526818,Valid,Valid
1294,0.039489307,Valid,Valid
1295,0.038855784,Valid,Valid
1296,0.04015104,Valid,Valid
1297,0.053802468,Valid,Valid
1298,0.049309425,Valid,Valid
1299,0.032773167,Valid,Valid
1300,0.055909097,Valid,Valid
1301,0.07270127,Valid,Valid
1302,0.048181247,Valid,Valid
1303,0.097872235,Valid,Valid
1304,0.036136106,Valid,Valid
1305,0.05584578,Valid,Valid
1306,0.04878941,Valid,Valid
1307,0.043749947,Valid,Valid
1308,0.04928165,Valid,Valid
1309,0.0474469,Valid,Valid
1310,0.037394453,Valid,Valid
1311,0.06539882,Valid,Valid
1312,0.03726925,Valid,Valid
1313,0.036320683,Valid,Valid
1314,0.050971653,Valid,Valid
1315,0.041534442,Valid,Valid
1316,0.086451486,Valid,Valid
1317,0.05100645,Valid,Valid
1318,0.035962403,Valid,Valid
1319,0.020469496,Valid,Valid
1320,0.045282137,Valid,Valid
1321,0.057814024,Valid,Valid
1322,0.025883852,Valid,Valid
1323,0.050334733,Valid,Valid
1324,0.035390478,Valid,Valid
1325,0.047530476,Valid,Valid
1326,0.02646473,Valid,Valid
1327,0.040200397,Valid,Valid
1328,0.062870555,Valid,Valid
1329,0.031929124,Valid,Valid
1330,0.042114355,Valid,Valid
1331,0.07225701,Valid,Valid
1332,0.035253588,Valid,Valid
1333,0.074239984,Valid,Valid
1334,0.05305765,Valid,Valid
1335,0.042237606,Valid,Valid
1336,0.055996045,Valid,Valid
1337,0.055258237,Valid,Valid
1338,0.054615863,Valid,Valid
1339,0.04648081,Valid,Valid
1340,0.029917696,Valid,Valid
1341,0.06334576,Valid,Valid
1342,0.08868379,Valid,Valid
1343,0.020650085,Valid,Valid
1344,0.032980517,Valid,Valid
1345,0.04344178,Valid,Valid
1346,0.0638613,Valid,Valid
1347,0.036314495,Valid,Valid
1348,0.031305235,Valid,Valid
1349,0.07184533,Valid,Valid
1350,0.023416953,Valid,Valid
1351,0.052024268,Valid,Valid
1352,0.064440444,Valid,Valid
1353,0.037022747,Valid,Valid
1354,0.045975767,Valid,Valid
1355,0.04599981,Valid,Valid
1356,0.07309015,Valid,Valid
1357,0.052674484,Valid,Valid
1358,0.082263604,Valid,Valid
1359,0.028539933,Valid,Valid
1360,0.029579623,Valid,Valid
1361,0.07044028,Valid,Valid
1362,0.01756975,Valid,Valid
1363,0.039755654,Valid,Valid
1364,0.049692135,Valid,Valid
1365,0.045832995,Valid,Valid
1366,0.07121171,Valid,Valid
1367,0.035265025,Valid,Valid
1368,0.050470144,Valid,Valid
1369,0.055037256,Valid,Valid
1370,0.06005753,Valid,Valid
1371,0.046884123,Valid,Valid
1372,0.043722913,Valid,Valid
1373,0.034789357,Valid,Valid
1374,0.046900928,Valid,Valid
1375,0.087570645,Valid,Valid
1376,0.037411854,Valid,Valid
1377,0.04807439,Valid,Valid
1378,0.024872193,Valid,Valid
1379,0.05519202,Valid,Valid
1380,0.04630118,Valid,Valid
1381,0.048420917,Valid,Valid
1382,0.05946411,Valid,Valid
1383,0.045765907,Valid,Valid
1384,0.021092642,Valid,Valid
1385,0.044148177,Valid,Valid
1386,0.038719688,Valid,Valid
1387,0.09268069,Valid,Valid
1388,0.057534423,Valid,Valid
1389,0.050864276,Valid,Valid
1390,0.05688684,Valid,Valid
1391,0.06100242,Valid,Valid
1392,0.04635754,Valid,Valid
1393,0.039162446,Valid,Valid
1394,0.07279602,Valid,Valid
1395,0.0466908,Valid,Valid
1396,0.03591911,Valid,Valid
1397,0.08492587,Valid,Valid
1398,0.06628886,Valid,Valid
1399,0.06519168,Valid,Valid
1400,0.06370067,Valid,Valid
1401,0.062477943,Valid,Valid
1402,0.048229482,Valid,Valid
1403,0.026688296,Valid,Valid
1404,0.03883257,Valid,Valid
1405,0.079216324,Valid,Valid
1406,0.05800256,Valid,Valid
1407,0.05225213,Valid,Valid
1408,0.041319456,Valid,Valid
1409,0.044057075,Valid,Valid
1410,0.022903033,Valid,Valid
1411,0.029828195,Valid,Valid
1412,0.05252035,Valid,Valid
1413,0.020542318,Valid,Valid
1414,0.06104813,Valid,Valid
1415,0.047995236,Valid,Valid
1416,0.050277397,Valid,Valid
1417,0.05939167,Valid,Valid
1418,0.056752056,Valid,Valid
1419,0.022007218,Valid,Valid
1420,0.03753826,Valid,Valid
1421,0.056074616,Valid,Valid
1422,0.06791708,Valid,Valid
1423,0.033990186,Valid,Valid
1424,0.055829313,Valid,Valid
1425,0.053655867,Valid,Valid
1426,0.040247917,Valid,Valid
1427,0.035643887,Valid,Valid
1428,0.051308528,Valid,Valid
1429,0.085885115,Valid,Valid
1430,0.04888791,Valid,Valid
1431,0.056043398,Valid,Valid
1432,0.068172336,Valid,Valid
1433,0.048919924,Valid,Valid
1434,0.046600975,Valid,Valid
1435,0.0414172,Valid,Valid
1436,0.05880987,Valid,Valid
1437,0.03816535,Valid,Valid
1438,0.032384347,Valid,Valid
1439,0.053022385,Valid,Valid
1440,0.06468739,Valid,Valid
1441,0.047406636,Valid,Valid
1442,0.040787663,Valid,Valid
1443,0.037660055,Valid,Valid
1444,0.07675512,Valid,Valid
1445,0.024500959,Valid,Valid
1446,0.04896263,Valid,Valid
1447,0.034610137,Valid,Valid
1448,0.03741392,Valid,Valid
1449,0.058174923,Valid,Valid
1450,0.027372535,Valid,Valid
1451,0.062179193,Valid,Valid
1452,0.032425366,Valid,Valid
1453,0.038664345,Valid,Valid
1454,0.04444896,Valid,Valid
1455,0.040569928,Valid,Valid
1456,0.031446163,Valid,Valid
1457,0.046677016,Valid,Valid
1458,0.08679896,Valid,Valid
1459,0.022989877,Valid,Valid
1460,0.060695134,Valid,Valid
1461,0.042021256,Valid,Valid
1462,0.042323798,Valid,Valid
1463,0.018267026,Valid,Valid
1464,0.047058035,Valid,Valid
1465,0.028502963,Valid,Valid
1466,0.042900827,Valid,Valid
1467,0.04966748,Valid,Valid
1468,0.059687257,Valid,Valid
1469,0.060353603,Valid,Valid
1470,0.05190625,Valid,Valid
1471,0.03619552,Valid,Valid
1472,0.055384856,Valid,Valid
1473,0.03964969,Valid,Valid
1474,0.041641362,Valid,Valid
1475,0.038535174,Valid,Valid
1476,0.04253439,Valid,Valid
1477,0.04697516,Valid,Valid
1478,0.03703518,Valid,Valid
1479,0.069623254,Valid,Valid
1480,0.03078422,Valid,Valid
1481,0.0342807,Valid,Valid
1482,0.058359716,Valid,Valid
1483,0.02588517,Valid,Valid
1484,0.03692688,Valid,Valid
1485,0.05023421,Valid,Valid
1486,0.07204637,Valid,Valid
1487,0.068138234,Valid,Valid
1488,0.059127793,Valid,Valid
1489,0.089019604,Valid,Valid
1490,0.0627074,Valid,Valid
1491,0.06208992,Valid,Valid
1492,0.059029702,Valid,Valid
1493,0.03997111,Valid,Valid
1494,0.05972291,Valid,Valid
1495,0.061121453,Valid,Valid
1496,0.038959786,Valid,Valid
1497,0.02978247,Valid,Valid
1498,0.069220304,Valid,Valid
1499,0.04558645,Valid,Valid
1500,0.05537114,Valid,Valid
1501,0.043180265,Valid,Valid
1502,0.03130675,Valid,Valid
1503,0.06319897,Valid,Valid
1504,0.028444342,Valid,Valid
1505,0.06095847,Valid,Valid
1506,0.05462348,Valid,Valid
1507,0.035851102,Valid,Valid
1508,0.02616053,Valid,Valid
1509,0.044081446,Valid,Valid
1510,0.07010728,Valid,Valid
1511,0.045037612,Valid,Valid
1512,0.0362708,Valid,Valid
1513,0.045781706,Valid,Valid
1514,0.07944376,Valid,Valid
1515,0.05487135,Valid,Valid
1516,0.04489233,Valid,Valid
1517,0.03163651,Valid,Valid
1518,0.041490536,Valid,Valid
1519,0.053376444,Valid,Valid
1520,0.072975494,Valid,Valid
1521,0.090086386,Valid,Valid
1522,0.06730643,Valid,Valid
1523,0.054605864,Valid,Valid
1524,0.039546628,Valid,Valid
1525,0.06449036,Valid,Valid
1526,0.048559118,Valid,Valid
1527,0.037788164,Valid,Valid
1528,0.044480745,Valid,Valid
1529,0.039556153,Valid,Valid
1530,0.045369882,Valid,Valid
1531,0.052662,Valid,Valid
1532,0.07714876,Valid,Valid
1533,0.05454947,Valid,Valid
1534,0.020596636,Valid,Valid
1535,0.05199484,Valid,Valid
1536,0.04384264,Valid,Valid
1537,0.042785168,Valid,Valid
1538,0.02647243,Valid,Valid
1539,0.04396485,Valid,Valid
1540,0.027551288,Valid,Valid
1541,0.01992629,Valid,Valid
1542,0.024664981,Valid,Valid
1543,0.045585588,Valid,Valid
1544,0.07034272,Valid,Valid
1545,0.055209722,Valid,Valid
1546,0.048674572,Valid,Valid
1547,0.024465302,Valid,Valid
1548,0.050029766,Valid,Valid
1549,0.060243566,Valid,Valid
1550,0.04024488,Valid,Valid
1551,0.037730385,Valid,Valid
1552,0.020283075,Valid,Valid
1553,0.03591783,Valid,Valid
1554,0.09014389,Valid,Valid
1555,0.08159279,Valid,Valid
1556,0.06205421,Valid,Valid
1557,0.057853963,Valid,Valid
1558,0.062021382,Valid,Valid
1559,0.033514243,Valid,Valid
1560,0.048376556,Valid,Valid
1561,0.07765872,Valid,Valid
1562,0.0615661,Valid,Valid
1563,0.054637384,Valid,Valid
1564,0.048806984,Valid,Valid
1565,0.043938223,Valid,Valid
1566,0.048213184,Valid,Valid
1567,0.05771926,Valid,Valid
1568,0.075053096,Valid,Valid
1569,0.041660883,Valid,Valid
1570,0.04055677,Valid,Valid
1571,0.04393734,Valid,Valid
1572,0.048359524,Valid,Valid
1573,0.039779156,Valid,Valid
1574,0.060277265,Valid,Valid
1575,0.05211892,Valid,Valid
1576,0.06504508,Valid,Valid
1577,0.05395585,Valid,Valid
1578,0.03127469,Valid,Valid
1579,0.037319776,Valid,Valid
1580,0.05118683,Valid,Valid
1581,0.08319367,Valid,Valid
1582,0.056869753,Valid,Valid
1583,0.08634954,Valid,Valid
1584,0.044805266,Valid,Valid
1585,0.053503394,Valid,Valid
1586,0.090463534,Valid,Valid
1587,0.061663426,Valid,Valid
1588,0.041407693,Valid,Valid
1589,0.04628721,Valid,Valid
1590,0.039809827,Valid,Valid
1591,0.045002703,Valid,Valid
1592,0.06219586,Valid,Valid
1593,0.060694102,Valid,Valid
1594,0.06473538,Valid,Valid
1595,0.044065006,Valid,Valid
1596,0.055478826,Valid,Valid
1597,0.048671506,Valid,Valid
1598,0.03477952,Valid,Valid
1599,0.050989255,Valid,Valid
1600,0.069709726,Valid,Valid
1601,0.0496389,Valid,Valid
1602,0.055890486,Valid,Valid
1603,0.04723657,Valid,Valid
1604,0.053010385,Valid,Valid
1605,0.07089827,Valid,Valid
1606,0.028517537,Valid,Valid
1607,0.024873178,Valid,Valid
1608,0.039729517,Valid,Valid
1609,0.038376212,Valid,Valid
1610,0.04401258,Valid,Valid
1611,0.05323615,Valid,Valid
1612,0.023882367,Valid,Valid
1613,0.038579788,Valid,Valid
1614,0.088909514,Valid,Valid
1615,0.024537805,Valid,Valid
1616,0.03523852,Valid,Valid
1617,0.05142122,Valid,Valid
1618,0.037997082,Valid,Valid
1619,0.0405569,Valid,Valid
1620,0.033983696,Valid,Valid
1621,0.023651801,Valid,Valid
1622,0.03390685,Valid,Valid
1623,0.09766086,Valid,Valid
1624,0.04310033,Valid,Valid
1625,0.057656176,Valid,Valid
1626,0.026341792,Valid,Valid
1627,0.036509264,Valid,Valid
1628,0.033233173,Valid,Valid
1629,0.053859826,Valid,Valid
1630,0.045876775,Valid,Valid
1631,0.050409477,Valid,Valid
1632,0.01644656,Valid,Valid
1633,0.04354049,Valid,Valid
1634,0.053126264,Valid,Valid
1635,0.035647657,Valid,Valid
1636,0.06078589,Valid,Valid
1637,0.049529094,Valid,Valid
1638,0.054065935,Valid,Valid
1639,0.0580954,Valid,Valid
1640,0.03767452,Valid,Valid
1641,0.042136274,Valid,Valid
1642,0.040651336,Valid,Valid
1643,0.034165397,Valid,Valid
1644,0.06284472,Valid,Valid
1645,0.039114986,Valid,Valid
1646,0.042391334,Valid,Valid
1647,0.049363725,Valid,Valid
1648,0.05191783,Valid,Valid
1649,0.036333337,Valid,Valid
1650,0.04742717,Valid,Valid
1651,0.0622423,Valid,Valid
1652,0.04815905,Valid,Valid
1653,0.034348078,Valid,Valid
1654,0.035363384,Valid,Valid
1655,0.04922714,Valid,Valid
1656,0.04981138,Valid,Valid
1657,0.035505626,Valid,Valid
1658,0.041875795,Valid,Valid
1659,0.06608948,Valid,Valid
1660,0.0454487,Valid,Valid
1661,0.045909084,Valid,Valid
1662,0.08534764,Valid,Valid
1663,0.052665297,Valid,Valid
1664,0.054254703,Valid,Valid
1665,0.05636673,Valid,Valid
1666,0.048655365,Valid,Valid
1667,0.04349196,Valid,Valid
1668,0.050230116,Valid,Valid
1669,0.07520564,Valid,Valid
1670,0.04310971,Valid,Valid
1671,0.027015958,Valid,Valid
1672,0.025837326,Valid,Valid
1673,0.046989944,Valid,Valid
1674,0.055175934,Valid,Valid
1675,0.04986103,Valid,Valid
1676,0.054055747,Valid,Valid
1677,0.041585788,Valid,Valid
1678,0.050679974,Valid,Valid
1679,0.036436338,Valid,Valid
1680,0.048529975,Valid,Valid
1681,0.077163756,Valid,Valid
1682,0.031232161,Valid,Valid
1683,0.058001947,Valid,Valid
1684,0.044421077,Valid,Valid
1685,0.045099184,Valid,Valid
1686,0.034287848,Valid,Valid
1687,0.035793103,Valid,Valid
1688,0.041266873,Valid,Valid
1689,0.02026963,Valid,Valid
1690,0.034436364,Valid,Valid
1691,0.06186488,Valid,Valid
1692,0.028154489,Valid,Valid
1693,0.034173273,Valid,Valid
1694,0.036700714,Valid,Valid
1695,0.056818034,Valid,Valid
1696,0.051591508,Valid,Valid
1697,0.050664414,Valid,Valid
1698,0.08083094,Valid,Valid
1699,0.0498147,Valid,Valid
1700,0.050159156,Valid,Valid
1701,0.059851274,Valid,Valid
1702,0.043907825,Valid,Valid
1703,0.046737053,Valid,Valid
1704,0.043905336,Valid,Valid
1705,0.038901757,Valid,Valid
1706,0.05101264,Valid,Valid
1707,0.04454794,Valid,Valid
1708,0.049159605,Valid,Valid
1709,0.052568015,Valid,Valid
1710,0.05698583,Valid,Valid
1711,0.048303004,Valid,Valid
0,0.06710067,Test,Test-Blood
1,0.09471584,Test,Test-Blood
2,0.045727346,Test,Test-Blood
3,0.037016075,Test,Test-Blood
4,0.08867506,Test,Test-Blood
5,0.053521372,Test,Test-Blood
6,0.05333988,Test,Test-Blood
7,0.044284206,Test,Test-Blood
8,0.041099742,Test,Test-Blood
9,0.04012006,Test,Test-Blood
10,0.060174268,Test,Test-Blood
11,0.034797467,Test,Test-Blood
12,0.035369217,Test,Test-Blood
13,0.03708293,Test,Test-Blood
14,0.03704997,Test,Test-Blood
15,0.034605946,Test,Test-Blood
16,0.034942016,Test,Test-Blood
17,0.06077325,Test,Test-Blood
18,0.04631648,Test,Test-Blood
19,0.049679108,Test,Test-Blood
20,0.040019143,Test,Test-Blood
21,0.039766144,Test,Test-Blood
22,0.047008418,Test,Test-Blood
23,0.049150985,Test,Test-Blood
24,0.05921043,Test,Test-Blood
25,0.061357275,Test,Test-Blood
26,0.025414158,Test,Test-Blood
27,0.06782426,Test,Test-Blood
28,0.04617728,Test,Test-Blood
29,0.047746286,Test,Test-Blood
30,0.073601805,Test,Test-Blood
31,0.027349416,Test,Test-Blood
32,0.035923947,Test,Test-Blood
33,0.06691612,Test,Test-Blood
34,0.050258137,Test,Test-Blood
35,0.042942714,Test,Test-Blood
36,0.07631864,Test,Test-Blood
37,0.05448116,Test,Test-Blood
38,0.044332057,Test,Test-Blood
39,0.043715384,Test,Test-Blood
40,0.047271803,Test,Test-Blood
41,0.029702147,Test,Test-Blood
42,0.027351871,Test,Test-Blood
43,0.026697429,Test,Test-Blood
44,0.047085553,Test,Test-Blood
45,0.042213973,Test,Test-Blood
46,0.05521547,Test,Test-Blood
47,0.035749428,Test,Test-Blood
48,0.05373822,Test,Test-Blood
49,0.07051048,Test,Test-Blood
50,0.033699,Test,Test-Blood
51,0.053444866,Test,Test-Blood
52,0.028757017,Test,Test-Blood
53,0.06016068,Test,Test-Blood
54,0.047904696,Test,Test-Blood
55,0.067332596,Test,Test-Blood
56,0.04611764,Test,Test-Blood
57,0.03567484,Test,Test-Blood
58,0.031731308,Test,Test-Blood
59,0.04529956,Test,Test-Blood
60,0.036869776,Test,Test-Blood
61,0.055446733,Test,Test-Blood
62,0.040079806,Test,Test-Blood
63,0.046288993,Test,Test-Blood
64,0.02149238,Test,Test-Blood
65,0.054758765,Test,Test-Blood
66,0.058507465,Test,Test-Blood
67,0.04874703,Test,Test-Blood
68,0.032748055,Test,Test-Blood
69,0.041844267,Test,Test-Blood
70,0.052901722,Test,Test-Blood
71,0.05097314,Test,Test-Blood
72,0.05672373,Test,Test-Blood
73,0.043325413,Test,Test-Blood
74,0.05581057,Test,Test-Blood
75,0.049971133,Test,Test-Blood
76,0.039156724,Test,Test-Blood
77,0.06015518,Test,Test-Blood
78,0.042160876,Test,Test-Blood
79,0.05995161,Test,Test-Blood
80,0.04460124,Test,Test-Blood
81,0.057951596,Test,Test-Blood
82,0.07044992,Test,Test-Blood
83,0.0093975095,Test,Test-Blood
84,0.065839574,Test,Test-Blood
85,0.031713482,Test,Test-Blood
86,0.031419717,Test,Test-Blood
87,0.038848985,Test,Test-Blood
88,0.069399744,Test,Test-Blood
89,0.038272012,Test,Test-Blood
90,0.024096934,Test,Test-Blood
91,0.07602176,Test,Test-Blood
92,0.032339483,Test,Test-Blood
93,0.037632365,Test,Test-Blood
94,0.053199526,Test,Test-Blood
95,0.05392522,Test,Test-Blood
96,0.0805301,Test,Test-Blood
97,0.059386738,Test,Test-Blood
98,0.025700811,Test,Test-Blood
99,0.023160316,Test,Test-Blood
100,0.046187423,Test,Test-Blood
101,0.056827117,Test,Test-Blood
102,0.04811887,Test,Test-Blood
103,0.041153137,Test,Test-Blood
104,0.03639218,Test,Test-Blood
105,0.037512306,Test,Test-Blood
106,0.028960688,Test,Test-Blood
107,0.08419004,Test,Test-Blood
108,0.040908843,Test,Test-Blood
109,0.076375365,Test,Test-Blood
110,0.04450437,Test,Test-Blood
111,0.039701644,Test,Test-Blood
112,0.045005713,Test,Test-Blood
113,0.04532551,Test,Test-Blood
114,0.053894907,Test,Test-Blood
115,0.049053423,Test,Test-Blood
116,0.064704545,Test,Test-Blood
117,0.04536345,Test,Test-Blood
118,0.04098707,Test,Test-Blood
119,0.042964928,Test,Test-Blood
120,0.054838322,Test,Test-Blood
121,0.028538004,Test,Test-Blood
122,0.04308754,Test,Test-Blood
123,0.04838181,Test,Test-Blood
124,0.024442563,Test,Test-Blood
125,0.029045967,Test,Test-Blood
126,0.041404586,Test,Test-Blood
127,0.027274264,Test,Test-Blood
128,0.03547031,Test,Test-Blood
129,0.03193128,Test,Test-Blood
130,0.055663697,Test,Test-Blood
131,0.03954848,Test,Test-Blood
132,0.056985725,Test,Test-Blood
133,0.048349775,Test,Test-Blood
134,0.04696953,Test,Test-Blood
135,0.07220099,Test,Test-Blood
136,0.03884874,Test,Test-Blood
137,0.03980531,Test,Test-Blood
138,0.042443104,Test,Test-Blood
139,0.032755982,Test,Test-Blood
140,0.041238252,Test,Test-Blood
141,0.08368596,Test,Test-Blood
142,0.03289412,Test,Test-Blood
143,0.052914955,Test,Test-Blood
144,0.054269936,Test,Test-Blood
145,0.04274527,Test,Test-Blood
146,0.051536746,Test,Test-Blood
147,0.057598125,Test,Test-Blood
148,0.06790851,Test,Test-Blood
149,0.061897457,Test,Test-Blood
150,0.050813064,Test,Test-Blood
151,0.045420162,Test,Test-Blood
152,0.032702114,Test,Test-Blood
153,0.055278,Test,Test-Blood
154,0.07626805,Test,Test-Blood
155,0.063054994,Test,Test-Blood
156,0.05393004,Test,Test-Blood
157,0.020020138,Test,Test-Blood
158,0.030490207,Test,Test-Blood
159,0.06505426,Test,Test-Blood
160,0.07272496,Test,Test-Blood
161,0.07598555,Test,Test-Blood
162,0.07368237,Test,Test-Blood
163,0.058569588,Test,Test-Blood
164,0.05766328,Test,Test-Blood
165,0.027097728,Test,Test-Blood
166,0.070374854,Test,Test-Blood
167,0.04670616,Test,Test-Blood
168,0.025014093,Test,Test-Blood
169,0.04926021,Test,Test-Blood
170,0.055228874,Test,Test-Blood
171,0.027489817,Test,Test-Blood
172,0.04087668,Test,Test-Blood
173,0.03928509,Test,Test-Blood
174,0.061261028,Test,Test-Blood
175,0.053904567,Test,Test-Blood
176,0.034754284,Test,Test-Blood
177,0.04453136,Test,Test-Blood
178,0.047309157,Test,Test-Blood
179,0.043390792,Test,Test-Blood
180,0.04440026,Test,Test-Blood
181,0.019733617,Test,Test-Blood
182,0.024074337,Test,Test-Blood
183,0.06355145,Test,Test-Blood
184,0.027481701,Test,Test-Blood
185,0.03699449,Test,Test-Blood
186,0.06364528,Test,Test-Blood
187,0.037984613,Test,Test-Blood
188,0.0500623,Test,Test-Blood
189,0.04768169,Test,Test-Blood
190,0.024527075,Test,Test-Blood
191,0.04404526,Test,Test-Blood
192,0.02813495,Test,Test-Blood
193,0.04459091,Test,Test-Blood
194,0.041836925,Test,Test-Blood
195,0.03452827,Test,Test-Blood
196,0.043937903,Test,Test-Blood
197,0.060575407,Test,Test-Blood
198,0.058028374,Test,Test-Blood
199,0.01902809,Test,Test-Blood
200,0.038250327,Test,Test-Blood
201,0.037627496,Test,Test-Blood
202,0.066150144,Test,Test-Blood
203,0.051620346,Test,Test-Blood
204,0.049022358,Test,Test-Blood
205,0.040098198,Test,Test-Blood
206,0.04606426,Test,Test-Blood
207,0.036002833,Test,Test-Blood
208,0.05955104,Test,Test-Blood
209,0.035755374,Test,Test-Blood
210,0.050745055,Test,Test-Blood
211,0.0714727,Test,Test-Blood
212,0.041833863,Test,Test-Blood
213,0.056574203,Test,Test-Blood
214,0.039924614,Test,Test-Blood
215,0.030951208,Test,Test-Blood
216,0.05623275,Test,Test-Blood
217,0.077528514,Test,Test-Blood
218,0.03384044,Test,Test-Blood
219,0.05593964,Test,Test-Blood
220,0.07703454,Test,Test-Blood
221,0.05166353,Test,Test-Blood
222,0.047935896,Test,Test-Blood
223,0.039492406,Test,Test-Blood
224,0.06958059,Test,Test-Blood
225,0.048727605,Test,Test-Blood
226,0.06219696,Test,Test-Blood
227,0.027418999,Test,Test-Blood
228,0.041812792,Test,Test-Blood
229,0.05251694,Test,Test-Blood
230,0.04981887,Test,Test-Blood
231,0.024947293,Test,Test-Blood
232,0.06720249,Test,Test-Blood
233,0.053709812,Test,Test-Blood
234,0.043208428,Test,Test-Blood
235,0.055417415,Test,Test-Blood
236,0.022738585,Test,Test-Blood
237,0.021984424,Test,Test-Blood
238,0.03853445,Test,Test-Blood
239,0.045496635,Test,Test-Blood
240,0.09354385,Test,Test-Blood
241,0.047880784,Test,Test-Blood
242,0.035082392,Test,Test-Blood
243,0.07444789,Test,Test-Blood
244,0.075990245,Test,Test-Blood
245,0.033076122,Test,Test-Blood
246,0.048002183,Test,Test-Blood
247,0.043251973,Test,Test-Blood
248,0.05691617,Test,Test-Blood
249,0.05584627,Test,Test-Blood
250,0.057655457,Test,Test-Blood
251,0.027593544,Test,Test-Blood
252,0.04705457,Test,Test-Blood
253,0.042594843,Test,Test-Blood
254,0.0317414,Test,Test-Blood
255,0.093229644,Test,Test-Blood
256,0.05020957,Test,Test-Blood
257,0.043848123,Test,Test-Blood
258,0.045513123,Test,Test-Blood
259,0.023590993,Test,Test-Blood
260,0.044469334,Test,Test-Blood
261,0.057381935,Test,Test-Blood
262,0.023702877,Test,Test-Blood
263,0.03529577,Test,Test-Blood
264,0.055769894,Test,Test-Blood
265,0.027130548,Test,Test-Blood
266,0.07345902,Test,Test-Blood
267,0.023311863,Test,Test-Blood
268,0.046180427,Test,Test-Blood
269,0.040766295,Test,Test-Blood
270,0.038325757,Test,Test-Blood
271,0.044335674,Test,Test-Blood
272,0.046545446,Test,Test-Blood
273,0.037835296,Test,Test-Blood
274,0.043041255,Test,Test-Blood
275,0.06804096,Test,Test-Blood
276,0.055046417,Test,Test-Blood
277,0.066412605,Test,Test-Blood
278,0.05412975,Test,Test-Blood
279,0.042040855,Test,Test-Blood
280,0.046915617,Test,Test-Blood
281,0.044647,Test,Test-Blood
282,0.027769731,Test,Test-Blood
283,0.064205326,Test,Test-Blood
284,0.068692215,Test,Test-Blood
285,0.0553449,Test,Test-Blood
286,0.07420227,Test,Test-Blood
287,0.04266221,Test,Test-Blood
288,0.056620903,Test,Test-Blood
289,0.052927226,Test,Test-Blood
290,0.0695942,Test,Test-Blood
291,0.026193993,Test,Test-Blood
292,0.050231017,Test,Test-Blood
293,0.03896427,Test,Test-Blood
294,0.049182385,Test,Test-Blood
295,0.032658547,Test,Test-Blood
296,0.04757973,Test,Test-Blood
297,0.040474612,Test,Test-Blood
298,0.043435246,Test,Test-Blood
299,0.035498805,Test,Test-Blood
300,0.055280153,Test,Test-Blood
301,0.017421806,Test,Test-Blood
302,0.09824653,Test,Test-Blood
303,0.035270523,Test,Test-Blood
304,0.02157049,Test,Test-Blood
305,0.036192432,Test,Test-Blood
306,0.056759514,Test,Test-Blood
307,0.04305123,Test,Test-Blood
308,0.059104823,Test,Test-Blood
309,0.033400677,Test,Test-Blood
310,0.04256979,Test,Test-Blood
311,0.028103616,Test,Test-Blood
312,0.033707548,Test,Test-Blood
313,0.046735868,Test,Test-Blood
314,0.019442454,Test,Test-Blood
315,0.05827251,Test,Test-Blood
316,0.050908446,Test,Test-Blood
317,0.03923917,Test,Test-Blood
318,0.035518397,Test,Test-Blood
319,0.019182792,Test,Test-Blood
320,0.062123783,Test,Test-Blood
321,0.053854235,Test,Test-Blood
322,0.050005145,Test,Test-Blood
323,0.046100136,Test,Test-Blood
324,0.060131863,Test,Test-Blood
325,0.03344946,Test,Test-Blood
326,0.03025328,Test,Test-Blood
327,0.055497862,Test,Test-Blood
328,0.04578016,Test,Test-Blood
329,0.03484706,Test,Test-Blood
330,0.04301483,Test,Test-Blood
331,0.03628402,Test,Test-Blood
332,0.030785386,Test,Test-Blood
333,0.053183425,Test,Test-Blood
334,0.043687373,Test,Test-Blood
335,0.062030647,Test,Test-Blood
336,0.05032353,Test,Test-Blood
337,0.057669066,Test,Test-Blood
338,0.045300514,Test,Test-Blood
339,0.037748724,Test,Test-Blood
340,0.037197422,Test,Test-Blood
341,0.065935574,Test,Test-Blood
342,0.06777136,Test,Test-Blood
343,0.039002966,Test,Test-Blood
344,0.044828698,Test,Test-Blood
345,0.037922345,Test,Test-Blood
346,0.04774422,Test,Test-Blood
347,0.044767976,Test,Test-Blood
348,0.032700907,Test,Test-Blood
349,0.03709192,Test,Test-Blood
350,0.07221266,Test,Test-Blood
351,0.027260628,Test,Test-Blood
352,0.044413872,Test,Test-Blood
353,0.07587377,Test,Test-Blood
354,0.028304556,Test,Test-Blood
355,0.03983504,Test,Test-Blood
356,0.08201178,Test,Test-Blood
357,0.06905206,Test,Test-Blood
358,0.069480754,Test,Test-Blood
359,0.033392556,Test,Test-Blood
360,0.030323984,Test,Test-Blood
361,0.030754166,Test,Test-Blood
362,0.033132732,Test,Test-Blood
363,0.09249136,Test,Test-Blood
364,0.065045334,Test,Test-Blood
365,0.02018679,Test,Test-Blood
366,0.058434505,Test,Test-Blood
367,0.0753871,Test,Test-Blood
368,0.056990277,Test,Test-Blood
369,0.026890092,Test,Test-Blood
370,0.041922215,Test,Test-Blood
371,0.050063897,Test,Test-Blood
372,0.044988886,Test,Test-Blood
373,0.04229129,Test,Test-Blood
374,0.063932054,Test,Test-Blood
375,0.04192382,Test,Test-Blood
376,0.026500901,Test,Test-Blood
377,0.046351425,Test,Test-Blood
378,0.048773687,Test,Test-Blood
379,0.057750177,Test,Test-Blood
380,0.033202488,Test,Test-Blood
381,0.04819203,Test,Test-Blood
382,0.04089888,Test,Test-Blood
383,0.029040521,Test,Test-Blood
384,0.07248291,Test,Test-Blood
385,0.038643453,Test,Test-Blood
386,0.05179855,Test,Test-Blood
387,0.036630835,Test,Test-Blood
388,0.051996525,Test,Test-Blood
389,0.034992326,Test,Test-Blood
390,0.05135647,Test,Test-Blood
391,0.063792594,Test,Test-Blood
392,0.028688807,Test,Test-Blood
393,0.045085642,Test,Test-Blood
394,0.06600996,Test,Test-Blood
395,0.06378098,Test,Test-Blood
396,0.055227857,Test,Test-Blood
397,0.044144683,Test,Test-Blood
398,0.044472378,Test,Test-Blood
399,0.024850713,Test,Test-Blood
400,0.059339665,Test,Test-Blood
401,0.05679471,Test,Test-Blood
402,0.04963277,Test,Test-Blood
403,0.03609676,Test,Test-Blood
404,0.04674335,Test,Test-Blood
405,0.036920898,Test,Test-Blood
406,0.055413954,Test,Test-Blood
407,0.07403063,Test,Test-Blood
408,0.038781773,Test,Test-Blood
409,0.048881885,Test,Test-Blood
410,0.07533775,Test,Test-Blood
411,0.042251725,Test,Test-Blood
412,0.056203667,Test,Test-Blood
413,0.043122675,Test,Test-Blood
414,0.035997543,Test,Test-Blood
415,0.08112314,Test,Test-Blood
416,0.095251754,Test,Test-Blood
417,0.030479971,Test,Test-Blood
418,0.06626259,Test,Test-Blood
419,0.07109069,Test,Test-Blood
420,0.043703888,Test,Test-Blood
421,0.032031,Test,Test-Blood
422,0.041125413,Test,Test-Blood
423,0.04544181,Test,Test-Blood
424,0.039476227,Test,Test-Blood
425,0.023400376,Test,Test-Blood
426,0.041074764,Test,Test-Blood
427,0.053992633,Test,Test-Blood
428,0.07364366,Test,Test-Blood
429,0.06855172,Test,Test-Blood
430,0.053212974,Test,Test-Blood
431,0.06313119,Test,Test-Blood
432,0.06334524,Test,Test-Blood
433,0.09111698,Test,Test-Blood
434,0.041758362,Test,Test-Blood
435,0.0216342,Test,Test-Blood
436,0.048031736,Test,Test-Blood
437,0.04406047,Test,Test-Blood
438,0.041841265,Test,Test-Blood
439,0.06430371,Test,Test-Blood
440,0.04243963,Test,Test-Blood
441,0.05533949,Test,Test-Blood
442,0.043092962,Test,Test-Blood
443,0.032554395,Test,Test-Blood
444,0.07872986,Test,Test-Blood
445,0.048116144,Test,Test-Blood
446,0.041517764,Test,Test-Blood
447,0.024543514,Test,Test-Blood
448,0.021458289,Test,Test-Blood
449,0.07817262,Test,Test-Blood
450,0.042164866,Test,Test-Blood
451,0.058397863,Test,Test-Blood
452,0.030206978,Test,Test-Blood
453,0.03938289,Test,Test-Blood
454,0.051238667,Test,Test-Blood
455,0.04232322,Test,Test-Blood
456,0.02265472,Test,Test-Blood
457,0.027582712,Test,Test-Blood
458,0.055458482,Test,Test-Blood
459,0.02331365,Test,Test-Blood
460,0.050659496,Test,Test-Blood
461,0.0446811,Test,Test-Blood
462,0.05344364,Test,Test-Blood
463,0.09261057,Test,Test-Blood
464,0.03787389,Test,Test-Blood
465,0.06617234,Test,Test-Blood
466,0.033662066,Test,Test-Blood
467,0.018585023,Test,Test-Blood
468,0.056278486,Test,Test-Blood
469,0.024062686,Test,Test-Blood
470,0.04376643,Test,Test-Blood
471,0.049434863,Test,Test-Blood
472,0.055972453,Test,Test-Blood
473,0.030876432,Test,Test-Blood
474,0.023856366,Test,Test-Blood
475,0.041908246,Test,Test-Blood
476,0.038838193,Test,Test-Blood
477,0.041812703,Test,Test-Blood
478,0.035650034,Test,Test-Blood
479,0.05037898,Test,Test-Blood
480,0.04795813,Test,Test-Blood
481,0.035847683,Test,Test-Blood
482,0.03413653,Test,Test-Blood
483,0.03606861,Test,Test-Blood
484,0.027559934,Test,Test-Blood
485,0.0485883,Test,Test-Blood
486,0.05469117,Test,Test-Blood
487,0.04663574,Test,Test-Blood
488,0.08149642,Test,Test-Blood
489,0.06821046,Test,Test-Blood
490,0.043199606,Test,Test-Blood
491,0.03540337,Test,Test-Blood
492,0.030669196,Test,Test-Blood
493,0.05770238,Test,Test-Blood
494,0.05661786,Test,Test-Blood
495,0.04774333,Test,Test-Blood
496,0.062080603,Test,Test-Blood
497,0.05766624,Test,Test-Blood
498,0.04177879,Test,Test-Blood
499,0.04633631,Test,Test-Blood
500,0.033242825,Test,Test-Blood
501,0.049644426,Test,Test-Blood
502,0.05346244,Test,Test-Blood
503,0.038521804,Test,Test-Blood
504,0.03072954,Test,Test-Blood
505,0.048265137,Test,Test-Blood
506,0.031520836,Test,Test-Blood
507,0.049597833,Test,Test-Blood
508,0.04159008,Test,Test-Blood
509,0.06838332,Test,Test-Blood
510,0.0427838,Test,Test-Blood
511,0.021651495,Test,Test-Blood
512,0.047789644,Test,Test-Blood
513,0.040007442,Test,Test-Blood
514,0.040049434,Test,Test-Blood
515,0.029783368,Test,Test-Blood
516,0.06674306,Test,Test-Blood
517,0.06988938,Test,Test-Blood
518,0.05598968,Test,Test-Blood
519,0.06399041,Test,Test-Blood
520,0.041644752,Test,Test-Blood
521,0.02668078,Test,Test-Blood
522,0.09948724,Test,Test-Blood
523,0.03842073,Test,Test-Blood
524,0.042143155,Test,Test-Blood
525,0.055561364,Test,Test-Blood
526,0.036081944,Test,Test-Blood
527,0.02599414,Test,Test-Blood
528,0.061961427,Test,Test-Blood
529,0.037263248,Test,Test-Blood
530,0.056126405,Test,Test-Blood
531,0.044397645,Test,Test-Blood
532,0.04567882,Test,Test-Blood
533,0.054334622,Test,Test-Blood
534,0.044826057,Test,Test-Blood
535,0.0521274,Test,Test-Blood
536,0.05300601,Test,Test-Blood
537,0.052104652,Test,Test-Blood
538,0.039606955,Test,Test-Blood
539,0.060440373,Test,Test-Blood
540,0.037963174,Test,Test-Blood
541,0.06472163,Test,Test-Blood
542,0.036704637,Test,Test-Blood
543,0.062303256,Test,Test-Blood
544,0.040914465,Test,Test-Blood
545,0.07312469,Test,Test-Blood
546,0.060362976,Test,Test-Blood
547,0.04714979,Test,Test-Blood
548,0.045527052,Test,Test-Blood
549,0.042101644,Test,Test-Blood
550,0.03741347,Test,Test-Blood
551,0.06607324,Test,Test-Blood
552,0.06452351,Test,Test-Blood
553,0.048628736,Test,Test-Blood
554,0.043740872,Test,Test-Blood
555,0.046348173,Test,Test-Blood
556,0.06331579,Test,Test-Blood
557,0.029575257,Test,Test-Blood
558,0.051191334,Test,Test-Blood
559,0.05313658,Test,Test-Blood
560,0.049891684,Test,Test-Blood
561,0.02396038,Test,Test-Blood
562,0.043275062,Test,Test-Blood
563,0.061709132,Test,Test-Blood
564,0.05815297,Test,Test-Blood
565,0.059953313,Test,Test-Blood
566,0.047747206,Test,Test-Blood
567,0.03545802,Test,Test-Blood
568,0.035819415,Test,Test-Blood
569,0.054374885,Test,Test-Blood
570,0.028559374,Test,Test-Blood
571,0.04308323,Test,Test-Blood
572,0.036351163,Test,Test-Blood
573,0.037995894,Test,Test-Blood
574,0.068768516,Test,Test-Blood
575,0.04257785,Test,Test-Blood
576,0.062295172,Test,Test-Blood
577,0.074236855,Test,Test-Blood
578,0.049973,Test,Test-Blood
579,0.047694743,Test,Test-Blood
580,0.044868056,Test,Test-Blood
581,0.06210505,Test,Test-Blood
582,0.0856375,Test,Test-Blood
583,0.0415595,Test,Test-Blood
584,0.03664559,Test,Test-Blood
585,0.040366206,Test,Test-Blood
586,0.04350204,Test,Test-Blood
587,0.026533682,Test,Test-Blood
588,0.062234513,Test,Test-Blood
589,0.034556873,Test,Test-Blood
590,0.05194623,Test,Test-Blood
591,0.057167124,Test,Test-Blood
592,0.04201596,Test,Test-Blood
593,0.048471585,Test,Test-Blood
594,0.039556462,Test,Test-Blood
595,0.08679773,Test,Test-Blood
596,0.04635256,Test,Test-Blood
597,0.07206454,Test,Test-Blood
598,0.060445637,Test,Test-Blood
599,0.029025966,Test,Test-Blood
600,0.028880093,Test,Test-Blood
601,0.04481394,Test,Test-Blood
602,0.05045163,Test,Test-Blood
603,0.044167154,Test,Test-Blood
604,0.04392605,Test,Test-Blood
605,0.060949504,Test,Test-Blood
606,0.048316434,Test,Test-Blood
607,0.049330942,Test,Test-Blood
608,0.10320446,Test,Test-Blood
609,0.037382033,Test,Test-Blood
610,0.017665803,Test,Test-Blood
611,0.044688154,Test,Test-Blood
612,0.024294844,Test,Test-Blood
613,0.07466368,Test,Test-Blood
614,0.046550613,Test,Test-Blood
615,0.043312144,Test,Test-Blood
616,0.04876144,Test,Test-Blood
617,0.05770497,Test,Test-Blood
618,0.052057777,Test,Test-Blood
619,0.057402186,Test,Test-Blood
620,0.02259834,Test,Test-Blood
621,0.052840903,Test,Test-Blood
622,0.059529483,Test,Test-Blood
623,0.04546198,Test,Test-Blood
624,0.04599647,Test,Test-Blood
625,0.026985921,Test,Test-Blood
626,0.055949736,Test,Test-Blood
627,0.044147823,Test,Test-Blood
628,0.044651557,Test,Test-Blood
629,0.05553341,Test,Test-Blood
630,0.028848242,Test,Test-Blood
631,0.04102712,Test,Test-Blood
632,0.04545252,Test,Test-Blood
633,0.042396862,Test,Test-Blood
634,0.051280353,Test,Test-Blood
635,0.036515027,Test,Test-Blood
636,0.04575661,Test,Test-Blood
637,0.041364357,Test,Test-Blood
638,0.059934784,Test,Test-Blood
639,0.03312645,Test,Test-Blood
640,0.03517115,Test,Test-Blood
641,0.040287387,Test,Test-Blood
642,0.044940677,Test,Test-Blood
643,0.058228694,Test,Test-Blood
644,0.06786873,Test,Test-Blood
645,0.031399783,Test,Test-Blood
646,0.04181953,Test,Test-Blood
647,0.049692485,Test,Test-Blood
648,0.049636494,Test,Test-Blood
649,0.07107261,Test,Test-Blood
650,0.041115664,Test,Test-Blood
651,0.0546314,Test,Test-Blood
652,0.048949093,Test,Test-Blood
653,0.03677165,Test,Test-Blood
654,0.02632829,Test,Test-Blood
655,0.05977774,Test,Test-Blood
656,0.04459487,Test,Test-Blood
657,0.0275539,Test,Test-Blood
658,0.031934604,Test,Test-Blood
659,0.03446727,Test,Test-Blood
660,0.056802176,Test,Test-Blood
661,0.06134185,Test,Test-Blood
662,0.026160879,Test,Test-Blood
663,0.023547452,Test,Test-Blood
664,0.054182213,Test,Test-Blood
665,0.022495551,Test,Test-Blood
666,0.01589744,Test,Test-Blood
667,0.066496745,Test,Test-Blood
668,0.028901378,Test,Test-Blood
669,0.03466375,Test,Test-Blood
670,0.035960313,Test,Test-Blood
671,0.0640037,Test,Test-Blood
672,0.07068094,Test,Test-Blood
673,0.049089767,Test,Test-Blood
674,0.04487301,Test,Test-Blood
675,0.022680862,Test,Test-Blood
676,0.029212309,Test,Test-Blood
677,0.053064372,Test,Test-Blood
678,0.041311998,Test,Test-Blood
679,0.056213703,Test,Test-Blood
680,0.023075761,Test,Test-Blood
681,0.0438986,Test,Test-Blood
682,0.038718957,Test,Test-Blood
683,0.06828139,Test,Test-Blood
684,0.05380962,Test,Test-Blood
685,0.056982785,Test,Test-Blood
686,0.042604443,Test,Test-Blood
687,0.026142819,Test,Test-Blood
688,0.044437863,Test,Test-Blood
689,0.03167114,Test,Test-Blood
690,0.06658936,Test,Test-Blood
691,0.0751436,Test,Test-Blood
692,0.047208045,Test,Test-Blood
693,0.060617626,Test,Test-Blood
694,0.028653575,Test,Test-Blood
695,0.033933166,Test,Test-Blood
696,0.049678307,Test,Test-Blood
697,0.035238,Test,Test-Blood
698,0.042962972,Test,Test-Blood
699,0.038181864,Test,Test-Blood
700,0.05240668,Test,Test-Blood
701,0.0472731,Test,Test-Blood
702,0.05764832,Test,Test-Blood
703,0.09079035,Test,Test-Blood
704,0.021959532,Test,Test-Blood
705,0.08153889,Test,Test-Blood
706,0.06746222,Test,Test-Blood
707,0.049270492,Test,Test-Blood
708,0.07159708,Test,Test-Blood
709,0.048566747,Test,Test-Blood
710,0.055630386,Test,Test-Blood
711,0.035462134,Test,Test-Blood
712,0.037789527,Test,Test-Blood
713,0.04926894,Test,Test-Blood
714,0.03147792,Test,Test-Blood
715,0.06450038,Test,Test-Blood
716,0.063188195,Test,Test-Blood
717,0.049171884,Test,Test-Blood
718,0.07960444,Test,Test-Blood
719,0.02977079,Test,Test-Blood
720,0.04195581,Test,Test-Blood
721,0.052318655,Test,Test-Blood
722,0.036571015,Test,Test-Blood
723,0.028789561,Test,Test-Blood
724,0.04401355,Test,Test-Blood
725,0.052507736,Test,Test-Blood
726,0.057851933,Test,Test-Blood
727,0.046505462,Test,Test-Blood
728,0.04407649,Test,Test-Blood
729,0.06009125,Test,Test-Blood
730,0.056254316,Test,Test-Blood
731,0.02920947,Test,Test-Blood
732,0.06017232,Test,Test-Blood
733,0.03726825,Test,Test-Blood
734,0.044544768,Test,Test-Blood
735,0.052452534,Test,Test-Blood
736,0.07696394,Test,Test-Blood
737,0.032364655,Test,Test-Blood
738,0.026848238,Test,Test-Blood
739,0.037204716,Test,Test-Blood
740,0.08936388,Test,Test-Blood
741,0.040852442,Test,Test-Blood
742,0.049426403,Test,Test-Blood
743,0.034887612,Test,Test-Blood
744,0.04673282,Test,Test-Blood
745,0.03665409,Test,Test-Blood
746,0.033144638,Test,Test-Blood
747,0.066467136,Test,Test-Blood
748,0.023442319,Test,Test-Blood
749,0.018959876,Test,Test-Blood
750,0.0747133,Test,Test-Blood
751,0.045845173,Test,Test-Blood
752,0.05385069,Test,Test-Blood
753,0.06438395,Test,Test-Blood
754,0.05369852,Test,Test-Blood
755,0.06011011,Test,Test-Blood
756,0.064827636,Test,Test-Blood
757,0.042856544,Test,Test-Blood
758,0.0471765,Test,Test-Blood
759,0.066795014,Test,Test-Blood
760,0.03407392,Test,Test-Blood
761,0.06233904,Test,Test-Blood
762,0.02772684,Test,Test-Blood
763,0.039797366,Test,Test-Blood
764,0.047086943,Test,Test-Blood
765,0.047699053,Test,Test-Blood
766,0.06102929,Test,Test-Blood
767,0.045067657,Test,Test-Blood
768,0.026793579,Test,Test-Blood
769,0.040096145,Test,Test-Blood
770,0.036735132,Test,Test-Blood
771,0.036480583,Test,Test-Blood
772,0.036069646,Test,Test-Blood
773,0.046786934,Test,Test-Blood
774,0.05763378,Test,Test-Blood
775,0.021363098,Test,Test-Blood
776,0.0616318,Test,Test-Blood
777,0.05775619,Test,Test-Blood
778,0.042227414,Test,Test-Blood
779,0.054861892,Test,Test-Blood
780,0.0646944,Test,Test-Blood
781,0.04616845,Test,Test-Blood
782,0.05046418,Test,Test-Blood
783,0.037130874,Test,Test-Blood
784,0.032475464,Test,Test-Blood
785,0.05786224,Test,Test-Blood
786,0.05533775,Test,Test-Blood
787,0.06058589,Test,Test-Blood
788,0.02418274,Test,Test-Blood
789,0.050470058,Test,Test-Blood
790,0.030752305,Test,Test-Blood
791,0.041930236,Test,Test-Blood
792,0.039880186,Test,Test-Blood
793,0.052571703,Test,Test-Blood
794,0.07288984,Test,Test-Blood
795,0.037174445,Test,Test-Blood
796,0.048868056,Test,Test-Blood
797,0.02271049,Test,Test-Blood
798,0.043777797,Test,Test-Blood
799,0.04644674,Test,Test-Blood
800,0.051115755,Test,Test-Blood
801,0.038912475,Test,Test-Blood
802,0.036385126,Test,Test-Blood
803,0.046762224,Test,Test-Blood
804,0.035294093,Test,Test-Blood
805,0.061847437,Test,Test-Blood
806,0.026033165,Test,Test-Blood
807,0.036110885,Test,Test-Blood
808,0.023456013,Test,Test-Blood
809,0.04387171,Test,Test-Blood
810,0.055889927,Test,Test-Blood
811,0.02939618,Test,Test-Blood
812,0.03497812,Test,Test-Blood
813,0.04294148,Test,Test-Blood
814,0.043455675,Test,Test-Blood
815,0.053320616,Test,Test-Blood
816,0.054621592,Test,Test-Blood
817,0.07443616,Test,Test-Blood
818,0.035954233,Test,Test-Blood
819,0.03670355,Test,Test-Blood
820,0.027245859,Test,Test-Blood
821,0.05325119,Test,Test-Blood
822,0.05486827,Test,Test-Blood
823,0.03643822,Test,Test-Blood
824,0.03153591,Test,Test-Blood
825,0.042369038,Test,Test-Blood
826,0.042637344,Test,Test-Blood
827,0.038033366,Test,Test-Blood
828,0.02716712,Test,Test-Blood
829,0.052071393,Test,Test-Blood
830,0.059051525,Test,Test-Blood
831,0.05328581,Test,Test-Blood
832,0.04221316,Test,Test-Blood
833,0.04554087,Test,Test-Blood
834,0.07169865,Test,Test-Blood
835,0.050592266,Test,Test-Blood
836,0.06717072,Test,Test-Blood
837,0.06392903,Test,Test-Blood
838,0.044047672,Test,Test-Blood
839,0.03888256,Test,Test-Blood
840,0.02393513,Test,Test-Blood
841,0.04325552,Test,Test-Blood
842,0.028663602,Test,Test-Blood
843,0.03760898,Test,Test-Blood
844,0.04873099,Test,Test-Blood
845,0.038753886,Test,Test-Blood
846,0.048675567,Test,Test-Blood
847,0.048902314,Test,Test-Blood
848,0.042284,Test,Test-Blood
849,0.03916285,Test,Test-Blood
850,0.054055505,Test,Test-Blood
851,0.027240273,Test,Test-Blood
852,0.05347284,Test,Test-Blood
853,0.037653852,Test,Test-Blood
854,0.051897366,Test,Test-Blood
855,0.054130916,Test,Test-Blood
856,0.054160513,Test,Test-Blood
857,0.06503592,Test,Test-Blood
858,0.027226992,Test,Test-Blood
859,0.075222366,Test,Test-Blood
860,0.044275843,Test,Test-Blood
861,0.032196395,Test,Test-Blood
862,0.022019891,Test,Test-Blood
863,0.052965812,Test,Test-Blood
864,0.036511686,Test,Test-Blood
865,0.028717859,Test,Test-Blood
866,0.03319039,Test,Test-Blood
867,0.04427418,Test,Test-Blood
868,0.04622395,Test,Test-Blood
869,0.037682336,Test,Test-Blood
870,0.022364933,Test,Test-Blood
871,0.0958097,Test,Test-Blood
872,0.023244636,Test,Test-Blood
873,0.08052962,Test,Test-Blood
874,0.041737832,Test,Test-Blood
875,0.037048742,Test,Test-Blood
876,0.08931831,Test,Test-Blood
877,0.055767752,Test,Test-Blood
878,0.060844097,Test,Test-Blood
879,0.072197594,Test,Test-Blood
880,0.03915751,Test,Test-Blood
881,0.097991735,Test,Test-Blood
882,0.041187964,Test,Test-Blood
883,0.021182975,Test,Test-Blood
884,0.05174605,Test,Test-Blood
885,0.042862196,Test,Test-Blood
886,0.029565739,Test,Test-Blood
887,0.035269056,Test,Test-Blood
888,0.060946196,Test,Test-Blood
889,0.04253573,Test,Test-Blood
890,0.05308093,Test,Test-Blood
891,0.027672239,Test,Test-Blood
892,0.038378954,Test,Test-Blood
893,0.026207874,Test,Test-Blood
894,0.03753856,Test,Test-Blood
895,0.08202259,Test,Test-Blood
896,0.058850255,Test,Test-Blood
897,0.04136846,Test,Test-Blood
898,0.038055375,Test,Test-Blood
899,0.055976808,Test,Test-Blood
900,0.062206723,Test,Test-Blood
901,0.019411974,Test,Test-Blood
902,0.041363116,Test,Test-Blood
903,0.04517761,Test,Test-Blood
904,0.04525924,Test,Test-Blood
905,0.052256532,Test,Test-Blood
906,0.05040013,Test,Test-Blood
907,0.06053517,Test,Test-Blood
908,0.03930673,Test,Test-Blood
909,0.05223979,Test,Test-Blood
910,0.042326882,Test,Test-Blood
911,0.046941828,Test,Test-Blood
912,0.054059304,Test,Test-Blood
913,0.01855421,Test,Test-Blood
914,0.016625179,Test,Test-Blood
915,0.055131458,Test,Test-Blood
916,0.041689552,Test,Test-Blood
917,0.06803018,Test,Test-Blood
918,0.049612317,Test,Test-Blood
919,0.043612838,Test,Test-Blood
920,0.056499936,Test,Test-Blood
921,0.03952459,Test,Test-Blood
922,0.09076038,Test,Test-Blood
923,0.060983784,Test,Test-Blood
924,0.050619897,Test,Test-Blood
925,0.03445395,Test,Test-Blood
926,0.04527064,Test,Test-Blood
927,0.0443594,Test,Test-Blood
928,0.07064634,Test,Test-Blood
929,0.04210684,Test,Test-Blood
930,0.04731069,Test,Test-Blood
931,0.07959755,Test,Test-Blood
932,0.035499003,Test,Test-Blood
933,0.033469,Test,Test-Blood
934,0.046831973,Test,Test-Blood
935,0.019260634,Test,Test-Blood
936,0.035492226,Test,Test-Blood
937,0.040666282,Test,Test-Blood
938,0.06834875,Test,Test-Blood
939,0.046583507,Test,Test-Blood
940,0.049806777,Test,Test-Blood
941,0.03702611,Test,Test-Blood
942,0.049176235,Test,Test-Blood
943,0.048249938,Test,Test-Blood
944,0.048935745,Test,Test-Blood
945,0.04279755,Test,Test-Blood
946,0.04560623,Test,Test-Blood
947,0.057729952,Test,Test-Blood
948,0.054941084,Test,Test-Blood
949,0.073062256,Test,Test-Blood
950,0.032518532,Test,Test-Blood
951,0.026973173,Test,Test-Blood
952,0.07283937,Test,Test-Blood
953,0.053897545,Test,Test-Blood
954,0.039182507,Test,Test-Blood
955,0.021834,Test,Test-Blood
956,0.06294805,Test,Test-Blood
957,0.04352658,Test,Test-Blood
958,0.06891651,Test,Test-Blood
959,0.038733665,Test,Test-Blood
960,0.0601551,Test,Test-Blood
961,0.03298158,Test,Test-Blood
962,0.051324524,Test,Test-Blood
963,0.045404702,Test,Test-Blood
964,0.04675735,Test,Test-Blood
965,0.05180663,Test,Test-Blood
966,0.030961804,Test,Test-Blood
967,0.047066856,Test,Test-Blood
968,0.018697591,Test,Test-Blood
969,0.02093141,Test,Test-Blood
970,0.064065844,Test,Test-Blood
971,0.016586564,Test,Test-Blood
972,0.058319923,Test,Test-Blood
973,0.034901354,Test,Test-Blood
974,0.073805496,Test,Test-Blood
975,0.051381167,Test,Test-Blood
976,0.04083147,Test,Test-Blood
977,0.05184152,Test,Test-Blood
978,0.037044667,Test,Test-Blood
979,0.056700505,Test,Test-Blood
980,0.027519891,Test,Test-Blood
981,0.0502222,Test,Test-Blood
982,0.03461244,Test,Test-Blood
983,0.044874,Test,Test-Blood
984,0.05791062,Test,Test-Blood
985,0.049173094,Test,Test-Blood
986,0.040658522,Test,Test-Blood
987,0.046830826,Test,Test-Blood
988,0.03243862,Test,Test-Blood
989,0.039699588,Test,Test-Blood
990,0.030714123,Test,Test-Blood
991,0.05045081,Test,Test-Blood
992,0.054567233,Test,Test-Blood
993,0.02739707,Test,Test-Blood
994,0.06227917,Test,Test-Blood
995,0.08638774,Test,Test-Blood
996,0.041555412,Test,Test-Blood
997,0.036777653,Test,Test-Blood
998,0.079181395,Test,Test-Blood
999,0.0767447,Test,Test-Blood
1000,0.030038795,Test,Test-Blood
1001,0.050943803,Test,Test-Blood
1002,0.10256206,Test,Test-Blood
1003,0.054214776,Test,Test-Blood
1004,0.06376127,Test,Test-Blood
1005,0.043357134,Test,Test-Blood
1006,0.04542872,Test,Test-Blood
1007,0.05571032,Test,Test-Blood
1008,0.06179062,Test,Test-Blood
1009,0.059919488,Test,Test-Blood
1010,0.04464764,Test,Test-Blood
1011,0.05701977,Test,Test-Blood
1012,0.054924022,Test,Test-Blood
1013,0.062510446,Test,Test-Blood
1014,0.051980536,Test,Test-Blood
1015,0.04969774,Test,Test-Blood
1016,0.036127355,Test,Test-Blood
1017,0.049276054,Test,Test-Blood
1018,0.05646229,Test,Test-Blood
1019,0.057891417,Test,Test-Blood
1020,0.062336214,Test,Test-Blood
1021,0.04613056,Test,Test-Blood
1022,0.02383959,Test,Test-Blood
1023,0.1031567,Test,Test-Blood
1024,0.050575864,Test,Test-Blood
1025,0.021167511,Test,Test-Blood
1026,0.07956854,Test,Test-Blood
1027,0.03671456,Test,Test-Blood
1028,0.086546004,Test,Test-Blood
1029,0.02091976,Test,Test-Blood
1030,0.056183677,Test,Test-Blood
1031,0.046634793,Test,Test-Blood
1032,0.062030323,Test,Test-Blood
1033,0.027482072,Test,Test-Blood
1034,0.049599588,Test,Test-Blood
1035,0.03964149,Test,Test-Blood
1036,0.034332573,Test,Test-Blood
1037,0.04459696,Test,Test-Blood
1038,0.03452925,Test,Test-Blood
1039,0.04022833,Test,Test-Blood
1040,0.06337865,Test,Test-Blood
1041,0.048689142,Test,Test-Blood
1042,0.040023953,Test,Test-Blood
1043,0.054327607,Test,Test-Blood
1044,0.050352097,Test,Test-Blood
1045,0.058425695,Test,Test-Blood
1046,0.06872926,Test,Test-Blood
1047,0.0439193,Test,Test-Blood
1048,0.042866312,Test,Test-Blood
1049,0.055468727,Test,Test-Blood
1050,0.039711837,Test,Test-Blood
1051,0.03922066,Test,Test-Blood
1052,0.06891223,Test,Test-Blood
1053,0.035949413,Test,Test-Blood
1054,0.08201532,Test,Test-Blood
1055,0.079000145,Test,Test-Blood
1056,0.06522058,Test,Test-Blood
1057,0.06745489,Test,Test-Blood
1058,0.03067319,Test,Test-Blood
1059,0.034690138,Test,Test-Blood
1060,0.01822793,Test,Test-Blood
1061,0.038380254,Test,Test-Blood
1062,0.048543382,Test,Test-Blood
1063,0.06942354,Test,Test-Blood
1064,0.064669915,Test,Test-Blood
1065,0.074025914,Test,Test-Blood
1066,0.058005486,Test,Test-Blood
1067,0.039589666,Test,Test-Blood
1068,0.042301062,Test,Test-Blood
1069,0.037052996,Test,Test-Blood
1070,0.022550793,Test,Test-Blood
1071,0.06734918,Test,Test-Blood
1072,0.01891229,Test,Test-Blood
1073,0.028048651,Test,Test-Blood
1074,0.061128266,Test,Test-Blood
1075,0.0676293,Test,Test-Blood
1076,0.04404454,Test,Test-Blood
1077,0.042240173,Test,Test-Blood
1078,0.0436598,Test,Test-Blood
1079,0.036354467,Test,Test-Blood
1080,0.056344245,Test,Test-Blood
1081,0.033976607,Test,Test-Blood
1082,0.05543955,Test,Test-Blood
1083,0.03376505,Test,Test-Blood
1084,0.044725638,Test,Test-Blood
1085,0.04964829,Test,Test-Blood
1086,0.059668228,Test,Test-Blood
1087,0.037881877,Test,Test-Blood
1088,0.030518545,Test,Test-Blood
1089,0.059857562,Test,Test-Blood
1090,0.050089285,Test,Test-Blood
1091,0.041649774,Test,Test-Blood
1092,0.04404069,Test,Test-Blood
1093,0.03895216,Test,Test-Blood
1094,0.045650765,Test,Test-Blood
1095,0.06153887,Test,Test-Blood
1096,0.073890984,Test,Test-Blood
1097,0.017399626,Test,Test-Blood
1098,0.052878547,Test,Test-Blood
1099,0.02061344,Test,Test-Blood
1100,0.029089158,Test,Test-Blood
1101,0.029214637,Test,Test-Blood
1102,0.057565376,Test,Test-Blood
1103,0.08799124,Test,Test-Blood
1104,0.049564436,Test,Test-Blood
1105,0.04752751,Test,Test-Blood
1106,0.021867972,Test,Test-Blood
1107,0.048613112,Test,Test-Blood
1108,0.047194738,Test,Test-Blood
1109,0.040834572,Test,Test-Blood
1110,0.02262575,Test,Test-Blood
1111,0.03923044,Test,Test-Blood
1112,0.06380474,Test,Test-Blood
1113,0.0350723,Test,Test-Blood
1114,0.045333512,Test,Test-Blood
1115,0.03679124,Test,Test-Blood
1116,0.05304823,Test,Test-Blood
1117,0.067383215,Test,Test-Blood
1118,0.027739696,Test,Test-Blood
1119,0.03965067,Test,Test-Blood
1120,0.053573243,Test,Test-Blood
1121,0.04105064,Test,Test-Blood
1122,0.059532344,Test,Test-Blood
1123,0.04032368,Test,Test-Blood
1124,0.03883375,Test,Test-Blood
1125,0.059727997,Test,Test-Blood
1126,0.035997298,Test,Test-Blood
1127,0.016210893,Test,Test-Blood
1128,0.084024794,Test,Test-Blood
1129,0.044129454,Test,Test-Blood
1130,0.035042718,Test,Test-Blood
1131,0.05376572,Test,Test-Blood
1132,0.044989098,Test,Test-Blood
1133,0.045243125,Test,Test-Blood
1134,0.02738863,Test,Test-Blood
1135,0.06566896,Test,Test-Blood
1136,0.022809515,Test,Test-Blood
1137,0.04692786,Test,Test-Blood
1138,0.026256206,Test,Test-Blood
1139,0.054496206,Test,Test-Blood
1140,0.046938963,Test,Test-Blood
1141,0.044113792,Test,Test-Blood
1142,0.04419551,Test,Test-Blood
1143,0.04307045,Test,Test-Blood
1144,0.040759895,Test,Test-Blood
1145,0.018126918,Test,Test-Blood
1146,0.037940286,Test,Test-Blood
1147,0.03039004,Test,Test-Blood
1148,0.022939872,Test,Test-Blood
1149,0.037021976,Test,Test-Blood
1150,0.044904597,Test,Test-Blood
1151,0.026239185,Test,Test-Blood
1152,0.056593925,Test,Test-Blood
1153,0.06043962,Test,Test-Blood
1154,0.054086484,Test,Test-Blood
1155,0.052489072,Test,Test-Blood
1156,0.04843927,Test,Test-Blood
1157,0.02421481,Test,Test-Blood
1158,0.0444066,Test,Test-Blood
1159,0.026458737,Test,Test-Blood
1160,0.03590301,Test,Test-Blood
1161,0.048423816,Test,Test-Blood
1162,0.032818962,Test,Test-Blood
1163,0.09709752,Test,Test-Blood
1164,0.096013166,Test,Test-Blood
1165,0.023132103,Test,Test-Blood
1166,0.040306203,Test,Test-Blood
1167,0.08821307,Test,Test-Blood
1168,0.051353693,Test,Test-Blood
1169,0.057662465,Test,Test-Blood
1170,0.06883798,Test,Test-Blood
1171,0.05435627,Test,Test-Blood
1172,0.044538826,Test,Test-Blood
1173,0.0580514,Test,Test-Blood
1174,0.028955553,Test,Test-Blood
1175,0.021138495,Test,Test-Blood
1176,0.0598184,Test,Test-Blood
1177,0.074928105,Test,Test-Blood
1178,0.04405504,Test,Test-Blood
1179,0.03919066,Test,Test-Blood
1180,0.06375854,Test,Test-Blood
1181,0.021457257,Test,Test-Blood
1182,0.049803,Test,Test-Blood
1183,0.055756964,Test,Test-Blood
1184,0.050315637,Test,Test-Blood
1185,0.053331606,Test,Test-Blood
1186,0.054961722,Test,Test-Blood
1187,0.04559748,Test,Test-Blood
1188,0.06576927,Test,Test-Blood
1189,0.03227862,Test,Test-Blood
1190,0.027544579,Test,Test-Blood
1191,0.062777296,Test,Test-Blood
1192,0.041579448,Test,Test-Blood
1193,0.05070601,Test,Test-Blood
1194,0.03215287,Test,Test-Blood
1195,0.058125034,Test,Test-Blood
1196,0.044035256,Test,Test-Blood
1197,0.0792369,Test,Test-Blood
1198,0.040830206,Test,Test-Blood
1199,0.05050482,Test,Test-Blood
1200,0.0648182,Test,Test-Blood
1201,0.047149334,Test,Test-Blood
1202,0.083595105,Test,Test-Blood
1203,0.045386527,Test,Test-Blood
1204,0.04351003,Test,Test-Blood
1205,0.02559287,Test,Test-Blood
1206,0.030460957,Test,Test-Blood
1207,0.052267477,Test,Test-Blood
1208,0.041801546,Test,Test-Blood
1209,0.03903355,Test,Test-Blood
1210,0.018025707,Test,Test-Blood
1211,0.054086093,Test,Test-Blood
1212,0.04249187,Test,Test-Blood
1213,0.048568927,Test,Test-Blood
1214,0.05491494,Test,Test-Blood
1215,0.07073835,Test,Test-Blood
1216,0.032466315,Test,Test-Blood
1217,0.04407911,Test,Test-Blood
1218,0.039791334,Test,Test-Blood
1219,0.035566743,Test,Test-Blood
1220,0.04477005,Test,Test-Blood
1221,0.02252808,Test,Test-Blood
1222,0.07934438,Test,Test-Blood
1223,0.05682368,Test,Test-Blood
1224,0.03592828,Test,Test-Blood
1225,0.028820625,Test,Test-Blood
1226,0.06903085,Test,Test-Blood
1227,0.030438688,Test,Test-Blood
1228,0.040881816,Test,Test-Blood
1229,0.06152694,Test,Test-Blood
1230,0.041293506,Test,Test-Blood
1231,0.034688424,Test,Test-Blood
1232,0.0569154,Test,Test-Blood
1233,0.057300877,Test,Test-Blood
1234,0.051277347,Test,Test-Blood
1235,0.02232194,Test,Test-Blood
1236,0.031856574,Test,Test-Blood
1237,0.059007,Test,Test-Blood
1238,0.048702825,Test,Test-Blood
1239,0.023825696,Test,Test-Blood
1240,0.05296421,Test,Test-Blood
1241,0.04997828,Test,Test-Blood
1242,0.053116705,Test,Test-Blood
1243,0.053101007,Test,Test-Blood
1244,0.03436074,Test,Test-Blood
1245,0.052473925,Test,Test-Blood
1246,0.01979886,Test,Test-Blood
1247,0.024032736,Test,Test-Blood
1248,0.022521047,Test,Test-Blood
1249,0.05529133,Test,Test-Blood
1250,0.039891236,Test,Test-Blood
1251,0.025435776,Test,Test-Blood
1252,0.05421376,Test,Test-Blood
1253,0.03488349,Test,Test-Blood
1254,0.037567135,Test,Test-Blood
1255,0.018874573,Test,Test-Blood
1256,0.034250356,Test,Test-Blood
1257,0.035484795,Test,Test-Blood
1258,0.07681371,Test,Test-Blood
1259,0.057602227,Test,Test-Blood
1260,0.030123113,Test,Test-Blood
1261,0.08740399,Test,Test-Blood
1262,0.044016194,Test,Test-Blood
1263,0.042253796,Test,Test-Blood
1264,0.07112033,Test,Test-Blood
1265,0.04249941,Test,Test-Blood
1266,0.05606954,Test,Test-Blood
1267,0.060517058,Test,Test-Blood
1268,0.09225319,Test,Test-Blood
1269,0.08925684,Test,Test-Blood
1270,0.034166474,Test,Test-Blood
1271,0.061189163,Test,Test-Blood
1272,0.05868155,Test,Test-Blood
1273,0.03891817,Test,Test-Blood
1274,0.047034465,Test,Test-Blood
1275,0.030299239,Test,Test-Blood
1276,0.032160338,Test,Test-Blood
1277,0.049749173,Test,Test-Blood
1278,0.05898358,Test,Test-Blood
1279,0.05913362,Test,Test-Blood
1280,0.049744286,Test,Test-Blood
1281,0.03341024,Test,Test-Blood
1282,0.04679088,Test,Test-Blood
1283,0.038638733,Test,Test-Blood
1284,0.05587257,Test,Test-Blood
1285,0.034880683,Test,Test-Blood
1286,0.046962608,Test,Test-Blood
1287,0.044517867,Test,Test-Blood
1288,0.050282445,Test,Test-Blood
1289,0.05674576,Test,Test-Blood
1290,0.050304994,Test,Test-Blood
1291,0.04010826,Test,Test-Blood
1292,0.03194979,Test,Test-Blood
1293,0.047768272,Test,Test-Blood
1294,0.035023697,Test,Test-Blood
1295,0.05469954,Test,Test-Blood
1296,0.038665697,Test,Test-Blood
1297,0.052512493,Test,Test-Blood
1298,0.039165873,Test,Test-Blood
1299,0.053014904,Test,Test-Blood
1300,0.056996584,Test,Test-Blood
1301,0.03494554,Test,Test-Blood
1302,0.03571758,Test,Test-Blood
1303,0.041518264,Test,Test-Blood
1304,0.030103076,Test,Test-Blood
1305,0.050396588,Test,Test-Blood
1306,0.037743162,Test,Test-Blood
1307,0.022652999,Test,Test-Blood
1308,0.043665867,Test,Test-Blood
1309,0.070498794,Test,Test-Blood
1310,0.047172487,Test,Test-Blood
1311,0.059051707,Test,Test-Blood
1312,0.024569418,Test,Test-Blood
1313,0.057181098,Test,Test-Blood
1314,0.053259816,Test,Test-Blood
1315,0.05328929,Test,Test-Blood
1316,0.0486139,Test,Test-Blood
1317,0.0668383,Test,Test-Blood
1318,0.037064258,Test,Test-Blood
1319,0.038313985,Test,Test-Blood
1320,0.071792416,Test,Test-Blood
1321,0.07709263,Test,Test-Blood
1322,0.045300078,Test,Test-Blood
1323,0.042788662,Test,Test-Blood
1324,0.047804385,Test,Test-Blood
1325,0.049547188,Test,Test-Blood
1326,0.03310577,Test,Test-Blood
1327,0.06814768,Test,Test-Blood
1328,0.049282003,Test,Test-Blood
1329,0.049414728,Test,Test-Blood
1330,0.05843599,Test,Test-Blood
1331,0.06284869,Test,Test-Blood
1332,0.04543163,Test,Test-Blood
1333,0.039941188,Test,Test-Blood
1334,0.052021194,Test,Test-Blood
1335,0.029445622,Test,Test-Blood
1336,0.053129956,Test,Test-Blood
1337,0.04135974,Test,Test-Blood
1338,0.048803937,Test,Test-Blood
1339,0.055486515,Test,Test-Blood
1340,0.06874375,Test,Test-Blood
1341,0.059607673,Test,Test-Blood
1342,0.04490319,Test,Test-Blood
1343,0.047759652,Test,Test-Blood
1344,0.041534398,Test,Test-Blood
1345,0.06158056,Test,Test-Blood
1346,0.02363255,Test,Test-Blood
1347,0.058831714,Test,Test-Blood
1348,0.03286935,Test,Test-Blood
1349,0.05819095,Test,Test-Blood
1350,0.05530247,Test,Test-Blood
1351,0.038846776,Test,Test-Blood
1352,0.030094603,Test,Test-Blood
1353,0.031577278,Test,Test-Blood
1354,0.0458677,Test,Test-Blood
1355,0.035048537,Test,Test-Blood
1356,0.028233392,Test,Test-Blood
1357,0.08535241,Test,Test-Blood
1358,0.053722084,Test,Test-Blood
1359,0.063125454,Test,Test-Blood
1360,0.03823453,Test,Test-Blood
1361,0.07041249,Test,Test-Blood
1362,0.03767087,Test,Test-Blood
1363,0.049709927,Test,Test-Blood
1364,0.05104504,Test,Test-Blood
1365,0.039176214,Test,Test-Blood
1366,0.03782017,Test,Test-Blood
1367,0.0630089,Test,Test-Blood
1368,0.04379136,Test,Test-Blood
1369,0.04206317,Test,Test-Blood
1370,0.054794986,Test,Test-Blood
1371,0.04581923,Test,Test-Blood
1372,0.08538372,Test,Test-Blood
1373,0.052447874,Test,Test-Blood
1374,0.0334595,Test,Test-Blood
1375,0.05060351,Test,Test-Blood
1376,0.030985164,Test,Test-Blood
1377,0.056317296,Test,Test-Blood
1378,0.043253113,Test,Test-Blood
1379,0.07419249,Test,Test-Blood
1380,0.0433501,Test,Test-Blood
1381,0.018329863,Test,Test-Blood
1382,0.054814216,Test,Test-Blood
1383,0.04454363,Test,Test-Blood
1384,0.043239754,Test,Test-Blood
1385,0.05175747,Test,Test-Blood
1386,0.038190678,Test,Test-Blood
1387,0.018439118,Test,Test-Blood
1388,0.039046295,Test,Test-Blood
1389,0.055937618,Test,Test-Blood
1390,0.044937763,Test,Test-Blood
1391,0.040113423,Test,Test-Blood
1392,0.061936144,Test,Test-Blood
1393,0.08062356,Test,Test-Blood
1394,0.027535986,Test,Test-Blood
1395,0.05892664,Test,Test-Blood
1396,0.023651324,Test,Test-Blood
1397,0.0481632,Test,Test-Blood
1398,0.029299976,Test,Test-Blood
1399,0.09059663,Test,Test-Blood
1400,0.05328918,Test,Test-Blood
1401,0.053699523,Test,Test-Blood
1402,0.07977766,Test,Test-Blood
1403,0.06522207,Test,Test-Blood
1404,0.038566105,Test,Test-Blood
1405,0.051140416,Test,Test-Blood
1406,0.05371945,Test,Test-Blood
1407,0.05501272,Test,Test-Blood
1408,0.034285065,Test,Test-Blood
1409,0.032331675,Test,Test-Blood
1410,0.058222424,Test,Test-Blood
1411,0.08586969,Test,Test-Blood
1412,0.04514403,Test,Test-Blood
1413,0.04540951,Test,Test-Blood
1414,0.039083943,Test,Test-Blood
1415,0.036880124,Test,Test-Blood
1416,0.0889098,Test,Test-Blood
1417,0.078861006,Test,Test-Blood
1418,0.04645092,Test,Test-Blood
1419,0.029633703,Test,Test-Blood
1420,0.029190099,Test,Test-Blood
1421,0.02360098,Test,Test-Blood
1422,0.029407777,Test,Test-Blood
1423,0.052842963,Test,Test-Blood
1424,0.033957697,Test,Test-Blood
1425,0.08411381,Test,Test-Blood
1426,0.056408744,Test,Test-Blood
1427,0.022926793,Test,Test-Blood
1428,0.07683126,Test,Test-Blood
1429,0.040094644,Test,Test-Blood
1430,0.050253347,Test,Test-Blood
1431,0.03589995,Test,Test-Blood
1432,0.039252993,Test,Test-Blood
1433,0.029766828,Test,Test-Blood
1434,0.050335992,Test,Test-Blood
1435,0.052904245,Test,Test-Blood
1436,0.04486861,Test,Test-Blood
1437,0.022713676,Test,Test-Blood
1438,0.019890519,Test,Test-Blood
1439,0.05831407,Test,Test-Blood
1440,0.05527552,Test,Test-Blood
1441,0.047892455,Test,Test-Blood
1442,0.05223793,Test,Test-Blood
1443,0.05324364,Test,Test-Blood
1444,0.049748953,Test,Test-Blood
1445,0.022839056,Test,Test-Blood
1446,0.06742552,Test,Test-Blood
1447,0.031133382,Test,Test-Blood
1448,0.095922574,Test,Test-Blood
1449,0.03903437,Test,Test-Blood
1450,0.048414763,Test,Test-Blood
1451,0.042133402,Test,Test-Blood
1452,0.07851902,Test,Test-Blood
1453,0.06677697,Test,Test-Blood
1454,0.03282229,Test,Test-Blood
1455,0.061920412,Test,Test-Blood
1456,0.05705356,Test,Test-Blood
1457,0.0592498,Test,Test-Blood
1458,0.10660724,Test,Test-Blood
1459,0.067735255,Test,Test-Blood
1460,0.06642925,Test,Test-Blood
1461,0.06581252,Test,Test-Blood
1462,0.04463909,Test,Test-Blood
1463,0.060874082,Test,Test-Blood
1464,0.054841094,Test,Test-Blood
1465,0.041616447,Test,Test-Blood
1466,0.06772998,Test,Test-Blood
1467,0.044070825,Test,Test-Blood
1468,0.026148075,Test,Test-Blood
1469,0.044512227,Test,Test-Blood
1470,0.042645097,Test,Test-Blood
1471,0.030821254,Test,Test-Blood
1472,0.045756724,Test,Test-Blood
1473,0.025378993,Test,Test-Blood
1474,0.024809903,Test,Test-Blood
1475,0.043259762,Test,Test-Blood
1476,0.034569565,Test,Test-Blood
1477,0.026766038,Test,Test-Blood
1478,0.03896302,Test,Test-Blood
1479,0.052165914,Test,Test-Blood
1480,0.080916695,Test,Test-Blood
1481,0.033119135,Test,Test-Blood
1482,0.062484417,Test,Test-Blood
1483,0.057554673,Test,Test-Blood
1484,0.02917123,Test,Test-Blood
1485,0.045932986,Test,Test-Blood
1486,0.060463533,Test,Test-Blood
1487,0.0449842,Test,Test-Blood
1488,0.023131503,Test,Test-Blood
1489,0.025975395,Test,Test-Blood
1490,0.02227201,Test,Test-Blood
1491,0.036816888,Test,Test-Blood
1492,0.043101884,Test,Test-Blood
1493,0.045871362,Test,Test-Blood
1494,0.054594636,Test,Test-Blood
1495,0.043939453,Test,Test-Blood
1496,0.05869016,Test,Test-Blood
1497,0.040184993,Test,Test-Blood
1498,0.07775815,Test,Test-Blood
1499,0.057473097,Test,Test-Blood
1500,0.07996273,Test,Test-Blood
1501,0.025343457,Test,Test-Blood
1502,0.026631752,Test,Test-Blood
1503,0.05276463,Test,Test-Blood
1504,0.053572737,Test,Test-Blood
1505,0.052619677,Test,Test-Blood
1506,0.047893275,Test,Test-Blood
1507,0.059308484,Test,Test-Blood
1508,0.032861236,Test,Test-Blood
1509,0.040788934,Test,Test-Blood
1510,0.07742665,Test,Test-Blood
1511,0.031023229,Test,Test-Blood
1512,0.032606866,Test,Test-Blood
1513,0.034851164,Test,Test-Blood
1514,0.033062622,Test,Test-Blood
1515,0.03522531,Test,Test-Blood
1516,0.0698524,Test,Test-Blood
1517,0.05953382,Test,Test-Blood
1518,0.034358174,Test,Test-Blood
1519,0.05657349,Test,Test-Blood
1520,0.032506943,Test,Test-Blood
1521,0.08254109,Test,Test-Blood
1522,0.04781435,Test,Test-Blood
1523,0.03859636,Test,Test-Blood
1524,0.03336071,Test,Test-Blood
1525,0.03606483,Test,Test-Blood
1526,0.029993221,Test,Test-Blood
1527,0.042374402,Test,Test-Blood
1528,0.035063002,Test,Test-Blood
1529,0.039061468,Test,Test-Blood
1530,0.06404537,Test,Test-Blood
1531,0.049661197,Test,Test-Blood
1532,0.06100707,Test,Test-Blood
1533,0.0215235,Test,Test-Blood
1534,0.035331957,Test,Test-Blood
1535,0.047382962,Test,Test-Blood
1536,0.07714545,Test,Test-Blood
1537,0.042807575,Test,Test-Blood
1538,0.05361961,Test,Test-Blood
1539,0.051479783,Test,Test-Blood
1540,0.06227383,Test,Test-Blood
1541,0.040855892,Test,Test-Blood
1542,0.047471657,Test,Test-Blood
1543,0.10263111,Test,Test-Blood
1544,0.028739352,Test,Test-Blood
1545,0.035372943,Test,Test-Blood
1546,0.082337685,Test,Test-Blood
1547,0.04458339,Test,Test-Blood
1548,0.045286685,Test,Test-Blood
1549,0.04784259,Test,Test-Blood
1550,0.030292513,Test,Test-Blood
1551,0.054762114,Test,Test-Blood
1552,0.042204116,Test,Test-Blood
1553,0.05009493,Test,Test-Blood
1554,0.034186948,Test,Test-Blood
1555,0.038231265,Test,Test-Blood
1556,0.040806744,Test,Test-Blood
1557,0.024634616,Test,Test-Blood
1558,0.024502074,Test,Test-Blood
1559,0.048476588,Test,Test-Blood
1560,0.06653208,Test,Test-Blood
1561,0.06340734,Test,Test-Blood
1562,0.03050675,Test,Test-Blood
1563,0.029969102,Test,Test-Blood
1564,0.041627564,Test,Test-Blood
1565,0.054827955,Test,Test-Blood
1566,0.053853065,Test,Test-Blood
1567,0.056836314,Test,Test-Blood
1568,0.04031236,Test,Test-Blood
1569,0.06455518,Test,Test-Blood
1570,0.043571647,Test,Test-Blood
1571,0.04252196,Test,Test-Blood
1572,0.06514149,Test,Test-Blood
1573,0.041116167,Test,Test-Blood
1574,0.035982292,Test,Test-Blood
1575,0.041224834,Test,Test-Blood
1576,0.02013799,Test,Test-Blood
1577,0.030458933,Test,Test-Blood
1578,0.049687114,Test,Test-Blood
1579,0.043162055,Test,Test-Blood
1580,0.06546318,Test,Test-Blood
1581,0.047121976,Test,Test-Blood
1582,0.055512656,Test,Test-Blood
1583,0.062949985,Test,Test-Blood
1584,0.037348423,Test,Test-Blood
1585,0.019272482,Test,Test-Blood
1586,0.047529433,Test,Test-Blood
1587,0.057024162,Test,Test-Blood
1588,0.088723585,Test,Test-Blood
1589,0.0589119,Test,Test-Blood
1590,0.036923848,Test,Test-Blood
1591,0.06642938,Test,Test-Blood
1592,0.034633137,Test,Test-Blood
1593,0.05018598,Test,Test-Blood
1594,0.042379595,Test,Test-Blood
1595,0.042495657,Test,Test-Blood
1596,0.043558102,Test,Test-Blood
1597,0.03221266,Test,Test-Blood
1598,0.103783034,Test,Test-Blood
1599,0.059789184,Test,Test-Blood
1600,0.039710455,Test,Test-Blood
1601,0.028931972,Test,Test-Blood
1602,0.03839948,Test,Test-Blood
1603,0.064828865,Test,Test-Blood
1604,0.03340839,Test,Test-Blood
1605,0.053697605,Test,Test-Blood
1606,0.053908147,Test,Test-Blood
1607,0.08094081,Test,Test-Blood
1608,0.0607931,Test,Test-Blood
1609,0.050236963,Test,Test-Blood
1610,0.01942681,Test,Test-Blood
1611,0.032033443,Test,Test-Blood
1612,0.046678398,Test,Test-Blood
1613,0.054003518,Test,Test-Blood
1614,0.07810178,Test,Test-Blood
1615,0.031730354,Test,Test-Blood
1616,0.034194387,Test,Test-Blood
1617,0.09302767,Test,Test-Blood
1618,0.049680274,Test,Test-Blood
1619,0.053710397,Test,Test-Blood
1620,0.045739084,Test,Test-Blood
1621,0.05248042,Test,Test-Blood
1622,0.04923089,Test,Test-Blood
1623,0.03231537,Test,Test-Blood
1624,0.055016614,Test,Test-Blood
1625,0.037183423,Test,Test-Blood
1626,0.04340144,Test,Test-Blood
1627,0.049671732,Test,Test-Blood
1628,0.059425257,Test,Test-Blood
1629,0.038408116,Test,Test-Blood
1630,0.06496433,Test,Test-Blood
1631,0.0472392,Test,Test-Blood
1632,0.060995646,Test,Test-Blood
1633,0.0621406,Test,Test-Blood
1634,0.035059143,Test,Test-Blood
1635,0.033148713,Test,Test-Blood
1636,0.031084215,Test,Test-Blood
1637,0.0869864,Test,Test-Blood
1638,0.03911531,Test,Test-Blood
1639,0.05720488,Test,Test-Blood
1640,0.09976239,Test,Test-Blood
1641,0.0689587,Test,Test-Blood
1642,0.031311683,Test,Test-Blood
1643,0.033900905,Test,Test-Blood
1644,0.03217276,Test,Test-Blood
1645,0.044353485,Test,Test-Blood
1646,0.049280316,Test,Test-Blood
1647,0.032098934,Test,Test-Blood
1648,0.04259024,Test,Test-Blood
1649,0.050536815,Test,Test-Blood
1650,0.04723444,Test,Test-Blood
1651,0.04302174,Test,Test-Blood
1652,0.052474134,Test,Test-Blood
1653,0.034440603,Test,Test-Blood
1654,0.074959666,Test,Test-Blood
1655,0.043424353,Test,Test-Blood
1656,0.055069383,Test,Test-Blood
1657,0.03895694,Test,Test-Blood
1658,0.05629442,Test,Test-Blood
1659,0.039187208,Test,Test-Blood
1660,0.03548555,Test,Test-Blood
1661,0.053502392,Test,Test-Blood
1662,0.07404408,Test,Test-Blood
1663,0.062297877,Test,Test-Blood
1664,0.065844685,Test,Test-Blood
1665,0.03994222,Test,Test-Blood
1666,0.064293325,Test,Test-Blood
1667,0.026294807,Test,Test-Blood
1668,0.035042644,Test,Test-Blood
1669,0.02787538,Test,Test-Blood
1670,0.045103457,Test,Test-Blood
1671,0.08013473,Test,Test-Blood
1672,0.050210077,Test,Test-Blood
1673,0.03480286,Test,Test-Blood
1674,0.05428721,Test,Test-Blood
1675,0.056014385,Test,Test-Blood
1676,0.028809609,Test,Test-Blood
1677,0.038279504,Test,Test-Blood
1678,0.087591834,Test,Test-Blood
1679,0.07447471,Test,Test-Blood
1680,0.04283165,Test,Test-Blood
1681,0.036335018,Test,Test-Blood
1682,0.042022396,Test,Test-Blood
1683,0.055321854,Test,Test-Blood
1684,0.056252357,Test,Test-Blood
1685,0.029659005,Test,Test-Blood
1686,0.03513229,Test,Test-Blood
1687,0.09152783,Test,Test-Blood
1688,0.041941512,Test,Test-Blood
1689,0.043610286,Test,Test-Blood
1690,0.034418717,Test,Test-Blood
1691,0.03920799,Test,Test-Blood
1692,0.057637542,Test,Test-Blood
1693,0.036260303,Test,Test-Blood
1694,0.040964592,Test,Test-Blood
1695,0.02104686,Test,Test-Blood
1696,0.059105404,Test,Test-Blood
1697,0.022645012,Test,Test-Blood
1698,0.075124,Test,Test-Blood
1699,0.028610313,Test,Test-Blood
1700,0.0304256,Test,Test-Blood
1701,0.06320282,Test,Test-Blood
1702,0.030875212,Test,Test-Blood
1703,0.028507724,Test,Test-Blood
1704,0.05824981,Test,Test-Blood
1705,0.04204635,Test,Test-Blood
1706,0.054554023,Test,Test-Blood
1707,0.02023381,Test,Test-Blood
1708,0.06402739,Test,Test-Blood
1709,0.045295093,Test,Test-Blood
1710,0.08655892,Test,Test-Blood
1711,0.042855334,Test,Test-Blood
1712,0.048561513,Test,Test-Blood
1713,0.03462531,Test,Test-Blood
1714,0.06461612,Test,Test-Blood
1715,0.025237814,Test,Test-Blood
1716,0.054453835,Test,Test-Blood
1717,0.054768696,Test,Test-Blood
1718,0.033607166,Test,Test-Blood
1719,0.056539677,Test,Test-Blood
1720,0.035636187,Test,Test-Blood
1721,0.037272822,Test,Test-Blood
1722,0.041631483,Test,Test-Blood
1723,0.03844289,Test,Test-Blood
1724,0.027749626,Test,Test-Blood
1725,0.01688012,Test,Test-Blood
1726,0.048356306,Test,Test-Blood
1727,0.016581465,Test,Test-Blood
1728,0.032963615,Test,Test-Blood
1729,0.05002578,Test,Test-Blood
1730,0.0660657,Test,Test-Blood
1731,0.032939423,Test,Test-Blood
1732,0.040853683,Test,Test-Blood
1733,0.0593742,Test,Test-Blood
1734,0.04724496,Test,Test-Blood
1735,0.046367373,Test,Test-Blood
1736,0.053426918,Test,Test-Blood
1737,0.026119862,Test,Test-Blood
1738,0.020151528,Test,Test-Blood
1739,0.051060203,Test,Test-Blood
1740,0.03509603,Test,Test-Blood
1741,0.07874045,Test,Test-Blood
1742,0.040997826,Test,Test-Blood
1743,0.056889474,Test,Test-Blood
1744,0.049248137,Test,Test-Blood
1745,0.04772026,Test,Test-Blood
1746,0.04534829,Test,Test-Blood
1747,0.03895941,Test,Test-Blood
1748,0.090183884,Test,Test-Blood
1749,0.05497795,Test,Test-Blood
1750,0.07712903,Test,Test-Blood
1751,0.058253217,Test,Test-Blood
1752,0.043359015,Test,Test-Blood
1753,0.04927947,Test,Test-Blood
1754,0.03291717,Test,Test-Blood
1755,0.03993548,Test,Test-Blood
1756,0.05007324,Test,Test-Blood
1757,0.04275226,Test,Test-Blood
1758,0.028045384,Test,Test-Blood
1759,0.034845084,Test,Test-Blood
1760,0.035135344,Test,Test-Blood
1761,0.046959158,Test,Test-Blood
1762,0.02837266,Test,Test-Blood
1763,0.03833015,Test,Test-Blood
1764,0.04846328,Test,Test-Blood
1765,0.03613574,Test,Test-Blood
1766,0.05556092,Test,Test-Blood
1767,0.03864271,Test,Test-Blood
1768,0.043377906,Test,Test-Blood
1769,0.02312614,Test,Test-Blood
1770,0.046820763,Test,Test-Blood
1771,0.049977142,Test,Test-Blood
1772,0.043414537,Test,Test-Blood
1773,0.06339775,Test,Test-Blood
1774,0.058779947,Test,Test-Blood
1775,0.044198018,Test,Test-Blood
1776,0.03645456,Test,Test-Blood
1777,0.0496419,Test,Test-Blood
1778,0.04894748,Test,Test-Blood
1779,0.052200425,Test,Test-Blood
1780,0.027503911,Test,Test-Blood
1781,0.07746796,Test,Test-Blood
1782,0.03875259,Test,Test-Blood
1783,0.047560547,Test,Test-Blood
1784,0.04422322,Test,Test-Blood
1785,0.039864235,Test,Test-Blood
1786,0.033113163,Test,Test-Blood
1787,0.026668243,Test,Test-Blood
1788,0.032708336,Test,Test-Blood
1789,0.071892135,Test,Test-Blood
1790,0.09021311,Test,Test-Blood
1791,0.071849495,Test,Test-Blood
1792,0.06393766,Test,Test-Blood
1793,0.033727515,Test,Test-Blood
1794,0.0483319,Test,Test-Blood
1795,0.058096793,Test,Test-Blood
1796,0.033532057,Test,Test-Blood
1797,0.054984048,Test,Test-Blood
1798,0.049445722,Test,Test-Blood
1799,0.057491366,Test,Test-Blood
1800,0.05492571,Test,Test-Blood
1801,0.058851603,Test,Test-Blood
1802,0.036775265,Test,Test-Blood
1803,0.035669696,Test,Test-Blood
1804,0.06859069,Test,Test-Blood
1805,0.051178504,Test,Test-Blood
1806,0.026378218,Test,Test-Blood
1807,0.040205058,Test,Test-Blood
1808,0.050175946,Test,Test-Blood
1809,0.051233698,Test,Test-Blood
1810,0.023301043,Test,Test-Blood
1811,0.0588863,Test,Test-Blood
1812,0.03343362,Test,Test-Blood
1813,0.023852276,Test,Test-Blood
1814,0.042757902,Test,Test-Blood
1815,0.04019279,Test,Test-Blood
1816,0.0879664,Test,Test-Blood
1817,0.020970322,Test,Test-Blood
1818,0.057676703,Test,Test-Blood
1819,0.044899046,Test,Test-Blood
1820,0.04777633,Test,Test-Blood
1821,0.04929975,Test,Test-Blood
1822,0.043454904,Test,Test-Blood
1823,0.021709802,Test,Test-Blood
1824,0.040481504,Test,Test-Blood
1825,0.06525757,Test,Test-Blood
1826,0.050198957,Test,Test-Blood
1827,0.040976323,Test,Test-Blood
1828,0.055385265,Test,Test-Blood
1829,0.033784393,Test,Test-Blood
1830,0.042659212,Test,Test-Blood
1831,0.034710713,Test,Test-Blood
1832,0.023154153,Test,Test-Blood
1833,0.056100164,Test,Test-Blood
1834,0.047161017,Test,Test-Blood
1835,0.07247439,Test,Test-Blood
1836,0.040359672,Test,Test-Blood
1837,0.041551895,Test,Test-Blood
1838,0.0393315,Test,Test-Blood
1839,0.07852072,Test,Test-Blood
1840,0.085345134,Test,Test-Blood
1841,0.054261517,Test,Test-Blood
1842,0.047048565,Test,Test-Blood
1843,0.03938528,Test,Test-Blood
1844,0.04760128,Test,Test-Blood
1845,0.06600603,Test,Test-Blood
1846,0.07426262,Test,Test-Blood
1847,0.0297321,Test,Test-Blood
1848,0.034127895,Test,Test-Blood
1849,0.09096498,Test,Test-Blood
1850,0.049083978,Test,Test-Blood
1851,0.05310254,Test,Test-Blood
1852,0.046456646,Test,Test-Blood
1853,0.054748014,Test,Test-Blood
1854,0.05243936,Test,Test-Blood
1855,0.044114683,Test,Test-Blood
1856,0.054956213,Test,Test-Blood
1857,0.02293553,Test,Test-Blood
1858,0.03313339,Test,Test-Blood
1859,0.04770952,Test,Test-Blood
1860,0.044103857,Test,Test-Blood
1861,0.06659077,Test,Test-Blood
1862,0.04894172,Test,Test-Blood
1863,0.05179005,Test,Test-Blood
1864,0.032792635,Test,Test-Blood
1865,0.030044833,Test,Test-Blood
1866,0.041993946,Test,Test-Blood
1867,0.042070795,Test,Test-Blood
1868,0.05515614,Test,Test-Blood
1869,0.034120124,Test,Test-Blood
1870,0.054419756,Test,Test-Blood
1871,0.020586481,Test,Test-Blood
1872,0.039966233,Test,Test-Blood
1873,0.041514948,Test,Test-Blood
1874,0.04238438,Test,Test-Blood
1875,0.04866945,Test,Test-Blood
1876,0.015064046,Test,Test-Blood
1877,0.024140561,Test,Test-Blood
1878,0.018825706,Test,Test-Blood
1879,0.053558614,Test,Test-Blood
1880,0.040670555,Test,Test-Blood
1881,0.06356391,Test,Test-Blood
1882,0.07200278,Test,Test-Blood
1883,0.05048737,Test,Test-Blood
1884,0.032623116,Test,Test-Blood
1885,0.03884898,Test,Test-Blood
1886,0.04011205,Test,Test-Blood
1887,0.051622435,Test,Test-Blood
1888,0.037538074,Test,Test-Blood
1889,0.061749607,Test,Test-Blood
1890,0.08920313,Test,Test-Blood
1891,0.034997225,Test,Test-Blood
1892,0.033297427,Test,Test-Blood
1893,0.05907534,Test,Test-Blood
1894,0.055195164,Test,Test-Blood
1895,0.04391184,Test,Test-Blood
1896,0.03516133,Test,Test-Blood
1897,0.07590067,Test,Test-Blood
1898,0.04502432,Test,Test-Blood
1899,0.031894606,Test,Test-Blood
1900,0.042709116,Test,Test-Blood
1901,0.021332933,Test,Test-Blood
1902,0.086616926,Test,Test-Blood
1903,0.02906512,Test,Test-Blood
1904,0.050313033,Test,Test-Blood
1905,0.059210937,Test,Test-Blood
1906,0.033843733,Test,Test-Blood
1907,0.04722263,Test,Test-Blood
1908,0.053286012,Test,Test-Blood
1909,0.062103476,Test,Test-Blood
1910,0.037248645,Test,Test-Blood
1911,0.03919085,Test,Test-Blood
1912,0.04859082,Test,Test-Blood
1913,0.06851649,Test,Test-Blood
1914,0.050299324,Test,Test-Blood
1915,0.051061004,Test,Test-Blood
1916,0.051242884,Test,Test-Blood
1917,0.017285915,Test,Test-Blood
1918,0.052668888,Test,Test-Blood
1919,0.029523982,Test,Test-Blood
1920,0.051785696,Test,Test-Blood
1921,0.035387695,Test,Test-Blood
1922,0.033717304,Test,Test-Blood
1923,0.04025091,Test,Test-Blood
1924,0.03791783,Test,Test-Blood
1925,0.06982061,Test,Test-Blood
1926,0.025643112,Test,Test-Blood
1927,0.043510586,Test,Test-Blood
1928,0.04732973,Test,Test-Blood
1929,0.03722665,Test,Test-Blood
1930,0.08278487,Test,Test-Blood
1931,0.043222766,Test,Test-Blood
1932,0.043911587,Test,Test-Blood
1933,0.05500299,Test,Test-Blood
1934,0.056338653,Test,Test-Blood
1935,0.05757498,Test,Test-Blood
1936,0.055740207,Test,Test-Blood
1937,0.036052678,Test,Test-Blood
1938,0.06157487,Test,Test-Blood
1939,0.043212697,Test,Test-Blood
1940,0.0536895,Test,Test-Blood
1941,0.03862396,Test,Test-Blood
1942,0.06619212,Test,Test-Blood
1943,0.10417871,Test,Test-Blood
1944,0.07699969,Test,Test-Blood
1945,0.02861215,Test,Test-Blood
1946,0.031767197,Test,Test-Blood
1947,0.074903384,Test,Test-Blood
1948,0.07335462,Test,Test-Blood
1949,0.0411972,Test,Test-Blood
1950,0.03953912,Test,Test-Blood
1951,0.050684933,Test,Test-Blood
1952,0.079106376,Test,Test-Blood
1953,0.048558034,Test,Test-Blood
1954,0.0713737,Test,Test-Blood
1955,0.05974993,Test,Test-Blood
1956,0.04938008,Test,Test-Blood
1957,0.05065911,Test,Test-Blood
1958,0.02359923,Test,Test-Blood
1959,0.056183327,Test,Test-Blood
1960,0.049537662,Test,Test-Blood
1961,0.042228635,Test,Test-Blood
1962,0.04767785,Test,Test-Blood
1963,0.04606267,Test,Test-Blood
1964,0.053536147,Test,Test-Blood
1965,0.07069516,Test,Test-Blood
1966,0.057209045,Test,Test-Blood
1967,0.03760519,Test,Test-Blood
1968,0.053221505,Test,Test-Blood
1969,0.047247555,Test,Test-Blood
1970,0.040587768,Test,Test-Blood
1971,0.0534458,Test,Test-Blood
1972,0.037643515,Test,Test-Blood
1973,0.049002316,Test,Test-Blood
1974,0.044660807,Test,Test-Blood
1975,0.042070027,Test,Test-Blood
1976,0.04184893,Test,Test-Blood
1977,0.02820852,Test,Test-Blood
1978,0.0793286,Test,Test-Blood
1979,0.08836607,Test,Test-Blood
1980,0.05156733,Test,Test-Blood
1981,0.06498347,Test,Test-Blood
1982,0.068491094,Test,Test-Blood
1983,0.044033464,Test,Test-Blood
1984,0.016237745,Test,Test-Blood
1985,0.038165588,Test,Test-Blood
1986,0.04291832,Test,Test-Blood
1987,0.040363666,Test,Test-Blood
1988,0.05487883,Test,Test-Blood
1989,0.027234288,Test,Test-Blood
1990,0.0755562,Test,Test-Blood
1991,0.04445641,Test,Test-Blood
1992,0.06411568,Test,Test-Blood
1993,0.0467049,Test,Test-Blood
1994,0.040410124,Test,Test-Blood
1995,0.033820614,Test,Test-Blood
1996,0.03961531,Test,Test-Blood
1997,0.05502217,Test,Test-Blood
1998,0.052098647,Test,Test-Blood
1999,0.04280219,Test,Test-Blood
2000,0.038593248,Test,Test-Blood
2001,0.038287032,Test,Test-Blood
2002,0.04937646,Test,Test-Blood
2003,0.053991694,Test,Test-Blood
2004,0.042606965,Test,Test-Blood
2005,0.034190763,Test,Test-Blood
2006,0.06760341,Test,Test-Blood
2007,0.025671571,Test,Test-Blood
2008,0.047298066,Test,Test-Blood
2009,0.03342628,Test,Test-Blood
2010,0.033104353,Test,Test-Blood
2011,0.037010785,Test,Test-Blood
2012,0.043020044,Test,Test-Blood
2013,0.04620909,Test,Test-Blood
2014,0.043656204,Test,Test-Blood
2015,0.03983864,Test,Test-Blood
2016,0.048059616,Test,Test-Blood
2017,0.05316673,Test,Test-Blood
2018,0.030608252,Test,Test-Blood
2019,0.041002497,Test,Test-Blood
2020,0.07106077,Test,Test-Blood
2021,0.034075513,Test,Test-Blood
2022,0.043232955,Test,Test-Blood
2023,0.06432841,Test,Test-Blood
2024,0.03394109,Test,Test-Blood
2025,0.042975206,Test,Test-Blood
2026,0.050243724,Test,Test-Blood
2027,0.048592072,Test,Test-Blood
2028,0.032370992,Test,Test-Blood
2029,0.031850744,Test,Test-Blood
2030,0.04611792,Test,Test-Blood
2031,0.04682923,Test,Test-Blood
2032,0.04499438,Test,Test-Blood
2033,0.025742088,Test,Test-Blood
2034,0.04688418,Test,Test-Blood
2035,0.041506257,Test,Test-Blood
2036,0.044430036,Test,Test-Blood
2037,0.034495637,Test,Test-Blood
2038,0.028299708,Test,Test-Blood
2039,0.04175237,Test,Test-Blood
2040,0.0314934,Test,Test-Blood
2041,0.0451281,Test,Test-Blood
2042,0.03528673,Test,Test-Blood
2043,0.056216076,Test,Test-Blood
2044,0.039888985,Test,Test-Blood
2045,0.06505097,Test,Test-Blood
2046,0.047663376,Test,Test-Blood
2047,0.04206486,Test,Test-Blood
2048,0.054177914,Test,Test-Blood
2049,0.05693568,Test,Test-Blood
2050,0.051877547,Test,Test-Blood
2051,0.094994664,Test,Test-Blood
2052,0.018751958,Test,Test-Blood
2053,0.053292353,Test,Test-Blood
2054,0.07667668,Test,Test-Blood
2055,0.031739105,Test,Test-Blood
2056,0.05129039,Test,Test-Blood
2057,0.04340144,Test,Test-Blood
2058,0.043089945,Test,Test-Blood
2059,0.058127537,Test,Test-Blood
2060,0.04241594,Test,Test-Blood
2061,0.033591624,Test,Test-Blood
2062,0.05072809,Test,Test-Blood
2063,0.057952095,Test,Test-Blood
2064,0.04928689,Test,Test-Blood
2065,0.041488763,Test,Test-Blood
2066,0.028761711,Test,Test-Blood
2067,0.0557824,Test,Test-Blood
2068,0.036038905,Test,Test-Blood
2069,0.04454175,Test,Test-Blood
2070,0.050299637,Test,Test-Blood
2071,0.04476186,Test,Test-Blood
2072,0.023388144,Test,Test-Blood
2073,0.03516027,Test,Test-Blood
2074,0.03342223,Test,Test-Blood
2075,0.046835985,Test,Test-Blood
2076,0.04391875,Test,Test-Blood
2077,0.06166118,Test,Test-Blood
2078,0.05160892,Test,Test-Blood
2079,0.064985186,Test,Test-Blood
2080,0.049074613,Test,Test-Blood
2081,0.045689348,Test,Test-Blood
2082,0.05931404,Test,Test-Blood
2083,0.019274905,Test,Test-Blood
2084,0.05155762,Test,Test-Blood
2085,0.034502175,Test,Test-Blood
2086,0.04274758,Test,Test-Blood
2087,0.07505827,Test,Test-Blood
2088,0.039221983,Test,Test-Blood
2089,0.03855145,Test,Test-Blood
2090,0.08550971,Test,Test-Blood
2091,0.034315806,Test,Test-Blood
2092,0.027258899,Test,Test-Blood
2093,0.04103922,Test,Test-Blood
2094,0.038798213,Test,Test-Blood
2095,0.07992805,Test,Test-Blood
2096,0.033059746,Test,Test-Blood
2097,0.061884716,Test,Test-Blood
2098,0.040810063,Test,Test-Blood
2099,0.028188644,Test,Test-Blood
2100,0.048390545,Test,Test-Blood
2101,0.046264753,Test,Test-Blood
2102,0.036047492,Test,Test-Blood
2103,0.056563105,Test,Test-Blood
2104,0.050872374,Test,Test-Blood
2105,0.038094066,Test,Test-Blood
2106,0.044106614,Test,Test-Blood
2107,0.043927874,Test,Test-Blood
2108,0.047049083,Test,Test-Blood
2109,0.055145938,Test,Test-Blood
2110,0.06084003,Test,Test-Blood
2111,0.029596062,Test,Test-Blood
2112,0.052672464,Test,Test-Blood
2113,0.035878263,Test,Test-Blood
2114,0.046221815,Test,Test-Blood
2115,0.05980568,Test,Test-Blood
2116,0.052606218,Test,Test-Blood
2117,0.030584484,Test,Test-Blood
2118,0.056045998,Test,Test-Blood
2119,0.039678592,Test,Test-Blood
2120,0.04665658,Test,Test-Blood
2121,0.031932186,Test,Test-Blood
2122,0.0574455,Test,Test-Blood
2123,0.041012485,Test,Test-Blood
2124,0.03799246,Test,Test-Blood
2125,0.061604004,Test,Test-Blood
2126,0.033437755,Test,Test-Blood
2127,0.038858168,Test,Test-Blood
2128,0.0475477,Test,Test-Blood
2129,0.04087605,Test,Test-Blood
2130,0.04984227,Test,Test-Blood
2131,0.045186464,Test,Test-Blood
2132,0.03735864,Test,Test-Blood
2133,0.017241552,Test,Test-Blood
2134,0.023005564,Test,Test-Blood
2135,0.04891815,Test,Test-Blood
2136,0.032699008,Test,Test-Blood
2137,0.03495211,Test,Test-Blood
2138,0.019770091,Test,Test-Blood
2139,0.048612732,Test,Test-Blood
2140,0.06524806,Test,Test-Blood
2141,0.06359246,Test,Test-Blood
2142,0.040977962,Test,Test-Blood
2143,0.060297895,Test,Test-Blood
2144,0.041484628,Test,Test-Blood
2145,0.029606225,Test,Test-Blood
2146,0.060730454,Test,Test-Blood
2147,0.021164333,Test,Test-Blood
2148,0.023518918,Test,Test-Blood
2149,0.08486709,Test,Test-Blood
2150,0.04631175,Test,Test-Blood
2151,0.06081448,Test,Test-Blood
2152,0.06757292,Test,Test-Blood
2153,0.06757731,Test,Test-Blood
2154,0.045815274,Test,Test-Blood
2155,0.05005402,Test,Test-Blood
2156,0.048917767,Test,Test-Blood
2157,0.03873583,Test,Test-Blood
2158,0.054689996,Test,Test-Blood
2159,0.0473084,Test,Test-Blood
2160,0.05238921,Test,Test-Blood
2161,0.07814629,Test,Test-Blood
2162,0.054357048,Test,Test-Blood
2163,0.05481428,Test,Test-Blood
2164,0.025628427,Test,Test-Blood
2165,0.027525667,Test,Test-Blood
2166,0.043005444,Test,Test-Blood
2167,0.01976656,Test,Test-Blood
2168,0.024492709,Test,Test-Blood
2169,0.024186905,Test,Test-Blood
2170,0.020523544,Test,Test-Blood
2171,0.06265961,Test,Test-Blood
2172,0.03550776,Test,Test-Blood
2173,0.048993994,Test,Test-Blood
2174,0.035047833,Test,Test-Blood
2175,0.04647156,Test,Test-Blood
2176,0.03513323,Test,Test-Blood
2177,0.048681833,Test,Test-Blood
2178,0.040703002,Test,Test-Blood
2179,0.02840877,Test,Test-Blood
2180,0.02680944,Test,Test-Blood
2181,0.045859303,Test,Test-Blood
2182,0.035694763,Test,Test-Blood
2183,0.033978857,Test,Test-Blood
2184,0.04463326,Test,Test-Blood
2185,0.05478797,Test,Test-Blood
2186,0.040963408,Test,Test-Blood
2187,0.09010056,Test,Test-Blood
2188,0.060089603,Test,Test-Blood
2189,0.032944374,Test,Test-Blood
2190,0.039643012,Test,Test-Blood
2191,0.060081694,Test,Test-Blood
2192,0.050625097,Test,Test-Blood
2193,0.034783628,Test,Test-Blood
2194,0.031179732,Test,Test-Blood
2195,0.039794885,Test,Test-Blood
2196,0.045213938,Test,Test-Blood
2197,0.044674296,Test,Test-Blood
2198,0.03845626,Test,Test-Blood
2199,0.050261177,Test,Test-Blood
2200,0.0616101,Test,Test-Blood
2201,0.056901436,Test,Test-Blood
2202,0.04701208,Test,Test-Blood
2203,0.040556043,Test,Test-Blood
2204,0.053270493,Test,Test-Blood
2205,0.02543265,Test,Test-Blood
2206,0.07253905,Test,Test-Blood
2207,0.09189677,Test,Test-Blood
2208,0.022484468,Test,Test-Blood
2209,0.02033317,Test,Test-Blood
2210,0.0629485,Test,Test-Blood
2211,0.046374474,Test,Test-Blood
2212,0.03683238,Test,Test-Blood
2213,0.039784458,Test,Test-Blood
2214,0.0443075,Test,Test-Blood
2215,0.065427095,Test,Test-Blood
2216,0.02553463,Test,Test-Blood
2217,0.028435498,Test,Test-Blood
2218,0.06410589,Test,Test-Blood
2219,0.0317103,Test,Test-Blood
2220,0.053217582,Test,Test-Blood
2221,0.0593968,Test,Test-Blood
2222,0.035197306,Test,Test-Blood
2223,0.04101402,Test,Test-Blood
2224,0.043243863,Test,Test-Blood
2225,0.038400013,Test,Test-Blood
2226,0.036640823,Test,Test-Blood
2227,0.043843362,Test,Test-Blood
2228,0.0270907,Test,Test-Blood
2229,0.04915971,Test,Test-Blood
2230,0.051994693,Test,Test-Blood
2231,0.035033967,Test,Test-Blood
2232,0.04862487,Test,Test-Blood
2233,0.07875986,Test,Test-Blood
2234,0.043182563,Test,Test-Blood
2235,0.07396094,Test,Test-Blood
2236,0.06572231,Test,Test-Blood
2237,0.05600388,Test,Test-Blood
2238,0.037505064,Test,Test-Blood
2239,0.056333665,Test,Test-Blood
2240,0.05709426,Test,Test-Blood
2241,0.039719656,Test,Test-Blood
2242,0.035789322,Test,Test-Blood
2243,0.04854529,Test,Test-Blood
2244,0.0397397,Test,Test-Blood
2245,0.043021366,Test,Test-Blood
2246,0.04033193,Test,Test-Blood
2247,0.025806163,Test,Test-Blood
2248,0.022314103,Test,Test-Blood
2249,0.052205183,Test,Test-Blood
2250,0.038164325,Test,Test-Blood
2251,0.040991005,Test,Test-Blood
2252,0.054241173,Test,Test-Blood
2253,0.06454897,Test,Test-Blood
2254,0.043351553,Test,Test-Blood
2255,0.04587603,Test,Test-Blood
2256,0.044968165,Test,Test-Blood
2257,0.06636744,Test,Test-Blood
2258,0.047685377,Test,Test-Blood
2259,0.05234333,Test,Test-Blood
2260,0.037787464,Test,Test-Blood
2261,0.046212662,Test,Test-Blood
2262,0.037786845,Test,Test-Blood
2263,0.05105964,Test,Test-Blood
2264,0.046849806,Test,Test-Blood
2265,0.052954853,Test,Test-Blood
2266,0.04392296,Test,Test-Blood
2267,0.06648928,Test,Test-Blood
2268,0.03041501,Test,Test-Blood
2269,0.047057632,Test,Test-Blood
2270,0.041982125,Test,Test-Blood
2271,0.01745765,Test,Test-Blood
2272,0.033683255,Test,Test-Blood
2273,0.044012967,Test,Test-Blood
2274,0.019373128,Test,Test-Blood
2275,0.034519423,Test,Test-Blood
2276,0.033334766,Test,Test-Blood
2277,0.04874164,Test,Test-Blood
2278,0.053553835,Test,Test-Blood
2279,0.05919215,Test,Test-Blood
2280,0.025046539,Test,Test-Blood
2281,0.06593346,Test,Test-Blood
2282,0.046008147,Test,Test-Blood
2283,0.04127108,Test,Test-Blood
2284,0.05471949,Test,Test-Blood
2285,0.026334373,Test,Test-Blood
2286,0.05680988,Test,Test-Blood
2287,0.068804555,Test,Test-Blood
2288,0.024199985,Test,Test-Blood
2289,0.026187787,Test,Test-Blood
2290,0.02989197,Test,Test-Blood
2291,0.024938615,Test,Test-Blood
2292,0.04474693,Test,Test-Blood
2293,0.04437124,Test,Test-Blood
2294,0.01890571,Test,Test-Blood
2295,0.046662662,Test,Test-Blood
2296,0.024628352,Test,Test-Blood
2297,0.049265742,Test,Test-Blood
2298,0.055157557,Test,Test-Blood
2299,0.07713315,Test,Test-Blood
2300,0.043541633,Test,Test-Blood
2301,0.02999412,Test,Test-Blood
2302,0.04652401,Test,Test-Blood
2303,0.06105877,Test,Test-Blood
2304,0.04762201,Test,Test-Blood
2305,0.046582192,Test,Test-Blood
2306,0.03756027,Test,Test-Blood
2307,0.049996935,Test,Test-Blood
2308,0.07159116,Test,Test-Blood
2309,0.08670321,Test,Test-Blood
2310,0.06440649,Test,Test-Blood
2311,0.05182904,Test,Test-Blood
2312,0.0633319,Test,Test-Blood
2313,0.021758566,Test,Test-Blood
2314,0.04857913,Test,Test-Blood
2315,0.09440018,Test,Test-Blood
2316,0.039363515,Test,Test-Blood
2317,0.060137928,Test,Test-Blood
2318,0.025037002,Test,Test-Blood
2319,0.029584138,Test,Test-Blood
2320,0.060479034,Test,Test-Blood
2321,0.054891273,Test,Test-Blood
2322,0.05212265,Test,Test-Blood
2323,0.04985539,Test,Test-Blood
2324,0.06497194,Test,Test-Blood
2325,0.041887157,Test,Test-Blood
2326,0.035530876,Test,Test-Blood
2327,0.041422863,Test,Test-Blood
2328,0.049064964,Test,Test-Blood
2329,0.05798199,Test,Test-Blood
2330,0.028771829,Test,Test-Blood
2331,0.032754872,Test,Test-Blood
2332,0.05591469,Test,Test-Blood
2333,0.047881383,Test,Test-Blood
2334,0.053989466,Test,Test-Blood
2335,0.048531342,Test,Test-Blood
2336,0.04298093,Test,Test-Blood
2337,0.02951409,Test,Test-Blood
2338,0.04697708,Test,Test-Blood
2339,0.058005936,Test,Test-Blood
2340,0.06196607,Test,Test-Blood
2341,0.05335652,Test,Test-Blood
2342,0.053426612,Test,Test-Blood
2343,0.06125397,Test,Test-Blood
2344,0.039638776,Test,Test-Blood
2345,0.05551159,Test,Test-Blood
2346,0.028476318,Test,Test-Blood
2347,0.052796017,Test,Test-Blood
2348,0.030139595,Test,Test-Blood
2349,0.06195381,Test,Test-Blood
2350,0.03520612,Test,Test-Blood
2351,0.05329618,Test,Test-Blood
2352,0.038612273,Test,Test-Blood
2353,0.063031964,Test,Test-Blood
2354,0.057666868,Test,Test-Blood
2355,0.05787616,Test,Test-Blood
2356,0.03328785,Test,Test-Blood
2357,0.060749337,Test,Test-Blood
2358,0.037538208,Test,Test-Blood
2359,0.057235587,Test,Test-Blood
2360,0.051141843,Test,Test-Blood
2361,0.040126495,Test,Test-Blood
2362,0.057452764,Test,Test-Blood
2363,0.044993535,Test,Test-Blood
2364,0.03595172,Test,Test-Blood
2365,0.07291724,Test,Test-Blood
2366,0.021373648,Test,Test-Blood
2367,0.028294306,Test,Test-Blood
2368,0.04552098,Test,Test-Blood
2369,0.0481173,Test,Test-Blood
2370,0.036752697,Test,Test-Blood
2371,0.050669294,Test,Test-Blood
2372,0.04843617,Test,Test-Blood
2373,0.03962096,Test,Test-Blood
2374,0.06352133,Test,Test-Blood
2375,0.042358216,Test,Test-Blood
2376,0.02213673,Test,Test-Blood
2377,0.036154114,Test,Test-Blood
2378,0.04954603,Test,Test-Blood
2379,0.06277941,Test,Test-Blood
2380,0.034179766,Test,Test-Blood
2381,0.055949345,Test,Test-Blood
2382,0.04619406,Test,Test-Blood
2383,0.03195228,Test,Test-Blood
2384,0.041499022,Test,Test-Blood
2385,0.07849339,Test,Test-Blood
2386,0.04571814,Test,Test-Blood
2387,0.06278115,Test,Test-Blood
2388,0.04649094,Test,Test-Blood
2389,0.031900775,Test,Test-Blood
2390,0.060804334,Test,Test-Blood
2391,0.05336021,Test,Test-Blood
2392,0.023456566,Test,Test-Blood
2393,0.025100159,Test,Test-Blood
2394,0.042415254,Test,Test-Blood
2395,0.040784888,Test,Test-Blood
2396,0.036608867,Test,Test-Blood
2397,0.054377005,Test,Test-Blood
2398,0.07924476,Test,Test-Blood
2399,0.058341745,Test,Test-Blood
2400,0.025687257,Test,Test-Blood
2401,0.054960147,Test,Test-Blood
2402,0.041700814,Test,Test-Blood
2403,0.051686335,Test,Test-Blood
2404,0.062905446,Test,Test-Blood
2405,0.05222715,Test,Test-Blood
2406,0.071304865,Test,Test-Blood
2407,0.054458525,Test,Test-Blood
2408,0.04308654,Test,Test-Blood
2409,0.04566593,Test,Test-Blood
2410,0.043264125,Test,Test-Blood
2411,0.036996122,Test,Test-Blood
2412,0.023642546,Test,Test-Blood
2413,0.048320074,Test,Test-Blood
2414,0.026226128,Test,Test-Blood
2415,0.06842951,Test,Test-Blood
2416,0.042217106,Test,Test-Blood
2417,0.027814534,Test,Test-Blood
2418,0.04019354,Test,Test-Blood
2419,0.025606709,Test,Test-Blood
2420,0.056587204,Test,Test-Blood
2421,0.042207424,Test,Test-Blood
2422,0.05476127,Test,Test-Blood
2423,0.04856367,Test,Test-Blood
2424,0.06138066,Test,Test-Blood
2425,0.05774442,Test,Test-Blood
2426,0.056374736,Test,Test-Blood
2427,0.042777635,Test,Test-Blood
2428,0.033298586,Test,Test-Blood
2429,0.022940395,Test,Test-Blood
2430,0.061630905,Test,Test-Blood
2431,0.053525697,Test,Test-Blood
2432,0.040063534,Test,Test-Blood
2433,0.081583425,Test,Test-Blood
2434,0.08159234,Test,Test-Blood
2435,0.037539765,Test,Test-Blood
2436,0.0428796,Test,Test-Blood
2437,0.050092254,Test,Test-Blood
2438,0.074614294,Test,Test-Blood
2439,0.055161208,Test,Test-Blood
2440,0.052369058,Test,Test-Blood
2441,0.051744524,Test,Test-Blood
2442,0.06738286,Test,Test-Blood
2443,0.038153797,Test,Test-Blood
2444,0.03233986,Test,Test-Blood
2445,0.04914922,Test,Test-Blood
2446,0.03840815,Test,Test-Blood
2447,0.059239432,Test,Test-Blood
2448,0.042105306,Test,Test-Blood
2449,0.037043277,Test,Test-Blood
2450,0.0484028,Test,Test-Blood
2451,0.030891025,Test,Test-Blood
2452,0.021298638,Test,Test-Blood
2453,0.06496264,Test,Test-Blood
2454,0.052997265,Test,Test-Blood
2455,0.063103095,Test,Test-Blood
2456,0.08626544,Test,Test-Blood
2457,0.046226166,Test,Test-Blood
2458,0.09547977,Test,Test-Blood
2459,0.04353753,Test,Test-Blood
2460,0.035346873,Test,Test-Blood
2461,0.03779153,Test,Test-Blood
2462,0.047373425,Test,Test-Blood
2463,0.044637684,Test,Test-Blood
2464,0.04056429,Test,Test-Blood
2465,0.05541013,Test,Test-Blood
2466,0.037427057,Test,Test-Blood
2467,0.04910834,Test,Test-Blood
2468,0.039177217,Test,Test-Blood
2469,0.047912452,Test,Test-Blood
2470,0.058223132,Test,Test-Blood
2471,0.019018982,Test,Test-Blood
2472,0.028210128,Test,Test-Blood
2473,0.048824754,Test,Test-Blood
2474,0.095633514,Test,Test-Blood
2475,0.044560723,Test,Test-Blood
2476,0.029477537,Test,Test-Blood
2477,0.032069247,Test,Test-Blood
2478,0.03880924,Test,Test-Blood
2479,0.09547558,Test,Test-Blood
2480,0.059620183,Test,Test-Blood
2481,0.05842026,Test,Test-Blood
2482,0.040744398,Test,Test-Blood
2483,0.0536554,Test,Test-Blood
2484,0.02505231,Test,Test-Blood
2485,0.075947456,Test,Test-Blood
2486,0.04382482,Test,Test-Blood
2487,0.03031778,Test,Test-Blood
2488,0.10012803,Test,Test-Blood
2489,0.045614533,Test,Test-Blood
2490,0.049265813,Test,Test-Blood
2491,0.06071594,Test,Test-Blood
2492,0.043587178,Test,Test-Blood
2493,0.03727964,Test,Test-Blood
2494,0.07226877,Test,Test-Blood
2495,0.037182957,Test,Test-Blood
2496,0.031572875,Test,Test-Blood
2497,0.08998222,Test,Test-Blood
2498,0.08813297,Test,Test-Blood
2499,0.0245525,Test,Test-Blood
2500,0.05029726,Test,Test-Blood
2501,0.088834174,Test,Test-Blood
2502,0.029383127,Test,Test-Blood
2503,0.025958456,Test,Test-Blood
2504,0.042200685,Test,Test-Blood
2505,0.028400492,Test,Test-Blood
2506,0.04995193,Test,Test-Blood
2507,0.057514682,Test,Test-Blood
2508,0.030698396,Test,Test-Blood
2509,0.038146187,Test,Test-Blood
2510,0.084336765,Test,Test-Blood
2511,0.044526383,Test,Test-Blood
2512,0.063714005,Test,Test-Blood
2513,0.043539125,Test,Test-Blood
2514,0.059355237,Test,Test-Blood
2515,0.08892626,Test,Test-Blood
2516,0.05642896,Test,Test-Blood
2517,0.05666815,Test,Test-Blood
2518,0.081695184,Test,Test-Blood
2519,0.0559428,Test,Test-Blood
2520,0.03503066,Test,Test-Blood
2521,0.052140683,Test,Test-Blood
2522,0.061400697,Test,Test-Blood
2523,0.034827296,Test,Test-Blood
2524,0.057295572,Test,Test-Blood
2525,0.035014275,Test,Test-Blood
2526,0.04529612,Test,Test-Blood
2527,0.025924068,Test,Test-Blood
2528,0.043668415,Test,Test-Blood
2529,0.041746523,Test,Test-Blood
2530,0.035380706,Test,Test-Blood
2531,0.0420341,Test,Test-Blood
2532,0.043492448,Test,Test-Blood
2533,0.03480563,Test,Test-Blood
2534,0.045244876,Test,Test-Blood
2535,0.044169635,Test,Test-Blood
2536,0.04312962,Test,Test-Blood
2537,0.049075697,Test,Test-Blood
2538,0.064145274,Test,Test-Blood
2539,0.03440631,Test,Test-Blood
2540,0.054718133,Test,Test-Blood
2541,0.032010473,Test,Test-Blood
2542,0.050226085,Test,Test-Blood
2543,0.046316177,Test,Test-Blood
2544,0.05432061,Test,Test-Blood
2545,0.037988167,Test,Test-Blood
2546,0.025254315,Test,Test-Blood
2547,0.06282296,Test,Test-Blood
2548,0.04325999,Test,Test-Blood
2549,0.08989532,Test,Test-Blood
2550,0.04180078,Test,Test-Blood
2551,0.058114536,Test,Test-Blood
2552,0.019326415,Test,Test-Blood
2553,0.047839344,Test,Test-Blood
2554,0.06404853,Test,Test-Blood
2555,0.04145199,Test,Test-Blood
2556,0.08373324,Test,Test-Blood
2557,0.021532169,Test,Test-Blood
2558,0.045929864,Test,Test-Blood
2559,0.028789552,Test,Test-Blood
2560,0.05691451,Test,Test-Blood
2561,0.053688888,Test,Test-Blood
2562,0.056264643,Test,Test-Blood
2563,0.04643561,Test,Test-Blood
2564,0.0509903,Test,Test-Blood
2565,0.043239035,Test,Test-Blood
2566,0.058999572,Test,Test-Blood
2567,0.0531513,Test,Test-Blood
2568,0.059848987,Test,Test-Blood
2569,0.10143772,Test,Test-Blood
2570,0.021001505,Test,Test-Blood
2571,0.04933819,Test,Test-Blood
2572,0.0388281,Test,Test-Blood
2573,0.03825876,Test,Test-Blood
2574,0.023850722,Test,Test-Blood
2575,0.038972773,Test,Test-Blood
2576,0.061754305,Test,Test-Blood
2577,0.04163582,Test,Test-Blood
2578,0.052303698,Test,Test-Blood
2579,0.024898509,Test,Test-Blood
2580,0.04491222,Test,Test-Blood
2581,0.055015057,Test,Test-Blood
2582,0.048317272,Test,Test-Blood
2583,0.044777695,Test,Test-Blood
2584,0.04270316,Test,Test-Blood
2585,0.062113177,Test,Test-Blood
2586,0.019047465,Test,Test-Blood
2587,0.061469708,Test,Test-Blood
2588,0.03658422,Test,Test-Blood
2589,0.043876782,Test,Test-Blood
2590,0.03695032,Test,Test-Blood
2591,0.03254167,Test,Test-Blood
2592,0.033992924,Test,Test-Blood
2593,0.050256107,Test,Test-Blood
2594,0.030425292,Test,Test-Blood
2595,0.0433703,Test,Test-Blood
2596,0.057193015,Test,Test-Blood
2597,0.035253737,Test,Test-Blood
2598,0.05053613,Test,Test-Blood
2599,0.03346364,Test,Test-Blood
2600,0.026918547,Test,Test-Blood
2601,0.048495777,Test,Test-Blood
2602,0.04009673,Test,Test-Blood
2603,0.05263278,Test,Test-Blood
2604,0.04833182,Test,Test-Blood
2605,0.025804574,Test,Test-Blood
2606,0.022072172,Test,Test-Blood
2607,0.04050404,Test,Test-Blood
2608,0.035166748,Test,Test-Blood
2609,0.04139659,Test,Test-Blood
2610,0.066385776,Test,Test-Blood
2611,0.03674895,Test,Test-Blood
2612,0.022810461,Test,Test-Blood
2613,0.04437928,Test,Test-Blood
2614,0.046160355,Test,Test-Blood
2615,0.04455286,Test,Test-Blood
2616,0.04245806,Test,Test-Blood
2617,0.055187106,Test,Test-Blood
2618,0.06782764,Test,Test-Blood
2619,0.031539112,Test,Test-Blood
2620,0.048263658,Test,Test-Blood
2621,0.05678378,Test,Test-Blood
2622,0.03921312,Test,Test-Blood
2623,0.030734286,Test,Test-Blood
2624,0.039024148,Test,Test-Blood
2625,0.05153556,Test,Test-Blood
2626,0.042492244,Test,Test-Blood
2627,0.02938857,Test,Test-Blood
2628,0.031389758,Test,Test-Blood
2629,0.059058707,Test,Test-Blood
2630,0.05959679,Test,Test-Blood
2631,0.06165616,Test,Test-Blood
2632,0.0350912,Test,Test-Blood
2633,0.04683904,Test,Test-Blood
2634,0.039291125,Test,Test-Blood
2635,0.054444216,Test,Test-Blood
2636,0.05359189,Test,Test-Blood
2637,0.0356261,Test,Test-Blood
2638,0.055159222,Test,Test-Blood
2639,0.05713933,Test,Test-Blood
2640,0.046369817,Test,Test-Blood
2641,0.06181193,Test,Test-Blood
2642,0.02367499,Test,Test-Blood
2643,0.04479158,Test,Test-Blood
2644,0.051778737,Test,Test-Blood
2645,0.036278035,Test,Test-Blood
2646,0.035566162,Test,Test-Blood
2647,0.06867146,Test,Test-Blood
2648,0.06647233,Test,Test-Blood
2649,0.040285394,Test,Test-Blood
2650,0.043249395,Test,Test-Blood
2651,0.049480755,Test,Test-Blood
2652,0.05323014,Test,Test-Blood
2653,0.05597636,Test,Test-Blood
2654,0.023724565,Test,Test-Blood
2655,0.03567689,Test,Test-Blood
2656,0.039583214,Test,Test-Blood
2657,0.025281426,Test,Test-Blood
2658,0.037193634,Test,Test-Blood
2659,0.08851804,Test,Test-Blood
2660,0.026422478,Test,Test-Blood
2661,0.035120957,Test,Test-Blood
2662,0.055956695,Test,Test-Blood
2663,0.023401689,Test,Test-Blood
2664,0.055456407,Test,Test-Blood
2665,0.030720983,Test,Test-Blood
2666,0.045124,Test,Test-Blood
2667,0.03924812,Test,Test-Blood
2668,0.03148654,Test,Test-Blood
2669,0.058342505,Test,Test-Blood
2670,0.044009745,Test,Test-Blood
2671,0.0379932,Test,Test-Blood
2672,0.034607906,Test,Test-Blood
2673,0.06368324,Test,Test-Blood
2674,0.049353655,Test,Test-Blood
2675,0.046688728,Test,Test-Blood
2676,0.05093287,Test,Test-Blood
2677,0.036777884,Test,Test-Blood
2678,0.044007935,Test,Test-Blood
2679,0.04535616,Test,Test-Blood
2680,0.062244166,Test,Test-Blood
2681,0.050685946,Test,Test-Blood
2682,0.025021264,Test,Test-Blood
2683,0.04638357,Test,Test-Blood
2684,0.044669118,Test,Test-Blood
2685,0.063267715,Test,Test-Blood
2686,0.042425223,Test,Test-Blood
2687,0.06263589,Test,Test-Blood
2688,0.0510569,Test,Test-Blood
2689,0.0317481,Test,Test-Blood
2690,0.04388369,Test,Test-Blood
2691,0.04929375,Test,Test-Blood
2692,0.04400377,Test,Test-Blood
2693,0.02665914,Test,Test-Blood
2694,0.04184849,Test,Test-Blood
2695,0.06330891,Test,Test-Blood
2696,0.05862362,Test,Test-Blood
2697,0.024610559,Test,Test-Blood
2698,0.01784529,Test,Test-Blood
2699,0.0511404,Test,Test-Blood
2700,0.028599719,Test,Test-Blood
2701,0.05329862,Test,Test-Blood
2702,0.03796245,Test,Test-Blood
2703,0.04316542,Test,Test-Blood
2704,0.026656441,Test,Test-Blood
2705,0.026791254,Test,Test-Blood
2706,0.06663574,Test,Test-Blood
2707,0.06314479,Test,Test-Blood
2708,0.050874267,Test,Test-Blood
2709,0.07541555,Test,Test-Blood
2710,0.045383576,Test,Test-Blood
2711,0.041768417,Test,Test-Blood
2712,0.05717917,Test,Test-Blood
2713,0.04845558,Test,Test-Blood
2714,0.0536605,Test,Test-Blood
2715,0.04898973,Test,Test-Blood
2716,0.04998383,Test,Test-Blood
2717,0.036538005,Test,Test-Blood
2718,0.048206355,Test,Test-Blood
2719,0.029114168,Test,Test-Blood
2720,0.05084912,Test,Test-Blood
2721,0.07061705,Test,Test-Blood
2722,0.041126505,Test,Test-Blood
2723,0.035394836,Test,Test-Blood
2724,0.028674962,Test,Test-Blood
2725,0.024213254,Test,Test-Blood
2726,0.04053422,Test,Test-Blood
2727,0.028773684,Test,Test-Blood
2728,0.059643704,Test,Test-Blood
2729,0.04430338,Test,Test-Blood
2730,0.04652782,Test,Test-Blood
2731,0.03917854,Test,Test-Blood
2732,0.04586302,Test,Test-Blood
2733,0.05180525,Test,Test-Blood
2734,0.09703197,Test,Test-Blood
2735,0.044286676,Test,Test-Blood
2736,0.03567225,Test,Test-Blood
2737,0.021257717,Test,Test-Blood
2738,0.043222494,Test,Test-Blood
2739,0.02472825,Test,Test-Blood
2740,0.04132871,Test,Test-Blood
2741,0.018666523,Test,Test-Blood
2742,0.042295456,Test,Test-Blood
2743,0.047691118,Test,Test-Blood
2744,0.04187452,Test,Test-Blood
2745,0.06781547,Test,Test-Blood
2746,0.06652738,Test,Test-Blood
2747,0.028597873,Test,Test-Blood
2748,0.026595786,Test,Test-Blood
2749,0.048195437,Test,Test-Blood
2750,0.04706471,Test,Test-Blood
2751,0.043627497,Test,Test-Blood
2752,0.055675928,Test,Test-Blood
2753,0.045329433,Test,Test-Blood
2754,0.05390173,Test,Test-Blood
2755,0.056570694,Test,Test-Blood
2756,0.062045224,Test,Test-Blood
2757,0.045642484,Test,Test-Blood
2758,0.057085276,Test,Test-Blood
2759,0.054424863,Test,Test-Blood
2760,0.045133874,Test,Test-Blood
2761,0.065986864,Test,Test-Blood
2762,0.0346754,Test,Test-Blood
2763,0.03865018,Test,Test-Blood
2764,0.0497024,Test,Test-Blood
2765,0.06694566,Test,Test-Blood
2766,0.057492208,Test,Test-Blood
2767,0.0484351,Test,Test-Blood
2768,0.038199607,Test,Test-Blood
2769,0.037554447,Test,Test-Blood
2770,0.05301166,Test,Test-Blood
2771,0.057535358,Test,Test-Blood
2772,0.06206367,Test,Test-Blood
2773,0.08852698,Test,Test-Blood
2774,0.024661118,Test,Test-Blood
2775,0.0490411,Test,Test-Blood
2776,0.056595754,Test,Test-Blood
2777,0.023766806,Test,Test-Blood
2778,0.01825017,Test,Test-Blood
2779,0.04350268,Test,Test-Blood
2780,0.056347657,Test,Test-Blood
2781,0.06284637,Test,Test-Blood
2782,0.060235552,Test,Test-Blood
2783,0.04182981,Test,Test-Blood
2784,0.047769528,Test,Test-Blood
2785,0.041233294,Test,Test-Blood
2786,0.041853257,Test,Test-Blood
2787,0.029503446,Test,Test-Blood
2788,0.04866791,Test,Test-Blood
2789,0.048414838,Test,Test-Blood
2790,0.03924465,Test,Test-Blood
2791,0.04286072,Test,Test-Blood
2792,0.023468183,Test,Test-Blood
2793,0.06260919,Test,Test-Blood
2794,0.06813814,Test,Test-Blood
2795,0.052776292,Test,Test-Blood
2796,0.08618864,Test,Test-Blood
2797,0.048346628,Test,Test-Blood
2798,0.039232876,Test,Test-Blood
2799,0.03841298,Test,Test-Blood
2800,0.051034037,Test,Test-Blood
2801,0.06098402,Test,Test-Blood
2802,0.04857998,Test,Test-Blood
2803,0.04269214,Test,Test-Blood
2804,0.026306389,Test,Test-Blood
2805,0.04060377,Test,Test-Blood
2806,0.07057902,Test,Test-Blood
2807,0.025456771,Test,Test-Blood
2808,0.054403603,Test,Test-Blood
2809,0.046468105,Test,Test-Blood
2810,0.0677353,Test,Test-Blood
2811,0.04282807,Test,Test-Blood
2812,0.030616935,Test,Test-Blood
2813,0.04629128,Test,Test-Blood
2814,0.04878732,Test,Test-Blood
2815,0.0498868,Test,Test-Blood
2816,0.032049168,Test,Test-Blood
2817,0.02415353,Test,Test-Blood
2818,0.023073765,Test,Test-Blood
2819,0.035234407,Test,Test-Blood
2820,0.070923045,Test,Test-Blood
2821,0.030032083,Test,Test-Blood
2822,0.030744798,Test,Test-Blood
2823,0.07818394,Test,Test-Blood
2824,0.039696123,Test,Test-Blood
2825,0.046220284,Test,Test-Blood
2826,0.06709018,Test,Test-Blood
2827,0.04681545,Test,Test-Blood
2828,0.032775577,Test,Test-Blood
2829,0.031849816,Test,Test-Blood
2830,0.056390695,Test,Test-Blood
2831,0.051949736,Test,Test-Blood
2832,0.037261654,Test,Test-Blood
2833,0.029819677,Test,Test-Blood
2834,0.022547897,Test,Test-Blood
2835,0.0327558,Test,Test-Blood
2836,0.040319566,Test,Test-Blood
2837,0.035605285,Test,Test-Blood
2838,0.032011498,Test,Test-Blood
2839,0.037472438,Test,Test-Blood
2840,0.06439541,Test,Test-Blood
2841,0.020966545,Test,Test-Blood
2842,0.060066,Test,Test-Blood
2843,0.053238478,Test,Test-Blood
2844,0.050361812,Test,Test-Blood
2845,0.05320578,Test,Test-Blood
2846,0.027268069,Test,Test-Blood
2847,0.04465106,Test,Test-Blood
2848,0.091264784,Test,Test-Blood
2849,0.0554438,Test,Test-Blood
2850,0.03726082,Test,Test-Blood
2851,0.02635601,Test,Test-Blood
2852,0.047995344,Test,Test-Blood
2853,0.0286634,Test,Test-Blood
2854,0.041188955,Test,Test-Blood
2855,0.09635422,Test,Test-Blood
2856,0.03980446,Test,Test-Blood
2857,0.022166844,Test,Test-Blood
2858,0.037424624,Test,Test-Blood
2859,0.04655058,Test,Test-Blood
2860,0.044340298,Test,Test-Blood
2861,0.09062065,Test,Test-Blood
2862,0.033513263,Test,Test-Blood
2863,0.027612783,Test,Test-Blood
2864,0.022031277,Test,Test-Blood
2865,0.05221435,Test,Test-Blood
2866,0.05706024,Test,Test-Blood
2867,0.035839338,Test,Test-Blood
2868,0.01790653,Test,Test-Blood
2869,0.04406726,Test,Test-Blood
2870,0.06221077,Test,Test-Blood
2871,0.05339166,Test,Test-Blood
2872,0.05590614,Test,Test-Blood
2873,0.059818417,Test,Test-Blood
2874,0.021720145,Test,Test-Blood
2875,0.043239098,Test,Test-Blood
2876,0.0603404,Test,Test-Blood
2877,0.029047718,Test,Test-Blood
2878,0.052426305,Test,Test-Blood
2879,0.02557807,Test,Test-Blood
2880,0.03801885,Test,Test-Blood
2881,0.032263525,Test,Test-Blood
2882,0.034666218,Test,Test-Blood
2883,0.056763224,Test,Test-Blood
2884,0.04195712,Test,Test-Blood
2885,0.05107711,Test,Test-Blood
2886,0.06487392,Test,Test-Blood
2887,0.053641163,Test,Test-Blood
2888,0.05547199,Test,Test-Blood
2889,0.05060229,Test,Test-Blood
2890,0.047525503,Test,Test-Blood
2891,0.055984873,Test,Test-Blood
2892,0.066036806,Test,Test-Blood
2893,0.020587975,Test,Test-Blood
2894,0.07249344,Test,Test-Blood
2895,0.040610682,Test,Test-Blood
2896,0.03451722,Test,Test-Blood
2897,0.046940558,Test,Test-Blood
2898,0.07909567,Test,Test-Blood
2899,0.032183494,Test,Test-Blood
2900,0.055778056,Test,Test-Blood
2901,0.018586647,Test,Test-Blood
2902,0.047652368,Test,Test-Blood
2903,0.061400343,Test,Test-Blood
2904,0.037383318,Test,Test-Blood
2905,0.04869205,Test,Test-Blood
2906,0.061433505,Test,Test-Blood
2907,0.04816253,Test,Test-Blood
2908,0.09226526,Test,Test-Blood
2909,0.02632203,Test,Test-Blood
2910,0.053869516,Test,Test-Blood
2911,0.031278063,Test,Test-Blood
2912,0.038275216,Test,Test-Blood
2913,0.027008234,Test,Test-Blood
2914,0.048251264,Test,Test-Blood
2915,0.052953504,Test,Test-Blood
2916,0.04889632,Test,Test-Blood
2917,0.050461117,Test,Test-Blood
2918,0.051737957,Test,Test-Blood
2919,0.03714697,Test,Test-Blood
2920,0.062084585,Test,Test-Blood
2921,0.04803474,Test,Test-Blood
2922,0.03025989,Test,Test-Blood
2923,0.044070914,Test,Test-Blood
2924,0.026740294,Test,Test-Blood
2925,0.048351087,Test,Test-Blood
2926,0.041249156,Test,Test-Blood
2927,0.040127583,Test,Test-Blood
2928,0.054499827,Test,Test-Blood
2929,0.019738115,Test,Test-Blood
2930,0.028579354,Test,Test-Blood
2931,0.038304463,Test,Test-Blood
2932,0.060178988,Test,Test-Blood
2933,0.04487794,Test,Test-Blood
2934,0.058514196,Test,Test-Blood
2935,0.05948456,Test,Test-Blood
2936,0.07336942,Test,Test-Blood
2937,0.040782046,Test,Test-Blood
2938,0.036317807,Test,Test-Blood
2939,0.0471589,Test,Test-Blood
2940,0.0418721,Test,Test-Blood
2941,0.08752269,Test,Test-Blood
2942,0.043926008,Test,Test-Blood
2943,0.053292338,Test,Test-Blood
2944,0.046071485,Test,Test-Blood
2945,0.022552587,Test,Test-Blood
2946,0.06328677,Test,Test-Blood
2947,0.04877757,Test,Test-Blood
2948,0.039748184,Test,Test-Blood
2949,0.04011642,Test,Test-Blood
2950,0.050015636,Test,Test-Blood
2951,0.05784756,Test,Test-Blood
2952,0.055551942,Test,Test-Blood
2953,0.03024058,Test,Test-Blood
2954,0.038036197,Test,Test-Blood
2955,0.04130514,Test,Test-Blood
2956,0.05380174,Test,Test-Blood
2957,0.032327812,Test,Test-Blood
2958,0.03728733,Test,Test-Blood
2959,0.048242018,Test,Test-Blood
2960,0.043834,Test,Test-Blood
2961,0.05646425,Test,Test-Blood
2962,0.04923627,Test,Test-Blood
2963,0.04016646,Test,Test-Blood
2964,0.03758861,Test,Test-Blood
2965,0.06944951,Test,Test-Blood
2966,0.064802736,Test,Test-Blood
2967,0.07578987,Test,Test-Blood
2968,0.048798364,Test,Test-Blood
2969,0.038310055,Test,Test-Blood
2970,0.048443455,Test,Test-Blood
2971,0.030230641,Test,Test-Blood
2972,0.055992935,Test,Test-Blood
2973,0.048629817,Test,Test-Blood
2974,0.072769836,Test,Test-Blood
2975,0.051120896,Test,Test-Blood
2976,0.02716403,Test,Test-Blood
2977,0.045468576,Test,Test-Blood
2978,0.03426637,Test,Test-Blood
2979,0.054566715,Test,Test-Blood
2980,0.05903028,Test,Test-Blood
2981,0.024602912,Test,Test-Blood
2982,0.03122714,Test,Test-Blood
2983,0.035335157,Test,Test-Blood
2984,0.028166369,Test,Test-Blood
2985,0.02724882,Test,Test-Blood
2986,0.06356487,Test,Test-Blood
2987,0.05671935,Test,Test-Blood
2988,0.03326999,Test,Test-Blood
2989,0.04116527,Test,Test-Blood
2990,0.046008267,Test,Test-Blood
2991,0.05439076,Test,Test-Blood
2992,0.04916671,Test,Test-Blood
2993,0.057298865,Test,Test-Blood
2994,0.037688024,Test,Test-Blood
2995,0.046980284,Test,Test-Blood
2996,0.037049174,Test,Test-Blood
2997,0.05126176,Test,Test-Blood
2998,0.04542566,Test,Test-Blood
2999,0.03750628,Test,Test-Blood
3000,0.032241315,Test,Test-Blood
3001,0.04831048,Test,Test-Blood
3002,0.05247332,Test,Test-Blood
3003,0.024500953,Test,Test-Blood
3004,0.03867496,Test,Test-Blood
3005,0.04333308,Test,Test-Blood
3006,0.05220457,Test,Test-Blood
3007,0.034449253,Test,Test-Blood
3008,0.033001583,Test,Test-Blood
3009,0.028856426,Test,Test-Blood
3010,0.03709366,Test,Test-Blood
3011,0.036309656,Test,Test-Blood
3012,0.052020427,Test,Test-Blood
3013,0.05476439,Test,Test-Blood
3014,0.054106932,Test,Test-Blood
3015,0.055367015,Test,Test-Blood
3016,0.02476053,Test,Test-Blood
3017,0.04591685,Test,Test-Blood
3018,0.05971876,Test,Test-Blood
3019,0.026156195,Test,Test-Blood
3020,0.06601404,Test,Test-Blood
3021,0.052567713,Test,Test-Blood
3022,0.048079465,Test,Test-Blood
3023,0.029596824,Test,Test-Blood
3024,0.061484154,Test,Test-Blood
3025,0.039936025,Test,Test-Blood
3026,0.062671684,Test,Test-Blood
3027,0.051340062,Test,Test-Blood
3028,0.029759595,Test,Test-Blood
3029,0.021257458,Test,Test-Blood
3030,0.04926796,Test,Test-Blood
3031,0.05627423,Test,Test-Blood
3032,0.03899493,Test,Test-Blood
3033,0.03088739,Test,Test-Blood
3034,0.054395605,Test,Test-Blood
3035,0.083505794,Test,Test-Blood
3036,0.016350675,Test,Test-Blood
3037,0.032416265,Test,Test-Blood
3038,0.05430771,Test,Test-Blood
3039,0.04286936,Test,Test-Blood
3040,0.030044723,Test,Test-Blood
3041,0.051554743,Test,Test-Blood
3042,0.047487557,Test,Test-Blood
3043,0.025878785,Test,Test-Blood
3044,0.052781504,Test,Test-Blood
3045,0.08713357,Test,Test-Blood
3046,0.039149065,Test,Test-Blood
3047,0.0466768,Test,Test-Blood
3048,0.09628382,Test,Test-Blood
3049,0.03631458,Test,Test-Blood
3050,0.014647834,Test,Test-Blood
3051,0.042966694,Test,Test-Blood
3052,0.077267885,Test,Test-Blood
3053,0.033152163,Test,Test-Blood
3054,0.047235437,Test,Test-Blood
3055,0.03467081,Test,Test-Blood
3056,0.04573274,Test,Test-Blood
3057,0.05504569,Test,Test-Blood
3058,0.0394298,Test,Test-Blood
3059,0.038870286,Test,Test-Blood
3060,0.03434196,Test,Test-Blood
3061,0.03386626,Test,Test-Blood
3062,0.031942856,Test,Test-Blood
3063,0.06424491,Test,Test-Blood
3064,0.064483784,Test,Test-Blood
3065,0.029221132,Test,Test-Blood
3066,0.04324096,Test,Test-Blood
3067,0.023066945,Test,Test-Blood
3068,0.03820056,Test,Test-Blood
3069,0.06611249,Test,Test-Blood
3070,0.06753085,Test,Test-Blood
3071,0.0534796,Test,Test-Blood
3072,0.07229098,Test,Test-Blood
3073,0.060334716,Test,Test-Blood
3074,0.032489818,Test,Test-Blood
3075,0.059738364,Test,Test-Blood
3076,0.023595104,Test,Test-Blood
3077,0.04753918,Test,Test-Blood
3078,0.06550936,Test,Test-Blood
3079,0.0355457,Test,Test-Blood
3080,0.03347398,Test,Test-Blood
3081,0.029236764,Test,Test-Blood
3082,0.040093508,Test,Test-Blood
3083,0.07231217,Test,Test-Blood
3084,0.06454934,Test,Test-Blood
3085,0.060908142,Test,Test-Blood
3086,0.09002803,Test,Test-Blood
3087,0.0707932,Test,Test-Blood
3088,0.047604036,Test,Test-Blood
3089,0.059733618,Test,Test-Blood
3090,0.033819605,Test,Test-Blood
3091,0.049221784,Test,Test-Blood
3092,0.04669886,Test,Test-Blood
3093,0.03636886,Test,Test-Blood
3094,0.047144044,Test,Test-Blood
3095,0.014347121,Test,Test-Blood
3096,0.06858742,Test,Test-Blood
3097,0.056805138,Test,Test-Blood
3098,0.03940545,Test,Test-Blood
3099,0.032942563,Test,Test-Blood
3100,0.05668932,Test,Test-Blood
3101,0.033692326,Test,Test-Blood
3102,0.05610566,Test,Test-Blood
3103,0.017769035,Test,Test-Blood
3104,0.063213125,Test,Test-Blood
3105,0.060328837,Test,Test-Blood
3106,0.06253516,Test,Test-Blood
3107,0.029602388,Test,Test-Blood
3108,0.038930316,Test,Test-Blood
3109,0.07515598,Test,Test-Blood
3110,0.03555495,Test,Test-Blood
3111,0.032739818,Test,Test-Blood
3112,0.041562896,Test,Test-Blood
3113,0.04505771,Test,Test-Blood
3114,0.041716542,Test,Test-Blood
3115,0.041219432,Test,Test-Blood
3116,0.039459355,Test,Test-Blood
3117,0.017052159,Test,Test-Blood
3118,0.0605295,Test,Test-Blood
3119,0.060698178,Test,Test-Blood
3120,0.05433824,Test,Test-Blood
3121,0.024893213,Test,Test-Blood
3122,0.036892097,Test,Test-Blood
3123,0.057091594,Test,Test-Blood
3124,0.0551591,Test,Test-Blood
3125,0.06400106,Test,Test-Blood
3126,0.03980988,Test,Test-Blood
3127,0.06038533,Test,Test-Blood
3128,0.041841675,Test,Test-Blood
3129,0.0275412,Test,Test-Blood
3130,0.028733019,Test,Test-Blood
3131,0.028573425,Test,Test-Blood
3132,0.021621933,Test,Test-Blood
3133,0.025985373,Test,Test-Blood
3134,0.043350596,Test,Test-Blood
3135,0.05157946,Test,Test-Blood
3136,0.06947815,Test,Test-Blood
3137,0.036406573,Test,Test-Blood
3138,0.04823775,Test,Test-Blood
3139,0.025513023,Test,Test-Blood
3140,0.04220856,Test,Test-Blood
3141,0.036481183,Test,Test-Blood
3142,0.037148047,Test,Test-Blood
3143,0.031130489,Test,Test-Blood
3144,0.055952825,Test,Test-Blood
3145,0.055504818,Test,Test-Blood
3146,0.02418639,Test,Test-Blood
3147,0.024912301,Test,Test-Blood
3148,0.057915393,Test,Test-Blood
3149,0.050891966,Test,Test-Blood
3150,0.031749394,Test,Test-Blood
3151,0.038531356,Test,Test-Blood
3152,0.050442737,Test,Test-Blood
3153,0.08829514,Test,Test-Blood
3154,0.06507552,Test,Test-Blood
3155,0.045334574,Test,Test-Blood
3156,0.046620753,Test,Test-Blood
3157,0.031961154,Test,Test-Blood
3158,0.020625023,Test,Test-Blood
3159,0.044705648,Test,Test-Blood
3160,0.041177392,Test,Test-Blood
3161,0.03822111,Test,Test-Blood
3162,0.053165495,Test,Test-Blood
3163,0.046445724,Test,Test-Blood
3164,0.045929287,Test,Test-Blood
3165,0.03580218,Test,Test-Blood
3166,0.024124617,Test,Test-Blood
3167,0.036146123,Test,Test-Blood
3168,0.024071502,Test,Test-Blood
3169,0.048102863,Test,Test-Blood
3170,0.050053764,Test,Test-Blood
3171,0.023100894,Test,Test-Blood
3172,0.055885494,Test,Test-Blood
3173,0.04333455,Test,Test-Blood
3174,0.029683962,Test,Test-Blood
3175,0.02133358,Test,Test-Blood
3176,0.0417265,Test,Test-Blood
3177,0.04005079,Test,Test-Blood
3178,0.035657857,Test,Test-Blood
3179,0.036214985,Test,Test-Blood
3180,0.05129563,Test,Test-Blood
3181,0.03529876,Test,Test-Blood
3182,0.044930045,Test,Test-Blood
3183,0.029111588,Test,Test-Blood
3184,0.038726296,Test,Test-Blood
3185,0.048380077,Test,Test-Blood
3186,0.065536186,Test,Test-Blood
3187,0.02873394,Test,Test-Blood
3188,0.046184998,Test,Test-Blood
3189,0.0442742,Test,Test-Blood
3190,0.046538573,Test,Test-Blood
3191,0.03408859,Test,Test-Blood
3192,0.04701066,Test,Test-Blood
3193,0.026209407,Test,Test-Blood
3194,0.025862008,Test,Test-Blood
3195,0.031141037,Test,Test-Blood
3196,0.06870361,Test,Test-Blood
3197,0.03885426,Test,Test-Blood
3198,0.09384643,Test,Test-Blood
3199,0.034892317,Test,Test-Blood
3200,0.027218293,Test,Test-Blood
3201,0.03827941,Test,Test-Blood
3202,0.047196075,Test,Test-Blood
3203,0.035849832,Test,Test-Blood
3204,0.04289484,Test,Test-Blood
3205,0.030948551,Test,Test-Blood
3206,0.052445993,Test,Test-Blood
3207,0.035006773,Test,Test-Blood
3208,0.03507151,Test,Test-Blood
3209,0.04867029,Test,Test-Blood
3210,0.069728225,Test,Test-Blood
3211,0.05661571,Test,Test-Blood
3212,0.058587436,Test,Test-Blood
3213,0.01218522,Test,Test-Blood
3214,0.03658525,Test,Test-Blood
3215,0.025496911,Test,Test-Blood
3216,0.0318393,Test,Test-Blood
3217,0.035156116,Test,Test-Blood
3218,0.049466096,Test,Test-Blood
3219,0.044683177,Test,Test-Blood
3220,0.032424282,Test,Test-Blood
3221,0.07493505,Test,Test-Blood
3222,0.040556077,Test,Test-Blood
3223,0.058630727,Test,Test-Blood
3224,0.03710802,Test,Test-Blood
3225,0.045374274,Test,Test-Blood
3226,0.075212784,Test,Test-Blood
3227,0.05303713,Test,Test-Blood
3228,0.053321604,Test,Test-Blood
3229,0.0856235,Test,Test-Blood
3230,0.042071626,Test,Test-Blood
3231,0.02319636,Test,Test-Blood
3232,0.048339076,Test,Test-Blood
3233,0.029983504,Test,Test-Blood
3234,0.039795667,Test,Test-Blood
3235,0.04796762,Test,Test-Blood
3236,0.049128417,Test,Test-Blood
3237,0.064880185,Test,Test-Blood
3238,0.06485817,Test,Test-Blood
3239,0.03347755,Test,Test-Blood
3240,0.056716543,Test,Test-Blood
3241,0.037235,Test,Test-Blood
3242,0.036344636,Test,Test-Blood
3243,0.03327372,Test,Test-Blood
3244,0.037499998,Test,Test-Blood
3245,0.034107193,Test,Test-Blood
3246,0.022919336,Test,Test-Blood
3247,0.065642156,Test,Test-Blood
3248,0.053496115,Test,Test-Blood
3249,0.062315997,Test,Test-Blood
3250,0.04582561,Test,Test-Blood
3251,0.035425752,Test,Test-Blood
3252,0.02207513,Test,Test-Blood
3253,0.04977636,Test,Test-Blood
3254,0.042451702,Test,Test-Blood
3255,0.05151875,Test,Test-Blood
3256,0.056821648,Test,Test-Blood
3257,0.056371797,Test,Test-Blood
3258,0.038761657,Test,Test-Blood
3259,0.037942808,Test,Test-Blood
3260,0.038003188,Test,Test-Blood
3261,0.04399675,Test,Test-Blood
3262,0.070899524,Test,Test-Blood
3263,0.06574863,Test,Test-Blood
3264,0.06716599,Test,Test-Blood
3265,0.056911707,Test,Test-Blood
3266,0.06221587,Test,Test-Blood
3267,0.03886098,Test,Test-Blood
3268,0.052964807,Test,Test-Blood
3269,0.03329412,Test,Test-Blood
3270,0.047452223,Test,Test-Blood
3271,0.030977001,Test,Test-Blood
3272,0.04566914,Test,Test-Blood
3273,0.029617915,Test,Test-Blood
3274,0.06997427,Test,Test-Blood
3275,0.046998315,Test,Test-Blood
3276,0.033099752,Test,Test-Blood
3277,0.042519063,Test,Test-Blood
3278,0.03485804,Test,Test-Blood
3279,0.02652749,Test,Test-Blood
3280,0.039585836,Test,Test-Blood
3281,0.04813441,Test,Test-Blood
3282,0.049664885,Test,Test-Blood
3283,0.046916664,Test,Test-Blood
3284,0.035298325,Test,Test-Blood
3285,0.05005591,Test,Test-Blood
3286,0.08708105,Test,Test-Blood
3287,0.0482686,Test,Test-Blood
3288,0.027781418,Test,Test-Blood
3289,0.0672179,Test,Test-Blood
3290,0.074237026,Test,Test-Blood
3291,0.06781615,Test,Test-Blood
3292,0.070597835,Test,Test-Blood
3293,0.03801537,Test,Test-Blood
3294,0.023696883,Test,Test-Blood
3295,0.05392657,Test,Test-Blood
3296,0.046369493,Test,Test-Blood
3297,0.042711943,Test,Test-Blood
3298,0.03569843,Test,Test-Blood
3299,0.038737718,Test,Test-Blood
3300,0.064464025,Test,Test-Blood
3301,0.026156332,Test,Test-Blood
3302,0.040711563,Test,Test-Blood
3303,0.05958474,Test,Test-Blood
3304,0.027445268,Test,Test-Blood
3305,0.043815542,Test,Test-Blood
3306,0.046199962,Test,Test-Blood
3307,0.043886814,Test,Test-Blood
3308,0.043836445,Test,Test-Blood
3309,0.033411887,Test,Test-Blood
3310,0.03788236,Test,Test-Blood
3311,0.02514595,Test,Test-Blood
3312,0.024522126,Test,Test-Blood
3313,0.035901375,Test,Test-Blood
3314,0.060436312,Test,Test-Blood
3315,0.02678146,Test,Test-Blood
3316,0.062588155,Test,Test-Blood
3317,0.043697678,Test,Test-Blood
3318,0.057375535,Test,Test-Blood
3319,0.040353216,Test,Test-Blood
3320,0.03814816,Test,Test-Blood
3321,0.019249229,Test,Test-Blood
3322,0.028484324,Test,Test-Blood
3323,0.058692023,Test,Test-Blood
3324,0.043721516,Test,Test-Blood
3325,0.043562047,Test,Test-Blood
3326,0.030773247,Test,Test-Blood
3327,0.030032247,Test,Test-Blood
3328,0.046145365,Test,Test-Blood
3329,0.06662641,Test,Test-Blood
3330,0.035038184,Test,Test-Blood
3331,0.072287165,Test,Test-Blood
3332,0.05520766,Test,Test-Blood
3333,0.06757542,Test,Test-Blood
3334,0.028869078,Test,Test-Blood
3335,0.048843287,Test,Test-Blood
3336,0.047109183,Test,Test-Blood
3337,0.0479177,Test,Test-Blood
3338,0.027820116,Test,Test-Blood
3339,0.048966233,Test,Test-Blood
3340,0.06459307,Test,Test-Blood
3341,0.028325498,Test,Test-Blood
3342,0.042180207,Test,Test-Blood
3343,0.040296476,Test,Test-Blood
3344,0.043281548,Test,Test-Blood
3345,0.05209883,Test,Test-Blood
3346,0.031873677,Test,Test-Blood
3347,0.04819024,Test,Test-Blood
3348,0.054893896,Test,Test-Blood
3349,0.02960728,Test,Test-Blood
3350,0.07162556,Test,Test-Blood
3351,0.048590012,Test,Test-Blood
3352,0.06038239,Test,Test-Blood
3353,0.049818825,Test,Test-Blood
3354,0.056260716,Test,Test-Blood
3355,0.042767417,Test,Test-Blood
3356,0.052141607,Test,Test-Blood
3357,0.039010525,Test,Test-Blood
3358,0.09071502,Test,Test-Blood
3359,0.051497824,Test,Test-Blood
3360,0.03781229,Test,Test-Blood
3361,0.038614694,Test,Test-Blood
3362,0.046303224,Test,Test-Blood
3363,0.025411472,Test,Test-Blood
3364,0.04523575,Test,Test-Blood
3365,0.036964785,Test,Test-Blood
3366,0.022825744,Test,Test-Blood
3367,0.0447252,Test,Test-Blood
3368,0.03402605,Test,Test-Blood
3369,0.034901313,Test,Test-Blood
3370,0.03233553,Test,Test-Blood
3371,0.045680836,Test,Test-Blood
3372,0.048285272,Test,Test-Blood
3373,0.030342292,Test,Test-Blood
3374,0.07842727,Test,Test-Blood
3375,0.044102523,Test,Test-Blood
3376,0.04253074,Test,Test-Blood
3377,0.044295933,Test,Test-Blood
3378,0.037711985,Test,Test-Blood
3379,0.050471436,Test,Test-Blood
3380,0.044095404,Test,Test-Blood
3381,0.029214391,Test,Test-Blood
3382,0.04773831,Test,Test-Blood
3383,0.034166377,Test,Test-Blood
3384,0.051233303,Test,Test-Blood
3385,0.020720381,Test,Test-Blood
3386,0.036345027,Test,Test-Blood
3387,0.027433466,Test,Test-Blood
3388,0.040560246,Test,Test-Blood
3389,0.037991237,Test,Test-Blood
3390,0.0431416,Test,Test-Blood
3391,0.050288662,Test,Test-Blood
3392,0.05091552,Test,Test-Blood
3393,0.045877468,Test,Test-Blood
3394,0.0246079,Test,Test-Blood
3395,0.0846981,Test,Test-Blood
3396,0.054771904,Test,Test-Blood
3397,0.026537064,Test,Test-Blood
3398,0.060329642,Test,Test-Blood
3399,0.042559043,Test,Test-Blood
3400,0.034950122,Test,Test-Blood
3401,0.057338137,Test,Test-Blood
3402,0.029673556,Test,Test-Blood
3403,0.04585805,Test,Test-Blood
3404,0.04484693,Test,Test-Blood
3405,0.031344667,Test,Test-Blood
3406,0.0304373,Test,Test-Blood
3407,0.04285557,Test,Test-Blood
3408,0.030583413,Test,Test-Blood
3409,0.066384636,Test,Test-Blood
3410,0.05096632,Test,Test-Blood
3411,0.024848104,Test,Test-Blood
3412,0.0460152,Test,Test-Blood
3413,0.052648783,Test,Test-Blood
3414,0.038716733,Test,Test-Blood
3415,0.03340865,Test,Test-Blood
3416,0.03999963,Test,Test-Blood
3417,0.046730027,Test,Test-Blood
3418,0.04722149,Test,Test-Blood
3419,0.062534004,Test,Test-Blood
3420,0.04430043,Test,Test-Blood
3421,0.17332694,Test,Test-Raabin
3422,0.16509691,Test,Test-Raabin
3423,0.13297087,Test,Test-Raabin
3424,0.11303578,Test,Test-Raabin
3425,0.15610598,Test,Test-Raabin
3426,0.14289096,Test,Test-Raabin
3427,0.13372499,Test,Test-Raabin
3428,0.16209681,Test,Test-Raabin
3429,0.16695005,Test,Test-Raabin
3430,0.15286955,Test,Test-Raabin
3431,0.16715139,Test,Test-Raabin
3432,0.12611935,Test,Test-Raabin
3433,0.14345904,Test,Test-Raabin
3434,0.13839471,Test,Test-Raabin
3435,0.13921891,Test,Test-Raabin
3436,0.13362622,Test,Test-Raabin
3437,0.15808518,Test,Test-Raabin
3438,0.1794798,Test,Test-Raabin
3439,0.12462926,Test,Test-Raabin
3440,0.1323124,Test,Test-Raabin
3441,0.13719568,Test,Test-Raabin
3442,0.093275264,Test,Test-Raabin
3443,0.14160955,Test,Test-Raabin
3444,0.15682459,Test,Test-Raabin
3445,0.16384822,Test,Test-Raabin
3446,0.18080154,Test,Test-Raabin
3447,0.1889452,Test,Test-Raabin
3448,0.1708826,Test,Test-Raabin
3449,0.15735437,Test,Test-Raabin
3450,0.12394041,Test,Test-Raabin
3451,0.16028288,Test,Test-Raabin
3452,0.10643353,Test,Test-Raabin
3453,0.14714012,Test,Test-Raabin
3454,0.13018067,Test,Test-Raabin
3455,0.1737239,Test,Test-Raabin
3456,0.13752057,Test,Test-Raabin
3457,0.12211223,Test,Test-Raabin
3458,0.13710517,Test,Test-Raabin
3459,0.15641637,Test,Test-Raabin
3460,0.16744912,Test,Test-Raabin
3461,0.15802066,Test,Test-Raabin
3462,0.15182303,Test,Test-Raabin
3463,0.1532085,Test,Test-Raabin
3464,0.16454692,Test,Test-Raabin
3465,0.10507209,Test,Test-Raabin
3466,0.14619309,Test,Test-Raabin
3467,0.12545723,Test,Test-Raabin
3468,0.115402296,Test,Test-Raabin
3469,0.16604099,Test,Test-Raabin
3470,0.1491847,Test,Test-Raabin
3471,0.12428979,Test,Test-Raabin
3472,0.17684852,Test,Test-Raabin
3473,0.16211484,Test,Test-Raabin
3474,0.13596068,Test,Test-Raabin
3475,0.1655466,Test,Test-Raabin
3476,0.1399594,Test,Test-Raabin
3477,0.17317806,Test,Test-Raabin
3478,0.16351977,Test,Test-Raabin
3479,0.13750854,Test,Test-Raabin
3480,0.16479416,Test,Test-Raabin
3481,0.18101859,Test,Test-Raabin
3482,0.1567482,Test,Test-Raabin
3483,0.17243679,Test,Test-Raabin
3484,0.13898993,Test,Test-Raabin
3485,0.17072359,Test,Test-Raabin
3486,0.17883147,Test,Test-Raabin
3487,0.14075802,Test,Test-Raabin
3488,0.16426751,Test,Test-Raabin
3489,0.15789653,Test,Test-Raabin
3490,0.16775043,Test,Test-Raabin
3491,0.15067613,Test,Test-Raabin
3492,0.14290398,Test,Test-Raabin
3493,0.17510627,Test,Test-Raabin
3494,0.13424261,Test,Test-Raabin
3495,0.14240529,Test,Test-Raabin
3496,0.15320851,Test,Test-Raabin
3497,0.15257117,Test,Test-Raabin
3498,0.14312726,Test,Test-Raabin
3499,0.12078567,Test,Test-Raabin
3500,0.14705482,Test,Test-Raabin
3501,0.15566619,Test,Test-Raabin
3502,0.19486488,Test,Test-Raabin
3503,0.150733,Test,Test-Raabin
3504,0.13905402,Test,Test-Raabin
3505,0.13127777,Test,Test-Raabin
3506,0.17758904,Test,Test-Raabin
3507,0.1846282,Test,Test-Raabin
3508,0.18274951,Test,Test-Raabin
3509,0.13632335,Test,Test-Raabin
3510,0.17755352,Test,Test-Raabin
3511,0.12626295,Test,Test-Raabin
3512,0.14195049,Test,Test-Raabin
3513,0.16988821,Test,Test-Raabin
3514,0.15421148,Test,Test-Raabin
3515,0.13655493,Test,Test-Raabin
3516,0.20284669,Test,Test-Raabin
3517,0.118694305,Test,Test-Raabin
3518,0.14638281,Test,Test-Raabin
3519,0.121391915,Test,Test-Raabin
3520,0.18203299,Test,Test-Raabin
3521,0.13949879,Test,Test-Raabin
3522,0.15824744,Test,Test-Raabin
3523,0.14501706,Test,Test-Raabin
3524,0.15976807,Test,Test-Raabin
3525,0.16405965,Test,Test-Raabin
3526,0.13781145,Test,Test-Raabin
3527,0.13490508,Test,Test-Raabin
3528,0.11928599,Test,Test-Raabin
3529,0.16153733,Test,Test-Raabin
3530,0.14169733,Test,Test-Raabin
3531,0.12186633,Test,Test-Raabin
3532,0.14170201,Test,Test-Raabin
3533,0.15328233,Test,Test-Raabin
3534,0.13678162,Test,Test-Raabin
3535,0.12609228,Test,Test-Raabin
3536,0.1426504,Test,Test-Raabin
3537,0.12642124,Test,Test-Raabin
3538,0.1626981,Test,Test-Raabin
3539,0.17183214,Test,Test-Raabin
3540,0.13382985,Test,Test-Raabin
3541,0.15976585,Test,Test-Raabin
3542,0.119852856,Test,Test-Raabin
3543,0.14189194,Test,Test-Raabin
3544,0.13462417,Test,Test-Raabin
3545,0.16413075,Test,Test-Raabin
3546,0.14162022,Test,Test-Raabin
3547,0.12585057,Test,Test-Raabin
3548,0.1440271,Test,Test-Raabin
3549,0.21133663,Test,Test-Raabin
3550,0.21578981,Test,Test-Raabin
3551,0.15514448,Test,Test-Raabin
3552,0.14552696,Test,Test-Raabin
3553,0.16293198,Test,Test-Raabin
3554,0.14322726,Test,Test-Raabin
3555,0.156979,Test,Test-Raabin
3556,0.11640058,Test,Test-Raabin
3557,0.14261374,Test,Test-Raabin
3558,0.13572897,Test,Test-Raabin
3559,0.14659081,Test,Test-Raabin
3560,0.13518795,Test,Test-Raabin
3561,0.15621518,Test,Test-Raabin
3562,0.14755952,Test,Test-Raabin
3563,0.16330068,Test,Test-Raabin
3564,0.1329348,Test,Test-Raabin
3565,0.14031735,Test,Test-Raabin
3566,0.13642338,Test,Test-Raabin
3567,0.16172783,Test,Test-Raabin
3568,0.16003719,Test,Test-Raabin
3569,0.16629653,Test,Test-Raabin
3570,0.16245644,Test,Test-Raabin
3571,0.13453798,Test,Test-Raabin
3572,0.1866473,Test,Test-Raabin
3573,0.16531174,Test,Test-Raabin
3574,0.12603587,Test,Test-Raabin
3575,0.182877,Test,Test-Raabin
3576,0.13115096,Test,Test-Raabin
3577,0.1326506,Test,Test-Raabin
3578,0.15177593,Test,Test-Raabin
3579,0.16153532,Test,Test-Raabin
3580,0.15253769,Test,Test-Raabin
3581,0.17398621,Test,Test-Raabin
3582,0.14498964,Test,Test-Raabin
3583,0.118774384,Test,Test-Raabin
3584,0.14869718,Test,Test-Raabin
3585,0.14750756,Test,Test-Raabin
3586,0.12370131,Test,Test-Raabin
3587,0.14447938,Test,Test-Raabin
3588,0.14469048,Test,Test-Raabin
3589,0.13893764,Test,Test-Raabin
3590,0.15146117,Test,Test-Raabin
3591,0.12501083,Test,Test-Raabin
3592,0.13190223,Test,Test-Raabin
3593,0.17206582,Test,Test-Raabin
3594,0.10582297,Test,Test-Raabin
3595,0.14130107,Test,Test-Raabin
3596,0.15298355,Test,Test-Raabin
3597,0.16536552,Test,Test-Raabin
3598,0.12934747,Test,Test-Raabin
3599,0.14363693,Test,Test-Raabin
3600,0.19082251,Test,Test-Raabin
3601,0.12737599,Test,Test-Raabin
3602,0.17116795,Test,Test-Raabin
3603,0.18517238,Test,Test-Raabin
3604,0.17498657,Test,Test-Raabin
3605,0.122750804,Test,Test-Raabin
3606,0.14720991,Test,Test-Raabin
3607,0.14868024,Test,Test-Raabin
3608,0.13699716,Test,Test-Raabin
3609,0.1381278,Test,Test-Raabin
3610,0.16413586,Test,Test-Raabin
3611,0.14780587,Test,Test-Raabin
3612,0.16458619,Test,Test-Raabin
3613,0.10948724,Test,Test-Raabin
3614,0.17749773,Test,Test-Raabin
3615,0.13424088,Test,Test-Raabin
3616,0.1563457,Test,Test-Raabin
3617,0.18806763,Test,Test-Raabin
3618,0.15221792,Test,Test-Raabin
3619,0.16219567,Test,Test-Raabin
3620,0.12562777,Test,Test-Raabin
3621,0.16429201,Test,Test-Raabin
3622,0.16006833,Test,Test-Raabin
3623,0.17308806,Test,Test-Raabin
3624,0.17528357,Test,Test-Raabin
3625,0.16145168,Test,Test-Raabin
3626,0.14936647,Test,Test-Raabin
3627,0.14296395,Test,Test-Raabin
3628,0.16309759,Test,Test-Raabin
3629,0.17212519,Test,Test-Raabin
3630,0.12982789,Test,Test-Raabin
3631,0.1444126,Test,Test-Raabin
3632,0.15811762,Test,Test-Raabin
3633,0.14568868,Test,Test-Raabin
3634,0.18146127,Test,Test-Raabin
3635,0.16941854,Test,Test-Raabin
3636,0.140607,Test,Test-Raabin
3637,0.14172573,Test,Test-Raabin
3638,0.16922677,Test,Test-Raabin
3639,0.13686265,Test,Test-Raabin
3640,0.12390123,Test,Test-Raabin
3641,0.14063963,Test,Test-Raabin
3642,0.17817073,Test,Test-Raabin
3643,0.15067676,Test,Test-Raabin
3644,0.12597044,Test,Test-Raabin
3645,0.14468718,Test,Test-Raabin
3646,0.14096032,Test,Test-Raabin
3647,0.15303776,Test,Test-Raabin
3648,0.12717323,Test,Test-Raabin
3649,0.18675818,Test,Test-Raabin
3650,0.15458521,Test,Test-Raabin
3651,0.14582223,Test,Test-Raabin
3652,0.16352642,Test,Test-Raabin
3653,0.13888924,Test,Test-Raabin
3654,0.15930972,Test,Test-Raabin
3655,0.15442434,Test,Test-Raabin
3656,0.14512278,Test,Test-Raabin
3657,0.13298896,Test,Test-Raabin
3658,0.16440314,Test,Test-Raabin
3659,0.14437722,Test,Test-Raabin
3660,0.15092783,Test,Test-Raabin
3661,0.14077888,Test,Test-Raabin
3662,0.14321229,Test,Test-Raabin
3663,0.16457112,Test,Test-Raabin
3664,0.14080097,Test,Test-Raabin
3665,0.12959601,Test,Test-Raabin
3666,0.14226222,Test,Test-Raabin
3667,0.1437471,Test,Test-Raabin
3668,0.1616078,Test,Test-Raabin
3669,0.1469143,Test,Test-Raabin
3670,0.16894154,Test,Test-Raabin
3671,0.12541382,Test,Test-Raabin
3672,0.08720822,Test,Test-Raabin
3673,0.14182034,Test,Test-Raabin
3674,0.13347176,Test,Test-Raabin
3675,0.16781197,Test,Test-Raabin
3676,0.15877418,Test,Test-Raabin
3677,0.1602834,Test,Test-Raabin
3678,0.14753538,Test,Test-Raabin
3679,0.12603159,Test,Test-Raabin
3680,0.13946405,Test,Test-Raabin
3681,0.12958163,Test,Test-Raabin
3682,0.14098017,Test,Test-Raabin
3683,0.09613556,Test,Test-Raabin
3684,0.12673692,Test,Test-Raabin
3685,0.1904848,Test,Test-Raabin
3686,0.15197267,Test,Test-Raabin
3687,0.12397404,Test,Test-Raabin
3688,0.1429736,Test,Test-Raabin
3689,0.16798122,Test,Test-Raabin
3690,0.18363675,Test,Test-Raabin
3691,0.1831775,Test,Test-Raabin
3692,0.1639334,Test,Test-Raabin
3693,0.13779828,Test,Test-Raabin
3694,0.15559624,Test,Test-Raabin
3695,0.19238152,Test,Test-Raabin
3696,0.14440866,Test,Test-Raabin
3697,0.16235113,Test,Test-Raabin
3698,0.14608961,Test,Test-Raabin
3699,0.16829047,Test,Test-Raabin
3700,0.1487945,Test,Test-Raabin
3701,0.09883423,Test,Test-Raabin
3702,0.14961942,Test,Test-Raabin
3703,0.15542483,Test,Test-Raabin
3704,0.17778285,Test,Test-Raabin
3705,0.13489634,Test,Test-Raabin
3706,0.124288514,Test,Test-Raabin
3707,0.100816935,Test,Test-Raabin
3708,0.1414962,Test,Test-Raabin
3709,0.13488427,Test,Test-Raabin
3710,0.15841864,Test,Test-Raabin
3711,0.14161083,Test,Test-Raabin
3712,0.17338817,Test,Test-Raabin
3713,0.10805762,Test,Test-Raabin
3714,0.13716957,Test,Test-Raabin
3715,0.1132022,Test,Test-Raabin
3716,0.14470236,Test,Test-Raabin
3717,0.12847543,Test,Test-Raabin
3718,0.15154248,Test,Test-Raabin
3719,0.14498174,Test,Test-Raabin
3720,0.14415959,Test,Test-Raabin
3721,0.14775832,Test,Test-Raabin
3722,0.16118233,Test,Test-Raabin
3723,0.1474708,Test,Test-Raabin
3724,0.14149427,Test,Test-Raabin
3725,0.16037603,Test,Test-Raabin
3726,0.15215246,Test,Test-Raabin
3727,0.1464129,Test,Test-Raabin
3728,0.14175153,Test,Test-Raabin
3729,0.15487613,Test,Test-Raabin
3730,0.15454994,Test,Test-Raabin
3731,0.17758848,Test,Test-Raabin
3732,0.1640651,Test,Test-Raabin
3733,0.16998453,Test,Test-Raabin
3734,0.14250948,Test,Test-Raabin
3735,0.15362135,Test,Test-Raabin
3736,0.12290147,Test,Test-Raabin
3737,0.18247947,Test,Test-Raabin
3738,0.150313,Test,Test-Raabin
3739,0.16416822,Test,Test-Raabin
3740,0.16228773,Test,Test-Raabin
3741,0.1567357,Test,Test-Raabin
3742,0.14212292,Test,Test-Raabin
3743,0.1791011,Test,Test-Raabin
3744,0.16994505,Test,Test-Raabin
3745,0.14683047,Test,Test-Raabin
3746,0.1402044,Test,Test-Raabin
3747,0.13777806,Test,Test-Raabin
3748,0.1627597,Test,Test-Raabin
3749,0.15967833,Test,Test-Raabin
3750,0.12734663,Test,Test-Raabin
3751,0.14799011,Test,Test-Raabin
3752,0.1495144,Test,Test-Raabin
3753,0.1694898,Test,Test-Raabin
3754,0.133411,Test,Test-Raabin
3755,0.13530327,Test,Test-Raabin
3756,0.086206436,Test,Test-Raabin
3757,0.15779838,Test,Test-Raabin
3758,0.14621727,Test,Test-Raabin
3759,0.12966335,Test,Test-Raabin
3760,0.14060774,Test,Test-Raabin
3761,0.15685178,Test,Test-Raabin
3762,0.16500981,Test,Test-Raabin
3763,0.1733525,Test,Test-Raabin
3764,0.13576761,Test,Test-Raabin
3765,0.10064623,Test,Test-Raabin
3766,0.16705747,Test,Test-Raabin
3767,0.15104698,Test,Test-Raabin
3768,0.104754075,Test,Test-Raabin
3769,0.16640516,Test,Test-Raabin
3770,0.10409677,Test,Test-Raabin
3771,0.15966661,Test,Test-Raabin
3772,0.17348789,Test,Test-Raabin
3773,0.14315519,Test,Test-Raabin
3774,0.15711506,Test,Test-Raabin
3775,0.15973094,Test,Test-Raabin
3776,0.12817118,Test,Test-Raabin
3777,0.14314736,Test,Test-Raabin
3778,0.13992094,Test,Test-Raabin
3779,0.16646174,Test,Test-Raabin
3780,0.15608788,Test,Test-Raabin
3781,0.15404941,Test,Test-Raabin
3782,0.13660507,Test,Test-Raabin
3783,0.16783486,Test,Test-Raabin
3784,0.13610642,Test,Test-Raabin
3785,0.15315792,Test,Test-Raabin
3786,0.14653067,Test,Test-Raabin
3787,0.14321806,Test,Test-Raabin
3788,0.16393583,Test,Test-Raabin
3789,0.15964408,Test,Test-Raabin
3790,0.1699832,Test,Test-Raabin
3791,0.14786461,Test,Test-Raabin
3792,0.18137115,Test,Test-Raabin
3793,0.18800256,Test,Test-Raabin
3794,0.15502693,Test,Test-Raabin
3795,0.12511405,Test,Test-Raabin
3796,0.14421053,Test,Test-Raabin
3797,0.1417241,Test,Test-Raabin
3798,0.14165896,Test,Test-Raabin
3799,0.14170595,Test,Test-Raabin
3800,0.1481779,Test,Test-Raabin
3801,0.11339805,Test,Test-Raabin
3802,0.14894602,Test,Test-Raabin
3803,0.1470544,Test,Test-Raabin
3804,0.14892791,Test,Test-Raabin
3805,0.20136032,Test,Test-Raabin
3806,0.15715952,Test,Test-Raabin
3807,0.12785561,Test,Test-Raabin
3808,0.1306779,Test,Test-Raabin
3809,0.13372938,Test,Test-Raabin
3810,0.13649572,Test,Test-Raabin
3811,0.1482166,Test,Test-Raabin
3812,0.15735427,Test,Test-Raabin
3813,0.14613046,Test,Test-Raabin
3814,0.14260417,Test,Test-Raabin
3815,0.16071182,Test,Test-Raabin
3816,0.15108137,Test,Test-Raabin
3817,0.16728163,Test,Test-Raabin
3818,0.1485597,Test,Test-Raabin
3819,0.13417599,Test,Test-Raabin
3820,0.18232192,Test,Test-Raabin
3821,0.18778594,Test,Test-Raabin
3822,0.16984639,Test,Test-Raabin
3823,0.15043738,Test,Test-Raabin
3824,0.1513885,Test,Test-Raabin
3825,0.11525063,Test,Test-Raabin
3826,0.1219065,Test,Test-Raabin
3827,0.14102001,Test,Test-Raabin
3828,0.17131296,Test,Test-Raabin
3829,0.1174802,Test,Test-Raabin
3830,0.122844785,Test,Test-Raabin
3831,0.16856433,Test,Test-Raabin
3832,0.1757956,Test,Test-Raabin
3833,0.12988658,Test,Test-Raabin
3834,0.16465572,Test,Test-Raabin
3835,0.17352599,Test,Test-Raabin
3836,0.16195855,Test,Test-Raabin
3837,0.14692299,Test,Test-Raabin
3838,0.16466534,Test,Test-Raabin
3839,0.14181183,Test,Test-Raabin
3840,0.15326838,Test,Test-Raabin
3841,0.16028683,Test,Test-Raabin
3842,0.15324615,Test,Test-Raabin
3843,0.12306168,Test,Test-Raabin
3844,0.15576106,Test,Test-Raabin
3845,0.14422289,Test,Test-Raabin
3846,0.17431344,Test,Test-Raabin
3847,0.16552335,Test,Test-Raabin
3848,0.15997455,Test,Test-Raabin
3849,0.16773796,Test,Test-Raabin
3850,0.1376671,Test,Test-Raabin
3851,0.15659347,Test,Test-Raabin
3852,0.17314853,Test,Test-Raabin
3853,0.17883341,Test,Test-Raabin
3854,0.15663826,Test,Test-Raabin
3855,0.1749643,Test,Test-Raabin
3856,0.14637193,Test,Test-Raabin
3857,0.15516289,Test,Test-Raabin
3858,0.14626393,Test,Test-Raabin
3859,0.13888216,Test,Test-Raabin
3860,0.13983712,Test,Test-Raabin
3861,0.15788686,Test,Test-Raabin
3862,0.14003989,Test,Test-Raabin
3863,0.16155249,Test,Test-Raabin
3864,0.12838319,Test,Test-Raabin
3865,0.12171177,Test,Test-Raabin
3866,0.17455676,Test,Test-Raabin
3867,0.14865336,Test,Test-Raabin
3868,0.1547742,Test,Test-Raabin
3869,0.12754485,Test,Test-Raabin
3870,0.1552296,Test,Test-Raabin
3871,0.1538101,Test,Test-Raabin
3872,0.17459647,Test,Test-Raabin
3873,0.12924397,Test,Test-Raabin
3874,0.16485456,Test,Test-Raabin
3875,0.1318469,Test,Test-Raabin
3876,0.13492928,Test,Test-Raabin
3877,0.15051416,Test,Test-Raabin
3878,0.14191738,Test,Test-Raabin
3879,0.13870442,Test,Test-Raabin
3880,0.16962266,Test,Test-Raabin
3881,0.1622152,Test,Test-Raabin
3882,0.17258127,Test,Test-Raabin
3883,0.15770625,Test,Test-Raabin
3884,0.16620919,Test,Test-Raabin
3885,0.13971242,Test,Test-Raabin
3886,0.18251832,Test,Test-Raabin
3887,0.16306873,Test,Test-Raabin
3888,0.1421202,Test,Test-Raabin
3889,0.155187,Test,Test-Raabin
3890,0.15080358,Test,Test-Raabin
3891,0.19011982,Test,Test-Raabin
3892,0.13083208,Test,Test-Raabin
3893,0.124497406,Test,Test-Raabin
3894,0.20381911,Test,Test-Raabin
3895,0.108297184,Test,Test-Raabin
3896,0.17539659,Test,Test-Raabin
3897,0.12361301,Test,Test-Raabin
3898,0.1597192,Test,Test-Raabin
3899,0.15146089,Test,Test-Raabin
3900,0.14399843,Test,Test-Raabin
3901,0.18120666,Test,Test-Raabin
3902,0.18062407,Test,Test-Raabin
3903,0.14890055,Test,Test-Raabin
3904,0.13205187,Test,Test-Raabin
3905,0.12123371,Test,Test-Raabin
3906,0.1259176,Test,Test-Raabin
3907,0.12094624,Test,Test-Raabin
3908,0.17459522,Test,Test-Raabin
3909,0.17692389,Test,Test-Raabin
3910,0.14027031,Test,Test-Raabin
3911,0.1822001,Test,Test-Raabin
3912,0.16146645,Test,Test-Raabin
3913,0.14553314,Test,Test-Raabin
3914,0.1383865,Test,Test-Raabin
3915,0.14995585,Test,Test-Raabin
3916,0.14186478,Test,Test-Raabin
3917,0.11561025,Test,Test-Raabin
3918,0.17800905,Test,Test-Raabin
3919,0.14176178,Test,Test-Raabin
3920,0.1579815,Test,Test-Raabin
3921,0.13643865,Test,Test-Raabin
3922,0.15663692,Test,Test-Raabin
3923,0.13830769,Test,Test-Raabin
3924,0.14078805,Test,Test-Raabin
3925,0.15494713,Test,Test-Raabin
3926,0.15297917,Test,Test-Raabin
3927,0.16997066,Test,Test-Raabin
3928,0.13750395,Test,Test-Raabin
3929,0.15933703,Test,Test-Raabin
3930,0.13983658,Test,Test-Raabin
3931,0.13961796,Test,Test-Raabin
3932,0.14724705,Test,Test-Raabin
3933,0.15177676,Test,Test-Raabin
3934,0.15114415,Test,Test-Raabin
3935,0.1310941,Test,Test-Raabin
3936,0.11694686,Test,Test-Raabin
3937,0.14734371,Test,Test-Raabin
3938,0.15438427,Test,Test-Raabin
3939,0.12556082,Test,Test-Raabin
3940,0.14983316,Test,Test-Raabin
3941,0.15759796,Test,Test-Raabin
3942,0.15483537,Test,Test-Raabin
3943,0.14413509,Test,Test-Raabin
3944,0.16205198,Test,Test-Raabin
3945,0.16285269,Test,Test-Raabin
3946,0.15020767,Test,Test-Raabin
3947,0.16181338,Test,Test-Raabin
3948,0.15292275,Test,Test-Raabin
3949,0.15621608,Test,Test-Raabin
3950,0.1570937,Test,Test-Raabin
3951,0.14880961,Test,Test-Raabin
3952,0.15005,Test,Test-Raabin
3953,0.15840594,Test,Test-Raabin
3954,0.1861716,Test,Test-Raabin
3955,0.15622284,Test,Test-Raabin
3956,0.13839243,Test,Test-Raabin
3957,0.12445245,Test,Test-Raabin
3958,0.1264266,Test,Test-Raabin
3959,0.17666283,Test,Test-Raabin
3960,0.17245868,Test,Test-Raabin
3961,0.1513601,Test,Test-Raabin
3962,0.14443731,Test,Test-Raabin
3963,0.2059203,Test,Test-Raabin
3964,0.16070776,Test,Test-Raabin
3965,0.139397,Test,Test-Raabin
3966,0.17212601,Test,Test-Raabin
3967,0.13508841,Test,Test-Raabin
3968,0.1575818,Test,Test-Raabin
3969,0.14744487,Test,Test-Raabin
3970,0.16752496,Test,Test-Raabin
3971,0.14071901,Test,Test-Raabin
3972,0.14731179,Test,Test-Raabin
3973,0.17517354,Test,Test-Raabin
3974,0.15372716,Test,Test-Raabin
3975,0.16116767,Test,Test-Raabin
3976,0.1321675,Test,Test-Raabin
3977,0.13904634,Test,Test-Raabin
3978,0.15418728,Test,Test-Raabin
3979,0.15368211,Test,Test-Raabin
3980,0.14313161,Test,Test-Raabin
3981,0.14277005,Test,Test-Raabin
3982,0.14502679,Test,Test-Raabin
3983,0.14888816,Test,Test-Raabin
3984,0.14120354,Test,Test-Raabin
3985,0.14345993,Test,Test-Raabin
3986,0.16306938,Test,Test-Raabin
3987,0.13772556,Test,Test-Raabin
3988,0.17207365,Test,Test-Raabin
3989,0.099269524,Test,Test-Raabin
3990,0.16549648,Test,Test-Raabin
3991,0.11583598,Test,Test-Raabin
3992,0.13926825,Test,Test-Raabin
3993,0.15032692,Test,Test-Raabin
3994,0.14545143,Test,Test-Raabin
3995,0.117323294,Test,Test-Raabin
3996,0.17314921,Test,Test-Raabin
3997,0.11841282,Test,Test-Raabin
3998,0.14662488,Test,Test-Raabin
3999,0.14130674,Test,Test-Raabin
4000,0.14533812,Test,Test-Raabin
4001,0.1322113,Test,Test-Raabin
4002,0.15665177,Test,Test-Raabin
4003,0.14176829,Test,Test-Raabin
4004,0.14091304,Test,Test-Raabin
4005,0.13124669,Test,Test-Raabin
4006,0.13553824,Test,Test-Raabin
4007,0.13929388,Test,Test-Raabin
4008,0.15012732,Test,Test-Raabin
4009,0.14986813,Test,Test-Raabin
4010,0.15706877,Test,Test-Raabin
4011,0.16155297,Test,Test-Raabin
4012,0.14123589,Test,Test-Raabin
4013,0.16605689,Test,Test-Raabin
4014,0.12984978,Test,Test-Raabin
4015,0.17053108,Test,Test-Raabin
4016,0.11449219,Test,Test-Raabin
4017,0.13152853,Test,Test-Raabin
4018,0.14189853,Test,Test-Raabin
4019,0.12207066,Test,Test-Raabin
4020,0.15967673,Test,Test-Raabin
4021,0.15538232,Test,Test-Raabin
4022,0.14117466,Test,Test-Raabin
4023,0.1775771,Test,Test-Raabin
4024,0.1654533,Test,Test-Raabin
4025,0.14833944,Test,Test-Raabin
4026,0.14995493,Test,Test-Raabin
4027,0.1607719,Test,Test-Raabin
4028,0.14124137,Test,Test-Raabin
4029,0.15438375,Test,Test-Raabin
4030,0.11848714,Test,Test-Raabin
4031,0.16000058,Test,Test-Raabin
4032,0.17550018,Test,Test-Raabin
4033,0.14931254,Test,Test-Raabin
4034,0.16961086,Test,Test-Raabin
4035,0.15432358,Test,Test-Raabin
4036,0.16485316,Test,Test-Raabin
4037,0.14966278,Test,Test-Raabin
4038,0.12825885,Test,Test-Raabin
4039,0.14642169,Test,Test-Raabin
4040,0.15449373,Test,Test-Raabin
4041,0.14190575,Test,Test-Raabin
4042,0.16838345,Test,Test-Raabin
4043,0.14567791,Test,Test-Raabin
4044,0.12302235,Test,Test-Raabin
4045,0.17653918,Test,Test-Raabin
4046,0.15640557,Test,Test-Raabin
4047,0.14606416,Test,Test-Raabin
4048,0.17796664,Test,Test-Raabin
4049,0.15109187,Test,Test-Raabin
4050,0.15694152,Test,Test-Raabin
4051,0.15071064,Test,Test-Raabin
4052,0.16021203,Test,Test-Raabin
4053,0.16558526,Test,Test-Raabin
4054,0.14899062,Test,Test-Raabin
4055,0.18041593,Test,Test-Raabin
4056,0.14146864,Test,Test-Raabin
4057,0.1455216,Test,Test-Raabin
4058,0.15476872,Test,Test-Raabin
4059,0.14288956,Test,Test-Raabin
4060,0.1854753,Test,Test-Raabin
4061,0.10345615,Test,Test-Raabin
4062,0.17414097,Test,Test-Raabin
4063,0.18011184,Test,Test-Raabin
4064,0.15588076,Test,Test-Raabin
4065,0.12505996,Test,Test-Raabin
4066,0.13579959,Test,Test-Raabin
4067,0.1150556,Test,Test-Raabin
4068,0.15689836,Test,Test-Raabin
4069,0.18246986,Test,Test-Raabin
4070,0.12171072,Test,Test-Raabin
4071,0.1497544,Test,Test-Raabin
4072,0.1582082,Test,Test-Raabin
4073,0.12819615,Test,Test-Raabin
4074,0.16360235,Test,Test-Raabin
4075,0.18250415,Test,Test-Raabin
4076,0.16025834,Test,Test-Raabin
4077,0.16154768,Test,Test-Raabin
4078,0.14807297,Test,Test-Raabin
4079,0.19083254,Test,Test-Raabin
4080,0.13187647,Test,Test-Raabin
4081,0.18107587,Test,Test-Raabin
4082,0.15662064,Test,Test-Raabin
4083,0.15325584,Test,Test-Raabin
4084,0.1524303,Test,Test-Raabin
4085,0.14850178,Test,Test-Raabin
4086,0.15926145,Test,Test-Raabin
4087,0.15728459,Test,Test-Raabin
4088,0.15867944,Test,Test-Raabin
4089,0.15283427,Test,Test-Raabin
4090,0.14153787,Test,Test-Raabin
4091,0.15344119,Test,Test-Raabin
4092,0.112360455,Test,Test-Raabin
4093,0.16458617,Test,Test-Raabin
4094,0.11127242,Test,Test-Raabin
4095,0.17050612,Test,Test-Raabin
4096,0.15759452,Test,Test-Raabin
4097,0.13390309,Test,Test-Raabin
4098,0.1677172,Test,Test-Raabin
4099,0.14360642,Test,Test-Raabin
4100,0.15806773,Test,Test-Raabin
4101,0.16493922,Test,Test-Raabin
4102,0.11424286,Test,Test-Raabin
4103,0.15081336,Test,Test-Raabin
4104,0.15315606,Test,Test-Raabin
4105,0.13306858,Test,Test-Raabin
4106,0.16103312,Test,Test-Raabin
4107,0.15153907,Test,Test-Raabin
4108,0.15030912,Test,Test-Raabin
4109,0.17474863,Test,Test-Raabin
4110,0.16163316,Test,Test-Raabin
4111,0.14116634,Test,Test-Raabin
4112,0.1703613,Test,Test-Raabin
4113,0.17772745,Test,Test-Raabin
4114,0.13922235,Test,Test-Raabin
4115,0.1293296,Test,Test-Raabin
4116,0.16770151,Test,Test-Raabin
4117,0.16942817,Test,Test-Raabin
4118,0.16061725,Test,Test-Raabin
4119,0.10372664,Test,Test-Raabin
4120,0.1453967,Test,Test-Raabin
4121,0.15382595,Test,Test-Raabin
4122,0.17406759,Test,Test-Raabin
4123,0.14751808,Test,Test-Raabin
4124,0.083039396,Test,Test-Raabin
4125,0.15605816,Test,Test-Raabin
4126,0.13960047,Test,Test-Raabin
4127,0.17951474,Test,Test-Raabin
4128,0.1470641,Test,Test-Raabin
4129,0.15382509,Test,Test-Raabin
4130,0.15945989,Test,Test-Raabin
4131,0.13781416,Test,Test-Raabin
4132,0.14387298,Test,Test-Raabin
4133,0.15655826,Test,Test-Raabin
4134,0.16302098,Test,Test-Raabin
4135,0.13791174,Test,Test-Raabin
4136,0.10522143,Test,Test-Raabin
4137,0.11290925,Test,Test-Raabin
4138,0.13420185,Test,Test-Raabin
4139,0.14428638,Test,Test-Raabin
4140,0.1742815,Test,Test-Raabin
4141,0.1468844,Test,Test-Raabin
4142,0.14967112,Test,Test-Raabin
4143,0.16545197,Test,Test-Raabin
4144,0.1737718,Test,Test-Raabin
4145,0.16826633,Test,Test-Raabin
4146,0.15298943,Test,Test-Raabin
4147,0.15658262,Test,Test-Raabin
4148,0.1333137,Test,Test-Raabin
4149,0.17378497,Test,Test-Raabin
4150,0.16138892,Test,Test-Raabin
4151,0.1612374,Test,Test-Raabin
4152,0.16401736,Test,Test-Raabin
4153,0.1633583,Test,Test-Raabin
4154,0.14496236,Test,Test-Raabin
4155,0.1495577,Test,Test-Raabin
4156,0.15766676,Test,Test-Raabin
4157,0.18390383,Test,Test-Raabin
4158,0.17189437,Test,Test-Raabin
4159,0.14197016,Test,Test-Raabin
4160,0.17169641,Test,Test-Raabin
4161,0.14928927,Test,Test-Raabin
4162,0.1448536,Test,Test-Raabin
4163,0.14135784,Test,Test-Raabin
4164,0.18380189,Test,Test-Raabin
4165,0.14563447,Test,Test-Raabin
4166,0.2011934,Test,Test-Raabin
4167,0.16185033,Test,Test-Raabin
4168,0.1383693,Test,Test-Raabin
4169,0.16907856,Test,Test-Raabin
4170,0.102852665,Test,Test-Raabin
4171,0.1611549,Test,Test-Raabin
4172,0.18367395,Test,Test-Raabin
4173,0.14258562,Test,Test-Raabin
4174,0.14940678,Test,Test-Raabin
4175,0.15421954,Test,Test-Raabin
4176,0.15063533,Test,Test-Raabin
4177,0.15645921,Test,Test-Raabin
4178,0.17711104,Test,Test-Raabin
4179,0.15766694,Test,Test-Raabin
4180,0.14545193,Test,Test-Raabin
4181,0.13857648,Test,Test-Raabin
4182,0.14753972,Test,Test-Raabin
4183,0.14052898,Test,Test-Raabin
4184,0.13606794,Test,Test-Raabin
4185,0.14406957,Test,Test-Raabin
4186,0.14144255,Test,Test-Raabin
4187,0.12951513,Test,Test-Raabin
4188,0.15324917,Test,Test-Raabin
4189,0.15005116,Test,Test-Raabin
4190,0.16633359,Test,Test-Raabin
4191,0.15530875,Test,Test-Raabin
4192,0.17359768,Test,Test-Raabin
4193,0.1497021,Test,Test-Raabin
4194,0.1346439,Test,Test-Raabin
4195,0.14838497,Test,Test-Raabin
4196,0.16103832,Test,Test-Raabin
4197,0.15327664,Test,Test-Raabin
4198,0.17089793,Test,Test-Raabin
4199,0.16812824,Test,Test-Raabin
4200,0.14332858,Test,Test-Raabin
4201,0.13421799,Test,Test-Raabin
4202,0.16353801,Test,Test-Raabin
4203,0.16946664,Test,Test-Raabin
4204,0.12093175,Test,Test-Raabin
4205,0.16592649,Test,Test-Raabin
4206,0.1371152,Test,Test-Raabin
4207,0.15340479,Test,Test-Raabin
4208,0.12169809,Test,Test-Raabin
4209,0.1304539,Test,Test-Raabin
4210,0.14077543,Test,Test-Raabin
4211,0.15350053,Test,Test-Raabin
4212,0.14171349,Test,Test-Raabin
4213,0.13966073,Test,Test-Raabin
4214,0.12393109,Test,Test-Raabin
4215,0.16935629,Test,Test-Raabin
4216,0.13264434,Test,Test-Raabin
4217,0.1397123,Test,Test-Raabin
4218,0.13647959,Test,Test-Raabin
4219,0.15390417,Test,Test-Raabin
4220,0.16063282,Test,Test-Raabin
4221,0.16023539,Test,Test-Raabin
4222,0.13760555,Test,Test-Raabin
4223,0.19435611,Test,Test-Raabin
4224,0.16256782,Test,Test-Raabin
4225,0.14970538,Test,Test-Raabin
4226,0.1746448,Test,Test-Raabin
4227,0.16838683,Test,Test-Raabin
4228,0.15656485,Test,Test-Raabin
4229,0.13684326,Test,Test-Raabin
4230,0.14995828,Test,Test-Raabin
4231,0.17022803,Test,Test-Raabin
4232,0.15795463,Test,Test-Raabin
4233,0.13771108,Test,Test-Raabin
4234,0.1612851,Test,Test-Raabin
4235,0.14009759,Test,Test-Raabin
4236,0.14224397,Test,Test-Raabin
4237,0.1162249,Test,Test-Raabin
4238,0.122061074,Test,Test-Raabin
4239,0.1658188,Test,Test-Raabin
4240,0.1681752,Test,Test-Raabin
4241,0.13836247,Test,Test-Raabin
4242,0.14821592,Test,Test-Raabin
4243,0.1604895,Test,Test-Raabin
4244,0.16344865,Test,Test-Raabin
4245,0.13394904,Test,Test-Raabin
4246,0.17660496,Test,Test-Raabin
4247,0.17925581,Test,Test-Raabin
4248,0.15384234,Test,Test-Raabin
4249,0.14377752,Test,Test-Raabin
4250,0.17970264,Test,Test-Raabin
4251,0.18131556,Test,Test-Raabin
4252,0.16321863,Test,Test-Raabin
4253,0.1046133,Test,Test-Raabin
4254,0.15206218,Test,Test-Raabin
4255,0.1426947,Test,Test-Raabin
4256,0.14718784,Test,Test-Raabin
4257,0.16636981,Test,Test-Raabin
4258,0.14810528,Test,Test-Raabin
4259,0.17823774,Test,Test-Raabin
4260,0.17388877,Test,Test-Raabin
4261,0.13552734,Test,Test-Raabin
4262,0.15698425,Test,Test-Raabin
4263,0.13977094,Test,Test-Raabin
4264,0.14521945,Test,Test-Raabin
4265,0.14857115,Test,Test-Raabin
4266,0.1500907,Test,Test-Raabin
4267,0.13694385,Test,Test-Raabin
4268,0.14027648,Test,Test-Raabin
4269,0.13114049,Test,Test-Raabin
4270,0.12938441,Test,Test-Raabin
4271,0.15577643,Test,Test-Raabin
4272,0.13416493,Test,Test-Raabin
4273,0.14567254,Test,Test-Raabin
4274,0.14765382,Test,Test-Raabin
4275,0.10870763,Test,Test-Raabin
4276,0.17223926,Test,Test-Raabin
4277,0.1968269,Test,Test-Raabin
4278,0.15960978,Test,Test-Raabin
4279,0.13919757,Test,Test-Raabin
4280,0.1541681,Test,Test-Raabin
4281,0.16458854,Test,Test-Raabin
4282,0.19388603,Test,Test-Raabin
4283,0.16404478,Test,Test-Raabin
4284,0.16305514,Test,Test-Raabin
4285,0.14698747,Test,Test-Raabin
4286,0.12524225,Test,Test-Raabin
4287,0.12180192,Test,Test-Raabin
4288,0.15835956,Test,Test-Raabin
4289,0.17804176,Test,Test-Raabin
4290,0.13657317,Test,Test-Raabin
4291,0.14162289,Test,Test-Raabin
4292,0.13655359,Test,Test-Raabin
4293,0.16002046,Test,Test-Raabin
4294,0.165,Test,Test-Raabin
4295,0.13640924,Test,Test-Raabin
4296,0.16008973,Test,Test-Raabin
4297,0.15256754,Test,Test-Raabin
4298,0.16969433,Test,Test-Raabin
4299,0.17864263,Test,Test-Raabin
4300,0.15049951,Test,Test-Raabin
4301,0.1744187,Test,Test-Raabin
4302,0.13309927,Test,Test-Raabin
4303,0.14999884,Test,Test-Raabin
4304,0.15567833,Test,Test-Raabin
4305,0.15915953,Test,Test-Raabin
4306,0.11352231,Test,Test-Raabin
4307,0.15379468,Test,Test-Raabin
4308,0.14422014,Test,Test-Raabin
4309,0.18431652,Test,Test-Raabin
4310,0.16315553,Test,Test-Raabin
4311,0.1424437,Test,Test-Raabin
4312,0.11677751,Test,Test-Raabin
4313,0.14722162,Test,Test-Raabin
4314,0.13945188,Test,Test-Raabin
4315,0.1263698,Test,Test-Raabin
4316,0.1567132,Test,Test-Raabin
4317,0.14782542,Test,Test-Raabin
4318,0.1529755,Test,Test-Raabin
4319,0.12964025,Test,Test-Raabin
4320,0.1263581,Test,Test-Raabin
4321,0.14133856,Test,Test-Raabin
4322,0.13683358,Test,Test-Raabin
4323,0.1447321,Test,Test-Raabin
4324,0.15312132,Test,Test-Raabin
4325,0.15789686,Test,Test-Raabin
4326,0.10888887,Test,Test-Raabin
4327,0.13669358,Test,Test-Raabin
4328,0.1605427,Test,Test-Raabin
4329,0.1422413,Test,Test-Raabin
4330,0.14662772,Test,Test-Raabin
4331,0.12833066,Test,Test-Raabin
4332,0.1321518,Test,Test-Raabin
4333,0.1514318,Test,Test-Raabin
4334,0.14775386,Test,Test-Raabin
4335,0.1484618,Test,Test-Raabin
4336,0.14513266,Test,Test-Raabin
4337,0.1496302,Test,Test-Raabin
4338,0.17086104,Test,Test-Raabin
4339,0.14685729,Test,Test-Raabin
4340,0.16447197,Test,Test-Raabin
4341,0.13231169,Test,Test-Raabin
4342,0.18149784,Test,Test-Raabin
4343,0.14371394,Test,Test-Raabin
4344,0.15975066,Test,Test-Raabin
4345,0.12722316,Test,Test-Raabin
4346,0.11580212,Test,Test-Raabin
4347,0.16317585,Test,Test-Raabin
4348,0.1454815,Test,Test-Raabin
4349,0.14681326,Test,Test-Raabin
4350,0.17117034,Test,Test-Raabin
4351,0.11882476,Test,Test-Raabin
4352,0.13537791,Test,Test-Raabin
4353,0.1548183,Test,Test-Raabin
4354,0.15422906,Test,Test-Raabin
4355,0.17884749,Test,Test-Raabin
4356,0.13191983,Test,Test-Raabin
4357,0.100582264,Test,Test-Raabin
4358,0.16568798,Test,Test-Raabin
4359,0.16553651,Test,Test-Raabin
4360,0.18713415,Test,Test-Raabin
4361,0.15269764,Test,Test-Raabin
4362,0.15562019,Test,Test-Raabin
4363,0.16500144,Test,Test-Raabin
4364,0.13983983,Test,Test-Raabin
4365,0.15662135,Test,Test-Raabin
4366,0.17759338,Test,Test-Raabin
4367,0.17864984,Test,Test-Raabin
4368,0.17958504,Test,Test-Raabin
4369,0.16076389,Test,Test-Raabin
4370,0.13431956,Test,Test-Raabin
4371,0.1441455,Test,Test-Raabin
4372,0.16026817,Test,Test-Raabin
4373,0.16036895,Test,Test-Raabin
4374,0.15226533,Test,Test-Raabin
4375,0.16548112,Test,Test-Raabin
4376,0.16478209,Test,Test-Raabin
4377,0.1528639,Test,Test-Raabin
4378,0.14838432,Test,Test-Raabin
4379,0.14503016,Test,Test-Raabin
4380,0.13766603,Test,Test-Raabin
4381,0.14828327,Test,Test-Raabin
4382,0.16201364,Test,Test-Raabin
4383,0.14904813,Test,Test-Raabin
4384,0.14070293,Test,Test-Raabin
4385,0.13668509,Test,Test-Raabin
4386,0.13956423,Test,Test-Raabin
4387,0.13733399,Test,Test-Raabin
4388,0.13459341,Test,Test-Raabin
4389,0.14869495,Test,Test-Raabin
4390,0.18024403,Test,Test-Raabin
4391,0.14481068,Test,Test-Raabin
4392,0.1487097,Test,Test-Raabin
4393,0.15513735,Test,Test-Raabin
4394,0.18242344,Test,Test-Raabin
4395,0.15771307,Test,Test-Raabin
4396,0.14732464,Test,Test-Raabin
4397,0.1345745,Test,Test-Raabin
4398,0.15882203,Test,Test-Raabin
4399,0.17000678,Test,Test-Raabin
4400,0.14649011,Test,Test-Raabin
4401,0.15120864,Test,Test-Raabin
4402,0.15797865,Test,Test-Raabin
4403,0.1398283,Test,Test-Raabin
4404,0.15103725,Test,Test-Raabin
4405,0.14972043,Test,Test-Raabin
4406,0.1516761,Test,Test-Raabin
4407,0.14975943,Test,Test-Raabin
4408,0.15428607,Test,Test-Raabin
4409,0.1672806,Test,Test-Raabin
4410,0.1525065,Test,Test-Raabin
4411,0.16316488,Test,Test-Raabin
4412,0.13425551,Test,Test-Raabin
4413,0.16000758,Test,Test-Raabin
4414,0.16372603,Test,Test-Raabin
4415,0.14362365,Test,Test-Raabin
4416,0.1517275,Test,Test-Raabin
4417,0.15465942,Test,Test-Raabin
4418,0.15210685,Test,Test-Raabin
4419,0.13157742,Test,Test-Raabin
4420,0.18337516,Test,Test-Raabin
4421,0.16146258,Test,Test-Raabin
4422,0.17607509,Test,Test-Raabin
4423,0.09412771,Test,Test-Raabin
4424,0.13862374,Test,Test-Raabin
4425,0.15501992,Test,Test-Raabin
4426,0.16755868,Test,Test-Raabin
4427,0.1514201,Test,Test-Raabin
4428,0.117066205,Test,Test-Raabin
4429,0.13087782,Test,Test-Raabin
4430,0.12918197,Test,Test-Raabin
4431,0.14865218,Test,Test-Raabin
4432,0.16874227,Test,Test-Raabin
4433,0.11939546,Test,Test-Raabin
4434,0.15234707,Test,Test-Raabin
4435,0.13431115,Test,Test-Raabin
4436,0.17709693,Test,Test-Raabin
4437,0.10289566,Test,Test-Raabin
4438,0.14626786,Test,Test-Raabin
4439,0.11730842,Test,Test-Raabin
4440,0.14967018,Test,Test-Raabin
4441,0.16137625,Test,Test-Raabin
4442,0.16781193,Test,Test-Raabin
4443,0.14760587,Test,Test-Raabin
4444,0.13595542,Test,Test-Raabin
4445,0.15335551,Test,Test-Raabin
4446,0.14906399,Test,Test-Raabin
4447,0.14913829,Test,Test-Raabin
4448,0.114995316,Test,Test-Raabin
4449,0.1445058,Test,Test-Raabin
4450,0.17480773,Test,Test-Raabin
4451,0.16111496,Test,Test-Raabin
4452,0.16138484,Test,Test-Raabin
4453,0.1383731,Test,Test-Raabin
4454,0.12125211,Test,Test-Raabin
4455,0.15482491,Test,Test-Raabin
4456,0.13872169,Test,Test-Raabin
4457,0.1400921,Test,Test-Raabin
4458,0.13967204,Test,Test-Raabin
4459,0.17708518,Test,Test-Raabin
4460,0.1489324,Test,Test-Raabin
4461,0.1499643,Test,Test-Raabin
4462,0.17261809,Test,Test-Raabin
4463,0.1807192,Test,Test-Raabin
4464,0.20843941,Test,Test-Raabin
4465,0.16023369,Test,Test-Raabin
4466,0.14758764,Test,Test-Raabin
4467,0.1454409,Test,Test-Raabin
4468,0.19321114,Test,Test-Raabin
4469,0.1484206,Test,Test-Raabin
4470,0.1382054,Test,Test-Raabin
4471,0.15972565,Test,Test-Raabin
4472,0.15840101,Test,Test-Raabin
4473,0.14012423,Test,Test-Raabin
4474,0.16781166,Test,Test-Raabin
4475,0.14425568,Test,Test-Raabin
4476,0.13803686,Test,Test-Raabin
4477,0.16355248,Test,Test-Raabin
4478,0.16874096,Test,Test-Raabin
4479,0.16280964,Test,Test-Raabin
4480,0.17077488,Test,Test-Raabin
4481,0.14603491,Test,Test-Raabin
4482,0.13289402,Test,Test-Raabin
4483,0.15378056,Test,Test-Raabin
4484,0.15018584,Test,Test-Raabin
4485,0.17235118,Test,Test-Raabin
4486,0.17699508,Test,Test-Raabin
4487,0.13648379,Test,Test-Raabin
4488,0.15925889,Test,Test-Raabin
4489,0.14064558,Test,Test-Raabin
4490,0.17553037,Test,Test-Raabin
4491,0.14422426,Test,Test-Raabin
4492,0.16577345,Test,Test-Raabin
4493,0.14345041,Test,Test-Raabin
4494,0.12476515,Test,Test-Raabin
4495,0.16212034,Test,Test-Raabin
4496,0.15205367,Test,Test-Raabin
4497,0.16309896,Test,Test-Raabin
4498,0.14644468,Test,Test-Raabin
4499,0.13882828,Test,Test-Raabin
4500,0.15570283,Test,Test-Raabin
4501,0.14558128,Test,Test-Raabin
4502,0.16102724,Test,Test-Raabin
4503,0.15442419,Test,Test-Raabin
4504,0.15588205,Test,Test-Raabin
4505,0.16357647,Test,Test-Raabin
4506,0.13890854,Test,Test-Raabin
4507,0.15186992,Test,Test-Raabin
4508,0.15867452,Test,Test-Raabin
4509,0.1364568,Test,Test-Raabin
4510,0.12091744,Test,Test-Raabin
4511,0.1624618,Test,Test-Raabin
4512,0.16085783,Test,Test-Raabin
4513,0.15800402,Test,Test-Raabin
4514,0.1925728,Test,Test-Raabin
4515,0.16565566,Test,Test-Raabin
4516,0.17264953,Test,Test-Raabin
4517,0.13557544,Test,Test-Raabin
4518,0.17360157,Test,Test-Raabin
4519,0.13879585,Test,Test-Raabin
4520,0.14804497,Test,Test-Raabin
4521,0.15472801,Test,Test-Raabin
4522,0.13264388,Test,Test-Raabin
4523,0.13789934,Test,Test-Raabin
4524,0.12900315,Test,Test-Raabin
4525,0.1354592,Test,Test-Raabin
4526,0.12255009,Test,Test-Raabin
4527,0.15496767,Test,Test-Raabin
4528,0.15328923,Test,Test-Raabin
4529,0.13221051,Test,Test-Raabin
4530,0.17778148,Test,Test-Raabin
4531,0.13569683,Test,Test-Raabin
4532,0.15616903,Test,Test-Raabin
4533,0.16752194,Test,Test-Raabin
4534,0.15790027,Test,Test-Raabin
4535,0.109298624,Test,Test-Raabin
4536,0.15472117,Test,Test-Raabin
4537,0.15685062,Test,Test-Raabin
4538,0.15818863,Test,Test-Raabin
4539,0.14415279,Test,Test-Raabin
4540,0.18406387,Test,Test-Raabin
4541,0.13637915,Test,Test-Raabin
4542,0.1717973,Test,Test-Raabin
4543,0.12661251,Test,Test-Raabin
4544,0.17059962,Test,Test-Raabin
4545,0.15885556,Test,Test-Raabin
4546,0.15133569,Test,Test-Raabin
4547,0.15195267,Test,Test-Raabin
4548,0.15199071,Test,Test-Raabin
4549,0.11576172,Test,Test-Raabin
4550,0.15580243,Test,Test-Raabin
4551,0.16283394,Test,Test-Raabin
4552,0.15079209,Test,Test-Raabin
4553,0.17597331,Test,Test-Raabin
4554,0.1447691,Test,Test-Raabin
4555,0.15477632,Test,Test-Raabin
4556,0.16793774,Test,Test-Raabin
4557,0.16791879,Test,Test-Raabin
4558,0.17748986,Test,Test-Raabin
4559,0.15722176,Test,Test-Raabin
4560,0.17349492,Test,Test-Raabin
4561,0.15590736,Test,Test-Raabin
4562,0.17357142,Test,Test-Raabin
4563,0.17038213,Test,Test-Raabin
4564,0.13690227,Test,Test-Raabin
4565,0.15163015,Test,Test-Raabin
4566,0.1375296,Test,Test-Raabin
4567,0.1248363,Test,Test-Raabin
4568,0.16412306,Test,Test-Raabin
4569,0.12138162,Test,Test-Raabin
4570,0.10127602,Test,Test-Raabin
4571,0.15400831,Test,Test-Raabin
4572,0.1564324,Test,Test-Raabin
4573,0.13779913,Test,Test-Raabin
4574,0.15457352,Test,Test-Raabin
4575,0.16550107,Test,Test-Raabin
4576,0.16663133,Test,Test-Raabin
4577,0.14412786,Test,Test-Raabin
4578,0.15964676,Test,Test-Raabin
4579,0.1524837,Test,Test-Raabin
4580,0.14105022,Test,Test-Raabin
4581,0.12416107,Test,Test-Raabin
4582,0.1565666,Test,Test-Raabin
4583,0.124964185,Test,Test-Raabin
4584,0.123177715,Test,Test-Raabin
4585,0.11246349,Test,Test-Raabin
4586,0.13099478,Test,Test-Raabin
4587,0.169087,Test,Test-Raabin
4588,0.13110927,Test,Test-Raabin
4589,0.18569338,Test,Test-Raabin
4590,0.16391857,Test,Test-Raabin
4591,0.158202,Test,Test-Raabin
4592,0.17052479,Test,Test-Raabin
4593,0.15534203,Test,Test-Raabin
4594,0.1520293,Test,Test-Raabin
4595,0.12879887,Test,Test-Raabin
4596,0.15912239,Test,Test-Raabin
4597,0.1702607,Test,Test-Raabin
4598,0.10026335,Test,Test-Raabin
4599,0.15101953,Test,Test-Raabin
4600,0.16877432,Test,Test-Raabin
4601,0.16132087,Test,Test-Raabin
4602,0.16623387,Test,Test-Raabin
4603,0.1420768,Test,Test-Raabin
4604,0.145843,Test,Test-Raabin
4605,0.19652411,Test,Test-Raabin
4606,0.12062716,Test,Test-Raabin
4607,0.17037818,Test,Test-Raabin
4608,0.1456877,Test,Test-Raabin
4609,0.14611126,Test,Test-Raabin
4610,0.16117014,Test,Test-Raabin
4611,0.1632954,Test,Test-Raabin
4612,0.18113008,Test,Test-Raabin
4613,0.12977469,Test,Test-Raabin
4614,0.13643566,Test,Test-Raabin
4615,0.13962908,Test,Test-Raabin
4616,0.15964901,Test,Test-Raabin
4617,0.15916012,Test,Test-Raabin
4618,0.15064278,Test,Test-Raabin
4619,0.157115,Test,Test-Raabin
4620,0.16356531,Test,Test-Raabin
4621,0.15528268,Test,Test-Raabin
4622,0.1185894,Test,Test-Raabin
4623,0.17208013,Test,Test-Raabin
4624,0.1482302,Test,Test-Raabin
4625,0.16137487,Test,Test-Raabin
4626,0.17119895,Test,Test-Raabin
4627,0.15257154,Test,Test-Raabin
4628,0.16344762,Test,Test-Raabin
4629,0.1680259,Test,Test-Raabin
4630,0.104769215,Test,Test-Raabin
4631,0.1439417,Test,Test-Raabin
4632,0.10405154,Test,Test-Raabin
4633,0.17976627,Test,Test-Raabin
4634,0.15191624,Test,Test-Raabin
4635,0.14472738,Test,Test-Raabin
4636,0.1509216,Test,Test-Raabin
4637,0.13451008,Test,Test-Raabin
4638,0.15156643,Test,Test-Raabin
4639,0.16905326,Test,Test-Raabin
4640,0.14845404,Test,Test-Raabin
4641,0.17209801,Test,Test-Raabin
4642,0.13237329,Test,Test-Raabin
4643,0.17497948,Test,Test-Raabin
4644,0.15502714,Test,Test-Raabin
4645,0.15298577,Test,Test-Raabin
4646,0.17797737,Test,Test-Raabin
4647,0.09001242,Test,Test-Raabin
4648,0.117766134,Test,Test-Raabin
4649,0.13906492,Test,Test-Raabin
4650,0.14860189,Test,Test-Raabin
4651,0.1428743,Test,Test-Raabin
4652,0.14384474,Test,Test-Raabin
4653,0.14626569,Test,Test-Raabin
4654,0.14359206,Test,Test-Raabin
4655,0.1714322,Test,Test-Raabin
4656,0.13741848,Test,Test-Raabin
4657,0.15094985,Test,Test-Raabin
4658,0.16211402,Test,Test-Raabin
4659,0.14863043,Test,Test-Raabin
4660,0.12919791,Test,Test-Raabin
4661,0.15666041,Test,Test-Raabin
4662,0.15180892,Test,Test-Raabin
4663,0.17948002,Test,Test-Raabin
4664,0.141627,Test,Test-Raabin
4665,0.15227278,Test,Test-Raabin
4666,0.15876523,Test,Test-Raabin
4667,0.16146038,Test,Test-Raabin
4668,0.15751638,Test,Test-Raabin
4669,0.15247272,Test,Test-Raabin
4670,0.14239334,Test,Test-Raabin
4671,0.15268677,Test,Test-Raabin
4672,0.1622231,Test,Test-Raabin
4673,0.14662276,Test,Test-Raabin
4674,0.16155577,Test,Test-Raabin
4675,0.13315366,Test,Test-Raabin
4676,0.16831882,Test,Test-Raabin
4677,0.16901086,Test,Test-Raabin
4678,0.1270101,Test,Test-Raabin
4679,0.13926579,Test,Test-Raabin
4680,0.15741262,Test,Test-Raabin
4681,0.1472406,Test,Test-Raabin
4682,0.17709704,Test,Test-Raabin
4683,0.1285397,Test,Test-Raabin
4684,0.14134987,Test,Test-Raabin
4685,0.14318529,Test,Test-Raabin
4686,0.14429908,Test,Test-Raabin
4687,0.15404567,Test,Test-Raabin
4688,0.15213017,Test,Test-Raabin
4689,0.13917038,Test,Test-Raabin
4690,0.12523407,Test,Test-Raabin
4691,0.14329883,Test,Test-Raabin
4692,0.17589948,Test,Test-Raabin
4693,0.17773813,Test,Test-Raabin
4694,0.1954772,Test,Test-Raabin
4695,0.1649761,Test,Test-Raabin
4696,0.1406962,Test,Test-Raabin
4697,0.14878178,Test,Test-Raabin
4698,0.15847276,Test,Test-Raabin
4699,0.12794119,Test,Test-Raabin
4700,0.16221452,Test,Test-Raabin
4701,0.14713912,Test,Test-Raabin
4702,0.1732484,Test,Test-Raabin
4703,0.1382818,Test,Test-Raabin
4704,0.17339142,Test,Test-Raabin
4705,0.1639261,Test,Test-Raabin
4706,0.14486918,Test,Test-Raabin
4707,0.10941016,Test,Test-Raabin
4708,0.14424284,Test,Test-Raabin
4709,0.15203883,Test,Test-Raabin
4710,0.12908018,Test,Test-Raabin
4711,0.1618607,Test,Test-Raabin
4712,0.14933161,Test,Test-Raabin
4713,0.1485257,Test,Test-Raabin
4714,0.16079476,Test,Test-Raabin
4715,0.1637212,Test,Test-Raabin
4716,0.18592124,Test,Test-Raabin
4717,0.16260569,Test,Test-Raabin
4718,0.16541545,Test,Test-Raabin
4719,0.17307223,Test,Test-Raabin
4720,0.15122403,Test,Test-Raabin
4721,0.09713957,Test,Test-Raabin
4722,0.13608976,Test,Test-Raabin
4723,0.1044306,Test,Test-Raabin
4724,0.13131101,Test,Test-Raabin
4725,0.13728462,Test,Test-Raabin
4726,0.14037494,Test,Test-Raabin
4727,0.1619773,Test,Test-Raabin
4728,0.15644844,Test,Test-Raabin
4729,0.1597855,Test,Test-Raabin
4730,0.13859355,Test,Test-Raabin
4731,0.16830494,Test,Test-Raabin
4732,0.17610064,Test,Test-Raabin
4733,0.11635576,Test,Test-Raabin
4734,0.14203398,Test,Test-Raabin
4735,0.16694722,Test,Test-Raabin
4736,0.16090785,Test,Test-Raabin
4737,0.15945628,Test,Test-Raabin
4738,0.12638989,Test,Test-Raabin
4739,0.14947455,Test,Test-Raabin
4740,0.11925748,Test,Test-Raabin
4741,0.1559197,Test,Test-Raabin
4742,0.1609988,Test,Test-Raabin
4743,0.16026825,Test,Test-Raabin
4744,0.16023003,Test,Test-Raabin
4745,0.1635212,Test,Test-Raabin
4746,0.14126438,Test,Test-Raabin
4747,0.15381303,Test,Test-Raabin
4748,0.12947387,Test,Test-Raabin
4749,0.14138475,Test,Test-Raabin
4750,0.15774354,Test,Test-Raabin
4751,0.17169404,Test,Test-Raabin
4752,0.12933996,Test,Test-Raabin
4753,0.129799,Test,Test-Raabin
4754,0.13091844,Test,Test-Raabin
4755,0.18161716,Test,Test-Raabin
4756,0.14278479,Test,Test-Raabin
4757,0.15229039,Test,Test-Raabin
4758,0.14271966,Test,Test-Raabin
4759,0.16095933,Test,Test-Raabin
4760,0.14125799,Test,Test-Raabin
4761,0.17102847,Test,Test-Raabin
4762,0.14044333,Test,Test-Raabin
4763,0.18368675,Test,Test-Raabin
4764,0.12899663,Test,Test-Raabin
4765,0.17900303,Test,Test-Raabin
4766,0.1720734,Test,Test-Raabin
4767,0.14047623,Test,Test-Raabin
4768,0.18949923,Test,Test-Raabin
4769,0.1689858,Test,Test-Raabin
4770,0.17331472,Test,Test-Raabin
4771,0.165419,Test,Test-Raabin
4772,0.16430265,Test,Test-Raabin
4773,0.17952196,Test,Test-Raabin
4774,0.15174323,Test,Test-Raabin
4775,0.15315767,Test,Test-Raabin
4776,0.16295049,Test,Test-Raabin
4777,0.13373235,Test,Test-Raabin
4778,0.16031665,Test,Test-Raabin
4779,0.13735245,Test,Test-Raabin
4780,0.1411448,Test,Test-Raabin
4781,0.13670887,Test,Test-Raabin
4782,0.17667852,Test,Test-Raabin
4783,0.15989958,Test,Test-Raabin
4784,0.15517028,Test,Test-Raabin
4785,0.17435643,Test,Test-Raabin
4786,0.16164164,Test,Test-Raabin
4787,0.15110965,Test,Test-Raabin
4788,0.11413599,Test,Test-Raabin
4789,0.155366,Test,Test-Raabin
4790,0.14988133,Test,Test-Raabin
4791,0.14669281,Test,Test-Raabin
4792,0.15353218,Test,Test-Raabin
4793,0.18039896,Test,Test-Raabin
4794,0.16568016,Test,Test-Raabin
4795,0.15363932,Test,Test-Raabin
4796,0.17763934,Test,Test-Raabin
4797,0.15124302,Test,Test-Raabin
4798,0.15960185,Test,Test-Raabin
4799,0.114052124,Test,Test-Raabin
4800,0.13551213,Test,Test-Raabin
4801,0.15580127,Test,Test-Raabin
4802,0.16325772,Test,Test-Raabin
4803,0.13872732,Test,Test-Raabin
4804,0.17047557,Test,Test-Raabin
4805,0.16076943,Test,Test-Raabin
4806,0.16249917,Test,Test-Raabin
4807,0.13238473,Test,Test-Raabin
4808,0.14735913,Test,Test-Raabin
4809,0.1721029,Test,Test-Raabin
4810,0.15324005,Test,Test-Raabin
4811,0.18077871,Test,Test-Raabin
4812,0.1431844,Test,Test-Raabin
4813,0.14983936,Test,Test-Raabin
4814,0.15480262,Test,Test-Raabin
4815,0.146858,Test,Test-Raabin
4816,0.19813724,Test,Test-Raabin
4817,0.11407984,Test,Test-Raabin
4818,0.14301553,Test,Test-Raabin
4819,0.15988009,Test,Test-Raabin
4820,0.12313026,Test,Test-Raabin
4821,0.14266138,Test,Test-Raabin
4822,0.1374661,Test,Test-Raabin
4823,0.1572944,Test,Test-Raabin
4824,0.1581787,Test,Test-Raabin
4825,0.13453026,Test,Test-Raabin
4826,0.19732013,Test,Test-Raabin
4827,0.14326793,Test,Test-Raabin
4828,0.14314018,Test,Test-Raabin
4829,0.14195937,Test,Test-Raabin
4830,0.14707114,Test,Test-Raabin
4831,0.1689604,Test,Test-Raabin
4832,0.15763372,Test,Test-Raabin
4833,0.14978482,Test,Test-Raabin
4834,0.1774008,Test,Test-Raabin
4835,0.14424115,Test,Test-Raabin
4836,0.17437881,Test,Test-Raabin
4837,0.16293187,Test,Test-Raabin
4838,0.12575376,Test,Test-Raabin
4839,0.14925428,Test,Test-Raabin
4840,0.14807151,Test,Test-Raabin
4841,0.1281608,Test,Test-Raabin
4842,0.1488786,Test,Test-Raabin
4843,0.1355853,Test,Test-Raabin
4844,0.16111459,Test,Test-Raabin
4845,0.15455757,Test,Test-Raabin
4846,0.1717243,Test,Test-Raabin
4847,0.13578078,Test,Test-Raabin
4848,0.14991799,Test,Test-Raabin
4849,0.15866789,Test,Test-Raabin
4850,0.11726469,Test,Test-Raabin
4851,0.13890804,Test,Test-Raabin
4852,0.16934247,Test,Test-Raabin
4853,0.13203228,Test,Test-Raabin
4854,0.1479203,Test,Test-Raabin
4855,0.16516387,Test,Test-Raabin
4856,0.15086432,Test,Test-Raabin
4857,0.14374171,Test,Test-Raabin
4858,0.15930107,Test,Test-Raabin
4859,0.123504,Test,Test-Raabin
4860,0.14986378,Test,Test-Raabin
4861,0.11998887,Test,Test-Raabin
4862,0.1347853,Test,Test-Raabin
4863,0.13374077,Test,Test-Raabin
4864,0.13947336,Test,Test-Raabin
4865,0.1406714,Test,Test-Raabin
4866,0.14279091,Test,Test-Raabin
4867,0.14364995,Test,Test-Raabin
4868,0.16173366,Test,Test-Raabin
4869,0.14176285,Test,Test-Raabin
4870,0.15126276,Test,Test-Raabin
4871,0.16181412,Test,Test-Raabin
4872,0.1507927,Test,Test-Raabin
4873,0.13315849,Test,Test-Raabin
4874,0.15338439,Test,Test-Raabin
4875,0.12866555,Test,Test-Raabin
4876,0.14535753,Test,Test-Raabin
4877,0.15676202,Test,Test-Raabin
4878,0.1515741,Test,Test-Raabin
4879,0.17775874,Test,Test-Raabin
4880,0.1642996,Test,Test-Raabin
4881,0.1655122,Test,Test-Raabin
4882,0.15840586,Test,Test-Raabin
4883,0.13319778,Test,Test-Raabin
4884,0.14973195,Test,Test-Raabin
4885,0.16113688,Test,Test-Raabin
4886,0.14000246,Test,Test-Raabin
4887,0.15361884,Test,Test-Raabin
4888,0.13628164,Test,Test-Raabin
4889,0.16362138,Test,Test-Raabin
4890,0.14137341,Test,Test-Raabin
4891,0.14206597,Test,Test-Raabin
4892,0.12312,Test,Test-Raabin
4893,0.14454323,Test,Test-Raabin
4894,0.16714653,Test,Test-Raabin
4895,0.14865462,Test,Test-Raabin
4896,0.103573866,Test,Test-Raabin
4897,0.13691841,Test,Test-Raabin
4898,0.14854194,Test,Test-Raabin
4899,0.14131539,Test,Test-Raabin
4900,0.17242935,Test,Test-Raabin
4901,0.15493135,Test,Test-Raabin
4902,0.13677616,Test,Test-Raabin
4903,0.14500931,Test,Test-Raabin
4904,0.1696016,Test,Test-Raabin
4905,0.17835066,Test,Test-Raabin
4906,0.16717532,Test,Test-Raabin
4907,0.17224085,Test,Test-Raabin
4908,0.123725794,Test,Test-Raabin
4909,0.1330395,Test,Test-Raabin
4910,0.1525308,Test,Test-Raabin
4911,0.15661696,Test,Test-Raabin
4912,0.13275881,Test,Test-Raabin
4913,0.17471465,Test,Test-Raabin
4914,0.16862719,Test,Test-Raabin
4915,0.16146392,Test,Test-Raabin
4916,0.1396306,Test,Test-Raabin
4917,0.16241919,Test,Test-Raabin
4918,0.16191965,Test,Test-Raabin
4919,0.14110006,Test,Test-Raabin
4920,0.13672394,Test,Test-Raabin
4921,0.14213608,Test,Test-Raabin
4922,0.12034583,Test,Test-Raabin
4923,0.15498605,Test,Test-Raabin
4924,0.16386853,Test,Test-Raabin
4925,0.13974313,Test,Test-Raabin
4926,0.14337163,Test,Test-Raabin
4927,0.17716154,Test,Test-Raabin
4928,0.16031036,Test,Test-Raabin
4929,0.1612971,Test,Test-Raabin
4930,0.16436303,Test,Test-Raabin
4931,0.16513325,Test,Test-Raabin
4932,0.16628024,Test,Test-Raabin
4933,0.13783541,Test,Test-Raabin
4934,0.11879083,Test,Test-Raabin
4935,0.14344232,Test,Test-Raabin
4936,0.18008377,Test,Test-Raabin
4937,0.1817204,Test,Test-Raabin
4938,0.10644896,Test,Test-Raabin
4939,0.16143121,Test,Test-Raabin
4940,0.15709278,Test,Test-Raabin
4941,0.17668195,Test,Test-Raabin
4942,0.16255642,Test,Test-Raabin
4943,0.1479575,Test,Test-Raabin
4944,0.17639227,Test,Test-Raabin
4945,0.16574682,Test,Test-Raabin
4946,0.1503208,Test,Test-Raabin
4947,0.13866735,Test,Test-Raabin
4948,0.143104,Test,Test-Raabin
4949,0.17100774,Test,Test-Raabin
4950,0.1488701,Test,Test-Raabin
4951,0.1402648,Test,Test-Raabin
4952,0.11865602,Test,Test-Raabin
4953,0.14916915,Test,Test-Raabin
4954,0.1716613,Test,Test-Raabin
4955,0.16499919,Test,Test-Raabin
4956,0.14517197,Test,Test-Raabin
4957,0.13020127,Test,Test-Raabin
4958,0.10290351,Test,Test-Raabin
4959,0.10600533,Test,Test-Raabin
4960,0.11975831,Test,Test-Raabin
4961,0.15105493,Test,Test-Raabin
4962,0.14279012,Test,Test-Raabin
4963,0.15873952,Test,Test-Raabin
4964,0.16869007,Test,Test-Raabin
4965,0.1845359,Test,Test-Raabin
4966,0.1667012,Test,Test-Raabin
4967,0.18038644,Test,Test-Raabin
4968,0.12365947,Test,Test-Raabin
4969,0.17171083,Test,Test-Raabin
4970,0.15412219,Test,Test-Raabin
4971,0.1322326,Test,Test-Raabin
4972,0.14827093,Test,Test-Raabin
4973,0.14684762,Test,Test-Raabin
4974,0.18167013,Test,Test-Raabin
4975,0.1523241,Test,Test-Raabin
4976,0.17517075,Test,Test-Raabin
4977,0.1256234,Test,Test-Raabin
4978,0.14339016,Test,Test-Raabin
4979,0.16750017,Test,Test-Raabin
4980,0.16086991,Test,Test-Raabin
4981,0.16340367,Test,Test-Raabin
4982,0.1625954,Test,Test-Raabin
4983,0.1523985,Test,Test-Raabin
4984,0.14660697,Test,Test-Raabin
4985,0.14407322,Test,Test-Raabin
4986,0.16957009,Test,Test-Raabin
4987,0.18194261,Test,Test-Raabin
4988,0.1283829,Test,Test-Raabin
4989,0.12128405,Test,Test-Raabin
4990,0.15049464,Test,Test-Raabin
4991,0.14500302,Test,Test-Raabin
4992,0.15352894,Test,Test-Raabin
4993,0.14296696,Test,Test-Raabin
4994,0.112631336,Test,Test-Raabin
4995,0.14168331,Test,Test-Raabin
4996,0.14557973,Test,Test-Raabin
4997,0.16937639,Test,Test-Raabin
4998,0.1630733,Test,Test-Raabin
4999,0.17009537,Test,Test-Raabin
5000,0.12590031,Test,Test-Raabin
5001,0.15322095,Test,Test-Raabin
5002,0.15860061,Test,Test-Raabin
5003,0.17925185,Test,Test-Raabin
5004,0.14574915,Test,Test-Raabin
5005,0.16271955,Test,Test-Raabin
5006,0.12923509,Test,Test-Raabin
5007,0.16180138,Test,Test-Raabin
5008,0.13887714,Test,Test-Raabin
5009,0.15616325,Test,Test-Raabin
5010,0.14771263,Test,Test-Raabin
5011,0.15495403,Test,Test-Raabin
5012,0.11952539,Test,Test-Raabin
5013,0.14535716,Test,Test-Raabin
5014,0.14370553,Test,Test-Raabin
5015,0.1256952,Test,Test-Raabin
5016,0.1514514,Test,Test-Raabin
5017,0.14179699,Test,Test-Raabin
5018,0.16918075,Test,Test-Raabin
5019,0.124400534,Test,Test-Raabin
5020,0.13921994,Test,Test-Raabin
5021,0.1537447,Test,Test-Raabin
5022,0.15905343,Test,Test-Raabin
5023,0.17340302,Test,Test-Raabin
5024,0.16623402,Test,Test-Raabin
5025,0.14142248,Test,Test-Raabin
5026,0.19319452,Test,Test-Raabin
5027,0.16259453,Test,Test-Raabin
5028,0.15198083,Test,Test-Raabin
5029,0.15827854,Test,Test-Raabin
5030,0.09902482,Test,Test-Raabin
5031,0.15257592,Test,Test-Raabin
5032,0.1779816,Test,Test-Raabin
5033,0.18094479,Test,Test-Raabin
5034,0.15209514,Test,Test-Raabin
5035,0.17087474,Test,Test-Raabin
5036,0.16507302,Test,Test-Raabin
5037,0.14865954,Test,Test-Raabin
5038,0.14394349,Test,Test-Raabin
5039,0.14661692,Test,Test-Raabin
5040,0.14153054,Test,Test-Raabin
5041,0.13681234,Test,Test-Raabin
5042,0.16174467,Test,Test-Raabin
5043,0.14427589,Test,Test-Raabin
5044,0.1627765,Test,Test-Raabin
5045,0.12944941,Test,Test-Raabin
5046,0.14378674,Test,Test-Raabin
5047,0.12504564,Test,Test-Raabin
5048,0.15408754,Test,Test-Raabin
5049,0.14403532,Test,Test-Raabin
5050,0.16439347,Test,Test-Raabin
5051,0.16833577,Test,Test-Raabin
5052,0.14910871,Test,Test-Raabin
5053,0.14180227,Test,Test-Raabin
5054,0.1354614,Test,Test-Raabin
5055,0.13284662,Test,Test-Raabin
5056,0.15157503,Test,Test-Raabin
5057,0.15881942,Test,Test-Raabin
5058,0.16551246,Test,Test-Raabin
5059,0.14166476,Test,Test-Raabin
5060,0.13184787,Test,Test-Raabin
5061,0.1783504,Test,Test-Raabin
5062,0.18340813,Test,Test-Raabin
5063,0.16783357,Test,Test-Raabin
5064,0.13368814,Test,Test-Raabin
5065,0.11608854,Test,Test-Raabin
5066,0.14944923,Test,Test-Raabin
5067,0.16682945,Test,Test-Raabin
5068,0.1713182,Test,Test-Raabin
5069,0.15514475,Test,Test-Raabin
5070,0.14953092,Test,Test-Raabin
5071,0.17567648,Test,Test-Raabin
5072,0.16991107,Test,Test-Raabin
5073,0.14066678,Test,Test-Raabin
5074,0.1769789,Test,Test-Raabin
5075,0.14727637,Test,Test-Raabin
5076,0.1538898,Test,Test-Raabin
5077,0.14945243,Test,Test-Raabin
5078,0.12137134,Test,Test-Raabin
5079,0.12873518,Test,Test-Raabin
5080,0.16448064,Test,Test-Raabin
5081,0.16265059,Test,Test-Raabin
5082,0.17901917,Test,Test-Raabin
5083,0.15326369,Test,Test-Raabin
5084,0.16470663,Test,Test-Raabin
5085,0.15809403,Test,Test-Raabin
5086,0.17785515,Test,Test-Raabin
5087,0.12980294,Test,Test-Raabin
5088,0.16475342,Test,Test-Raabin
5089,0.1535168,Test,Test-Raabin
5090,0.12575193,Test,Test-Raabin
5091,0.09914351,Test,Test-Raabin
5092,0.15490264,Test,Test-Raabin
5093,0.15728028,Test,Test-Raabin
5094,0.1570548,Test,Test-Raabin
5095,0.14581436,Test,Test-Raabin
5096,0.1623022,Test,Test-Raabin
5097,0.1367794,Test,Test-Raabin
5098,0.17235513,Test,Test-Raabin
5099,0.13158149,Test,Test-Raabin
5100,0.13795474,Test,Test-Raabin
5101,0.11013586,Test,Test-Raabin
5102,0.13478652,Test,Test-Raabin
5103,0.1614337,Test,Test-Raabin
5104,0.1240759,Test,Test-Raabin
5105,0.14803849,Test,Test-Raabin
5106,0.13444838,Test,Test-Raabin
5107,0.15445355,Test,Test-Raabin
5108,0.1326644,Test,Test-Raabin
5109,0.16082442,Test,Test-Raabin
5110,0.15566377,Test,Test-Raabin
5111,0.15814525,Test,Test-Raabin
5112,0.13747935,Test,Test-Raabin
5113,0.15765774,Test,Test-Raabin
5114,0.12787743,Test,Test-Raabin
5115,0.16078311,Test,Test-Raabin
5116,0.15772094,Test,Test-Raabin
5117,0.16217591,Test,Test-Raabin
5118,0.13872774,Test,Test-Raabin
5119,0.13211606,Test,Test-Raabin
5120,0.13146654,Test,Test-Raabin
5121,0.13464098,Test,Test-Raabin
5122,0.10667556,Test,Test-Raabin
5123,0.14100102,Test,Test-Raabin
5124,0.15619807,Test,Test-Raabin
5125,0.11741114,Test,Test-Raabin
5126,0.14347304,Test,Test-Raabin
5127,0.15713425,Test,Test-Raabin
5128,0.16572046,Test,Test-Raabin
5129,0.15738672,Test,Test-Raabin
5130,0.13945025,Test,Test-Raabin
5131,0.17451538,Test,Test-Raabin
5132,0.15012918,Test,Test-Raabin
5133,0.1599529,Test,Test-Raabin
5134,0.1560282,Test,Test-Raabin
5135,0.1695264,Test,Test-Raabin
5136,0.13180734,Test,Test-Raabin
5137,0.116601475,Test,Test-Raabin
5138,0.15972628,Test,Test-Raabin
5139,0.14391717,Test,Test-Raabin
5140,0.14796056,Test,Test-Raabin
5141,0.17400512,Test,Test-Raabin
5142,0.17173356,Test,Test-Raabin
5143,0.15410598,Test,Test-Raabin
5144,0.16512522,Test,Test-Raabin
5145,0.15704398,Test,Test-Raabin
5146,0.1718304,Test,Test-Raabin
5147,0.15130542,Test,Test-Raabin
5148,0.13780786,Test,Test-Raabin
5149,0.14883137,Test,Test-Raabin
5150,0.15070525,Test,Test-Raabin
5151,0.17049351,Test,Test-Raabin
5152,0.16848627,Test,Test-Raabin
5153,0.14108084,Test,Test-Raabin
5154,0.1298859,Test,Test-Raabin
5155,0.15613501,Test,Test-Raabin
5156,0.12120534,Test,Test-Raabin
5157,0.1546806,Test,Test-Raabin
5158,0.16757111,Test,Test-Raabin
5159,0.14350182,Test,Test-Raabin
5160,0.16662504,Test,Test-Raabin
5161,0.16296518,Test,Test-Raabin
5162,0.16320673,Test,Test-Raabin
5163,0.14750901,Test,Test-Raabin
5164,0.17669731,Test,Test-Raabin
5165,0.124723494,Test,Test-Raabin
5166,0.16465071,Test,Test-Raabin
5167,0.16803756,Test,Test-Raabin
5168,0.1481219,Test,Test-Raabin
5169,0.1730676,Test,Test-Raabin
5170,0.15506636,Test,Test-Raabin
5171,0.17530468,Test,Test-Raabin
5172,0.19971372,Test,Test-Raabin
5173,0.1765694,Test,Test-Raabin
5174,0.12666565,Test,Test-Raabin
5175,0.16501689,Test,Test-Raabin
5176,0.16801706,Test,Test-Raabin
5177,0.11859567,Test,Test-Raabin
5178,0.1734776,Test,Test-Raabin
5179,0.18641888,Test,Test-Raabin
5180,0.13764389,Test,Test-Raabin
5181,0.16102502,Test,Test-Raabin
5182,0.16366178,Test,Test-Raabin
5183,0.13993274,Test,Test-Raabin
5184,0.113321416,Test,Test-Raabin
5185,0.15949357,Test,Test-Raabin
5186,0.15370068,Test,Test-Raabin
5187,0.16230763,Test,Test-Raabin
5188,0.14794734,Test,Test-Raabin
5189,0.1440421,Test,Test-Raabin
5190,0.1689597,Test,Test-Raabin
5191,0.14672641,Test,Test-Raabin
5192,0.15020852,Test,Test-Raabin
5193,0.14552735,Test,Test-Raabin
5194,0.15536399,Test,Test-Raabin
5195,0.16316848,Test,Test-Raabin
5196,0.15797651,Test,Test-Raabin
5197,0.12401583,Test,Test-Raabin
5198,0.1779,Test,Test-Raabin
5199,0.15550034,Test,Test-Raabin
5200,0.16729875,Test,Test-Raabin
5201,0.13904178,Test,Test-Raabin
5202,0.14968845,Test,Test-Raabin
5203,0.13621469,Test,Test-Raabin
5204,0.13261186,Test,Test-Raabin
5205,0.15901098,Test,Test-Raabin
5206,0.16023895,Test,Test-Raabin
5207,0.12821294,Test,Test-Raabin
5208,0.1128874,Test,Test-Raabin
5209,0.15629324,Test,Test-Raabin
5210,0.169244,Test,Test-Raabin
5211,0.1537729,Test,Test-Raabin
5212,0.14761105,Test,Test-Raabin
5213,0.16969821,Test,Test-Raabin
5214,0.16418153,Test,Test-Raabin
5215,0.15465519,Test,Test-Raabin
5216,0.16263051,Test,Test-Raabin
5217,0.14498553,Test,Test-Raabin
5218,0.098562434,Test,Test-Raabin
5219,0.18622601,Test,Test-Raabin
5220,0.16148493,Test,Test-Raabin
5221,0.13161612,Test,Test-Raabin
5222,0.14409856,Test,Test-Raabin
5223,0.13639233,Test,Test-Raabin
5224,0.15602197,Test,Test-Raabin
5225,0.18504153,Test,Test-Raabin
5226,0.169257,Test,Test-Raabin
5227,0.135944,Test,Test-Raabin
5228,0.1297914,Test,Test-Raabin
5229,0.17122883,Test,Test-Raabin
5230,0.15009974,Test,Test-Raabin
5231,0.16425347,Test,Test-Raabin
5232,0.14921321,Test,Test-Raabin
5233,0.13629344,Test,Test-Raabin
5234,0.14403765,Test,Test-Raabin
5235,0.13809705,Test,Test-Raabin
5236,0.15026332,Test,Test-Raabin
5237,0.16668728,Test,Test-Raabin
5238,0.13466476,Test,Test-Raabin
5239,0.14698583,Test,Test-Raabin
5240,0.13646814,Test,Test-Raabin
5241,0.14491251,Test,Test-Raabin
5242,0.15380062,Test,Test-Raabin
5243,0.14342499,Test,Test-Raabin
5244,0.13585827,Test,Test-Raabin
5245,0.17191257,Test,Test-Raabin
5246,0.16505334,Test,Test-Raabin
5247,0.16626072,Test,Test-Raabin
5248,0.17912525,Test,Test-Raabin
5249,0.13779244,Test,Test-Raabin
5250,0.14813443,Test,Test-Raabin
5251,0.1340842,Test,Test-Raabin
5252,0.10394183,Test,Test-Raabin
5253,0.15983222,Test,Test-Raabin
5254,0.12964511,Test,Test-Raabin
5255,0.13272275,Test,Test-Raabin
5256,0.1482238,Test,Test-Raabin
5257,0.17871626,Test,Test-Raabin
5258,0.12515426,Test,Test-Raabin
5259,0.14007224,Test,Test-Raabin
5260,0.15867996,Test,Test-Raabin
5261,0.14858352,Test,Test-Raabin
5262,0.16244507,Test,Test-Raabin
5263,0.1738482,Test,Test-Raabin
5264,0.1668274,Test,Test-Raabin
5265,0.14366156,Test,Test-Raabin
5266,0.16980183,Test,Test-Raabin
5267,0.1467532,Test,Test-Raabin
5268,0.1424179,Test,Test-Raabin
5269,0.16621475,Test,Test-Raabin
5270,0.15148877,Test,Test-Raabin
5271,0.10716625,Test,Test-Raabin
5272,0.13377523,Test,Test-Raabin
5273,0.14015362,Test,Test-Raabin
5274,0.16415705,Test,Test-Raabin
5275,0.15591162,Test,Test-Raabin
5276,0.14609082,Test,Test-Raabin
5277,0.14160015,Test,Test-Raabin
5278,0.14648113,Test,Test-Raabin
5279,0.13948433,Test,Test-Raabin
5280,0.10146824,Test,Test-Raabin
5281,0.17612648,Test,Test-Raabin
5282,0.16050099,Test,Test-Raabin
5283,0.15484881,Test,Test-Raabin
5284,0.10622885,Test,Test-Raabin
5285,0.1589724,Test,Test-Raabin
5286,0.1434853,Test,Test-Raabin
5287,0.15560704,Test,Test-Raabin
5288,0.13682936,Test,Test-Raabin
5289,0.16253726,Test,Test-Raabin
5290,0.14044572,Test,Test-Raabin
5291,0.16052338,Test,Test-Raabin
5292,0.1477927,Test,Test-Raabin
5293,0.1508624,Test,Test-Raabin
5294,0.11412257,Test,Test-Raabin
5295,0.13313511,Test,Test-Raabin
5296,0.18516111,Test,Test-Raabin
5297,0.16759792,Test,Test-Raabin
5298,0.17296797,Test,Test-Raabin
5299,0.15932898,Test,Test-Raabin
5300,0.1714952,Test,Test-Raabin
5301,0.14015673,Test,Test-Raabin
5302,0.16860102,Test,Test-Raabin
5303,0.17022969,Test,Test-Raabin
5304,0.1721012,Test,Test-Raabin
5305,0.15502748,Test,Test-Raabin
5306,0.11475574,Test,Test-Raabin
5307,0.13634494,Test,Test-Raabin
5308,0.16991785,Test,Test-Raabin
5309,0.14019173,Test,Test-Raabin
5310,0.14663589,Test,Test-Raabin
5311,0.15352194,Test,Test-Raabin
5312,0.08715075,Test,Test-Raabin
5313,0.16958757,Test,Test-Raabin
5314,0.14144698,Test,Test-Raabin
5315,0.13994488,Test,Test-Raabin
5316,0.13158862,Test,Test-Raabin
5317,0.14885765,Test,Test-Raabin
5318,0.16162363,Test,Test-Raabin
5319,0.1299623,Test,Test-Raabin
5320,0.12611276,Test,Test-Raabin
5321,0.12666358,Test,Test-Raabin
5322,0.10717847,Test,Test-Raabin
5323,0.13146693,Test,Test-Raabin
5324,0.16151652,Test,Test-Raabin
5325,0.12570207,Test,Test-Raabin
5326,0.10689967,Test,Test-Raabin
5327,0.16150646,Test,Test-Raabin
5328,0.15201989,Test,Test-Raabin
5329,0.15699737,Test,Test-Raabin
5330,0.1549979,Test,Test-Raabin
5331,0.13622326,Test,Test-Raabin
5332,0.16671848,Test,Test-Raabin
5333,0.13421322,Test,Test-Raabin
5334,0.13347536,Test,Test-Raabin
5335,0.12766589,Test,Test-Raabin
5336,0.17597587,Test,Test-Raabin
5337,0.15083408,Test,Test-Raabin
5338,0.17869876,Test,Test-Raabin
5339,0.14770211,Test,Test-Raabin
5340,0.1285015,Test,Test-Raabin
5341,0.15895465,Test,Test-Raabin
5342,0.12548682,Test,Test-Raabin
5343,0.1308089,Test,Test-Raabin
5344,0.14206384,Test,Test-Raabin
5345,0.15271339,Test,Test-Raabin
5346,0.1486606,Test,Test-Raabin
5347,0.17753017,Test,Test-Raabin
5348,0.13470757,Test,Test-Raabin
5349,0.15050733,Test,Test-Raabin
5350,0.1408764,Test,Test-Raabin
5351,0.1295208,Test,Test-Raabin
5352,0.15570149,Test,Test-Raabin
5353,0.14486317,Test,Test-Raabin
5354,0.13323146,Test,Test-Raabin
5355,0.17394271,Test,Test-Raabin
5356,0.12834482,Test,Test-Raabin
5357,0.12835358,Test,Test-Raabin
5358,0.14592263,Test,Test-Raabin
5359,0.17315415,Test,Test-Raabin
5360,0.14633946,Test,Test-Raabin
5361,0.11897942,Test,Test-Raabin
5362,0.12172382,Test,Test-Raabin
5363,0.15628836,Test,Test-Raabin
5364,0.16398078,Test,Test-Raabin
5365,0.16730286,Test,Test-Raabin
5366,0.13215844,Test,Test-Raabin
5367,0.14484566,Test,Test-Raabin
5368,0.1747025,Test,Test-Raabin
5369,0.16227554,Test,Test-Raabin
5370,0.15860784,Test,Test-Raabin
5371,0.18028262,Test,Test-Raabin
5372,0.15845902,Test,Test-Raabin
5373,0.17647058,Test,Test-Raabin
5374,0.15567665,Test,Test-Raabin
5375,0.16224149,Test,Test-Raabin
5376,0.16640094,Test,Test-Raabin
5377,0.14024203,Test,Test-Raabin
5378,0.12216838,Test,Test-Raabin
5379,0.16132201,Test,Test-Raabin
5380,0.15594046,Test,Test-Raabin
5381,0.14718139,Test,Test-Raabin
5382,0.14183894,Test,Test-Raabin
5383,0.18062049,Test,Test-Raabin
5384,0.101770595,Test,Test-Raabin
5385,0.13922308,Test,Test-Raabin
5386,0.14589664,Test,Test-Raabin
5387,0.14114273,Test,Test-Raabin
5388,0.20418037,Test,Test-Raabin
5389,0.14548016,Test,Test-Raabin
5390,0.17349051,Test,Test-Raabin
5391,0.15096526,Test,Test-Raabin
5392,0.15495385,Test,Test-Raabin
5393,0.16199516,Test,Test-Raabin
5394,0.14657076,Test,Test-Raabin
5395,0.17001903,Test,Test-Raabin
5396,0.16344093,Test,Test-Raabin
5397,0.16070998,Test,Test-Raabin
5398,0.13423416,Test,Test-Raabin
5399,0.14367151,Test,Test-Raabin
5400,0.1450233,Test,Test-Raabin
5401,0.1692248,Test,Test-Raabin
5402,0.162721,Test,Test-Raabin
5403,0.15968485,Test,Test-Raabin
5404,0.11815677,Test,Test-Raabin
5405,0.16047896,Test,Test-Raabin
5406,0.14387272,Test,Test-Raabin
5407,0.11906805,Test,Test-Raabin
5408,0.16425964,Test,Test-Raabin
5409,0.14361866,Test,Test-Raabin
5410,0.14505921,Test,Test-Raabin
5411,0.1543909,Test,Test-Raabin
5412,0.16405468,Test,Test-Raabin
5413,0.12977742,Test,Test-Raabin
5414,0.17994726,Test,Test-Raabin
5415,0.15884171,Test,Test-Raabin
5416,0.13969909,Test,Test-Raabin
5417,0.1428628,Test,Test-Raabin
5418,0.15672134,Test,Test-Raabin
5419,0.10970427,Test,Test-Raabin
5420,0.15221867,Test,Test-Raabin
5421,0.16641359,Test,Test-Raabin
5422,0.123216406,Test,Test-Raabin
5423,0.14585578,Test,Test-Raabin
5424,0.14562292,Test,Test-Raabin
5425,0.15521884,Test,Test-Raabin
5426,0.16045727,Test,Test-Raabin
5427,0.1708576,Test,Test-Raabin
5428,0.17896992,Test,Test-Raabin
5429,0.1588668,Test,Test-Raabin
5430,0.14727119,Test,Test-Raabin
5431,0.14772548,Test,Test-Raabin
5432,0.1583602,Test,Test-Raabin
5433,0.19718191,Test,Test-Raabin
5434,0.13253178,Test,Test-Raabin
5435,0.16900092,Test,Test-Raabin
5436,0.1779489,Test,Test-Raabin
5437,0.15635014,Test,Test-Raabin
5438,0.17738897,Test,Test-Raabin
5439,0.14109646,Test,Test-Raabin
5440,0.16835131,Test,Test-Raabin
5441,0.1504917,Test,Test-Raabin
5442,0.14997664,Test,Test-Raabin
5443,0.17476518,Test,Test-Raabin
5444,0.16776273,Test,Test-Raabin
5445,0.1284193,Test,Test-Raabin
5446,0.11148026,Test,Test-Raabin
5447,0.169474,Test,Test-Raabin
5448,0.15557453,Test,Test-Raabin
5449,0.13925295,Test,Test-Raabin
5450,0.16740778,Test,Test-Raabin
5451,0.19794303,Test,Test-Raabin
5452,0.11413088,Test,Test-Raabin
5453,0.14872755,Test,Test-Raabin
5454,0.12431096,Test,Test-Raabin
5455,0.16491683,Test,Test-Raabin
5456,0.17236751,Test,Test-Raabin
5457,0.1420715,Test,Test-Raabin
5458,0.17480502,Test,Test-Raabin
5459,0.15263167,Test,Test-Raabin
5460,0.15430824,Test,Test-Raabin
5461,0.16426116,Test,Test-Raabin
5462,0.120610036,Test,Test-Raabin
5463,0.13048501,Test,Test-Raabin
5464,0.15819266,Test,Test-Raabin
5465,0.1552334,Test,Test-Raabin
5466,0.18507856,Test,Test-Raabin
5467,0.17396301,Test,Test-Raabin
5468,0.1323285,Test,Test-Raabin
5469,0.15858383,Test,Test-Raabin
5470,0.1607511,Test,Test-Raabin
5471,0.1436804,Test,Test-Raabin
5472,0.12832253,Test,Test-Raabin
5473,0.1382313,Test,Test-Raabin
5474,0.13838191,Test,Test-Raabin
5475,0.17758708,Test,Test-Raabin
5476,0.15321827,Test,Test-Raabin
5477,0.12113872,Test,Test-Raabin
5478,0.16172183,Test,Test-Raabin
5479,0.13226444,Test,Test-Raabin
5480,0.14826225,Test,Test-Raabin
5481,0.16294274,Test,Test-Raabin
5482,0.13011834,Test,Test-Raabin
5483,0.14530665,Test,Test-Raabin
5484,0.16577923,Test,Test-Raabin
5485,0.17501844,Test,Test-Raabin
5486,0.12819494,Test,Test-Raabin
5487,0.16034251,Test,Test-Raabin
5488,0.16652279,Test,Test-Raabin
5489,0.14781673,Test,Test-Raabin
5490,0.1544669,Test,Test-Raabin
5491,0.1519656,Test,Test-Raabin
5492,0.13808514,Test,Test-Raabin
5493,0.11641433,Test,Test-Raabin
5494,0.1625257,Test,Test-Raabin
5495,0.15877089,Test,Test-Raabin
5496,0.17829174,Test,Test-Raabin
5497,0.12743053,Test,Test-Raabin
5498,0.18202896,Test,Test-Raabin
5499,0.15546131,Test,Test-Raabin
5500,0.17595665,Test,Test-Raabin
5501,0.13186625,Test,Test-Raabin
5502,0.14136258,Test,Test-Raabin
5503,0.16026859,Test,Test-Raabin
5504,0.15773375,Test,Test-Raabin
5505,0.14492632,Test,Test-Raabin
5506,0.15152073,Test,Test-Raabin
5507,0.13909836,Test,Test-Raabin
5508,0.1574144,Test,Test-Raabin
5509,0.14751755,Test,Test-Raabin
5510,0.15355918,Test,Test-Raabin
5511,0.15374939,Test,Test-Raabin
5512,0.14752454,Test,Test-Raabin
5513,0.1361092,Test,Test-Raabin
5514,0.19858684,Test,Test-Raabin
5515,0.13785553,Test,Test-Raabin
5516,0.12105057,Test,Test-Raabin
5517,0.11742206,Test,Test-Raabin
5518,0.14785732,Test,Test-Raabin
5519,0.17457111,Test,Test-Raabin
5520,0.16301332,Test,Test-Raabin
5521,0.14357226,Test,Test-Raabin
5522,0.19504167,Test,Test-Raabin
5523,0.14251332,Test,Test-Raabin
5524,0.14522652,Test,Test-Raabin
5525,0.13390784,Test,Test-Raabin
5526,0.1374069,Test,Test-Raabin
5527,0.15193228,Test,Test-Raabin
5528,0.15095161,Test,Test-Raabin
5529,0.1664218,Test,Test-Raabin
5530,0.13593043,Test,Test-Raabin
5531,0.16779387,Test,Test-Raabin
5532,0.14356202,Test,Test-Raabin
5533,0.14212617,Test,Test-Raabin
5534,0.15785852,Test,Test-Raabin
5535,0.14288704,Test,Test-Raabin
5536,0.15846042,Test,Test-Raabin
5537,0.16552234,Test,Test-Raabin
5538,0.14369217,Test,Test-Raabin
5539,0.13808936,Test,Test-Raabin
5540,0.13276835,Test,Test-Raabin
5541,0.14904414,Test,Test-Raabin
5542,0.15288019,Test,Test-Raabin
5543,0.14298744,Test,Test-Raabin
5544,0.14562298,Test,Test-Raabin
5545,0.15525478,Test,Test-Raabin
5546,0.14932422,Test,Test-Raabin
5547,0.1309642,Test,Test-Raabin
5548,0.15141901,Test,Test-Raabin
5549,0.13351059,Test,Test-Raabin
5550,0.14589454,Test,Test-Raabin
5551,0.13937046,Test,Test-Raabin
5552,0.16394508,Test,Test-Raabin
5553,0.11775264,Test,Test-Raabin
5554,0.14493155,Test,Test-Raabin
5555,0.14362188,Test,Test-Raabin
5556,0.14174916,Test,Test-Raabin
5557,0.14650679,Test,Test-Raabin
5558,0.16442248,Test,Test-Raabin
5559,0.15936284,Test,Test-Raabin
5560,0.1549179,Test,Test-Raabin
5561,0.16924131,Test,Test-Raabin
5562,0.14953838,Test,Test-Raabin
5563,0.12855612,Test,Test-Raabin
5564,0.13431515,Test,Test-Raabin
5565,0.1510078,Test,Test-Raabin
5566,0.1509682,Test,Test-Raabin
5567,0.11174937,Test,Test-Raabin
5568,0.17802796,Test,Test-Raabin
5569,0.16237801,Test,Test-Raabin
5570,0.14817983,Test,Test-Raabin
5571,0.16208398,Test,Test-Raabin
5572,0.13950397,Test,Test-Raabin
5573,0.14122364,Test,Test-Raabin
5574,0.14454873,Test,Test-Raabin
5575,0.15295409,Test,Test-Raabin
5576,0.14709021,Test,Test-Raabin
5577,0.15166979,Test,Test-Raabin
5578,0.13417067,Test,Test-Raabin
5579,0.15041302,Test,Test-Raabin
5580,0.151551,Test,Test-Raabin
5581,0.14428131,Test,Test-Raabin
5582,0.16805932,Test,Test-Raabin
5583,0.17127511,Test,Test-Raabin
5584,0.1683693,Test,Test-Raabin
5585,0.12504229,Test,Test-Raabin
5586,0.14739972,Test,Test-Raabin
5587,0.16238008,Test,Test-Raabin
5588,0.15828183,Test,Test-Raabin
5589,0.16913038,Test,Test-Raabin
5590,0.16829924,Test,Test-Raabin
5591,0.15289825,Test,Test-Raabin
5592,0.151969,Test,Test-Raabin
5593,0.18161154,Test,Test-Raabin
5594,0.17047918,Test,Test-Raabin
5595,0.15470868,Test,Test-Raabin
5596,0.14195573,Test,Test-Raabin
5597,0.14654635,Test,Test-Raabin
5598,0.15513527,Test,Test-Raabin
5599,0.15341446,Test,Test-Raabin
5600,0.17104745,Test,Test-Raabin
5601,0.1427192,Test,Test-Raabin
5602,0.15555945,Test,Test-Raabin
5603,0.15947856,Test,Test-Raabin
5604,0.1599483,Test,Test-Raabin
5605,0.18934181,Test,Test-Raabin
5606,0.12729606,Test,Test-Raabin
5607,0.18703547,Test,Test-Raabin
5608,0.16190538,Test,Test-Raabin
5609,0.177638,Test,Test-Raabin
5610,0.18257836,Test,Test-Raabin
5611,0.13482618,Test,Test-Raabin
5612,0.14290637,Test,Test-Raabin
5613,0.16882479,Test,Test-Raabin
5614,0.18109474,Test,Test-Raabin
5615,0.15419409,Test,Test-Raabin
5616,0.17932142,Test,Test-Raabin
5617,0.13419503,Test,Test-Raabin
5618,0.16856065,Test,Test-Raabin
5619,0.13792995,Test,Test-Raabin
5620,0.12563948,Test,Test-Raabin
5621,0.15528814,Test,Test-Raabin
5622,0.14966786,Test,Test-Raabin
5623,0.12939496,Test,Test-Raabin
5624,0.16384172,Test,Test-Raabin
5625,0.15938246,Test,Test-Raabin
5626,0.14990927,Test,Test-Raabin
5627,0.13892736,Test,Test-Raabin
5628,0.18696116,Test,Test-Raabin
5629,0.1410907,Test,Test-Raabin
5630,0.14238453,Test,Test-Raabin
5631,0.15332927,Test,Test-Raabin
5632,0.14240642,Test,Test-Raabin
5633,0.13624297,Test,Test-Raabin
5634,0.18930659,Test,Test-Raabin
5635,0.15525812,Test,Test-Raabin
5636,0.13766935,Test,Test-Raabin
5637,0.14935091,Test,Test-Raabin
5638,0.15736222,Test,Test-Raabin
5639,0.1639722,Test,Test-Raabin
5640,0.16629373,Test,Test-Raabin
5641,0.1571835,Test,Test-Raabin
5642,0.15054381,Test,Test-Raabin
5643,0.14396288,Test,Test-Raabin
5644,0.12185509,Test,Test-Raabin
5645,0.14119214,Test,Test-Raabin
5646,0.13561556,Test,Test-Raabin
5647,0.1736615,Test,Test-Raabin
5648,0.16931601,Test,Test-Raabin
5649,0.15187931,Test,Test-Raabin
5650,0.14830683,Test,Test-Raabin
5651,0.14642787,Test,Test-Raabin
5652,0.16857211,Test,Test-Raabin
5653,0.1503075,Test,Test-Raabin
5654,0.18149415,Test,Test-Raabin
5655,0.1696067,Test,Test-Raabin
5656,0.15259849,Test,Test-Raabin
5657,0.13387626,Test,Test-Raabin
5658,0.15048344,Test,Test-Raabin
5659,0.16476192,Test,Test-Raabin
5660,0.13528064,Test,Test-Raabin
5661,0.11324489,Test,Test-Raabin
5662,0.17896993,Test,Test-Raabin
5663,0.17078897,Test,Test-Raabin
5664,0.15032676,Test,Test-Raabin
5665,0.15163317,Test,Test-Raabin
5666,0.16385537,Test,Test-Raabin
5667,0.09255479,Test,Test-Raabin
5668,0.15524556,Test,Test-Raabin
5669,0.13463208,Test,Test-Raabin
5670,0.13445596,Test,Test-Raabin
5671,0.1526089,Test,Test-Raabin
5672,0.11861365,Test,Test-Raabin
5673,0.15033081,Test,Test-Raabin
5674,0.17936558,Test,Test-Raabin
5675,0.15712528,Test,Test-Raabin
5676,0.16260564,Test,Test-Raabin
5677,0.14583276,Test,Test-Raabin
5678,0.1450305,Test,Test-Raabin
5679,0.19017223,Test,Test-Raabin
5680,0.10664223,Test,Test-Raabin
5681,0.1924521,Test,Test-Raabin
5682,0.09831784,Test,Test-Raabin
5683,0.15232986,Test,Test-Raabin
5684,0.16766973,Test,Test-Raabin
5685,0.13566488,Test,Test-Raabin
5686,0.16591862,Test,Test-Raabin
5687,0.15469027,Test,Test-Raabin
5688,0.14666587,Test,Test-Raabin
5689,0.1471326,Test,Test-Raabin
5690,0.15695415,Test,Test-Raabin
5691,0.13667765,Test,Test-Raabin
5692,0.18167435,Test,Test-Raabin
5693,0.1619479,Test,Test-Raabin
5694,0.1366215,Test,Test-Raabin
5695,0.17336094,Test,Test-Raabin
5696,0.13493946,Test,Test-Raabin
5697,0.17393568,Test,Test-Raabin
5698,0.11973905,Test,Test-Raabin
5699,0.13710955,Test,Test-Raabin
5700,0.14630422,Test,Test-Raabin
5701,0.10943388,Test,Test-Raabin
5702,0.12702568,Test,Test-Raabin
5703,0.14054212,Test,Test-Raabin
5704,0.15176423,Test,Test-Raabin
5705,0.16429776,Test,Test-Raabin
5706,0.1593184,Test,Test-Raabin
5707,0.13478248,Test,Test-Raabin
5708,0.16960815,Test,Test-Raabin
5709,0.13536999,Test,Test-Raabin
5710,0.15008701,Test,Test-Raabin
5711,0.16884461,Test,Test-Raabin
5712,0.17057283,Test,Test-Raabin
5713,0.16275169,Test,Test-Raabin
5714,0.13128841,Test,Test-Raabin
5715,0.17344643,Test,Test-Raabin
5716,0.17106524,Test,Test-Raabin
5717,0.1626951,Test,Test-Raabin
5718,0.1584424,Test,Test-Raabin
5719,0.14183255,Test,Test-Raabin
5720,0.17923282,Test,Test-Raabin
5721,0.15859821,Test,Test-Raabin
5722,0.14643261,Test,Test-Raabin
5723,0.13900605,Test,Test-Raabin
5724,0.13617565,Test,Test-Raabin
5725,0.1392371,Test,Test-Raabin
5726,0.16049345,Test,Test-Raabin
5727,0.14868897,Test,Test-Raabin
5728,0.17721103,Test,Test-Raabin
5729,0.14014237,Test,Test-Raabin
5730,0.15457174,Test,Test-Raabin
5731,0.15874457,Test,Test-Raabin
5732,0.1455863,Test,Test-Raabin
5733,0.21413215,Test,Test-Raabin
5734,0.13549948,Test,Test-Raabin
5735,0.14841674,Test,Test-Raabin
5736,0.16796777,Test,Test-Raabin
5737,0.12190324,Test,Test-Raabin
5738,0.14422067,Test,Test-Raabin
5739,0.16238257,Test,Test-Raabin
5740,0.15425284,Test,Test-Raabin
5741,0.18529984,Test,Test-Raabin
5742,0.15576325,Test,Test-Raabin
5743,0.14951031,Test,Test-Raabin
5744,0.16518621,Test,Test-Raabin
5745,0.17248015,Test,Test-Raabin
5746,0.17561032,Test,Test-Raabin
5747,0.14199561,Test,Test-Raabin
5748,0.10532009,Test,Test-Raabin
5749,0.16638643,Test,Test-Raabin
5750,0.12506565,Test,Test-Raabin
5751,0.11542648,Test,Test-Raabin
5752,0.16678521,Test,Test-Raabin
5753,0.12132773,Test,Test-Raabin
5754,0.15193789,Test,Test-Raabin
5755,0.16227183,Test,Test-Raabin
5756,0.158408,Test,Test-Raabin
5757,0.15122998,Test,Test-Raabin
5758,0.14193748,Test,Test-Raabin
5759,0.17117712,Test,Test-Raabin
5760,0.14210215,Test,Test-Raabin
5761,0.14998256,Test,Test-Raabin
5762,0.12269437,Test,Test-Raabin
5763,0.13897337,Test,Test-Raabin
5764,0.13492271,Test,Test-Raabin
5765,0.15846609,Test,Test-Raabin
5766,0.15569271,Test,Test-Raabin
5767,0.16657214,Test,Test-Raabin
5768,0.15629098,Test,Test-Raabin
5769,0.17872941,Test,Test-Raabin
5770,0.16416477,Test,Test-Raabin
5771,0.14189506,Test,Test-Raabin
5772,0.15679361,Test,Test-Raabin
5773,0.16824527,Test,Test-Raabin
5774,0.1460749,Test,Test-Raabin
5775,0.14318168,Test,Test-Raabin
5776,0.17181645,Test,Test-Raabin
5777,0.13722233,Test,Test-Raabin
5778,0.170331,Test,Test-Raabin
5779,0.1610163,Test,Test-Raabin
5780,0.18187056,Test,Test-Raabin
5781,0.17056322,Test,Test-Raabin
5782,0.14314061,Test,Test-Raabin
5783,0.1578814,Test,Test-Raabin
5784,0.16019648,Test,Test-Raabin
5785,0.16238898,Test,Test-Raabin
5786,0.13021477,Test,Test-Raabin
5787,0.15199302,Test,Test-Raabin
5788,0.1377621,Test,Test-Raabin
5789,0.13512875,Test,Test-Raabin
5790,0.16918597,Test,Test-Raabin
5791,0.18141113,Test,Test-Raabin
5792,0.15522955,Test,Test-Raabin
5793,0.16490972,Test,Test-Raabin
5794,0.14240946,Test,Test-Raabin
5795,0.14319454,Test,Test-Raabin
5796,0.12867492,Test,Test-Raabin
5797,0.14729322,Test,Test-Raabin
5798,0.16861406,Test,Test-Raabin
5799,0.12652673,Test,Test-Raabin
5800,0.16215822,Test,Test-Raabin
5801,0.19344352,Test,Test-Raabin
5802,0.15489592,Test,Test-Raabin
5803,0.15535341,Test,Test-Raabin
5804,0.15800513,Test,Test-Raabin
5805,0.14297897,Test,Test-Raabin
5806,0.16002133,Test,Test-Raabin
5807,0.12652658,Test,Test-Raabin
5808,0.1718446,Test,Test-Raabin
5809,0.14748362,Test,Test-Raabin
5810,0.15633123,Test,Test-Raabin
5811,0.15727669,Test,Test-Raabin
5812,0.15795296,Test,Test-Raabin
5813,0.15123712,Test,Test-Raabin
5814,0.13806188,Test,Test-Raabin
5815,0.13082463,Test,Test-Raabin
5816,0.1530432,Test,Test-Raabin
5817,0.15698254,Test,Test-Raabin
5818,0.14081475,Test,Test-Raabin
5819,0.16760522,Test,Test-Raabin
5820,0.17287286,Test,Test-Raabin
5821,0.15052257,Test,Test-Raabin
5822,0.1563004,Test,Test-Raabin
5823,0.15876687,Test,Test-Raabin
5824,0.15591267,Test,Test-Raabin
5825,0.13646588,Test,Test-Raabin
5826,0.13200702,Test,Test-Raabin
5827,0.17993572,Test,Test-Raabin
5828,0.1414335,Test,Test-Raabin
5829,0.19023128,Test,Test-Raabin
5830,0.16031426,Test,Test-Raabin
5831,0.17431071,Test,Test-Raabin
5832,0.14179263,Test,Test-Raabin
5833,0.14276457,Test,Test-Raabin
5834,0.17555232,Test,Test-Raabin
5835,0.15135044,Test,Test-Raabin
5836,0.16719633,Test,Test-Raabin
5837,0.14321008,Test,Test-Raabin
5838,0.15312028,Test,Test-Raabin
5839,0.14840911,Test,Test-Raabin
5840,0.13207878,Test,Test-Raabin
5841,0.14056093,Test,Test-Raabin
5842,0.15166526,Test,Test-Raabin
5843,0.16315478,Test,Test-Raabin
5844,0.14084849,Test,Test-Raabin
5845,0.12740922,Test,Test-Raabin
5846,0.14584994,Test,Test-Raabin
5847,0.15914753,Test,Test-Raabin
5848,0.13684684,Test,Test-Raabin
5849,0.15473637,Test,Test-Raabin
5850,0.16702786,Test,Test-Raabin
5851,0.14298972,Test,Test-Raabin
5852,0.15520625,Test,Test-Raabin
5853,0.12865806,Test,Test-Raabin
5854,0.17943835,Test,Test-Raabin
5855,0.15488683,Test,Test-Raabin
5856,0.163269,Test,Test-Raabin
5857,0.1448482,Test,Test-Raabin
5858,0.15294473,Test,Test-Raabin
5859,0.15469745,Test,Test-Raabin
5860,0.14767197,Test,Test-Raabin
5861,0.14317077,Test,Test-Raabin
5862,0.16185501,Test,Test-Raabin
5863,0.1772744,Test,Test-Raabin
5864,0.14451477,Test,Test-Raabin
5865,0.14037235,Test,Test-Raabin
5866,0.12363644,Test,Test-Raabin
5867,0.16510628,Test,Test-Raabin
5868,0.16938283,Test,Test-Raabin
5869,0.15983817,Test,Test-Raabin
5870,0.14747985,Test,Test-Raabin
5871,0.16694313,Test,Test-Raabin
5872,0.14606795,Test,Test-Raabin
5873,0.20250174,Test,Test-Raabin
5874,0.16765136,Test,Test-Raabin
5875,0.1429036,Test,Test-Raabin
5876,0.1456575,Test,Test-Raabin
5877,0.14264105,Test,Test-Raabin
5878,0.15525742,Test,Test-Raabin
5879,0.1660707,Test,Test-Raabin
5880,0.15595567,Test,Test-Raabin
5881,0.17463596,Test,Test-Raabin
5882,0.119258046,Test,Test-Raabin
5883,0.14431572,Test,Test-Raabin
5884,0.11796,Test,Test-Raabin
5885,0.14703621,Test,Test-Raabin
5886,0.15426329,Test,Test-Raabin
5887,0.09293758,Test,Test-Raabin
5888,0.13992909,Test,Test-Raabin
5889,0.13452002,Test,Test-Raabin
5890,0.13396394,Test,Test-Raabin
5891,0.13730325,Test,Test-Raabin
5892,0.13329306,Test,Test-Raabin
5893,0.15386383,Test,Test-Raabin
5894,0.17560755,Test,Test-Raabin
5895,0.14985506,Test,Test-Raabin
5896,0.13935293,Test,Test-Raabin
5897,0.1440463,Test,Test-Raabin
5898,0.15301082,Test,Test-Raabin
5899,0.14613555,Test,Test-Raabin
5900,0.14970003,Test,Test-Raabin
5901,0.14197448,Test,Test-Raabin
5902,0.15299317,Test,Test-Raabin
5903,0.16802709,Test,Test-Raabin
5904,0.17452864,Test,Test-Raabin
5905,0.14027049,Test,Test-Raabin
5906,0.1496207,Test,Test-Raabin
5907,0.129923,Test,Test-Raabin
5908,0.14694782,Test,Test-Raabin
5909,0.12919778,Test,Test-Raabin
5910,0.16476235,Test,Test-Raabin
5911,0.19544515,Test,Test-Raabin
5912,0.17370299,Test,Test-Raabin
5913,0.13256721,Test,Test-Raabin
5914,0.18839914,Test,Test-Raabin
5915,0.14169452,Test,Test-Raabin
5916,0.14135107,Test,Test-Raabin
5917,0.14307792,Test,Test-Raabin
5918,0.117636286,Test,Test-Raabin
5919,0.166499,Test,Test-Raabin
5920,0.1678802,Test,Test-Raabin
5921,0.13875967,Test,Test-Raabin
5922,0.16120847,Test,Test-Raabin
5923,0.16077068,Test,Test-Raabin
5924,0.17059569,Test,Test-Raabin
5925,0.17048043,Test,Test-Raabin
5926,0.1586269,Test,Test-Raabin
5927,0.12980244,Test,Test-Raabin
5928,0.18754952,Test,Test-Raabin
5929,0.1657185,Test,Test-Raabin
5930,0.13650632,Test,Test-Raabin
5931,0.13682322,Test,Test-Raabin
5932,0.12421708,Test,Test-Raabin
5933,0.14209816,Test,Test-Raabin
5934,0.14813673,Test,Test-Raabin
5935,0.15244192,Test,Test-Raabin
5936,0.14858581,Test,Test-Raabin
5937,0.13807651,Test,Test-Raabin
5938,0.12843041,Test,Test-Raabin
5939,0.14702998,Test,Test-Raabin
5940,0.14295077,Test,Test-Raabin
5941,0.12642267,Test,Test-Raabin
5942,0.13404499,Test,Test-Raabin
5943,0.14969854,Test,Test-Raabin
5944,0.15391135,Test,Test-Raabin
5945,0.15357167,Test,Test-Raabin
5946,0.14216167,Test,Test-Raabin
5947,0.17439957,Test,Test-Raabin
5948,0.17930786,Test,Test-Raabin
5949,0.17089309,Test,Test-Raabin
5950,0.15156367,Test,Test-Raabin
5951,0.13887893,Test,Test-Raabin
5952,0.14543422,Test,Test-Raabin
5953,0.15169546,Test,Test-Raabin
5954,0.15711355,Test,Test-Raabin
5955,0.123677105,Test,Test-Raabin
5956,0.17463964,Test,Test-Raabin
5957,0.15918098,Test,Test-Raabin
5958,0.140759,Test,Test-Raabin
5959,0.17973644,Test,Test-Raabin
5960,0.1494172,Test,Test-Raabin
5961,0.12230656,Test,Test-Raabin
5962,0.1384616,Test,Test-Raabin
5963,0.13415797,Test,Test-Raabin
5964,0.16125882,Test,Test-Raabin
5965,0.13941301,Test,Test-Raabin
5966,0.15290254,Test,Test-Raabin
5967,0.11397264,Test,Test-Raabin
5968,0.15195203,Test,Test-Raabin
5969,0.14274555,Test,Test-Raabin
5970,0.10175036,Test,Test-Raabin
5971,0.14348575,Test,Test-Raabin
5972,0.13802327,Test,Test-Raabin
5973,0.14539443,Test,Test-Raabin
5974,0.1725609,Test,Test-Raabin
5975,0.13333704,Test,Test-Raabin
5976,0.119476095,Test,Test-Raabin
5977,0.11944885,Test,Test-Raabin
5978,0.14876395,Test,Test-Raabin
5979,0.18047273,Test,Test-Raabin
5980,0.15806012,Test,Test-Raabin
5981,0.09886205,Test,Test-Raabin
5982,0.1454918,Test,Test-Raabin
5983,0.15357392,Test,Test-Raabin
5984,0.15418999,Test,Test-Raabin
5985,0.1623678,Test,Test-Raabin
5986,0.16289032,Test,Test-Raabin
5987,0.1380133,Test,Test-Raabin
5988,0.147198,Test,Test-Raabin
5989,0.15886164,Test,Test-Raabin
5990,0.15184963,Test,Test-Raabin
5991,0.16127326,Test,Test-Raabin
5992,0.142014,Test,Test-Raabin
5993,0.15275788,Test,Test-Raabin
5994,0.14662027,Test,Test-Raabin
5995,0.14585638,Test,Test-Raabin
5996,0.1754283,Test,Test-Raabin
5997,0.10889414,Test,Test-Raabin
5998,0.15279222,Test,Test-Raabin
5999,0.12213128,Test,Test-Raabin
6000,0.16764042,Test,Test-Raabin
6001,0.17435151,Test,Test-Raabin
6002,0.16532853,Test,Test-Raabin
6003,0.1421245,Test,Test-Raabin
6004,0.14842708,Test,Test-Raabin
6005,0.15107267,Test,Test-Raabin
6006,0.14872234,Test,Test-Raabin
6007,0.14354439,Test,Test-Raabin
6008,0.14758304,Test,Test-Raabin
6009,0.1710156,Test,Test-Raabin
6010,0.16213113,Test,Test-Raabin
6011,0.17957248,Test,Test-Raabin
6012,0.17071408,Test,Test-Raabin
6013,0.16511565,Test,Test-Raabin
6014,0.14848821,Test,Test-Raabin
6015,0.1382131,Test,Test-Raabin
6016,0.16137847,Test,Test-Raabin
6017,0.14629406,Test,Test-Raabin
6018,0.1802988,Test,Test-Raabin
6019,0.12337298,Test,Test-Raabin
6020,0.16572838,Test,Test-Raabin
6021,0.14462449,Test,Test-Raabin
6022,0.15229717,Test,Test-Raabin
6023,0.17597717,Test,Test-Raabin
6024,0.17161494,Test,Test-Raabin
6025,0.14375219,Test,Test-Raabin
6026,0.15021929,Test,Test-Raabin
6027,0.18755153,Test,Test-Raabin
6028,0.1653912,Test,Test-Raabin
6029,0.14968064,Test,Test-Raabin
6030,0.15977335,Test,Test-Raabin
6031,0.13935423,Test,Test-Raabin
6032,0.10634912,Test,Test-Raabin
6033,0.17131656,Test,Test-Raabin
6034,0.16719788,Test,Test-Raabin
6035,0.17087543,Test,Test-Raabin
6036,0.14295289,Test,Test-Raabin
6037,0.15825184,Test,Test-Raabin
6038,0.16181427,Test,Test-Raabin
6039,0.1775252,Test,Test-Raabin
6040,0.16882731,Test,Test-Raabin
6041,0.1547677,Test,Test-Raabin
6042,0.13333565,Test,Test-Raabin
6043,0.17487897,Test,Test-Raabin
6044,0.18517867,Test,Test-Raabin
6045,0.14216612,Test,Test-Raabin
6046,0.13390718,Test,Test-Raabin
6047,0.14732228,Test,Test-Raabin
6048,0.12868127,Test,Test-Raabin
6049,0.21187218,Test,Test-Raabin
6050,0.15497781,Test,Test-Raabin
6051,0.13193445,Test,Test-Raabin
6052,0.16418532,Test,Test-Raabin
6053,0.10210094,Test,Test-Raabin
6054,0.15075517,Test,Test-Raabin
6055,0.14666414,Test,Test-Raabin
6056,0.1534776,Test,Test-Raabin
6057,0.1409824,Test,Test-Raabin
6058,0.12055564,Test,Test-Raabin
6059,0.1693269,Test,Test-Raabin
6060,0.13418527,Test,Test-Raabin
6061,0.14562657,Test,Test-Raabin
6062,0.15251152,Test,Test-Raabin
6063,0.16620854,Test,Test-Raabin
6064,0.14264217,Test,Test-Raabin
6065,0.15086271,Test,Test-Raabin
6066,0.15461455,Test,Test-Raabin
6067,0.15428914,Test,Test-Raabin
6068,0.15220264,Test,Test-Raabin
6069,0.15517741,Test,Test-Raabin
6070,0.15547614,Test,Test-Raabin
6071,0.1825367,Test,Test-Raabin
6072,0.1572985,Test,Test-Raabin
6073,0.16322209,Test,Test-Raabin
6074,0.13228148,Test,Test-Raabin
6075,0.15760532,Test,Test-Raabin
6076,0.14927335,Test,Test-Raabin
6077,0.18544577,Test,Test-Raabin
6078,0.14086951,Test,Test-Raabin
6079,0.16319503,Test,Test-Raabin
6080,0.14969176,Test,Test-Raabin
6081,0.1835886,Test,Test-Raabin
6082,0.14655784,Test,Test-Raabin
6083,0.1681627,Test,Test-Raabin
6084,0.12969773,Test,Test-Raabin
6085,0.12894323,Test,Test-Raabin
6086,0.15312041,Test,Test-Raabin
6087,0.14693399,Test,Test-Raabin
6088,0.12616119,Test,Test-Raabin
6089,0.16179359,Test,Test-Raabin
6090,0.1209717,Test,Test-Raabin
6091,0.12011393,Test,Test-Raabin
6092,0.11708946,Test,Test-Raabin
6093,0.19126679,Test,Test-Raabin
6094,0.15230963,Test,Test-Raabin
6095,0.13989073,Test,Test-Raabin
6096,0.13222407,Test,Test-Raabin
6097,0.18320593,Test,Test-Raabin
6098,0.15504558,Test,Test-Raabin
6099,0.15642922,Test,Test-Raabin
6100,0.14758022,Test,Test-Raabin
6101,0.10395372,Test,Test-Raabin
6102,0.13432759,Test,Test-Raabin
6103,0.1763011,Test,Test-Raabin
6104,0.15420876,Test,Test-Raabin
6105,0.1575715,Test,Test-Raabin
6106,0.13635498,Test,Test-Raabin
6107,0.1616667,Test,Test-Raabin
6108,0.16283834,Test,Test-Raabin
6109,0.13445291,Test,Test-Raabin
6110,0.14727627,Test,Test-Raabin
6111,0.14711814,Test,Test-Raabin
6112,0.1781023,Test,Test-Raabin
6113,0.13971715,Test,Test-Raabin
6114,0.15138848,Test,Test-Raabin
6115,0.15213063,Test,Test-Raabin
6116,0.15059377,Test,Test-Raabin
6117,0.1618567,Test,Test-Raabin
6118,0.12673727,Test,Test-Raabin
6119,0.13959257,Test,Test-Raabin
6120,0.14870958,Test,Test-Raabin
6121,0.16032235,Test,Test-Raabin
6122,0.18465057,Test,Test-Raabin
6123,0.15640432,Test,Test-Raabin
6124,0.14312798,Test,Test-Raabin
6125,0.15778178,Test,Test-Raabin
6126,0.14237744,Test,Test-Raabin
6127,0.1288748,Test,Test-Raabin
6128,0.17585747,Test,Test-Raabin
6129,0.1751252,Test,Test-Raabin
6130,0.16105457,Test,Test-Raabin
6131,0.16317488,Test,Test-Raabin
6132,0.17992805,Test,Test-Raabin
6133,0.11875334,Test,Test-Raabin
6134,0.16026646,Test,Test-Raabin
6135,0.14695296,Test,Test-Raabin
6136,0.1449069,Test,Test-Raabin
6137,0.1653429,Test,Test-Raabin
6138,0.13733447,Test,Test-Raabin
6139,0.13139926,Test,Test-Raabin
6140,0.15927376,Test,Test-Raabin
6141,0.17261344,Test,Test-Raabin
6142,0.13365437,Test,Test-Raabin
6143,0.14601041,Test,Test-Raabin
6144,0.15263441,Test,Test-Raabin
6145,0.1464701,Test,Test-Raabin
6146,0.1650697,Test,Test-Raabin
6147,0.1325972,Test,Test-Raabin
6148,0.16715918,Test,Test-Raabin
6149,0.14243244,Test,Test-Raabin
6150,0.16956852,Test,Test-Raabin
6151,0.15037769,Test,Test-Raabin
6152,0.14403467,Test,Test-Raabin
6153,0.14164111,Test,Test-Raabin
6154,0.15634228,Test,Test-Raabin
6155,0.14252283,Test,Test-Raabin
6156,0.14956476,Test,Test-Raabin
6157,0.15627107,Test,Test-Raabin
6158,0.13193737,Test,Test-Raabin
6159,0.16663353,Test,Test-Raabin
6160,0.1207569,Test,Test-Raabin
6161,0.16382983,Test,Test-Raabin
6162,0.16536568,Test,Test-Raabin
6163,0.13088877,Test,Test-Raabin
6164,0.16981381,Test,Test-Raabin
6165,0.15187608,Test,Test-Raabin
6166,0.12467299,Test,Test-Raabin
6167,0.13466984,Test,Test-Raabin
6168,0.13220298,Test,Test-Raabin
6169,0.14772905,Test,Test-Raabin
6170,0.19279951,Test,Test-Raabin
6171,0.16880818,Test,Test-Raabin
6172,0.14237699,Test,Test-Raabin
6173,0.13744603,Test,Test-Raabin
6174,0.14001393,Test,Test-Raabin
6175,0.15710825,Test,Test-Raabin
6176,0.1477291,Test,Test-Raabin
6177,0.16429126,Test,Test-Raabin
6178,0.16556193,Test,Test-Raabin
6179,0.17087588,Test,Test-Raabin
6180,0.14843065,Test,Test-Raabin
6181,0.16886552,Test,Test-Raabin
6182,0.1546952,Test,Test-Raabin
6183,0.12161831,Test,Test-Raabin
6184,0.16050637,Test,Test-Raabin
6185,0.13547449,Test,Test-Raabin
6186,0.16532403,Test,Test-Raabin
6187,0.13869712,Test,Test-Raabin
6188,0.15804316,Test,Test-Raabin
6189,0.13940503,Test,Test-Raabin
6190,0.16862349,Test,Test-Raabin
6191,0.14948595,Test,Test-Raabin
6192,0.15097038,Test,Test-Raabin
6193,0.14697249,Test,Test-Raabin
6194,0.15146542,Test,Test-Raabin
6195,0.09812789,Test,Test-Raabin
6196,0.13440076,Test,Test-Raabin
6197,0.15288125,Test,Test-Raabin
6198,0.15667997,Test,Test-Raabin
6199,0.14249538,Test,Test-Raabin
6200,0.13286383,Test,Test-Raabin
6201,0.1400267,Test,Test-Raabin
6202,0.13702868,Test,Test-Raabin
6203,0.17059137,Test,Test-Raabin
6204,0.17426036,Test,Test-Raabin
6205,0.14778541,Test,Test-Raabin
6206,0.16932942,Test,Test-Raabin
6207,0.14932486,Test,Test-Raabin
6208,0.14363018,Test,Test-Raabin
6209,0.16126205,Test,Test-Raabin
6210,0.15545613,Test,Test-Raabin
6211,0.15682562,Test,Test-Raabin
6212,0.16931492,Test,Test-Raabin
6213,0.13215491,Test,Test-Raabin
6214,0.13612211,Test,Test-Raabin
6215,0.17912062,Test,Test-Raabin
6216,0.117708065,Test,Test-Raabin
6217,0.13297877,Test,Test-Raabin
6218,0.12610237,Test,Test-Raabin
6219,0.1585419,Test,Test-Raabin
6220,0.13044532,Test,Test-Raabin
6221,0.15770088,Test,Test-Raabin
6222,0.19349901,Test,Test-Raabin
6223,0.16654238,Test,Test-Raabin
6224,0.15280701,Test,Test-Raabin
6225,0.13219883,Test,Test-Raabin
6226,0.13612254,Test,Test-Raabin
6227,0.1449078,Test,Test-Raabin
6228,0.16638304,Test,Test-Raabin
6229,0.16716829,Test,Test-Raabin
6230,0.17195067,Test,Test-Raabin
6231,0.17758049,Test,Test-Raabin
6232,0.16058688,Test,Test-Raabin
6233,0.13218872,Test,Test-Raabin
6234,0.1795033,Test,Test-Raabin
6235,0.16221099,Test,Test-Raabin
6236,0.084218174,Test,Test-Raabin
6237,0.16316566,Test,Test-Raabin
6238,0.17508724,Test,Test-Raabin
6239,0.14652288,Test,Test-Raabin
6240,0.15075883,Test,Test-Raabin
6241,0.15252404,Test,Test-Raabin
6242,0.117292024,Test,Test-Raabin
6243,0.14721006,Test,Test-Raabin
6244,0.12259286,Test,Test-Raabin
6245,0.16211978,Test,Test-Raabin
6246,0.14646804,Test,Test-Raabin
6247,0.15957129,Test,Test-Raabin
6248,0.16001503,Test,Test-Raabin
6249,0.1283066,Test,Test-Raabin
6250,0.15095347,Test,Test-Raabin
6251,0.13670191,Test,Test-Raabin
6252,0.1648727,Test,Test-Raabin
6253,0.19402738,Test,Test-Raabin
6254,0.14045319,Test,Test-Raabin
6255,0.16731213,Test,Test-Raabin
6256,0.13937011,Test,Test-Raabin
6257,0.16068135,Test,Test-Raabin
6258,0.14938019,Test,Test-Raabin
6259,0.15009858,Test,Test-Raabin
6260,0.18422632,Test,Test-Raabin
6261,0.1657562,Test,Test-Raabin
6262,0.15383631,Test,Test-Raabin
6263,0.15925907,Test,Test-Raabin
6264,0.1531784,Test,Test-Raabin
6265,0.114405,Test,Test-Raabin
6266,0.17188649,Test,Test-Raabin
6267,0.13521723,Test,Test-Raabin
6268,0.15557708,Test,Test-Raabin
6269,0.14607261,Test,Test-Raabin
6270,0.15621491,Test,Test-Raabin
6271,0.16011016,Test,Test-Raabin
6272,0.15688425,Test,Test-Raabin
6273,0.12156669,Test,Test-Raabin
6274,0.15658209,Test,Test-Raabin
6275,0.16871265,Test,Test-Raabin
6276,0.13279116,Test,Test-Raabin
6277,0.14307036,Test,Test-Raabin
6278,0.15361601,Test,Test-Raabin
6279,0.12311458,Test,Test-Raabin
6280,0.15652896,Test,Test-Raabin
6281,0.1879529,Test,Test-Raabin
6282,0.12688772,Test,Test-Raabin
6283,0.11840716,Test,Test-Raabin
6284,0.1703877,Test,Test-Raabin
6285,0.17827971,Test,Test-Raabin
6286,0.14759554,Test,Test-Raabin
6287,0.16349192,Test,Test-Raabin
6288,0.13444462,Test,Test-Raabin
6289,0.15748438,Test,Test-Raabin
6290,0.18706185,Test,Test-Raabin
6291,0.11774726,Test,Test-Raabin
6292,0.15552567,Test,Test-Raabin
6293,0.15074389,Test,Test-Raabin
6294,0.16322547,Test,Test-Raabin
6295,0.1666506,Test,Test-Raabin
6296,0.13987313,Test,Test-Raabin
6297,0.1627006,Test,Test-Raabin
6298,0.14844947,Test,Test-Raabin
6299,0.16176905,Test,Test-Raabin
6300,0.15365689,Test,Test-Raabin
6301,0.14453076,Test,Test-Raabin
6302,0.12123232,Test,Test-Raabin
6303,0.1551751,Test,Test-Raabin
6304,0.17027338,Test,Test-Raabin
6305,0.17192182,Test,Test-Raabin
6306,0.15934631,Test,Test-Raabin
6307,0.15189166,Test,Test-Raabin
6308,0.18440256,Test,Test-Raabin
6309,0.14650396,Test,Test-Raabin
6310,0.14017603,Test,Test-Raabin
6311,0.14918189,Test,Test-Raabin
6312,0.15737897,Test,Test-Raabin
6313,0.15405057,Test,Test-Raabin
6314,0.15248471,Test,Test-Raabin
6315,0.16649847,Test,Test-Raabin
6316,0.15106595,Test,Test-Raabin
6317,0.17031398,Test,Test-Raabin
6318,0.18181701,Test,Test-Raabin
6319,0.1645292,Test,Test-Raabin
6320,0.15663385,Test,Test-Raabin
6321,0.16113698,Test,Test-Raabin
6322,0.16118972,Test,Test-Raabin
6323,0.1863517,Test,Test-Raabin
6324,0.14551912,Test,Test-Raabin
6325,0.14787409,Test,Test-Raabin
6326,0.1697331,Test,Test-Raabin
6327,0.1724168,Test,Test-Raabin
6328,0.15738222,Test,Test-Raabin
6329,0.13703954,Test,Test-Raabin
6330,0.16017124,Test,Test-Raabin
6331,0.147632,Test,Test-Raabin
6332,0.13994884,Test,Test-Raabin
6333,0.119694375,Test,Test-Raabin
6334,0.142163,Test,Test-Raabin
6335,0.17930973,Test,Test-Raabin
6336,0.17543556,Test,Test-Raabin
6337,0.16297586,Test,Test-Raabin
6338,0.13639277,Test,Test-Raabin
6339,0.15938792,Test,Test-Raabin
6340,0.13862284,Test,Test-Raabin
6341,0.11874493,Test,Test-Raabin
6342,0.14476879,Test,Test-Raabin
6343,0.1445322,Test,Test-Raabin
6344,0.16053396,Test,Test-Raabin
6345,0.14408727,Test,Test-Raabin
6346,0.16788629,Test,Test-Raabin
6347,0.1045502,Test,Test-Raabin
6348,0.15607329,Test,Test-Raabin
6349,0.12807643,Test,Test-Raabin
6350,0.14853217,Test,Test-Raabin
6351,0.15783714,Test,Test-Raabin
6352,0.1303755,Test,Test-Raabin
6353,0.13851388,Test,Test-Raabin
6354,0.16135995,Test,Test-Raabin
6355,0.16719195,Test,Test-Raabin
6356,0.12424313,Test,Test-Raabin
6357,0.1495223,Test,Test-Raabin
6358,0.1846996,Test,Test-Raabin
6359,0.08194119,Test,Test-Raabin
6360,0.15502098,Test,Test-Raabin
6361,0.11816359,Test,Test-Raabin
6362,0.15560742,Test,Test-Raabin
6363,0.16803859,Test,Test-Raabin
6364,0.16571075,Test,Test-Raabin
6365,0.17799631,Test,Test-Raabin
6366,0.10991977,Test,Test-Raabin
6367,0.16482131,Test,Test-Raabin
6368,0.115845695,Test,Test-Raabin
6369,0.14666526,Test,Test-Raabin
6370,0.16890067,Test,Test-Raabin
6371,0.142302,Test,Test-Raabin
6372,0.14868997,Test,Test-Raabin
6373,0.1347962,Test,Test-Raabin
6374,0.15189528,Test,Test-Raabin
6375,0.15267153,Test,Test-Raabin
6376,0.15791516,Test,Test-Raabin
6377,0.14145774,Test,Test-Raabin
6378,0.12458137,Test,Test-Raabin
6379,0.17499763,Test,Test-Raabin
6380,0.18456046,Test,Test-Raabin
6381,0.14452012,Test,Test-Raabin
6382,0.13760233,Test,Test-Raabin
6383,0.16625969,Test,Test-Raabin
6384,0.1771929,Test,Test-Raabin
6385,0.13282669,Test,Test-Raabin
6386,0.14201526,Test,Test-Raabin
6387,0.13540135,Test,Test-Raabin
6388,0.16097349,Test,Test-Raabin
6389,0.16836853,Test,Test-Raabin
6390,0.14109854,Test,Test-Raabin
6391,0.15712258,Test,Test-Raabin
6392,0.16330251,Test,Test-Raabin
6393,0.14379303,Test,Test-Raabin
6394,0.15680297,Test,Test-Raabin
6395,0.18527636,Test,Test-Raabin
6396,0.15103902,Test,Test-Raabin
6397,0.14806548,Test,Test-Raabin
6398,0.13857268,Test,Test-Raabin
6399,0.1301428,Test,Test-Raabin
6400,0.1685265,Test,Test-Raabin
6401,0.16540171,Test,Test-Raabin
6402,0.12671432,Test,Test-Raabin
6403,0.14512382,Test,Test-Raabin
6404,0.16036077,Test,Test-Raabin
6405,0.13030621,Test,Test-Raabin
6406,0.16672562,Test,Test-Raabin
6407,0.14138103,Test,Test-Raabin
6408,0.13626176,Test,Test-Raabin
6409,0.14148282,Test,Test-Raabin
6410,0.1360068,Test,Test-Raabin
6411,0.17917728,Test,Test-Raabin
6412,0.15645102,Test,Test-Raabin
6413,0.15192145,Test,Test-Raabin
6414,0.14817984,Test,Test-Raabin
6415,0.13818897,Test,Test-Raabin
6416,0.15049297,Test,Test-Raabin
6417,0.14150411,Test,Test-Raabin
6418,0.1722991,Test,Test-Raabin
6419,0.14894709,Test,Test-Raabin
6420,0.13134028,Test,Test-Raabin
6421,0.14603838,Test,Test-Raabin
6422,0.16307302,Test,Test-Raabin
6423,0.1450607,Test,Test-Raabin
6424,0.12734024,Test,Test-Raabin
6425,0.15969639,Test,Test-Raabin
6426,0.14511658,Test,Test-Raabin
6427,0.16400787,Test,Test-Raabin
6428,0.15362641,Test,Test-Raabin
6429,0.16839372,Test,Test-Raabin
6430,0.16406749,Test,Test-Raabin
6431,0.14761229,Test,Test-Raabin
6432,0.15768433,Test,Test-Raabin
6433,0.1704765,Test,Test-Raabin
6434,0.15356739,Test,Test-Raabin
6435,0.15999019,Test,Test-Raabin
6436,0.15391718,Test,Test-Raabin
6437,0.15034719,Test,Test-Raabin
6438,0.14391841,Test,Test-Raabin
6439,0.18426104,Test,Test-Raabin
6440,0.15303989,Test,Test-Raabin
6441,0.13808662,Test,Test-Raabin
6442,0.123999454,Test,Test-Raabin
6443,0.14909318,Test,Test-Raabin
6444,0.15565918,Test,Test-Raabin
6445,0.15276764,Test,Test-Raabin
6446,0.14883,Test,Test-Raabin
6447,0.13821132,Test,Test-Raabin
6448,0.16191164,Test,Test-Raabin
6449,0.17135565,Test,Test-Raabin
6450,0.16156574,Test,Test-Raabin
6451,0.14109991,Test,Test-Raabin
6452,0.15550014,Test,Test-Raabin
6453,0.15490617,Test,Test-Raabin
6454,0.16184963,Test,Test-Raabin
6455,0.17102888,Test,Test-Raabin
6456,0.12851214,Test,Test-Raabin
6457,0.12988657,Test,Test-Raabin
6458,0.13929513,Test,Test-Raabin
6459,0.15548979,Test,Test-Raabin
6460,0.14026104,Test,Test-Raabin
6461,0.15063038,Test,Test-Raabin
6462,0.1636653,Test,Test-Raabin
6463,0.1868755,Test,Test-Raabin
6464,0.13079144,Test,Test-Raabin
6465,0.14457566,Test,Test-Raabin
6466,0.10582395,Test,Test-Raabin
6467,0.16305032,Test,Test-Raabin
6468,0.18412757,Test,Test-Raabin
6469,0.15102683,Test,Test-Raabin
6470,0.118934914,Test,Test-Raabin
6471,0.1643705,Test,Test-Raabin
6472,0.1538949,Test,Test-Raabin
6473,0.13878515,Test,Test-Raabin
6474,0.14364393,Test,Test-Raabin
6475,0.16646048,Test,Test-Raabin
6476,0.14959228,Test,Test-Raabin
6477,0.1476243,Test,Test-Raabin
6478,0.14254162,Test,Test-Raabin
6479,0.1693858,Test,Test-Raabin
6480,0.14896314,Test,Test-Raabin
6481,0.13742721,Test,Test-Raabin
6482,0.13545531,Test,Test-Raabin
6483,0.13781911,Test,Test-Raabin
6484,0.11410774,Test,Test-Raabin
6485,0.17354305,Test,Test-Raabin
6486,0.14213273,Test,Test-Raabin
6487,0.15745635,Test,Test-Raabin
6488,0.17870286,Test,Test-Raabin
6489,0.15511648,Test,Test-Raabin
6490,0.124802396,Test,Test-Raabin
6491,0.15043043,Test,Test-Raabin
6492,0.16078307,Test,Test-Raabin
6493,0.15195131,Test,Test-Raabin
6494,0.2207571,Test,Test-Raabin
6495,0.11011191,Test,Test-Raabin
6496,0.14859246,Test,Test-Raabin
6497,0.14756723,Test,Test-Raabin
6498,0.16722456,Test,Test-Raabin
6499,0.19243553,Test,Test-Raabin
6500,0.16100183,Test,Test-Raabin
6501,0.14192046,Test,Test-Raabin
6502,0.14618538,Test,Test-Raabin
6503,0.13867892,Test,Test-Raabin
6504,0.1498485,Test,Test-Raabin
6505,0.14682417,Test,Test-Raabin
6506,0.1566347,Test,Test-Raabin
6507,0.16926084,Test,Test-Raabin
6508,0.14260076,Test,Test-Raabin
6509,0.16860642,Test,Test-Raabin
6510,0.17679165,Test,Test-Raabin
6511,0.16426606,Test,Test-Raabin
6512,0.13820712,Test,Test-Raabin
6513,0.1500571,Test,Test-Raabin
6514,0.11764058,Test,Test-Raabin
6515,0.1524786,Test,Test-Raabin
6516,0.13379271,Test,Test-Raabin
6517,0.16285823,Test,Test-Raabin
6518,0.1411291,Test,Test-Raabin
6519,0.13821936,Test,Test-Raabin
6520,0.138021,Test,Test-Raabin
6521,0.12722325,Test,Test-Raabin
6522,0.17100444,Test,Test-Raabin
6523,0.16397786,Test,Test-Raabin
6524,0.13079953,Test,Test-Raabin
6525,0.14902052,Test,Test-Raabin
6526,0.15048572,Test,Test-Raabin
6527,0.16034605,Test,Test-Raabin
6528,0.15159397,Test,Test-Raabin
6529,0.14571482,Test,Test-Raabin
6530,0.16535611,Test,Test-Raabin
6531,0.14679152,Test,Test-Raabin
6532,0.17029253,Test,Test-Raabin
6533,0.16661553,Test,Test-Raabin
6534,0.15284303,Test,Test-Raabin
6535,0.14242624,Test,Test-Raabin
6536,0.14055243,Test,Test-Raabin
6537,0.15538773,Test,Test-Raabin
6538,0.1642878,Test,Test-Raabin
6539,0.14438905,Test,Test-Raabin
6540,0.21843672,Test,Test-Raabin
6541,0.15122944,Test,Test-Raabin
6542,0.16426346,Test,Test-Raabin
6543,0.13670157,Test,Test-Raabin
6544,0.17469056,Test,Test-Raabin
6545,0.1561795,Test,Test-Raabin
6546,0.18047747,Test,Test-Raabin
6547,0.16653715,Test,Test-Raabin
6548,0.16914617,Test,Test-Raabin
6549,0.17364097,Test,Test-Raabin
6550,0.14812791,Test,Test-Raabin
6551,0.14676557,Test,Test-Raabin
6552,0.14643379,Test,Test-Raabin
6553,0.14834045,Test,Test-Raabin
6554,0.15230677,Test,Test-Raabin
6555,0.09564232,Test,Test-Raabin
6556,0.15119413,Test,Test-Raabin
6557,0.15580185,Test,Test-Raabin
6558,0.15896156,Test,Test-Raabin
6559,0.16043259,Test,Test-Raabin
6560,0.15925023,Test,Test-Raabin
6561,0.15774193,Test,Test-Raabin
6562,0.13138543,Test,Test-Raabin
6563,0.18049178,Test,Test-Raabin
6564,0.15741917,Test,Test-Raabin
6565,0.15797713,Test,Test-Raabin
6566,0.17106606,Test,Test-Raabin
6567,0.13773054,Test,Test-Raabin
6568,0.17925657,Test,Test-Raabin
6569,0.11638423,Test,Test-Raabin
6570,0.15615126,Test,Test-Raabin
6571,0.16275689,Test,Test-Raabin
6572,0.1293145,Test,Test-Raabin
6573,0.17430685,Test,Test-Raabin
6574,0.13882983,Test,Test-Raabin
6575,0.1566391,Test,Test-Raabin
6576,0.15730825,Test,Test-Raabin
6577,0.13754918,Test,Test-Raabin
6578,0.17274956,Test,Test-Raabin
6579,0.12802415,Test,Test-Raabin
6580,0.16254947,Test,Test-Raabin
6581,0.1412763,Test,Test-Raabin
6582,0.12716912,Test,Test-Raabin
6583,0.09558858,Test,Test-Raabin
6584,0.13601005,Test,Test-Raabin
6585,0.12418578,Test,Test-Raabin
6586,0.14041853,Test,Test-Raabin
6587,0.14276119,Test,Test-Raabin
6588,0.1675637,Test,Test-Raabin
6589,0.13368778,Test,Test-Raabin
6590,0.1454506,Test,Test-Raabin
6591,0.16341572,Test,Test-Raabin
6592,0.16273467,Test,Test-Raabin
6593,0.15174858,Test,Test-Raabin
6594,0.1379925,Test,Test-Raabin
6595,0.13928898,Test,Test-Raabin
6596,0.15698348,Test,Test-Raabin
6597,0.13400708,Test,Test-Raabin
6598,0.16023397,Test,Test-Raabin
6599,0.13483527,Test,Test-Raabin
6600,0.14605224,Test,Test-Raabin
6601,0.1666949,Test,Test-Raabin
6602,0.13883117,Test,Test-Raabin
6603,0.1394454,Test,Test-Raabin
6604,0.13595773,Test,Test-Raabin
6605,0.1272827,Test,Test-Raabin
6606,0.12997608,Test,Test-Raabin
6607,0.15134957,Test,Test-Raabin
6608,0.14583574,Test,Test-Raabin
6609,0.1527242,Test,Test-Raabin
6610,0.13320889,Test,Test-Raabin
6611,0.14675403,Test,Test-Raabin
6612,0.18565159,Test,Test-Raabin
6613,0.14839754,Test,Test-Raabin
6614,0.15993279,Test,Test-Raabin
6615,0.123092905,Test,Test-Raabin
6616,0.15596288,Test,Test-Raabin
6617,0.18274377,Test,Test-Raabin
6618,0.12538561,Test,Test-Raabin
6619,0.14846362,Test,Test-Raabin
6620,0.14784373,Test,Test-Raabin
6621,0.14475504,Test,Test-Raabin
6622,0.16861513,Test,Test-Raabin
6623,0.15752156,Test,Test-Raabin
6624,0.106332,Test,Test-Raabin
6625,0.18010184,Test,Test-Raabin
6626,0.16792515,Test,Test-Raabin
6627,0.16253282,Test,Test-Raabin
6628,0.14433281,Test,Test-Raabin
6629,0.12660792,Test,Test-Raabin
6630,0.18008766,Test,Test-Raabin
6631,0.15265729,Test,Test-Raabin
6632,0.15854652,Test,Test-Raabin
6633,0.13114661,Test,Test-Raabin
6634,0.15810321,Test,Test-Raabin
6635,0.1685865,Test,Test-Raabin
6636,0.16121228,Test,Test-Raabin
6637,0.14955479,Test,Test-Raabin
6638,0.10725459,Test,Test-Raabin
6639,0.13963684,Test,Test-Raabin
6640,0.11574339,Test,Test-Raabin
6641,0.14651473,Test,Test-Raabin
6642,0.16476129,Test,Test-Raabin
6643,0.14906123,Test,Test-Raabin
6644,0.15943703,Test,Test-Raabin
6645,0.15139288,Test,Test-Raabin
6646,0.15402044,Test,Test-Raabin
6647,0.16207658,Test,Test-Raabin
6648,0.12073239,Test,Test-Raabin
6649,0.14226781,Test,Test-Raabin
6650,0.14798774,Test,Test-Raabin
6651,0.14369279,Test,Test-Raabin
6652,0.17673585,Test,Test-Raabin
6653,0.14645562,Test,Test-Raabin
6654,0.18865435,Test,Test-Raabin
6655,0.13884126,Test,Test-Raabin
6656,0.1616163,Test,Test-Raabin
6657,0.14768367,Test,Test-Raabin
6658,0.100428894,Test,Test-Raabin
6659,0.15333888,Test,Test-Raabin
6660,0.1770021,Test,Test-Raabin
6661,0.1325948,Test,Test-Raabin
6662,0.15973139,Test,Test-Raabin
6663,0.15543345,Test,Test-Raabin
6664,0.1490452,Test,Test-Raabin
6665,0.1704873,Test,Test-Raabin
6666,0.13621087,Test,Test-Raabin
6667,0.1556369,Test,Test-Raabin
6668,0.15776138,Test,Test-Raabin
6669,0.14763914,Test,Test-Raabin
6670,0.200046,Test,Test-Raabin
6671,0.17152126,Test,Test-Raabin
6672,0.14674568,Test,Test-Raabin
6673,0.16498594,Test,Test-Raabin
6674,0.16094589,Test,Test-Raabin
6675,0.13413393,Test,Test-Raabin
6676,0.14527354,Test,Test-Raabin
6677,0.13295676,Test,Test-Raabin
6678,0.12237971,Test,Test-Raabin
6679,0.14311986,Test,Test-Raabin
6680,0.18439506,Test,Test-Raabin
6681,0.13735092,Test,Test-Raabin
6682,0.15485908,Test,Test-Raabin
6683,0.13023582,Test,Test-Raabin
6684,0.12727748,Test,Test-Raabin
6685,0.13439794,Test,Test-Raabin
6686,0.1538944,Test,Test-Raabin
6687,0.1516117,Test,Test-Raabin
6688,0.13278554,Test,Test-Raabin
6689,0.12386175,Test,Test-Raabin
6690,0.11859532,Test,Test-Raabin
6691,0.114671275,Test,Test-Raabin
6692,0.112605706,Test,Test-Raabin
6693,0.15575218,Test,Test-Raabin
6694,0.18123719,Test,Test-Raabin
6695,0.13605745,Test,Test-Raabin
6696,0.14615571,Test,Test-Raabin
6697,0.15723713,Test,Test-Raabin
6698,0.11682486,Test,Test-Raabin
6699,0.16189818,Test,Test-Raabin
6700,0.16355649,Test,Test-Raabin
6701,0.13943987,Test,Test-Raabin
6702,0.14731303,Test,Test-Raabin
6703,0.15127438,Test,Test-Raabin
6704,0.18540154,Test,Test-Raabin
6705,0.17691518,Test,Test-Raabin
6706,0.18825044,Test,Test-Raabin
6707,0.17775637,Test,Test-Raabin
6708,0.12107244,Test,Test-Raabin
6709,0.17082205,Test,Test-Raabin
6710,0.17141718,Test,Test-Raabin
6711,0.18067381,Test,Test-Raabin
6712,0.16675599,Test,Test-Raabin
6713,0.16323185,Test,Test-Raabin
6714,0.14996955,Test,Test-Raabin
6715,0.15850031,Test,Test-Raabin
6716,0.16285233,Test,Test-Raabin
6717,0.20464465,Test,Test-Raabin
6718,0.13247989,Test,Test-Raabin
6719,0.16266562,Test,Test-Raabin
6720,0.16928151,Test,Test-Raabin
6721,0.15416196,Test,Test-Raabin
6722,0.13634115,Test,Test-Raabin
6723,0.1330902,Test,Test-Raabin
6724,0.17130724,Test,Test-Raabin
6725,0.14995141,Test,Test-Raabin
6726,0.17173499,Test,Test-Raabin
6727,0.14704366,Test,Test-Raabin
6728,0.13905357,Test,Test-Raabin
6729,0.1766313,Test,Test-Raabin
6730,0.16357224,Test,Test-Raabin
6731,0.16853908,Test,Test-Raabin
6732,0.15818112,Test,Test-Raabin
6733,0.15701261,Test,Test-Raabin
6734,0.13467366,Test,Test-Raabin
6735,0.1525139,Test,Test-Raabin
6736,0.15601648,Test,Test-Raabin
6737,0.14644845,Test,Test-Raabin
6738,0.1412241,Test,Test-Raabin
6739,0.16414042,Test,Test-Raabin
6740,0.14448422,Test,Test-Raabin
6741,0.17255837,Test,Test-Raabin
6742,0.14130445,Test,Test-Raabin
6743,0.15951191,Test,Test-Raabin
6744,0.20302223,Test,Test-Raabin
6745,0.16901107,Test,Test-Raabin
6746,0.14206806,Test,Test-Raabin
6747,0.17228138,Test,Test-Raabin
6748,0.14373192,Test,Test-Raabin
6749,0.16487706,Test,Test-Raabin
6750,0.1566557,Test,Test-Raabin
6751,0.17978668,Test,Test-Raabin
6752,0.10208206,Test,Test-Raabin
6753,0.124278426,Test,Test-Raabin
6754,0.14522313,Test,Test-Raabin
6755,0.15824331,Test,Test-Raabin
6756,0.15662587,Test,Test-Raabin
6757,0.16159244,Test,Test-Raabin
6758,0.16080438,Test,Test-Raabin
6759,0.15419294,Test,Test-Raabin
6760,0.100719154,Test,Test-Raabin
6761,0.13447532,Test,Test-Raabin
6762,0.1365727,Test,Test-Raabin
6763,0.14846042,Test,Test-Raabin
6764,0.15590766,Test,Test-Raabin
6765,0.10576686,Test,Test-Raabin
6766,0.14554448,Test,Test-Raabin
6767,0.1718561,Test,Test-Raabin
6768,0.13526145,Test,Test-Raabin
6769,0.14060852,Test,Test-Raabin
6770,0.1397766,Test,Test-Raabin
6771,0.1523822,Test,Test-Raabin
6772,0.14173289,Test,Test-Raabin
6773,0.19671685,Test,Test-Raabin
6774,0.14929785,Test,Test-Raabin
6775,0.17000812,Test,Test-Raabin
6776,0.12206468,Test,Test-Raabin
6777,0.11333823,Test,Test-Raabin
6778,0.1717448,Test,Test-Raabin
6779,0.14837156,Test,Test-Raabin
6780,0.15645203,Test,Test-Raabin
6781,0.16879669,Test,Test-Raabin
6782,0.14610273,Test,Test-Raabin
6783,0.17471363,Test,Test-Raabin
6784,0.1629402,Test,Test-Raabin
6785,0.15141387,Test,Test-Raabin
6786,0.1258069,Test,Test-Raabin
6787,0.1719474,Test,Test-Raabin
6788,0.14447519,Test,Test-Raabin
6789,0.16380191,Test,Test-Raabin
6790,0.143048,Test,Test-Raabin
6791,0.14706036,Test,Test-Raabin
6792,0.13674042,Test,Test-Raabin
6793,0.18072537,Test,Test-Raabin
6794,0.13797978,Test,Test-Raabin
6795,0.14832754,Test,Test-Raabin
6796,0.15520285,Test,Test-Raabin
6797,0.15198803,Test,Test-Raabin
6798,0.1307424,Test,Test-Raabin
6799,0.105043925,Test,Test-Raabin
6800,0.15254977,Test,Test-Raabin
6801,0.13340507,Test,Test-Raabin
6802,0.15823081,Test,Test-Raabin
6803,0.1660849,Test,Test-Raabin
6804,0.15501808,Test,Test-Raabin
6805,0.1266224,Test,Test-Raabin
6806,0.16669047,Test,Test-Raabin
6807,0.16846511,Test,Test-Raabin
6808,0.15099588,Test,Test-Raabin
6809,0.14757255,Test,Test-Raabin
6810,0.16640763,Test,Test-Raabin
6811,0.13750741,Test,Test-Raabin
6812,0.16354325,Test,Test-Raabin
6813,0.151251,Test,Test-Raabin
6814,0.14237037,Test,Test-Raabin
6815,0.13847543,Test,Test-Raabin
6816,0.16179489,Test,Test-Raabin
6817,0.13325456,Test,Test-Raabin
6818,0.13759719,Test,Test-Raabin
6819,0.098769404,Test,Test-Raabin
6820,0.15512016,Test,Test-Raabin
6821,0.12390427,Test,Test-Raabin
6822,0.14082687,Test,Test-Raabin
6823,0.15370636,Test,Test-Raabin
6824,0.1595646,Test,Test-Raabin
6825,0.14298753,Test,Test-Raabin
6826,0.110681444,Test,Test-Raabin
6827,0.17175359,Test,Test-Raabin
6828,0.16843763,Test,Test-Raabin
6829,0.1200756,Test,Test-Raabin
6830,0.16447863,Test,Test-Raabin
6831,0.17665453,Test,Test-Raabin
6832,0.12962063,Test,Test-Raabin
6833,0.13918509,Test,Test-Raabin
6834,0.168157,Test,Test-Raabin
6835,0.17152919,Test,Test-Raabin
6836,0.17598405,Test,Test-Raabin
6837,0.12819916,Test,Test-Raabin
6838,0.14946556,Test,Test-Raabin
6839,0.15580635,Test,Test-Raabin
6840,0.14918587,Test,Test-Raabin
6841,0.15144391,Test,Test-Raabin
