,class,class_class_logit_0_resnet,class_class_logit_1_resnet,class_class_logit_2_resnet,class_class_logit_3_resnet,class_class_logit_4_resnet,class_class_logit_5_resnet,class_class_logit_6_resnet,class_class_logit_7_resnet,class_class_prob_0_resnet,class_class_prob_1_resnet,class_class_prob_2_resnet,class_class_prob_3_resnet,class_class_prob_4_resnet,class_class_prob_5_resnet,class_class_prob_6_resnet,class_class_prob_7_resnet,class_pred_label_resnet,crossentropy_loss_resnet,incorrect_class_prob_resnet,correct_resnet,entropy_resnet,split
0,4,-5.6833353,51.197945,-34.41998,-12.550191,-18.618448,1.8906018,-9.7205305,-36.68332,1.980498e-25,1.0,6.5555606e-38,2.063179e-28,4.7766852e-31,3.855611e-22,3.494958e-27,6.817922e-39,1,69.81639,1.0,False,2.7443646e-20,Test
1,6,-4.4095526,41.422157,-28.585535,-9.824921,-15.730061,1.5163182,-6.957928,-30.514547,1.2460656e-20,1.0,3.9449943e-31,5.5421316e-23,1.5104528e-25,4.667827e-18,9.745319e-22,5.7317246e-32,1,48.380085,1.0,False,2.6963195e-16,Test
2,4,-3.966425,43.894375,-30.493597,-9.899204,-16.364418,2.3878238,-7.3969026,-32.47668,1.6380152e-21,1.0,4.9398655e-33,4.3425562e-24,6.759877e-27,9.417474e-19,5.3024996e-23,6.7994216e-34,1,60.258793,1.0,False,5.651042e-17,Test
3,4,-3.4787385,31.50751,-19.82034,-7.5440345,-11.604862,1.5256028,-5.790271,-25.549826,6.3924237e-16,1.0,5.112082e-23,1.0968061e-17,1.8903149e-19,9.528473e-14,6.335492e-17,1.6607884e-25,1,43.112373,1.0,False,4.1578212e-12,Test
4,6,-2.984568,12.708619,-8.424759,-3.5218797,-5.7494035,-2.3505642,-2.1645103,-7.189686,1.5294484e-07,0.99999917,6.6357586e-10,8.936828e-08,9.633455e-09,2.8832315e-07,3.4728166e-07,2.2817916e-09,1,14.87313,0.99999964,False,2.09893e-05,Test
5,5,-4.877071,42.808273,-30.149666,-10.471,-16.087765,1.9140865,-7.644447,-29.446932,1.9521713e-21,1.0,2.0642847e-32,7.262821e-24,2.641044e-26,1.73732e-18,1.2264838e-22,4.1683476e-32,1,40.894188,1.0,False,1.0264192e-16,Test
6,1,-4.9766965,84.232666,-59.083145,-18.438766,-30.31644,7.9750967,-14.611463,-66.92201,1.806611e-39,1.0,0.0,3e-45,0.0,7.6165596e-34,1.18e-43,0.0,1,-0.0,0.0,True,8.379489e-32,Test
7,1,-3.996328,46.711224,-32.25467,-10.798874,-17.425085,2.4218376,-7.976182,-34.750813,9.505847e-23,1.0,5.076295e-35,1.056044e-25,1.3994452e-28,5.825909e-20,1.7764866e-24,4.182994e-36,1,-0.0,0.0,True,3.7296304e-18,Test
8,4,-4.3670926,20.225903,-12.778992,-5.8188267,-7.9135833,-1.3022897,-4.5820246,-12.096747,2.0864026e-11,1.0,4.63614e-15,4.885599e-12,6.014179e-13,4.471207e-10,1.6828854e-11,9.171726e-15,1,28.139486,1.0,False,1.5438157e-08,Test
9,6,-2.4117253,4.8687906,-1.3449613,-2.5984142,-2.6427603,-3.630101,-2.0595002,-1.7734575,0.00068452035,0.9937431,0.0019891888,0.0005679475,0.00054331165,0.00020241948,0.00097354414,0.0012959326,1,6.9345675,0.9990265,False,0.070714936,Test
10,1,-4.7855372,55.291084,-39.035877,-12.712886,-20.673388,3.5858152,-9.251837,-40.807293,8.1106295e-27,1.0,1.0822e-41,2.9258513e-30,1.0210568e-33,3.5049923e-23,9.318901e-29,1.841e-42,1,-0.0,0.0,True,2.6152587e-21,Test
11,6,-4.3784595,23.355904,-15.052531,-6.850048,-9.065791,-1.449854,-5.367448,-13.680606,9.018181e-13,1.0,2.0865474e-17,7.615911e-14,8.306852e-15,1.686539e-11,3.354342e-13,8.227121e-17,1,28.72335,1.0,False,6.5726086e-10,Test
12,6,-3.7817492,23.585407,-15.597851,-6.4440856,-9.316197,-1.0654757,-4.716952,-14.980039,1.3019514e-12,1.0,9.614512e-18,9.085666e-14,5.140615e-15,1.969054e-11,5.110246e-13,1.7833643e-17,1,28.302359,1.0,False,7.7672063e-10,Test
13,6,-1.539264,0.17399397,-1.2268445,-1.1172167,-2.0914419,-4.3856354,2.0843189,-1.5377241,0.020599153,0.11426357,0.028153434,0.031415362,0.011858822,0.0011958752,0.77188283,0.020630894,6,0.25892252,0.22811717,True,1.2661476,Test
14,6,-1.834844,1.2934933,-0.0018595457,-1.8204905,-1.8895011,-5.1777143,-1.0853773,0.9718475,0.019702092,0.44991657,0.12318771,0.01998693,0.018654134,0.0006961811,0.041687097,0.32616925,1,3.1775637,0.9583129,False,1.9477807,Test
15,6,-4.824672,25.989464,-16.785658,-7.188069,-10.232012,-1.4481021,-5.345164,-16.882936,4.14563e-14,1.0,2.6484992e-19,3.901044e-15,1.8587194e-16,1.213434e-12,2.4634534e-14,2.403001e-19,1,31.334627,1.0,False,5.1185684e-11,Test
16,1,-4.5715704,74.47958,-53.278584,-16.031088,-27.208693,7.019591,-12.197372,-58.179794,4.6614343e-35,1.0,0.0,4.91716e-40,7e-45,5.0407823e-30,2.2734019e-38,0.0,1,-0.0,0.0,True,4.9059536e-28,Test
17,6,-1.9456553,2.6289651,-1.251709,-1.7697842,-2.5177653,-4.806597,0.8620351,-1.8593869,0.00837042,0.81185704,0.01675422,0.009979918,0.004723707,0.00047891226,0.13871121,0.009124585,1,1.9753611,0.8612888,False,0.96596986,Test
18,6,-2.9013808,-0.9625786,2.3164485,-1.4577091,-1.1095725,-6.1975427,0.19342057,0.89338195,0.0037132257,0.02580848,0.68521327,0.015730046,0.022280438,0.00013748214,0.08199861,0.16511853,2,2.5010529,0.9180014,False,1.4830303,Test
19,5,-4.7114153,70.02582,-49.067005,-15.558795,-25.42587,5.2966084,-11.969803,-53.891125,3.48362e-33,1.0,0.0,6.777603e-38,3.514e-42,7.735018e-29,2.453321e-36,0.0,1,64.72921,1.0,False,7.223685e-27,Test
20,6,-1.5767914,0.36836946,0.4842403,-1.3344347,-1.6308111,-4.3052406,-1.0125146,0.46083388,0.036276106,0.25374258,0.28491506,0.04622478,0.034368478,0.0023695733,0.06377978,0.27832368,2,2.752319,0.9362202,False,2.3513288,Test
21,4,-4.922183,20.31322,-12.343302,-6.712769,-7.662679,-1.6724539,-5.650024,-10.403221,1.0975e-11,1.0,6.5683034e-15,1.8313135e-12,7.08307e-13,2.8297234e-10,5.3003756e-12,4.571087e-14,1,27.975899,1.0,False,9.675922e-09,Test
22,4,-4.793736,42.826992,-28.60782,-10.497348,-15.756991,1.2841889,-8.19829,-30.733456,2.08248e-21,1.0,9.4679135e-32,6.942774e-24,3.6082686e-26,9.08216e-19,6.918323e-23,1.1300652e-32,1,58.583984,1.0,False,5.4581354e-17,Test
23,1,-4.7168655,96.778915,-67.809006,-20.730381,-34.666645,9.509817,-16.66819,-78.905136,8e-45,1.0,0.0,0.0,0.0,1.2575145e-38,0.0,0.0,1,-0.0,0.0,True,1.583246e-36,Test
24,6,-4.386481,-1.1649848,2.046437,-1.3641711,-1.4803178,-5.3439484,0.22831245,1.8128307,0.00078086124,0.019572739,0.48568475,0.016037848,0.014279215,0.0002997442,0.078841165,0.38450372,2,2.5403202,0.92115885,False,1.6309869,Test
25,1,-5.276834,90.52051,-65.64613,-19.035921,-33.381954,9.186385,-14.113757,-71.23814,2.487e-42,1.0,0.0,0.0,0.0,4.7537873e-36,0.0,0.0,1,-0.0,0.0,True,5.5781133e-34,Test
26,5,-5.809037,68.48307,-48.2127,-15.528741,-25.189749,4.7674675,-11.654229,-51.5985,5.4368586e-33,1.0,0.0,3.266889e-37,2.0816e-41,2.1314014e-28,1.5733068e-35,0.0,1,63.715603,1.0,False,1.9592892e-26,Test
27,4,-4.508397,30.859211,-19.342571,-8.312588,-11.378248,-0.46280056,-6.68137,-21.322138,4.3655946e-16,1.0,1.576315e-22,9.725321e-18,4.534249e-19,2.4947272e-14,4.9697316e-17,2.1773454e-23,1,42.237457,1.0,False,1.1528643e-12,Test
28,6,-1.7996613,6.244352,-3.0986874,-2.5522215,-3.3421166,-3.5141296,-1.3943986,-3.2673972,0.00032062,0.99875987,8.746425e-05,0.00015106285,6.856629e-05,5.7730616e-05,0.00048083256,7.388578e-05,1,7.6399913,0.99951917,False,0.016681027,Test
29,1,-2.7130067,29.873127,-20.6531,-7.285311,-11.437647,0.39604387,-5.3590407,-21.232964,7.0472985e-15,1.0,1.1395644e-22,7.282738e-17,1.1454023e-18,1.5785757e-13,4.9987866e-16,6.381266e-23,1,-0.0,0.0,True,7.0738077e-12,Test
30,1,-4.540624,76.31922,-53.826927,-16.382528,-27.772528,6.780695,-12.641904,-60.104553,7.6386075e-36,1.0,0.0,5.4972e-41,0.0,6.3066805e-31,2.31565e-39,0.0,1,-0.0,0.0,True,6.327133e-29,Test
31,4,-6.135584,109.02593,-77.47231,-23.026226,-39.11789,11.904162,-18.243156,-87.8275,0.0,1.0,0.0,0.0,0.0,6.61e-43,0.0,0.0,1,148.14383,1.0,False,9.2676e-41,Test
32,6,-5.027344,41.960716,-29.058056,-10.406405,-15.777922,1.4573234,-7.7593007,-28.645884,3.9205304e-21,1.0,1.4352938e-31,1.8082047e-23,8.402864e-26,2.5680335e-18,2.5519443e-22,2.1674254e-31,1,49.720016,1.0,False,1.5034602e-16,Test
33,6,-2.2677329,27.023037,-18.926693,-6.4064584,-10.495654,0.188466,-4.5936055,-19.445177,1.9018681e-13,1.0,1.1073524e-20,3.0321734e-15,5.079712e-17,2.2176527e-12,1.8580904e-14,6.5934122e-21,1,31.616642,1.0,False,9.4887806e-11,Test
34,6,-2.289771,5.509291,-1.6827159,-3.0890558,-2.6982045,-4.1595397,-2.650171,-2.0419328,0.00040909895,0.99751186,0.00075070455,0.00018395159,0.00027192428,6.306642e-05,0.0002853046,0.00052415923,1,8.161953,0.9997147,False,0.031436708,Test
35,6,-4.803226,5.1741257,-0.17360651,-3.505693,-2.7312608,-4.3508077,-2.7173998,-1.1708139,4.6092035e-05,0.99250996,0.004723287,0.00016870863,0.00036598995,7.246179e-05,0.00037109831,0.001742459,1,7.8990436,0.9996289,False,0.07540845,Test
36,4,-7.0050015,-3.2917402,3.9047723,-1.82021,-0.9780276,-6.792883,-1.9483367,7.9781795,3.058107e-07,1.2534346e-05,0.016730433,5.4598284e-05,0.00012674593,3.780719e-07,4.803238e-05,0.98302704,7,8.973326,0.9998733,False,0.12633246,Test
37,4,-4.9223957,37.565228,-24.743584,-9.5863285,-13.913752,0.45162138,-7.495256,-26.449009,3.530684e-19,1.0,8.702161e-28,3.32919e-21,4.395038e-23,7.616684e-17,2.6945194e-20,1.5811401e-28,1,51.47898,1.0,False,4.1018714e-15,Test
38,6,-4.310954,87.45569,-61.31384,-18.73995,-31.602968,8.363934,-14.719392,-70.81785,1.4004e-40,1.0,0.0,0.0,0.0,4.4759883e-35,4e-45,0.0,1,102.17508,1.0,False,5.1073573e-33,Test
39,0,-3.9946663,17.459309,-11.432855,-5.119432,-7.4045014,-1.3044299,-3.7607255,-11.215305,4.81567e-10,1.0,2.8333052e-13,1.563786e-10,1.5914195e-11,7.0959714e-09,6.0849425e-10,3.5218706e-13,1,21.453976,1.0,False,2.3131531e-07,Test
40,6,-3.9608977,32.138523,-22.277868,-7.834819,-12.437856,0.59839857,-5.615112,-22.231798,2.1000035e-16,1.0,2.329498e-24,4.3631263e-18,4.372452e-20,2.005847e-14,4.0160995e-17,2.4393192e-24,1,37.753635,1.0,False,9.260949e-13,Test
41,6,-5.536328,71.71515,-50.402145,-15.927834,-26.229239,5.4599133,-12.011331,-54.806458,2.819087e-34,1.0,0.0,8.652394e-39,2.9e-43,1.6815801e-29,4.345626e-37,0.0,1,83.72648,1.0,False,1.6073883e-27,Test
42,6,-2.3512204,16.188814,-10.314708,-4.26982,-6.761432,-1.1179813,-2.4249194,-11.444249,8.874931e-09,1.0,3.0879275e-12,1.302952e-09,1.0785355e-10,3.0461717e-08,8.2443865e-09,9.979589e-13,1,18.613733,1.0,False,1.2615449e-06,Test
43,6,-3.7555711,6.8876705,-4.6715326,-2.2030766,-3.9912522,-2.7991452,-0.78783965,-2.7679775,2.3843551e-05,0.9992454,9.540563e-06,0.000112618814,1.8837192e-05,6.204999e-05,0.00046370347,6.401436e-05,1,7.6762652,0.9995363,False,0.010280615,Test
44,6,-4.467655,-2.205798,2.6207006,-1.8420187,-0.9227756,-6.318336,0.07903666,3.500914,0.00023583877,0.002264266,0.28251988,0.0032577268,0.008168397,3.7057383e-05,0.022244282,0.6812725,7,3.8056703,0.9777557,False,1.1213965,Test
45,4,-4.3384776,14.0022745,-8.221982,-4.515917,-5.8325953,-1.4130558,-3.5126545,-8.105852,1.08321e-08,0.99999976,2.2290916e-10,9.070917e-09,2.4312272e-09,2.0193295e-07,2.4737908e-08,2.5035835e-10,1,19.83487,1.0,False,6.073634e-06,Test
46,6,-2.734189,13.53625,-9.101602,-3.8977926,-6.169788,-2.203223,-2.5548728,-7.8793335,8.58693e-08,0.99999964,1.4740281e-10,2.6822029e-08,2.765518e-09,1.4602708e-07,1.0273387e-07,5.004142e-10,1,16.091124,0.9999999,False,8.919917e-06,Test
47,5,-3.1289222,44.016914,-31.694199,-9.618474,-16.714035,2.831926,-6.769126,-33.09938,3.3482944e-21,1.0,1.3154714e-33,5.08683e-24,4.2158368e-27,1.2989312e-18,8.7882525e-23,3.2271464e-34,1,41.18499,1.0,False,7.741366e-17,Test
48,0,-1.5777439,24.986519,-15.361326,-6.1895943,-9.45613,0.30058676,-4.8217616,-21.172215,2.9059452e-12,1.0,3.0002172e-18,2.8865968e-14,1.1008984e-15,1.9012354e-11,1.1335171e-13,8.984974e-21,1,26.564262,1.0,False,7.9470674e-10,Test
49,6,0.9230285,12.585662,-8.050125,-3.678299,-5.607806,-2.364407,-2.2448318,-10.562926,8.609517e-06,0.9999906,1.0914077e-09,8.642652e-08,1.2550849e-08,3.2156092e-07,3.6240505e-07,8.844877e-11,1,14.830503,0.99999964,False,0.00017544352,Test
50,6,-2.819884,28.725368,-19.362892,-7.323973,-10.743116,0.21889442,-5.478906,-20.116055,1.9955895e-14,1.0,1.3047694e-21,2.2078482e-16,7.228624e-18,4.1667348e-13,1.3972461e-15,6.1438345e-22,1,34.204273,1.0,False,1.8125213e-11,Test
51,4,-4.4467506,1.3848513,2.0501544,-2.6718812,-1.462758,-5.2983127,-2.651757,2.4282625,0.00049878017,0.17003636,0.33073434,0.0029425602,0.009859182,0.00021285344,0.003002376,0.48271358,7,4.6193523,0.9901408,False,1.5934547,Test
52,4,-2.8089223,25.811796,-18.285297,-6.0401354,-10.219371,0.6616218,-4.082853,-18.210186,3.7168933e-13,1.0,7.061166e-20,1.4685254e-14,2.2483473e-16,1.1951371e-11,1.0397255e-13,7.611967e-20,1,36.031166,1.0,False,4.5416215e-10,Test
53,6,-2.4605422,10.722091,-6.6944156,-3.2113502,-5.0245423,-2.9431932,-2.1566575,-5.637364,1.8830095e-06,0.9999932,2.7296357e-08,8.887517e-07,1.4498431e-07,1.1620895e-06,2.55169e-06,7.855539e-08,1,12.878755,0.99999744,False,0.00013954921,Test
54,6,-2.5371037,13.121147,-7.8547926,-3.6219122,-5.460654,-1.8935786,-2.7340484,-9.011335,1.5838272e-07,0.9999994,7.767199e-10,5.3528066e-08,8.511896e-09,3.0143053e-07,1.3006955e-07,2.4433447e-10,1,15.855197,0.9999999,False,1.566697e-05,Test
55,4,-5.9213014,41.26768,-27.102766,-10.7266655,-15.188918,0.44744024,-8.354723,-28.864586,3.2068946e-21,1.0,2.0281165e-30,2.6250778e-23,3.0283779e-25,1.8706607e-18,2.8136036e-22,3.4829329e-31,1,56.4566,1.0,False,1.1040585e-16,Test
56,6,-4.315265,-2.487303,3.2743437,-1.30939,-0.644607,-6.7391553,1.2401683,1.0600795,0.0003969852,0.0024697236,0.7850543,0.008020649,0.015592689,3.516351e-05,0.10267591,0.0857545,2,2.2761776,0.8973241,False,1.0909841,Test
57,6,-3.8240476,20.129791,-13.417096,-5.7010536,-8.2722435,-1.4437696,-4.0087852,-11.727751,3.9534858e-11,1.0,2.6963257e-15,6.0507137e-12,4.6254396e-13,4.2728893e-10,3.2866196e-11,1.4603107e-14,1,24.138577,1.0,False,1.6055012e-08,Test
58,4,-5.910359,28.903852,-19.148418,-8.629195,-11.023684,-1.0350302,-6.8296323,-15.988864,7.5924074e-16,1.0,1.3525855e-21,5.007315e-17,4.5676355e-18,9.9473727e-14,3.0279183e-16,3.1867017e-20,1,39.927536,1.0,False,4.353257e-12,Test
59,6,3.0769734,3.493423,-4.195967,-1.3522583,-3.6245759,-4.6124907,0.6495586,-5.231758,0.38176933,0.57897896,0.00026497387,0.004552083,0.00046919682,0.00017470664,0.03369676,9.405125e-05,1,3.3903537,0.9663032,False,1.1988477,Test
60,6,-4.5519867,-1.8034893,2.7706144,-1.6424409,-1.0659741,-6.4196987,0.58517313,2.1226368,0.00039305142,0.0061391275,0.59513396,0.00721189,0.012835287,6.071729e-05,0.06690979,0.31131613,2,2.70441,0.9330902,False,1.4131334,Test
61,4,-5.164781,32.695747,-21.587042,-8.815249,-12.152557,-0.15024528,-7.0269833,-21.209843,3.6089596e-17,1.0,2.6624616e-24,9.375679e-19,3.331415e-20,5.4345863e-15,5.6057852e-18,3.8823947e-24,1,44.848305,1.0,False,2.5987822e-13,Test
62,6,-2.1987193,-0.50187993,-0.1814867,-1.0706633,-1.5601406,-3.7496815,0.72126526,0.20603395,0.02049754,0.111848384,0.1540901,0.063330114,0.03881798,0.004346377,0.38004494,0.22702456,6,0.96746576,0.61995506,True,2.3684368,Test
63,6,-4.259905,-2.3748422,2.8697948,-1.5858744,-0.79140383,-6.639592,0.29258132,2.876457,0.00037672106,0.0024813751,0.47033706,0.0054618116,0.012088457,3.4876655e-05,0.035738774,0.473481,7,3.3315191,0.96426123,False,1.338653,Test
64,1,-4.877912,47.748886,-30.80508,-11.485664,-17.400171,1.9642043,-9.0226145,-37.47048,1.3946736e-23,1.0,7.6637996e-35,1.8826153e-26,5.083054e-29,1.3060648e-20,2.2102988e-25,9.765595e-38,1,-0.0,0.0,True,8.63778e-19,Test
65,4,-5.475022,67.83533,-46.97155,-15.282881,-24.4964,4.9980264,-11.699611,-51.07374,1.4511763e-32,1.0,0.0,7.983992e-37,7.9587e-41,5.129885e-28,2.8735358e-35,0.0,1,92.331726,1.0,False,4.650654e-26,Test
66,1,-4.9603457,69.18803,-48.55969,-15.647018,-25.054554,6.078595,-11.9389925,-53.163235,6.2772956e-33,1.0,0.0,1.4341948e-37,1.1775e-41,3.9077056e-28,5.84766e-36,0.0,1,-0.0,0.0,True,3.5579417e-26,Test
67,6,-1.815416,-1.04613,2.3873794,-1.7417675,-1.0129825,-6.0479617,-0.7407253,1.2319833,0.01027298,0.022171402,0.68698514,0.0110581275,0.022918642,0.00014911637,0.030090453,0.21635413,2,3.5035472,0.96990955,False,1.3903173,Test
68,6,-2.7826464,-0.3348053,-0.6227614,-0.99428195,-1.8569045,-4.151665,1.513981,-0.46494317,0.008803184,0.10179436,0.07632486,0.0526401,0.022216953,0.002239147,0.64660853,0.08937284,6,0.43601426,0.35339147,True,1.7623893,Test
69,4,-4.3781796,3.1461675,0.06177583,-2.432759,-2.3121657,-4.2299933,-1.9542716,1.429917,0.00043502872,0.80593574,0.0368779,0.003043711,0.003433812,0.0005045156,0.004911429,0.14485794,1,5.674084,0.9965662,False,0.9318056,Test
70,6,-0.4648851,5.3063245,-2.3284845,-2.3745644,-3.146946,-3.7540133,-1.0942472,-3.8305473,0.003096913,0.9938791,0.0004803725,0.00045873912,0.00021189713,0.00011547255,0.001650443,0.00010696476,1,6.4067116,0.99834955,False,0.06576125,Test
71,6,-2.0355885,4.1072,-5.4158134,-1.271829,-3.8416655,-0.75837827,1.474597,-5.140377,0.0019771436,0.9200629,6.7301546e-05,0.004243603,0.00032483958,0.0070912624,0.0661443,8.864323e-05,1,2.7159164,0.9338557,False,0.47747788,Test
72,6,0.6099885,17.531633,-12.899947,-4.3760104,-7.7417283,-1.6685197,-2.1974063,-14.531779,4.477373e-08,1.0,6.077611e-14,3.0593628e-10,1.0566197e-11,4.5864783e-09,2.702631e-09,1.1886041e-14,1,19.72904,1.0,False,1.3070791e-06,Test
73,4,-5.543247,81.140274,-55.99358,-17.64666,-29.081686,7.532629,-14.042189,-64.555435,2.2585344e-38,1.0,0.0,1.25e-43,0.0,1.0779702e-32,4.6e-42,0.0,1,110.22196,1.0,False,1.1447359e-30,Test
74,4,-2.7365782,27.594812,-20.226936,-5.921106,-11.225146,1.2626123,-3.6036713,-20.45922,6.7180704e-14,1.0,1.7032533e-21,2.781131e-15,1.3826319e-17,3.6649767e-12,2.8227368e-14,1.3502038e-21,1,38.819958,1.0,False,1.4357554e-10,Test
75,6,-5.123811,46.450718,-32.36417,-11.239518,-17.364267,3.6358702,-8.679243,-33.481995,3.994544e-23,1.0,5.903765e-35,8.8196067e-26,1.9297595e-28,2.5453565e-19,1.1412032e-24,1.9304816e-35,1,55.12996,1.0,False,1.5725423e-17,Test
76,4,-4.9053082,6.7643723,-1.6707981,-3.632804,-3.0122805,-3.9512315,-3.4279468,-2.3033621,8.544966e-06,0.99951243,0.0002169903,3.0503645e-05,5.6733767e-05,2.2185059e-05,3.7438665e-05,0.000115271265,1,9.777141,0.99994326,False,0.007147474,Test
77,6,-3.0884678,30.076458,-19.955873,-7.5921383,-11.247308,0.27413878,-5.787789,-21.27142,3.950538e-15,1.0,1.8673843e-22,4.3725756e-17,1.1306209e-18,1.1402957e-13,2.6567808e-16,5.01072e-23,1,35.864246,1.0,False,5.107987e-12,Test
78,6,-4.004111,23.097229,-15.056215,-6.285356,-9.090654,-0.58515847,-4.564692,-14.7500925,1.6983918e-12,1.0,2.6925917e-17,1.735023e-13,1.0494958e-14,5.186441e-11,9.695731e-13,3.6569374e-17,1,27.66192,1.0,False,1.884968e-09,Test
79,6,-4.195901,34.280846,-23.32265,-8.735219,-13.0888815,0.2748677,-6.5697336,-23.77306,1.948775e-17,1.0,9.6187647e-26,2.0814257e-19,2.6766309e-21,1.7036939e-15,1.8147602e-18,6.130688e-26,1,40.85058,1.0,False,8.4785484e-14,Test
80,6,0.15306048,21.502083,-14.583734,-5.435245,-8.874719,-1.2851995,-3.5845726,-17.368107,5.348569e-10,1.0,2.1287737e-16,2.0010916e-12,6.4198247e-14,1.26943e-10,1.2735157e-11,1.31489515e-17,1,25.086655,1.0,False,2.1188432e-08,Test
81,4,-6.176117,63.88966,-44.036835,-15.121099,-23.089497,3.689895,-11.80951,-46.939053,3.7223576e-31,1.0,0.0,4.8536007e-35,1.680476e-38,7.170915e-27,1.3312723e-33,0.0,1,86.97916,1.0,False,6.228311e-25,Test
82,6,-0.6359222,-0.41378582,-0.5330448,-0.88496554,-1.9128196,-5.1528797,1.5367805,-1.7954056,0.073952995,0.092348196,0.08196623,0.05764978,0.020625584,0.0008077299,0.6494543,0.02319522,6,0.43162283,0.3505457,True,1.7825148,Test
83,1,-4.4232416,96.147964,-68.15967,-20.260468,-34.610886,9.15035,-15.944271,-78.29977,2.1e-44,1.0,0.0,0.0,0.0,1.6497463e-38,0.0,0.0,1,-0.0,0.0,True,2.0706165e-36,Test
84,6,-0.25426346,1.5708524,-2.8079195,-1.130447,-2.6999779,-4.497557,3.0865235,-4.7085404,0.027737962,0.17207281,0.0021579221,0.011549226,0.0024038882,0.0003983231,0.78335726,0.0003225571,6,0.2441664,0.21664274,True,0.9788782,Test
85,4,-6.1947527,11.979117,-6.7456264,-5.651817,-5.2876368,-3.594667,-4.631897,-1.9890109,1.27993545e-08,0.9999989,7.378142e-09,2.2028367e-08,3.1706147e-08,1.7234201e-07,6.1083966e-08,8.58457e-07,1,17.266756,0.99999994,False,2.606837e-05,Test
86,4,-6.802775,48.186745,-30.97713,-12.477186,-17.40759,0.79144037,-10.022475,-34.925735,1.3132713e-24,1.0,4.164511e-35,4.50805e-27,3.2564258e-29,2.6090373e-21,5.248758e-26,8.02987e-37,1,65.59434,1.0,False,1.7850706e-19,Test
87,4,-5.059387,25.21476,-16.592564,-7.1160493,-9.870057,-0.72121865,-5.426378,-15.207207,7.113855e-14,1.0,6.9712414e-19,9.097192e-15,5.792393e-16,5.4468812e-12,4.9285913e-14,2.7858837e-18,1,35.084816,1.0,False,2.0954945e-10,Test
88,4,-4.709321,55.617287,-37.95522,-12.721283,-19.971123,3.5837138,-10.199136,-42.7098,6.316661e-27,1.0,2.3014e-41,2.0938054e-30,1.48720515e-33,2.5240985e-23,2.6079023e-29,1.98e-43,1,75.58841,1.0,False,1.8953571e-21,Test
89,6,0.11395563,6.663624,-4.2066736,-2.4003823,-3.6415563,-3.183036,-1.2609919,-5.009787,0.0014277032,0.99798214,1.8976345e-05,0.00011552475,3.339182e-05,5.281689e-05,0.00036099885,8.500119e-06,1,7.9266357,0.999639,False,0.023730274,Test
90,6,-2.6943796,22.241985,-16.081154,-5.0367293,-9.278203,0.0806607,-2.880758,-15.353282,1.4800427e-11,1.0,2.2723338e-17,1.4223437e-12,2.0462398e-14,2.3738794e-10,1.2283753e-11,4.7052472e-17,1,25.122744,1.0,False,8.624357e-09,Test
91,4,-3.3875191,35.904797,-24.529055,-8.490961,-13.519592,1.3725365,-6.28777,-27.134472,8.621122e-18,1.0,5.674284e-27,5.2380133e-20,3.4297355e-22,1.0065368e-15,4.742436e-19,4.1917326e-28,1,49.42439,1.0,False,5.0666133e-14,Test
92,6,-5.7111063,48.115395,-31.989,-12.100552,-17.542553,1.2760526,-9.463553,-34.356895,4.201923e-24,1.0,1.6259386e-35,7.055809e-27,3.0557467e-29,4.5491787e-21,9.8578043e-26,1.5231389e-36,1,57.57895,1.0,False,3.0774533e-19,Test
93,6,-2.8487334,0.7363566,0.36219105,-1.7802497,-2.0238702,-5.2860594,-0.28182447,0.7548028,0.008554913,0.30846107,0.21217896,0.024903025,0.019518616,0.0007476501,0.111432,0.3142038,7,2.1943407,0.888568,False,2.1855843,Test
94,4,-5.6039896,26.298918,-15.224763,-8.130625,-9.520091,-1.5714996,-6.97601,-16.471436,1.3955422e-14,1.0,9.25751e-19,1.1154232e-15,2.7797295e-16,7.871035e-13,3.5390112e-15,2.6611584e-19,1,35.819008,1.0,False,3.253031e-11,Test
95,4,-3.8835306,61.22029,-42.79484,-13.336888,-22.337542,5.295019,-10.241714,-47.752605,5.3182636e-29,1.0,0.0,4.1708747e-33,5.1439312e-37,5.1518573e-25,9.2139385e-32,0.0,1,83.55783,1.0,False,4.157179e-23,Test
96,6,-3.4069965,13.320905,-8.849951,-4.0499434,-5.9449663,-1.8346856,-2.6436818,-6.7365136,5.4345623e-08,0.99999964,2.3513605e-10,2.857173e-08,4.2947548e-09,2.6182477e-07,1.1659183e-07,1.9461375e-09,1,15.964586,0.9999999,False,1.1308823e-05,Test
97,6,-2.0232491,9.813426,-6.312874,-2.6395469,-4.822539,-1.9454026,-1.0116068,-7.161506,7.234024e-06,0.99996054,9.9178926e-08,3.905941e-06,4.4021402e-07,7.819667e-06,1.9894393e-05,4.244863e-08,1,10.825072,0.9999801,False,0.0007065417,Test
98,6,2.4792302,1.8262861,-3.4592495,-1.0467155,-3.2356617,-4.764261,1.4978,-5.292965,0.5176577,0.26944658,0.0013645638,0.015231544,0.0017064621,0.00037002785,0.19400503,0.00021808276,0,1.6398712,0.805995,False,1.5879939,Test
99,6,-5.1627107,-2.9880466,4.316558,-1.589306,-0.43204033,-7.148452,0.6133832,1.3089955,7.0354916e-05,0.00061906927,0.92063755,0.0025072906,0.007976249,9.658245e-06,0.022689264,0.045490522,2,3.7858634,0.9773107,False,0.52154887,Test
100,6,-4.228045,3.7507455,-0.8109262,-2.5450609,-2.6149,-4.6891813,-2.0246317,1.4665033,0.00030607166,0.893239,0.009329509,0.001647152,0.0015360417,0.0001929985,0.0027717445,0.09097749,1,5.8882785,0.99722826,False,0.5821285,Test
101,5,-5.9023857,83.21187,-59.021755,-18.6354,-30.08768,7.480794,-14.425855,-63.53155,1.98687e-39,1.0,0.0,6e-45,0.0,1.2894769e-33,3.95e-43,0.0,1,75.73107,1.0,False,1.4088442e-31,Test
102,6,-2.4943151,8.895672,-6.181513,-2.8438282,-4.7699122,-2.4808533,-1.2928755,-5.311338,1.1307351e-05,0.99992955,2.831596e-07,7.972037e-06,1.1616664e-06,1.1460601e-05,3.7595823e-05,6.759946e-07,1,10.188618,0.9999624,False,0.0012061076,Test
103,6,-3.848694,15.536262,-10.50677,-4.09386,-6.8525324,-1.9691755,-2.6878896,-8.859888,3.812593e-09,1.0,4.8938995e-12,2.9836418e-09,1.8909077e-10,2.4973819e-08,1.2171708e-08,2.5403131e-11,1,18.224152,1.0,False,1.1490397e-06,Test
104,6,-4.6186852,16.753199,-10.922918,-5.222183,-7.2474694,-2.1402228,-3.5883038,-8.214449,5.22768e-10,1.0,9.559059e-13,2.858992e-10,3.7726152e-11,6.232918e-09,1.4648645e-09,1.43446e-11,1,20.341503,1.0,False,2.39926e-07,Test
105,4,-6.7036333,58.187866,-39.32142,-14.399004,-21.095362,2.559118,-11.213298,-42.164368,6.576254e-29,1.0,4.48e-43,2.9917386e-32,3.696004e-35,6.9301223e-25,7.235335e-31,2.7e-44,1,79.283226,1.0,False,5.5624154e-23,Test
106,6,-1.6059062,0.09532992,1.4927973,-1.7351319,-1.4969972,-5.6383533,-0.9916378,0.77304775,0.023092885,0.12656558,0.5119505,0.020293463,0.025749968,0.00040945725,0.042682663,0.24925548,2,3.1539624,0.95731735,False,1.9459262,Test
107,4,-2.694126,1.0271734,0.9029432,-1.7171571,-1.6521717,-4.950152,-0.33637995,0.41412255,0.008521228,0.3520804,0.31094915,0.022635719,0.024155557,0.0008927347,0.09004471,0.19072044,1,3.7232409,0.97584444,False,2.1440096,Test
108,6,-3.1128495,27.590624,-18.884832,-6.8261604,-10.719363,0.032038603,-5.0611577,-19.06459,4.6307427e-14,1.0,6.5458465e-21,1.129743e-15,2.3024194e-17,1.075123e-12,6.5994967e-15,5.4688836e-21,1,32.651783,1.0,False,4.516489e-11,Test
109,6,-5.018194,90.54725,-64.91314,-19.18275,-32.978394,8.840983,-14.603633,-71.12135,3.136e-42,1.0,0.0,0.0,0.0,3.276563e-36,0.0,0.0,1,105.15088,1.0,False,3.862326e-34,Test
110,6,-2.6881058,16.707731,-10.82014,-4.392775,-6.943235,-1.5448799,-2.8914323,-10.808178,3.7713312e-09,1.0,1.1086587e-12,6.8575146e-10,5.351995e-11,1.1830189e-08,3.0774545e-09,1.121999e-12,1,19.599163,1.0,False,5.268613e-07,Test
111,4,-2.2091594,16.077208,-9.880098,-4.300801,-6.484607,-1.0141659,-3.0354576,-11.55769,1.1437511e-08,1.0,5.3319406e-12,1.4123542e-09,1.5904797e-10,3.7784254e-08,5.005817e-09,9.961313e-13,1,22.561815,1.0,False,1.4183786e-06,Test
112,6,0.902763,13.672894,-9.871768,-3.2600644,-6.4056554,-1.7837386,-1.3122013,-11.857464,2.8444708e-06,0.99999666,5.9522554e-11,4.426985e-08,1.905442e-09,1.9376185e-07,3.1049493e-07,8.171565e-12,1,14.985098,0.9999997,False,6.956462e-05,Test
113,6,-3.949925,3.7473097,-1.5037687,-2.493896,-2.6046526,-3.4195712,-1.9036435,-0.35135236,0.00044074102,0.97062165,0.005087864,0.0018902915,0.0016921072,0.00074905425,0.0034109247,0.016107336,1,5.680772,0.99658906,False,0.24978176,Test
114,4,-5.774285,38.904392,-24.74848,-10.555106,-14.044973,-0.003696587,-8.652858,-26.895718,3.9472742e-20,1.0,2.269393e-28,3.3114053e-22,1.0101445e-23,1.2659944e-17,2.2189542e-21,2.6507904e-29,1,52.949364,1.0,False,7.133553e-16,Test
115,6,-5.219044,100.55406,-72.357864,-21.165266,-36.401146,10.454504,-16.483784,-80.81744,0.0,1.0,0.0,0.0,0.0,7.41755e-40,0.0,0.0,1,117.03784,1.0,False,9.641789e-38,Test
116,6,-3.3780587,25.046402,-17.270235,-6.3793955,-9.86707,-0.27777138,-4.585487,-16.121805,4.5228613e-13,1.0,4.189082e-19,2.2487956e-14,6.8749906e-16,1.0042722e-11,1.3521783e-13,1.3209173e-18,1,29.63189,1.0,False,3.9229353e-10,Test
117,6,-2.4457052,14.223421,-9.817434,-3.7448788,-6.542776,-1.9232509,-1.945459,-9.443028,5.763552e-08,0.99999976,3.6240073e-11,1.5720502e-08,9.579769e-10,9.7182856e-08,9.50483e-08,5.2697624e-11,1,16.16888,0.9999999,False,6.650304e-06,Test
118,6,-5.4330516,68.64441,-48.287735,-15.600336,-25.174974,4.9937286,-11.770315,-51.84567,6.738564e-33,1.0,0.0,2.588051e-37,1.7979e-41,2.2743677e-28,1.1921423e-35,0.0,1,80.41473,1.0,False,2.0885904e-26,Test
119,6,-3.8046353,26.454645,-17.647694,-6.822436,-10.394925,-0.23843272,-4.855302,-18.34349,7.220399e-14,1.0,7.024199e-20,3.531405e-15,9.918238e-17,2.5547236e-12,2.5250057e-14,3.5028188e-20,1,31.309948,1.0,False,1.0284977e-10,Test
120,6,-3.7064703,43.554092,-30.961008,-9.792694,-16.387363,2.580461,-7.1741056,-31.457396,2.9853712e-21,1.0,4.3501464e-33,6.788675e-24,9.284457e-27,1.6046391e-18,9.311574e-23,2.648036e-33,1,50.7282,1.0,False,9.5065055e-17,Test
121,4,-6.941425,65.465866,-44.613384,-15.531663,-23.82268,3.792398,-11.921054,-48.954674,3.58026e-32,1.0,0.0,6.6561105e-36,1.669084e-39,1.6426782e-27,2.462005e-34,0.0,1,89.28854,1.0,False,1.4616272e-25,Test
122,6,-2.199567,28.625446,-19.196985,-6.912202,-10.919514,0.1517025,-5.0189505,-21.264578,4.10078e-14,1.0,1.7020843e-21,3.6829506e-16,6.6964105e-18,4.3053687e-13,2.4458157e-15,2.1529733e-22,1,33.644398,1.0,False,1.9647638e-11,Test
123,5,-6.1073337,78.54274,-54.71019,-17.837128,-28.280914,5.771788,-13.874816,-59.90111,1.7256059e-37,1.0,0.0,1.389e-42,0.0,2.4887302e-32,7.3041e-41,0.0,1,72.77095,1.0,False,2.6128467e-30,Test
124,5,-5.8050256,47.76772,-33.261612,-11.712238,-17.970333,1.8188181,-8.658751,-33.73151,5.4156666e-24,1.0,6.44778e-36,1.4729318e-26,2.8205033e-29,1.1082694e-20,3.1210187e-25,4.030272e-36,1,45.948902,1.0,False,7.3511986e-19,Test
125,4,-4.0813,18.431225,-11.517631,-5.153819,-7.40088,-0.79602194,-3.9716613,-11.95784,1.6708412e-10,1.0,9.8486554e-14,5.716697e-11,6.0431018e-12,4.4638813e-09,1.8644489e-10,6.341571e-14,1,25.832104,1.0,False,1.3745392e-07,Test
126,6,-3.133698,9.743155,-5.5779734,-3.1222396,-4.6523504,-3.03521,-2.1658587,-5.226528,2.5565093e-06,0.99998426,2.2187677e-07,2.5859688e-06,5.5989267e-07,2.8211107e-06,6.7293668e-06,3.1531349e-07,1,11.909029,0.99999326,False,0.00030916068,Test
127,4,-3.8149922,29.802837,-20.679605,-7.3256297,-11.569575,0.33357573,-5.2462926,-19.94517,2.5116704e-15,1.0,1.1905642e-22,7.5043215e-17,1.0769339e-18,1.5909718e-13,6.0028357e-16,2.4815002e-22,1,41.372414,1.0,False,6.9202964e-12,Test
128,4,-4.366934,28.402788,-17.855576,-7.736533,-10.63233,-0.83360714,-6.146244,-19.168861,5.8653046e-15,1.0,8.132962e-21,2.0178673e-16,1.1149711e-17,2.0081449e-13,9.897947e-16,2.1872376e-21,1,39.03512,1.0,False,8.807972e-12,Test
129,6,-4.8030047,1.8631725,-0.12013518,-1.9584589,-2.410486,-4.8805394,0.7464763,-2.1799538,0.00083723397,0.65755314,0.090488054,0.01439519,0.009160189,0.0007747721,0.21525629,0.0115351565,1,1.5359259,0.7847437,False,1.4292434,Test
130,6,-3.5301633,30.060238,-21.26387,-7.3179836,-11.57015,0.5771886,-5.2629437,-19.917013,2.5815131e-15,1.0,5.1312486e-23,5.8458204e-17,8.320567e-19,1.5691857e-13,4.563913e-16,1.9731335e-22,1,35.32318,1.0,False,6.8261013e-12,Test
131,6,-0.96965075,5.4789577,-3.2927196,-2.4545026,-3.3301802,-3.5441322,-1.9504051,-3.336448,0.0015778186,0.9969013,0.00015458281,0.00035743258,0.00014889921,0.000120219185,0.00059172633,0.00014796876,1,7.4324665,0.99940825,False,0.036885038,Test
132,6,-3.0006325,10.106376,-7.52967,-2.910097,-5.0929613,-1.4484649,-1.5836589,-5.532703,2.030902e-06,0.99997735,2.1915579e-08,2.22335e-06,2.5061206e-07,9.589299e-06,8.376691e-06,1.6144509e-07,1,11.690058,0.9999916,False,0.00042365657,Test
133,4,-6.9078794,4.7294865,-2.3012376,-4.0636334,-3.508888,-4.7202435,-3.1746836,5.298876,3.1889094e-06,0.36114845,0.0003193604,5.4812863e-05,9.54564e-05,2.842629e-05,0.00013333627,0.63821703,7,9.256841,0.9999046,False,0.9521003,Test
134,4,-4.889176,38.53684,-24.014645,-9.998631,-13.891734,0.2152351,-8.216204,-28.355694,1.3814074e-19,1.0,6.827096e-28,8.3428344e-22,1.700434e-23,2.2758298e-17,4.959192e-21,8.89083e-30,1,52.428574,1.0,False,1.2672729e-15,Test
135,4,-4.9720483,47.240364,-31.800957,-11.421767,-17.203026,1.917027,-8.923817,-34.017353,2.11075e-23,1.0,4.7075022e-35,3.3370265e-26,1.0294171e-28,2.0716892e-20,4.0570113e-25,5.1312147e-36,1,64.44339,1.0,False,1.3562567e-18,Test
136,6,-4.518315,1.8493592,-1.8071728,-1.9754509,-2.7445867,-3.5757399,-0.5690183,2.7216887,0.00048404574,0.2820539,0.00728317,0.006155143,0.0028523763,0.001242343,0.025121413,0.67480767,7,3.6840348,0.9748786,False,1.169816,Test
137,6,-4.0709453,-1.613256,2.2534401,-1.3903493,-1.1192284,-6.1060357,0.7474619,1.9966496,0.00086209486,0.010067372,0.4810618,0.012581235,0.016499452,0.00011264879,0.1066996,0.37211585,2,2.237738,0.8933004,False,1.6371914,Test
138,6,0.81156033,6.517118,-4.5984225,-2.2903876,-3.8664448,-4.0621233,-0.7719574,-4.705226,0.003313357,0.9957734,1.4816397e-05,0.00014897365,3.0806073e-05,2.5331132e-05,0.0006800726,1.3315536e-05,1,7.293311,0.9993199,False,0.04372997,Test
139,6,-1.6580513,25.073122,-17.186855,-6.1776104,-9.725498,-0.15674406,-4.473887,-18.363829,2.4592307e-12,1.0,4.4332704e-19,2.679041e-14,7.7117056e-16,1.1035917e-11,1.4719641e-13,1.3663817e-19,1,29.547009,1.0,False,5.0405763e-10,Test
140,0,-3.2204773,56.228508,-37.559998,-13.020591,-19.480198,4.3075514,-11.063299,-46.16555,1.5192646e-26,1.0,1.8542e-41,8.423608e-31,1.3186367e-33,2.8249806e-23,5.9640137e-30,3e-45,1,59.448986,1.0,False,2.1173867e-21,Test
141,6,-2.1995912,0.91262954,-0.0035612937,-1.6910018,-1.883126,-4.9638534,0.5826105,-1.1415862,0.018317183,0.41160342,0.1646578,0.030460447,0.02513609,0.0011543961,0.29590583,0.05276482,1,1.2177141,0.7040942,False,2.1034074,Test
142,6,-4.4992747,20.450468,-12.566691,-6.1298294,-8.163972,-2.0482972,-4.7599926,-12.173255,1.4603744e-11,1.0,4.5796285e-15,2.8597198e-12,3.740298e-13,1.6939872e-10,1.1252164e-11,6.7873076e-15,1,25.21046,1.0,False,6.559042e-09,Test
143,6,-2.0079448,0.7729101,1.8638102,-1.9439462,-1.4594499,-5.5506063,-1.492746,0.3122982,0.012525489,0.20207131,0.60155666,0.0133533105,0.02167719,0.00036244027,0.020967308,0.12748627,2,3.864791,0.9790327,False,1.6892756,Test
144,4,-5.591365,31.69292,-19.748772,-8.819834,-11.620744,-0.7724333,-7.233698,-21.009508,6.421553e-17,1.0,4.5620167e-23,2.5440957e-18,1.5456635e-19,7.951984e-15,1.2427493e-17,1.29307926e-23,1,43.313663,1.0,False,3.7676234e-13,Test
145,6,-3.8638122,57.080296,-40.80558,-12.363094,-21.29845,4.723526,-9.06657,-44.176632,3.4065175e-27,1.0,3.08e-43,6.9361577e-31,9.13152e-35,1.8270225e-23,1.8740499e-29,1.1e-44,1,66.146866,1.0,False,1.3803402e-21,Test
146,1,-4.740608,78.11888,-55.98314,-16.681559,-28.57128,7.158404,-12.651364,-61.27948,1.0341438e-36,1.0,0.0,6.74e-42,0.0,1.5214414e-31,3.79299e-40,0.0,1,-0.0,0.0,True,1.5575778e-29,Test
147,4,-4.800615,26.40645,-16.433546,-7.6373854,-9.766789,-1.1931187,-6.345075,-16.67732,2.798618e-14,1.0,2.4821384e-19,1.6404027e-15,1.9505684e-16,1.0319517e-12,5.973007e-15,1.9451634e-19,1,36.17324,1.0,False,4.272301e-11,Test
148,6,-2.87709,4.5255094,-3.5888414,-1.4973092,-3.5797124,-3.5081635,0.98926735,-2.2706568,0.0005895057,0.96693224,0.00028931972,0.0023427135,0.00029197318,0.0003136292,0.028159548,0.0010810816,1,3.5698688,0.97184044,False,0.23986307,Test
149,4,-6.0276012,40.5751,-26.910318,-10.884502,-14.950764,0.2477783,-8.500945,-26.837229,5.7637464e-21,1.0,4.914218e-30,4.4810382e-23,7.681107e-25,3.0624387e-18,4.858968e-22,5.2868477e-30,1,55.525864,1.0,False,1.7859807e-16,Test
150,6,-1.000699,10.452142,-6.972969,-2.918887,-5.037955,-2.4490242,-1.3155708,-7.847884,1.0619025e-05,0.99997735,2.7062075e-08,1.5596462e-06,1.873814e-07,2.4950828e-06,7.750639e-06,1.1282098e-08,1,11.7677355,0.99999225,False,0.0004214104,Test
151,6,-1.0164293,4.443529,-1.5304337,-2.500986,-2.7072153,-4.5384436,-1.502187,-2.569012,0.0042025065,0.98795754,0.0025135018,0.0009522997,0.00077483535,0.00012414153,0.0025855126,0.0008896732,1,5.9578314,0.99741447,False,0.1225673,Test
152,6,-0.689124,5.165757,-2.723464,-2.557664,-3.2831059,-4.0334606,-1.3780625,-4.0611844,0.0028500985,0.99449486,0.0003726982,0.00043990952,0.00021296485,0.000100561796,0.00143106,9.781209e-05,1,6.54934,0.99856895,False,0.059924785,Test
153,1,-5.6513114,63.470818,-44.714203,-14.689896,-23.3671,4.0813446,-10.789619,-46.882618,9.5640045e-31,1.0,0.0,1.1356213e-34,1.9353968e-38,1.6124254e-26,5.6117975e-33,0.0,1,-0.0,0.0,True,1.3816366e-24,Test
154,6,-5.1384196,40.658257,-27.747625,-10.094299,-15.333543,0.95775247,-7.5928473,-28.470991,1.2904942e-20,1.0,1.9575017e-30,9.0875135e-23,4.820265e-25,5.731787e-18,1.108696e-21,9.496168e-31,1,48.251102,1.0,False,3.2922876e-16,Test
155,6,-2.9144256,16.56676,-11.032809,-4.3840227,-7.015156,-1.4455945,-2.912144,-10.640051,3.462815e-09,1.0,1.0319536e-12,7.965089e-10,5.734618e-11,1.5042987e-08,3.4707233e-09,1.5283842e-12,1,19.478903,1.0,False,6.118976e-07,Test
156,6,1.048332,-0.57954943,-2.1992192,-0.5260539,-2.5089526,-4.6985726,1.8791777,-4.3140817,0.2649704,0.05202564,0.010299209,0.054884575,0.0075559374,0.0008459573,0.6081757,0.0012425982,6,0.49729148,0.3918243,True,1.5376083,Test
157,4,-3.0355966,42.390938,-29.5212,-9.5507,-15.804842,2.388634,-7.130199,-31.905077,1.8685619e-20,1.0,5.8742773e-32,2.7671508e-23,5.319794e-26,4.238577e-18,3.1134606e-22,5.4156623e-33,1,58.195778,1.0,False,2.4586195e-16,Test
158,6,-4.3478236,27.524616,-18.057579,-7.590693,-10.542678,-0.89194506,-5.76094,-17.371563,1.438716e-14,1.0,1.5992049e-20,5.618422e-16,2.9348358e-17,4.5587346e-13,3.5015986e-15,3.1756827e-20,1,33.285557,1.0,False,1.9548968e-11,Test
159,6,-1.904352,-0.5147833,1.5479908,-1.727257,-1.0780917,-5.5698175,0.088272095,0.9898962,0.0152680725,0.06127258,0.4820783,0.018226175,0.034883857,0.00039074433,0.11198757,0.27589267,2,2.1893673,0.8880124,False,1.9913228,Test
160,1,-6.3579826,78.939804,-55.12928,-18.024508,-28.578844,6.1724043,-13.80592,-60.018898,9.029013e-38,1.0,0.0,7.75e-43,0.0,2.4975752e-32,5.2608e-41,0.0,1,-0.0,0.0,True,2.6219947e-30,Test
161,6,-3.8618958,-1.3088741,0.74168515,-0.83107144,-1.6991829,-5.6623297,1.6468227,1.2096565,0.0018197785,0.02337662,0.18168886,0.03769544,0.015822418,0.00030067677,0.44918427,0.290112,6,0.80032206,0.5508157,True,1.903299,Test
162,6,-6.772446,104.98793,-75.4523,-22.551556,-38.269,10.810957,-17.15555,-82.0605,0.0,1.0,0.0,0.0,0.0,1.2574e-41,0.0,0.0,1,122.14348,1.0,False,1.708392e-39,Test
163,6,-2.8965592,6.4744782,-2.5223925,-3.457907,-3.3002164,-4.467614,-2.8063364,-1.9017835,8.5099215e-05,0.9993449,0.00012371546,4.8543963e-05,5.683548e-05,1.7685805e-05,9.313408e-05,0.0002301183,1,9.28147,0.99990684,False,0.00950587,Test
164,6,-0.15690435,5.844103,-3.7736595,-2.5669615,-3.4815967,-4.362896,-0.6610485,-4.764948,0.0024653808,0.9956077,6.624407e-05,0.00022141625,8.8713205e-05,3.6748952e-05,0.0014891449,2.4583065e-05,1,6.5095534,0.99851084,False,0.047387403,Test
165,5,-6.1118464,58.563797,-39.875645,-14.163464,-21.326725,2.6584666,-11.03925,-43.014122,8.1606497e-29,1.0,1.77e-43,2.5998626e-32,2.0136723e-35,5.255613e-25,5.9126115e-31,7e-45,1,55.90533,1.0,False,4.2396477e-23,Test
166,6,-2.2326143,5.963308,-2.7144675,-2.394623,-3.2588694,-4.0019155,-0.8070424,-3.0478482,0.00027519919,0.9979087,0.00016997335,0.00023403857,9.86166e-05,4.690826e-05,0.0011448932,0.000121785466,1,6.772444,0.9988551,False,0.025976943,Test
167,5,-5.004012,61.451954,-42.029217,-14.413182,-22.115107,3.7334275,-11.436702,-46.86161,1.3757577e-29,1.0,1e-45,1.1276918e-33,5.0966633e-37,8.573598e-26,2.2123744e-32,0.0,1,57.718525,1.0,False,7.1405764e-24,Test
168,6,-0.9489924,24.166105,-16.904987,-5.391696,-9.787958,-0.5012665,-3.3219385,-19.285954,1.2378041e-11,1.0,1.4556332e-18,1.4561646e-13,1.794476e-15,1.9368526e-11,1.1537026e-12,1.3458959e-19,1,27.488045,1.0,False,1.1898259e-09,Test
169,6,-2.0989635,14.628541,-9.667635,-4.047903,-6.3720603,-2.0373938,-2.507373,-9.485541,5.43672e-08,0.9999999,2.8074005e-11,7.743244e-09,7.578005e-10,5.7819737e-08,3.613825e-08,3.3681162e-11,1,17.135914,0.99999994,False,4.001378e-06,Test
170,6,-4.5269017,15.169001,-9.706182,-5.0880814,-6.4010777,-2.3125536,-3.850901,-6.5213056,2.793692e-09,1.0,1.5734221e-11,1.5939e-09,4.2877968e-10,2.5577467e-08,5.492396e-09,3.8020684e-10,1,19.019901,1.0,False,9.475588e-07,Test
171,4,-3.9069655,32.172413,-22.1078,-7.636641,-12.127392,1.3581101,-5.8711915,-22.873398,2.1425173e-16,1.0,2.669336e-24,5.1421757e-18,5.76553e-20,4.1449422e-14,3.00519e-17,1.2413898e-24,1,44.299805,1.0,False,1.8557612e-12,Test
172,6,-4.096769,32.725704,-22.256905,-8.2114525,-12.537115,0.2220945,-6.0169754,-22.468132,1.01906944e-16,1.0,1.3223804e-24,1.6642507e-18,2.2009399e-20,7.653536e-15,1.493716e-17,1.0705858e-24,1,38.74268,1.0,False,3.6524397e-13,Test
173,6,-3.1750946,37.87977,-27.307102,-8.704981,-14.405753,2.0164123,-6.2037888,-27.03332,1.4794475e-18,1.0,4.894408e-29,5.8681513e-21,1.9619417e-23,2.6591432e-16,7.157385e-20,6.435836e-29,1,44.083557,1.0,False,1.3850952e-14,Test
174,4,-6.5126834,59.17852,-39.997795,-14.3418255,-21.5779,2.511047,-11.081989,-43.525623,2.9557945e-29,1.0,8.4e-44,1.1763017e-32,8.470923e-36,2.4526142e-25,3.0637039e-31,3e-45,1,80.756424,1.0,False,2.0053906e-23,Test
175,6,-3.600303,11.475161,-5.931863,-4.3406167,-4.7676654,-3.1607666,-3.561969,-5.5612855,2.8366705e-07,0.9999987,2.7556547e-08,1.3529908e-07,8.827334e-08,4.4024762e-07,2.9475223e-07,3.9917662e-08,1,15.03713,0.9999997,False,3.0580482e-05,Test
176,6,-6.0636606,-2.1568327,4.949489,-1.7406048,-0.6927748,-5.99672,-1.2481316,2.4559278,1.5118456e-05,0.0007520055,0.9171859,0.0011402143,0.003251272,1.6165131e-05,0.0018657988,0.07577352,2,6.284066,0.9981342,False,0.45966378,Test
177,6,-4.3947496,27.583693,-19.386065,-7.0145288,-11.098241,0.16496594,-4.629494,-17.70017,1.2940129e-14,1.0,3.9929482e-21,9.422879e-16,1.5872646e-17,1.2365127e-12,1.02326976e-14,2.1551036e-20,1,32.21319,1.0,False,5.0033033e-11,Test
178,6,-3.1665995,4.1753073,-2.0044258,-1.6130618,-2.8963284,-3.563943,-0.3881157,-1.8597112,0.0006351831,0.98050195,0.0020306,0.0030032513,0.0008322927,0.00042690852,0.010223014,0.0023467848,1,4.5831137,0.98977697,False,0.17931408,Test
179,4,-5.548424,39.174145,-26.203203,-10.213455,-14.474073,0.47752285,-7.9907975,-26.020967,3.777768e-20,1.0,4.0455513e-29,3.5582615e-22,5.0219887e-24,1.5641236e-17,3.2849232e-21,4.854245e-29,1,53.648216,1.0,False,8.758966e-16,Test
180,4,-5.283517,16.661669,-9.54379,-5.861965,-6.670752,-2.7671924,-4.850147,-8.083273,2.9466363e-10,1.0,4.160193e-12,1.6523805e-10,7.359674e-11,3.6488215e-09,4.5450327e-10,1.7922903e-11,1,23.33242,1.0,False,1.3435466e-07,Test
181,4,-5.4256206,34.952236,-23.238594,-9.295046,-13.003057,0.009390477,-7.319122,-22.574142,2.9115178e-18,1.0,5.3461794e-26,6.076433e-20,1.4903264e-21,6.6759876e-16,4.383109e-19,1.0389896e-25,1,47.95529,1.0,False,3.3855216e-14,Test
182,6,-3.1911755,9.601141,-6.5353303,-2.5891387,-5.0146956,-2.245372,-0.7038624,-5.1167274,2.7819294e-06,0.9999505,9.8174404e-08,5.0793387e-06,4.4916004e-07,7.1631393e-06,3.3463588e-05,4.0559195e-07,1,10.305053,0.99996656,False,0.0008523414,Test
183,6,-4.183831,71.98631,-51.394215,-15.641206,-26.205116,6.8298693,-11.968812,-56.572796,8.312414e-34,1.0,0.0,8.787243e-39,2.27e-43,5.0456524e-29,3.4574266e-37,0.0,1,83.955124,1.0,False,4.743048e-27,Test
184,5,-5.2458334,69.44908,-49.08487,-15.954895,-25.215702,5.5079803,-12.373548,-52.443874,3.634212e-33,1.0,0.0,8.119407e-38,7.72e-42,1.701111e-28,2.9166378e-36,0.0,1,63.9411,1.0,False,1.5692716e-26,Test
185,6,-1.8270335,-1.3775868,0.8377367,-0.51342875,-1.4995966,-5.568731,0.8105381,1.1521152,0.017949112,0.02813424,0.25783274,0.06676277,0.024902735,0.000425642,0.25091454,0.3530782,7,1.382643,0.7490854,False,2.1821709,Test
186,4,-4.6911197,20.7438,-13.126257,-6.396626,-8.041133,-1.6154133,-5.153973,-11.528796,8.9899e-12,1.0,1.951738e-15,1.63329e-12,3.154011e-13,1.9476783e-10,5.659012e-12,9.642515e-15,1,28.784931,1.0,False,6.9016406e-09,Test
187,6,-3.9264965,16.082518,-11.485689,-3.8778734,-7.6208515,-1.8171419,-1.4113908,-11.665437,2.0426576e-09,1.0,1.0648291e-12,2.1444302e-09,5.078759e-11,1.6837452e-08,2.526343e-08,8.896437e-13,1,17.493908,1.0,False,1.1949467e-06,Test
188,4,-4.82274,77.89191,-55.128246,-16.950167,-28.24771,7.774699,-12.972516,-60.940796,1.1953248e-36,1.0,0.0,6.466e-42,0.0,3.5357572e-31,3.45208e-40,0.0,1,106.13962,1.0,False,3.5767068e-29,Test
189,6,-4.006967,7.235849,-1.1068143,-3.988678,-3.1995866,-4.4142747,-3.5537648,-3.059322,1.3096403e-05,0.9996431,0.00023805238,1.3338122e-05,2.9362498e-05,8.714864e-06,2.0605126e-05,3.3783846e-05,1,10.78997,0.9999794,False,0.005219832,Test
190,6,-3.4466012,44.54452,-31.447315,-9.87719,-16.93586,3.2018445,-6.8933444,-34.733406,1.4378713e-21,1.0,9.934927e-34,2.3171345e-24,1.9925525e-27,1.109438e-18,4.579505e-23,3.7156538e-35,1,51.437866,1.0,False,6.627543e-17,Test
191,6,-1.1237822,6.029628,-5.03486,-1.7741116,-3.983838,-2.6236928,0.42592585,-5.4695425,0.00077820814,0.9949064,1.5578886e-05,0.00040612638,4.4564524e-05,0.00017365727,0.0036654335,1.0086861e-05,1,5.6088085,0.99633455,False,0.05283174,Test
192,6,-3.5582657,10.711087,-6.276827,-3.7737234,-4.773096,-3.0610275,-2.8497138,-4.7145987,6.3518036e-07,0.99999607,4.190256e-08,5.120648e-07,1.8849634e-07,1.0443471e-06,1.2900823e-06,1.9985178e-07,1,13.560804,0.9999987,False,8.512695e-05,Test
193,6,-5.947493,-1.1732912,1.5145274,-1.1009785,-1.8562382,-5.193248,-0.41357762,4.49659,2.7290316e-05,0.003231604,0.0475032,0.0034739468,0.0016323675,5.801936e-05,0.006908083,0.9371655,7,4.975063,0.99309194,False,0.41760048,Test
194,6,-0.759955,7.9106617,-4.89573,-2.3863058,-3.9790416,-2.218506,-0.6779721,-6.3007693,0.00017147744,0.9995584,2.7419715e-06,3.3720346e-05,6.8576524e-06,3.988105e-05,0.00018612813,6.7276267e-07,1,8.589075,0.99981385,False,0.0063541792,Test
195,6,-4.8527193,54.689323,-38.69958,-12.494933,-20.265825,3.837613,-9.324333,-40.51439,1.3842668e-26,1.0,2.7652e-41,6.641217e-30,2.8015177e-33,8.2296696e-23,1.5820571e-28,4.504e-42,1,64.01366,1.0,False,6.0387787e-21,Test
196,4,-5.4818287,10.737428,-5.0584254,-4.867513,-4.593439,-3.8878257,-4.257495,-2.9308896,9.0378464e-08,0.9999975,1.3802168e-07,1.6705498e-07,2.1972933e-07,4.4497125e-07,3.074587e-07,1.1585743e-06,1,15.33087,0.99999976,False,5.6378874e-05,Test
197,5,-4.071311,64.211105,-46.37442,-14.057218,-23.780807,5.4728847,-10.385084,-48.969875,2.2147412e-30,1.0,0.0,1.0197601e-34,6.103765e-39,3.092538e-26,4.011305e-33,0.0,1,58.73822,1.0,False,2.6208772e-24,Test
198,5,-5.520017,41.726357,-28.849968,-10.318164,-15.787491,1.4234722,-7.56048,-28.639606,3.0280376e-21,1.0,2.234044e-31,2.4966149e-23,1.0520913e-25,3.1381973e-18,3.9354976e-22,2.757077e-31,1,40.302883,1.0,False,1.8270604e-16,Test
199,1,-4.890674,55.550095,-39.252247,-12.627012,-20.598722,3.4691906,-9.474941,-40.937607,5.6351755e-27,1.0,6.728e-42,2.4606954e-30,8.491573e-34,2.4074186e-23,5.754189e-29,1.247e-42,1,-0.0,0.0,True,1.8093556e-21,Test
200,6,-5.9815836,96.92429,-69.05689,-20.925888,-34.884296,10.273331,-16.449938,-76.91079,1e-45,1.0,0.0,0.0,0.0,2.33327e-38,0.0,0.0,1,113.37423,1.0,False,2.9168424e-36,Test
201,6,-3.4231184,12.8267975,-6.6316566,-4.5701013,-5.2007656,-3.0374005,-3.5844257,-7.205458,8.764981e-08,0.99999964,3.5424244e-09,2.783703e-08,1.4815922e-08,1.2890398e-07,7.459273e-08,1.995731e-09,1,16.411222,0.99999994,False,8.528244e-06,Test
202,5,-3.3912635,39.51042,-28.776442,-8.871825,-15.33617,2.7005408,-5.8831754,-29.193563,2.3336487e-19,1.0,2.204912e-30,9.724263e-22,1.5150528e-24,1.031983e-16,1.9311297e-20,1.4529059e-30,1,36.80988,1.0,False,5.496167e-15,Test
203,6,-5.2635403,64.06316,-45.467155,-14.630699,-23.72284,4.9765425,-10.781025,-48.02854,7.794606e-31,1.0,0.0,6.6633035e-35,7.499343e-39,2.1827643e-26,3.1302584e-33,0.0,1,74.84419,1.0,False,1.8607533e-24,Test
204,6,-7.454485,-0.95323473,0.70348066,-1.9297267,-2.3516753,-5.803547,-0.73128295,7.247077,4.1136298e-07,0.00027395695,0.0014361,0.00010318041,6.76624e-05,2.143969e-06,0.0003420382,0.99777454,7,7.980588,0.999658,False,0.026301777,Test
205,4,-5.7894197,9.168919,-4.2926025,-4.916856,-4.152882,-3.848658,-4.1822076,-0.91478217,3.1890022e-07,0.9999502,1.4246691e-06,7.6314006e-07,1.6383023e-06,2.2208378e-06,1.5909559e-06,4.175251e-05,1,13.32185,0.9999984,False,0.0008330198,Test
206,4,-5.8376064,0.4581697,0.36651182,-2.1178925,-1.7172399,-2.6216662,-2.2544477,2.5122519,0.00018411498,0.09984123,0.09109686,0.0075952215,0.011338134,0.0045893835,0.00662575,0.77872926,7,4.4795837,0.9886619,False,1.1403745,Test
207,6,-3.4337475,24.391012,-15.786976,-6.4351873,-9.508734,-0.7923791,-4.8090506,-16.480133,8.2387265e-13,1.0,3.5556772e-18,4.0959254e-14,1.894643e-15,1.1560909e-11,2.0824485e-13,1.777814e-18,1,29.200062,1.0,False,4.637901e-10,Test
208,6,-3.3660655,35.64538,-24.715963,-8.293544,-13.583854,1.3158101,-6.0634685,-26.31574,1.1416819e-17,1.0,6.1010086e-27,8.271195e-20,4.168846e-22,1.2327031e-15,7.6926835e-19,1.2320469e-27,1,41.708847,1.0,False,6.174633e-14,Test
209,4,-3.771622,6.4415965,-2.103527,-2.447172,-3.2722716,-2.5276587,-1.8864633,-4.0056076,3.6651876e-05,0.9991731,0.00019433029,0.0001378154,6.0389495e-05,0.00012715768,0.00024144052,2.9005305e-05,1,9.714695,0.9999396,False,0.011726109,Test
210,4,-4.125677,7.231003,-1.4390855,-3.530312,-3.3074756,-3.5435836,-3.0491073,-4.832433,1.1687718e-05,0.999708,0.00017159391,2.1197942e-05,2.6489266e-05,2.0918456e-05,3.4298722e-05,5.7648663e-06,1,10.538771,0.99997354,False,0.0044251992,Test
211,6,-2.8828914,6.5665407,-2.8430338,-3.0441916,-3.536101,-4.128692,-2.00567,-2.7538347,7.868937e-05,0.9994301,8.1889106e-05,6.6967565e-05,4.0947816e-05,2.263977e-05,0.00018918591,8.952922e-05,1,8.572781,0.9998108,False,0.008424918,Test
212,5,-5.776645,71.78561,-50.615906,-16.269255,-26.182163,5.475943,-12.316154,-53.83009,2.066063e-34,1.0,0.0,5.731375e-39,2.84e-43,1.5925012e-29,2.9858594e-37,0.0,1,66.30966,1.0,False,1.5234833e-27,Test
213,6,-3.3816843,45.751602,-32.658134,-10.144511,-17.21801,3.0185814,-7.493817,-34.35169,4.588653e-22,1.0,8.8528695e-35,5.304274e-25,4.494123e-28,2.7623893e-19,7.512916e-24,1.6277383e-35,1,53.24542,1.0,False,1.7063475e-17,Test
214,6,-3.3674026,10.036404,-3.5032873,-3.951591,-4.324317,-3.603784,-3.2520943,-7.0528913,1.5093766e-06,0.99999285,1.3176007e-06,8.415652e-07,5.7971585e-07,1.1916218e-06,1.6938524e-06,3.7862616e-08,1,13.288505,0.99999833,False,0.00015109428,Test
215,6,-2.4632802,-0.6865561,0.5760217,-0.8486163,-1.8358551,-6.076158,1.5995258,-0.99127275,0.01028571,0.060793314,0.21487522,0.051698025,0.019262895,0.00027744783,0.5979826,0.044824865,6,0.51419365,0.4020174,True,1.7685826,Test
216,6,-3.2872357,8.825695,-5.114748,-3.3326073,-4.308353,-2.9310386,-2.2853017,-3.3264742,5.4878615e-06,0.9999584,8.8251977e-07,5.24443e-06,1.9766835e-06,7.836052e-06,1.4946433e-05,5.2766936e-06,1,11.111038,0.99998504,False,0.00076812884,Test
217,4,-3.36676,27.130356,-19.51463,-6.1980357,-10.848029,0.52209055,-4.2835183,-18.261162,5.692077e-14,1.0,5.525102e-21,3.354774e-15,3.2077207e-17,2.780849e-12,2.2757681e-14,1.9351488e-20,1,37.978386,1.0,False,1.1044901e-10,Test
218,6,-4.483554,39.284515,-26.369896,-9.797473,-14.659657,1.1024948,-7.339069,-28.29035,9.8122504e-20,1.0,3.0665598e-29,4.8301754e-22,3.7354575e-24,2.6167275e-17,5.6446163e-21,4.493741e-30,1,46.623585,1.0,False,1.4480349e-15,Test
219,4,-3.363992,45.35378,-31.629993,-10.249065,-16.593386,2.8964474,-7.742103,-33.26062,6.9525076e-22,1.0,3.6844486e-34,7.111997e-25,1.2493595e-27,3.6392736e-19,8.724715e-24,7.2144296e-35,1,61.947166,1.0,False,2.2341229e-17,Test
220,4,-5.6392508,23.155098,-15.50627,-6.7972775,-9.43499,-1.6054425,-5.1237535,-11.773194,3.1244446e-13,1.0,1.6202448e-17,9.8140585e-14,7.0194755e-15,1.7645505e-11,5.2318013e-13,6.773854e-16,1,32.590088,1.0,False,6.6926104e-10,Test
221,6,-4.7251983,18.707047,-11.105887,-5.815318,-7.554413,-2.3049486,-4.494529,-11.273965,6.660475e-11,1.0,1.12825405e-13,2.239092e-11,3.9336264e-12,7.4921486e-10,8.388484e-11,9.537018e-14,1,23.201576,1.0,False,2.872126e-08,Test
222,4,-2.6817143,41.417446,-28.589317,-9.134653,-15.280694,2.7505925,-6.840077,-32.142853,7.046582e-20,1.0,3.948668e-31,1.1104561e-22,2.378543e-25,1.6113813e-17,1.1016008e-21,1.130229e-32,1,56.69814,1.0,False,9.034686e-16,Test
223,6,-2.726945,-1.465459,1.5750767,-1.235831,-1.2299345,-6.398762,1.1093938,0.92537224,0.00580603,0.020499138,0.42876908,0.025790615,0.025943141,0.00014764858,0.26914105,0.22390325,2,1.3125197,0.7308589,False,1.9496455,Test
224,6,-2.2910783,21.818357,-14.543929,-5.815917,-8.655938,-0.6585901,-4.074786,-16.196226,3.3838023e-11,1.0,1.6145816e-16,9.967529e-13,5.8234606e-14,1.7313528e-10,5.6852687e-12,3.0936853e-17,1,25.893143,1.0,False,7.045984e-09,Test
225,5,-5.7399936,60.518967,-42.24286,-13.957278,-22.216997,3.8368642,-10.516479,-44.401245,1.6753311e-29,1.0,3e-45,4.5225048e-33,1.1701143e-36,2.4169954e-25,1.4115547e-31,0.0,1,56.682102,1.0,False,1.9766593e-23,Test
226,4,-4.9841204,29.590351,-18.213337,-8.190378,-10.931413,-0.9502039,-6.717748,-20.489128,9.649354e-16,1.0,1.7342914e-21,3.908741e-17,2.5212854e-18,5.450118e-14,1.7044861e-16,1.781388e-22,1,40.521763,1.0,False,2.460698e-12,Test
227,6,-3.8634055,53.705048,-38.592476,-11.772655,-20.072042,4.168412,-8.612452,-40.817604,9.961799e-26,1.0,8.2356e-41,3.6592874e-29,9.0994694e-33,3.0655766e-22,8.626901e-28,8.898e-42,1,62.317497,1.0,False,2.1916884e-20,Test
228,1,-5.9279013,87.87346,-61.786568,-19.47767,-31.750305,7.9360023,-15.113,-68.61185,1.8305e-41,1.0,0.0,0.0,0.0,1.9213422e-35,1e-45,0.0,1,-0.0,0.0,True,2.2157975e-33,Test
229,6,-3.6760862,-1.3914938,3.0767503,-1.3347434,-1.1201291,-6.30626,0.9207889,-1.3223763,0.0009996447,0.00981819,0.8561802,0.010391489,0.012879044,7.204027e-05,0.09913864,0.010520801,2,2.311236,0.9008614,False,0.8172667,Test
230,6,-2.297269,4.0011005,-3.4483197,-1.3468174,-3.3072557,-1.9617392,-0.03473513,-3.7933567,0.001788326,0.9722854,0.0005656552,0.0046261796,0.0006513508,0.002501298,0.017181164,0.0004005935,1,4.0639415,0.98281884,False,0.23149712,Test
231,4,-5.026473,20.517166,-11.676664,-6.5723977,-7.6541114,-2.1615407,-5.627485,-12.497695,8.063768e-12,1.0,1.0432688e-14,1.7185102e-12,5.825986e-13,1.4150202e-10,4.4210165e-12,4.5901575e-15,1,28.171278,1.0,False,5.185191e-09,Test
232,6,-5.1978903,-2.7338607,3.41032,-1.1464827,-0.8180655,-6.939926,0.9149498,2.4541306,0.00012220182,0.0014361249,0.66923094,0.0070239548,0.009754647,2.1405289e-05,0.055188734,0.25722206,2,2.8969965,0.9448113,False,1.2531912,Test
233,6,-3.7755008,0.3062276,2.755783,-2.3028495,-1.3288476,-5.331344,-1.1217719,0.8447941,0.0011384609,0.0674513,0.78130156,0.004964578,0.013148797,0.00024022807,0.01617402,0.115581065,2,4.124349,0.983826,False,1.1307987,Test
234,4,-3.6370513,54.230816,-38.399727,-11.633732,-19.990376,5.454992,-8.881721,-43.087326,7.384225e-26,1.0,5.903e-41,2.4853661e-29,5.8364147e-33,6.560367e-22,3.8955903e-28,5.44e-43,1,74.22119,1.0,False,4.6170617e-20,Test
235,6,-3.9450064,15.084702,-9.744397,-4.6938047,-6.4510794,-2.275548,-3.3201516,-7.7804265,5.4387916e-09,1.0,1.6476306e-11,2.5721922e-09,4.437402e-10,2.8876187e-08,1.0159528e-08,1.17436e-10,1,18.404854,1.0,False,1.2339453e-06,Test
236,4,-3.6839557,34.76177,-23.393764,-8.270566,-12.859407,1.2040366,-6.5065985,-24.886902,2.0101756e-17,1.0,5.538256e-26,2.0478355e-19,2.0815427e-21,2.6672415e-15,1.1950212e-18,1.2442615e-26,1,47.621178,1.0,False,1.3032965e-13,Test
237,4,-4.7052083,26.710102,-16.781275,-7.555878,-9.996059,-1.2056283,-6.15388,-17.297142,2.272502e-14,1.0,1.2939997e-19,1.3136331e-15,1.1447657e-16,7.5223356e-13,5.3376916e-15,7.7249687e-20,1,36.70616,1.0,False,3.1649416e-11,Test
238,4,-5.6756034,22.679224,-13.152288,-7.4329295,-8.403159,-2.270589,-6.424892,-12.968753,4.849028e-13,1.0,2.7451867e-16,8.364841e-14,3.1702458e-14,1.4602711e-11,2.292149e-13,3.2982288e-16,1,31.082382,1.0,False,5.601713e-10,Test
239,6,-1.7800936,2.9962122,-0.4477728,-2.4058886,-2.169399,-4.839633,-1.7243636,-0.7958103,0.007785285,0.92384195,0.029504891,0.0041638515,0.005274742,0.00036520223,0.008231475,0.020832589,1,4.79979,0.99176854,False,0.5604452,Test
240,4,-3.558792,57.04823,-40.99011,-12.179531,-21.263353,5.16913,-8.852608,-45.02567,4.7720507e-27,1.0,2.65e-43,8.605294e-31,9.765872e-35,2.945729e-23,2.3968001e-29,4e-45,1,78.311584,1.0,False,2.2051718e-21,Test
241,6,-1.6796017,14.531673,-9.324781,-4.042225,-6.326811,-2.44138,-2.360481,-10.538273,9.110299e-08,0.9999999,4.35786e-11,8.57943e-09,8.73525e-10,4.253013e-08,4.611374e-08,1.2949726e-11,1,16.892155,0.99999994,False,4.898063e-06,Test
242,6,-2.832522,7.040847,-5.0295105,-1.9354002,-4.283415,-3.0011096,0.20638517,-5.4447627,5.1460942e-05,0.9986827,5.719235e-06,0.0001262098,1.206044e-05,4.3477186e-05,0.0010746289,3.7756906e-06,1,6.8357797,0.9989254,False,0.015859507,Test
243,6,-4.2531285,23.942759,-16.190619,-6.7525067,-9.505484,-0.65908134,-4.8060584,-14.525151,5.684366e-13,1.0,3.7178836e-18,4.668914e-14,2.9758635e-15,2.068031e-11,3.269996e-13,1.9660684e-17,1,28.748817,1.0,False,7.7290313e-10,Test
244,6,-3.2810655,7.8500137,-3.9179368,-3.4611788,-3.7859483,-3.7220707,-2.446239,-3.027313,1.464833e-05,0.9998945,7.748156e-06,1.2233922e-05,8.841384e-06,9.424575e-06,3.3755787e-05,1.8879527e-05,1,10.296359,0.99996626,False,0.0018220871,Test
245,4,-6.4294147,37.42809,-24.26673,-10.129834,-13.98968,1.2379107,-8.29949,-26.472376,8.972785e-20,1.0,1.6079836e-27,2.2174648e-21,4.6724648e-23,1.9178094e-16,1.3828196e-20,1.7716578e-28,1,51.41777,1.0,False,1.0019895e-14,Test
246,6,-4.3589606,8.661842,-3.6696024,-3.6902523,-4.023837,-3.4995503,-3.049638,-3.6376936,2.2137217e-06,0.99996805,4.410702e-06,4.320555e-06,3.0950348e-06,5.2283012e-06,8.198887e-06,4.5537126e-06,1,11.711512,0.9999918,False,0.0006108471,Test
247,4,-4.420756,13.303118,-8.089492,-4.4927397,-5.6831737,-2.2993908,-3.5521944,-5.9020433,2.0073337e-08,0.99999976,5.1204485e-10,1.8679172e-08,5.680128e-09,1.6746209e-07,4.7844363e-08,4.5635624e-09,1,18.986292,1.0,False,6.5675954e-06,Test
248,6,-0.67200214,-0.26153776,0.79845965,-1.3805456,-1.4985281,-4.1793447,-0.6751178,-0.83003974,0.10341932,0.15590647,0.45000273,0.05091963,0.045252863,0.0031001468,0.1030976,0.08830125,2,2.272079,0.8969024,False,2.3687444,Test
249,4,-4.817684,35.813644,-23.73184,-9.249756,-13.276644,0.48705062,-7.329515,-24.517889,2.2596345e-18,1.0,1.3795066e-26,2.6866676e-20,4.7902653e-22,4.5483573e-16,1.8330088e-19,6.2856056e-27,1,49.090286,1.0,False,2.332658e-14,Test
250,6,-2.0740023,-1.2526737,2.7953439,-1.6110716,-1.118495,-5.746286,-0.65751195,0.2753158,0.0065649357,0.014925502,0.8549892,0.010429865,0.01706876,0.00016686988,0.027064774,0.06879016,2,3.6095223,0.9729352,False,0.9089615,Test
251,6,-1.6610851,30.92349,-22.526405,-6.752473,-12.299716,1.5212017,-3.9060767,-24.393585,7.0582756e-15,1.0,6.123565e-24,4.340468e-17,1.6919999e-19,1.7011726e-13,7.476723e-16,9.464516e-25,1,34.829567,1.0,False,7.587871e-12,Test
252,6,-4.5290766,-2.0077841,1.2831655,-0.4471918,-1.4208866,-5.431554,1.6556672,1.608617,0.00072562153,0.009030122,0.24262461,0.042998195,0.016239773,0.00029428577,0.3521359,0.33595154,6,1.0437381,0.6478641,True,1.9187258,Test
253,6,-1.6691902,3.346247,-2.8753011,-1.4733922,-2.9704282,-3.4838398,0.9222211,-2.9409754,0.005977227,0.90089965,0.0017893382,0.007269988,0.0016269688,0.0009736603,0.0797876,0.0016756003,1,2.5283873,0.9202124,False,0.5790693,Test
254,4,-5.141206,49.766487,-33.923477,-11.626943,-18.345566,2.5130236,-8.83757,-37.110138,1.4252543e-24,1.0,4.5072364e-37,2.173565e-27,2.6261e-30,3.0066402e-21,3.536562e-26,1.8619204e-38,1,68.11205,1.0,False,2.0508576e-19,Test
255,6,-4.9721603,-1.259639,2.0228925,-0.94168043,-1.4408296,-5.963011,0.30849105,2.5115216,0.00031257013,0.0128019145,0.3410831,0.01759392,0.010680336,0.00011604505,0.061419338,0.5559928,7,2.7900305,0.93858063,False,1.5055103,Test
256,6,-4.0499306,37.776478,-26.176575,-9.248158,-14.386231,1.2189966,-6.624232,-26.439394,6.839457e-19,1.0,1.6809012e-28,3.7797263e-21,2.2183171e-23,1.3282756e-16,5.2121413e-20,1.2924102e-28,1,44.40071,1.0,False,7.0503656e-15,Test
257,6,-2.4647946,-0.79591334,-0.27497956,-1.3705405,-1.3714119,-3.2161078,0.7595384,0.04382751,0.016918289,0.0897723,0.15114056,0.050534155,0.050490126,0.007981146,0.4252717,0.20789172,6,0.8550271,0.5747283,True,2.3102243,Test
258,4,-3.387678,55.76258,-40.133923,-12.041755,-20.664574,5.5453367,-9.081388,-44.737347,2.0481877e-26,1.0,2.252e-42,3.5723236e-30,6.4284834e-34,1.552131e-22,6.8963784e-29,2.2e-44,1,76.427155,1.0,False,1.124666e-20,Test
259,6,-4.13211,28.122484,-19.715391,-7.2347217,-11.1201105,0.56596106,-5.1202846,-18.530546,9.817667e-15,1.0,1.6760026e-21,4.4112454e-16,9.0606056e-18,1.0773439e-12,3.654682e-15,5.48083e-21,1,33.242767,1.0,False,4.348566e-11,Test
260,4,-4.198352,79.32987,-56.30905,-16.913841,-28.580065,6.7029757,-13.040487,-62.674255,5.298519e-37,1.0,0.0,1.592e-42,0.0,2.8743405e-32,7.6571e-41,0.0,1,107.909935,1.0,False,3.0117538e-30,Test
261,6,-4.9856896,59.31771,-41.43653,-13.597512,-21.815512,3.4590309,-10.331262,-44.38605,1.1841017e-28,1.0,1.7e-44,2.1543754e-32,5.811501e-36,5.5065957e-25,5.6472366e-31,1e-45,1,69.64897,1.0,False,4.4387067e-23,Test
262,4,-4.593084,20.004288,-11.481018,-6.2418065,-7.4217114,-1.8065791,-5.3970737,-12.258119,2.0772897e-11,1.0,2.1188754e-14,3.9945356e-12,1.2275526e-12,3.3702388e-10,9.296701e-12,9.741265e-15,1,27.425999,1.0,False,1.1884027e-08,Test
263,1,-4.1387362,88.17867,-62.20779,-18.8818,-31.640028,8.003573,-14.902419,-70.44305,8.0734e-41,1.0,0.0,0.0,0.0,1.5149403e-35,1e-45,0.0,1,-0.0,0.0,True,1.7523153e-33,Test
264,6,-3.9005983,36.123795,-25.860636,-8.425789,-14.144294,1.4249636,-5.625063,-25.3718,4.1459856e-18,1.0,1.2036627e-27,4.4911933e-20,1.475184e-22,8.520984e-16,7.390986e-19,1.9624693e-27,1,41.748856,1.0,False,4.2942714e-14,Test
265,6,-2.5336928,-1.3008183,1.2926496,-1.2153816,-1.1384435,-5.2801347,0.9583424,0.012497244,0.009636341,0.03306304,0.4422538,0.036012013,0.038892083,0.0006182264,0.3165802,0.12294431,2,1.1501787,0.6834198,False,2.006279,Test
266,6,-3.350806,41.9359,-29.495094,-9.672056,-15.834354,1.962785,-7.046456,-30.42822,2.1489794e-20,1.0,9.504099e-32,3.8632207e-23,8.1413527e-26,4.364108e-18,5.3362066e-22,3.7381937e-32,1,48.982357,1.0,False,2.5311846e-16,Test
267,4,-5.170778,13.263558,-5.9980187,-5.7529154,-4.9344087,-3.1471064,-5.270997,-5.652061,9.864378e-09,0.9999999,4.3132347e-09,5.511253e-09,1.24946204e-08,7.463431e-08,8.9236964e-09,6.0960854e-09,1,18.197968,1.0,False,3.205409e-06,Test
268,6,-4.892492,19.028755,-12.046679,-6.070953,-7.7697487,-2.1883895,-4.5934796,-9.462857,4.084456e-11,1.0,3.1923506e-14,1.2569994e-11,2.2990988e-12,6.102551e-10,5.5080007e-11,4.2291233e-13,1,23.622234,1.0,False,2.2529404e-08,Test
269,0,-1.587455,25.33423,-17.606632,-5.827788,-9.82161,0.4113002,-4.471223,-19.598349,2.032639e-12,1.0,2.2439825e-19,2.9275722e-14,5.3952536e-16,1.5000617e-11,1.13672574e-13,3.062167e-20,1,26.921686,1.0,False,6.245437e-10,Test
270,6,-2.465534,26.398388,-19.52979,-5.7667136,-10.755861,1.1181622,-3.5205345,-19.571817,2.9144585e-13,1.0,1.1314782e-20,1.07367914e-14,7.313306e-17,1.0493913e-11,1.0147921e-13,1.0849074e-20,1,29.918922,1.0,False,3.9974915e-10,Test
271,6,-2.0966873,5.8317595,-1.8201542,-2.7833815,-3.1916323,-4.2137313,-1.7472255,-3.1774378,0.00035969313,0.99818915,0.00047427363,0.00018101088,0.00012033823,4.3302392e-05,0.0005101541,0.00012205855,1,7.5807977,0.99948984,False,0.023573328,Test
272,6,-3.834151,19.714655,-13.066899,-5.5215125,-8.081898,-1.6628349,-3.9827726,-11.564664,5.9276674e-11,1.0,5.7963083e-15,1.0966589e-11,8.4744316e-13,5.198457e-10,5.1090236e-11,2.6035387e-14,1,23.697428,1.0,False,2.0227903e-08,Test
273,4,-4.335506,30.214558,-19.756159,-7.6568503,-11.3847275,0.11655028,-5.9736824,-21.578016,9.887758e-16,1.0,1.9860617e-22,3.5699087e-17,8.5834133e-19,8.4840175e-14,1.9215294e-16,3.211972e-23,1,41.599285,1.0,False,3.7452706e-12,Test
274,4,-5.5139937,35.6082,-23.078033,-9.557686,-13.126469,-0.10527736,-7.6840873,-23.932869,1.3831165e-18,1.0,3.2575614e-26,2.4249622e-20,6.8360035e-22,3.0891112e-16,1.5790617e-19,1.385614e-26,1,48.73467,1.0,False,1.6009777e-14,Test
275,4,-7.5416274,-3.0035605,3.2014582,-1.9470801,-1.1701744,-6.2922816,-2.1651092,8.733856,8.5092054e-08,7.956945e-06,0.0039405054,2.2886004e-05,4.977096e-05,2.968062e-07,1.8402685e-05,0.99596006,7,9.908079,0.99995023,False,0.03878795,Test
276,6,-4.693672,81.57133,-58.29359,-17.462229,-29.850628,7.4195304,-13.042804,-64.006256,3.4323122e-38,1.0,0.0,9.8e-44,0.0,6.255829e-33,8.12e-42,0.0,1,94.61413,1.0,False,6.6924298e-31,Test
277,1,-4.4183216,86.03091,-60.784306,-18.220057,-31.276058,8.063812,-14.001342,-69.029884,5.22878e-40,1.0,0.0,0.0,0.0,1.3782281e-34,3.6e-44,0.0,1,-0.0,0.0,True,1.5502756e-32,Test
278,6,-3.9512918,4.0910277,-2.021374,-1.9658885,-2.8737297,-3.0550816,-1.2284465,-1.0423819,0.00031606192,0.9828949,0.002177332,0.0023015575,0.00092843466,0.00077444594,0.0048115915,0.0057955636,1,5.336727,0.9951884,False,0.1650308,Test
279,4,-4.650874,10.807334,-5.6983614,-4.6127877,-4.582723,-3.2722683,-3.9816232,-3.5152884,1.9345703e-07,0.9999976,6.7868235e-08,2.0096712e-07,2.0710105e-07,7.679013e-07,3.7777767e-07,6.0223107e-07,1,15.3900585,0.9999998,False,5.4541582e-05,Test
280,6,-4.1399093,30.066916,-20.548096,-7.636771,-11.686251,0.008514736,-5.410255,-19.92619,1.3936847e-15,1.0,1.0427473e-22,4.221797e-17,7.3591953e-19,8.826779e-14,3.9125622e-16,1.9420983e-22,1,35.47717,1.0,False,3.918887e-12,Test
281,4,-4.9207673,8.715303,-4.0826406,-3.8999116,-4.0456033,-3.1588938,-3.2469764,-2.8768058,1.1965084e-06,0.99996734,2.766364e-06,3.320989e-06,2.8707454e-06,6.9676703e-06,6.3801886e-06,9.238395e-06,1,12.760939,0.99999714,False,0.00061917637,Test
282,6,-2.0992327,4.622147,-5.5616493,-0.9894083,-4.2166038,-4.6755614,4.9160156,-8.998576,0.00051342417,0.42612246,1.6097849e-05,0.001557639,6.178933e-05,3.9047278e-05,0.5716891,5.177612e-07,6,0.55915993,0.42831087,True,1.0074326,Test
283,4,-5.489014,39.76153,-26.416498,-10.319281,-14.669967,0.5438573,-8.104828,-27.1664,2.228116e-20,1.0,1.816544e-29,1.7790179e-22,2.2945637e-24,9.2892466e-18,1.6289363e-21,8.581597e-30,1,54.4315,1.0,False,5.271578e-16,Test
284,6,-4.9638596,25.748226,-16.262264,-7.544381,-9.942567,-1.3422308,-5.938304,-16.044958,4.5910355e-14,1.0,5.6895225e-19,3.4770006e-15,3.159992e-16,1.7169736e-12,1.7326642e-14,7.0705227e-19,1,31.686531,1.0,False,7.011457e-11,Test
285,6,-2.0971556,21.9883,-14.080269,-5.4914412,-8.589129,-0.92387956,-4.0402293,-16.342934,3.4659237e-11,1.0,2.1658054e-16,1.1633213e-12,5.2527962e-14,1.12038344e-10,4.9653857e-12,2.2540139e-17,1,26.02853,1.0,False,5.142704e-09,Test
286,4,-3.4353127,20.320848,-13.245516,-5.5084267,-7.994303,-0.94584185,-4.23743,-13.130994,4.817597e-11,1.0,2.644315e-15,6.060219e-12,5.0452893e-13,5.8075555e-10,2.1601054e-11,2.9651663e-15,1,28.315151,1.0,False,2.048153e-08,Test
287,6,-4.062687,66.385864,-48.13818,-13.980966,-24.771782,6.1823487,-10.15923,-51.771084,2.5385435e-31,1.0,0.0,1.2506324e-35,2.57476e-40,7.144075e-27,5.7132947e-34,0.0,1,76.5451,1.0,False,6.205268e-25,Test
288,5,-5.1664896,55.74052,-38.772903,-13.397235,-20.273687,3.5333664,-10.384303,-40.48648,3.5352655e-27,1.0,8.981e-42,9.415729e-31,9.715157e-34,2.1218828e-23,1.915815e-29,1.618e-42,1,52.207153,1.0,False,1.5984935e-21,Test
289,0,-4.811543,13.11861,-7.7367516,-4.259682,-5.0589113,-1.4565598,-4.078648,-8.735126,1.6331771e-08,0.9999994,8.762563e-10,2.8359814e-08,1.2752719e-08,4.678252e-07,3.398799e-08,3.2288094e-10,1,17.930153,1.0,False,1.2958856e-05,Test
290,6,-1.1965392,21.977062,-15.99908,-4.786893,-9.1479025,0.43858424,-2.4367301,-18.06343,8.6264655e-11,1.0,3.2149238e-17,2.3799203e-12,3.0380795e-14,4.4254506e-10,2.4958875e-11,4.079762e-18,1,24.413792,1.0,False,1.7607794e-08,Test
291,6,-3.311526,8.257785,-4.6330743,-3.1749806,-4.0006456,-3.1923473,-2.160785,-2.7653978,9.450948e-06,0.9999156,2.5207753e-06,1.0833684e-05,4.7445455e-06,1.0647166e-05,2.9870058e-05,1.6317585e-05,1,10.4186535,0.99997014,False,0.0014733461,Test
292,6,-1.4109023,7.9753447,-3.7351263,-2.9834073,-3.786079,-3.3336627,-2.1237533,-4.5635138,8.385505e-05,0.9998258,8.205997e-06,1.7401991e-05,7.798359e-06,1.2259838e-05,4.1109455e-05,3.5839942e-06,1,10.099273,0.9999589,False,0.0027968057,Test
293,6,-2.7496817,23.994099,-13.5449295,-6.804944,-8.978317,-1.4423312,-5.4003344,-18.104578,2.4284203e-12,1.0,4.9774535e-17,4.208682e-14,4.789186e-15,8.97633e-12,1.7145902e-13,5.209262e-19,1,29.394432,1.0,False,4.3247222e-10,Test
294,4,-5.684488,39.765343,-26.807007,-10.182079,-14.973139,0.5134032,-7.601723,-27.115295,1.8255343e-20,1.0,1.2246047e-29,2.0328728e-22,1.6880308e-24,8.976354e-18,2.6837673e-21,8.997211e-30,1,54.73848,1.0,False,5.0971335e-16,Test
295,4,-6.5188484,56.11043,-37.096188,-14.134132,-19.990461,2.2270448,-11.379377,-41.10899,6.3161036e-28,1.0,3.318e-41,3.1129474e-31,8.908466e-34,3.969554e-24,4.892707e-30,6e-43,1,76.10089,1.0,False,3.0863995e-22,Test
296,6,-3.9458628,22.853592,-14.854095,-6.3951306,-9.126117,-1.1733924,-4.779171,-14.357887,2.2969161e-12,1.0,4.2049366e-17,1.983542e-13,1.2923751e-14,3.674624e-11,9.982597e-13,6.9065306e-17,1,27.632763,1.0,False,1.4113326e-09,Test
297,4,-5.2643843,4.323497,-2.2985044,-2.6386154,-3.1562388,-3.1973922,-2.0284486,1.0853219,6.5638145e-05,0.95745885,0.0012741529,0.00090680335,0.00054039626,0.00051860826,0.001669188,0.037566315,1,7.523208,0.9994596,False,0.28715956,Test
298,4,-5.783061,19.909313,-10.999291,-6.9438443,-7.4815464,-2.4529912,-6.065927,-10.967903,6.9493348e-12,1.0,3.7719333e-14,2.1768178e-12,1.2714545e-12,1.9416657e-10,5.2371657e-12,3.8922018e-14,1,27.39086,1.0,False,6.856036e-09,Test
299,4,-4.346061,37.858364,-26.729109,-8.909467,-14.372542,1.8101019,-6.4118724,-25.842312,4.686523e-19,1.0,8.9128734e-29,4.8864063e-21,2.0720733e-23,2.210233e-16,5.9385493e-20,2.1634554e-28,1,52.230907,1.0,False,1.1527341e-14,Test
300,6,-1.6286314,0.8907832,-1.3828689,-1.3387254,-2.2431712,-3.902449,-0.016064594,0.40103924,0.034121227,0.4238307,0.04362725,0.04559625,0.018455815,0.0035117064,0.17114075,0.25971636,1,1.765269,0.82885927,False,2.1673641,Test
301,6,-4.151931,82.11459,-59.15629,-17.3972,-30.034122,7.8528314,-13.156673,-65.38315,3.427079e-38,1.0,0.0,6e-44,0.0,5.6043526e-33,4.21e-42,0.0,1,95.27127,1.0,False,6.004383e-31,Test
302,6,-2.1261232,19.195848,-13.278073,-4.666814,-8.011982,-1.0038956,-2.8974717,-13.941726,5.495222e-10,1.0,7.884144e-15,4.3308884e-11,1.5268254e-12,1.6879631e-09,2.5409297e-10,4.0600818e-15,1,22.09332,1.0,False,7.574506e-08,Test
303,5,-3.898626,34.877934,-23.754333,-8.701462,-13.118394,0.6293589,-6.447789,-24.482529,1.443959e-17,1.0,3.4381908e-26,1.1849747e-19,1.4304091e-21,1.3366989e-15,1.1284104e-18,1.6598881e-26,1,34.248573,1.0,False,6.692924e-14,Test
304,6,-6.7367125,-2.8078046,0.58743346,-0.054035816,-2.2649293,-5.4736724,1.8104554,4.7938776,9.141428e-06,0.00046485444,0.013862772,0.0072990046,0.0007999903,3.232552e-05,0.04709793,0.9304341,7,3.0555263,0.9529021,False,0.45579496,Test
305,6,-0.88863015,-0.52275085,-0.6337096,-0.9828114,-1.6444602,-3.0895622,0.3675288,-1.8066692,0.10948363,0.15785144,0.1412732,0.09964301,0.051415768,0.0121198315,0.3844962,0.043716945,6,0.9558213,0.6155038,True,2.5251186,Test
306,4,-5.750545,34.50055,-22.503893,-9.6729355,-12.715204,-0.41483518,-7.7683573,-21.811207,3.3050012e-18,1.0,1.7509999e-25,6.541831e-20,3.122192e-21,6.8618377e-16,4.3938733e-19,3.500379e-25,1,47.21575,1.0,False,3.478772e-14,Test
307,6,-0.29232395,1.2836736,-2.0583286,-1.3916353,-2.104151,-2.6262496,0.44337398,-2.7381084,0.11397901,0.5511527,0.019492105,0.037966453,0.018619088,0.011046226,0.23786713,0.009877209,1,1.436043,0.7621329,False,1.8581339,Test
308,6,-3.393585,12.959355,-8.524741,-3.7223055,-5.829769,-1.9526182,-2.388059,-7.3715725,7.9069366e-08,0.9999993,4.6727777e-10,5.691754e-08,6.918103e-09,3.3405018e-07,2.1612374e-07,1.4804354e-09,1,15.347415,0.99999976,False,1.6398477e-05,Test
309,1,-7.048035,110.87958,-78.425896,-24.165436,-39.704487,11.165848,-18.844463,-87.14579,0.0,1.0,0.0,0.0,0.0,4.9e-44,0.0,0.0,1,-0.0,0.0,True,7.056e-42,Test
310,6,-3.7205021,26.432966,-17.836363,-6.8695607,-10.41472,-0.5613781,-4.9843736,-17.759428,8.0262884e-14,1.0,5.9439435e-20,3.4426722e-15,9.936947e-17,1.8901883e-12,2.2678948e-14,6.4192906e-20,1,31.41734,1.0,False,7.8302885e-11,Test
311,4,-5.274493,10.901736,-6.1612983,-4.196485,-5.018298,-2.263352,-3.33667,-5.187041,9.435206e-08,0.9999968,3.8870226e-08,2.7728387e-07,1.2190331e-07,1.916343e-06,6.551449e-07,1.0297488e-07,1,15.920037,0.9999999,False,6.888746e-05,Test
312,6,-5.260699,77.03674,-54.717194,-17.30635,-28.360804,5.6375375,-12.581491,-58.067883,1.8141622e-36,1.0,0.0,1.0648e-41,0.0,9.811105e-32,1.200317e-39,0.0,1,89.61823,1.0,False,1.0106367e-29,Test
313,6,-2.3497283,-0.17966872,2.1686327,-1.7283555,-1.2552111,-5.3321147,-1.0478294,0.89168155,0.007375179,0.06459777,0.67619485,0.01372876,0.022035118,0.00037371326,0.027113156,0.18858147,2,3.607736,0.97288686,False,1.4947177,Test
314,6,-3.837759,26.301603,-18.015657,-6.793274,-10.405537,-0.6632263,-4.821674,-16.861704,8.140316e-14,1.0,5.665761e-20,4.237177e-15,1.1436483e-16,1.9468073e-12,3.0432122e-14,1.7964447e-19,1,31.123278,1.0,False,8.084914e-11,Test
315,6,-2.3263626,15.640023,-11.52442,-3.5079231,-7.1053796,-1.1637751,-1.7300239,-10.872827,1.575064e-08,1.0,1.594527e-12,4.8322897e-09,1.3237222e-10,5.0373597e-08,2.8594638e-08,3.0592547e-12,1,17.370047,1.0,False,2.6560201e-06,Test
316,6,-1.4457335,8.075895,-5.2653723,-2.6866467,-4.079375,-2.1630325,-1.8776941,-6.4023833,7.323666e-05,0.9998149,1.6065e-06,2.1174204e-05,5.2596047e-06,3.5744542e-05,4.7547826e-05,5.15327e-07,1,9.953774,0.99995244,False,0.0029465505,Test
317,6,-3.809254,11.496777,-6.2582765,-4.347535,-4.8575644,-3.0975854,-3.4739497,-5.6661463,2.2525529e-07,0.9999988,1.94571e-08,1.3149291e-07,7.895856e-08,4.5893216e-07,3.149893e-07,3.517525e-08,1,14.970727,0.9999997,False,2.9570068e-05,Test
318,4,-3.6955965,24.825603,-16.858454,-6.32469,-9.734909,-0.42609605,-4.5098004,-16.237188,4.105822e-13,1.0,7.885752e-19,2.9620986e-14,9.784984e-16,1.0797576e-11,1.818847e-13,1.4677663e-18,1,34.560513,1.0,False,4.1933335e-10,Test
319,4,-3.079263,40.966312,-28.885283,-9.004277,-15.413229,2.5257545,-6.606553,-31.187075,7.434473e-20,1.0,4.6114615e-31,1.9863193e-22,3.2709743e-25,2.0205852e-17,2.1845775e-21,4.6151022e-32,1,56.37954,1.0,False,1.1254646e-15,Test
320,6,1.7380888,16.305058,-11.971325,-4.277623,-7.35018,-2.5307121,-1.4410505,-14.806527,4.7167794e-07,0.9999995,5.244727e-13,1.1509476e-09,5.3291854e-11,6.6028125e-09,1.963191e-08,3.079007e-14,1,17.746109,1.0,False,1.1318636e-05,Test
321,6,-2.7767663,21.971817,-15.463923,-5.3308067,-8.972208,-0.39269197,-3.4223213,-14.778051,1.7857762e-11,1.0,5.5190467e-17,1.3887407e-12,3.640665e-14,1.9373893e-10,9.364096e-12,1.0958071e-16,1,25.394138,1.0,False,7.2880235e-09,Test
322,6,-2.760592,8.169815,-4.9903164,-2.7034492,-4.1496005,-2.9931998,-1.3827659,-3.7843149,1.7903014e-05,0.99986506,1.9256127e-06,1.8955827e-05,4.4636176e-06,1.4187485e-05,7.100816e-05,6.431742e-06,1,9.552715,0.999929,False,0.0022080976,Test
323,6,-0.16371359,0.82962227,-0.3793733,-1.3977414,-1.8890398,-4.703967,-0.2686513,-0.8676645,0.15671162,0.42315698,0.12631108,0.045621525,0.027912686,0.0016722229,0.14110011,0.07751384,1,1.9582856,0.8588999,False,2.3684332,Test
324,6,-4.642698,32.104553,-22.426237,-8.275551,-12.39854,0.15282845,-6.058729,-20.647068,1.09868266e-16,1.0,2.077676e-24,2.9049832e-18,4.704917e-20,1.32905255e-14,2.6662215e-17,1.2310111e-23,1,38.163284,1.0,False,6.2011285e-13,Test
325,1,-6.5803976,92.73935,-65.039375,-20.573185,-33.66799,7.725318,-15.7050085,-72.12634,7.3e-44,1.0,0.0,0.0,0.0,1.199156e-37,0.0,0.0,1,-0.0,0.0,True,1.4707577e-35,Test
326,6,-4.213902,-2.454303,2.328756,-0.68249506,-1.1554745,-6.5282383,0.92220306,2.1460545,0.00066455017,0.003861107,0.4612836,0.022709012,0.014150961,6.567863e-05,0.11300816,0.38425693,2,2.1802952,0.88699186,False,1.6504198,Test
327,4,-4.8826003,34.06462,-23.031523,-9.098862,-12.673587,0.23082991,-7.143684,-21.558687,1.2174113e-17,1.0,1.5975668e-25,1.7961295e-19,5.0333116e-21,2.0238194e-15,1.2689964e-18,6.96795e-25,1,46.73821,1.0,False,9.9557366e-14,Test
328,6,-4.05572,31.812801,-21.568396,-8.062577,-12.196225,0.15115218,-6.0910306,-22.34884,2.6454438e-16,1.0,6.559059e-24,4.8121985e-18,7.7112194e-20,1.776316e-14,3.4560112e-17,3.0053626e-24,1,37.90383,1.0,False,8.272486e-13,Test
329,6,-3.6199222,52.019146,-36.742317,-11.500746,-19.299335,3.9871013,-8.442764,-40.003918,6.85898e-25,1.0,2.827406e-39,2.5921633e-28,1.0635969e-31,1.3802208e-21,5.5172924e-27,1.08365e-40,1,60.46191,1.0,False,9.569879e-20,Test
330,6,-2.9742732,6.586916,-3.573909,-2.5019126,-3.8577256,-4.1462975,-1.109908,-4.112633,7.035623e-05,0.9992508,3.8626415e-05,0.000112835616,2.9082015e-05,2.1792104e-05,0.0004539273,2.2538215e-05,1,7.6975737,0.99954605,False,0.0102614565,Test
331,6,-5.339832,15.9033985,-9.360779,-5.7336464,-6.5533557,-2.866567,-4.43876,-7.219585,5.9454136e-10,1.0,1.0663683e-11,4.0100592e-10,1.7666697e-10,7.0519186e-09,1.4639036e-09,9.074353e-11,1,20.34216,1.0,False,2.7380165e-07,Test
332,6,-2.2455664,0.67967576,-0.5298416,-1.2701521,-1.9367414,-3.564654,0.1296237,-0.20036379,0.020848667,0.38859287,0.11593328,0.05529621,0.028392216,0.005574498,0.22418691,0.1611753,1,1.4952751,0.7758131,False,2.333347,Test
333,6,-2.3627837,40.963226,-30.23521,-8.813587,-15.95928,3.7403417,-5.6404376,-32.65666,1.5266947e-19,1.0,1.1992512e-31,2.411041e-22,1.900504e-25,6.8282026e-17,5.7581864e-21,1.0648508e-32,1,46.603664,1.0,False,3.676779e-15,Test
334,6,-2.8162017,20.60713,-14.136494,-5.1195164,-8.472009,-0.73772514,-3.2757733,-14.090236,6.720105e-11,1.0,8.147732e-16,6.7152074e-12,2.3501202e-13,5.370906e-10,4.2441092e-11,8.533475e-16,1,23.882904,1.0,False,2.0531658e-08,Test
335,6,-0.35481626,7.4380164,-4.661789,-2.4677987,-3.9401612,-3.2947516,-0.76902634,-5.329269,0.00041236178,0.9992237,5.5562764e-06,4.984503e-05,1.1433599e-05,2.180122e-05,0.00027251436,2.8503694e-06,1,8.207819,0.9997275,False,0.01037017,Test
336,6,-1.4255896,7.3179994,-6.7271013,-1.8126327,-4.8427324,-3.419642,2.0065823,-6.9856853,0.0001586505,0.9947961,7.9072254e-07,0.00010773351,5.204694e-06,2.1599102e-05,0.0049092476,6.1055243e-07,1,5.3166347,0.9950907,False,0.04902047,Test
337,5,-4.905775,67.7566,-48.015495,-15.237877,-24.92708,5.0975747,-11.405199,-51.462334,2.774156e-32,1.0,0.0,9.0355985e-37,5.5975e-41,6.1310088e-28,4.1731938e-35,0.0,1,62.659023,1.0,False,5.542592e-26,Test
338,6,-2.8314466,16.994373,-11.790856,-4.278821,-7.5725155,-1.5598413,-2.339863,-10.896434,2.4533267e-09,1.0,3.153073e-13,5.769916e-10,2.1415873e-11,8.749979e-09,4.0109565e-09,7.7121583e-13,1,19.334236,1.0,False,4.3478238e-07,Test
339,6,-0.8974144,-0.012797538,-0.45536155,-0.8404744,-1.9012313,-4.5713096,1.1241401,-1.0005473,0.06720222,0.16276753,0.104559794,0.07113974,0.024628127,0.0017054192,0.50738025,0.060616873,6,0.6784946,0.49261975,True,2.1890485,Test
340,6,-1.3781195,15.901555,-10.934078,-4.005952,-6.82966,-1.519229,-2.215523,-12.012101,3.1299162e-08,1.0,2.2153022e-12,2.2608908e-09,1.3426381e-10,2.7180011e-08,1.35472975e-08,7.537948e-13,1,18.117079,1.0,False,1.8869225e-06,Test
341,6,-4.6440907,84.200836,-60.82889,-17.746977,-31.053461,8.617462,-13.235125,-67.03576,2.600994e-39,1.0,0.0,6e-45,0.0,1.4947128e-33,4.83e-43,0.0,1,97.43596,1.0,False,1.6298944e-31,Test
342,6,-2.2885013,24.714905,-17.867151,-5.621712,-10.085459,0.26805392,-3.3112993,-17.81471,1.873137e-12,1.0,3.2125423e-19,6.683052e-14,7.6983024e-16,2.4147222e-11,6.735574e-13,3.3854926e-19,1,28.026203,1.0,False,9.548278e-10,Test
343,6,-2.4999862,1.3895993,2.7187648,-2.836491,-1.3446441,-5.6793847,-2.4788597,-0.35766256,0.0040311934,0.19708751,0.74457484,0.0028793295,0.01279948,0.00016774067,0.0041172653,0.03434258,2,5.492566,0.99588275,False,1.1172341,Test
344,6,-3.2761762,38.383034,-27.24301,-8.877326,-14.496554,1.8179733,-6.361898,-26.810835,8.0841597e-19,1.0,3.1547918e-29,2.9859748e-21,1.0831441e-23,1.3182457e-16,3.694228e-20,4.8602852e-29,1,44.74493,1.0,False,7.0052157e-15,Test
345,6,-4.596072,23.132294,-15.693306,-6.624446,-9.238993,-0.80036294,-4.9591517,-13.6352,9.0724227e-13,1.0,1.3748531e-17,1.1934708e-13,8.736345e-15,4.038118e-11,6.3101553e-13,1.0766639e-16,1,28.091446,1.0,False,1.4616667e-09,Test
346,6,-1.8073525,0.95460063,-0.12485918,-1.3404391,-1.8511698,-5.028059,-0.024185818,0.60564643,0.023856178,0.37766075,0.1283212,0.038052116,0.022833435,0.0009525016,0.14191237,0.2664115,1,1.9525454,0.85808766,False,2.2608886,Test
347,1,-6.743281,51.88753,-35.071873,-12.900934,-19.334955,1.6512157,-9.854669,-37.636932,3.4431917e-26,1.0,1.7139996e-38,7.289976e-29,1.1707557e-31,1.522807e-22,1.5335703e-27,1.31832e-39,1,-0.0,0.0,True,1.10397035e-20,Test
348,4,-5.302361,18.066673,-8.398554,-6.239184,-6.602194,-2.401925,-5.6085005,-12.071873,7.095084e-11,1.0,3.2084693e-12,2.780357e-11,1.9339585e-11,1.2900339e-09,5.2239893e-11,8.1469635e-14,1,24.668867,1.0,False,4.4060293e-08,Test
349,6,-3.2603998,0.4867446,-1.6605183,-0.9280783,-2.4095066,-2.924317,2.2371705,-2.305851,0.0032352952,0.13717593,0.016022617,0.033329446,0.007576211,0.004527648,0.78972924,0.008403674,6,0.23606515,0.21027076,True,1.0945244,Test
350,6,-3.490446,27.898674,-19.407465,-6.890209,-11.04787,-0.023695301,-4.848356,-18.860844,2.3328045e-14,1.0,2.852369e-21,7.787176e-16,1.21823356e-17,7.4725566e-13,5.9999316e-15,4.927192e-21,1,32.74703,1.0,False,3.1481685e-11,Test
351,4,-4.1722,25.500132,-17.133192,-6.58172,-10.059003,-0.44424227,-4.7699604,-16.850197,1.2985827e-13,1.0,3.0519878e-19,1.1668868e-14,3.6046549e-16,5.40134e-12,7.1427605e-14,4.050297e-19,1,35.559135,1.0,False,2.1140809e-10,Test
352,4,-2.468981,27.96816,-20.764841,-6.075455,-11.355181,1.7133344,-3.6666613,-20.171316,6.0439026e-14,1.0,6.847409e-22,1.6407594e-15,8.3577585e-18,3.9598077e-12,1.824614e-14,1.2396266e-21,1,39.32334,1.0,False,1.535562e-10,Test
353,1,-6.636552,78.451614,-55.087124,-18.157698,-28.515621,7.513155,-14.288314,-60.215534,1.1134721e-37,1.0,0.0,1.104e-42,0.0,1.5553127e-31,5.2913e-41,0.0,1,-0.0,0.0,True,1.5917483e-29,Test
354,6,-2.5796177,-0.84490037,2.6982636,-1.630406,-1.2083291,-5.163503,-0.82761437,0.21532008,0.0043224734,0.02449687,0.8470074,0.011167859,0.017032387,0.00032626107,0.024924008,0.070722654,2,3.6919239,0.975076,False,0.9472457,Test
355,4,-5.124201,19.824097,-11.734325,-6.153484,-7.8423944,-2.1443627,-4.91923,-11.831218,1.462487e-11,1.0,1.9694793e-14,5.224923e-12,9.651522e-13,2.87885e-10,1.7951881e-11,1.7876034e-14,1,27.66649,1.0,False,1.052744e-08,Test
356,4,-4.6876926,39.905922,-26.67174,-9.7057,-14.901508,1.1878418,-7.336988,-29.527676,4.2977397e-20,1.0,1.21811924e-29,2.84411e-22,1.5755619e-24,1.5309186e-17,3.0385442e-21,7.0044393e-31,1,54.80743,1.0,False,8.58139e-16,Test
357,6,-4.230591,24.828741,-17.015156,-6.543556,-9.928886,-0.51035416,-4.4410477,-15.474887,2.3971352e-13,1.0,6.7208983e-19,2.3723807e-14,8.034398e-16,9.893966e-12,1.9421925e-13,3.1358638e-18,1,29.269789,1.0,False,3.8105494e-10,Test
358,6,-2.3011935,21.720036,-14.440788,-5.355557,-8.797137,-0.53371954,-3.6677785,-16.493145,3.6958377e-11,1.0,1.9749394e-16,1.7426886e-12,5.5790445e-14,2.1642965e-10,9.423509e-12,2.5364514e-17,1,25.387814,1.0,False,8.645055e-09,Test
359,6,-1.5753748,10.248943,-6.753733,-2.9891765,-4.8941545,-2.5103629,-1.4447562,-7.002557,7.3241126e-06,0.9999794,4.1287887e-08,1.7813471e-06,2.6511069e-07,2.8753775e-06,8.3460645e-06,3.2192904e-08,1,11.693721,0.99999166,False,0.0003902246,Test
360,0,-2.99078,0.9897615,0.3034107,-1.7730383,-0.5930517,-3.39059,-2.2880442,0.48160395,0.0076462817,0.40942806,0.2061101,0.025840975,0.08409508,0.0051264307,0.015439906,0.24631315,1,4.8735356,0.99235374,False,2.117335,Test
361,6,-3.498726,18.52113,-11.200729,-5.254001,-7.493251,-1.7269346,-3.8319263,-11.840656,2.734628e-10,1.0,1.2358354e-13,4.7270663e-11,5.036139e-12,1.6083387e-09,1.959707e-10,6.516943e-14,1,22.353056,1.0,False,6.380814e-08,Test
362,6,-0.9207572,-0.35879883,1.3040028,-1.6169832,-1.3524457,-5.6667175,-0.5024704,0.8142347,0.04913964,0.08619606,0.45460373,0.024494294,0.03191186,0.00042686213,0.07466064,0.27856684,2,2.5948024,0.92533934,False,2.1230423,Test
363,6,-4.364372,53.762302,-38.264164,-12.031722,-20.135458,3.7646043,-8.7865305,-40.47898,5.700408e-26,1.0,1.07998e-40,2.666978e-29,8.065128e-33,1.9331916e-22,6.84522e-28,1.179e-41,1,62.548832,1.0,False,1.3949233e-20,Test
364,6,-4.3951902,22.426897,-15.182642,-6.2572126,-9.084906,-1.3083737,-4.5064116,-12.7852125,2.2455148e-12,1.0,4.6385768e-17,3.4885894e-13,2.0634692e-14,4.9192917e-11,2.0091535e-12,5.1000627e-16,1,26.933308,1.0,False,1.8648658e-09,Test
365,5,-4.7409487,53.359894,-38.461647,-12.182662,-20.11873,3.4694269,-8.748834,-38.419308,5.849586e-26,1.0,1.3256e-40,3.4294878e-29,1.2264215e-32,2.1520125e-22,1.0629744e-27,1.38293e-40,1,49.89047,1.0,False,1.5494486e-20,Test
366,6,-0.22021519,19.001778,-14.059732,-4.2942114,-8.299892,-0.11400534,-1.9621514,-16.05161,4.4873993e-09,1.0,4.3809616e-15,7.632733e-11,1.3900658e-12,4.9902305e-09,7.8610696e-10,5.9773125e-16,1,20.963928,1.0,False,2.8845972e-07,Test
367,6,-1.8795906,-0.3043454,0.47224572,-1.2905762,-1.5513158,-5.444525,0.9524619,0.43530092,0.021431657,0.103556186,0.22513619,0.038624372,0.029759364,0.00060649135,0.36391547,0.21697032,6,1.0108337,0.63608456,True,2.2895982,Test
368,6,-7.151489,86.18044,-59.950794,-20.1355,-30.847284,7.7812977,-16.038494,-65.72881,2.9272e-41,1.0,0.0,0.0,0.0,8.9471157e-35,4e-45,0.0,1,102.21893,1.0,False,1.0119734e-32,Test
369,6,-2.2584767,12.157584,-7.975235,-3.5975397,-5.497547,-2.2994592,-2.0226042,-7.309308,5.485084e-07,0.9999981,1.8047892e-09,1.4375922e-07,2.1501693e-08,5.2648363e-07,6.9441916e-07,3.5126533e-09,1,14.18019,0.9999993,False,4.331309e-05,Test
370,1,-6.7837057,69.24156,-47.699707,-16.319609,-25.36634,3.826835,-12.432918,-52.013912,9.608274e-34,1.0,0.0,6.93833e-38,8.171e-42,3.8971343e-29,3.382404e-36,0.0,1,-0.0,0.0,True,3.6779677e-27,Test
371,6,-2.2073336,5.3087025,-2.1121273,-2.607424,-2.9504654,-3.9117959,-1.4320563,-2.2551901,0.00054235174,0.99644655,0.0005965249,0.00036351645,0.0002579545,9.863762e-05,0.0011775506,0.000517008,1,6.7443185,0.99882245,False,0.04303377,Test
372,6,-2.6300154,33.69602,-24.44544,-7.414818,-13.265665,1.5722598,-4.988568,-24.990374,1.6741858e-16,1.0,5.616765e-26,1.3989132e-18,4.0253093e-21,1.11899515e-14,1.583062e-17,3.2570397e-26,1,38.684586,1.0,False,5.283367e-13,Test
373,6,-2.0982354,44.16623,-30.530134,-9.692717,-16.262762,2.606865,-7.319617,-35.33118,8.083473e-21,1.0,3.6289476e-33,4.067768e-24,5.7019275e-27,8.933002e-19,4.3649627e-23,2.983426e-35,1,51.485847,1.0,False,5.4103128e-17,Test
374,1,-6.199441,53.112373,-36.270107,-12.863036,-19.674406,2.4517686,-9.652825,-39.040543,1.7426363e-26,1.0,1.51944e-39,2.2245558e-29,2.4496415e-32,9.9627263e-23,5.5134184e-28,9.5169e-41,1,-0.0,0.0,True,7.283081e-21,Test
375,6,-4.5389113,80.544044,-57.57019,-16.997507,-29.556873,7.6422997,-12.7878895,-63.882683,1.1192894e-37,1.0,0.0,4.34e-43,0.0,2.1835987e-32,2.9272e-41,0.0,1,93.33193,1.0,False,2.2966137e-30,Test
376,5,-4.90843,62.676605,-44.375244,-14.083624,-22.999983,4.6931005,-10.738145,-47.64019,4.4482715e-30,1.0,0.0,4.607393e-34,6.182011e-38,6.577845e-26,1.307313e-32,0.0,1,57.983505,1.0,False,5.5029675e-24,Test
377,4,-4.7382975,31.490559,-21.01224,-8.572393,-11.848285,-0.35803744,-6.7006345,-20.379631,1.8450499e-16,1.0,1.5787876e-23,3.9891633e-18,1.5072284e-19,1.4734324e-14,2.5928403e-17,2.9720963e-23,1,43.338844,1.0,False,6.883222e-13,Test
378,6,-0.635159,13.009924,-8.780552,-3.445828,-5.8296065,-1.8773708,-1.72999,-10.224858,1.18581e-06,0.999998,3.4396616e-10,7.134394e-08,6.5780137e-09,3.423964e-07,3.9676726e-07,8.1144855e-11,1,14.739916,0.9999996,False,4.394454e-05,Test
379,6,-3.2577581,34.395565,-24.519209,-8.024779,-13.176714,1.3891627,-5.6777205,-23.734772,4.4398582e-17,1.0,2.5920275e-26,3.776401e-19,2.1858528e-21,4.6291596e-15,3.9481517e-18,5.6795705e-26,1,40.073284,1.0,False,2.2309547e-13,Test
380,6,-3.2679026,21.455782,-13.454179,-6.019294,-8.3216,-1.2372516,-4.5281525,-13.661747,1.8307977e-11,1.0,6.8991606e-16,1.1687634e-12,1.1690884e-13,1.394893e-10,5.191832e-12,5.605962e-16,1,25.983934,1.0,False,5.465819e-09,Test
381,6,0.2509034,7.6399045,-3.2272696,-2.8851025,-3.9050019,-3.477724,-1.2838485,-6.6495886,0.0006175052,0.99917823,1.9058522e-05,2.6834308e-05,9.677289e-06,1.4836055e-05,0.00013307804,6.2200627e-07,1,8.924575,0.9998669,False,0.010599954,Test
382,4,-5.9813805,51.03225,-33.96991,-12.631754,-18.50493,1.650764,-10.009479,-37.168133,1.7349827e-25,1.0,1.2134765e-37,2.244272e-28,6.3152023e-31,3.5800868e-22,3.0896831e-27,4.955213e-39,1,69.53718,1.0,False,2.5519971e-20,Test
383,5,-4.778879,58.26103,-41.52679,-13.169596,-21.694923,3.8315465,-9.601949,-42.705482,4.189047e-28,1.0,4.6e-44,9.507653e-32,1.8861361e-35,2.2991988e-24,3.368868e-30,1.4e-44,1,54.42948,1.0,False,1.8058335e-22,Test
384,6,-3.5344179,-2.3055604,1.732916,-0.7961047,-1.1681281,-6.187686,1.7361331,0.8444798,0.0020049007,0.0068513905,0.3887468,0.030997531,0.02136778,0.00014118648,0.38999945,0.15989095,6,0.94161,0.61000055,True,1.8255222,Test
385,6,-3.416146,6.8844976,-3.5476618,-2.8863194,-3.701966,-3.9333913,-1.6072047,-2.2112443,3.3595228e-05,0.99951744,2.9455141e-05,5.7066147e-05,2.524338e-05,2.0028147e-05,0.00020506476,0.00011208815,1,8.492185,0.99979496,False,0.0071245558,Test
386,6,-2.7228985,7.4804735,-5.43779,-1.818553,-4.4037843,-3.2468615,0.56381726,-5.9954634,3.7002555e-05,0.99884903,2.4500184e-06,9.140795e-05,6.890204e-06,2.191177e-05,0.0009899975,1.4027323e-06,1,6.917808,0.99901,False,0.013841605,Test
387,4,-6.0671463,17.546272,-10.267866,-6.748043,-6.858765,-2.7089307,-5.699737,-6.851225,5.5567724e-11,1.0,8.3267047e-13,2.8126319e-11,2.5178342e-11,1.5968973e-09,8.023913e-11,2.5368898e-11,1,24.405037,1.0,False,5.404732e-08,Test
388,4,-3.7068172,29.246973,-20.0067,-7.2239637,-11.382148,0.63456595,-5.149465,-20.315207,4.8792312e-15,1.0,4.0681913e-22,1.448351e-16,2.2646309e-18,3.7479107e-13,1.152966e-15,2.9882637e-22,1,40.62912,1.0,False,1.5767929e-11,Test
389,6,-3.2782602,11.595569,-5.5022535,-4.3869324,-4.889767,-3.5381572,-3.4874258,-7.327755,3.4703856e-07,0.9999989,3.7541337e-08,1.1452163e-07,6.9264225e-08,2.6761214e-07,2.815388e-07,6.0492855e-09,1,15.082995,0.9999997,False,2.6515056e-05,Test
390,6,-4.3059525,44.03584,-30.757915,-10.441697,-16.655231,1.9777868,-7.688538,-32.13396,1.0125723e-21,1.0,3.2921916e-33,2.1913262e-24,4.387357e-27,5.425254e-19,3.438655e-23,8.315268e-34,1,51.724377,1.0,False,3.299214e-17,Test
391,6,-3.0168607,5.682033,-2.8281124,-2.5596137,-3.1509147,-3.7034597,-1.8238088,-1.4007403,0.00016639571,0.9977543,0.00020096225,0.00026285843,0.00014552016,8.374445e-05,0.000548628,0.0008375568,1,7.50809,0.9994514,False,0.028412158,Test
392,6,-3.2720382,8.212183,-6.6641192,-2.5359995,-4.971872,-2.1571734,0.39466602,-6.9579816,1.0286384e-05,0.9995321,3.460195e-07,2.1474374e-05,1.8794651e-06,3.1364805e-05,0.00040243185,2.5791593e-07,1,7.817985,0.99959755,False,0.006235553,Test
393,0,-5.3573675,-1.5811632,1.1054348,-2.2528963,-0.1067719,-2.928158,-2.8751626,3.6244454,0.00011262721,0.0049161864,0.072177686,0.002511298,0.021475745,0.0012783086,0.0013478807,0.8961802,7,9.091427,0.99988735,False,0.62044656,Test
394,1,-4.6777034,104.20857,-73.59818,-22.028326,-37.35217,9.890804,-17.300432,-84.573616,0.0,1.0,0.0,0.0,0.0,1.0922e-41,0.0,0.0,1,-0.0,0.0,True,1.486139e-39,Test
395,6,-1.3172659,-0.2157866,1.2790449,-1.7301437,-1.3591897,-5.518881,-0.50015366,0.71925145,0.034499116,0.103794485,0.46277654,0.022829548,0.03308267,0.00051649916,0.07810435,0.2643968,2,2.5497096,0.9218956,False,2.1087828,Test
396,6,-4.430135,31.665901,-22.234167,-7.987852,-12.375539,0.14547645,-5.7196155,-20.44694,2.1071293e-16,1.0,3.9038845e-24,6.006105e-18,7.465279e-20,2.045756e-14,5.803316e-17,2.3317485e-23,1,37.385517,1.0,False,9.447458e-13,Test
397,6,-6.375944,-3.129011,4.5130877,-1.2024306,-0.7272301,-6.1608863,0.089160815,2.7095814,1.573743e-05,0.00040463117,0.8432969,0.0027781925,0.0044682696,1.9513378e-05,0.010108658,0.13890812,2,4.594363,0.98989135,False,0.73352915,Test
398,4,-5.590213,44.28682,-29.998417,-10.980767,-16.405216,1.1501666,-8.397547,-30.950176,2.1811206e-22,1.0,5.474361e-33,9.944718e-25,4.3831246e-27,1.8449697e-19,1.3166529e-23,2.1134222e-33,1,60.692036,1.0,False,1.14985814e-17,Test
399,6,-4.3639927,83.863716,-60.34845,-17.80233,-30.65019,8.662618,-13.5707445,-67.38921,4.821628e-39,1.0,0.0,7e-45,0.0,2.190681e-33,4.83e-43,0.0,1,97.43446,1.0,False,2.3767252e-31,Test
400,6,-4.114282,3.7983947,-0.16217816,-3.1574473,-2.356438,-4.9026465,-2.7358227,1.2227442,0.000332728,0.90891075,0.01731675,0.00086623844,0.0019297956,0.00015125406,0.0013205252,0.069172025,1,6.629726,0.99867946,False,0.53774434,Test
401,4,-4.9099336,61.29156,-42.202797,-13.704468,-22.421993,5.213706,-10.489687,-47.698437,1.7744232e-29,1.0,1e-45,2.689285e-33,4.4021542e-37,4.422801e-25,6.69575e-32,0.0,1,83.713554,1.0,False,3.5783595e-23,Test
402,6,-3.0987873,41.13584,-27.852785,-9.418207,-15.037593,2.4695365,-7.33139,-32.353493,6.153833e-20,1.0,1.0930022e-30,1.108298e-22,4.019639e-25,1.6122667e-17,8.932e-22,1.2133545e-32,1,48.46723,1.0,False,9.033796e-16,Test
403,1,-5.4564986,75.798035,-54.33713,-16.746212,-27.888428,6.3586965,-12.364292,-57.283794,5.147605e-36,1.0,0.0,6.4349e-41,1e-45,6.9643146e-31,5.14742e-39,0.0,1,-0.0,0.0,True,6.976896e-29,Test
404,4,-4.890947,46.308147,-31.123693,-11.187065,-17.029013,1.5282607,-8.630698,-34.173973,5.814555e-23,1.0,2.3538544e-34,1.0718807e-25,3.1118719e-28,3.567317e-20,1.3815357e-24,1.1144506e-35,1,63.33716,1.0,False,2.3090327e-18,Test
405,6,-3.1655552,8.6619,-5.3373694,-2.6087892,-4.570742,-3.031377,-1.4938266,-4.648685,7.300804e-06,0.9999285,8.3207686e-07,1.2740043e-05,1.7910425e-06,8.349174e-06,3.8850176e-05,1.6567437e-06,1,10.155798,0.99996114,False,0.0012278042,Test
406,6,-3.16446,5.4813466,-4.552349,-1.8516891,-3.706692,-1.9567571,-0.33637065,-2.9799955,0.00017503143,0.9952726,4.3688142e-05,0.00065049686,0.00010177181,0.0005856183,0.0029603266,0.0002104883,1,5.822456,0.9970397,False,0.051583152,Test
407,6,-4.155418,28.150532,-19.45595,-7.080245,-10.891522,0.36038774,-5.1973343,-18.160057,9.326187e-15,1.0,2.1123551e-21,5.0057323e-16,1.1072654e-17,8.528916e-13,3.290075e-15,7.7191025e-21,1,33.347866,1.0,False,3.4813756e-11,Test
408,4,-5.11347,6.1704354,-1.0732014,-4.327247,-2.7604659,-4.600498,-4.0688186,-0.1427514,1.2539118e-05,0.99725145,0.00071274315,2.7524477e-05,0.00013187529,2.0943433e-05,3.5641267e-05,0.001807268,1,8.933654,0.9998681,False,0.031051882,Test
409,6,-3.4411159,14.2791815,-8.794122,-4.4512568,-6.052817,-1.6922545,-3.1404073,-8.49832,2.0145256e-08,0.9999999,9.5365583e-11,7.3362476e-09,1.478853e-09,1.1579602e-07,2.7212533e-08,1.2819094e-10,1,17.419588,1.0,False,4.288048e-06,Test
410,4,-4.9471507,23.15144,-13.717686,-6.997953,-8.633117,-1.6093854,-5.917134,-13.962855,6.2652303e-13,1.0,9.72618e-17,8.05907e-14,1.5708768e-14,1.7640491e-11,2.375085e-13,7.611427e-17,1,31.784557,1.0,False,6.697524e-10,Test
411,1,-3.1127734,68.92795,-48.704914,-14.963012,-25.082798,6.004199,-11.456352,-55.251194,5.1655154e-32,1.0,0.0,3.6865378e-37,1.4848e-41,4.7050416e-28,1.228972e-35,0.0,1,-0.0,0.0,True,4.2717635e-26,Test
412,6,-4.778536,22.887842,-15.730958,-6.309296,-9.443378,-0.97779036,-4.1773777,-12.663468,9.652609e-13,1.0,1.6907047e-17,2.0885465e-13,9.093445e-15,4.318046e-11,1.7608581e-12,3.6329683e-16,1,27.06522,1.0,False,1.6032639e-09,Test
413,6,-6.5850334,99.94461,-72.15262,-21.126144,-36.337177,11.609332,-16.466866,-79.2037,0.0,1.0,0.0,0.0,0.0,4.32987e-39,0.0,0.0,1,116.411476,1.0,False,5.5180232e-37,Test
414,4,-5.223338,24.254845,-13.781743,-7.539097,-8.739402,-1.7500241,-6.6138296,-15.7707815,1.5768394e-13,1.0,3.0263577e-17,1.5562045e-14,4.685764e-15,5.084271e-12,3.9255877e-14,4.1408645e-18,1,32.994247,1.0,False,2.0014006e-10,Test
415,6,-3.5958478,9.682172,-5.3014684,-3.2802331,-4.536026,-2.880986,-2.3778746,-4.5749154,1.7116807e-06,0.9999851,3.109432e-07,2.3468886e-06,6.685112e-07,3.4985117e-06,5.7860475e-06,6.430119e-07,1,12.060061,0.9999942,False,0.00029608925,Test
416,4,-5.611443,24.587448,-15.106691,-7.573128,-9.350266,-1.6604471,-6.219768,-14.085668,7.669877e-14,1.0,5.768396e-18,1.0785477e-14,1.8240562e-15,3.98735e-12,4.174417e-14,1.6013257e-17,1,33.937714,1.0,False,1.5677967e-10,Test
417,1,-4.256118,41.804005,-28.70067,-9.878668,-15.637149,1.7647107,-7.5013404,-30.807936,9.916138e-21,1.0,2.3999817e-31,3.5851008e-23,1.1314193e-25,4.0846518e-18,3.8633257e-22,2.9176675e-32,1,-0.0,0.0,True,2.3663692e-16,Test
418,4,-5.0132327,17.097628,-9.914903,-5.4273157,-6.92334,-2.078375,-4.2272124,-10.058495,2.4967506e-10,1.0,1.856123e-12,1.6502166e-10,3.6968036e-11,4.698594e-09,5.479481e-10,1.6078517e-12,1,24.020967,1.0,False,1.6158847e-07,Test
419,6,-3.9678793,17.719566,-11.579504,-4.9817257,-7.525208,-1.7226733,-3.48083,-10.750565,3.8129544e-10,1.0,1.8861465e-13,1.3834203e-10,1.0872615e-11,3.600332e-09,6.20562e-10,4.32095e-13,1,21.200396,1.0,False,1.3684951e-07,Test
420,1,-4.69591,75.358284,-54.07653,-16.279491,-27.638226,6.9298425,-12.184436,-58.20302,1.7096466e-35,1.0,0.0,1.59302e-40,1e-45,1.9138346e-30,9.564914e-39,0.0,1,-0.0,0.0,True,1.8893836e-28,Test
421,6,-3.1815054,24.8092,-16.923103,-6.4731336,-9.794311,-0.57266974,-4.5808544,-16.52091,6.9789655e-13,1.0,7.51434e-19,2.5957043e-14,9.373154e-16,9.479683e-12,1.722112e-13,1.123471e-18,1,29.390055,1.0,False,3.8383263e-10,Test
422,6,-2.7988563,10.304021,-4.936507,-4.214225,-4.216018,-3.028803,-3.4249413,-5.496295,2.0393431e-06,0.9999939,2.405028e-07,4.952259e-07,4.943388e-07,1.6204125e-06,1.0903977e-06,1.3740653e-07,1,13.728968,0.9999989,False,0.00012923624,Test
423,6,-3.1615705,1.5920595,0.053445328,-1.808802,-2.0299983,-5.0930266,-0.13845551,0.7222151,0.004583266,0.5316801,0.114140235,0.017728623,0.014210542,0.0006642848,0.094210066,0.22278287,1,2.3622284,0.9057899,False,1.878593,Test
424,6,-4.069363,28.247221,-18.586546,-7.557906,-10.843481,-0.53090495,-5.6039586,-18.694187,9.227524e-15,1.0,4.5746036e-21,2.8185858e-16,1.0546875e-17,3.1755487e-13,1.9889272e-15,4.1077717e-21,1,33.85118,1.0,False,1.3726765e-11,Test
425,6,-2.385754,0.18307903,1.1624912,-1.7341528,-1.3969979,-5.4662075,0.15903151,0.6214643,0.011570477,0.15100153,0.40210056,0.022199241,0.03110016,0.0005315295,0.14741364,0.2340829,2,1.9145129,0.8525864,False,2.1957772,Test
426,4,-3.5900097,15.922219,-9.336449,-4.919785,-6.3072925,-1.9385581,-4.0520406,-9.393538,3.3569605e-09,1.0,1.0722605e-11,8.880396e-10,2.2174096e-10,1.7505041e-08,2.1148958e-09,1.012759e-11,1,22.229511,1.0,False,6.4108156e-07,Test
427,6,-6.6162796,124.511215,-88.56333,-26.270561,-44.661507,13.448269,-20.802277,-100.52314,0.0,1.0,0.0,0.0,0.0,0.0,0.0,0.0,1,145.31349,1.0,False,0.0,Test
428,6,-4.315792,79.03238,-56.21555,-16.771065,-28.614027,7.842864,-12.984593,-63.260605,6.343771e-37,1.0,0.0,2.472e-42,0.0,1.210004e-31,1.09027e-40,0.0,1,92.016975,1.0,False,1.2427393e-29,Test
429,6,-2.558725,21.343554,-14.495432,-5.3113666,-8.4971895,-0.820452,-3.8431928,-14.508541,4.1626716e-11,1.0,2.7247483e-16,2.6540866e-12,1.0973105e-13,2.3675262e-10,1.1522188e-11,2.689257e-16,1,25.186747,1.0,False,9.531314e-09,Test
430,6,-0.23480813,7.35415,-5.058966,-2.3212698,-4.1619053,-2.9366596,-0.7164716,-5.6346407,0.00050553714,0.99906915,4.061136e-06,6.2750056e-05,9.959473e-06,3.3912023e-05,0.00031229795,2.2836814e-06,1,8.071553,0.99968773,False,0.01217505,Test
431,4,-5.806956,22.568382,-11.313141,-7.5904994,-8.028814,-2.535363,-6.831379,-14.613879,4.750589e-13,1.0,1.9294851e-15,7.982959e-14,5.1499898e-14,1.2519364e-11,1.7054773e-13,7.1112936e-17,1,30.597197,1.0,False,4.8594045e-10,Test
432,6,0.39748457,19.2072,-13.054887,-4.5554547,-8.125532,-1.1446964,-2.6513548,-15.784873,6.7771087e-09,1.0,9.744387e-15,4.78642e-11,1.3475524e-12,1.4497187e-09,3.2132924e-10,6.3552956e-16,1,21.858555,1.0,False,2.3830198e-07,Test
433,6,-4.7944117,0.78815705,1.1793349,-1.5639733,-1.9060041,-4.6226025,-0.86688405,1.8984922,0.000640363,0.17017867,0.25164682,0.016195258,0.011503918,0.0007603999,0.032518454,0.51655614,7,3.4259477,0.96748155,False,1.7738118,Test
434,6,-6.2847877,60.05118,-41.06524,-14.507213,-22.093023,3.2206795,-10.95819,-44.087654,1.5511548e-29,1.0,1.3e-44,4.1658183e-33,2.1145884e-36,2.0836595e-25,1.4488483e-31,0.0,1,71.00937,1.0,False,1.7085233e-23,Test
435,6,-3.2242424,12.305516,-8.618501,-3.2564006,-5.8377767,-1.6533395,-1.6550014,-6.8431115,1.8009874e-07,0.99999785,8.1811424e-10,1.7439928e-07,1.3196746e-08,8.6645315e-07,8.650141e-07,4.828981e-09,1,13.96052,0.9999991,False,4.633475e-05,Test
436,6,-3.7794793,15.365374,-9.218261,-4.848679,-6.562075,-2.4923337,-3.562192,-8.597669,4.8472533e-09,1.0,2.1060258e-11,1.6639822e-09,2.9993713e-10,1.7558847e-08,6.0236856e-09,3.9172617e-11,1,18.927567,1.0,False,8.108574e-07,Test
437,4,-5.679605,44.28693,-28.739304,-11.276215,-16.048656,0.7968948,-9.033204,-32.049408,1.9943903e-22,1.0,1.9280191e-32,7.4000197e-25,6.2601925e-27,1.2957385e-19,6.972048e-24,7.0396536e-34,1,60.335587,1.0,False,8.144807e-18,Test
438,1,-5.305861,95.684784,-66.4283,-20.990051,-34.32981,8.032735,-16.307352,-76.48539,1.4e-44,1.0,0.0,0.0,0.0,8.574327e-39,0.0,0.0,1,-0.0,0.0,True,1.08427005e-36,Test
439,5,-5.007637,96.72943,-68.95413,-20.627113,-34.926266,9.466761,-15.950211,-76.479576,7e-45,1.0,0.0,0.0,0.0,1.2656187e-38,0.0,0.0,1,87.26267,1.0,False,1.5933317e-36,Test
440,4,-5.476651,3.5759995,-1.7607895,-2.3694353,-3.0072956,-3.876772,-1.6042541,2.8750978,7.747129e-05,0.6616936,0.0031836026,0.001732158,0.00091531023,0.0003836715,0.0037230717,0.32829112,1,6.9962473,0.9990847,False,1.0087527,Test
441,6,-2.368984,21.632631,-13.956158,-5.894923,-8.251952,-0.70680034,-4.5619617,-15.201295,3.7690406e-11,1.0,3.4993266e-16,1.1090098e-12,1.0502452e-13,1.9865892e-10,4.205645e-12,1.00746205e-16,1,26.194593,1.0,False,7.915212e-09,Test
442,6,-1.9568354,0.7772875,-3.8952706,-0.37096712,-3.223899,-3.9810426,4.5911875,-4.255774,0.0013892732,0.021389574,0.00019995673,0.006784558,0.0003912992,0.0001835209,0.96952236,0.00013943475,6,0.030951742,0.030477643,True,0.23494886,Test
443,5,-4.5637918,41.239765,-28.91597,-9.8330965,-15.605542,1.6352748,-7.197055,-29.170368,1.2816438e-20,1.0,3.4021468e-31,6.596878e-23,2.0530386e-25,6.309393e-18,9.207801e-22,2.6379565e-31,1,39.604492,1.0,False,3.614172e-16,Test
444,6,-3.1887121,-1.5795275,1.4712101,-0.9824004,-1.2784535,-5.8845563,1.5369331,0.5527411,0.0035399045,0.017695038,0.37391254,0.032149967,0.02391147,0.00023889184,0.3993127,0.14923957,6,0.9180105,0.60068727,True,1.8919924,Test
445,6,-4.8561025,71.39178,-50.892445,-15.837097,-26.108946,5.924547,-11.989055,-54.37286,7.6907177e-34,1.0,0.0,1.3091255e-38,4.53e-43,3.697792e-29,6.1399684e-37,0.0,1,83.38083,1.0,False,3.4926216e-27,Test
446,6,-2.341727,19.629566,-11.602867,-5.2126474,-7.4493203,-0.7851128,-4.206944,-14.661626,2.8707073e-10,1.0,2.7285162e-14,1.6261631e-11,1.7369576e-12,1.3615002e-09,4.445651e-11,1.2809286e-15,1,23.83651,1.0,False,5.1379413e-08,Test
447,6,0.04571283,11.0355215,-8.200074,-2.5412006,-5.6977854,-2.281566,0.82373154,-11.160605,1.6871823e-05,0.9999434,4.426519e-09,1.269638e-06,5.4049607e-08,1.6460307e-06,3.673257e-05,2.2925561e-10,1,10.211846,0.9999633,False,0.0009482003,Test
448,5,-4.641182,45.907894,-31.956333,-10.855419,-17.0654,1.9910498,-8.268011,-33.182236,1.1138205e-22,1.0,1.5275511e-34,2.2284672e-25,4.4776095e-28,8.455849e-20,2.9628123e-24,4.4832336e-35,1,43.916843,1.0,False,5.3658813e-18,Test
449,6,-3.9381409,29.241829,-19.912012,-7.4632635,-11.214117,-0.014771741,-5.463653,-19.091286,3.8915463e-15,1.0,4.4953025e-22,1.1459891e-16,2.692806e-18,1.9679745e-13,8.4644834e-16,1.021398e-21,1,34.705482,1.0,False,8.541386e-12,Test
450,6,-4.826798,17.06218,-9.7199745,-6.043691,-6.716361,-2.466754,-5.145557,-9.794347,3.117009e-10,1.0,2.3369976e-12,9.2309764e-11,4.710973e-11,3.3013496e-09,2.2662217e-10,2.1694977e-12,1,22.207737,1.0,False,1.1498477e-07,Test
451,4,-5.071773,31.447544,-19.62331,-8.558928,-11.519924,-0.4290258,-6.922307,-21.384207,1.3799453e-16,1.0,6.6101274e-23,4.2209575e-18,2.1850715e-19,1.432787e-14,2.1686317e-17,1.1362214e-23,1,42.96747,1.0,False,6.6764064e-13,Test
452,6,-5.4264855,65.08698,-45.583862,-14.788364,-23.920628,4.7548504,-11.128629,-49.35254,2.3789805e-31,1.0,0.0,2.044447e-35,2.210468e-39,6.281866e-27,7.9429035e-34,0.0,1,76.215614,1.0,False,5.468033e-25,Test
453,4,-4.082934,16.003632,-9.39063,-4.8146353,-6.35464,-1.9947866,-3.9942136,-9.823947,1.8902344e-09,1.0,9.362953e-12,9.0937113e-10,1.9495106e-10,1.525408e-08,2.0656008e-09,6.070504e-12,1,22.358273,1.0,False,5.446319e-07,Test
454,6,-1.9263191,2.2698445,-0.7415587,-1.6195084,-2.360118,-4.387911,-0.14394623,-1.5116259,0.012460878,0.8277885,0.040745873,0.016935378,0.00807518,0.0010629013,0.074066766,0.018864604,1,2.6027884,0.92593324,False,1.0451423,Test
455,4,-4.297282,56.50845,-39.81446,-12.542443,-20.881586,4.665309,-9.411464,-43.33159,3.912063e-27,1.0,1.47e-42,1.0270156e-30,2.4543344e-34,3.0535884e-23,2.3515001e-29,4.3e-44,1,77.39004,1.0,False,2.2842415e-21,Test
456,0,-3.7006044,16.632565,-12.849227,-4.2092767,-7.7046137,0.46964687,-2.2869482,-10.881761,1.4771251e-09,0.9999999,1.5711591e-13,8.881852e-10,2.6946239e-11,9.561671e-08,6.0723884e-09,1.1237787e-12,1,20.333168,1.0,False,2.6383696e-06,Test
457,6,-2.2017035,16.669401,-11.729361,-3.970711,-7.411824,-1.4495796,-1.9744123,-12.311551,6.3735754e-09,1.0,4.640604e-13,1.0867091e-09,3.4806172e-11,1.352156e-08,8.0000815e-09,2.5925787e-13,1,18.643814,1.0,False,7.7575726e-07,Test
458,4,-6.8290653,50.351643,-32.910336,-13.142196,-18.287321,1.3676454,-10.597905,-36.640617,1.4680243e-25,1.0,6.9148434e-37,2.6605778e-28,1.550521e-30,5.3274607e-22,3.388037e-27,1.6585931e-38,1,68.63896,1.0,False,3.766105e-20,Test
459,6,-3.5373719,7.423917,-6.4949126,-2.335069,-4.224787,0.13880995,-1.4861356,-5.8485875,1.7345192e-05,0.99909365,9.0102236e-07,5.772084e-05,8.7224425e-06,0.0006850536,0.0001349024,1.7196126e-06,1,8.910959,0.9998651,False,0.0115268845,Test
460,6,-6.229363,-2.2795687,1.1087737,-0.43873787,-1.9098034,-4.9351134,0.7702763,3.7684808,3.9885053e-05,0.0020710188,0.061336987,0.013051087,0.002997582,0.00014551093,0.043723494,0.8766345,7,3.1298697,0.95627654,False,0.73868334,Test
461,1,-4.8781757,59.78491,-42.057964,-13.77103,-21.835869,4.3710337,-10.392214,-44.37325,8.263777e-29,1.0,6e-45,1.1351721e-32,3.5690165e-36,8.591315e-25,3.3301384e-31,0.0,1,-0.0,0.0,True,6.869129e-23,Test
462,6,-4.4314265,29.918173,-18.852589,-8.195805,-11.161675,-0.70025927,-6.4762874,-20.63411,1.2082566e-15,1.0,6.5936857e-22,2.8009848e-17,1.4429397e-18,5.0417756e-14,1.5634621e-16,1.1102529e-22,1,36.39446,1.0,False,2.296818e-12,Test
463,6,-0.21273278,0.7463745,0.77872044,-1.7472166,-1.7066383,-4.394792,-0.7102511,-1.9268937,0.13248551,0.34570318,0.3570681,0.028559493,0.029742228,0.0020226613,0.0805562,0.0238626,2,2.5188003,0.9194438,False,2.1833699,Test
464,6,-2.7989748,3.514538,-0.31831577,-1.9261097,-2.5494351,-4.374626,-0.78633505,-2.588046,0.0017315069,0.95575815,0.020690013,0.0041448115,0.0022222751,0.00035820168,0.012956941,0.0021381073,1,4.3461237,0.9870431,False,0.35073414,Test
465,6,1.9903105,6.270122,-5.3220115,-2.0049765,-4.0300455,-3.699288,-0.00058862567,-6.768066,0.013626126,0.9841717,9.092248e-06,0.0002507501,3.309521e-05,4.606925e-05,0.0018609551,2.1412027e-06,1,6.2866654,0.998139,False,0.12832777,Test
466,6,-3.3258762,25.482807,-16.207556,-6.9256306,-9.894521,-0.95959926,-5.1004205,-17.496113,3.079979e-13,1.0,7.8362133e-19,8.417701e-15,4.323367e-16,3.282533e-12,5.222437e-14,2.1601913e-19,1,30.583227,1.0,False,1.4074415e-10,Test
467,6,-1.5061207,5.285935,-1.4714656,-2.7025769,-2.6655667,-4.0263433,-2.160442,-2.738979,0.001118211,0.9960383,0.001157642,0.00033799425,0.0003507379,8.995074e-05,0.0005812403,0.00032591194,1,7.4503465,0.99941874,False,0.047114544,Test
468,6,-3.8316588,5.6034317,-0.8021208,-3.2828913,-2.8501477,-4.673179,-2.744999,-2.0106452,7.9644684e-05,0.99715984,0.0016476642,0.00013787443,0.0002125309,3.4331213e-05,0.00023609535,0.0004920546,1,8.3512745,0.9997639,False,0.033531226,Test
469,6,-4.054002,62.417664,-43.163517,-13.770719,-22.484211,5.094187,-10.801503,-49.464954,1.354325e-29,1.0,0.0,8.162154e-34,1.3414857e-37,1.2727102e-25,1.5897127e-32,0.0,1,73.21917,1.0,False,1.0526651e-23,Test
470,4,-6.215775,0.68447745,1.9535376,-3.4436078,-1.4712173,-5.7887855,-3.2949204,6.196136,3.9938272e-06,0.003963974,0.014101868,6.387431e-05,0.00045911828,6.1210862e-06,7.411401e-05,0.981327,7,7.6862025,0.99954087,False,0.1521877,Test
471,6,-3.208429,9.6050005,-5.9380727,-3.2298236,-4.9564533,-3.5996819,-1.3309413,-4.777299,2.7238723e-06,0.9999738,1.7771231e-07,2.6662171e-06,4.7427426e-07,1.841908e-06,1.7806127e-05,5.6732944e-07,1,10.935967,0.9999822,False,0.00047947184,Test
472,6,-3.3103478,12.02522,-7.6383414,-3.7362266,-5.413138,-2.5739913,-2.129277,-6.315919,2.186991e-07,0.99999845,2.8855152e-09,1.4285331e-07,2.6706473e-08,4.5671226e-07,7.1249093e-07,1.0827892e-08,1,14.154499,0.9999993,False,3.5531866e-05,Test
473,6,-4.6355805,4.988188,-1.9436057,-2.7508826,-3.0664077,-4.2375455,-2.1461883,0.5177745,6.5216205e-05,0.9860633,0.000962643,0.00042940708,0.00031321187,9.710016e-05,0.0007861124,0.011283115,1,7.148411,0.9992139,False,0.12136779,Test
474,6,-3.9347575,65.6113,-47.486065,-13.971602,-24.319784,6.195527,-10.302139,-51.62124,6.2593682e-31,1.0,0.0,2.7389572e-35,8.77863e-40,1.5705737e-26,1.0745169e-33,0.0,1,75.91344,1.0,False,1.3463404e-24,Test
475,4,-4.542903,3.272009,-0.8927449,-2.1711164,-2.398184,-3.8183887,-1.7722054,1.2714555,0.00034612673,0.8574488,0.013319213,0.0037092743,0.0029557983,0.0007143114,0.005527564,0.11597888,1,5.8239865,0.9970442,False,0.741385,Test
476,4,-4.2817945,49.40902,-34.092434,-11.201393,-18.13354,4.1029067,-8.580663,-37.93309,4.812551e-24,1.0,5.442284e-37,4.7558953e-27,4.641307e-30,2.1076796e-20,6.537345e-26,1.168971e-38,1,67.54256,1.0,False,1.3780194e-18,Test
477,6,-1.2362223,0.68394196,-0.4132692,-1.3876086,-1.9066192,-4.7974663,1.0486988,-1.6280514,0.045455676,0.31010225,0.103512354,0.039069865,0.023250831,0.0012910989,0.44659802,0.030719843,6,0.8060964,0.55340195,True,2.0602834,Test
478,6,-3.2336025,44.54,-31.139034,-10.471848,-16.482008,2.537226,-7.9795136,-33.38104,1.7872562e-21,1.0,1.3583581e-33,1.2842742e-24,3.1512106e-27,5.7335993e-19,1.5526158e-23,1.4431921e-34,1,52.519516,1.0,False,3.4868462e-17,Test
479,6,-2.9677446,12.20669,-7.7176547,-3.6119983,-5.4711266,-2.3393207,-2.0846548,-6.7396417,2.5693666e-07,0.99999845,2.2231368e-09,1.3490568e-07,2.1019444e-08,4.8166714e-07,6.213656e-07,5.9116987e-09,1,14.291347,0.9999994,False,3.4534343e-05,Test
480,6,-3.987751,16.507902,-10.314742,-5.1473937,-6.72893,-1.8567946,-3.8425393,-8.866102,1.255599e-09,1.0,2.2442645e-12,3.937534e-10,8.097897e-11,1.05758104e-08,1.45183e-09,9.554543e-12,1,20.350441,1.0,False,3.7540715e-07,Test
481,6,-0.6074272,3.7319608,-2.7860065,-1.7899644,-2.8976717,-3.7473447,-0.13206847,-2.5293398,0.012503164,0.9585001,0.0014153862,0.0038322215,0.0012658415,0.0005412167,0.02011248,0.0018295483,1,3.9064147,0.97988755,False,0.3298562,Test
482,6,-3.2005515,34.44214,-23.432846,-8.468103,-12.958092,0.7655208,-6.449014,-24.897245,4.4873298e-17,1.0,7.331848e-26,2.3137663e-19,2.59622e-21,2.36827e-15,1.7426034e-18,1.6952436e-26,1,40.89115,1.0,False,1.1761684e-13,Test
483,4,-5.543258,16.95716,-9.230018,-6.0423975,-6.657943,-2.4122884,-5.065597,-9.013588,1.691188e-10,1.0,4.236941e-12,1.0266422e-10,5.547411e-11,3.8721746e-09,2.726701e-10,5.260743e-12,1,23.615105,1.0,False,1.2801166e-07,Test
484,5,-4.2537847,41.01105,-28.496353,-10.043584,-15.135913,2.1517117,-7.742842,-28.711107,2.1965028e-20,1.0,6.5060815e-31,6.7182184e-23,4.1274603e-25,1.32923805e-17,6.7058296e-22,5.248685e-31,1,38.85934,1.0,False,7.466864e-16,Test
485,4,-5.352301,13.309124,-8.473948,-5.079341,-5.905473,-2.7567244,-3.956133,-4.037041,7.860428e-09,0.9999999,3.4652312e-10,1.0327393e-08,4.520705e-09,1.0536351e-07,3.1753686e-08,2.9285749e-08,1,19.214598,1.0,False,4.759737e-06,Test
486,4,-5.1012964,20.125278,-11.021899,-6.237203,-7.799249,-2.108438,-5.184353,-13.887324,1.1072308e-11,1.0,2.9713387e-14,3.555654e-12,7.45644e-13,2.2081034e-10,1.0189826e-11,1.6924423e-15,1,27.924528,1.0,False,8.024547e-09,Test
487,1,-4.402605,69.28866,-48.561054,-15.159497,-25.004377,6.01424,-12.108919,-54.679955,9.9149804e-33,1.0,0.0,2.1116933e-37,1.1196e-41,3.3133665e-28,4.4615133e-36,0.0,1,-0.0,0.0,True,3.024735e-26,Test
488,6,-3.4167387,3.1036642,1.1926215,-2.3845632,-2.3687556,-4.236183,-1.0908413,-2.7746477,0.0012523361,0.85015064,0.12575944,0.0035155155,0.0035715292,0.00055187487,0.012818736,0.0023800023,1,4.3568473,0.98718125,False,0.75234723,Test
489,6,-3.3485055,29.39813,-18.690756,-7.56775,-11.070743,-0.48000106,-5.9279623,-22.181442,6.0022893e-15,1.0,1.3039534e-21,8.8292074e-17,2.6582276e-18,1.0570419e-13,4.5506485e-16,3.9744346e-23,1,35.32609,1.0,False,4.8680075e-12,Test
490,6,-1.6734667,21.238848,-15.812468,-4.581281,-9.148683,0.03633185,-2.077116,-16.530811,1.12023175e-10,1.0,8.1062165e-17,6.1158986e-12,6.351303e-14,6.192472e-10,7.4817916e-11,3.9522524e-17,1,23.315964,1.0,False,2.539231e-08,Test
491,6,-2.6113377,2.2373993,-1.6188306,-1.4229109,-2.6929293,-3.9002516,0.3948719,-0.076580234,0.005931892,0.75678563,0.016004186,0.019467955,0.005467118,0.0016346505,0.11988736,0.07482114,1,2.1212027,0.88011265,False,1.2572076,Test
492,4,-4.565815,1.3643291,1.4779922,-2.1716695,-1.6306404,-4.224712,-2.047376,2.2302115,0.00057584146,0.21663651,0.24271405,0.0063105454,0.010840093,0.00080991955,0.007145737,0.51496726,7,4.5245037,0.9891599,False,1.6492112,Test
493,4,-6.0259748,44.074234,-29.12446,-11.447981,-16.108253,0.7407584,-9.093262,-30.364548,1.7448416e-22,1.0,1.6226014e-32,7.70917e-25,7.295882e-27,1.5153398e-19,8.121757e-24,4.6951324e-33,1,60.182487,1.0,False,9.486746e-18,Test
494,4,-5.7385364,25.945444,-17.44848,-7.745071,-10.177383,-1.219893,-5.8886657,-13.516612,1.7370884e-14,1.0,1.4264546e-19,2.335586e-15,2.0514275e-16,1.5931043e-12,1.4949325e-14,7.275238e-18,1,36.122826,1.0,False,6.4041064e-11,Test
495,4,-5.839077,38.402237,-25.490519,-10.116392,-14.218195,0.43013224,-8.007757,-25.515305,6.112818e-20,1.0,1.7853759e-28,8.484501e-22,1.4035814e-23,3.2279377e-17,6.9886745e-21,1.7416642e-28,1,52.62043,1.0,False,1.7727641e-15,Test
496,6,-3.4286733,2.7447844,1.4061929,-3.0609667,-1.8181145,-5.0446906,-2.7286043,0.67249155,0.001479865,0.71010196,0.1861992,0.0021375443,0.0074076257,0.0002940321,0.0029802877,0.08939956,1,5.8157353,0.9970197,False,1.2274483,Test
497,6,-4.341205,5.268845,-1.2300113,-3.1164358,-2.9795785,-4.5424733,-2.4514477,-0.39085144,6.6648616e-05,0.99399203,0.0014961164,0.00022683069,0.00026009863,5.4498112e-05,0.00044106465,0.0034626445,1,7.7263193,0.9995589,False,0.06344154,Test
498,1,-5.068496,76.28387,-54.463554,-16.903673,-27.702055,7.116515,-13.097917,-57.95558,4.6678555e-36,1.0,0.0,3.3819e-41,0.0,9.141158e-31,1.520496e-39,0.0,1,-0.0,0.0,True,9.121779e-29,Test
499,6,-1.6301572,20.5165,-14.400537,-4.79258,-8.516315,-0.661102,-3.0441775,-15.1811,2.408955e-10,1.0,6.850513e-16,1.0195444e-11,2.4615477e-13,6.3486877e-10,5.857703e-11,3.1385477e-16,1,23.560678,1.0,False,2.9467566e-08,Test
500,4,-5.1718383,28.565216,-17.632053,-8.162851,-10.653648,-1.1992997,-6.5182033,-18.66221,2.22938e-15,1.0,8.6453145e-21,1.1199634e-16,9.278197e-18,1.1842282e-13,5.800486e-16,3.0859586e-21,1,39.218864,1.0,False,5.2295364e-12,Test
501,6,-2.765053,-0.71184427,2.8337827,-2.0485573,-1.0737358,-5.995897,-1.4411652,1.927999,0.0025039937,0.019513294,0.6763582,0.0051262937,0.013588238,9.89682e-05,0.009410017,0.2734009,2,4.6659803,0.99059,False,1.2134602,Test
502,6,-1.4470062,17.40768,-11.636104,-4.120205,-7.3176317,-0.6575604,-2.4811153,-14.259952,6.479084e-09,1.0,2.4346942e-13,4.4725804e-10,1.8278214e-11,1.4268082e-08,2.3035929e-09,1.7657195e-14,1,19.888796,1.0,False,6.287571e-07,Test
503,6,-0.846448,7.482796,-4.5925255,-2.5762985,-3.8053749,-2.5563958,-0.99349606,-6.2706504,0.00024122032,0.9994449,5.6952595e-06,4.2771026e-05,1.2513205e-05,4.3630793e-05,0.00020823405,1.0634399e-06,1,8.476848,0.99979174,False,0.007822859,Test
504,6,-5.2597985,0.5649544,0.6642496,-1.9549924,-2.117216,-5.621676,-0.024255857,2.9050643,0.00022383018,0.07578385,0.08369509,0.0060978616,0.005184712,0.00015586811,0.042042244,0.7868165,7,3.1690803,0.95795774,False,1.1348741,Test
505,5,-5.802694,43.725525,-30.315372,-10.672782,-16.495495,1.6912671,-7.8308377,-30.32581,3.0914946e-22,1.0,6.989539e-33,2.3720022e-24,7.0201025e-27,5.555902e-19,4.06777e-23,6.916968e-33,1,42.034256,1.0,False,3.371774e-17,Test
506,6,-0.6271076,10.635888,-7.1764116,-3.1628683,-5.0287642,-2.9729826,-1.7595547,-7.837542,1.2839103e-05,0.99998057,1.8374186e-08,1.0168753e-06,1.5736919e-07,1.2295161e-06,4.1373196e-06,9.485988e-09,1,12.395462,0.9999959,False,0.00035922238,Test
507,4,-5.3036027,44.31208,-28.912264,-11.172418,-15.924885,1.2386763,-8.999583,-31.601553,2.8325786e-22,1.0,1.5815108e-32,8.0055113e-25,6.909051e-27,1.9654365e-19,7.031343e-24,1.0743038e-33,1,60.236965,1.0,False,1.2234454e-17,Test
508,1,-5.0699577,70.300026,-50.350548,-15.662289,-25.685743,5.860836,-11.764077,-53.060318,1.8502637e-33,1.0,0.0,4.6456102e-38,2.06e-42,1.0337458e-28,2.2909376e-36,0.0,1,-0.0,0.0,True,9.610533e-27,Test
509,4,-5.588597,38.397125,-25.5036,-10.130525,-14.259615,0.26094297,-7.9592104,-25.798615,7.893031e-20,1.0,1.7711982e-28,8.408332e-22,1.3535339e-23,2.7394733e-17,7.37394e-21,1.3186953e-28,1,52.65674,1.0,False,1.5127894e-15,Test
510,6,-1.6932781,0.27483487,1.0203516,-1.6075052,-1.5322752,-5.1785946,0.28467917,-0.48748723,0.027698273,0.1982409,0.4177987,0.030178899,0.03253684,0.0008487876,0.20020208,0.09249558,2,1.608428,0.7997979,False,2.236298,Test
511,4,-4.4627757,2.5650826,-0.5334365,-2.2513003,-2.2664857,-4.2717495,-1.7465996,2.0393298,0.0005317781,0.5996399,0.027053334,0.004854696,0.004781532,0.00064371276,0.0080417525,0.35445327,1,5.342994,0.99521846,False,1.2564461,Test
512,6,-2.7762287,10.365611,-5.8813815,-3.4065175,-4.7256727,-2.8301299,-2.3333564,-5.7868514,1.9614072e-06,0.99999154,8.7905754e-08,1.0443274e-06,2.7921263e-07,1.8584846e-06,3.0542533e-06,9.662093e-08,1,12.698976,0.99999696,False,0.0001717902,Test
513,4,-5.477387,50.128216,-33.584618,-12.249556,-18.138205,1.980801,-9.704777,-35.952194,7.092409e-25,1.0,4.405346e-37,8.1222985e-28,2.2504593e-30,1.2298249e-21,1.0348121e-26,4.12811e-38,1,68.26642,1.0,False,8.548401e-20,Test
514,4,-6.721588,63.18642,-42.942917,-15.367623,-22.788092,3.376526,-11.9858885,-45.73202,4.3585224e-31,1.0,0.0,7.663215e-35,4.5892808e-38,1.0589924e-26,2.2546577e-33,0.0,1,85.97451,1.0,False,9.138216e-25,Test
515,4,-2.7104497,37.921562,-26.99803,-8.289653,-14.406094,2.9254775,-5.848415,-29.655058,2.258092e-18,1.0,6.3940886e-29,8.525579e-21,1.8809959e-23,6.3298423e-16,9.793553e-20,4.4858625e-30,1,52.327656,1.0,False,3.209766e-14,Test
516,4,-5.2991877,29.709911,-18.205214,-8.350966,-10.997697,-1.2539641,-6.7540646,-19.855206,6.2480125e-16,1.0,1.5514097e-21,2.9537273e-17,2.0936822e-18,3.569111e-14,1.4584694e-16,2.979499e-22,1,40.707607,1.0,False,1.6353472e-12,Test
517,6,-5.917548,65.4105,-46.07987,-15.037409,-24.18364,4.2208934,-11.14881,-48.35762,1.0534697e-31,1.0,0.0,1.1532359e-35,1.229589e-39,2.6649674e-27,5.632662e-34,0.0,1,76.55931,1.0,False,2.3526874e-25,Test
518,6,-4.0415874,46.564674,-32.56674,-10.628999,-17.324835,2.7242043,-7.952994,-34.25001,1.0519124e-22,1.0,4.301955e-35,1.449118e-25,1.7911744e-28,9.1269584e-20,2.1051203e-24,7.9915234e-36,1,54.51767,1.0,False,5.7805147e-18,Test
519,6,-0.34887177,12.990596,-8.896629,-3.3494477,-5.817065,-1.7349708,-1.4063065,-10.590753,1.6096873e-06,0.9999974,3.122463e-10,8.009546e-08,6.791027e-09,4.025005e-07,5.591183e-07,5.7378526e-11,1,14.396905,0.99999946,False,5.7009933e-05,Test
520,0,-2.5588396,6.486083,-3.7628603,-2.4298413,-3.1334763,-0.63393354,-2.4405172,-6.4557056,0.00011783562,0.9987037,3.5349e-05,0.00013406025,6.633079e-05,0.000807705,0.00013263659,2.3927055e-06,1,9.04622,0.99988216,False,0.0166262,Test
521,6,-2.9786506,30.944323,-22.071535,-7.369816,-11.9617605,0.9553443,-5.22898,-21.481369,1.851142e-15,1.0,9.4516044e-24,2.2928745e-17,2.323407e-19,9.4613384e-14,1.9504494e-16,1.705345e-23,1,36.1733,1.0,False,4.1954994e-12,Test
522,6,-3.9149234,39.88472,-28.222624,-9.347098,-14.981501,2.1872852,-6.90256,-28.022491,9.507276e-20,1.0,2.6384911e-30,4.1580778e-22,1.4856073e-24,4.2482755e-17,4.792278e-21,3.223093e-30,1,46.78728,1.0,False,2.3168238e-15,Test
523,6,-3.4666739,44.11819,-31.43124,-10.121683,-16.648153,2.2884438,-7.333241,-32.524174,2.158517e-21,1.0,1.546319e-33,2.7792092e-24,4.0692365e-27,6.816666e-19,4.5178032e-23,5.1837496e-34,1,51.45143,1.0,False,4.128868e-17,Test
524,6,-3.7593088,36.350876,-24.894157,-8.314495,-13.814896,1.5512396,-6.0528464,-27.13361,3.805122e-18,1.0,2.5212738e-27,4.0001462e-20,1.6341136e-22,7.7038843e-16,3.8397065e-19,2.6855808e-28,1,42.40372,1.0,False,3.8923824e-14,Test
525,4,-5.3663473,87.131966,-62.779327,-18.284374,-31.935448,9.367939,-13.878806,-69.64419,6.7374e-41,1.0,0.0,0.0,0.0,1.6885503e-34,1.4e-44,0.0,1,119.06741,1.0,False,1.8943816e-32,Test
526,4,-3.8378718,32.945427,-22.572811,-7.987368,-12.532733,0.6515755,-6.001,-22.940598,1.05978175e-16,1.0,7.739904e-25,1.671523e-18,1.7745396e-20,9.439721e-15,1.21837765e-17,5.3580646e-25,1,45.47816,1.0,False,4.4620668e-13,Test
527,6,-1.7070104,7.999835,-3.996716,-3.0004046,-3.854303,-3.141876,-1.7911285,-5.4791965,6.0855524e-05,0.9998373,6.164434e-06,1.6694987e-05,7.1079253e-06,1.4492577e-05,5.594587e-05,1.3997817e-06,1,9.791126,0.99994403,False,0.0026305416,Test
528,6,-0.6484833,26.498043,-17.386055,-6.6762815,-10.509528,-0.9623305,-4.7210927,-22.087635,1.6233547e-12,1.0,8.737323e-20,3.9135794e-15,8.468678e-17,1.1860734e-12,2.7650425e-14,7.934291e-22,1,31.219135,1.0,False,1.1200312e-10,Test
529,6,-3.4687834,0.882746,0.50633657,-1.6888418,-1.9198987,-4.906575,-0.19394474,0.0774504,0.004905614,0.38066107,0.26125577,0.029087879,0.023086883,0.0011648455,0.1296993,0.17013867,1,2.0425365,0.8703007,False,2.176219,Test
530,1,-3.7143557,41.051537,-28.479824,-9.561614,-15.635594,1.9503783,-6.9734125,-30.431192,3.6175965e-20,1.0,6.352072e-31,1.0446903e-22,2.4048735e-25,1.04371706e-17,1.3900487e-21,9.0249766e-32,1,-0.0,0.0,True,5.9121206e-16,Test
531,6,0.0736139,9.837179,-6.1917624,-2.9647527,-4.921225,-3.4523644,-0.7454585,-8.267147,5.7504185e-05,0.99991226,1.0931526e-07,2.755204e-06,3.8946513e-07,1.6919465e-06,2.5350158e-05,1.3719962e-08,1,10.582726,0.99997467,False,0.0014182903,Test
532,1,-5.930135,91.86623,-64.386246,-20.521006,-33.195137,7.5588613,-15.777095,-71.26191,3.36e-43,1.0,0.0,0.0,0.0,2.4309522e-37,0.0,0.0,1,-0.0,0.0,True,2.9567675e-35,Test
533,1,-5.9520626,105.3603,-74.40852,-23.064997,-37.699078,11.662254,-18.412012,-84.130714,0.0,1.0,0.0,0.0,0.0,2.0298e-41,0.0,0.0,1,-0.0,0.0,True,2.743811e-39,Test
534,6,-2.5519712,32.828876,-23.39449,-7.5233445,-12.706961,1.0931028,-5.231339,-23.699339,4.3081716e-16,1.0,3.8238644e-25,2.9871186e-18,1.6750895e-20,1.649411e-14,2.9556884e-17,2.819089e-25,1,38.060215,1.0,False,7.7897205e-13,Test
535,6,-2.141264,5.076758,-1.7264225,-2.973269,-2.7108366,-4.315236,-2.225217,-1.2682861,0.0007295378,0.99493533,0.0011046153,0.00031747724,0.00041274843,8.296663e-05,0.0006707911,0.0017465346,1,7.3070526,0.9993292,False,0.058266744,Test
536,1,-4.6276717,74.68073,-52.463303,-16.47126,-27.107103,7.2694793,-12.73342,-58.410824,3.6041116e-35,1.0,0.0,2.58936e-40,6e-45,5.2925382e-30,1.0877153e-38,0.0,1,-0.0,0.0,True,5.1472404e-28,Test
537,6,-4.424891,56.669662,-40.245895,-12.414074,-21.156134,4.906121,-9.092589,-43.966354,2.9307038e-27,1.0,8.13e-43,9.938317e-31,1.5873963e-34,3.3065818e-23,2.753065e-29,2e-44,1,65.76225,1.0,False,2.4695835e-21,Test
538,4,-5.8165793,40.713116,-26.992262,-10.809574,-14.918544,0.5417849,-8.572006,-27.420109,6.2002732e-21,1.0,3.9439276e-30,4.2070738e-23,6.909981e-25,3.579425e-18,3.9422441e-22,2.5710858e-30,1,55.63166,1.0,False,2.0789292e-16,Test
539,6,-2.0873387,2.1949785,-1.1663382,-1.3563795,-2.2757008,-3.5935075,-0.4989367,-0.8516196,0.011443776,0.82862127,0.028744502,0.023769548,0.009479049,0.0025377483,0.056027804,0.039376345,1,2.8819072,0.9439722,False,1.0762463,Test
540,6,-2.4785025,15.068846,-10.848115,-3.5674238,-6.719104,-1.1970533,-2.1180887,-9.74523,2.3948786e-08,0.9999999,5.551451e-12,8.060673e-09,3.448372e-10,8.626001e-08,3.434067e-08,1.6725685e-11,1,17.186935,0.99999994,False,3.882361e-06,Test
541,6,-3.4004097,17.56035,-11.859465,-4.753185,-7.6088605,-1.6396796,-2.7421792,-10.974083,7.886014e-10,1.0,1.6716165e-13,2.0387059e-10,1.1726025e-11,4.587047e-09,1.5230814e-09,4.051847e-13,1,20.30253,1.0,False,2.0253164e-07,Test
542,4,-3.6183274,62.56242,-43.681736,-13.504316,-22.595486,5.3947887,-10.388821,-49.10471,1.8116168e-29,1.0,0.0,9.218007e-34,1.0384642e-37,1.4873474e-25,2.0781591e-32,0.0,1,85.157906,1.0,False,1.22686985e-23,Test
543,4,-4.90922,32.75492,-20.650135,-8.687896,-12.008797,-0.11511281,-7.0294695,-22.696363,4.3920845e-17,1.0,6.4044063e-24,1.0037209e-18,3.625471e-20,5.305495e-15,5.2705893e-18,8.275845e-25,1,44.763718,1.0,False,2.5434564e-13,Test
544,6,-1.6100774,2.4626856,-0.4092027,-2.094014,-2.1503682,-5.047555,-1.2710161,-0.20600922,0.014337239,0.84186804,0.047642972,0.008836789,0.008352572,0.00046088014,0.02012417,0.058377385,1,3.9058337,0.9798758,False,0.9818078,Test
545,4,-4.0527525,36.63823,-24.39211,-9.15841,-13.425426,1.2075812,-7.326333,-26.24758,2.1287795e-18,1.0,3.125066e-27,1.29054344e-20,1.8097998e-22,4.0988755e-16,8.061829e-20,4.8869663e-28,1,50.063656,1.0,False,2.1082604e-14,Test
546,6,-1.8647515,18.022076,-12.261016,-4.5118513,-7.5118275,-1.5843706,-2.8171422,-12.696265,2.3081317e-09,1.0,7.050502e-14,1.6354582e-10,8.142669e-12,3.055125e-09,8.905177e-10,4.562403e-14,1,20.839218,1.0,False,1.8503434e-07,Test
547,1,-5.3455353,93.27119,-65.52238,-20.319878,-33.476616,8.037198,-15.760735,-73.05477,1.49e-43,1.0,0.0,0.0,0.0,9.623881e-38,0.0,0.0,1,-0.0,0.0,True,1.18341846e-35,Test
548,6,-3.5787957,8.101768,-4.396786,-2.9730506,-4.0632753,-3.0324724,-1.9033452,-3.7742398,8.4557605e-06,0.99990034,3.731673e-06,1.5496176e-05,5.2088963e-06,1.4602179e-05,4.516391e-05,6.9546036e-06,1,10.005212,0.9999548,False,0.001698201,Test
549,6,1.6281393,3.5437791,-4.262644,-1.5126603,-3.375831,-3.9077158,1.7363274,-6.243062,0.1115749,0.75773674,0.0003084834,0.0048254146,0.000748807,0.00043992145,0.12432316,4.2574262e-05,1,2.084871,0.8756769,False,1.0842552,Test
550,1,-5.3209314,79.920265,-56.363014,-17.81895,-28.958101,6.542963,-13.598749,-61.429207,9.554745e-38,1.0,0.0,3.57e-43,0.0,1.3571935e-32,2.4277e-41,0.0,1,-0.0,0.0,True,1.4367514e-30,Test
551,1,-5.5606585,44.422882,-30.948345,-11.074652,-16.863441,1.6433405,-8.002597,-30.401592,1.9607606e-22,1.0,1.8479502e-33,7.901808e-25,2.4192896e-27,2.6368256e-19,1.7057028e-23,3.1925817e-33,1,-0.0,0.0,True,1.6289408e-17,Test
552,6,-1.5868195,38.910023,-27.827717,-8.526732,-15.068202,2.0046291,-5.510788,-31.367737,2.5849088e-18,1.0,1.0379298e-29,2.5031023e-21,3.6103927e-24,9.3797305e-17,5.108425e-20,3.0113309e-31,1,44.42081,1.0,False,5.1485394e-15,Test
553,6,-4.1259065,39.78694,-27.771318,-9.56111,-15.21282,1.3423947,-6.8515434,-28.15438,8.4896894e-20,1.0,4.5690017e-30,3.7017996e-22,1.2998888e-24,2.0125465e-17,5.5611336e-21,3.1150042e-30,1,46.638485,1.0,False,1.1220129e-15,Test
554,6,-3.2662354,57.760307,-41.94379,-12.253895,-21.709225,5.603073,-8.725557,-46.515926,3.136962e-27,1.0,5e-44,3.919374e-31,3.0677673e-35,2.2304936e-23,1.3352319e-29,0.0,1,66.48586,1.0,False,1.6786567e-21,Test
555,6,-2.9172463,31.02804,-21.86295,-7.054559,-12.172625,0.9058597,-4.8957467,-23.309616,1.8102964e-15,1.0,1.0708642e-23,2.8902614e-17,1.7305725e-19,8.281386e-14,2.5032134e-16,2.5203256e-24,1,35.923786,1.0,False,3.7020794e-12,Test
556,6,-4.020932,9.415322,-5.953946,-3.0542765,-4.7756553,-3.0968242,-1.8908899,-3.4174037,1.4611608e-06,0.9999751,2.114466e-07,3.8415924e-06,6.8695164e-07,3.6815713e-06,1.229599e-05,2.6718205e-06,1,11.306237,0.9999877,False,0.00046853189,Test
557,6,-0.91653866,23.863562,-17.470585,-5.3449297,-9.813981,0.7004057,-2.895639,-18.95573,1.7303716e-11,1.0,1.1189459e-18,2.0649663e-13,2.3660756e-15,8.717038e-11,2.391259e-12,2.53407e-19,1,26.759201,1.0,False,3.6327472e-09,Test
558,5,-5.0653424,79.81171,-57.00264,-17.59899,-28.868242,7.1757536,-13.641549,-61.380325,1.3751957e-37,1.0,0.0,4.96e-43,0.0,2.8484276e-32,2.5928e-41,0.0,1,72.635956,1.0,False,2.984928e-30,Test
559,6,-4.8675475,24.306927,-15.992475,-6.9537687,-9.771612,-1.4283714,-5.199785,-15.151177,2.13642e-13,1.0,3.149146e-18,2.6524796e-14,1.5844533e-15,6.6573596e-12,1.5324905e-13,7.304046e-18,1,29.506712,1.0,False,2.639663e-10,Test
560,1,-5.622798,69.75132,-48.697056,-16.091722,-25.400185,5.0468173,-12.35208,-52.29984,1.8426285e-33,1.0,0.0,5.23409e-38,4.745e-42,7.9284836e-29,2.2026521e-36,0.0,1,-0.0,0.0,True,7.40135e-27,Test
561,4,-5.661065,57.77699,-39.924053,-13.654191,-21.01594,3.3468645,-10.515988,-42.366264,2.8132194e-28,1.0,3.71e-43,9.5023596e-32,6.0348296e-35,2.2977171e-24,2.1914784e-30,3.2e-44,1,78.79293,1.0,False,1.8045668e-22,Test
562,5,-5.316054,57.523083,-39.918545,-13.547189,-20.981121,3.7916064,-10.532061,-43.19246,5.1204613e-28,1.0,4.8e-43,1.363239e-31,8.0548506e-35,4.6207934e-24,2.7798794e-30,1.8e-44,1,53.731476,1.0,False,3.5824196e-22,Test
563,0,1.572077,38.214542,-23.897638,-9.198585,-14.90333,0.2493944,-6.403301,-36.192978,1.2200573e-16,1.0,1.0593069e-27,2.5629503e-21,8.534938e-24,3.2504638e-17,4.1948526e-20,4.844246e-33,1,36.642464,1.0,False,8.232923e-15,Test
564,6,-2.574135,45.236313,-32.579315,-9.70317,-17.202936,2.9400957,-6.817217,-34.937943,1.7226077e-21,1.0,1.6036225e-34,1.3806558e-24,7.6379974e-28,4.2754864e-19,2.4742302e-23,1.5162238e-35,1,52.053528,1.0,False,2.6210038e-17,Test
565,6,-4.3905787,41.782127,-28.462044,-10.29677,-15.615672,1.4292915,-7.5041056,-29.657324,8.8602975e-21,1.0,3.1141826e-31,2.412254e-23,1.1815497e-25,2.9852845e-18,3.9378705e-22,9.4240963e-32,1,49.286232,1.0,False,1.7441385e-16,Test
566,6,-0.9884894,-0.104364686,1.0445948,-1.5337938,-1.5217865,-5.5177426,-0.49180466,0.121959664,0.0591206,0.14312299,0.45153984,0.034270156,0.034684137,0.0006378362,0.09715079,0.17947367,2,2.331491,0.9028492,False,2.273893,Test
567,5,-5.974174,61.15869,-42.3378,-14.427923,-22.458698,3.3897357,-10.93533,-44.894936,6.9914424e-30,1.0,1e-45,1.489874e-33,4.8465277e-37,8.15195e-26,4.8973698e-32,0.0,1,57.768955,1.0,False,6.794761e-24,Test
568,6,-2.976376,33.868725,-21.754341,-8.067992,-12.447705,0.59056205,-6.600802,-26.394993,9.9626804e-17,1.0,6.9696246e-25,6.1251225e-19,7.674152e-21,3.5275814e-15,2.6564841e-18,6.726668e-27,1,40.46953,1.0,False,1.7484851e-13,Test
569,6,-2.2445173,46.76866,-34.642414,-10.155732,-18.28581,3.969516,-6.3976703,-37.013252,5.174239e-22,1.0,4.4017033e-36,1.8969259e-25,5.587287e-29,2.5856373e-19,8.131212e-24,4.111281e-37,1,53.166332,1.0,False,1.6002534e-17,Test
570,6,-1.8500894,-0.7227196,1.219407,-1.336496,-1.2770799,-4.5855393,0.1891212,0.5671115,0.020821493,0.06428689,0.44830874,0.03479867,0.03692893,0.0013505821,0.16000362,0.23350108,2,1.8325589,0.8399964,False,2.159965,Test
571,4,-4.74161,48.348557,-33.56804,-11.218628,-17.717394,2.6775424,-8.612925,-34.142563,8.7747144e-24,1.0,2.6550618e-36,1.3498966e-26,2.0319974e-29,1.4632924e-20,1.8278642e-25,1.4947275e-36,1,66.06595,1.0,False,9.64842e-19,Test
572,4,-6.056461,50.825165,-33.94564,-12.574587,-18.470083,1.8689883,-9.888195,-36.652607,1.9798106e-25,1.0,1.5293505e-37,2.9230652e-28,8.04369e-31,5.4777547e-22,4.2906476e-27,1.0206764e-38,1,69.29525,1.0,False,3.8705393e-20,Test
573,6,-3.8805766,33.960014,-23.752861,-8.149076,-13.10238,0.6648017,-5.698636,-23.69121,3.6816284e-17,1.0,8.622172e-26,5.1552936e-19,3.6396726e-21,3.4679534e-15,5.9767815e-18,9.170485e-26,1,39.65865,1.0,False,1.6896601e-13,Test
574,6,-3.2653341,22.189459,-13.460383,-6.2686763,-8.788038,-1.8661723,-4.757013,-16.1715,8.81301e-12,1.0,3.292082e-16,4.3730931e-13,3.520821e-14,3.5708526e-11,1.9828772e-12,2.1880012e-17,1,26.946472,1.0,False,1.6595383e-09,Test
575,6,-4.474499,32.47086,-22.212084,-8.33885,-12.343059,0.2100592,-6.2203503,-21.25665,9.0122817e-17,1.0,1.7844262e-24,1.8904673e-18,3.4479602e-20,9.756922e-15,1.5726133e-17,4.6391616e-24,1,38.691208,1.0,False,4.5990647e-13,Test
576,6,-3.5842452,-2.2841458,2.2580867,-0.87079465,-1.143241,-5.936577,0.79805136,1.6533113,0.0015524485,0.0056969607,0.5349457,0.023412824,0.017829202,0.00014771083,0.124229416,0.29218578,2,2.0856252,0.87577057,False,1.6644839,Test
577,4,-4.984702,33.36338,-21.94552,-8.6202755,-12.427236,0.33112013,-6.7790427,-22.79474,2.216353e-17,1.0,9.542241e-25,5.844254e-19,1.29834035e-20,4.510985e-15,3.6844084e-18,4.0816778e-25,1,45.790615,1.0,False,2.1644896e-13,Test
578,1,-6.279314,104.70223,-75.06478,-21.944653,-37.930264,11.305925,-17.282984,-84.28864,0.0,1.0,0.0,0.0,0.0,2.7447e-41,0.0,0.0,1,-0.0,0.0,True,3.698304e-39,Test
579,6,-2.342034,24.410477,-16.879467,-5.918655,-9.639202,0.080203876,-4.048992,-17.340433,2.4073126e-12,1.0,1.1695137e-18,6.733259e-14,1.6308439e-15,2.7132938e-11,4.367267e-13,7.375833e-19,1,28.459469,1.0,False,1.0662673e-09,Test
580,6,-3.2052777,45.47637,-32.932823,-9.755767,-17.292843,3.3805068,-6.9364734,-34.639282,7.208233e-22,1.0,8.857666e-35,1.0303542e-24,5.4913164e-28,5.223948e-19,1.7273899e-23,1.6077316e-35,1,52.412846,1.0,False,3.177783e-17,Test
581,4,-4.131448,58.888187,-41.89,-12.968824,-21.903357,4.394781,-9.477319,-44.643147,4.274847e-28,1.0,1.7e-44,6.2072197e-32,8.1786024e-36,2.156818e-24,2.0381526e-30,1e-45,1,80.79154,1.0,False,1.6960244e-22,Test
582,6,0.22496404,10.850807,-7.9922876,-3.0447261,-5.3434,-2.3701637,-1.2285818,-9.089554,2.4279556e-05,0.9999672,6.554417e-09,9.230649e-07,9.266833e-08,1.8121367e-06,5.6751055e-06,2.1877464e-09,1,12.079421,0.99999434,False,0.0005738726,Test
583,1,-4.938671,51.72885,-35.89171,-11.858442,-19.127674,3.2851765,-8.91817,-38.72014,2.4524926e-25,1.0,8.848597e-39,2.4231954e-28,1.6881213e-31,9.144898e-22,4.584932e-27,5.23001e-40,1,-0.0,0.0,True,6.393366e-20,Test
584,4,-7.4785347,-3.3119228,5.137557,-2.049357,-0.76836675,-6.9240246,-1.9830896,6.6342783,6.0644606e-07,3.911368e-05,0.18276423,0.00013824643,0.0004977154,1.0558759e-06,0.0001477181,0.81641126,7,7.605482,0.9995023,False,0.6967551,Test
585,4,-4.2616167,72.7362,-51.61106,-15.449032,-26.660563,7.5440683,-11.700248,-58.962837,3.6330595e-34,1.0,0.0,5.030866e-39,6.9e-44,4.8687473e-29,2.136569e-37,0.0,1,99.39676,1.0,False,4.579212e-27,Test
586,6,-4.6502767,29.063896,-18.391918,-8.042814,-10.975268,-0.85802126,-6.2338395,-19.296768,2.2809774e-15,1.0,2.4558492e-21,7.6693685e-17,4.0851816e-18,1.0117578e-13,4.6815273e-16,9.936428e-22,1,35.297737,1.0,False,4.506703e-12,Test
587,6,-1.0371314,9.141979,-5.538109,-2.8164868,-4.481928,-2.3663695,-1.3309168,-7.3521748,3.7951755e-05,0.9999157,4.21194e-07,6.404243e-06,1.211088e-06,1.0045028e-05,2.829063e-05,6.865044e-08,1,10.47298,0.9999717,False,0.001418177,Test
588,6,-4.1715016,5.199203,-2.1981144,-2.3470194,-3.2703621,-3.688533,-1.3974154,-1.2856287,8.4804655e-05,0.9955544,0.00061017,0.0005257534,0.00020882355,0.00013745805,0.0013589076,0.0015196316,1,6.601074,0.9986411,False,0.05127391,Test
589,6,-3.9276454,0.31889525,3.514277,-2.289798,-1.1884032,-5.529648,-1.9244267,0.44370225,0.0005307085,0.037077047,0.90540266,0.002730008,0.008212847,0.00010693388,0.003934077,0.042005688,2,5.5380793,0.9960659,False,0.61691487,Test
590,4,-6.221855,63.743477,-43.810284,-15.051372,-23.216997,3.4311035,-11.603149,-47.11854,4.1156874e-31,1.0,0.0,6.023284e-35,1.7121698e-38,6.4072065e-27,1.8939826e-33,0.0,1,86.96047,1.0,False,5.5754796e-25,Test
591,6,-1.2099897,11.581733,-7.4696426,-3.3869612,-5.0731134,-1.8175697,-2.053194,-8.563717,2.7837038e-06,0.99999404,5.322183e-09,3.156286e-07,5.8464146e-08,1.5161924e-06,1.1979092e-06,1.78213e-09,1,13.6349325,0.9999988,False,0.00012117792,Test
592,6,-1.4963174,12.377964,-8.516603,-3.5138516,-5.7363157,-2.2693455,-1.86827,-7.6240425,9.4292125e-07,0.99999785,8.425655e-10,1.2539246e-07,1.3585227e-08,4.3526472e-07,6.500373e-07,2.0570177e-09,1,14.246236,0.99999934,False,4.7842237e-05,Test
593,6,0.00035153143,11.540705,-8.373988,-2.8722408,-5.7704415,-2.2271602,-0.51771194,-9.9026785,9.729285e-06,0.9999827,2.2446658e-09,5.5021155e-07,3.0328952e-08,1.0487806e-06,5.795472e-06,4.8668714e-10,1,12.058434,0.9999942,False,0.0003205959,Test
594,6,-1.3565716,-0.4924365,1.618542,-1.4649016,-1.5038323,-5.802461,-0.27032208,-0.0909552,0.032004774,0.07594581,0.6270325,0.02871888,0.02762232,0.00037530926,0.0948346,0.11346577,2,2.3556209,0.9051654,False,1.8365209,Test
595,6,-3.3238041,44.720497,-31.925833,-9.857397,-16.893663,2.9904957,-7.2539716,-33.842842,1.3634072e-21,1.0,5.163225e-34,1.9820787e-24,1.7430542e-27,7.5316444e-19,2.677782e-23,7.592334e-35,1,51.97447,1.0,False,4.543993e-17,Test
596,6,-3.6751556,-1.7375671,0.93480647,-0.5825317,-1.5621345,-4.831865,0.6587566,2.4619098,0.0014749685,0.010239218,0.14820534,0.032500666,0.012202709,0.00046390636,0.11245452,0.6824587,7,2.1852064,0.88754547,False,1.463811,Test
597,6,-3.3804374,55.732006,-40.361774,-11.962116,-20.886843,4.9058776,-8.703981,-43.664207,2.127123e-26,1.0,1.85e-42,3.988561e-30,5.3070833e-34,8.442912e-23,1.0370636e-28,6.9e-44,1,64.43599,1.0,False,6.1927252e-21,Test
598,5,-7.1133084,65.0309,-43.644867,-15.752639,-23.397558,3.1273463,-12.444025,-48.43557,4.6576554e-32,1.0,0.0,8.244321e-36,3.944647e-39,1.3050541e-27,2.2545963e-34,0.0,1,61.903553,1.0,False,1.1655658e-25,Test
599,6,-2.5159035,2.5906138,-0.15533638,-2.59163,-2.2368505,-5.133551,-1.5984124,0.59433925,0.0049033365,0.80951333,0.05196046,0.004545735,0.006481611,0.00035781768,0.012273064,0.10996462,1,4.400348,0.9877269,False,1.0208282,Test
600,6,-1.8963122,25.615108,-17.758703,-6.0273046,-10.2298765,0.17882116,-3.9707906,-19.687761,1.1270458e-12,1.0,1.4554381e-19,1.8108153e-14,2.7084474e-16,8.977615e-12,1.4158172e-13,2.1145249e-20,1,29.5859,1.0,False,3.8106676e-10,Test
601,6,-1.8061419,9.868542,-5.184438,-3.5652983,-4.2287407,-3.338657,-2.706626,-6.0217733,8.50633e-06,0.99998367,2.9011258e-07,1.4647059e-06,7.544334e-07,1.8372964e-06,3.4567422e-06,1.2557894e-07,1,12.575184,0.99999654,False,0.0003176367,Test
602,4,-3.3599052,17.295837,-9.893837,-5.045633,-6.626306,-1.4625247,-4.0570455,-11.246399,1.0698551e-09,1.0,1.5547997e-12,1.9825427e-10,4.080796e-11,7.134228e-09,5.327961e-10,4.0203537e-13,1,23.922144,1.0,False,2.4924154e-07,Test
603,6,-0.42198625,13.404471,-9.50668,-3.3720727,-6.101528,-1.3597293,-1.7097788,-10.499169,9.891106e-07,0.99999833,1.121534e-10,5.1765277e-08,3.377932e-09,3.8724747e-07,2.7287504e-07,4.1569997e-11,1,15.114252,0.9999997,False,3.786156e-05,Test
604,6,-3.0779865,10.915758,-6.753151,-3.487778,-5.0219984,-2.5750213,-2.1232228,-5.537147,8.367421e-07,0.9999949,2.1207432e-08,5.554202e-07,1.1976174e-07,1.3836509e-06,2.1739047e-06,7.1547035e-08,1,13.038985,0.99999785,False,0.00010864622,Test
605,4,-3.9653375,30.898241,-19.978992,-7.780958,-11.493201,0.22345938,-6.090895,-21.91172,7.2267014e-16,1.0,8.0222724e-23,1.591612e-17,3.8871468e-19,4.7655334e-14,8.626258e-17,1.1612508e-23,1,42.39144,1.0,False,2.1508199e-12,Test
606,6,-3.0831752,0.6458186,2.6688933,-2.159838,-1.3397156,-4.590245,-2.0697389,-0.34023353,0.0026026592,0.10836743,0.81942445,0.006552657,0.014879633,0.0005766407,0.0071704616,0.040426087,2,4.937785,0.99282956,False,0.98746437,Test
607,6,-1.1244042,11.4085455,-8.572407,-2.7878656,-5.7104635,-1.8784384,-0.77385485,-8.37152,3.6058225e-06,0.9999888,2.1007647e-09,6.8323817e-07,3.6753946e-08,1.6964127e-06,5.1197144e-06,2.5681584e-09,1,12.182412,0.9999949,False,0.00021872735,Test
608,4,-4.114293,36.485435,-25.249224,-8.67765,-13.946966,1.2769382,-6.1676183,-25.807188,2.3321813e-18,1.0,1.5451798e-27,2.4317616e-20,1.2516572e-22,5.11852e-16,2.9923633e-19,8.844158e-28,1,50.432404,1.0,False,2.6156196e-14,Test
609,6,-3.8125408,-1.0864755,1.6276723,-1.4822917,-1.313309,-5.7330103,0.49788296,1.8672981,0.0015705032,0.023985796,0.3619874,0.016145565,0.01911796,0.00023013868,0.11695861,0.46000403,7,2.145935,0.8830414,False,1.7598459,Test
610,6,-1.0027293,19.413351,-12.206628,-5.3217688,-7.8980336,-2.1225557,-3.4526708,-15.679629,1.3595929e-09,1.0,1.8518986e-14,1.8099824e-11,1.3766279e-12,4.4368434e-10,1.17331e-10,5.7452995e-16,1,22.866022,1.0,False,5.8402463e-08,Test
611,6,-2.4261773,-1.3143603,1.0362974,-1.0540638,-1.2168653,-5.9016914,2.234376,-1.5083181,0.0066024065,0.020070503,0.21058908,0.026037753,0.022125835,0.00020431749,0.6978382,0.016531924,6,0.35976806,0.3021618,True,1.3555381,Test
612,4,-4.551431,41.289642,-27.948444,-9.924674,-15.121023,1.8470935,-7.7318144,-29.183548,1.2344553e-20,1.0,8.516922e-31,5.726702e-23,3.1707239e-25,7.4185304e-18,5.131584e-22,2.4767508e-31,1,56.410667,1.0,False,4.229978e-16,Test
613,6,-5.1310225,39.04669,-25.53255,-10.205015,-14.428444,0.08318181,-8.07924,-27.187756,6.514214e-20,1.0,8.986548e-29,4.0761915e-22,5.970952e-24,1.1977418e-17,3.41561e-21,1.7168933e-29,1,47.12593,1.0,False,6.7769364e-16,Test
614,6,0.22016214,3.3578205,-0.32055637,-2.2681916,-3.010785,-5.222751,-1.2950091,-4.3166018,0.040016755,0.9223794,0.023302943,0.003323255,0.001581464,0.0001731468,0.008794504,0.0004284995,1,4.7336283,0.9912055,False,0.52880037,Test
615,6,-3.6632411,31.767214,-22.239162,-7.9232364,-12.083449,0.6862474,-5.7756433,-20.7481,4.099673e-16,1.0,3.5101687e-24,5.7897142e-18,9.034401e-20,3.1747357e-14,4.9584266e-17,1.5591564e-23,1,37.54286,1.0,False,1.4475414e-12,Test
616,6,-2.079595,-2.1505382,2.2696743,-1.674613,-0.846866,-6.9849305,1.5002865,-0.6334965,0.008038167,0.007487671,0.62233,0.012051429,0.027575566,5.95384e-05,0.28832337,0.034134198,2,1.2436726,0.7116766,False,1.4387962,Test
617,6,-0.8094631,4.891314,-3.9361565,-1.78855,-3.352026,-2.9747827,0.39607805,-3.6503522,0.0032882886,0.9835262,0.0001442328,0.0012352585,0.0002586718,0.00037721038,0.010978166,0.00019194973,1,4.511847,0.98902184,False,0.14566872,Test
618,6,-4.445388,12.172338,-7.274544,-4.1951156,-5.597837,-2.8027308,-2.5703082,-6.0218225,6.0675475e-08,0.99999905,3.5836598e-09,7.79301e-08,1.91651e-08,3.136246e-07,3.9568548e-07,1.2542269e-08,1,14.742646,0.9999996,False,2.0611391e-05,Test
619,4,-6.120124,79.9107,-55.12687,-17.816986,-28.641102,7.0568137,-14.125607,-62.38125,4.3379884e-38,1.0,0.0,3.62e-43,0.0,2.2906626e-32,1.4473e-41,0.0,1,108.5518,1.0,False,2.407628e-30,Test
620,6,-3.7618985,36.125507,-24.074265,-8.960549,-13.446539,0.82400525,-6.7528815,-25.907467,4.754665e-18,1.0,7.1708604e-27,2.626484e-20,2.95893e-22,4.663934e-16,2.3886523e-19,1.1466255e-27,1,42.878387,1.0,False,2.4043205e-14,Test
621,6,-0.7367095,10.279087,-8.909081,-2.339788,-5.6899104,-2.2002301,0.9472526,-9.845322,1.6438096e-05,0.9998877,4.6412603e-09,3.308592e-06,1.160656e-07,3.804108e-06,8.854965e-05,1.8198332e-09,1,9.331947,0.9999114,False,0.0017468928,Test
622,6,-4.2417374,72.694305,-52.17346,-15.617608,-26.723682,6.5491896,-11.6697445,-56.576168,3.86457e-34,1.0,0.0,4.432244e-39,6.7e-44,1.877327e-29,2.2969833e-37,0.0,1,84.36405,1.0,False,1.7915241e-27,Test
623,6,-3.941534,10.336485,-4.6495986,-4.407515,-4.4259133,-3.8079531,-3.5691416,-4.6373177,6.296998e-07,0.9999963,3.101879e-07,3.951489e-07,3.879453e-07,7.196927e-07,9.138221e-07,3.1402092e-07,1,13.90563,0.9999991,False,8.1479004e-05,Test
624,6,-4.2203712,60.610153,-44.481136,-12.811299,-22.780912,6.339836,-9.418776,-47.63244,6.989766e-29,1.0,0.0,1.2985751e-32,6.0774243e-37,2.6958813e-24,3.862085e-31,0.0,1,70.02893,1.0,False,2.11082e-22,Test
625,6,-4.6915045,-2.4802718,-0.45172027,0.13396734,-2.082527,-4.8976436,4.1738806,-1.4161901,0.00013647153,0.0012455701,0.009470153,0.01701053,0.0018539862,0.00011104965,0.96656233,0.003609882,6,0.034009483,0.03343767,True,0.27240962,Test
626,6,-1.3436537,14.301184,-9.526006,-3.8258736,-6.2921963,-1.9506696,-2.0678217,-10.344439,1.6052154e-07,0.99999964,4.4872734e-11,1.3412773e-08,1.1386979e-09,8.748012e-08,7.780925e-08,1.9794388e-11,1,16.369005,0.99999994,False,8.414484e-06,Test
627,6,-3.4870305,23.082188,-16.709604,-5.5612583,-9.6926565,-0.08481492,-3.3753822,-15.029702,2.891581e-12,1.0,5.231708e-18,3.6333688e-13,5.835333e-15,8.683584e-11,3.2331342e-12,2.8068356e-17,1,26.45757,1.0,False,3.1518466e-09,Test
628,6,-4.641791,44.36027,-31.630116,-10.146666,-16.840433,2.2956064,-7.3417654,-31.661913,5.232077e-22,1.0,9.94934e-34,2.1278395e-24,2.6355477e-27,5.389486e-19,3.5163352e-23,9.637935e-34,1,51.702038,1.0,False,3.2746674e-17,Test
629,4,-5.669917,41.5984,-27.416245,-10.83024,-15.1394,0.7580296,-8.642876,-28.904781,2.9623083e-21,1.0,1.064925e-30,1.7003173e-23,2.2860528e-25,1.8333805e-18,1.515274e-22,2.403573e-31,1,56.7378,1.0,False,1.0823744e-16,Test
630,4,-5.930344,99.69307,-71.76383,-20.895247,-36.242603,11.138732,-16.088408,-80.30385,0.0,1.0,0.0,0.0,0.0,3.478086e-39,0.0,0.0,1,135.93567,1.0,False,4.443495e-37,Test
631,6,-3.789409,4.457975,-1.6470917,-2.308693,-2.8598645,-3.8547235,-1.5615112,-0.3585189,0.0002580515,0.98514414,0.002198381,0.0011344184,0.000653736,0.00024173569,0.0023948054,0.007974859,1,6.0344534,0.9976052,False,0.14111423,Test
632,6,-3.1651917,-0.25469565,-0.24804994,-1.0789421,-1.7831123,-4.2488346,1.5958977,-0.6841666,0.0055848095,0.10257009,0.103254005,0.044983685,0.022245275,0.0018896796,0.6527144,0.066758074,6,0.42661566,0.34728563,True,1.7199297,Test
633,4,-5.54469,18.140282,-10.502959,-6.4032,-7.089739,-2.6491373,-5.422341,-8.940066,5.173064e-11,1.0,3.6341104e-13,2.1923066e-11,1.1034212e-11,9.359873e-10,5.846329e-11,1.7344184e-12,1,25.23002,1.0,False,3.3088586e-08,Test
634,6,-2.5015726,3.6222258,0.98603487,-2.9596472,-1.9606488,-4.631904,-2.5928936,-1.5779551,0.002015303,0.92017865,0.06591572,0.0012746797,0.0034614706,0.00023941386,0.0018394167,0.005075306,1,6.298307,0.9981606,False,0.48591518,Test
635,5,-5.6497025,71.27769,-50.3772,-16.25646,-25.837912,5.9786134,-12.705864,-53.418663,3.89815e-34,1.0,0.0,9.647217e-39,6.66e-43,4.3749515e-29,3.3605256e-37,0.0,1,65.29907,1.0,False,4.1215386e-27,Test
636,4,-4.35006,15.418181,-8.235792,-5.236508,-6.0285006,-2.3331378,-4.499435,-9.182108,2.5987328e-09,1.0,5.335931e-11,1.0709821e-09,4.850923e-10,1.9529887e-08,2.2381508e-09,2.0712404e-11,1,21.446682,1.0,False,6.8806224e-07,Test
637,4,-4.0772343,54.698063,-37.855717,-12.3041525,-19.861794,3.884215,-9.413404,-41.941425,2.9799704e-26,1.0,6.374e-41,7.967257e-30,4.1597204e-33,8.547258e-23,1.4346446e-28,1.072e-42,1,74.55986,1.0,False,6.2684405e-21,Test
638,1,-5.651244,101.758804,-73.19472,-22.172941,-36.780308,11.452567,-17.16349,-79.68698,0.0,1.0,0.0,0.0,0.0,6.03253e-40,0.0,0.0,1,-0.0,0.0,True,7.8594476e-38,Test
639,6,-2.08858,26.200367,-19.598219,-5.6539526,-10.840324,1.4788265,-2.886291,-20.703093,5.179249e-13,1.0,1.2880351e-20,1.4650228e-14,8.192796e-17,1.8347268e-11,2.3325165e-13,4.2666513e-21,1,29.086658,1.0,False,6.8597045e-10,Test
640,0,-3.5825279,27.43785,-18.345825,-7.053997,-10.475486,0.69507474,-5.3587494,-20.045769,3.373036e-14,1.0,1.3073808e-20,1.048047e-15,3.4233134e-17,2.430858e-12,5.7097547e-15,2.3885042e-21,1,31.020378,1.0,False,9.562029e-11,Test
641,6,-2.0875118,37.67648,-26.756687,-8.398393,-14.460736,1.6266783,-5.9307127,-28.94541,5.3791985e-18,1.0,1.0399952e-28,9.770972e-21,2.275597e-23,2.2068378e-16,1.1524888e-19,1.1654188e-29,1,43.607193,1.0,False,1.1794005e-14,Test
642,1,-5.2514343,78.4751,-55.038586,-17.268095,-28.346554,7.1304555,-13.547083,-61.227566,4.3453943e-37,1.0,0.0,2.626e-42,0.0,1.0361327e-31,1.08462e-40,0.0,1,-0.0,0.0,True,1.0664817e-29,Test
643,4,-5.4911036,16.504673,-11.129247,-5.6909437,-7.1236267,-2.2100644,-4.2255573,-5.093049,2.8012725e-10,1.0,9.971066e-13,2.2938537e-10,5.4746936e-11,7.452346e-09,9.930597e-10,4.1708917e-10,1,23.6283,1.0,False,2.6204725e-07,Test
644,6,-3.628602,13.531156,-7.565622,-4.619341,-5.560574,-2.8656776,-3.685777,-7.5569777,3.5286767e-08,0.99999976,6.8831313e-10,1.3102042e-08,5.1117177e-09,7.567381e-08,3.3325847e-08,6.942888e-10,1,17.216932,0.99999994,False,4.275382e-06,Test
645,6,-4.4821024,27.279108,-18.88935,-7.2441716,-10.822114,-0.45501223,-5.1749253,-16.61349,1.607982e-14,1.0,8.89803e-21,1.015616e-15,2.836933e-17,9.020383e-13,8.042529e-15,8.663378e-20,1,32.454033,1.0,False,3.7257763e-11,Test
646,6,-3.337339,8.110777,-4.7396708,-2.8067536,-4.306117,-3.5174294,-1.9368346,-3.379546,1.06685075e-05,0.999902,2.6246955e-06,1.8135703e-05,4.049197e-06,8.910286e-06,4.328479e-05,1.0227595e-05,1,10.047709,0.9999567,False,0.0016707155,Test
647,4,-4.627412,68.23374,-48.046074,-14.914766,-24.829914,5.513421,-11.365191,-52.314835,2.274068e-32,1.0,0.0,7.745734e-37,3.8279e-41,5.766475e-28,2.6954034e-35,0.0,1,93.06366,1.0,False,5.218109e-26,Test
648,6,-3.3372378,20.613178,-13.286733,-5.8723073,-8.244181,-1.415187,-4.1432624,-13.319616,3.967037e-11,1.0,1.8943322e-15,3.1441262e-12,2.9336497e-13,2.7114536e-10,1.7717982e-11,1.8330545e-15,1,24.756441,1.0,False,1.0753143e-08,Test
649,6,-2.6538756,-1.693761,1.7404023,-1.130665,-1.2087868,-5.8230724,-0.4332562,2.1911948,0.004351713,0.011366654,0.3524284,0.019960994,0.018460963,0.00018293451,0.040092487,0.5531559,7,3.2165663,0.95990753,False,1.5177039,Test
650,6,1.2830518,2.928061,-2.6413565,-1.5859079,-2.935113,-4.3964767,-0.42214644,-3.378842,0.15463373,0.80116624,0.0030546072,0.008776692,0.0022770814,0.0005281002,0.028102573,0.001461065,1,3.5718942,0.9718974,False,0.94247526,Test
651,6,-4.3939333,30.677916,-20.314684,-8.062371,-11.647654,0.040683884,-5.996362,-20.942688,5.867987e-16,1.0,7.148179e-23,1.497293e-17,4.1518234e-19,4.9478813e-14,1.1818526e-16,3.8146606e-23,1,36.67428,1.0,False,2.2237787e-12,Test
652,4,-5.7361946,42.20652,-27.803492,-10.903782,-15.426082,0.64872026,-8.667864,-29.25719,1.5091888e-21,1.0,3.9358548e-31,8.599811e-24,9.3428347e-26,8.946984e-19,8.045196e-23,9.198205e-32,1,57.632603,1.0,False,5.3752813e-17,Test
653,4,-4.958025,31.753353,-20.658566,-8.711814,-11.778507,-0.1475076,-6.9606366,-20.779345,1.1388073e-16,1.0,1.7289919e-23,2.6680922e-18,1.2426627e-19,1.3984038e-14,1.537192e-17,1.532281e-23,1,43.53186,1.0,False,6.5064404e-13,Test
654,6,-2.2424371,8.549789,-4.879427,-2.391652,-4.367541,-2.5718296,-0.64076334,-6.080506,2.0555415e-05,0.9998406,1.471283e-06,1.7706107e-05,2.4547414e-06,1.4786756e-05,0.000101982216,4.4266426e-07,1,9.190712,0.999898,False,0.002502547,Test
655,1,-5.413288,62.177902,-43.77828,-14.125118,-22.832125,4.498377,-10.71866,-46.654366,4.4210015e-30,1.0,0.0,7.278093e-34,1.2039687e-37,8.9145535e-26,2.1949567e-32,0.0,1,-0.0,0.0,True,7.4185876e-24,Test
656,6,-4.4891453,3.0343933,-1.8370237,-1.1513687,-3.084441,-4.196245,0.30230463,-0.760733,0.00048497782,0.8977454,0.0068789735,0.0136552565,0.0019759552,0.00065002,0.05842816,0.020181373,1,2.8399575,0.94157183,False,0.65671194,Test
657,6,-4.0780916,29.861748,-20.037807,-7.698714,-11.53669,-0.2703162,-5.600783,-20.024687,1.8201847e-15,1.0,2.1325465e-22,4.8718983e-17,1.0492695e-18,8.199937e-14,3.9702515e-16,2.1607072e-22,1,35.462532,1.0,False,3.6767655e-12,Test
658,6,-1.0125072,14.190551,-9.476837,-3.7348163,-6.0450974,-1.6731427,-2.506725,-10.450534,2.4968676e-07,0.9999995,5.2648184e-11,1.6410118e-08,1.6284298e-09,1.28969e-07,5.6035766e-08,1.988441e-11,1,16.697275,0.99999994,False,1.0854333e-05,Test
659,6,-1.0928433,25.479603,-18.080372,-5.8732014,-10.188291,0.30959377,-3.7013805,-19.811434,2.8822587e-12,1.0,1.2082126e-19,2.4190795e-14,3.2331893e-16,1.1716657e-11,2.1225616e-13,2.139695e-20,1,29.180983,1.0,False,5.4600363e-10,Test
660,6,-4.3207073,14.137539,-7.3549557,-5.095149,-5.817082,-2.7359414,-3.9816215,-8.101464,9.6313135e-09,1.0,4.6337031e-10,4.439656e-09,2.1568427e-09,4.6983008e-08,1.3519136e-08,2.1964638e-10,1,18.11916,1.0,False,2.1322712e-06,Test
661,4,-5.8797607,44.154446,-29.961018,-11.265348,-16.255016,1.1440609,-8.765792,-29.879513,1.8638899e-22,1.0,6.4872896e-33,8.540633e-25,5.814388e-27,2.093282e-19,1.03999785e-23,7.03818e-33,1,60.409462,1.0,False,1.30033115e-17,Test
662,5,-3.7091897,27.167646,-19.213457,-6.631551,-10.770344,0.966488,-4.968321,-19.512936,3.893679e-14,1.0,7.193541e-21,2.0950517e-15,3.339958e-17,4.178125e-12,1.1054186e-14,5.3318956e-21,1,26.201159,1.0,False,1.6028526e-10,Test
663,4,-5.288838,28.744041,-18.20944,-8.133166,-10.813644,-0.81408703,-6.5070634,-18.683916,1.6584734e-15,1.0,4.058459e-21,9.6478767e-17,6.6117332e-18,1.4556868e-13,4.9050005e-16,2.525228e-21,1,39.557686,1.0,False,6.3194237e-12,Test
664,1,-4.914957,46.422085,-31.83607,-11.132968,-17.301073,2.5056908,-8.236396,-34.063095,5.0653002e-23,1.0,1.030184e-34,1.00961956e-25,2.1153553e-28,8.459656e-20,1.8286182e-24,1.1110378e-35,1,-0.0,0.0,True,5.36377e-18,Test
665,6,-3.2487667,12.414069,-7.2357945,-4.0647583,-5.399663,-2.7864594,-2.9918272,-6.410516,1.5765815e-07,0.9999993,2.9253113e-09,6.971648e-08,1.8348228e-08,2.5031898e-07,2.0384684e-07,6.677076e-09,1,15.405897,0.9999998,False,1.7007824e-05,Test
666,6,-4.5743284,27.489853,-17.564054,-7.373778,-10.743522,-1.0010692,-5.51174,-18.81675,1.1876886e-14,1.0,2.712288e-20,7.2263155e-16,2.4857416e-17,4.2320363e-13,4.6514632e-15,7.749935e-21,1,33.001595,1.0,False,1.8203833e-11,Test
667,6,-2.089766,10.311534,-6.669602,-3.155886,-4.977913,-2.7740886,-1.6509145,-6.9005666,4.113178e-06,0.9999858,4.218714e-08,1.416341e-06,2.2901897e-07,2.0748184e-06,6.3792354e-06,3.3486778e-08,1,11.962462,0.9999936,False,0.000277927,Test
668,6,-2.8617232,0.44316125,0.7070483,-1.1254131,-1.7849655,-5.0864906,0.8299611,-0.8410541,0.008326831,0.22686778,0.29537758,0.047266085,0.024440477,0.0009000683,0.33400878,0.06281237,6,1.096588,0.6659912,True,2.1900177,Test
669,6,-2.2374954,7.9087763,-4.4881864,-2.7132368,-3.8793643,-3.2158763,-1.8128902,-4.0897336,3.9215913e-05,0.99984384,4.13047e-06,2.4369716e-05,7.592904e-06,1.4742014e-05,5.9960625e-05,6.152411e-06,1,9.721823,0.99994004,False,0.0025598826,Test
670,5,-7.111667,72.155304,-48.70643,-16.994535,-26.049288,3.9242122,-13.375218,-55.66998,3.7565855e-35,1.0,0.0,1.917414e-39,2.24e-43,2.3313754e-30,7.1542626e-38,0.0,1,68.231094,1.0,False,2.294971e-28,Test
671,4,-5.4800987,39.66005,-26.683174,-10.055286,-14.770847,0.7786524,-7.7204065,-27.189634,2.4881855e-20,1.0,1.5399411e-29,2.563917e-22,2.2959471e-24,1.3002406e-17,2.6480723e-21,9.280051e-30,1,54.430897,1.0,False,7.311769e-16,Test
672,1,-5.689747,115.177,-80.9631,-25.08554,-41.223618,11.3282995,-19.648825,-91.81166,0.0,1.0,0.0,0.0,0.0,1e-45,0.0,0.0,1,-0.0,0.0,True,2.09e-43,Test
673,6,-2.0396392,10.231894,-6.280781,-3.194875,-4.7364855,-2.4707487,-2.0989232,-6.1974897,4.6831146e-06,0.9999858,6.739543e-08,1.4751033e-06,3.1572532e-07,3.0430306e-06,4.413553e-06,7.3249346e-08,1,12.330831,0.9999956,False,0.00027630603,Test
674,6,-5.3240156,7.2383084,-3.7729876,-3.5432467,-4.008279,-4.1577783,-2.5881407,0.06045661,3.4983943e-06,0.9991185,1.6499538e-05,2.0760943e-05,1.3040252e-05,1.1229476e-05,5.3956563e-05,0.0007626331,1,9.827332,0.99994606,False,0.0109794345,Test
675,6,-4.7933536,89.812904,-63.81031,-19.338226,-32.21368,9.209231,-15.521661,-72.09153,8.185e-42,1.0,0.0,0.0,0.0,9.8688914e-36,0.0,0.0,1,105.334564,1.0,False,1.1476202e-33,Test
676,5,-5.8986225,51.555237,-34.89242,-12.563554,-18.82063,2.030235,-9.852645,-37.574436,1.1171379e-25,1.0,2.859284e-38,1.4241754e-28,2.7299086e-31,3.1014522e-22,2.1423744e-27,1.956485e-39,1,49.525,1.0,False,2.2169174e-20,Test
677,6,-6.71167,117.15273,-84.35132,-25.016842,-42.318916,13.193817,-19.486347,-93.13184,0.0,1.0,0.0,0.0,0.0,1e-45,0.0,0.0,1,136.63908,1.0,False,2.09e-43,Test
678,6,-3.4423707,38.19661,-26.8678,-8.917288,-14.696157,1.5656841,-6.299838,-27.798103,8.249362e-19,1.0,5.5320604e-29,3.4569534e-21,1.0689622e-23,1.2342177e-16,4.7362863e-20,2.1820284e-29,1,44.49645,1.0,False,6.575333e-15,Test
679,6,-5.442938,-2.2776062,1.223314,-0.25324064,-1.6480199,-4.022776,1.5041498,0.75553894,0.00038906196,0.009219447,0.30558723,0.06980325,0.01730337,0.0016098565,0.40466964,0.19141813,6,0.90468425,0.59533036,True,1.9584334,Test
680,4,-3.5021923,20.745455,-11.372267,-5.976755,-7.577218,-0.675785,-5.0088453,-15.308099,2.947006e-11,1.0,1.12577286e-14,2.481371e-12,5.007478e-13,4.975924e-10,6.5320574e-12,2.1985696e-16,1,28.322674,1.0,False,1.676803e-08,Test
681,6,-2.291629,3.2577317,0.47352841,-2.6447957,-2.16651,-4.9449825,-2.1085696,-1.3991032,0.0035777783,0.91975087,0.056820635,0.0025132468,0.0040546358,0.0002519282,0.004296502,0.008734391,1,5.449954,0.9957035,False,0.52562034,Test
682,6,-3.883443,45.258392,-32.29281,-10.53131,-16.99746,2.5033605,-7.6219597,-32.47034,4.549593e-22,1.0,2.0890142e-34,5.8998325e-25,9.175444e-28,2.7022512e-19,1.0823181e-23,1.7492094e-34,1,52.880352,1.0,False,1.6701281e-17,Test
683,4,-5.721152,46.909145,-31.04492,-11.672224,-17.05565,1.4699382,-9.161959,-34.184692,1.3897981e-23,1.0,1.3963055e-34,3.6177235e-26,1.6612737e-28,1.845025e-20,4.4527476e-25,6.044942e-36,1,63.964798,1.0,False,1.2105991e-18,Test
684,0,-3.883185,39.75794,-29.104862,-8.546597,-15.262575,4.047126,-6.3189597,-31.04952,1.1140388e-19,1.0,1.2395547e-30,1.0510104e-21,1.2731915e-24,3.0973591e-16,9.751199e-21,1.773014e-31,1,43.641125,1.0,False,1.5965272e-14,Test
685,6,-1.0420752,15.490573,-9.735211,-4.5281053,-6.465871,-2.6985126,-3.1083364,-11.553421,6.6063585e-08,0.9999999,1.1081053e-11,2.023011e-09,2.9136513e-10,1.2606098e-08,8.36751e-09,1.7986314e-12,1,18.59891,1.0,False,2.2851632e-06,Test
686,6,-4.058874,30.905636,-21.382853,-7.7532363,-11.993838,0.020808313,-5.4789543,-20.454378,6.5329163e-16,1.0,1.9561277e-23,1.6242982e-17,2.3388087e-19,3.8626932e-14,1.5789679e-16,4.9502656e-23,1,36.38459,1.0,False,1.7632779e-12,Test
687,1,-5.9009566,92.94968,-65.68931,-20.265322,-33.57922,9.075287,-15.850784,-73.07135,1.18e-43,1.0,0.0,0.0,0.0,3.7481366e-37,0.0,0.0,1,-0.0,0.0,True,4.5354406e-35,Test
688,6,-4.511258,70.128334,-49.920357,-15.450152,-25.803343,7.2515354,-11.692611,-54.631535,3.840924e-33,1.0,0.0,6.819253e-38,2.175e-42,4.9311987e-28,2.9215596e-36,0.0,1,81.820946,1.0,False,4.4732327e-26,Test
689,6,-4.1824293,78.781456,-56.222946,-16.610033,-28.818018,7.4553256,-12.649005,-63.417076,9.316304e-37,1.0,0.0,3.733e-42,0.0,1.055489e-31,1.96e-40,0.0,1,91.43046,1.0,False,1.08612894e-29,Test
690,6,-0.98676527,23.624956,-17.399515,-5.0980616,-9.85209,0.68842554,-2.7436588,-19.268791,2.0476955e-11,1.0,1.5251006e-18,3.3554556e-13,2.891367e-15,1.09343035e-10,3.533917e-12,2.3522478e-19,1,26.368614,1.0,False,4.493767e-09,Test
691,6,-4.770153,39.41365,-27.510908,-9.771407,-14.964038,1.0132972,-7.165205,-26.777107,6.474674e-20,1.0,8.6105845e-30,4.3571294e-22,2.4214168e-24,2.103482e-17,5.9028158e-21,1.7935734e-29,1,46.578857,1.0,False,1.169884e-15,Test
692,1,-5.9463024,81.02511,-56.84704,-18.156305,-29.246315,6.798637,-13.895848,-62.469673,1.6935398e-38,1.0,0.0,8.4e-44,0.0,5.805682e-33,5.975e-42,0.0,1,-0.0,0.0,True,6.217103e-31,Test
693,4,-3.509125,25.35993,-17.483799,-6.49737,-10.077807,-0.100398675,-4.465682,-17.044228,2.899538e-13,1.0,2.4728952e-19,1.4606646e-14,4.0699266e-16,8.764347e-12,1.11404226e-13,3.8380224e-19,1,35.437737,1.0,False,3.394897e-10,Test
694,0,-4.9096885,41.85841,-29.221003,-9.946529,-15.901304,2.6900349,-7.4580884,-31.208475,4.8851013e-21,1.0,1.3508358e-31,3.1724934e-23,8.227648e-26,9.758694e-18,3.820473e-22,1.8512038e-32,1,46.768097,1.0,False,5.518036e-16,Test
695,6,-3.2490218,0.117460094,0.56794906,-1.4087839,-1.6835046,-4.7383585,0.27181047,0.7419172,0.005725095,0.16589265,0.26029873,0.036056854,0.027395433,0.0012911359,0.19358008,0.30976006,7,1.642064,0.8064199,False,2.2877598,Test
696,1,-5.5749016,95.27955,-67.571945,-20.796286,-34.32235,9.327337,-16.14729,-75.03189,1.5e-44,1.0,0.0,0.0,0.0,4.6927748e-38,0.0,0.0,1,-0.0,0.0,True,5.8191756e-36,Test
697,6,-4.370495,48.92735,-34.55011,-11.26876,-18.193275,2.986626,-8.489761,-36.181503,7.129195e-24,1.0,5.5744056e-37,7.197169e-27,7.0775804e-30,1.1173708e-20,1.1589529e-25,1.09067e-37,1,57.41711,1.0,False,7.411345e-19,Test
698,4,-3.8588223,19.209139,-12.025414,-5.4075546,-7.531456,-1.4298327,-4.323775,-12.495636,9.5876446e-11,1.0,2.7227354e-14,2.0375387e-11,2.4361678e-12,1.0879493e-09,6.022623e-11,1.7013404e-14,1,26.740595,1.0,False,3.8449606e-08,Test
699,1,-4.5648575,74.14236,-52.099007,-16.345488,-26.791868,6.854675,-12.8124485,-58.203953,6.5749296e-35,1.0,0.0,5.03069e-40,1.4e-44,5.988681e-30,1.721903e-38,0.0,1,-0.0,0.0,True,5.813623e-28,Test
700,4,-4.058013,44.328064,-31.504583,-10.057323,-16.566095,2.7218237,-7.4782486,-31.628603,9.687091e-22,1.0,1.1649275e-33,2.4028482e-24,3.580993e-27,8.52393e-19,3.16814e-23,1.0290571e-33,1,60.894157,1.0,False,5.1235167e-17,Test
701,4,-4.197898,22.327898,-14.486811,-6.3941803,-8.610708,-1.1761445,-5.0919805,-13.099655,3.0199072e-12,1.0,1.0270112e-16,3.3586122e-13,3.660446e-14,6.199039e-11,1.2350891e-12,4.1115916e-16,1,30.938606,1.0,False,2.2820459e-09,Test
702,6,-3.2567003,14.526276,-8.31944,-4.8069086,-6.0815554,-2.9166133,-3.69443,-8.817104,1.8921327e-08,1.0,1.1973807e-10,4.0151815e-09,1.1223624e-09,2.6585809e-08,1.22137305e-08,7.2794555e-11,1,18.220705,1.0,False,1.6272793e-06,Test
703,4,-2.960276,45.071968,-32.678555,-9.615381,-17.116348,3.7835553,-6.7218204,-35.04062,1.3799418e-21,1.0,1.7115071e-34,1.7765883e-24,9.816516e-28,1.171304e-18,3.208066e-23,1.6126702e-35,1,62.188316,1.0,False,6.9868743e-17,Test
704,6,-4.0366697,41.532738,-28.7474,-9.673031,-15.550794,2.1931243,-7.3712063,-30.971565,1.619785e-20,1.0,3.0041714e-31,5.775868e-23,1.6178481e-25,8.2228494e-18,5.771466e-22,3.2492362e-32,1,48.903946,1.0,False,4.6779824e-16,Test
705,6,-3.585318,32.406944,-22.867477,-7.601982,-12.738104,1.6411765,-5.178018,-23.946976,2.3375367e-16,1.0,9.876968e-25,4.2106008e-18,2.4760185e-20,4.351076e-14,4.7539966e-17,3.3558577e-25,1,37.58496,1.0,False,1.9462123e-12,Test
706,6,-1.7179949,13.820015,-8.5593195,-3.9398606,-5.8853464,-2.567115,-2.6027,-9.673966,1.7861916e-07,0.99999964,1.9088807e-10,1.9363487e-08,2.7673912e-09,7.641162e-08,7.374043e-08,6.2617224e-11,1,16.422714,0.99999994,False,8.656701e-06,Test
707,4,-3.6752362,1.2384787,0.53407997,-1.5955298,-1.6493012,-3.401046,-1.1647767,-0.029135564,0.003676592,0.5005468,0.24747324,0.029420529,0.02788033,0.004836429,0.045261,0.14090514,1,3.579834,0.9721197,False,1.9594045,Test
708,4,-6.4414835,48.945705,-31.196981,-12.872927,-17.335587,0.980163,-10.608343,-35.935955,8.823683e-25,1.0,1.5648553e-35,1.4207196e-27,1.6383209e-29,1.4751285e-21,1.3677483e-26,1.3688733e-37,1,66.281296,1.0,False,1.0215018e-19,Test
709,4,-3.3620963,24.034758,-15.34543,-6.493516,-9.238239,-0.8346267,-4.9989157,-16.25137,1.2638551e-12,1.0,7.8959005e-18,5.5174554e-14,3.5458625e-15,1.5825717e-11,2.4594405e-13,3.1912301e-18,1,33.272995,1.0,False,6.306669e-10,Test
710,4,-4.0664635,63.870533,-45.28632,-13.631974,-23.4234,6.149946,-10.336691,-50.315353,3.1285084e-30,1.0,0.0,2.193247e-34,1.2266703e-38,8.5559225e-26,5.918518e-33,0.0,1,87.29393,1.0,False,7.125098e-24,Test
711,6,-2.9329898,10.654713,-6.2285028,-3.2797914,-4.8544707,-2.817308,-2.3484635,-6.190841,1.2558363e-06,0.9999939,4.6527557e-08,8.878086e-07,1.8384185e-07,1.4098501e-06,2.253149e-06,4.831323e-08,1,13.003181,0.99999774,False,0.000127328,Test
712,6,-4.1464396,34.752144,-22.558289,-8.767122,-13.009331,0.13073467,-6.7437716,-25.717644,1.2780866e-17,1.0,1.2894231e-25,1.2584144e-19,1.809069e-21,9.206881e-16,9.518167e-19,5.4740017e-27,1,41.495914,1.0,False,4.6768907e-14,Test
713,0,-7.1880016,-3.836523,1.2211514,-1.3857528,-0.64338195,-2.3486497,-2.3712487,5.1266418,4.3719506e-06,0.00012479692,0.019621138,0.0014473053,0.003040658,0.0005525599,0.00054021255,0.9746689,7,12.3403015,0.99999565,False,0.19997348,Test
714,0,-3.5107148,19.899084,-12.52453,-5.854224,-6.794339,-0.42472702,-5.4045806,-13.65559,6.811664e-11,1.0,8.290928e-15,6.5385392e-12,2.553837e-12,1.4910122e-09,1.0250802e-11,2.6754141e-15,1,23.4098,1.0,False,4.6734584e-08,Test
715,6,-7.621332,103.461555,-74.18886,-22.668442,-37.524803,11.650415,-17.775368,-80.085464,0.0,1.0,0.0,0.0,0.0,1.33946e-40,0.0,0.0,1,121.23692,1.0,False,1.7741869e-38,Test
716,4,-5.8343077,25.903263,-17.30263,-7.7639904,-10.1314125,-1.1399436,-5.978269,-13.504079,1.6464469e-14,1.0,1.7215452e-19,2.3905531e-15,2.2404704e-16,1.8000492e-12,1.4256938e-14,7.684387e-18,1,36.034676,1.0,False,7.176693e-11,Test
717,6,-4.897424,58.561596,-41.61772,-13.125536,-21.75194,4.2578144,-9.738317,-44.31917,2.7548526e-28,1.0,3.1e-44,7.3565363e-32,1.319088e-35,2.6071628e-24,2.1763328e-30,1e-45,1,68.29991,1.0,False,2.0428047e-22,Test
718,4,-4.516198,49.2337,-34.595295,-11.2248,-18.395363,3.3461792,-8.219351,-36.577793,4.536452e-24,1.0,3.922204e-37,5.5361403e-27,4.256699e-30,1.1784288e-20,1.1180416e-25,5.401845e-38,1,67.62906,1.0,False,7.8050136e-19,Test
719,5,-5.463028,63.07696,-44.166378,-14.612088,-23.00518,4.1290503,-11.219678,-46.908657,1.711824e-30,1.0,0.0,1.8200143e-34,4.1209985e-38,2.5075398e-26,5.4122754e-33,0.0,1,58.94791,1.0,False,2.1326784e-24,Test
720,5,-4.5538015,65.5673,-46.22495,-14.708303,-23.879198,5.0324264,-11.251498,-49.93245,3.5220265e-31,1.0,0.0,1.3700867e-35,1.425216e-39,5.1290658e-27,4.3453177e-34,0.0,1,60.534874,1.0,False,4.4797424e-25,Test
721,6,-1.3140608,14.696046,-9.838824,-3.7102492,-6.3231764,-1.9462729,-2.0879307,-10.851087,1.11403494e-07,0.9999999,2.2112671e-11,1.01448885e-08,7.4381973e-10,5.9201508e-08,5.1382013e-08,8.035655e-12,1,16.783978,0.99999994,False,5.875747e-06,Test
722,4,-5.7496295,-0.11382011,2.4353333,-2.2475452,-1.2381927,-4.393599,-2.4175706,3.931365,4.991412e-05,0.013990207,0.1790224,0.0016563766,0.004544806,0.00019370443,0.0013973912,0.7991452,7,5.39377,0.9954552,False,0.8559882,Test
723,6,-2.567836,8.489255,-3.2118392,-3.3539147,-3.8758621,-3.5355222,-2.3950837,-5.2443933,1.577393e-05,0.9999387,8.284246e-06,7.187038e-06,4.2645306e-06,5.9934778e-06,1.8748446e-05,1.0852398e-06,1,10.884399,0.9999812,False,0.001098801,Test
724,6,-3.9084651,29.646116,-19.71342,-7.5120363,-11.397618,-0.06268576,-5.594921,-20.548498,2.675659e-15,1.0,3.6595376e-22,7.284822e-17,1.4960019e-18,1.2520784e-13,4.954647e-16,1.5876543e-22,1,35.241035,1.0,False,5.525212e-12,Test
725,5,-4.187508,51.18083,-35.666286,-11.966246,-18.711817,3.0384219,-9.016157,-37.346546,8.991607e-25,1.0,1.9176855e-38,3.7633547e-28,4.425977e-31,1.2360002e-21,7.190885e-27,3.573139e-39,1,48.142406,1.0,False,8.591865e-20,Test
726,6,-5.483249,54.14663,-38.33459,-12.665088,-20.186073,3.153655,-9.234874,-38.536785,1.2678638e-26,1.0,6.8536e-41,9.639205e-30,5.220564e-33,7.145507e-23,2.9768882e-28,5.5989e-41,1,63.381504,1.0,False,5.257876e-21,Test
727,4,-4.774446,19.606066,-12.351547,-6.066809,-7.7419643,-1.7474498,-4.8090253,-10.463644,2.5803467e-11,1.0,1.3212501e-14,7.086182e-12,1.3270933e-12,5.324588e-10,2.4926478e-11,8.7275226e-14,1,27.34803,1.0,False,1.8508066e-08,Test
728,6,-0.4231889,4.820047,-2.5189962,-2.3526032,-2.904292,-4.1486535,-1.2777159,-3.0917583,0.0052314294,0.9902131,0.00064331363,0.0007597771,0.00043761366,0.00012608737,0.0022258905,0.00036280672,1,6.1075983,0.9977741,False,0.09866617,Test
729,6,-0.28111422,3.503465,-2.8193703,-2.0068636,-2.7988648,-4.4064803,1.2099612,-4.29571,0.020067865,0.8833302,0.0015854434,0.0035728756,0.0016182885,0.00032424807,0.08913886,0.0003622299,1,2.4175599,0.91086113,False,0.64884627,Test
730,6,-2.7153516,-1.100028,2.1997163,-1.6800176,-0.8735713,-5.1187625,-0.0284692,0.8313507,0.0049761944,0.025027838,0.6783973,0.01401319,0.03138863,0.000449893,0.07307949,0.17266744,2,2.6162076,0.92692053,False,1.5123758,Test
731,6,-2.7105606,16.945288,-11.125274,-4.160469,-7.098172,-1.2353492,-2.721013,-11.912721,2.9078624e-09,1.0,6.4433317e-13,6.821601e-10,3.614578e-11,1.2713043e-08,2.8776215e-09,2.9317423e-13,1,19.666302,1.0,False,5.196198e-07,Test
732,4,-6.1295195,115.53612,-82.057434,-24.440702,-41.228767,12.475473,-19.456013,-93.29203,0.0,1.0,0.0,0.0,0.0,1e-45,0.0,0.0,1,156.7649,1.0,False,2.09e-43,Test
733,6,0.59435344,1.7950361,-2.1423678,-1.342752,-2.5260286,-4.9402246,1.5272189,-3.5845213,0.14012523,0.46554986,0.00907765,0.020194922,0.0061851684,0.00055319665,0.35616782,0.0021461202,1,1.0323532,0.6438322,False,1.6869104,Test
734,6,-0.71599853,27.679264,-19.24165,-6.203471,-10.950894,0.32462946,-4.0995436,-22.50991,4.6568744e-13,1.0,4.1928186e-21,1.927146e-15,1.671613e-17,1.3183564e-12,1.5799335e-14,1.5963142e-22,1,31.778809,1.0,False,7.192484e-11,Test
735,6,-2.6967723,48.757545,-35.51853,-10.236367,-18.461016,4.280561,-7.2360535,-39.401558,4.504776e-23,1.0,2.5082146e-37,2.3948024e-26,6.4172746e-30,4.8293696e-20,4.811594e-25,5.16402e-39,1,55.9936,1.0,False,3.1022336e-18,Test
736,6,-4.829237,72.23189,-51.51688,-15.744442,-26.383825,6.2004075,-11.718886,-55.323524,3.4101846e-34,1.0,0.0,6.199602e-39,1.49e-43,2.1032605e-29,3.4724947e-37,0.0,1,83.950775,1.0,False,2.0036732e-27,Test
737,4,-5.345754,44.92471,-30.30804,-11.009412,-16.502552,1.4684376,-8.570832,-31.85343,1.4716879e-22,1.0,2.1224225e-33,5.106464e-25,2.101258e-27,1.3402346e-19,5.8503506e-24,4.525626e-34,1,61.42726,1.0,False,8.4136535e-18,Test
738,6,-2.0665154,5.258062,-3.1566703,-2.0458868,-3.3702106,-3.3993027,-0.70392144,-2.5842957,0.00065594126,0.9951498,0.00022050417,0.00066961313,0.00017810539,0.00017299864,0.0025623122,0.00039083714,1,5.966845,0.9974377,False,0.05451789,Test
739,4,-3.8540473,23.260235,-15.786301,-5.777113,-9.312881,-0.42876685,-4.046627,-15.216044,1.6765506e-12,1.0,1.10231346e-17,2.4504175e-13,7.139624e-15,5.1522574e-11,1.3828676e-12,1.9496822e-17,1,32.573116,1.0,False,1.8914998e-09,Test
740,0,-3.21004,27.11849,-17.57349,-6.8740463,-10.386747,0.5416198,-5.304839,-20.948065,6.7373184e-14,1.0,3.895116e-20,1.7267446e-15,5.1485184e-17,2.8695384e-12,8.2933004e-15,1.3333998e-21,1,30.32853,1.0,False,1.13448057e-10,Test
741,5,-3.6740768,52.202667,-37.46628,-11.458941,-19.426662,4.0467367,-8.314404,-39.08425,5.408025e-25,1.0,1.140964e-39,2.2496463e-28,7.794275e-32,1.2193981e-21,5.2211972e-27,2.26254e-40,1,48.15593,1.0,False,8.4760926e-20,Test
742,4,-5.019251,26.929518,-15.711311,-7.8709464,-9.655185,-1.1185259,-6.8031616,-18.07837,1.3329875e-14,1.0,3.0291613e-19,7.69751e-16,1.2926055e-16,6.5900573e-13,2.2391473e-15,2.8400258e-20,1,36.5847,1.0,False,2.7435384e-11,Test
743,0,2.0875967,40.09991,-25.09875,-9.638118,-15.598653,0.03658377,-6.6947036,-37.951653,3.100715e-17,1.0,4.8370543e-29,2.5063878e-22,6.462813e-25,3.9876574e-18,4.7572704e-21,1.266597e-34,1,38.012314,1.0,False,1.9312601e-15,Test
744,4,-3.6902678,45.066135,-30.23479,-10.309949,-16.263931,2.8869908,-8.105404,-34.290524,6.6890184e-22,1.0,1.982546e-33,8.922212e-25,2.3157436e-27,4.8065087e-19,8.088982e-24,3.4343213e-35,1,61.330067,1.0,False,2.9296137e-17,Test
745,6,-3.294892,1.7915604,-0.84878755,-1.1909798,-2.547205,-4.8286724,0.0057004765,0.9601659,0.0035401525,0.57284904,0.04086501,0.029022811,0.0074771903,0.000763677,0.096039765,0.24944232,1,2.342993,0.9039602,False,1.7110296,Test
746,6,-4.159305,56.09201,-39.39863,-12.592637,-20.679564,3.4711013,-9.367969,-42.24687,6.810608e-27,1.0,3.38e-42,1.4812795e-30,4.5554176e-34,1.4029069e-23,3.7247193e-29,1.96e-43,1,65.45998,1.0,False,1.0656254e-21,Test
747,6,-2.463392,10.569293,-6.285451,-3.199301,-4.731136,-2.0802467,-2.265249,-6.5515385,2.1876235e-06,0.9999906,4.7871122e-08,1.0480248e-06,2.2651882e-07,3.2090059e-06,2.6670125e-06,3.6687126e-08,1,12.834552,0.9999973,False,0.00019055283,Test
748,6,-1.9172105,23.16423,-15.913969,-5.6328917,-9.106348,-0.07733703,-4.0878744,-17.109573,1.2801741e-11,1.0,1.0679547e-17,3.1157916e-13,9.661993e-15,8.059636e-11,1.4606994e-12,3.2307942e-18,1,27.252106,1.0,False,3.23649e-09,Test
749,5,-6.4987993,45.27851,-30.159706,-11.546067,-16.787474,0.6321715,-8.971892,-31.708824,3.2613712e-23,1.0,1.7282182e-33,2.0960404e-25,1.1093906e-27,4.0770042e-20,2.7501016e-24,3.6713446e-34,1,44.64634,1.0,False,2.6287097e-18,Test
750,6,-3.1382594,8.897295,-5.084385,-2.9227781,-4.4244323,-3.2420316,-1.6961676,-4.080298,5.9293056e-06,0.9999515,8.468617e-07,7.3550627e-06,1.6384232e-06,5.3448634e-06,2.5078203e-05,2.3114374e-06,1,10.593512,0.9999749,False,0.000867105,Test
751,6,-5.5509753,-3.0565655,2.4687054,-0.07852328,-1.3096542,-5.602934,2.5754068,-0.86965317,0.00014593717,0.0017679672,0.443679,0.034739334,0.010142572,0.00013854804,0.49363813,0.015748462,6,0.7059526,0.50636184,True,1.3726155,Test
752,5,-3.7433643,34.607193,-24.3769,-8.134361,-13.294484,0.86781543,-5.9335313,-23.927696,2.2108812e-17,1.0,2.4184328e-26,2.7389168e-19,1.5724121e-21,2.2242067e-15,2.473925e-18,3.7898375e-26,1,33.739376,1.0,False,1.0964959e-13,Test
753,6,-2.6356983,34.507378,-24.403893,-7.8368063,-13.324355,1.335789,-5.471009,-25.543556,7.395506e-17,1.0,2.6011203e-26,4.0752493e-19,1.6863277e-21,3.924298e-15,4.341178e-18,8.321676e-27,1,39.978386,1.0,False,1.9204149e-13,Test
754,4,-1.5399879,4.2976255,-3.2264836,-1.4895118,-3.137548,-3.2846467,0.54568523,-3.2385683,0.0028264006,0.9693421,0.00052335707,0.002972728,0.0005720345,0.0004937851,0.022752553,0.0005170704,1,7.466311,0.999428,False,0.23954311,Test
755,6,-3.959483,-1.9761605,3.7605262,-1.9914851,-0.6284657,-6.4622197,-1.6546957,4.116372,0.0001810823,0.0013158976,0.4079749,0.0012958857,0.0050642896,1.4823512e-05,0.0018148158,0.58233833,7,6.3117714,0.99818516,False,1.0646137,Test
756,5,-4.8028026,58.12166,-40.665646,-13.636702,-21.077623,3.9832733,-10.609417,-42.897175,4.701686e-28,1.0,1.25e-43,6.8507705e-32,4.0196646e-35,3.0760813e-24,1.4140723e-30,1.4e-44,1,54.138386,1.0,False,2.4030071e-22,Test
757,1,-4.8769107,74.491066,-53.29633,-16.153141,-27.374716,6.2260146,-11.989882,-57.202053,3.395683e-35,1.0,0.0,4.30249e-40,6e-45,2.2535348e-30,2.7656733e-38,0.0,1,-0.0,0.0,True,2.2194474e-28,Test
758,6,-5.384511,-2.2401197,3.6664789,-0.86217254,-0.98241395,-5.108258,-0.11618504,1.7352749,9.845961e-05,0.0022848095,0.8395628,0.00906327,0.008036458,0.00012978772,0.01911011,0.12171439,2,3.957538,0.9808899,False,0.83120435,Test
759,6,-0.46796057,11.891284,-6.9985256,-3.8342426,-5.104871,-2.3686407,-2.6104047,-8.569004,4.289888e-06,0.9999944,6.2554406e-09,1.4807716e-07,4.155864e-08,6.411961e-07,5.034937e-07,1.3007893e-09,1,14.501695,0.9999995,False,0.00011288692,Test
760,1,-5.449362,94.45288,-67.651596,-20.317955,-34.259964,9.268008,-15.488552,-73.80861,4e-44,1.0,0.0,0.0,0.0,1.0108312e-37,0.0,0.0,1,-0.0,0.0,True,1.2422698e-35,Test
761,6,-2.4272747,16.252335,-10.589458,-4.1770296,-6.8096557,-1.3721046,-2.9354544,-11.149249,7.718782e-09,1.0,2.2016963e-12,1.3416532e-09,9.645054e-11,2.217192e-08,4.643535e-09,1.2578909e-12,1,19.18779,1.0,False,9.432018e-07,Test
762,6,-5.8629932,-1.6634905,1.566904,-0.7932574,-1.7983124,-5.6015506,0.931332,3.5552106,6.58971e-05,0.0043922476,0.11107836,0.010486352,0.0038382607,8.558728e-05,0.058830712,0.8112226,7,2.8330913,0.94116926,False,0.9736882,Test
763,6,0.55125475,11.980116,-7.666343,-3.5722017,-5.53107,-2.4182258,-1.7310072,-9.70227,1.08768445e-05,0.99998724,2.9352525e-09,1.7607948e-07,2.4830346e-08,5.583081e-07,1.1100159e-06,3.8322562e-10,1,13.711136,0.99999887,False,0.00023588544,Test
764,1,-6.4779644,77.529366,-53.51896,-18.069149,-27.997505,5.7379413,-14.028068,-58.98117,3.2815524e-37,1.0,0.0,3.035e-42,0.0,6.6279485e-32,1.72629e-40,0.0,1,-0.0,0.0,True,6.864814e-30,Test
765,4,-5.049635,36.896996,-22.787823,-10.117786,-13.049625,-0.0074880086,-8.511004,-26.261929,6.064696e-19,1.0,1.2000871e-26,3.8171534e-21,2.034502e-22,9.388286e-17,1.9035125e-20,3.7190138e-28,1,49.94662,1.0,False,5.036725e-15,Test
766,6,-1.2967415,-0.5233219,-2.5270865,-0.5343983,-2.1869435,-5.3233533,5.261277,-5.1707153,0.001406617,0.0030483697,0.000411002,0.0030147925,0.00057751866,2.5086518e-05,0.9914874,2.9223376e-05,6,0.008549044,0.008512616,True,0.087936506,Test
767,4,-5.305791,15.557393,-11.347188,-4.80106,-7.202046,-0.846742,-3.245796,-7.445146,8.694293e-10,0.9999999,2.0677062e-12,1.4402431e-09,1.3052719e-10,7.512332e-08,6.8214865e-09,1.02358594e-10,1,22.75944,1.0,False,2.1251542e-06,Test
768,6,-4.7036037,17.84604,-10.817979,-5.751488,-7.3027496,-2.4111178,-4.2326093,-9.62173,1.6099554e-10,1.0,3.5593775e-13,5.6457755e-11,1.1967932e-11,1.5937784e-09,2.5784835e-10,1.1773328e-12,1,22.07865,1.0,False,6.244639e-08,Test
769,4,-4.4153175,31.450468,-19.652258,-8.521429,-11.631137,-0.4641147,-6.6756153,-21.65748,2.6526994e-16,1.0,6.402773e-23,4.3694385e-18,1.9493827e-19,1.3793441e-14,2.7672753e-17,8.620076e-24,1,43.081604,1.0,False,6.5060376e-13,Test
770,6,-3.6319938,30.195246,-22.116522,-6.896012,-12.019867,1.8344257,-4.7167,-21.612932,2.0371187e-15,1.0,1.9111201e-23,7.788806e-17,4.6367144e-19,4.8200555e-13,6.885489e-16,3.1622354e-23,1,34.911945,1.0,False,1.986004e-11,Test
771,6,-4.375955,69.2478,-50.095173,-14.870813,-25.57852,5.9487743,-10.965272,-52.849655,1.0607398e-32,1.0,0.0,2.9359593e-37,6.568e-42,3.232824e-28,1.4584942e-35,0.0,1,80.21307,1.0,False,2.9523665e-26,Test
772,6,-4.82617,-0.78404045,0.5270032,-0.9903433,-1.8329926,-4.1155252,0.11550112,2.9901927,0.00033801945,0.019249354,0.071415946,0.015661016,0.0067431396,0.00068797206,0.047324073,0.8385805,7,3.0507362,0.95267594,False,0.95656836,Test
773,4,-4.873031,11.12803,-3.7543402,-4.9536734,-4.2734227,-3.488088,-4.6220975,-5.5242825,1.12415734e-07,0.99999857,3.4408697e-07,1.0370613e-07,2.0475443e-07,4.4905568e-07,1.4447934e-07,5.8612684e-08,1,15.401454,0.9999998,False,3.3162443e-05,Test
774,6,-3.2337816,10.987716,-6.920716,-3.5711687,-5.145752,-2.724394,-2.2392986,-5.4692807,6.66316e-07,0.9999957,1.6690331e-08,4.7550478e-07,9.847404e-08,1.1089312e-06,1.8012696e-06,7.125497e-08,1,13.227018,0.9999982,False,9.048908e-05,Test
775,6,-1.3062689,19.550234,-13.968428,-4.5391946,-8.286105,-0.08531846,-2.3415923,-14.872653,8.752579e-10,1.0,2.7735135e-15,3.4521875e-11,8.143892e-13,2.9674838e-09,3.1081393e-10,1.1228729e-15,1,21.891827,1.0,False,1.2144851e-07,Test
776,4,-5.597085,33.204628,-19.169579,-9.428373,-11.969229,-1.1655294,-8.003497,-24.329304,1.4080905e-17,1.0,1.7954408e-23,3.052966e-19,2.4057055e-20,1.183667e-15,1.2692239e-18,1.03117155e-25,1,45.17386,1.0,False,5.957695e-14,Test
777,4,-5.5977325,48.666782,-31.651308,-12.031973,-17.734432,1.3402911,-9.37331,-36.621937,2.7115686e-24,1.0,1.3130936e-35,4.3537788e-27,1.4531782e-29,2.7948953e-21,6.2159583e-26,9.11129e-38,1,66.401215,1.0,False,1.9104688e-19,Test
778,6,-2.1194074,12.174178,-7.711687,-3.8549647,-5.2360487,-2.3657699,-2.8351657,-7.0783367,6.199746e-07,0.99999845,2.3103524e-09,1.0930279e-07,2.7468433e-08,4.845966e-07,3.0305677e-07,4.3525e-09,1,15.009346,0.9999997,False,3.5152818e-05,Test
779,1,-5.993611,85.602516,-60.595024,-19.165983,-31.129358,7.7672877,-14.557996,-65.85241,1.66076e-40,1.0,0.0,0.0,0.0,1.5724976e-34,3.2e-44,0.0,1,-0.0,0.0,True,1.7657991e-32,Test
780,6,-5.4026976,-2.6799288,5.4412975,-1.6825864,-0.39549112,-5.8727374,-1.0022053,1.2443267,1.9125871e-05,0.00029114189,0.9797346,0.000789305,0.0028590604,1.1953231e-05,0.0015585858,0.014736255,2,6.4639764,0.9984414,False,0.16934595,Test
781,6,-2.6818628,0.13371694,1.9221792,-2.3563309,-1.2306029,-5.9492617,-1.8047696,1.9758875,0.0043274304,0.07228044,0.43225503,0.0059924833,0.018471586,0.00016489855,0.010402715,0.45610547,7,4.5656886,0.98959726,False,1.5687599,Test
782,6,-3.6914883,-1.5143291,-1.1572175,-0.2082821,-1.7880328,-0.8063257,0.06292027,-1.0149791,0.00730721,0.064458445,0.092123695,0.23795168,0.04902434,0.13084641,0.31208327,0.10620494,6,1.1644852,0.68791676,True,2.5816753,Test
783,6,-7.3628497,128.5458,-92.89133,-27.072876,-46.349766,15.151337,-21.312397,-103.217926,0.0,1.0,0.0,0.0,0.0,0.0,0.0,0.0,1,149.8582,1.0,False,0.0,Test
784,6,-2.8773553,6.8625126,-4.4610996,-2.3513484,-4.1243978,-3.47459,-0.9053543,-3.476154,5.884855e-05,0.99932504,1.2076038e-05,9.958125e-05,1.6910344e-05,3.23862e-05,0.00042282918,3.233559e-05,1,7.7685423,0.99957716,False,0.0092937555,Test
785,4,-3.943624,24.227404,-13.960909,-6.8498034,-8.925251,-1.1652353,-5.7889986,-16.893051,5.8274414e-13,1.0,2.6003189e-17,3.186693e-14,3.999302e-15,9.378145e-12,9.20538e-14,1.3855245e-18,1,33.152657,1.0,False,3.7284928e-10,Test
786,6,-2.0555644,2.0148008,1.4835006,-2.380686,-1.694031,-4.9440923,-1.5554243,-0.8970952,0.009895046,0.5796353,0.34073293,0.00714857,0.014204621,0.00055073935,0.016316451,0.031516246,1,4.1155815,0.9836835,False,1.4493688,Test
787,4,-4.622926,18.526926,-11.761458,-5.353775,-7.7303405,-0.5225628,-3.8889425,-12.428724,8.833782e-11,1.0,7.013296e-14,4.253469e-11,3.9501523e-12,5.3322737e-09,1.8403987e-10,3.598586e-14,1,26.257267,1.0,False,1.5706652e-07,Test
788,1,-4.8363447,67.81391,-48.566307,-15.170927,-24.736843,5.8803353,-11.640978,-50.644913,2.807992e-32,1.0,0.0,9.123085e-37,6.3933e-41,1.2664565e-27,3.1130124e-35,0.0,1,-0.0,0.0,True,1.1316242e-25,Test
789,6,-0.83078295,16.612953,-10.797438,-4.7258973,-6.7261887,-1.7981157,-3.184696,-12.346306,2.6563253e-08,1.0,1.2468623e-12,5.403252e-10,7.310372e-11,1.0096591e-08,2.5234232e-09,2.649437e-13,1,19.79765,1.0,False,1.0279018e-06,Test
790,6,-1.647896,26.253485,-19.482433,-5.607181,-10.733096,0.86172473,-3.2972481,-19.642368,7.631052e-13,1.0,1.3713364e-20,1.4557555e-14,8.6483334e-17,9.3863944e-12,1.4664913e-13,1.16865176e-20,1,29.550734,1.0,False,3.8149092e-10,Test
791,6,-2.4083245,-0.8888633,-1.5212427,-0.305131,-1.9666507,-2.350556,2.0970626,-2.5156329,0.009073875,0.04146546,0.022031683,0.074335836,0.014112679,0.009613499,0.82121646,0.008150596,6,0.19696854,0.17878354,True,1.0930613,Test
792,6,-3.3317134,0.037044324,1.1770846,-1.4068576,-1.5670084,-5.8144407,0.33343047,0.8589582,0.00418828,0.12163783,0.38034862,0.028707147,0.024458928,0.00034978488,0.16360159,0.27670774,2,1.8103211,0.8363984,False,2.155408,Test
793,6,-1.2519506,3.9355907,-2.7618577,-1.7025667,-3.1703057,-3.8390038,0.32249022,-3.1449323,0.0053738365,0.9620665,0.0011872442,0.0034243998,0.0007891389,0.00040433533,0.025945107,0.00080941827,1,3.6517723,0.9740549,False,0.29147056,Test
794,4,-6.1543183,36.29641,-23.115868,-9.96672,-13.280992,-0.311381,-8.110274,-24.260153,3.6633844e-19,1.0,1.5760712e-26,8.0942725e-21,2.9431247e-22,1.2631007e-16,5.1810978e-20,5.0190123e-27,1,49.5774,1.0,False,6.697241e-15,Test
795,6,-3.2363262,13.254809,-8.363452,-3.9233732,-5.837175,-2.254381,-2.5606425,-7.6265554,6.8863805e-08,0.9999995,4.0860923e-10,3.464255e-08,5.11042e-09,1.8384165e-07,1.3534319e-07,8.537649e-10,1,15.815452,0.9999999,False,1.0479664e-05,Test
796,1,-6.537892,80.176544,-54.908356,-18.13468,-28.794836,6.0978847,-14.27883,-63.306885,2.1897648e-38,1.0,0.0,2.02e-43,0.0,6.730497e-33,9.518e-42,0.0,1,-0.0,0.0,True,7.1931057e-31,Test
797,6,-1.6206815,2.3128595,0.26789448,-2.1477726,-1.9038845,-4.7550445,-1.3716633,-0.35759962,0.015407421,0.78712755,0.10184227,0.009095302,0.011607441,0.00067064614,0.019764107,0.054485302,1,3.9238877,0.9802359,False,1.1841831,Test
798,6,0.2730124,1.3025548,-1.3603714,-0.9800564,-2.2734642,-4.5719843,0.7668602,-2.191955,0.16418946,0.4596951,0.032060903,0.046896923,0.012865437,0.0012917838,0.26904234,0.01395801,1,1.3128865,0.7309576,False,1.9983516,Test
799,4,-4.5900764,62.01763,-43.383022,-13.72821,-22.648464,4.851349,-10.273416,-47.93968,1.1820567e-29,1.0,0.0,1.2705705e-33,1.698179e-37,1.4893573e-25,4.021588e-32,0.0,1,84.66609,1.0,False,1.2284394e-23,Test
800,6,-1.40849,1.8641318,0.43910787,-2.0136733,-2.1026595,-4.9976587,-0.82593745,-0.6649629,0.025845138,0.6818053,0.16397603,0.014110778,0.012909364,0.0007138756,0.046278384,0.05436113,1,3.0730803,0.95372164,False,1.549548,Test
801,6,-1.3908465,-0.1454426,-1.4786944,-1.0456195,-2.2076724,-4.1419287,1.6862371,-0.7331803,0.03232735,0.11231613,0.029608624,0.045656256,0.014283254,0.0020643827,0.7013431,0.06240091,6,0.35475802,0.29865688,True,1.5826622,Test
802,6,-2.319839,-0.90668005,1.8441291,-1.576645,-1.2881975,-6.2065268,-0.23874348,1.3507855,0.008220056,0.03377551,0.52876556,0.017283827,0.023062745,0.00016861956,0.0658693,0.32285446,2,2.7200828,0.93413067,False,1.7219219,Test
803,6,-1.9785554,21.391708,-15.072328,-5.0173674,-8.724254,-0.34960714,-3.2785594,-15.073254,7.0863614e-11,1.0,1.4583803e-16,3.3937803e-12,8.33304e-14,3.6129877e-10,1.9312527e-11,1.457029e-16,1,24.670267,1.0,False,1.4542084e-08,Test
804,1,-3.8936257,72.71142,-51.016937,-15.71799,-26.351006,6.755027,-12.2521,-58.345398,5.3808787e-34,1.0,0.0,3.940917e-39,9.5e-44,2.267272e-29,1.2612864e-37,0.0,1,-0.0,0.0,True,2.157481e-27,Test
805,0,0.24024226,20.05084,-12.711177,-4.881544,-8.136935,-0.7269113,-3.324874,-18.302193,2.490958e-09,1.0,5.9106755e-15,1.485946e-11,5.730665e-13,9.469717e-10,7.0478505e-11,2.205406e-17,1,19.810598,1.0,False,1.02514484e-07,Test
806,1,-5.938252,78.15274,-54.70326,-17.53528,-28.280884,6.520235,-13.667019,-60.107475,3.0181758e-37,1.0,0.0,2.775e-42,0.0,7.769576e-32,1.32795e-40,0.0,1,-0.0,0.0,True,8.029416e-30,Test
807,6,-3.6447158,28.442467,-19.38778,-7.136671,-11.084607,-0.26204988,-5.1333723,-19.000322,1.16068484e-14,1.0,1.6888385e-21,3.533263e-16,6.8172677e-18,3.4181138e-13,2.6193768e-15,2.4880514e-21,1,33.57584,1.0,False,1.4837758e-11,Test
808,0,-4.2371726,22.994957,-15.259289,-6.115772,-8.808239,1.1051067,-5.0110526,-17.558144,1.4901713e-12,1.0,2.4344011e-17,2.2770414e-13,1.541869e-14,3.1142872e-10,6.872969e-13,2.4434992e-18,1,27.23213,1.0,False,9.931624e-09,Test
809,4,-4.3390117,24.52054,-15.46601,-6.9988213,-9.037589,-0.860273,-5.8416376,-15.062564,2.927222e-13,1.0,4.3058833e-18,2.0479305e-14,2.6661836e-15,9.489705e-12,6.514383e-14,6.4457983e-18,1,33.55813,1.0,False,3.6358455e-10,Test
810,4,-3.6497731,1.2670871,2.7000458,-2.311251,-1.6186148,-4.7289524,-1.8738112,-1.4589788,0.0013576132,0.18541354,0.77708316,0.0051771286,0.010348966,0.00046141812,0.008018008,0.012140205,2,4.5708685,0.989651,False,0.99221176,Test
811,6,-2.4545674,31.50743,-21.445215,-7.421722,-11.8187475,0.89234143,-5.7712536,-23.514812,1.7802938e-15,1.0,1.006836e-23,1.2396102e-17,1.5264443e-19,5.058671e-14,6.4576396e-17,1.2709982e-24,1,37.278683,1.0,False,2.3257331e-12,Test
812,4,-3.5944488,10.184902,-5.411044,-3.669992,-4.606179,-2.9840262,-2.7540503,-4.8643446,1.0368136e-06,0.99999285,1.6856347e-07,9.613746e-07,3.7697438e-07,1.9089919e-06,2.4025987e-06,2.9120048e-07,1,14.791088,0.99999964,False,0.00014942359,Test
813,6,-0.14509098,7.6146703,-3.0050976,-3.2867336,-3.4864087,-3.525608,-2.301046,-6.254065,0.00042632414,0.99945086,2.4414889e-05,1.8422224e-05,1.5087737e-05,1.45077565e-05,4.9365168e-05,9.476462e-07,1,9.9162655,0.99995065,False,0.0074288906,Test
814,5,-4.6963696,47.529263,-32.819233,-11.443897,-17.535727,2.5403805,-8.714239,-34.187862,2.0830339e-23,1.0,1.2737723e-35,2.4450183e-26,5.528854e-29,2.894516e-20,3.7476447e-25,3.241183e-36,1,44.988884,1.0,False,1.8802944e-18,Test
815,6,-1.678264,12.845713,-10.2749605,-2.149808,-6.484043,-1.4587637,0.46844858,-11.773986,4.923962e-07,0.9999943,9.095285e-11,3.072739e-07,4.0289443e-09,6.1325653e-07,4.2132774e-06,2.0314153e-11,1,12.37727,0.99999577,False,0.00011305504,Test
816,6,-2.4054673,6.0429716,-3.117403,-2.7258308,-3.276815,-3.6455142,-1.5981225,-2.8162923,0.00021396743,0.9987527,0.00010499239,0.0001553157,8.952129e-05,6.191586e-05,0.00047970354,0.00014188234,1,7.642342,0.9995203,False,0.016931588,Test
817,6,-3.6342988,33.158527,-23.789495,-7.7941093,-12.91708,0.9443032,-5.4900784,-22.188469,1.0497309e-16,1.0,1.8526302e-25,1.6386865e-18,9.76378e-21,1.0222085e-14,1.6410582e-17,9.185545e-25,1,38.648605,1.0,False,4.816591e-13,Test
818,4,-5.70681,37.38853,-23.961426,-9.924899,-13.684911,-0.1566748,-7.8956504,-26.075897,1.9227877e-19,1.0,2.2701389e-27,2.8316404e-21,6.5930533e-23,4.9468074e-17,2.1544213e-20,2.7399912e-28,1,51.07344,1.0,False,2.6930618e-15,Test
819,6,-6.47921,122.5756,-86.73128,-25.987034,-43.786194,13.85653,-21.153679,-99.68682,0.0,1.0,0.0,0.0,0.0,0.0,0.0,0.0,1,143.72928,1.0,False,0.0,Test
820,4,-6.0678763,49.50242,-33.48162,-12.291202,-18.151567,1.7707775,-9.52451,-35.111816,7.3473075e-25,1.0,9.130396e-37,1.4567042e-27,4.151911e-30,1.8638552e-21,2.3170259e-26,1.7885648e-37,1,67.653984,1.0,False,1.2841017e-19,Test
821,5,-5.148365,57.509987,-40.695717,-13.407656,-21.151608,3.6382544,-10.087336,-41.47776,6.1351264e-28,1.0,2.24e-43,1.5880347e-31,6.8818513e-35,4.0161007e-24,4.393966e-30,1.02e-43,1,53.87173,1.0,False,3.121892e-22,Test
822,6,-1.5362802,36.386627,-25.30279,-8.062267,-13.82202,1.3070098,-5.8476567,-29.462963,3.3907047e-17,1.0,1.6166928e-27,4.966957e-20,1.5655284e-22,5.8225887e-16,4.548663e-19,2.5228105e-29,1,42.234283,1.0,False,3.1353656e-14,Test
823,4,-5.2828317,21.301998,-13.271699,-6.990249,-8.215661,-1.8760167,-5.75587,-10.46618,2.8467892e-12,1.0,9.656829e-16,5.162177e-13,1.515807e-13,8.588476e-11,1.7738497e-12,1.5968202e-14,1,29.517658,1.0,False,3.0786187e-09,Test
824,6,-2.6018593,26.733349,-18.88529,-6.33662,-10.6502905,0.1654966,-4.2028637,-19.04256,1.8192009e-13,1.0,1.5419761e-20,4.3440504e-15,5.814218e-17,2.8955328e-12,3.6692187e-14,1.3175743e-20,1,30.936213,1.0,False,1.2053097e-10,Test
825,6,-1.1592987,9.12512,-5.9039817,-2.7052205,-4.4683743,-2.6761074,-1.1762855,-6.3947845,3.4158358e-05,0.9999157,2.971031e-07,7.279673e-06,1.2484862e-06,7.4947197e-06,3.3583012e-05,1.8186715e-07,1,10.30149,0.99996644,False,0.0014142783,Test
826,1,-6.790066,89.73086,-63.386555,-20.036985,-32.54059,7.628445,-15.081905,-68.34888,1.207e-42,1.0,0.0,0.0,0.0,2.2048379e-36,0.0,0.0,1,-0.0,0.0,True,2.6116043e-34,Test
827,5,-6.3135357,72.353355,-49.958115,-16.725246,-26.153486,4.9906716,-12.975557,-54.77105,6.845457e-35,1.0,0.0,2.059001e-39,1.65e-43,5.5559344e-30,8.7523544e-38,0.0,1,67.362686,1.0,False,5.399547e-28,Test
828,5,-4.4148836,77.251976,-55.70057,-16.202032,-28.425844,7.852913,-12.23112,-62.22073,3.4082563e-36,1.0,0.0,2.5909e-41,0.0,7.2505314e-31,1.373998e-39,0.0,1,69.39906,1.0,False,7.2593945e-29,Test
829,6,-1.0150605,4.019743,-3.4981687,-1.6913677,-3.114458,-3.6949003,0.82392627,-3.8253675,0.0061803632,0.9497326,0.00051595725,0.003142661,0.00075728126,0.00042381298,0.03887548,0.00037197451,1,3.2473917,0.96112454,False,0.34674898,Test
830,6,-5.1433887,-2.8683333,4.9670053,-2.3627226,-0.11628966,-7.3693676,-0.214004,2.3169234,3.7519538e-05,0.00036500706,0.92288077,0.00060518074,0.005721352,4.0506725e-06,0.0051887394,0.06519731,2,5.2612643,0.99481124,False,0.45693704,Test
831,6,-1.7642374,3.0891485,-1.5690477,-1.4737004,-2.5006106,-4.237324,-0.2700981,-1.2973585,0.007228567,0.92651176,0.0087866215,0.009665644,0.0034613817,0.0006095429,0.032206878,0.0115296235,1,3.4355752,0.9677931,False,0.546816,Test
832,6,-2.582828,0.49281105,1.5191222,-1.8266622,-1.4721463,-5.6232257,-1.3048179,1.3325884,0.0070375167,0.15245879,0.4254747,0.014990565,0.021368904,0.00033650498,0.02526109,0.3530719,2,3.6784902,0.9747389,False,1.8662152,Test
833,6,-5.0884614,39.9512,-27.877893,-9.919687,-15.105722,1.3555173,-7.239911,-26.45418,2.751209e-20,1.0,3.484968e-30,2.1945659e-22,1.2276715e-24,1.7302507e-17,3.2000877e-21,1.4471374e-29,1,47.19111,1.0,False,9.654561e-16,Test
834,4,-2.2269876,10.541961,-6.8904114,-2.9925532,-4.95495,-2.1571987,-1.9681959,-5.9475923,2.8478112e-06,0.9999887,2.6866536e-08,1.3244347e-06,1.8611122e-07,3.0536562e-06,3.6889526e-06,6.897203e-08,1,15.496922,0.9999998,False,0.00022349213,Test
835,1,-5.5666747,70.54437,-50.260056,-15.558323,-26.043476,5.9474626,-11.658613,-53.523735,8.81846e-34,1.0,0.0,4.0371616e-38,1.128e-42,8.829153e-29,1.9938663e-36,0.0,1,-0.0,0.0,True,8.228306e-27,Test
836,4,-3.7045786,38.03416,-26.103296,-8.900887,-14.330681,2.242206,-6.635663,-28.980743,7.4661374e-19,1.0,1.3978339e-28,4.1339765e-21,1.8123343e-23,2.8559585e-16,3.9823783e-20,7.86675e-30,1,52.36484,1.0,False,1.4795084e-14,Test
837,4,-3.3699615,59.512455,-41.444588,-12.824587,-21.66042,5.2490015,-9.797097,-47.026333,4.903586e-28,1.0,1.4e-44,3.8407944e-32,5.5855834e-36,2.7144457e-24,7.929443e-31,0.0,1,81.172874,1.0,False,2.1254662e-22,Test
838,6,-1.8069714,5.721486,-3.5319383,-2.1232345,-3.6258547,-3.6009176,-0.86075234,-3.2640948,0.000536113,0.9972957,9.552403e-05,0.0003907554,8.69612e-05,8.915698e-05,0.0013810017,0.00012486361,1,6.584946,0.998619,False,0.032531977,Test
839,6,-5.2258654,48.57725,-33.689518,-11.428082,-18.121084,2.6614718,-8.533788,-35.39631,4.301339e-24,1.0,1.870665e-36,8.7099365e-27,1.0796468e-29,1.1455934e-20,1.5739512e-25,3.394281e-37,1,57.11104,1.0,False,7.5921697e-19,Test
840,6,-3.66681,14.829961,-8.383098,-5.0785275,-5.7966304,-2.2204077,-4.2028527,-8.337515,9.267327e-09,1.0,8.2927165e-11,2.258671e-09,1.1015024e-09,3.9365766e-08,5.4219296e-09,8.6794606e-11,1,19.032814,1.0,False,1.4678468e-06,Test
841,6,-4.2488365,22.231537,-14.672142,-6.198479,-8.81904,-1.4200034,-4.570708,-13.52887,3.1602392e-12,1.0,9.395846e-17,4.4978103e-13,3.272696e-14,5.348923e-11,2.2905154e-12,2.947493e-16,1,26.802244,1.0,False,2.054391e-09,Test
842,1,-4.905354,70.37358,-49.195408,-15.710381,-25.532257,5.5497108,-12.08747,-54.854126,2.0266208e-33,1.0,0.0,4.113491e-38,2.232e-42,7.0364224e-29,1.5403527e-36,0.0,1,-0.0,0.0,True,6.580758e-27,Test
843,6,-6.4968877,69.98868,-49.616226,-16.110529,-25.770916,4.9372754,-12.008291,-51.349728,6.063747e-34,1.0,0.0,4.0512623e-38,2.583e-42,5.604492e-29,2.4500103e-36,0.0,1,81.99697,1.0,False,5.259846e-27,Test
844,1,-4.1672373,55.15313,-39.363506,-12.560141,-20.42531,3.7993822,-9.298733,-40.42746,1.7277958e-26,1.0,8.953e-42,3.9129074e-30,1.5021092e-33,4.9813894e-23,1.0207361e-28,3.09e-42,1,-0.0,0.0,True,3.6920904e-21,Test
845,6,-4.3230033,91.683075,-65.059616,-19.296818,-33.321667,8.209162,-14.623435,-73.18061,2.019e-42,1.0,0.0,0.0,0.0,5.5942166e-37,0.0,0.0,1,106.30651,1.0,False,6.736998e-35,Test
846,6,-2.6757355,30.367683,-22.299114,-6.6596384,-12.2200575,1.0753303,-4.087682,-22.203836,4.460931e-15,1.0,1.3399864e-23,8.3030736e-17,3.1943223e-19,1.8988598e-13,1.0869898e-15,1.4739402e-23,1,34.455364,1.0,False,8.295716e-12,Test
847,6,-5.552453,71.6196,-51.196228,-15.710783,-26.52417,5.8895836,-11.577422,-54.360577,3.0521392e-34,1.0,0.0,1.1827595e-38,2.38e-43,2.8432754e-29,7.3789175e-37,0.0,1,83.19702,1.0,False,2.6962653e-27,Test
848,6,-1.8494653,0.04841581,0.80931836,-1.2681688,-1.7270832,-5.2820807,-0.62731314,1.3016769,0.01935782,0.12915038,0.27640855,0.03461866,0.021877935,0.000625303,0.06570983,0.45225155,7,2.7225068,0.9342902,False,2.0754108,Test
849,6,-4.511969,11.375764,-7.1037307,-4.221541,-5.3035564,-2.4505942,-3.1203659,-4.1587324,1.2590534e-07,0.999998,9.428808e-09,1.6833542e-07,5.7050823e-08,9.892093e-07,5.0630223e-07,1.792475e-07,1,14.496132,0.9999995,False,4.5559445e-05,Test
850,6,-3.2521815,42.565216,-29.173725,-9.808118,-15.750851,2.1650257,-7.632437,-32.889446,1.2640284e-20,1.0,6.9851436e-32,1.79701e-23,4.716871e-26,2.8472096e-18,1.5828346e-22,1.7000233e-33,1,50.197655,1.0,False,1.667984e-16,Test
851,4,-5.9677215,12.217819,-7.5902886,-5.2473454,-5.7174335,-3.250194,-3.9556227,-1.6405915,1.2650837e-08,0.9999987,2.4971676e-09,2.60001e-08,1.6248675e-08,1.9156951e-07,9.461554e-08,9.580057e-07,1,17.935255,1.0,False,2.8921191e-05,Test
852,1,-4.3124237,62.6532,-44.614628,-13.648033,-23.057161,5.1156898,-10.363004,-47.95282,8.264183e-30,1.0,0.0,7.2911534e-34,5.9767437e-38,1.02748843e-25,1.9474447e-32,0.0,1,-0.0,0.0,True,8.5298875e-24,Test
853,4,-5.251977,14.471682,-5.216271,-5.3347807,-5.410456,-2.5332239,-4.8735847,-11.045698,2.7172118e-09,1.0,2.8159897e-09,2.5012847e-09,2.3189826e-09,4.119678e-08,3.966958e-09,8.278331e-12,1,19.882137,1.0,False,1.4169904e-06,Test
854,0,-3.8426538,6.4622097,-5.642375,-2.0946498,-3.8319552,0.4004455,-2.17761,-6.3041663,3.3377313e-05,0.9972326,5.518768e-06,0.00019168998,3.373631e-05,0.0023238373,0.00017642912,2.8472762e-06,1,10.307634,0.9999666,False,0.03003238,Test
855,6,0.31350884,8.673007,-5.3979497,-3.4205954,-4.079053,-3.574498,-2.2533393,-6.5114107,0.00023409948,0.9997336,7.7436414e-07,5.5937057e-06,2.8955765e-06,4.7957924e-06,1.7973498e-05,2.5431706e-07,1,10.926612,0.999982,False,0.003747854,Test
856,6,-2.3378277,7.4659834,-4.9374084,-2.3793187,-4.125274,-2.9299092,-1.1846216,-3.9052188,5.5221968e-05,0.99966145,4.103253e-06,5.2977608e-05,9.243447e-06,3.0547377e-05,0.00017496163,1.1518673e-05,1,8.650944,0.99982506,False,0.0050807213,Test
857,4,-5.966415,0.68607986,4.2157483,-3.0731597,-1.0406072,-5.838036,-3.5180783,2.0627954,3.2850254e-05,0.025449576,0.8681525,0.000593012,0.0045267856,3.73502e-05,0.00038004742,0.10082784,2,5.397743,0.9954732,False,0.6925802,Test
858,6,-2.9347968,4.641234,-1.808828,-2.313792,-2.837058,-4.068228,-1.35823,-1.7118412,0.00050852436,0.992065,0.0015678839,0.0009462608,0.000560737,0.00016370774,0.0024604017,0.0017275662,1,6.0074306,0.9975396,False,0.08637296,Test
859,6,-4.888661,76.80054,-53.971027,-16.93794,-27.974209,6.106034,-12.846832,-59.433254,3.332964e-36,1.0,0.0,1.9493e-41,0.0,1.98503e-31,1.165848e-39,0.0,1,89.64737,1.0,False,2.0245836e-29,Test
860,6,-2.3265293,10.932967,-6.638969,-3.333083,-4.8738017,-2.5108223,-2.1911697,-6.2263684,1.7436975e-06,0.9999939,2.3366985e-08,6.372802e-07,1.3652277e-07,1.4502195e-06,1.996444e-06,3.530144e-08,1,13.124143,0.99999803,False,0.00012566523,Test
861,4,-4.193839,17.185278,-6.9363236,-5.6250367,-6.101547,-2.2761447,-5.2430363,-12.915238,5.190006e-10,1.0,3.3428874e-11,1.2405275e-10,7.703008e-11,3.5319279e-09,1.8176359e-10,8.462748e-14,1,23.286825,1.0,False,1.2889203e-07,Test
862,6,-0.42135024,0.9365408,0.5856854,-2.0838628,-1.7377045,-5.5948954,-1.2017286,-0.4451258,0.10500192,0.40824592,0.28744006,0.019914858,0.028152168,0.0005947785,0.048115306,0.1025349,1,3.034155,0.9518847,False,2.1974993,Test
863,6,-4.3734536,60.42686,-43.184856,-13.556022,-22.318602,4.5787725,-10.099691,-45.688744,7.2041107e-29,1.0,1e-45,7.407022e-33,1.1590525e-36,5.5652396e-25,2.3480556e-31,0.0,1,70.52655,1.0,False,4.4846872e-23,Test
864,4,-6.042962,38.905785,-26.12478,-10.461634,-14.486558,0.23726416,-8.116002,-25.047628,3.01306e-20,1.0,5.7224916e-29,3.6308097e-22,6.4863544e-24,1.6086972e-17,3.7905123e-21,1.6802921e-28,1,53.39234,1.0,False,8.996795e-16,Test
865,6,-2.035109,21.205788,-14.505839,-5.39034,-8.455482,-0.49341092,-3.6047785,-15.087914,8.065049e-11,1.0,3.0948318e-16,2.8148096e-12,1.3130282e-13,3.76841e-10,1.6784489e-11,1.7292025e-16,1,24.810566,1.0,False,1.5215738e-08,Test
866,6,-4.936345,1.1556989,1.7467196,-2.4325218,-1.6555935,-5.58522,-1.9576641,2.7126188,0.00029415506,0.13011202,0.23496026,0.0035972695,0.007823276,0.00015373538,0.005783638,0.61727566,7,5.1527224,0.9942164,False,1.4357421,Test
867,6,-0.4864102,-0.9504716,0.4799549,-1.2642559,-1.4292899,-5.679228,1.052188,-1.0410887,0.09667564,0.0607824,0.25409967,0.044412274,0.037655607,0.0005371618,0.4503206,0.055516653,6,0.79779553,0.5496794,True,2.207062,Test
868,4,-4.016713,45.811657,-31.010551,-10.626051,-16.690893,2.197817,-8.037275,-34.07448,2.289888e-22,1.0,4.330524e-34,3.0861407e-25,7.169489e-28,1.1448557e-19,4.1087213e-24,2.02251e-35,1,62.50255,1.0,False,7.220406e-18,Test
869,6,-4.7981524,17.52908,-10.9920435,-5.5964427,-7.2503247,-2.1672049,-4.2139277,-9.228898,2.0109728e-10,1.0,4.1061433e-13,9.051346e-11,1.7315767e-11,2.792621e-09,3.6068803e-10,2.394189e-12,1,21.743008,1.0,False,1.00894404e-07,Test
870,4,-4.5984397,26.891615,-17.143547,-7.63213,-10.010464,-0.8512217,-6.1744227,-16.999277,2.1088362e-14,1.0,7.512272e-20,1.0151435e-15,9.410912e-17,8.942098e-13,4.3611694e-15,8.6781625e-20,1,36.902077,1.0,False,3.7011942e-11,Test
871,6,-1.4902527,1.7836881,-0.7426395,-1.8008572,-2.2109594,-4.940632,-0.28757298,-0.12638916,0.02630289,0.694797,0.055550475,0.01928012,0.012793948,0.0008346855,0.087563016,0.102877855,1,2.4353964,0.91243696,False,1.5787257,Test
872,4,-2.2965076,9.978107,-5.622417,-3.7269297,-4.7219124,-3.1991186,-2.715769,-5.7399015,4.668714e-06,0.99998844,1.677927e-07,1.1167938e-06,4.1291196e-07,1.8932083e-06,3.0698318e-06,1.4919368e-07,1,14.700031,0.9999996,False,0.00022948076,Test
873,4,-5.113973,23.839905,-14.498628,-7.4009504,-9.025642,-1.7703618,-6.04224,-14.487289,2.663731e-13,1.0,2.2376251e-17,2.705631e-14,5.3293496e-15,7.544022e-12,1.0528084e-13,2.263138e-17,1,32.865547,1.0,False,2.9587524e-10,Test
874,6,-4.0996213,58.80047,-41.63407,-13.010247,-21.861792,4.7002106,-9.464011,-45.593582,4.817684e-28,1.0,2.4e-44,6.5013395e-32,9.307322e-36,3.1956304e-24,2.2548246e-30,0.0,1,68.26448,1.0,False,2.4946344e-22,Test
875,1,-6.4583693,135.28291,-95.9282,-28.887787,-48.34043,14.511086,-22.978682,-109.57228,0.0,1.0,0.0,0.0,0.0,0.0,0.0,0.0,1,-0.0,0.0,True,0.0,Test
876,6,-2.6182034,-1.2270757,-0.4056556,-0.081061125,-1.8582431,-5.039521,2.8893843,-1.4754165,0.003587831,0.014420856,0.032789078,0.04536269,0.0076714684,0.00031861552,0.8845998,0.0112496205,6,0.122619905,0.115400195,True,0.768353,Test
877,6,-3.8196719,0.50037825,1.6653905,-2.0849392,-1.4286827,-4.8522596,-1.700533,2.4895394,0.001120901,0.08428323,0.27020887,0.0063526086,0.012245055,0.00039913537,0.009330341,0.61605984,7,4.674484,0.99066967,False,1.4439825,Test
878,4,-3.851143,33.59641,-22.86318,-7.9490047,-12.645227,1.0812418,-5.9931545,-23.923706,5.4542486e-17,1.0,3.019346e-25,9.058493e-19,8.270118e-21,7.565581e-15,6.4043036e-18,1.0455179e-25,1,46.24164,1.0,False,3.5826474e-13,Test
879,6,-4.2814684,60.84421,-41.891796,-13.523354,-22.078272,3.8919468,-10.427889,-46.847866,5.203277e-29,1.0,3e-45,5.0416787e-33,9.7100666e-37,1.8447882e-25,1.1140873e-31,0.0,1,71.2721,1.0,False,1.5162557e-23,Test
880,5,-6.140787,70.52269,-49.611027,-16.134758,-25.925138,4.978718,-12.1891165,-52.75806,5.075465e-34,1.0,0.0,2.3181877e-38,1.298e-42,3.4246245e-29,1.1987221e-36,0.0,1,65.543976,1.0,False,3.2383803e-27,Test
881,6,-3.4513237,52.707386,-38.562206,-11.315553,-19.944258,4.495037,-8.027974,-39.983097,4.079265e-25,1.0,2.30208e-40,1.5674358e-28,2.804096e-32,1.1525052e-21,4.197287e-27,5.5595e-41,1,60.73536,1.0,False,8.019675e-20,Test
882,4,-4.681884,21.418623,-12.891225,-6.3765235,-8.145387,-1.199105,-5.1788898,-13.451223,4.620557e-12,1.0,1.257251e-15,8.4863524e-13,1.4471493e-13,1.503993e-10,2.810909e-12,7.181549e-16,1,29.56401,1.0,False,5.229751e-09,Test
883,6,0.057572633,5.5468936,-3.5223083,-2.5012228,-3.307419,-4.3885245,-0.483369,-4.3521843,0.0041010734,0.99283993,0.00011433381,0.00031741435,0.00014174248,4.8081936e-05,0.0023876438,4.986136e-05,1,6.0374484,0.99761236,False,0.07201067,Test
884,6,0.36288804,2.4788735,-1.5908558,-1.6690339,-2.4726968,-4.650787,-0.4480641,-2.0497797,0.09832914,0.8159115,0.013937409,0.012889314,0.0057703652,0.0006535379,0.04370088,0.008807932,1,3.130387,0.9562991,False,1.0426751,Test
885,6,-2.5286431,12.274011,-8.101261,-3.2524984,-5.6515217,-1.9749097,-1.5469449,-7.9355674,3.7263868e-07,0.99999774,1.4162219e-09,1.8068484e-07,1.6407364e-08,6.482932e-07,9.945678e-07,1.6714408e-09,1,13.820957,0.999999,False,4.885964e-05,Test
886,6,-4.746881,37.396664,-25.720697,-9.334057,-14.231379,0.60083985,-6.7087016,-25.51846,4.9807155e-19,1.0,3.876837e-28,5.071144e-21,3.7863897e-23,1.0465922e-16,7.002982e-20,4.745798e-28,1,44.105366,1.0,False,5.5909346e-15,Test
887,1,-5.4165254,103.729614,-74.160835,-22.030537,-37.391956,10.77729,-17.220617,-82.64052,0.0,1.0,0.0,0.0,0.0,4.2787e-41,0.0,0.0,1,-0.0,0.0,True,5.73785e-39,Test
888,6,-3.454582,0.4389486,0.36990032,-0.77961385,-1.8837204,-3.9221075,0.68173635,-0.9077165,0.00523064,0.25674006,0.23961076,0.07590645,0.02516351,0.0032772615,0.3272917,0.06677969,6,1.1169034,0.6727083,True,2.268356,Test
889,6,-2.6794617,61.509403,-43.50983,-13.066314,-22.629084,4.9073596,-9.850753,-49.696774,1.3277914e-28,1.0,0.0,4.0942927e-33,2.8781843e-37,2.6184542e-25,1.0201857e-31,0.0,1,71.36015,1.0,False,2.1394471e-23,Test
890,4,-5.8626814,44.73076,-29.472116,-11.3064375,-16.25153,1.320534,-9.073371,-32.006924,1.065486e-22,1.0,5.9443122e-33,4.6063245e-25,3.278904e-27,1.4033915e-19,4.2969766e-24,4.7124457e-34,1,60.98229,1.0,False,8.7972685e-18,Test
891,6,-2.3680172,14.734674,-9.886616,-4.2318788,-6.7630568,-1.9702457,-2.4804058,-8.772395,3.735901e-08,0.9999999,2.028194e-11,5.793363e-09,4.6095053e-10,5.5609046e-08,3.338763e-08,6.180303e-11,1,17.21508,0.99999994,False,3.4388165e-06,Test
892,6,-4.089839,0.07739843,1.4570016,-1.546463,-1.760963,-5.3630013,-0.042466797,1.6017039,0.001430965,0.09235005,0.3669367,0.01820552,0.01469085,0.00040059123,0.081918195,0.4240671,7,2.5020342,0.9180818,False,1.8813698,Test
893,4,-5.3256226,32.509056,-20.358408,-9.009261,-11.927981,-0.69015384,-7.316994,-22.045273,3.7034616e-17,1.0,1.09635936e-23,9.307296e-19,5.026196e-20,3.8173835e-15,5.0555257e-18,2.0293455e-24,1,44.43704,1.0,False,1.8520964e-13,Test
894,6,-5.79828,102.97239,-74.36096,-21.875355,-37.322166,11.673839,-17.018185,-82.047806,0.0,1.0,0.0,0.0,0.0,2.23636e-40,0.0,0.0,1,119.99057,1.0,False,2.9456437e-38,Test
895,4,-3.9676118,26.846933,-16.881035,-7.2875915,-9.9980955,-0.7237786,-5.83765,-18.67717,4.1439383e-14,1.0,1.02137574e-19,1.4981801e-15,9.9634024e-17,1.0621658e-12,6.3865526e-15,1.6948608e-20,1,36.845028,1.0,False,4.44713e-11,Test
896,6,-1.9661493,31.472702,-22.13747,-7.374364,-12.071524,1.0065961,-5.141945,-23.638813,3.0039437e-15,1.0,5.2167257e-24,1.345656e-17,1.2273891e-19,5.871352e-14,1.2544718e-16,1.1624469e-24,1,36.614647,1.0,False,2.7329577e-12,Test
897,6,-4.8623466,30.673372,-21.21843,-8.012653,-11.948231,0.009131629,-5.7271905,-19.17308,3.6900524e-16,1.0,2.9085573e-23,1.580781e-17,3.0879635e-19,4.8160372e-14,1.5539486e-16,2.2488551e-22,1,36.400562,1.0,False,2.1585535e-12,Test
898,6,-5.1846347,38.424828,-26.150902,-9.7277355,-14.499734,0.65817094,-7.1740484,-25.954372,1.1498759e-19,1.0,9.0181417e-29,1.2235078e-21,1.0355126e-23,3.9641506e-17,1.5727489e-20,1.0976663e-28,1,45.598877,1.0,False,2.1682525e-15,Test
899,6,-2.4735627,2.3114462,-0.7949296,-1.6483897,-2.294606,-3.696454,-0.17693225,-0.51231647,0.006808182,0.81495595,0.036479786,0.015538146,0.0081423735,0.0020041778,0.067677625,0.048393786,1,2.6929998,0.9323224,False,1.1060451,Test
900,6,-5.4451056,44.17296,-30.94018,-11.02272,-16.679258,1.59633,-8.062357,-29.495176,2.8258442e-22,1.0,2.3921003e-33,1.0686151e-24,3.734369e-27,3.2300162e-19,2.0629639e-23,1.01469326e-32,1,52.235313,1.0,False,1.9862272e-17,Test
901,6,-3.85056,-1.9075255,3.0193293,-1.1583394,-0.9151031,-5.4342246,0.51366276,0.3903443,0.00086754304,0.006055361,0.8353068,0.0128087755,0.016335923,0.00017803856,0.068178736,0.060268775,2,2.6856227,0.9318213,False,0.95840734,Test
902,6,-2.0199285,-1.7416251,1.1655501,-1.2115089,-1.2995821,-5.9087267,0.85250276,0.9989811,0.014499347,0.019152,0.35057765,0.03254173,0.02979826,0.0002968006,0.25634775,0.29678658,2,1.3612204,0.7436522,False,2.0668526,Test
903,4,-4.253344,28.997005,-18.825565,-7.5867705,-10.779426,-0.14316836,-6.114089,-19.563457,3.627071e-15,1.0,1.7018504e-21,1.2938043e-16,5.312697e-18,2.2109742e-13,5.642155e-16,8.1368985e-22,1,39.776432,1.0,False,9.504725e-12,Test
904,6,-4.9924455,-2.04979,2.078098,-1.0172683,-1.2340838,-5.8322372,0.9677789,2.357569,0.0003089051,0.005858739,0.36351576,0.01645215,0.013245272,0.00013338543,0.119761646,0.48072413,7,2.1222517,0.88023835,False,1.6342524,Test
905,5,-6.0551853,66.45843,-46.327038,-15.3576765,-24.423431,4.0400567,-11.658036,-49.934814,3.219133e-32,1.0,0.0,2.935748e-36,3.39243e-40,7.7991385e-28,1.1870016e-34,0.0,1,62.41837,1.0,False,7.023515e-26,Test
906,6,-3.0341327,18.55557,-12.727017,-4.8643885,-7.7299743,-1.0539145,-3.169982,-11.813036,4.2044704e-10,1.0,2.5950411e-14,6.742805e-11,3.840013e-12,3.0458507e-09,3.670395e-10,6.472644e-14,1,21.725552,1.0,False,1.13196606e-07,Test
907,6,-2.2700462,15.075889,-9.903762,-4.064283,-6.3219523,-1.6969668,-2.8171403,-10.345437,2.9292456e-08,1.0,1.41734515e-11,4.870004e-09,5.0937304e-10,5.195667e-08,1.6949487e-08,9.1129404e-12,1,17.893028,1.0,False,2.7508609e-06,Test
908,6,-3.9157007,-2.3327425,2.3797688,-1.1954098,-0.85856855,-6.3323607,1.1326237,1.5792307,0.0010165329,0.0049498435,0.55107284,0.015435783,0.021618068,9.0694135e-05,0.15833639,0.24747975,2,1.8430334,0.8416636,False,1.6550336,Test
909,6,-2.8702524,29.997038,-21.26804,-7.144223,-11.871489,0.86894524,-4.7505393,-21.754633,5.320067e-15,1.0,5.443278e-23,7.408919e-17,6.5573745e-19,2.2378474e-13,8.115565e-16,3.3460693e-23,1,34.747578,1.0,False,9.7010525e-12,Test
910,6,-0.61784846,21.550709,-15.44888,-4.7656116,-8.936493,0.21489957,-2.7103598,-17.698423,2.3567717e-10,1.0,8.536564e-17,3.7236364e-12,5.748791e-14,5.419704e-10,2.9077154e-11,9.001591e-18,1,24.261068,1.0,False,2.538161e-08,Test
911,6,-2.1416624,7.692323,-4.8425355,-2.5252647,-4.0418067,-3.3045037,-0.97288764,-4.241521,5.3582775e-05,0.9997025,3.5979142e-06,3.65114e-05,8.013143e-06,1.6749793e-05,0.00017243189,6.5624854e-06,1,8.665508,0.99982756,False,0.004462628,Test
912,4,-4.955519,35.93748,-24.71078,-9.07971,-13.534473,0.82589597,-6.92383,-23.838654,1.7393824e-18,1.0,4.5792513e-27,2.813735e-20,3.2704176e-22,5.6394003e-16,2.4297877e-19,1.0953543e-26,1,49.471954,1.0,False,2.868605e-14,Test
913,0,-4.547067,59.664307,-41.082024,-13.618072,-21.682753,5.0568395,-10.83304,-47.123833,1.298241e-28,1.0,1.8e-44,1.4923377e-32,4.6926722e-36,1.9243236e-24,2.4176425e-31,0.0,1,64.21137,1.0,False,1.5161397e-22,Test
914,4,-4.3214808,3.46224,-0.94309324,-2.1441138,-2.552074,-4.0225496,-1.6615998,1.081091,0.00037260228,0.89469,0.010925988,0.0032874872,0.002186197,0.00050242315,0.005326197,0.082709,1,6.1255918,0.9978138,False,0.6086494,Test
915,6,-4.3614693,33.867596,-24.047539,-8.330594,-13.197095,0.97100294,-5.875395,-21.68599,2.4964797e-17,1.0,7.043308e-26,4.7158446e-19,3.631324e-21,5.166447e-15,5.4933763e-18,7.4711005e-25,1,39.74299,1.0,False,2.4691908e-13,Test
916,6,-2.3388505,17.258503,-10.942188,-4.66978,-6.866459,-1.6545271,-3.5411465,-11.463148,3.0830298e-09,1.0,5.6571203e-13,2.9968666e-10,3.3316717e-11,6.1118848e-09,9.264601e-10,3.3600477e-13,1,20.79965,1.0,False,2.9241195e-07,Test
917,4,-3.9363184,22.71723,-15.469961,-6.0647974,-8.901904,-0.7967951,-4.6506286,-13.595612,2.6577289e-12,1.0,2.6032368e-17,3.1631804e-13,1.8534677e-14,6.137462e-11,1.3010378e-12,1.6964167e-16,1,31.619133,1.0,False,2.2496036e-09,Test
918,4,-5.5067554,35.961452,-23.88914,-9.822603,-13.31369,-0.036652546,-7.7532544,-23.446245,9.785566e-19,1.0,1.0167577e-26,1.3068821e-20,3.9817816e-22,2.3239246e-16,1.0350092e-19,1.5833024e-26,1,49.275143,1.0,False,1.21351e-14,Test
919,6,-4.2168455,-0.78652585,0.7248138,-0.658738,-1.7893542,-4.2186904,0.8191419,0.030503577,0.0022569012,0.06970781,0.3159715,0.079209805,0.025571639,0.0022527415,0.34722748,0.1578021,6,1.0577751,0.65277255,True,2.2079542,Test
920,5,-5.136518,41.04853,-28.400295,-10.10103,-15.546263,1.2771469,-7.471729,-28.561687,8.751629e-21,1.0,6.898582e-31,6.109825e-23,2.6375017e-25,5.3395774e-18,8.470692e-22,5.870405e-31,1,39.771385,1.0,False,3.0702112e-16,Test
921,1,-4.6922016,74.280235,-52.518932,-16.239885,-26.912855,6.6274962,-12.590779,-57.819256,5.043212e-35,1.0,0.0,4.87093e-40,1.1e-44,4.1570777e-30,1.8723908e-38,0.0,1,-0.0,0.0,True,4.0574597e-28,Test
922,6,-4.1639366,32.625153,-22.870085,-7.9855747,-12.806582,0.8067994,-5.673412,-22.125328,1.0536626e-16,1.0,7.919975e-25,2.306673e-18,1.8588645e-20,1.5186742e-14,2.3288665e-17,1.6678937e-24,1,38.298565,1.0,False,7.0415055e-13,Test
923,4,-5.7125206,9.110137,-3.4630437,-4.8255696,-4.021528,-4.248093,-4.247956,-1.604127,3.6524787e-07,0.99996793,3.4635614e-06,8.867177e-07,1.981421e-06,1.5797204e-06,1.5799374e-06,2.222493e-05,1,13.131697,0.99999803,False,0.00057669875,Test
924,4,-4.849091,-1.3765451,2.0698953,-1.0736117,-1.4922638,-4.923335,-0.040408857,3.0072355,0.00026161943,0.008429031,0.26457426,0.011411424,0.0075079533,0.00024289927,0.03206669,0.6755061,7,4.8917923,0.992492,False,1.2397081,Test
925,6,-4.6249046,61.268696,-43.45408,-13.803227,-22.629526,4.5111423,-10.229987,-45.940456,2.4141982e-29,1.0,0.0,2.4927482e-33,3.6598589e-37,2.2413407e-25,8.882143e-32,0.0,1,71.49868,1.0,False,1.8355263e-23,Test
926,5,-5.443376,54.634537,-37.938656,-12.93136,-20.16734,2.6712015,-9.747531,-39.609215,8.100179e-27,1.0,6.2513e-41,4.534241e-30,3.26555e-33,2.707756e-23,1.094522e-28,1.1761e-41,1,51.963337,1.0,False,2.0306428e-21,Test
927,0,-0.46400672,10.232949,-4.392952,-4.2356358,-4.696059,-3.9378948,-3.3314555,-9.405948,2.261309e-05,0.99997413,4.446728e-07,5.2042975e-07,3.283997e-07,7.009215e-07,1.2854132e-06,2.957496e-09,1,10.696981,0.9999774,False,0.00045318351,Test
928,4,-4.860861,22.150494,-12.22517,-6.7928605,-8.449034,-2.2886336,-5.575817,-15.168574,1.8583084e-12,1.0,1.1771693e-15,2.6919143e-13,5.1380002e-14,2.4334477e-11,9.091096e-13,6.202036e-17,1,30.599527,1.0,False,9.80342e-10,Test
929,6,-1.0556601,12.690713,-8.903148,-3.240388,-5.886752,-1.9094852,-0.89188,-9.60863,1.0715802e-06,0.999997,4.1870118e-10,1.2056175e-07,8.5488585e-09,4.56261e-07,1.2622737e-06,2.0678406e-10,1,13.582596,0.99999875,False,6.283021e-05,Test
930,4,-4.998506,39.61681,-26.822271,-10.18493,-14.448464,1.1634612,-8.10752,-26.130379,4.2054754e-20,1.0,1.3991828e-29,2.3516878e-22,3.3094068e-24,1.9949052e-17,1.8775281e-21,2.7948412e-29,1,54.065273,1.0,False,1.109556e-15,Test
931,6,1.1317872,8.488877,-6.5125594,-2.4365485,-4.691609,-3.0092816,0.012718648,-7.543602,0.00063749345,0.9991239,3.0519567e-07,1.7979075e-05,1.8854139e-06,1.01398655e-05,0.00020819495,1.0884349e-07,1,8.4770355,0.9997918,False,0.0110734,Test
932,1,-4.5192814,93.50823,-67.28103,-19.929768,-34.068203,8.897367,-14.985809,-73.76559,2.68e-43,1.0,0.0,0.0,0.0,1.7946064e-37,0.0,0.0,1,-0.0,0.0,True,2.1906379e-35,Test
933,1,-6.933507,121.97024,-86.38329,-25.640078,-43.70328,12.523392,-20.356264,-98.24265,0.0,1.0,0.0,0.0,0.0,0.0,0.0,0.0,1,-0.0,0.0,True,0.0,Test
934,6,-3.2462075,0.70530355,1.3135103,-1.8314925,-1.4614278,-5.037169,-1.2903876,2.0044398,0.002804496,0.14587282,0.26798794,0.011541384,0.016709942,0.00046778927,0.019826986,0.53478855,7,3.9207113,0.980173,False,1.7111598,Test
935,6,-2.990441,15.709836,-10.618195,-4.358686,-6.721173,-1.7028824,-2.659478,-9.622315,7.560887e-09,1.0,3.6802896e-12,1.9246504e-09,1.8127438e-10,2.7400137e-08,1.0527087e-08,9.962915e-12,1,18.369314,1.0,False,1.233385e-06,Test
936,6,-4.287498,13.497865,-7.807187,-4.721075,-5.783362,-2.999559,-3.5567064,-6.567422,1.8876227e-08,0.99999976,5.588992e-10,1.2235296e-08,4.2293085e-09,6.843213e-08,3.9200692e-08,1.9308861e-09,1,17.054571,0.99999994,False,3.7618945e-06,Test
937,6,-0.6594864,17.533691,-11.863587,-4.0495033,-7.396465,-0.5362519,-2.1822712,-14.319216,1.2554606e-08,1.0,1.7097178e-13,4.2319218e-10,1.48926e-11,1.4201156e-08,2.7382048e-09,1.4670948e-14,1,19.715963,1.0,False,7.9134594e-07,Test
938,1,-5.00844,102.762566,-71.87929,-21.789745,-36.68514,10.525516,-17.657589,-84.5897,0.0,1.0,0.0,0.0,0.0,8.749e-41,0.0,0.0,1,-0.0,0.0,True,1.1642297e-38,Test
939,6,-4.2347126,8.041253,-4.2916627,-3.521364,-3.764441,-2.2956913,-3.0785227,-3.2553728,4.662068e-06,0.9999143,4.40398e-06,9.5144105e-06,7.461305e-06,3.241043e-05,1.4815132e-05,1.2413676e-05,1,11.119862,0.99998516,False,0.0014937032,Test
940,5,-5.4157295,78.173065,-55.314056,-17.656727,-28.187262,6.09949,-13.614362,-59.1317,4.987115e-37,1.0,0.0,2.407e-42,0.0,4.9985364e-32,1.37159e-40,0.0,1,72.07358,1.0,False,5.1975478e-30,Test
941,4,-5.942522,38.8847,-24.980907,-10.43982,-14.169744,0.056155045,-8.476166,-26.333353,3.4023864e-20,1.0,1.8345045e-28,3.7899465e-22,9.0938544e-24,1.37081025e-17,2.7004553e-21,4.7441486e-29,1,53.054443,1.0,False,7.7030955e-16,Test
942,6,-4.5414357,7.2370505,-2.628768,-3.4444242,-3.5484622,-4.08913,-2.8251035,-2.3304093,7.666011e-06,0.99977213,5.190757e-05,2.2961249e-05,2.0692467e-05,1.2050452e-05,4.2654334e-05,6.9952934e-05,1,10.062382,0.9999573,False,0.0036553422,Test
943,1,-5.240032,84.14778,-61.493942,-17.691723,-31.149345,7.9958405,-12.902423,-64.952576,1.511347e-39,1.0,0.0,6e-45,0.0,8.465117e-34,7.1e-43,0.0,1,-0.0,0.0,True,9.3001375e-32,Test
944,6,-3.657444,8.1187315,-4.1076245,-3.3937538,-3.909877,-3.6795561,-2.5507329,-2.769074,7.684896e-06,0.9999219,4.89922e-06,1.00036195e-05,5.970461e-06,7.516834e-06,2.324217e-05,1.8683233e-05,1,10.669542,0.99997675,False,0.0013784856,Test
945,6,-3.421012,40.535946,-28.71525,-9.210622,-15.525879,2.267973,-6.441409,-30.6126,8.123354e-20,1.0,8.405953e-31,2.485081e-22,4.494267e-25,2.4012074e-17,3.9627214e-21,1.2606073e-31,1,46.977356,1.0,False,1.331121e-15,Test
946,6,-1.139792,18.224487,-12.680087,-4.3066998,-7.6311355,-0.661164,-2.463867,-13.947844,3.8922487e-09,1.0,3.787158e-14,1.6399469e-10,5.902629e-12,6.28154e-09,1.0355279e-09,1.0659416e-14,1,20.688354,1.0,False,3.163456e-07,Test
947,4,-6.078504,34.544655,-21.975698,-9.486661,-12.975929,-0.5978142,-7.471486,-23.612188,2.278174e-18,1.0,2.8413296e-25,7.541243e-20,2.3018263e-21,5.467896e-16,5.65747e-19,5.530993e-26,1,47.520584,1.0,False,2.7894921e-14,Test
948,6,-1.6176162,23.025705,-15.832392,-5.282454,-9.149422,0.16865963,-3.4625514,-17.542538,1.983998e-11,1.0,1.3308922e-17,5.080691e-13,1.0629693e-14,1.183889e-10,3.1354246e-12,2.4067728e-18,1,26.488256,1.0,False,4.7503916e-09,Test
949,6,-3.3955393,34.385834,-23.558945,-8.272426,-12.941423,1.4060366,-6.2482567,-25.888466,3.906237e-17,1.0,6.837581e-26,2.9768224e-19,2.7927637e-21,4.7539652e-15,2.2534023e-18,6.655861e-27,1,40.63409,1.0,False,2.2847246e-13,Test
950,4,-4.1182857,39.80756,-26.984884,-9.355094,-14.736249,1.7758476,-7.3837204,-29.603277,8.380066e-20,1.0,9.826772e-30,4.455847e-22,2.0508088e-24,3.0411477e-17,3.1995384e-21,7.1656777e-31,1,54.543808,1.0,False,1.674182e-15,Test
951,4,-5.90287,12.8154745,-6.9093575,-5.5236907,-5.418562,-3.300971,-4.5994544,-3.3129034,7.4254993e-09,0.99999976,2.7140257e-09,1.0849303e-08,1.2051994e-08,1.00165124e-07,2.7339626e-08,9.897702e-08,1,18.234035,1.0,False,6.544687e-06,Test
952,6,-4.279944,6.750153,-2.3510678,-3.22007,-3.3566859,-4.149127,-2.6537454,-2.691813,1.6200112e-05,0.99960464,0.000111485446,4.6753663e-05,4.078343e-05,1.8464216e-05,8.236963e-05,7.9292935e-05,1,9.404294,0.9999176,False,0.0060472554,Test
953,6,-4.259758,-2.387551,1.6115521,-1.3187565,0.108226836,-1.0160737,-2.9019175,-0.17227961,0.0018210274,0.011841472,0.64594287,0.034480795,0.14365086,0.046669234,0.0070797694,0.10851402,2,4.950514,0.9929202,False,1.673871,Test
954,4,-5.0565925,34.822273,-23.421564,-8.8429575,-13.130715,0.42864117,-6.743088,-23.667217,4.795449e-18,1.0,5.070183e-26,1.087506e-19,1.4937643e-21,1.1562077e-15,8.879594e-19,3.9658568e-26,1,47.952988,1.0,False,5.7706566e-14,Test
955,6,-1.1128259,-1.4589536,1.3342773,-1.325298,-1.2121493,-5.700732,-0.42440915,1.3949797,0.034182224,0.02418126,0.3949696,0.027639156,0.030950284,0.00034777468,0.06804181,0.41968787,7,2.6876328,0.9319582,False,1.9174767,Test
956,6,-3.08932,59.676907,-41.717564,-12.767231,-21.817442,4.824269,-9.9348545,-48.415405,5.5077427e-28,1.0,1e-44,3.4507286e-32,4.0499992e-36,1.50592e-24,5.8613205e-31,0.0,1,69.61176,1.0,False,1.1922185e-22,Test
957,6,-5.500909,-0.7152688,0.43493152,-0.7065597,-2.1072226,-4.870587,0.997707,1.5537924,0.00040418273,0.04841221,0.15292571,0.04883567,0.012034748,0.00075914216,0.26846695,0.4681614,7,1.3150275,0.73153305,False,1.9495991,Test
958,1,-5.8827534,72.519646,-51.002205,-16.426102,-26.30715,5.572784,-12.767775,-55.015297,8.9180836e-35,1.0,0.0,2.351541e-39,1.2e-43,8.420688e-30,9.1231155e-38,0.0,1,-0.0,0.0,True,8.13313e-28,Test
959,1,-4.6866055,29.79279,-20.677399,-7.6796293,-11.615654,-0.016188812,-5.5978966,-18.869936,1.061182e-15,1.0,1.2052463e-22,5.3202847e-17,1.0388228e-18,1.13272605e-13,4.2659951e-16,7.345917e-22,1,-0.0,0.0,True,4.948825e-12,Test
960,4,-5.708638,54.720924,-36.431004,-13.184516,-19.81193,2.213023,-10.440051,-41.05406,5.6986877e-27,1.0,2.58952e-40,3.228803e-30,4.273597e-33,1.5707559e-23,5.022838e-29,2.543e-42,1,74.53285,1.0,False,1.1903948e-21,Test
961,4,-3.9907508,26.682,-17.732086,-7.0879188,-10.16351,-0.44922498,-5.417951,-17.332214,4.7752238e-14,1.0,5.1428966e-20,2.1573052e-15,9.958615e-17,1.6483874e-12,1.1459597e-14,7.671317e-20,1,36.84551,1.0,False,6.7275525e-11,Test
962,6,-1.2413057,12.863281,-8.959959,-3.5812635,-5.80213,-1.8665313,-1.8319434,-9.007095,7.48954e-07,0.99999833,3.3287903e-10,7.214792e-08,7.8291436e-09,4.0079556e-07,4.149008e-07,3.175524e-10,1,14.695227,0.9999996,False,3.6904294e-05,Test
963,6,0.039074942,5.417863,-3.4019573,-2.36405,-3.2472699,-3.8593085,-0.88639206,-4.63746,0.004579904,0.99273723,0.00014670166,0.00041418325,0.00017124388,9.285602e-05,0.0018152278,4.2644515e-05,1,6.3115444,0.9981848,False,0.07308459,Test
964,4,-4.451963,-1.4476103,2.7442615,-1.3656387,-1.0758393,-5.4461236,-0.8138893,3.5298293,0.00022871405,0.004613885,0.30519226,0.0050080265,0.0066915206,8.4631945e-05,0.008695374,0.6694856,7,5.006914,0.9933085,False,1.095945,Test
965,0,-2.3055215,30.509443,-19.749475,-7.0785894,-10.967446,1.1926985,-5.8574963,-24.605913,5.605858e-15,1.0,1.4887744e-22,4.7394203e-17,9.700974e-19,1.853101e-13,1.6070849e-16,1.15799e-24,1,32.814964,1.0,False,8.114166e-12,Test
966,6,-0.8344749,2.0373392,-0.79804724,-1.5574405,-2.2052207,-4.8135977,-0.1025127,-1.2179625,0.043057587,0.7607865,0.044654995,0.02089632,0.010933078,0.0008052648,0.08952348,0.029342912,1,2.4132543,0.9104765,False,1.3529247,Test
967,5,-5.9383283,69.75393,-49.35788,-15.924781,-25.61642,5.1311746,-11.871034,-52.189774,1.3405062e-33,1.0,0.0,6.1689127e-38,3.813e-42,8.6038585e-29,3.5540986e-36,0.0,1,64.62276,1.0,False,8.0216045e-27,Test
968,6,-3.1679597,37.249794,-26.327478,-8.571249,-14.16433,1.6137918,-6.2836995,-27.302511,2.797641e-18,1.0,2.4476102e-28,1.2594271e-20,4.6895357e-23,3.3379602e-16,1.2406355e-19,9.2318603e-29,1,43.533493,1.0,False,1.7332842e-14,Test
969,6,-5.618936,111.00566,-79.41556,-23.355465,-39.96785,11.027267,-18.103727,-88.419174,0.0,1.0,0.0,0.0,0.0,3.8e-44,0.0,0.0,1,129.10939,1.0,False,5.458e-42,Test
970,6,-2.4344347,29.225817,-20.784826,-6.88701,-11.332917,0.737953,-4.824017,-20.935127,1.7788012e-14,1.0,1.908331e-22,2.0720411e-16,2.4297705e-18,4.2450036e-13,1.6305888e-15,1.6420246e-22,1,34.049835,1.0,False,1.8350193e-11,Test
971,6,-2.1046324,-1.5197035,2.1330125,-1.4382861,-1.1861582,-6.0867777,-0.2772944,1.451603,0.008491914,0.015241828,0.5880192,0.016534697,0.021276195,0.0001583368,0.05279691,0.2974809,2,2.9413025,0.9472031,False,1.5632896,Test
972,0,-3.9648159,46.71603,-32.20474,-10.484027,-16.952627,4.661851,-8.648523,-38.32151,9.7631e-23,1.0,5.310625e-35,1.4398938e-25,2.2338515e-28,5.446301e-19,9.025663e-25,1.1712972e-37,1,50.680847,1.0,False,3.3050666e-17,Test
973,6,-6.31512,86.77699,-61.040993,-19.411705,-31.353714,9.240421,-15.381258,-67.294754,3.7206e-41,1.0,0.0,0.0,0.0,2.1197917e-34,4e-45,0.0,1,102.15825,1.0,False,2.371234e-32,Test
974,6,-2.9524539,24.638052,-17.026768,-6.3780103,-9.603889,-0.27353674,-4.7439585,-16.513283,1.0413475e-12,1.0,8.038954e-19,3.3876263e-14,1.3455906e-15,1.517171e-11,1.7360194e-13,1.3433883e-18,1,29.382011,1.0,False,5.956604e-10,Test
975,6,-4.3122296,78.23833,-55.635014,-16.600935,-28.302942,6.9686923,-13.001524,-62.590195,1.4084691e-36,1.0,0.0,6.484e-42,0.0,1.1168361e-31,2.37157e-40,0.0,1,91.23985,1.0,False,1.1483516e-29,Test
976,6,-5.995486,47.900948,-32.799717,-11.573746,-18.091566,2.3165865,-8.484964,-36.05033,3.9181025e-24,1.0,8.9566385e-36,1.4807061e-26,2.1868282e-29,1.5957435e-20,3.2502026e-25,3.4707468e-37,1,56.38591,1.0,False,1.0497624e-18,Test
977,6,2.3281662,7.079044,-6.2360497,-2.1198688,-4.7199955,-3.6041865,0.36299926,-7.9674315,0.008558616,0.99010986,1.6330953e-06,0.00010014895,7.4374743e-06,2.2699453e-05,0.0011993402,2.8912268e-07,1,6.7259836,0.99880064,False,0.08646484,Test
978,4,-5.7437615,12.139653,-8.170463,-4.8397675,-5.8789816,-2.6382568,-3.3966565,-2.1082785,1.7113186e-08,0.9999987,1.5115698e-09,4.2260158e-08,1.494878e-08,3.8197464e-07,1.7892278e-07,6.489353e-07,1,18.018637,1.0,False,2.9294684e-05,Test
979,5,-6.9100785,79.8537,-56.022255,-18.294935,-28.917295,6.029512,-14.03967,-59.28443,2.0843454e-38,1.0,0.0,2.37e-43,0.0,8.680853e-33,1.6696e-41,0.0,1,73.82419,1.0,False,9.245637e-31,Test
980,6,-3.1301558,20.279573,-13.307776,-5.501497,-8.152307,-1.1288549,-3.977947,-13.4285755,6.8121446e-11,1.0,2.5894034e-15,6.359504e-12,4.4894278e-13,5.040084e-10,2.918049e-11,2.2947582e-15,1,24.25752,1.0,False,1.9143785e-08,Test
981,4,-5.797838,34.48856,-22.590548,-9.310871,-12.847083,-0.124635085,-7.25312,-22.4556,3.1903537e-18,1.0,1.6250167e-25,9.509307e-20,2.7694346e-21,9.282844e-16,7.4442104e-19,1.8597962e-25,1,47.335644,1.0,False,4.6591525e-14,Test
982,6,-4.1928368,71.973274,-52.46383,-15.070106,-26.69257,7.209758,-11.23233,-56.908043,8.34603e-34,1.0,0.0,1.5759415e-38,1.42e-43,7.474135e-29,7.3158546e-37,0.0,1,83.205605,1.0,False,6.983476e-27,Test
983,6,-2.6799767,27.883993,-19.446064,-6.6065536,-10.974673,0.25567147,-4.6077027,-20.109089,5.3239778e-14,1.0,2.784955e-21,1.0494111e-15,1.3301359e-17,1.0027022e-12,7.74526e-15,1.4350602e-21,1,32.491695,1.0,False,4.2730555e-11,Test
984,6,0.17519452,1.0735452,-0.9493956,-1.3807639,-2.13367,-5.0546627,0.7820176,-1.9558645,0.16530685,0.40591922,0.053689275,0.034877613,0.016427206,0.0008851006,0.3032709,0.019623823,1,1.1931288,0.69672906,False,2.0923195,Test
985,4,-6.8712673,56.294662,-38.191334,-14.098264,-20.460884,2.1053586,-11.016832,-39.51707,3.6930434e-28,1.0,9.232e-42,2.683733e-31,4.6290265e-34,2.9233724e-24,5.847767e-30,2.452e-42,1,76.75555,1.0,False,2.2857953e-22,Test
986,6,-4.0885024,56.62815,-39.7434,-12.483725,-20.732916,4.522608,-9.228835,-43.25912,4.2765455e-27,1.0,1.401e-42,9.662578e-31,2.5264735e-34,2.3488177e-23,2.5042285e-29,4.2e-44,1,65.85699,1.0,False,1.7660399e-21,Test
987,6,-3.1732643,12.424212,-7.5800076,-4.040743,-5.3351746,-2.5381784,-2.9431727,-6.509894,1.6830673e-07,0.99999917,2.052474e-09,7.069046e-08,1.9372935e-08,3.1762588e-07,2.1185035e-07,5.9844125e-09,1,15.367386,0.99999976,False,1.885658e-05,Test
988,6,-2.6198494,35.428516,-25.360342,-8.084357,-13.495454,1.5369829,-5.7478857,-25.74207,2.990917e-17,1.0,3.978644e-27,1.266481e-19,5.657051e-22,1.9102679e-15,1.3101329e-18,2.7161403e-27,1,41.176403,1.0,False,9.5130426e-14,Test
989,6,-3.9173465,-2.051097,2.4594104,-0.73533505,-1.0511959,-5.083575,0.3123592,1.5928206,0.0010489364,0.00678033,0.6167929,0.025274293,0.018429028,0.0003267854,0.07205877,0.2592891,2,2.6302733,0.9279412,False,1.5116726,Test
990,6,-3.8398082,-1.7679919,0.80660236,-0.8394411,-1.6335936,-5.8108296,2.4203188,0.17393687,0.001386766,0.011009856,0.14451525,0.02786417,0.012593607,0.00019319654,0.72567445,0.07676275,6,0.32065377,0.27432555,True,1.3338683,Test
991,6,-3.597435,58.294678,-42.115074,-12.488954,-21.819456,5.4338923,-9.079993,-45.252728,1.32007e-27,1.0,2.5e-44,1.8157661e-31,1.6101744e-35,1.1037028e-23,5.48974e-30,1e-45,1,67.37467,1.0,False,8.418242e-22,Test
992,6,-1.4572716,14.913175,-10.31025,-3.679483,-6.663324,-1.6821067,-2.0292222,-10.318176,7.769729e-08,0.99999976,1.1107227e-11,8.419989e-09,4.2603557e-10,6.20527e-08,4.3854154e-08,1.101955e-11,1,16.942396,0.99999994,False,4.8904917e-06,Test
993,1,-5.0813165,69.080345,-47.64224,-15.545719,-25.058197,4.567198,-12.071498,-53.600334,6.1944196e-33,1.0,0.0,1.7675251e-37,1.3066e-41,9.6005676e-29,5.7043163e-36,0.0,1,-0.0,0.0,True,8.93618e-27,Test
994,6,-3.3344707,54.359715,-38.478405,-11.709255,-20.108374,4.145965,-8.651683,-42.38864,8.7848536e-26,1.0,4.7964e-41,2.0258674e-29,4.5595405e-33,1.5575641e-22,4.3102e-28,9.61e-43,1,63.0114,1.0,False,1.12908344e-20,Test
995,6,-3.7012613,48.257355,-35.36044,-10.490457,-18.451866,3.837828,-7.1609116,-36.248924,2.7205736e-23,1.0,4.844532e-37,3.063022e-26,1.0679563e-29,5.1149964e-20,8.553675e-25,1.9924588e-37,1,55.418266,1.0,False,3.2799957e-18,Test
996,6,-2.034351,17.556953,-12.541989,-3.8698092,-7.6712165,-0.50220865,-1.7864821,-13.361386,3.101733e-09,1.0,8.476092e-14,4.948524e-10,1.1054645e-11,1.4355077e-08,3.974228e-09,3.735391e-14,1,19.343435,1.0,False,5.882857e-07,Test
997,6,1.1667287,7.0588984,-4.960464,-2.6456635,-3.8688931,-3.1250162,-1.384628,-6.2383666,0.0027524442,0.99690884,6.007761e-06,6.081597e-05,1.7896818e-05,3.7656308e-05,0.00021462415,1.6738888e-06,1,8.446622,0.99978536,False,0.032301452,Test
998,5,-7.145072,98.85169,-69.65122,-21.972221,-35.648827,8.890957,-16.737606,-75.981064,0.0,1.0,0.0,0.0,0.0,8.52211e-40,0.0,0.0,1,89.96074,1.0,False,1.1060497e-37,Test
999,6,-5.360313,46.56511,-32.544758,-11.104201,-17.486835,2.0766585,-8.1314335,-33.039333,2.8123895e-23,1.0,4.395648e-35,9.006089e-26,1.522634e-28,4.774326e-20,1.76033e-24,2.6805765e-35,1,54.69654,1.0,False,3.0665717e-18,Test
1000,4,-5.789438,5.8313417,-1.896456,-4.026352,-3.1130872,-4.5633626,-3.5733528,1.670791,8.833219e-06,0.98391867,0.00043333063,5.1501185e-05,0.00012836388,3.0102063e-05,8.1012535e-05,0.015348115,1,8.960642,0.9998716,False,0.124433175,Test
1001,6,-2.5658495,11.33225,-6.8103213,-3.5840106,-4.990276,-2.289132,-2.5770864,-6.111702,9.2072685e-07,0.99999654,1.32062725e-08,3.3262066e-07,8.151095e-08,1.2142484e-06,9.104385e-07,2.6557487e-08,1,13.90934,0.9999991,False,7.567159e-05,Test
1002,4,-3.9745412,21.711475,-13.8741255,-6.0403175,-8.372273,-1.0871627,-4.7804637,-13.528436,6.993667e-12,1.0,3.5105042e-16,8.862362e-13,8.60586e-14,1.2550978e-10,3.1238978e-12,4.9602265e-16,1,30.083748,1.0,False,4.546023e-09,Test
1003,6,-4.269564,15.933554,-10.734737,-4.8597264,-6.9640574,-1.9613863,-3.3121798,-6.990414,1.6822774e-09,1.0,2.6188361e-12,9.32381e-10,1.136825e-10,1.6917125e-08,4.3821196e-09,1.1072546e-10,1,19.245733,1.0,False,6.429424e-07,Test
1004,6,-4.6689963,29.874205,-20.563358,-7.6966677,-11.791591,-0.26352093,-5.4525776,-19.030418,9.955847e-16,1.0,1.2452185e-22,4.8214432e-17,8.031107e-19,8.153648e-14,4.5475076e-16,5.767548e-22,1,35.326782,1.0,False,3.6206227e-12,Test
1005,4,-5.64121,38.99084,-25.557524,-10.480648,-14.2118845,0.2936313,-8.402967,-26.102474,4.135682e-20,1.0,9.2683465e-29,3.27194e-22,7.840619e-24,1.563205e-17,2.6129517e-21,5.37443e-29,1,53.202724,1.0,False,8.755759e-16,Test
1006,1,-4.3901806,45.524433,-32.129547,-10.621912,-17.12176,2.1865232,-7.797755,-32.558044,2.1006782e-22,1.0,1.8849791e-34,4.1300118e-25,6.2101693e-28,1.5086377e-19,6.957727e-24,1.22804e-34,1,-0.0,0.0,True,9.448209e-18,Test
1007,5,-3.982588,70.282295,-49.37716,-15.42101,-25.500742,5.8275366,-12.047912,-55.373016,5.5868918e-33,1.0,0.0,6.019026e-38,2.524e-42,1.0177812e-28,1.7556787e-36,0.0,1,64.45476,1.0,False,9.4648e-27,Test
1008,6,-5.3732595,-2.4294608,1.360961,-0.8101078,-1.4668685,-5.4947863,1.5072877,3.01026,0.0001573637,0.0029879976,0.13229382,0.01508886,0.007824001,0.00013935615,0.15313995,0.6883687,7,1.8764031,0.84686005,False,1.3463522,Test
1009,6,-1.6348125,11.995299,-7.6152534,-3.6936057,-5.282236,-2.498818,-2.314446,-7.5394535,1.2036954e-06,0.9999975,3.0425915e-09,1.5360104e-07,3.1366138e-08,5.073219e-07,6.100357e-07,3.2821919e-09,1,14.309749,0.9999994,False,5.492064e-05,Test
1010,6,-3.3559737,13.058782,-9.994923,-3.4794357,-6.3752103,-0.97076,-2.052374,-8.248064,7.432963e-08,0.9999987,9.725307e-11,6.569659e-08,3.6301435e-09,8.0732195e-07,2.737209e-07,5.5789634e-10,1,15.111156,0.9999997,False,2.7477538e-05,Test
1011,6,-3.5317256,36.1786,-25.290491,-8.719803,-13.878522,1.0268624,-6.1818023,-26.261194,5.67576e-18,1.0,2.0151714e-27,3.168628e-20,1.8216647e-22,5.417445e-16,4.0096968e-19,7.633803e-28,1,42.3604,1.0,False,2.7825346e-14,Test
1012,6,-5.3427353,102.61397,-73.63662,-21.549967,-37.03537,10.445116,-16.856422,-82.34662,0.0,1.0,0.0,0.0,0.0,9.3664e-41,0.0,0.0,1,119.47039,1.0,False,1.2454673e-38,Test
1013,4,-5.285194,29.932001,-19.332539,-8.540775,-11.118962,-0.64773893,-6.878421,-18.580418,5.074195e-16,1.0,4.0242173e-22,1.9565217e-17,1.4852266e-18,5.2406775e-14,1.03142415e-16,8.537356e-22,1,41.050964,1.0,False,2.3444747e-12,Test
1014,1,-7.1017027,71.94322,-49.941643,-16.448181,-26.103462,6.461732,-13.41615,-55.834732,4.6905806e-35,1.0,0.0,4.093561e-39,2.62e-43,3.645438e-29,8.4897415e-38,0.0,1,-0.0,0.0,True,3.4438443e-27,Test
1015,5,-4.7489424,48.742985,-34.43022,-11.304859,-18.378443,2.4411945,-8.263822,-35.22131,5.8715233e-24,1.0,7.556786e-37,8.347429e-27,7.071859e-30,7.787334e-21,1.7468636e-25,3.4258651e-37,1,46.30179,1.0,False,5.2065715e-19,Test
1016,6,-2.0646284,6.599865,-5.403903,-2.1805222,-4.392029,-3.4680998,1.5648036,-5.121562,0.00017142316,0.9931417,6.0791244e-06,0.00015266436,1.6722162e-05,4.2125957e-05,0.0064611803,8.062322e-06,1,5.041943,0.9935388,False,0.062058177,Test
1017,4,-2.8519123,40.12084,-28.37577,-8.649841,-15.111491,3.3072312,-6.5117064,-31.464304,2.1735574e-19,1.0,1.7877185e-30,6.594214e-22,1.0301577e-24,1.028144e-16,5.594262e-21,8.1464227e-32,1,55.23233,1.0,False,5.4744536e-15,Test
1018,6,-3.292368,37.686916,-26.451801,-8.761999,-14.178707,1.6795672,-6.4606814,-27.158968,1.595593e-18,1.0,1.3960753e-28,6.721917e-21,2.9856984e-23,2.3025347e-16,6.713387e-20,6.8831845e-29,1,44.1476,1.0,False,1.2060181e-14,Test
1019,5,-5.446128,83.49526,-59.23607,-18.430283,-30.13791,7.076873,-14.30912,-64.38776,2.361809e-39,1.0,0.0,6e-45,0.0,6.4850843e-34,3.35e-43,0.0,1,76.41839,1.0,False,7.1497346e-32,Test
1020,4,-5.5737658,42.976788,-28.55866,-10.98448,-15.648249,0.77546173,-8.786284,-30.162477,8.217941e-22,1.0,8.561512e-32,3.6721475e-24,3.463135e-26,4.7010804e-19,3.3081336e-23,1.7219476e-32,1,58.62504,1.0,False,2.868221e-17,Test
1021,6,-3.9758732,49.85691,-35.482464,-11.13194,-18.658436,3.9336717,-7.869948,-37.670677,4.175606e-24,1.0,8.6612823e-38,3.2574605e-27,1.7545325e-30,1.1370773e-20,8.502433e-26,9.710724e-39,1,57.72686,1.0,False,7.536821e-19,Test
1022,6,-3.0594249,2.2097495,-2.6199899,-0.7252246,-2.909216,-3.3532145,1.7027335,-2.404491,0.003049159,0.59231603,0.004731777,0.031470988,0.0035433592,0.0022729451,0.3567461,0.0058696773,1,1.030731,0.6432539,False,1.2894001,Test
1023,4,-5.903213,51.172573,-34.309853,-12.922738,-18.591381,1.7527179,-10.11878,-36.587856,1.6304251e-25,1.0,7.5068175e-38,1.4580043e-28,5.033843e-31,3.4453138e-22,2.4071565e-27,7.693604e-39,1,69.763954,1.0,False,2.4577976e-20,Test
1024,6,-2.5032032,23.827143,-15.758404,-5.924692,-9.589519,-1.6092786,-3.4603493,-19.762339,3.6717777e-12,1.0,6.4300562e-18,1.19934e-13,3.0713465e-15,8.976416e-12,1.4099135e-12,1.1730831e-19,1,27.287493,1.0,False,5.2968724e-10,Test
1025,4,-4.126928,15.136935,-8.803837,-5.21777,-6.2626715,-2.5900652,-4.0705037,-8.197406,4.3033905e-09,1.0,4.0054786e-11,1.4456514e-09,5.0847415e-10,2.001065e-08,4.5531823e-09,7.345552e-11,1,21.399607,1.0,False,8.1954255e-07,Test
1026,6,-4.7190976,-0.83715534,3.17621,-2.1467016,-1.0395342,-6.311101,-1.0201684,2.6701834,0.0002249188,0.010912691,0.6038294,0.0029457998,0.008913328,4.577493e-05,0.009087623,0.36404052,2,4.700842,0.9909124,False,1.1917759,Test
1027,6,-3.8454719,10.9880705,-6.812064,-3.6247349,-5.1743283,-2.7925577,-2.2670846,-4.6651764,3.613041e-07,0.99999607,1.8599362e-08,4.5054438e-07,9.566597e-08,1.0354938e-06,1.7512872e-06,1.5917672e-07,1,13.255159,0.9999983,False,8.319977e-05,Test
1028,6,-2.9963865,25.755283,-17.02709,-6.69132,-9.818513,-0.3253564,-5.174475,-17.36221,3.2606787e-13,1.0,2.6293725e-19,8.102516e-15,3.5521965e-16,4.7132714e-12,3.6929783e-14,1.8806625e-19,1,30.929758,1.0,False,1.9291417e-10,Test
1029,6,-3.8026,-1.6768136,1.0886074,-0.4170186,-1.4835085,-4.778214,1.8383192,0.38049677,0.0018872825,0.015814453,0.2512241,0.055741195,0.019186933,0.00071143155,0.53168815,0.12374645,6,0.63169813,0.46831185,True,1.8190051,Test
1030,6,-2.5795643,-1.2685269,1.9018362,-1.4071062,-1.0146858,-5.9652877,0.21881826,1.1573042,0.0062696454,0.023260517,0.5539754,0.02025047,0.02998203,0.00021224727,0.10293549,0.26311424,2,2.2736528,0.8970645,False,1.7568216,Test
1031,4,-5.0841565,30.01804,-19.332096,-8.298148,-11.359097,-0.9110063,-6.550519,-19.286253,5.6925924e-16,1.0,3.6940975e-22,2.2881824e-17,1.07186e-18,3.6956064e-14,1.3136424e-16,3.8673955e-22,1,41.377136,1.0,False,1.6861107e-12,Test
1032,4,-4.2902107,33.87737,-23.563314,-8.325734,-13.325252,0.4809977,-5.576463,-23.549374,2.6547937e-17,1.0,1.1319546e-25,4.6927305e-19,3.1634573e-21,3.1343018e-15,7.335319e-18,1.1478433e-25,1,47.20262,1.0,False,1.5292125e-13,Test
1033,6,-4.823162,41.585506,-27.154606,-10.574211,-15.341473,0.71593,-8.217706,-30.987507,6.9979585e-21,1.0,1.4013562e-30,2.2249614e-23,1.892026e-25,1.7806103e-18,2.3482276e-22,3.0334775e-32,1,49.80321,1.0,False,1.0547605e-16,Test
1034,0,-1.2745553,33.54948,-21.579908,-7.9791713,-12.763633,1.1014243,-5.8396764,-29.246948,7.5181935e-16,1.0,1.1418563e-24,9.211609e-19,7.699634e-21,8.090748e-15,7.825404e-18,5.3438903e-28,1,34.824036,1.0,False,4.1702148e-13,Test
1035,4,-4.2108054,13.710591,-5.550585,-5.196179,-5.101694,-2.9503868,-4.7993784,-8.267749,1.647542e-08,1.0,4.314963e-09,6.1502647e-09,6.7597066e-09,5.810708e-08,9.145813e-09,2.8505467e-10,1,18.812286,1.0,False,2.7190542e-06,Test
1036,6,-2.099149,25.906528,-18.94579,-5.8390465,-10.545239,1.1824816,-3.595372,-20.146547,6.87525e-13,1.0,3.3180725e-20,1.6333226e-14,1.476382e-16,1.8301343e-11,1.5398831e-13,9.986251e-21,1,29.5019,1.0,False,6.878838e-10,Test
1037,4,-4.3910766,69.07406,-49.30305,-14.632054,-25.245714,7.149691,-11.329062,-55.111122,1.2430765e-32,1.0,0.0,4.4350226e-37,1.0901e-41,1.2781728e-27,1.2060569e-35,0.0,1,94.31977,1.0,False,1.1419069e-25,Test
1038,6,-3.0745351,24.849836,-17.059721,-6.4155583,-9.883693,-0.3712798,-4.2073503,-16.718386,7.4576066e-13,1.0,6.293765e-19,2.6400479e-14,8.2303894e-16,1.1132893e-11,2.4022844e-13,8.854225e-19,1,29.057186,1.0,False,4.4643236e-10,Test
1039,6,-4.9630327,70.74137,-50.527164,-15.417534,-25.926641,6.783428,-11.878429,-55.127666,1.324323e-33,1.0,0.0,3.8164798e-38,1.041e-42,1.672701e-28,1.3142506e-36,0.0,1,82.6198,1.0,False,1.5434458e-26,Test
1040,6,-2.9378405,8.811249,-4.844185,-2.8752985,-4.2542458,-2.635462,-1.8314766,-5.3289523,7.896079e-06,0.99994504,1.1735367e-06,8.405686e-06,2.1169176e-06,1.0683975e-05,2.3872582e-05,7.227109e-07,1,10.64278,0.9999761,False,0.000975423,Test
1041,6,-4.686862,43.380985,-30.054115,-10.381565,-16.260246,2.4795818,-7.979566,-32.007603,1.3316766e-21,1.0,1.2809713e-32,4.4794125e-24,1.2535517e-26,1.7248263e-18,4.9476226e-23,1.8161522e-33,1,51.36055,1.0,False,1.01875346e-16,Test
1042,6,-4.5100203,43.019833,-29.963476,-10.10634,-16.305191,1.8685201,-7.254584,-30.70468,2.2805876e-21,1.0,2.0125772e-32,8.4643844e-24,1.719767e-26,1.3434191e-18,1.4658777e-22,9.590738e-33,1,50.274418,1.0,False,7.992483e-17,Test
1043,6,-1.44725,9.79875,-6.2144547,-3.0429068,-4.6703296,-2.6143708,-1.8190022,-6.7689095,1.3059042e-05,0.99997056,1.110557e-07,2.6480523e-06,5.2017043e-07,4.064785e-06,9.0045405e-06,6.378876e-08,1,11.617782,0.999991,False,0.00054208294,Test
1044,6,-1.1441629,23.16324,-16.55293,-5.157504,-9.387139,0.44437084,-3.0931861,-18.52822,2.7760594e-11,1.0,5.642687e-18,5.017153e-13,7.303807e-15,1.3593149e-10,3.9534764e-12,7.827609e-19,1,26.256426,1.0,False,5.5994587e-09,Test
1045,4,-5.2562437,18.869215,-11.511238,-6.4075627,-7.345451,-2.2126255,-5.35861,-8.946409,3.33002e-11,1.0,6.396418e-14,1.05301635e-11,4.1220673e-12,6.9867145e-10,3.0060017e-11,8.314342e-13,1,26.214666,1.0,False,2.4035657e-08,Test
1046,6,-4.8392086,34.599182,-23.77637,-8.973976,-13.112435,0.48834834,-6.7736826,-22.732609,7.449441e-18,1.0,4.4444812e-26,1.1923886e-19,1.9015521e-21,1.5341004e-15,1.0764492e-18,1.262175e-25,1,41.372864,1.0,False,7.599116e-14,Test
1047,4,-4.6550784,51.246536,-35.395786,-11.903302,-18.763597,2.7966332,-8.964248,-37.341984,5.275177e-25,1.0,2.3535265e-38,3.752961e-28,3.9353745e-31,9.088142e-22,7.092321e-27,3.361215e-39,1,70.01013,1.0,False,6.356788e-20,Test
1048,6,-4.412132,73.72398,-51.97689,-15.9802,-26.766716,6.101578,-12.155751,-57.719025,1.1639008e-34,1.0,0.0,1.101456e-39,2.2e-44,4.2851125e-30,5.0454945e-38,0.0,1,85.87974,1.0,False,4.1806234e-28,Test
1049,4,-5.005664,37.125584,-22.680227,-9.901246,-13.230163,-0.10963243,-8.249943,-26.745,5.04233e-19,1.0,1.0633278e-26,3.7714448e-21,1.351378e-22,6.7445336e-17,1.9663429e-20,1.8254016e-28,1,50.355747,1.0,False,3.6553012e-15,Test
1050,6,-3.1830766,35.023994,-25.15353,-8.049671,-13.526677,1.5460784,-5.6604867,-24.815502,2.5519996e-17,1.0,7.33218e-27,1.9649192e-19,8.216969e-22,2.8888533e-15,2.1426623e-18,1.0281035e-26,1,40.684483,1.0,False,1.4107178e-13,Test
1051,1,-3.6767688,50.341576,-35.19537,-11.251265,-18.615696,3.002967,-8.468543,-37.980072,3.468414e-24,1.0,7.108505e-38,1.7806089e-27,1.1278097e-30,2.7612381e-21,2.877992e-26,4.389305e-39,1,-0.0,0.0,True,1.8885216e-19,Test
1052,6,-1.3148623,4.0405297,-3.6600876,-1.5768186,-3.1781883,-3.0346403,1.2457886,-4.610971,0.004406687,0.93310255,0.00042227344,0.0033911425,0.0006837226,0.0007892636,0.057041205,0.00016316626,1,2.8639812,0.9429588,False,0.41331413,Test
1053,6,-4.458841,10.8345,-5.7746353,-4.41154,-4.7198677,-3.223317,-3.3624434,-4.2434087,2.281316e-07,0.9999975,6.119886e-08,2.391816e-07,1.7572061e-07,7.8481327e-07,6.828806e-07,2.8297367e-07,1,14.196946,0.99999934,False,5.5288652e-05,Test
1054,6,-4.2778487,32.712196,-22.591017,-8.026024,-12.725275,0.49455094,-5.731855,-22.561403,8.6184305e-17,1.0,9.596633e-25,2.0305597e-18,1.8482373e-20,1.0187206e-14,2.0135449e-17,9.8851105e-25,1,38.44405,1.0,False,4.7934036e-13,Test
1055,6,0.60676885,-0.33551463,0.064628586,-1.3845105,-1.7530189,-5.5124164,-0.044387333,-1.3894665,0.34944403,0.13619122,0.20320253,0.04770633,0.03300159,0.00076886336,0.18221498,0.04747048,0,1.702568,0.817785,False,2.4250228,Test
1056,4,-5.876936,32.781967,-20.288082,-9.169913,-11.977769,-0.99169683,-7.595512,-21.72905,1.6242426e-17,1.0,8.953038e-24,6.0329456e-19,3.6399385e-20,2.149239e-15,2.9126175e-18,2.1191719e-24,1,44.759735,1.0,False,1.0583629e-13,Test
1057,1,-7.3909507,88.425865,-61.25395,-19.979502,-31.761284,7.5500054,-15.657882,-68.89557,2.44e-42,1.0,0.0,0.0,0.0,7.517256e-36,0.0,0.0,1,-0.0,0.0,True,8.771078e-34,Test
1058,6,-1.8915074,8.254716,-4.54554,-3.213178,-3.8700423,-3.4952934,-2.2741497,-4.208295,3.922017e-05,0.9999037,2.7598007e-06,1.0459604e-05,5.4230395e-06,7.88849e-06,2.6750373e-05,3.8667076e-06,1,10.528962,0.99997324,False,0.0016415314,Test
1059,4,-3.9086149,40.447186,-27.34371,-9.745278,-14.792726,1.8383741,-7.5710273,-29.337868,5.451557e-20,1.0,3.6206704e-30,1.5910738e-22,1.0223788e-24,1.7076808e-17,1.3994448e-21,4.928765e-31,1,55.23991,1.0,False,9.547879e-16,Test
1060,6,-3.7928379,42.604805,-29.64084,-10.097207,-15.903487,1.8121054,-7.6525354,-31.372087,7.075534e-21,1.0,4.2083867e-32,1.293622e-23,3.891985e-26,1.9228986e-18,1.4911275e-22,7.451516e-33,1,50.25734,1.0,False,1.1365074e-16,Test
1061,6,-4.3499246,20.506102,-13.760508,-5.881258,-8.425757,-1.2312365,-3.9862218,-12.046635,1.6038554e-11,1.0,1.3128065e-15,3.4682895e-12,2.723038e-13,3.6273845e-10,2.307381e-11,7.2866365e-15,1,24.492323,1.0,False,1.2909862e-08,Test
1062,6,-4.2328377,16.971561,-11.907102,-4.73409,-7.5401564,-1.3831234,-2.91538,-8.885955,6.1808253e-10,1.0,2.8718147e-13,3.7441725e-10,2.2630587e-11,1.0682223e-08,2.3078675e-09,5.89146e-12,1,19.886942,1.0,False,3.807469e-07,Test
1063,6,-5.4177446,-0.7809358,1.2333964,-1.0879586,-1.8712622,-6.0251975,0.4463458,3.2779078,0.00013664797,0.014104039,0.10571994,0.010375405,0.004740463,7.443712e-05,0.04812216,0.8167269,7,3.0340126,0.95187783,False,0.98635745,Test
1064,6,-5.7039585,56.12236,-39.029465,-13.352529,-20.749872,2.869107,-10.153172,-40.54427,1.4098463e-27,1.0,4.743e-42,6.721062e-31,4.119215e-34,7.4542796e-24,1.6477978e-29,1.043e-42,1,66.27553,1.0,False,5.728263e-22,Test
1065,6,-1.6355573,2.3396788,-0.8355568,-1.5901798,-2.4234896,-4.750779,-0.20392524,-1.0798801,0.015634174,0.8327181,0.034794513,0.016359953,0.0071101743,0.00069366733,0.06543722,0.027252253,1,2.726664,0.9345628,False,1.0364395,Test
1066,6,-3.678198,12.150642,-6.8835526,-3.764484,-5.283681,-2.5426245,-2.8151047,-7.1980553,1.3354315e-07,0.99999905,5.4144422e-09,1.2250332e-07,2.6814494e-08,4.157142e-07,3.1656165e-07,3.9533656e-09,1,14.965748,0.9999997,False,2.381888e-05,Test
1067,4,-4.131981,24.31531,-14.947315,-6.616165,-9.184616,-1.0506847,-5.243788,-16.771822,4.4207785e-13,1.0,8.880919e-18,3.686644e-14,2.825973e-15,9.631391e-12,1.4542771e-13,1.4324699e-18,1,33.499924,1.0,False,3.7859182e-10,Test
1068,6,-3.695916,53.12312,-38.277935,-11.291539,-19.926638,4.8634205,-8.160153,-41.63629,2.1076904e-25,1.0,2.01849e-40,1.0594236e-28,1.8831843e-32,1.0992081e-21,2.426684e-27,7.023e-42,1,61.28327,1.0,False,7.654879e-20,Test
1069,1,-5.1569614,108.13558,-76.69574,-22.602175,-38.75752,10.289593,-18.010761,-88.038025,0.0,1.0,0.0,0.0,0.0,3.21e-43,0.0,0.0,1,-0.0,0.0,True,4.5298e-41,Test
1070,6,-3.7947817,1.3896234,1.070127,-2.1502361,-1.7137341,-5.015853,-1.0334892,1.6517712,0.0017531859,0.31288624,0.22731648,0.009079146,0.01404803,0.0005170392,0.027735887,0.40666404,7,3.5850282,0.9722641,False,1.8513812,Test
1071,4,-6.200103,44.368885,-28.357517,-11.440395,-16.054823,1.0643065,-9.225845,-32.618584,1.0918606e-22,1.0,2.602105e-32,5.7854546e-25,5.7321545e-27,1.5597723e-19,5.297907e-24,3.6708404e-34,1,60.423706,1.0,False,9.753147e-18,Test
1072,5,-3.6080647,35.909443,-22.81517,-9.359863,-13.104794,0.5470393,-7.4541764,-26.334099,6.882777e-18,1.0,3.134906e-26,2.1867046e-20,5.168774e-22,4.388369e-16,1.4703434e-19,9.289092e-28,1,35.362404,1.0,False,2.2791278e-14,Test
1073,6,-4.2657557,-1.9244682,2.662445,-1.2970119,-1.0734295,-6.368194,0.4793132,2.5406985,0.0004774041,0.0049624303,0.4872653,0.009293839,0.011622398,5.831879e-05,0.054908976,0.43141142,2,2.9020786,0.945091,False,1.4400374,Test
1074,6,-2.6781666,23.95814,-14.355871,-6.5751696,-9.270561,-1.0586901,-4.7350903,-17.864574,2.7039519e-12,1.0,2.293172e-17,5.4897425e-14,3.7064616e-15,1.36561595e-11,3.4569147e-13,6.8647595e-19,1,28.69323,1.0,False,6.1368843e-10,Test
1075,5,-5.067008,49.866795,-34.483334,-12.028708,-18.382706,2.142997,-9.125843,-36.109882,1.3885203e-24,1.0,2.3291892e-37,1.3156009e-27,2.2888656e-30,1.878531e-21,2.3978555e-26,4.5793478e-38,1,47.723797,1.0,False,1.2945073e-19,Test
1076,6,-4.540411,10.033793,-7.958854,-3.0648162,-5.450804,-1.3004473,-1.8436615,-5.147686,4.6826744e-07,0.9999782,1.5342042e-08,2.0480309e-06,1.8841479e-07,1.1956175e-05,6.9450834e-06,2.551278e-07,1,11.877477,0.999993,False,0.00040490183,Test
1077,4,-5.298645,36.375103,-23.775648,-9.788689,-13.317131,-0.022767883,-7.9146395,-23.964384,7.967484e-19,1.0,7.531154e-27,8.93964e-21,2.6238377e-22,1.5581393e-16,5.8238427e-20,6.235834e-27,1,49.692234,1.0,False,8.234187e-15,Test
1078,6,-3.8377066,-1.063597,3.164942,-1.7569,-0.8986539,-6.0018187,-0.68448055,1.8866214,0.00067878154,0.010877032,0.7463483,0.005437668,0.012827569,7.7959325e-05,0.01589127,0.20786145,2,4.1419854,0.98410875,False,1.0817327,Test
1079,1,-4.0501537,75.85372,-53.69832,-16.044197,-27.346582,6.695004,-12.492814,-59.917347,1.9869504e-35,1.0,0.0,1.22813e-40,1e-45,9.220448e-31,4.281417e-39,0.0,1,-0.0,0.0,True,9.199925e-29,Test
1080,6,-4.4819508,79.4328,-56.399666,-17.142853,-28.759663,7.4002824,-13.235896,-62.580395,3.5998757e-37,1.0,0.0,1.142e-42,0.0,5.2080553e-32,5.682e-41,0.0,1,92.66869,1.0,False,5.4123044e-30,Test
1081,4,-2.6725504,6.572658,-3.1104665,-2.4113472,-3.4937093,-2.7401876,-1.1685575,-3.6210103,9.648747e-05,0.9991117,6.2271094e-05,0.00012528822,4.2446933e-05,9.017721e-05,0.00043415697,3.7373185e-05,1,10.067256,0.99995756,False,0.012289172,Test
1082,6,-2.4132688,11.661234,-6.509543,-3.6239684,-5.4605722,-2.5967643,-2.4865496,-8.96905,7.718271e-07,0.9999976,1.28389965e-08,2.2999588e-07,3.665157e-08,6.424346e-07,7.1729e-07,1.0974398e-09,1,14.147785,0.9999993,False,5.3313604e-05,Test
1083,6,-3.8891149,44.909912,-32.297794,-10.13856,-17.179052,2.5083518,-7.096754,-32.705215,6.409912e-22,1.0,2.9452406e-34,1.2380888e-24,1.0841878e-27,3.8480057e-19,2.5929314e-23,1.9596494e-34,1,52.006668,1.0,False,2.3586393e-17,Test
1084,6,-3.5815573,3.4383717,-1.6069685,-1.8561844,-2.7292316,-4.0661254,-0.8539758,0.10030048,0.0008399815,0.9396933,0.006050939,0.0047161714,0.0019698355,0.00051739765,0.01284823,0.03336416,1,4.3545494,0.98715174,False,0.4416817,Test
1085,1,-6.2028236,58.48223,-39.45703,-14.005403,-21.432669,2.6249716,-10.851009,-44.036247,8.08418e-29,1.0,2.91e-43,3.303856e-32,1.9651657e-35,5.5144365e-25,7.743867e-31,3e-45,1,-0.0,0.0,True,4.4445708e-23,Test
1086,6,-3.0102603,24.78344,-17.525917,-5.9656487,-9.824886,-0.08629778,-4.119611,-16.90108,8.4986467e-13,1.0,4.2196833e-19,4.4242598e-14,9.328139e-16,1.5820135e-11,2.8026258e-13,7.882143e-19,1,28.90305,1.0,False,6.153912e-10,Test
1087,4,-6.1194205,49.64295,-33.44283,-12.431034,-18.154612,1.3969655,-9.759405,-34.724625,6.063336e-25,1.0,8.247178e-37,1.1005557e-27,3.596608e-30,1.1143863e-21,1.591793e-26,2.2889186e-37,1,67.79756,1.0,False,7.761626e-20,Test
1088,6,-4.396924,27.039804,-18.000137,-7.3093557,-10.60473,-0.67207617,-5.429951,-17.377495,2.2243436e-14,1.0,2.750443e-20,1.2087867e-15,4.4790523e-17,9.223241e-13,7.917055e-15,5.1264043e-20,1,32.469757,1.0,False,3.831635e-11,Test
1089,4,-4.6941633,24.237486,-15.351918,-7.034176,-9.10426,-1.0514556,-5.7766714,-14.457851,2.7236094e-13,1.0,6.4053053e-18,2.6235531e-14,3.3102679e-15,1.0402839e-11,9.226086e-14,1.5661356e-17,1,33.341747,1.0,False,3.9624695e-10,Test
1090,6,-3.0885704,7.392935,-3.8695397,-2.8745825,-3.7870262,-3.1105726,-1.9888179,-2.9663458,2.8043933e-05,0.9997671,1.284306e-05,3.4735443e-05,1.3947725e-05,2.7433642e-05,8.422777e-05,3.168987e-05,1,9.381986,0.9999158,False,0.0037376035,Test
1091,6,-4.702107,53.52118,-36.72797,-12.494038,-19.400658,3.0485356,-9.734709,-40.238003,5.1754526e-26,1.0,6.38696e-40,2.1377517e-29,2.1401719e-32,1.202289e-22,3.3753287e-28,1.9094e-41,1,63.25589,1.0,False,8.759044e-21,Test
1092,6,-0.49982792,1.6411633,0.29944244,-2.143109,-2.0329266,-5.095347,-0.7490447,-2.2634287,0.07632464,0.6493599,0.16973971,0.014756958,0.016475875,0.00077064824,0.059488267,0.013084065,1,2.8219762,0.9405117,False,1.6414535,Test
1093,4,-5.4628925,29.659714,-19.639055,-8.537818,-11.183346,-0.5650163,-6.717363,-17.39882,5.577592e-16,1.0,3.888817e-22,2.5764537e-17,1.8284565e-18,7.474235e-14,1.5908784e-16,3.653751e-21,1,40.84306,1.0,False,3.297284e-12,Test
1094,6,-3.1892583,24.103,-15.427762,-6.455589,-9.17675,-0.64282215,-5.033203,-16.653845,1.4032093e-12,1.0,6.7921665e-18,5.3527014e-14,3.521988e-15,1.7907117e-11,2.2197675e-13,1.9930938e-18,1,29.136204,1.0,False,7.064069e-10,Test
1095,6,-4.815244,48.10918,-33.074627,-11.625929,-17.849096,2.1152503,-8.809334,-35.17509,1.03565486e-23,1.0,5.5248493e-36,1.1412281e-26,2.2630033e-29,1.0594724e-20,1.9081097e-25,6.7623955e-37,1,56.918514,1.0,False,7.0382255e-19,Test
1096,6,0.81544936,5.2427354,-3.5841208,-2.1042104,-3.5948076,-3.9083045,0.08460346,-5.3196115,0.011726784,0.98157805,0.00014403557,0.000632684,0.00014250446,0.000104154635,0.005646464,2.5395433e-05,1,5.176726,0.99435353,False,0.15586491,Test
1097,4,-5.0255156,26.28068,-17.338305,-7.476013,-10.045469,-0.715068,-5.879404,-15.600896,2.5345015e-14,1.0,1.1389794e-19,2.1860262e-15,1.6739941e-16,1.8875366e-12,1.0790786e-14,6.4723564e-19,1,36.32615,1.0,False,7.527385e-11,Test
1098,6,-3.4324281,-0.43545583,1.3787322,-1.2336022,-1.4721309,-5.3803067,-0.20774993,2.1762993,0.0021829307,0.043712784,0.26822567,0.019677859,0.015501943,0.00031123392,0.05489085,0.59549665,7,2.9024086,0.9451091,False,1.6094269,Test
1099,6,-1.8048834,12.874511,-7.661983,-3.9032664,-5.589074,-2.5213213,-2.6051428,-8.588082,4.215217e-07,0.99999917,1.205352e-09,5.1701576e-08,9.580024e-09,2.0590872e-07,1.8935275e-07,4.774346e-10,1,15.479654,0.9999998,False,2.0490193e-05,Test
1100,6,-2.8178566,37.966957,-26.864681,-8.645914,-14.519538,2.5572085,-6.3107142,-28.875368,1.9381206e-18,1.0,6.981985e-29,5.705426e-21,1.604739e-23,4.1854465e-16,5.894561e-20,9.348627e-30,1,44.27767,1.0,False,2.1499738e-14,Test
1101,4,-5.636977,39.501118,-26.013601,-10.274818,-14.523501,0.39262232,-8.15731,-26.774662,2.4932972e-20,1.0,3.526305e-29,2.413157e-22,3.446717e-24,1.0360887e-17,2.0054305e-21,1.647383e-29,1,54.02462,1.0,False,5.863573e-16,Test
1102,4,-5.2070365,19.010649,-9.633905,-6.1345162,-7.0815883,-2.3238094,-5.3759828,-13.146409,3.036636e-11,1.0,3.6293445e-13,1.2011405e-11,4.65892e-12,5.427038e-10,2.5646063e-11,1.08234785e-14,1,26.092237,1.0,False,1.929381e-08,Test
1103,1,-6.6168084,72.13349,-49.42879,-17.066935,-26.117247,4.673243,-13.338541,-54.593468,6.2976765e-35,1.0,0.0,1.822837e-39,2.14e-43,5.039475e-30,7.5852297e-38,0.0,1,-0.0,0.0,True,4.904719e-28,Test
1104,6,-4.7307453,67.11681,-47.51656,-14.697322,-24.634981,5.885674,-10.880536,-51.690304,6.2661736e-32,1.0,0.0,2.9415324e-36,1.42135e-40,2.5565466e-27,1.3371501e-34,0.0,1,77.99735,1.0,False,2.2584637e-25,Test
1105,6,-3.720978,47.49536,-34.09452,-10.578286,-17.960403,3.197498,-7.450522,-35.253468,5.715136e-23,1.0,3.680989e-36,6.0108483e-26,3.7404388e-29,5.776736e-20,1.3718464e-24,1.1551593e-36,1,54.945885,1.0,False,3.696151e-18,Test
1106,4,-3.8630395,3.1307757,-0.27269098,-2.6011884,-2.1672795,-4.6746044,-2.2429469,1.7505541,0.0007063511,0.76983213,0.025602903,0.0024947997,0.0038501702,0.00031373475,0.003569587,0.19363034,1,5.559638,0.99614984,False,0.97705597,Test
1107,6,-5.1617303,82.21418,-58.660725,-17.934937,-29.87306,7.5716825,-13.683574,-64.097046,1.130122e-38,1.0,0.0,3.2e-44,0.0,3.829805e-33,2.249e-42,0.0,1,95.89775,1.0,False,4.1241914e-31,Test
1108,6,-1.1124538,26.056763,-18.956335,-5.8770947,-10.450071,0.75325036,-3.663123,-20.499638,1.5869358e-12,1.0,2.825265e-20,1.3530135e-14,1.3972773e-16,1.0252367e-11,1.2382776e-13,6.036876e-21,1,29.719885,1.0,False,4.4240825e-10,Test
1109,6,-1.2864488,5.449765,-3.3488162,-2.0908744,-3.3880715,-4.0100484,-0.36550528,-3.8718312,0.0011810348,0.9948632,0.00015017172,0.0005283298,0.00014439077,7.752081e-05,0.0029663576,8.9011395e-05,1,5.8204203,0.99703366,False,0.055544198,Test
1110,0,2.4839413,10.444085,-6.1726956,-3.140424,-5.5572767,-2.862172,-1.8486681,-12.2643585,0.00034897833,0.9996433,6.071118e-08,1.259412e-06,1.12341944e-07,1.6634547e-06,4.5832144e-06,1.3730733e-10,1,7.9605007,0.999651,False,0.004664303,Test
1111,4,-5.3116183,36.756042,-23.308058,-9.949799,-13.284429,0.057615343,-8.152331,-25.412418,5.373371e-19,1.0,8.212812e-27,5.198894e-21,1.8522515e-22,1.1536562e-16,3.1371888e-20,1.0013376e-27,1,50.04047,1.0,False,6.142999e-15,Test
1112,6,-4.253023,58.6959,-40.41648,-13.444967,-21.424097,5.5927505,-10.458662,-45.34145,4.588079e-28,1.0,9e-44,4.6732457e-32,1.6007675e-35,8.661543e-24,9.258795e-31,0.0,1,69.154564,1.0,False,6.636168e-22,Test
1113,6,-1.2078593,-0.472646,1.8826344,-1.7684773,-1.2700082,-5.9166474,-0.18609683,-0.6389265,0.032115165,0.06698988,0.70614594,0.018333139,0.030179992,0.0002895405,0.0892187,0.056727607,2,2.4166646,0.9107813,False,1.582518,Test
1114,6,-2.7496698,22.766705,-14.722022,-6.0133038,-8.813537,-0.88059086,-4.460987,-16.327145,8.286656e-12,1.0,5.2342262e-17,3.1695761e-13,1.9269706e-14,5.3716816e-11,1.4968e-12,1.0513735e-17,1,27.227692,1.0,False,2.2104831e-09,Test
1115,0,-1.526916,6.241043,-0.20520198,-2.890865,-3.0767941,-2.4908438,-2.6287668,-7.488542,0.00042201634,0.9974957,0.0015824948,0.00010788811,8.958307e-05,0.00016095361,0.00014021725,1.0869956e-06,1,7.7704663,0.999578,False,0.029533012,Test
1116,6,-1.721237,26.407019,-18.934015,-6.072819,-10.564698,0.33937123,-3.7212288,-19.817656,6.082102e-13,1.0,2.0353503e-20,7.837635e-15,8.7778256e-17,4.774901e-12,8.231293e-14,8.4116085e-21,1,30.128248,1.0,False,2.082041e-10,Test
1117,6,-5.029711,48.46766,-33.687634,-11.4545,-18.146,2.125593,-8.484402,-34.968742,5.8396706e-24,1.0,2.0912765e-36,9.465373e-27,1.17504326e-29,7.479899e-21,1.8451612e-25,5.8080624e-37,1,56.95206,1.0,False,5.005538e-19,Test
1118,4,-3.11932,15.144044,-10.684677,-4.005889,-6.584363,-1.2671326,-2.671911,-8.569056,1.17036745e-08,0.9999999,6.063583e-12,4.8226947e-09,3.6599296e-10,7.4596166e-08,1.8307514e-08,5.0295747e-11,1,21.728407,1.0,False,2.8637357e-06,Test
1119,6,0.3235284,1.337871,-1.7219771,-1.302937,-2.5165963,-4.5967336,0.14093316,-1.9136736,0.19649972,0.5418578,0.025410322,0.03863642,0.011479194,0.0014339014,0.16370496,0.020977682,1,1.8096895,0.836295,False,1.8881463,Test
1120,4,-5.5771017,37.475285,-24.571331,-10.031722,-13.770103,0.015666414,-8.031108,-24.722206,2.0071775e-19,1.0,1.1310902e-27,2.3332901e-21,5.551505e-23,5.3888335e-17,1.7251404e-20,9.726868e-28,1,51.245388,1.0,False,2.92604e-15,Test
1121,4,-3.2647529,25.470745,-17.053997,-6.480851,-9.831963,-0.030737262,-4.4088445,-18.078688,3.3138406e-13,1.0,3.402038e-19,1.3292249e-14,4.658315e-16,8.410989e-12,1.05550266e-13,1.2210191e-19,1,35.302708,1.0,False,3.2837205e-10,Test
1122,6,-2.7697864,3.5401616,-1.4393065,-1.7057544,-2.6552205,-2.891304,-0.6272433,-2.241942,0.0017546306,0.9650755,0.006637517,0.0050849766,0.001967619,0.0015538577,0.014951344,0.0029745798,1,4.2029543,0.98504865,False,0.30013627,Test
1123,6,-5.882476,39.07827,-25.187876,-10.464786,-14.564879,-0.001817029,-8.125684,-27.063166,2.977116e-20,1.0,1.2290466e-28,3.0459583e-22,5.047494e-24,1.065944e-17,3.1592485e-21,1.8842578e-29,1,47.203953,1.0,False,6.031545e-16,Test
1124,6,-2.58658,31.534801,-22.667194,-7.063,-12.185323,1.4728327,-4.7998633,-23.342384,1.5180044e-15,1.0,2.8865048e-24,1.7265848e-17,1.0294179e-19,8.795335e-14,1.6598016e-16,1.4694033e-24,1,36.334663,1.0,False,3.898954e-12,Test
1125,6,-1.7949715,33.287888,-24.299868,-7.1396937,-13.279779,1.6441193,-4.6425023,-26.51633,5.8037395e-16,1.0,9.771394e-26,2.7702841e-18,5.969253e-21,1.8083649e-14,3.365435e-17,1.0650206e-26,1,37.93039,1.0,False,8.5693887e-13,Test
1126,4,-6.3699956,48.03842,-32.090168,-12.183412,-17.624239,1.2031261,-9.363301,-33.4836,2.3481447e-24,1.0,1.5870746e-35,7.0144e-27,3.041373e-29,4.567611e-21,1.1769253e-25,3.9394648e-36,1,65.66266,1.0,False,3.0882382e-19,Test
1127,6,-1.2856055,15.4365,-9.9579935,-3.9288244,-6.318191,-1.1989254,-2.4701195,-11.121121,5.466155e-08,0.99999976,9.360772e-12,3.8881818e-09,3.5649875e-10,5.9611e-08,1.672067e-08,2.9253082e-12,1,17.90662,1.0,False,3.4735733e-06,Test
1128,6,-1.8523834,6.1486917,-3.176983,-2.5545657,-3.245953,-3.0991511,-1.5460393,-3.3037615,0.00033466602,0.99869823,8.89908e-05,0.00016582788,8.306e-05,9.619382e-05,0.00045462695,7.839454e-05,1,7.6960335,0.9995454,False,0.017546924,Test
1129,6,-2.1579723,9.4348755,-4.962106,-3.3159192,-4.2288795,-2.9891996,-2.5588133,-5.3951936,9.231655e-06,0.99997556,5.590614e-07,2.8999448e-06,1.1638468e-06,4.020519e-06,6.182963e-06,3.6255378e-07,1,11.993713,0.9999938,False,0.00046436282,Test
1130,6,-2.303712,1.8162404,-0.30090088,-1.5690616,-2.126659,-3.8694909,-0.44476622,-0.5146213,0.011647613,0.716984,0.08630713,0.02428239,0.01390369,0.0024334793,0.074742354,0.0696994,1,2.5937083,0.9252576,False,1.5086646,Test
1131,6,-0.33296627,14.484093,-10.480419,-3.4474,-6.635515,-1.2699766,-1.2288613,-12.156566,3.6731018e-07,0.9999994,1.4389642e-11,1.6309919e-08,6.727761e-10,1.4391112e-07,1.4995146e-07,2.692207e-12,1,15.7129545,0.9999998,False,1.5824879e-05,Test
1132,1,-4.5870714,54.983345,-38.941486,-12.200421,-20.455479,5.3162074,-9.609265,-42.305267,1.345542e-26,1.0,1.618e-41,6.6444606e-30,1.7271636e-33,2.690521e-22,8.867159e-29,5.6e-43,1,-0.0,0.0,True,1.9279968e-20,Test
1133,5,-5.1254625,56.179993,-38.799698,-13.435969,-20.327866,3.400151,-10.391604,-40.958054,2.3734467e-27,1.0,5.635e-42,5.836777e-31,5.930063e-34,1.1967563e-23,1.2255301e-29,6.5e-43,1,52.779842,1.0,False,9.114838e-22,Test
1134,6,-1.5638977,4.7706084,-2.4960866,-2.2142546,-3.125396,-3.7932365,-0.9395358,-2.0956535,0.0017593912,0.9917528,0.00069265644,0.0009181547,0.0003691579,0.00018930974,0.003284879,0.0010337696,1,5.7184253,0.9967151,False,0.08838563,Test
1135,1,-4.878526,60.330013,-42.29662,-13.944769,-21.91843,4.5652966,-10.741922,-45.17307,4.7894992e-29,1.0,3e-45,5.5318805e-33,1.9052624e-36,6.0491047e-25,1.3609736e-31,0.0,1,-0.0,0.0,True,4.8670462e-23,Test
1136,4,-4.408928,12.2400875,-6.768132,-4.3041935,-5.316956,-2.6917257,-3.394577,-6.0971556,5.880634e-08,0.9999993,5.5569225e-09,6.529948e-08,2.371771e-08,3.2748818e-07,1.6216278e-07,1.0870177e-08,1,17.557043,1.0,False,1.5670228e-05,Test
1137,6,-4.041035,-2.3346286,0.31523535,-0.33068633,-1.7291026,-4.4650526,2.3050508,-0.32218355,0.0013376768,0.0073694345,0.10429307,0.05466826,0.013502392,0.00087539235,0.7628187,0.055135068,6,0.2707349,0.2371813,True,1.2555497,Test
1138,6,-2.2902362,41.69302,-30.669502,-8.926158,-16.150423,3.693645,-5.900026,-33.432957,7.912506e-20,1.0,3.7441875e-32,1.0384127e-22,7.5667797e-26,3.1410973e-17,2.140935e-21,2.3615814e-33,1,47.593044,1.0,False,1.7271723e-15,Test
1139,5,-3.088319,34.309315,-24.785906,-7.68399,-13.3899975,1.4234858,-5.236023,-24.740559,5.7334304e-17,1.0,2.1640683e-26,5.788143e-19,1.9250975e-21,5.2223444e-15,6.693882e-18,2.2644662e-26,1,32.88583,1.0,False,2.5128055e-13,Test
1140,1,-5.56507,65.01002,-44.714325,-14.759796,-23.709826,4.369552,-11.228527,-50.288002,2.236807e-31,1.0,0.0,2.2720096e-35,2.94756e-39,4.6150963e-27,7.762873e-34,0.0,1,-0.0,0.0,True,4.0377776e-25,Test
1141,4,-4.504823,24.555382,-15.337169,-7.284272,-9.533826,-1.235113,-5.8809466,-16.957787,2.395042e-13,1.0,4.7302605e-18,1.4866694e-14,1.5676374e-15,6.299852e-12,6.0488154e-14,9.355351e-19,1,34.089207,1.0,False,2.4786137e-10,Test
1142,1,-2.2798982,47.457817,-32.947025,-10.378674,-17.626245,2.891173,-8.1723795,-38.861706,2.5071719e-22,1.0,1.2039791e-35,7.619584e-26,5.4243985e-29,4.4152264e-20,6.92011e-25,3.2501935e-38,1,-0.0,0.0,True,2.8568697e-18,Test
1143,4,-4.0197926,48.686665,-33.667305,-11.120735,-17.81978,2.7478142,-8.570082,-36.033253,1.2878808e-23,1.0,1.714446e-36,1.0616376e-26,1.3080283e-29,1.1194656e-20,1.3605417e-25,1.6091903e-37,1,66.50645,1.0,False,7.429257e-19,Test
1144,6,-4.506693,29.10125,-19.613098,-7.822059,-11.158361,-0.35595903,-5.7350287,-18.575724,2.5366282e-15,1.0,6.9763385e-22,9.2132e-17,3.276968e-18,1.610263e-13,7.4267214e-16,1.968586e-21,1,34.836277,1.0,False,7.008673e-12,Test
1145,6,-0.041777715,8.170306,-4.0615997,-3.333459,-3.792576,-3.5663853,-2.4166179,-5.55819,0.00027126598,0.9996731,4.8708953e-06,1.00887255e-05,6.374474e-06,7.992409e-06,2.523571e-05,1.0905553e-06,1,10.587251,0.9999748,False,0.0045912685,Test
1146,5,-4.495061,52.59512,-36.463696,-12.014624,-19.548414,2.88798,-8.831899,-39.522297,1.6071266e-25,1.0,2.10014e-39,8.716576e-29,4.660819e-32,2.585022e-22,2.1017708e-27,9.8608e-41,1,49.707138,1.0,False,1.8551202e-20,Test
1147,0,-4.877812,7.4521923,-1.8217926,-3.324349,-3.5532522,-3.4849088,-3.2052174,-4.549497,4.4163944e-06,0.99981683,9.381666e-05,2.0879892e-05,1.6607972e-05,1.7782699e-05,2.3521567e-05,6.132714e-06,1,12.330187,0.9999956,False,0.0029347234,Test
1148,6,-2.943812,3.7284598,-0.4220981,-2.5272236,-2.3310535,-3.9136817,-1.7398658,-1.3797504,0.0012262545,0.9689724,0.015266762,0.0018599557,0.0022630715,0.00046491288,0.0040874057,0.005859276,1,5.4998446,0.9959126,False,0.2658161,Test
1149,4,-6.3090687,51.54023,-34.970104,-12.712905,-18.910608,1.9746388,-9.799621,-36.589,7.5226306e-26,1.0,2.6855978e-38,1.2451387e-28,2.5327399e-31,2.97809e-22,2.2931952e-27,5.320631e-39,1,70.450836,1.0,False,2.1302229e-20,Test
1150,4,-5.7431974,38.421818,-24.934084,-10.180679,-14.028324,-0.0558812,-8.219817,-26.387245,6.5974665e-20,1.0,3.0540817e-28,7.8019596e-22,1.6641513e-23,1.9469175e-17,5.5436384e-21,7.1413434e-29,1,52.45014,1.0,False,1.0853974e-15,Test
1151,5,-7.202048,63.845577,-42.54686,-15.708371,-23.050703,2.4336884,-12.333843,-47.177834,1.3944711e-31,1.0,0.0,2.819419e-35,1.8256848e-38,2.1338106e-27,8.235653e-34,0.0,1,61.41189,1.0,False,1.8906707e-25,Test
1152,4,-4.464342,70.76941,-50.25521,-15.1694145,-25.696957,7.485999,-11.781196,-56.29718,2.1203023e-33,1.0,0.0,4.755995e-38,1.274e-42,3.2837086e-28,1.4084046e-36,0.0,1,96.46637,1.0,False,2.9980052e-26,Test
1153,5,-3.2044787,61.24181,-44.41558,-12.992272,-22.951988,5.644116,-9.341196,-48.77247,1.026437e-28,1.0,0.0,5.7616448e-33,2.7233059e-37,7.148717e-25,2.219163e-31,0.0,1,55.597694,1.0,False,5.73498e-23,Test
1154,6,1.5912607,6.9714894,-5.8029184,-2.1010492,-4.4183006,-3.4143026,0.4096552,-7.7352133,0.0045784703,0.9938577,2.81494e-06,0.000114069844,1.124091e-05,3.067836e-05,0.00140461,4.076469e-07,1,6.5679955,0.9985954,False,0.059922054,Test
1155,6,-1.9531167,-1.3729932,1.0646383,-1.1932348,-1.1125692,-5.4404287,1.0685742,0.36660844,0.017118396,0.03057789,0.3499914,0.036599543,0.039674208,0.00052353146,0.35137168,0.17414334,6,1.0459107,0.64862835,True,2.1187987,Test
1156,4,-5.7447386,19.610495,-11.7067175,-6.9104085,-7.5524335,-2.3024087,-5.8190837,-8.940775,9.735596e-12,1.0,2.5067327e-14,3.0347179e-12,1.5969468e-12,3.0433173e-10,9.03804e-12,3.9842007e-13,1,27.162928,1.0,False,1.05049764e-08,Test
1157,5,-5.345698,57.03711,-40.149845,-13.10975,-21.207203,3.3510053,-9.714861,-41.99242,8.081471e-28,1.0,6.2e-43,3.4324684e-31,1.0445484e-34,4.835277e-24,1.02326584e-29,9.8e-44,1,53.686104,1.0,False,3.745789e-22,Test
1158,6,0.29034865,2.2252645,-0.36368027,-2.174759,-2.1874335,-5.4443645,-1.1923125,-2.115698,0.11194733,0.77506304,0.058206644,0.009515489,0.009395648,0.0003617924,0.025415707,0.010094412,1,3.672388,0.9745843,False,1.2102716,Test
1159,6,-2.4592204,45.764072,-33.024708,-9.706911,-17.333967,3.8098843,-6.975488,-36.9818,1.1399605e-21,1.0,6.059929e-35,8.1144136e-25,3.9524866e-28,6.019038e-19,1.2459496e-23,1.1585751e-36,1,52.73956,1.0,False,3.6511815e-17,Test
1160,6,-1.2030604,2.2247677,-0.801934,-1.6733422,-2.2281203,-4.7438655,-0.17787655,-0.98607844,0.026078558,0.8034713,0.038948484,0.016294565,0.009356333,0.0007560168,0.0726968,0.032397956,1,2.6214578,0.9273032,False,1.1761291,Test
1161,6,-1.9224861,32.6487,-23.918398,-7.0881104,-12.838908,2.3872097,-4.3743,-25.889748,9.681098e-16,1.0,2.7115674e-25,5.5274086e-18,1.7578509e-20,7.204454e-14,8.3390056e-17,3.7763733e-26,1,37.023003,1.0,False,3.1983856e-12,Test
1162,6,-2.2579591,0.16885024,1.8821821,-1.7310922,-1.2887454,-5.380549,-0.9879282,1.0213064,0.009121993,0.10328559,0.57296795,0.015449172,0.024044404,0.00040175964,0.032483086,0.24224608,2,3.4270358,0.9675169,False,1.7433689,Test
1163,6,-0.39157692,-0.19217092,-0.495873,-1.1012481,-1.9369266,-4.9856696,0.7443801,-0.76225734,0.13086937,0.1597493,0.117907874,0.064362325,0.027906228,0.0013232715,0.40754718,0.09033448,6,0.89759856,0.5924528,True,2.4228725,Test
1164,6,-5.735573,84.76632,-61.032192,-18.281239,-31.061913,7.8092136,-13.768594,-64.7668,4.96053e-40,1.0,0.0,1e-45,0.0,3.784015e-34,1.61e-43,0.0,1,98.53491,1.0,False,4.2012333e-32,Test
1165,5,-6.051307,67.284645,-46.162968,-15.773206,-24.295448,4.1170936,-12.291473,-50.636047,1.4144916e-32,1.0,0.0,8.480715e-37,1.68761e-40,3.687061e-28,2.7575972e-35,0.0,1,63.167553,1.0,False,3.3602242e-26,Test
1166,6,0.07322624,17.801506,-12.709123,-4.242139,-7.716119,-1.7100574,-2.3318496,-13.549736,1.9985094e-08,1.0,5.6156848e-14,2.670343e-10,8.27631e-12,3.3591958e-09,1.8038256e-09,2.4228613e-14,1,20.133356,1.0,False,6.6690257e-07,Test
1167,1,-5.2116685,82.37316,-59.542118,-17.638815,-30.353865,7.703723,-13.125284,-63.928722,9.170459e-39,1.0,0.0,3.6e-44,0.0,3.727981e-33,3.353e-42,0.0,1,-0.0,0.0,True,4.015988e-31,Test
1168,6,-0.84254235,0.3347626,1.2140914,-1.7651509,-1.4168854,-5.145893,-1.1171182,-0.006665455,0.06208856,0.20151557,0.48550788,0.024679013,0.034960497,0.0008396343,0.047180746,0.14322813,2,3.0537694,0.9528192,False,2.1397066,Test
1169,5,-4.958131,49.25594,-33.687172,-11.828328,-18.212189,2.1675832,-9.014804,-36.02875,2.8518641e-24,1.0,9.5118005e-37,2.9610114e-27,4.9999526e-30,3.5463927e-21,4.9355696e-26,9.1480676e-38,1,47.088356,1.0,False,2.411486e-19,Test
1170,0,-2.5198178,14.912977,-6.1284256,-4.888675,-5.413502,-1.575007,-4.4393377,-12.622465,2.6855513e-08,0.9999999,7.27503e-10,2.5133406e-09,1.4870387e-09,6.908116e-08,3.939098e-09,1.1002954e-12,1,17.432795,1.0,False,2.6521695e-06,Test
1171,5,-4.9883304,57.628708,-41.35955,-13.051242,-21.504528,3.933854,-9.526281,-42.138027,6.3938967e-28,1.0,1.02e-43,2.0141374e-31,4.2940852e-35,4.7931484e-24,6.8384536e-30,4.8e-44,1,53.694855,1.0,False,3.7136113e-22,Test
1172,6,-4.58484,27.32794,-18.18131,-7.4168234,-10.6869335,-0.8116571,-5.5014334,-17.071983,1.3818325e-14,1.0,1.7202184e-20,8.1384445e-16,3.0927883e-17,6.013514e-13,5.525667e-15,5.216239e-20,1,32.829372,1.0,False,2.5353384e-11,Test
1173,1,-4.6210794,63.362255,-45.26793,-13.944576,-23.39982,4.9859653,-10.315474,-47.93411,2.9868382e-30,1.0,0.0,2.667287e-34,2.0878946e-38,4.4411932e-26,1.0050087e-32,0.0,1,-0.0,0.0,True,3.740631e-24,Test
1174,5,-6.020489,59.32746,-39.731808,-14.232137,-21.42079,2.4883702,-11.304089,-44.50839,4.1662397e-29,1.0,9.5e-44,1.1310225e-32,8.540423e-36,2.0658362e-25,2.114021e-31,1e-45,1,56.839092,1.0,False,1.6944112e-23,Test
1175,6,-1.4006307,-0.83424246,0.8722522,-1.537649,-1.3436816,-5.2504787,0.2350951,0.65307915,0.03656169,0.06441775,0.354917,0.031880125,0.03870428,0.0007781412,0.18767783,0.2850632,2,1.6730285,0.81232214,False,2.2770302,Test
1176,5,-4.1270742,23.184898,-15.380601,-6.0776234,-9.276203,-0.4127157,-4.4250937,-16.284803,1.3758168e-12,1.0,1.783269e-17,1.9563577e-13,7.985879e-15,5.645291e-11,1.0212508e-12,7.219805e-18,1,23.597614,1.0,False,2.025417e-09,Test
1177,1,-5.1010675,65.76762,-46.19324,-14.841479,-24.111069,4.6170955,-11.270694,-50.218384,1.667716e-31,1.0,0.0,9.815577e-36,9.25088e-40,2.771191e-27,3.4888982e-34,0.0,1,-0.0,0.0,True,2.4449585e-25,Test
1178,1,-5.0060644,64.07494,-44.564274,-14.442913,-23.396366,4.1840086,-11.017547,-49.338474,9.965499e-31,1.0,0.0,7.945657e-35,1.0272857e-38,9.765576e-27,2.4419988e-33,0.0,1,-0.0,0.0,True,8.438879e-25,Test
1179,1,-5.8133125,106.82651,-75.87373,-22.676237,-38.30016,10.926087,-17.798758,-85.563705,0.0,1.0,0.0,0.0,0.0,2.243e-42,0.0,0.0,1,-0.0,0.0,True,3.10397e-40,Test
1180,6,-2.232927,0.0033290759,1.8509376,-1.7935679,-1.3340697,-4.924722,-1.1946102,0.9579376,0.009906593,0.09270817,0.5881989,0.015372185,0.024338461,0.0006712629,0.027980763,0.2408237,2,3.5762382,0.97201926,False,1.7035322,Test
1181,6,-4.231942,28.819304,-18.69653,-7.55893,-11.018503,-0.12689702,-5.74259,-19.477053,4.4261482e-15,1.0,2.3127932e-21,1.5890346e-16,4.9964364e-18,2.6842596e-13,9.771481e-16,1.0596416e-21,1,34.561893,1.0,False,1.1478015e-11,Test
1182,6,-1.9476109,7.4556994,-3.3736453,-2.959633,-3.441871,-3.0325973,-2.2256203,-4.689311,8.243032e-05,0.99975365,1.9804704e-05,2.9962044e-05,1.8498573e-05,2.7853752e-05,6.2423635e-05,5.3135186e-06,1,9.681566,0.9999376,False,0.0039105336,Test
1183,4,-5.245962,20.98698,-12.853185,-6.828375,-8.11954,-1.9135818,-5.6037664,-10.816193,4.0474156e-12,1.0,2.01096e-15,8.316578e-13,2.2866426e-13,1.1334756e-10,2.8299904e-12,1.5419044e-14,1,29.106522,1.0,False,4.050362e-09,Test
1184,6,-5.3072577,-1.5377393,1.9243729,-0.5140387,-1.6918329,-5.9812307,1.0970545,1.3263947,0.0003389946,0.014698524,0.46865144,0.04091299,0.012599455,0.00017277863,0.20490386,0.2577219,2,1.5852144,0.79509616,False,1.8488988,Test
1185,6,-0.29438433,1.824734,-2.2292523,-1.194009,-2.5758436,-3.7829945,1.1233832,-2.352522,0.07011038,0.58358437,0.0101269735,0.028515449,0.007160727,0.0021414016,0.28940824,0.008952505,1,1.239917,0.7105918,False,1.5843203,Test
1186,6,-4.371397,62.712074,-44.41981,-13.564072,-22.974722,6.414704,-10.496297,-49.71597,7.345439e-30,1.0,0.0,7.476369e-34,6.119225e-38,3.5510963e-25,1.6069676e-32,0.0,1,73.208374,1.0,False,2.8842695e-23,Test
1187,4,-5.304661,30.273878,-20.096556,-8.021282,-11.654009,-0.25080338,-6.0852447,-19.567493,3.5353932e-16,1.0,1.331676e-22,2.3368134e-17,6.1794533e-19,5.5373176e-14,1.6196956e-16,2.260311e-22,1,41.927887,1.0,False,2.4664845e-12,Test
1188,6,-4.751954,30.72086,-20.525461,-8.096007,-11.7255125,-0.15626915,-5.960165,-19.794739,3.929644e-16,1.0,5.5463195e-23,1.38691065e-17,3.6793782e-19,3.8925433e-14,1.1739085e-16,1.15174e-22,1,36.681023,1.0,False,1.7611052e-12,Test
1189,6,-4.676218,60.39002,-42.105488,-13.792724,-22.212069,3.9284387,-10.390115,-45.49366,5.52194e-29,1.0,3e-45,6.0652078e-33,1.3377304e-36,3.0133397e-25,1.822122e-31,0.0,1,70.780136,1.0,False,2.4550916e-23,Test
1190,4,-5.730368,52.04591,-35.580883,-12.441529,-18.998213,2.7004952,-9.619965,-38.208878,8.092462e-26,1.0,8.793613e-39,9.850534e-29,1.3993629e-31,3.7115842e-22,1.655202e-27,6.351e-40,1,71.04412,1.0,False,2.6429812e-20,Test
1191,6,-4.0798373,65.13532,-47.05395,-13.9646635,-24.323374,5.477068,-10.02434,-50.179447,8.714439e-31,1.0,0.0,4.4392926e-35,1.407935e-39,1.2323906e-26,2.2833592e-33,0.0,1,75.15966,1.0,False,1.0607894e-24,Test
1192,6,-3.4247096,13.760019,-8.450191,-4.4213657,-6.005787,-2.6539237,-3.1064935,-7.135014,3.441653e-08,0.99999976,2.260626e-10,1.2703539e-08,2.6050695e-09,7.439013e-08,4.7311495e-08,8.421751e-10,1,16.866512,0.99999994,False,4.4641965e-06,Test
1193,1,-5.6954813,99.700745,-71.22894,-21.104437,-36.098255,10.275419,-16.422804,-79.73025,0.0,1.0,0.0,0.0,0.0,1.455712e-39,0.0,0.0,1,-0.0,0.0,True,1.8780649e-37,Test
1194,6,-2.6837232,14.772771,-8.707274,-4.6145306,-5.9016004,-2.061315,-3.652126,-8.765555,2.6226555e-08,1.0,6.349593e-11,3.8036587e-09,1.0501091e-09,4.8870813e-08,9.957933e-09,5.99011e-11,1,18.424896,1.0,False,2.4259723e-06,Test
1195,4,-4.684156,80.92256,-57.2896,-17.150135,-29.29242,8.120288,-13.266543,-64.4842,6.629395e-38,1.0,0.0,2.55e-43,0.0,2.4119761e-32,1.2423e-41,0.0,1,110.21498,1.0,False,2.5333425e-30,Test
1196,4,-4.863845,27.899057,-18.284826,-7.9399133,-10.348122,-0.46933284,-6.3815503,-16.358759,5.905447e-15,1.0,8.761817e-21,2.7247898e-16,2.45167e-17,4.7837044e-13,1.2945554e-15,6.01277e-20,1,38.247177,1.0,False,1.9936839e-11,Test
1197,4,-5.1423564,67.844925,-48.09369,-15.048776,-24.974508,5.278781,-11.239572,-51.92884,2.0045933e-32,1.0,0.0,9.993639e-37,4.8869e-41,6.727742e-28,4.5085822e-35,0.0,1,92.819435,1.0,False,6.072931e-26,Test
1198,6,-2.118928,2.2730715,-0.6499722,-1.5551074,-2.3488603,-4.958036,0.41433114,-1.9655,0.009754457,0.78817767,0.042380136,0.017142223,0.0077507645,0.00057041895,0.122852355,0.011371974,1,2.0967722,0.8771477,False,1.1352215,Test
1199,1,-6.4993124,80.544624,-56.620823,-17.985733,-29.319586,6.5783854,-13.768374,-62.489536,1.575064e-38,1.0,0.0,1.61e-43,0.0,7.5313034e-33,1.0975e-41,0.0,1,-0.0,0.0,True,8.036729e-31,Test
1200,4,-4.2816486,66.71458,-47.318497,-14.613466,-24.184332,5.6305227,-11.060041,-50.46913,1.4680199e-31,1.0,0.0,4.7827815e-36,3.33506e-40,2.9616438e-27,1.6707508e-34,0.0,1,90.89891,1.0,False,2.6101189e-25,Test
1201,6,-3.8880246,66.165474,-47.52212,-14.346658,-24.38743,5.6628914,-10.635783,-51.244095,3.7683626e-31,1.0,0.0,1.0814984e-35,4.71383e-40,5.2973936e-27,4.422207e-34,0.0,1,76.801254,1.0,False,4.6243056e-25,Test
1202,6,-5.051689,1.3416611,0.15531322,-1.8346066,-2.333917,-5.4253526,-0.69994056,2.6530066,0.00032066202,0.19170977,0.05853558,0.008002187,0.0048569217,0.00022068221,0.024887878,0.7114663,7,3.6933744,0.97511214,False,1.2780285,Test
1203,6,-3.8723652,17.133942,-11.176035,-4.976302,-7.2018814,-1.6514786,-3.389507,-9.808497,7.534883e-10,1.0,5.0714646e-13,2.4982894e-10,2.6982758e-11,6.9437807e-09,1.2211792e-09,1.9908886e-12,1,20.523449,1.0,False,2.5619534e-07,Test
1204,6,-3.4817812,-1.8910998,2.3750372,-1.4008831,-1.0043293,-5.1254997,-1.0215728,3.1884167,0.00085041835,0.0041730814,0.29731482,0.0068132645,0.010129225,0.00016435194,0.009956061,0.6705988,7,4.609574,0.99004394,False,1.1329519,Test
1205,6,-1.7410614,-1.4736902,1.1396077,-1.4294139,-1.2543869,-6.6269975,2.2546344,-1.1336485,0.012605225,0.01646905,0.22470324,0.017214622,0.020507405,9.519531e-05,0.68526614,0.023139115,6,0.377948,0.31473386,True,1.3776215,Test
1206,4,-3.3621557,26.941889,-18.276163,-6.5427904,-10.603887,0.4345868,-4.7771783,-19.061663,6.9043146e-14,1.0,2.3017045e-20,2.8693806e-15,4.9439778e-17,3.076276e-12,1.6771982e-14,1.04932845e-20,1,37.545776,1.0,False,1.2157013e-10,Test
1207,6,-4.278709,-2.5332654,2.4634979,-1.8946266,-0.8528313,-6.5901666,1.0222486,2.190628,0.0005742376,0.003289486,0.48662537,0.0062299594,0.017657584,5.691652e-05,0.115151115,0.37041527,2,2.16151,0.8848489,False,1.5780636,Test
1208,6,-3.490574,18.890697,-13.28967,-4.9096813,-7.941199,-1.0269014,-3.081387,-11.202789,1.9051859e-10,1.0,1.0574124e-14,4.6092134e-11,2.223595e-12,2.2381892e-09,2.8684358e-10,8.522455e-14,1,21.972084,1.0,False,8.123172e-08,Test
1209,6,-3.177191,28.284065,-20.556116,-6.120113,-11.551639,0.47445163,-3.8272243,-20.411549,2.1704516e-14,1.0,6.1514793e-22,1.1440765e-15,5.0069495e-18,8.364462e-13,1.1330367e-14,7.108265e-22,1,32.11129,1.0,False,3.5126003e-11,Test
1210,4,-4.6369057,75.69239,-53.44808,-16.254326,-27.34666,7.8727508,-12.8287,-60.326847,1.2984592e-35,1.0,0.0,1.16964e-40,1e-45,3.518067e-30,3.595673e-39,0.0,1,103.03905,1.0,False,3.4421992e-28,Test
1211,4,-6.0019774,32.54585,-20.286163,-9.457711,-11.906914,-0.93115914,-7.8335314,-20.550743,1.8150659e-17,1.0,1.1359223e-23,5.7290953e-19,4.9477815e-20,2.8914774e-15,2.9070895e-18,8.718527e-24,1,44.452763,1.0,False,1.4086667e-13,Test
1212,6,-1.2518204,-0.5390558,1.1756091,-1.8031569,-1.3149756,-5.5002995,-1.116036,1.8513523,0.025437178,0.05188224,0.28819618,0.014656377,0.023880366,0.0003633942,0.029136632,0.5664476,7,3.535759,0.97086334,False,1.7086978,Test
1213,6,-4.170172,68.837006,-49.416454,-15.087532,-25.221874,5.828544,-11.487852,-52.744408,1.9651012e-32,1.0,0.0,3.56481e-37,1.415e-41,4.322879e-28,1.3042375e-35,0.0,1,80.32486,1.0,False,3.9297904e-26,Test
1214,4,-5.5552645,36.29311,-23.081173,-10.05687,-13.145508,-0.18842,-8.16644,-24.832346,6.6908665e-19,1.0,1.6371052e-26,7.420953e-21,3.38128e-22,1.433089e-16,4.9143175e-20,2.8415219e-27,1,49.438618,1.0,False,7.5866615e-15,Test
1215,6,-0.64749026,1.5281868,-0.732085,-1.5902232,-2.2599523,-4.136162,0.2618736,-2.5454018,0.07153508,0.6300915,0.06573249,0.027867327,0.014263815,0.0021847829,0.1776032,0.010721775,1,1.7282034,0.8223968,False,1.7139053,Test
1216,6,-4.4643054,12.00126,-5.2908344,-4.6772127,-4.8867803,-2.804868,-3.9989288,-6.6393557,7.064734e-08,0.9999993,3.0912787e-08,5.7099346e-08,4.6303825e-08,3.7134726e-07,1.1251385e-07,8.025706e-09,1,16.000189,0.9999999,False,1.664267e-05,Test
1217,6,-3.456941,24.999748,-17.134148,-6.249262,-9.895727,-0.39682725,-4.516407,-16.69521,4.3794203e-13,1.0,5.0289986e-19,2.6836592e-14,6.9998183e-16,9.341298e-12,1.5180869e-13,7.8002754e-19,1,29.516155,1.0,False,3.6794964e-10,Test
1218,6,-4.5284166,50.291065,-35.546806,-11.540375,-18.894619,2.5978346,-8.443718,-37.047726,1.5566893e-24,1.0,5.2611947e-38,1.4026419e-27,8.975097e-31,1.936839e-21,3.103186e-26,1.172857e-38,1,58.734783,1.0,False,1.3339354e-19,Test
1219,6,-6.347336,-2.822275,3.5199203,-1.8633956,-0.9935035,-6.5887775,0.1340987,4.3146296,1.5878695e-05,0.0005391743,0.30627373,0.0014065828,0.0033570253,1.2472629e-05,0.010367308,0.67802787,7,4.569098,0.98963267,False,1.0184981,Test
1220,1,-5.7205157,64.07934,-43.99015,-14.891035,-23.297073,3.8470728,-11.530385,-49.318794,4.8563513e-31,1.0,0.0,5.053612e-35,1.129553e-38,6.9415985e-27,1.4558386e-33,0.0,1,-0.0,0.0,True,6.0325175e-25,Test
1221,4,-5.6590023,53.656204,-35.20961,-13.208681,-19.219753,1.9001276,-10.640702,-40.371784,1.73673e-26,1.0,2.547224e-39,9.140082e-30,2.2406403e-32,3.331359e-23,1.1918147e-28,1.4593e-41,1,72.87596,1.0,False,2.488965e-21,Test
1222,6,-2.3714788,7.485578,-4.9445724,-2.5450394,-3.969393,-2.6691825,-0.87572753,-4.0981436,5.235571e-05,0.99960715,3.9946926e-06,4.4013654e-05,1.0592502e-05,3.8875227e-05,0.00023364722,9.312862e-06,1,8.361698,0.99976635,False,0.0057384684,Test
1223,4,-5.801386,41.49431,-27.390879,-10.676128,-15.250128,0.7234516,-8.379098,-29.08546,2.8823171e-21,1.0,1.212116e-30,2.2012387e-23,2.2709294e-25,1.965355e-18,2.1890476e-22,2.2263532e-31,1,56.74444,1.0,False,1.1581613e-16,Test
1224,4,-4.7401457,8.641701,-4.453665,-4.2007685,-3.9137418,-3.5560906,-3.6146612,-1.1176356,1.5427812e-06,0.99992263,2.0545722e-06,2.6457749e-06,3.5253875e-06,5.0411895e-06,4.7544036e-06,5.7748464e-05,1,12.55552,0.9999965,False,0.0012788796,Test
1225,4,-4.5585546,19.71234,-11.933175,-6.101672,-7.5690703,-1.8379924,-5.0626154,-11.179875,2.8792876e-11,1.0,1.8052081e-14,6.1534354e-12,1.4185155e-12,4.3733084e-10,1.7392957e-11,3.8342566e-14,1,27.28141,1.0,False,1.5514257e-08,Test
1226,1,-4.2655478,60.54236,-42.972935,-12.977911,-22.247856,5.228322,-10.053366,-47.632553,7.14963e-29,1.0,1e-45,1.1763915e-32,1.1083239e-36,9.493336e-25,2.191118e-31,0.0,1,-0.0,0.0,True,7.576475e-23,Test
1227,6,-2.0683444,0.09854429,1.9864851,-2.0816495,-1.4193331,-5.5785584,-0.67563164,-0.35722637,0.012516015,0.10927829,0.72186536,0.01235059,0.023951247,0.0003741102,0.050386433,0.069277994,2,2.9880335,0.9496136,False,1.4630771,Test
1228,4,-4.331317,1.9434445,0.4598079,-2.0760286,-2.0344837,-4.460597,-1.4317644,1.9931911,0.0008006115,0.42512453,0.09642307,0.007636269,0.007960199,0.0007035196,0.0145439245,0.4468079,7,4.833301,0.9920398,False,1.5828953,Test
1229,6,-1.5774485,15.0122795,-10.235565,-3.8431437,-6.534009,-1.4833168,-2.2261574,-10.8011,6.2398314e-08,0.99999976,1.0839276e-11,6.474314e-09,4.391027e-10,6.8557284e-08,3.2616814e-08,6.15732e-12,1,17.238438,0.99999994,False,4.3845102e-06,Test
1230,6,-1.8621547,19.770706,-13.344004,-4.960062,-7.9141335,-0.9619256,-3.3027432,-13.895948,4.0268755e-10,1.0,4.1539864e-15,1.8178743e-11,9.476044e-13,9.906779e-10,9.5351595e-11,2.3919762e-15,1,23.07345,1.0,False,4.6060578e-08,Test
1231,6,-4.204958,50.72134,-35.405357,-11.571769,-18.950779,3.175004,-8.49244,-38.960594,1.3989784e-24,1.0,3.941415e-38,8.839875e-28,5.518018e-31,2.2433041e-21,1.9221282e-26,1.126243e-39,1,59.21378,1.0,False,1.5399172e-19,Test
1232,6,-2.4180038,15.509365,-9.797826,-4.1651998,-6.4525847,-1.50607,-2.924021,-10.33784,1.6377324e-08,1.0,1.0214734e-11,2.8539429e-09,2.8976516e-10,4.0765315e-08,9.8737525e-09,5.952522e-12,1,18.433386,1.0,False,1.7776524e-06,Test
1233,6,-3.1115308,16.844296,-11.576843,-4.165143,-7.222674,-0.18609147,-2.7741897,-12.809138,2.1542443e-09,1.0,4.537914e-13,7.511336e-10,3.5305973e-11,4.016026e-08,3.0185643e-09,1.3233567e-13,1,19.618484,1.0,False,1.1581978e-06,Test
1234,6,-3.001127,7.327867,-3.2726262,-3.230392,-3.747056,-4.138239,-2.1753542,-3.0904667,3.2664953e-05,0.99978596,2.4898389e-05,2.5972478e-05,1.5492778e-05,1.0477081e-05,7.459511e-05,2.9873221e-05,1,9.503435,0.99992543,False,0.0034643947,Test
1235,4,-4.2354364,22.354208,-14.749295,-6.2715373,-8.766086,-1.0898997,-4.901631,-12.926824,2.833112e-12,1.0,7.6940125e-17,3.6982526e-13,3.05231e-14,6.5819364e-11,1.4552574e-12,4.7603866e-16,1,31.120293,1.0,False,2.408764e-09,Test
1236,6,-3.5309098,49.52798,-34.158607,-10.878337,-18.079817,4.1754107,-8.413788,-39.639698,9.0534955e-24,1.0,4.5224955e-37,5.832693e-27,4.3481788e-30,2.012006e-20,6.8581915e-26,1.883515e-39,1,57.94177,1.0,False,1.3171533e-18,Test
1237,6,-2.7461483,11.310443,-6.646251,-3.6815984,-4.9080033,-2.5503938,-2.781204,-6.4825997,7.857761e-07,0.999997,1.5903977e-08,3.0834562e-07,9.0451714e-08,9.556826e-07,7.58707e-07,1.8731747e-08,1,14.09165,0.9999992,False,6.436231e-05,Test
1238,6,-3.603722,6.8606052,-1.943406,-3.7010686,-3.1473947,-4.0104923,-2.9924521,-2.7522814,2.8525423e-05,0.99961215,0.00015007141,2.5879432e-05,4.5020737e-05,1.8992137e-05,5.2565752e-05,6.683562e-05,1,9.853446,0.9999474,False,0.005912959,Test
1239,4,-5.0690265,16.087221,-9.609403,-5.445881,-6.568506,-2.253506,-4.3229885,-7.855947,6.48572e-10,1.0,6.9198657e-12,4.4493095e-10,1.4479135e-10,1.08323714e-08,1.3675984e-09,3.9958942e-11,1,22.655727,1.0,False,3.6688243e-07,Test
1240,1,-5.433881,65.46426,-46.200157,-15.176623,-23.852869,4.7566295,-11.627227,-48.24788,1.6193065e-31,1.0,0.0,9.508504e-36,1.622058e-39,4.3153188e-27,3.308216e-34,0.0,1,-0.0,0.0,True,3.7796342e-25,Test
1241,6,-2.7010267,18.859966,-12.811661,-4.7346315,-7.879073,-1.3238062,-3.1241531,-12.885041,4.3269277e-10,1.0,1.7586813e-14,5.6623508e-11,2.439958e-12,1.7151367e-09,2.8341202e-10,1.6342513e-14,1,21.98412,1.0,False,7.441436e-08,Test
1242,1,-5.34057,98.51593,-70.85598,-20.76823,-35.760735,10.169277,-15.897101,-78.69143,1e-45,1.0,0.0,0.0,0.0,4.280926e-39,0.0,0.0,1,-0.0,0.0,True,5.4563535e-37,Test
1243,6,-4.020459,62.24974,-43.97539,-13.588208,-22.944122,4.905988,-10.130604,-48.169033,1.6565963e-29,1.0,0.0,1.1587669e-33,1.0017872e-37,1.2471657e-25,3.678049e-32,0.0,1,72.38034,1.0,False,1.03193325e-23,Test
1244,6,-4.5469713,15.850423,-10.915521,-4.72449,-7.323839,-2.3230102,-2.8731904,-7.1845255,1.3852376e-09,1.0,2.3751903e-12,1.159922e-09,8.620758e-11,1.2804959e-08,7.386486e-09,9.9094385e-11,1,18.723614,1.0,False,6.1671795e-07,Test
1245,4,-6.2921,55.78907,-38.06259,-13.709613,-20.300882,2.5201805,-10.585592,-39.764923,1.0926745e-27,1.0,1.7408e-41,6.563065e-31,9.006464e-34,7.338628e-24,1.4922773e-29,3.173e-42,1,76.08995,1.0,False,5.640785e-22,Test
1246,6,-4.646086,89.87811,-64.51098,-18.935944,-32.792633,8.885466,-14.434273,-72.06522,8.886e-42,1.0,0.0,0.0,0.0,6.6886906e-36,0.0,0.0,1,104.312386,1.0,False,7.815592e-34,Test
1247,4,-4.804598,21.29322,-12.990453,-6.5893645,-8.185836,-2.0653892,-5.41753,-12.352817,4.6329915e-12,1.0,1.2905959e-15,7.775834e-13,1.5754626e-13,7.169428e-11,2.5099694e-12,2.441807e-15,1,29.479057,1.0,False,2.725373e-09,Test
1248,6,-2.7030861,0.5729149,0.9981019,-1.4638008,-1.7123678,-5.5778522,-0.2815128,1.259343,0.007245521,0.19178681,0.29341015,0.02501983,0.01951341,0.00040885987,0.0816104,0.38100502,7,2.5057986,0.9183896,False,2.1014547,Test
1249,0,-3.6889856,11.060713,-6.6912313,-4.0102267,-4.3419604,-1.9878019,-3.5686948,-5.6488533,3.9290333e-07,0.9999964,1.951764e-08,2.8495242e-07,2.0450422e-07,2.1532808e-06,4.4312608e-07,5.5351077e-08,1,14.749702,0.9999996,False,7.5982505e-05,Test
1250,4,-5.012635,17.700909,-9.717468,-5.972984,-6.894705,-2.6107063,-4.9210095,-10.174866,1.3665755e-10,1.0,1.2369445e-12,5.230689e-11,2.0809458e-11,1.5093073e-09,1.4977039e-10,7.8289767e-13,1,24.595613,1.0,False,5.619933e-08,Test
1251,6,-3.7998247,61.761826,-44.98354,-13.300122,-23.118044,5.9802094,-9.589736,-47.9507,3.3646183e-29,1.0,0.0,2.5177293e-33,1.3713297e-37,5.947739e-25,1.0289876e-31,0.0,1,71.35156,1.0,False,4.7868137e-23,Test
1252,6,-2.6566348,16.639467,-9.585114,-5.0664706,-6.452428,-1.9161165,-4.0510445,-11.618624,4.1668624e-09,1.0,4.081401e-12,3.7430942e-10,9.3608864e-11,8.738005e-09,1.0332964e-09,5.3415464e-13,1,20.690512,1.0,False,3.9577586e-07,Test
1253,6,-3.08896,54.49953,-39.87727,-11.581783,-20.54567,5.4089255,-8.0851,-43.588802,9.764202e-26,1.0,1.0297e-41,2.0010131e-29,2.560267e-33,4.7887305e-22,6.60449e-28,2.52e-43,1,62.584633,1.0,False,3.3923294e-20,Test
1254,6,-4.5615597,49.04858,-34.00231,-11.409015,-18.181871,2.8533416,-8.545856,-36.333794,5.2169048e-24,1.0,8.539994e-37,5.5411477e-27,6.341398e-30,8.6628776e-21,9.706306e-26,8.2967474e-38,1,57.594437,1.0,False,5.777551e-19,Test
1255,6,-2.138731,14.552475,-10.31118,-3.5418355,-6.7309585,-1.1437675,-1.369929,-10.859437,5.6376905e-08,0.99999976,1.5916652e-11,1.3859276e-08,5.7111293e-10,1.5247845e-07,1.2161512e-07,9.199138e-12,1,15.922404,0.9999999,False,8.500256e-06,Test
1256,6,-1.4100633,16.350563,-11.725138,-3.7091074,-7.224961,-0.50055313,-1.933374,-12.947336,1.9348985e-08,1.0,6.410296e-13,1.941763e-09,5.7713882e-11,4.8045557e-08,1.1465338e-08,1.8883567e-13,1,18.283937,1.0,False,2.024445e-06,Test
1257,5,-5.950063,58.907692,-40.97632,-13.918915,-21.66981,3.7835853,-10.489385,-43.115368,6.8019554e-29,1.0,4.2e-44,2.3540005e-32,1.0130635e-35,1.1479008e-24,7.2649284e-31,6e-45,1,55.124107,1.0,False,9.1295863e-23,Test
1258,0,-3.1680305,39.9219,-27.73285,-9.4102955,-14.8082905,2.5317068,-7.3469357,-31.431879,1.9332166e-19,1.0,4.148713e-30,3.760955e-22,1.702075e-24,5.776238e-17,2.9607718e-21,1.0267056e-31,1,43.08993,1.0,False,3.1281024e-15,Test
1259,4,-6.758212,67.65369,-46.17956,-16.025885,-24.504728,4.105033,-12.468571,-50.701206,4.823078e-33,1.0,0.0,4.554316e-37,9.4648e-41,2.5186674e-28,1.5971565e-35,0.0,1,92.15842,1.0,False,2.3091997e-26,Test
1260,6,-2.3741574,1.5994868,0.4760783,-2.23309,-1.8752246,-5.168782,-1.4200679,1.0227673,0.009363486,0.49793118,0.16191207,0.010782076,0.015421312,0.00057246303,0.024310473,0.27970693,1,3.716848,0.97568953,False,1.8032181,Test
1261,0,-1.9465603,19.497225,-14.077348,-4.1887226,-8.070032,0.89122504,-3.0181057,-16.562937,4.8649973e-10,1.0,2.622696e-15,5.1680146e-11,1.065841e-12,8.308398e-09,1.6661568e-10,2.1840914e-16,1,21.443785,1.0,False,2.4529194e-07,Test
1262,4,-6.4394207,51.912495,-34.697765,-12.849085,-19.049665,1.6689558,-9.929821,-37.476074,4.5507814e-26,1.0,2.4302e-38,7.488633e-29,1.5188898e-31,1.51185e-22,1.3874699e-27,1.510217e-39,1,70.96216,1.0,False,1.0962773e-20,Test
1263,6,-1.1885815,9.306927,-5.059898,-3.1982884,-4.1014657,-2.5288918,-2.3881764,-5.780081,2.7659053e-05,0.99995077,5.7616353e-07,3.707088e-06,1.5024083e-06,7.240158e-06,8.334126e-06,2.8039773e-07,1,11.695152,0.99999166,False,0.00086824567,Test
1264,6,-5.2087545,8.705995,-2.2229624,-4.46826,-3.7049735,-4.0138063,-3.8448908,-3.300328,9.0549275e-07,0.99996257,1.7930734e-05,1.8987936e-06,4.0735113e-06,2.9911928e-06,3.541633e-06,6.1052574e-06,1,12.550922,0.9999965,False,0.00068869564,Test
1265,6,-3.5976648,48.682888,-35.22412,-10.789953,-18.486923,3.4242873,-7.473869,-36.447395,1.9717179e-23,1.0,3.627833e-37,1.4834539e-26,6.737829e-30,2.210237e-20,4.0872402e-25,1.0675528e-37,1,56.156757,1.0,False,1.4446816e-18,Test
1266,6,-2.1202748,11.785823,-7.7501307,-3.2644746,-5.454839,-2.4872274,-1.6174836,-8.13016,9.1339194e-07,0.99999666,3.2782475e-09,2.9089568e-07,3.2544254e-08,6.328366e-07,1.5101368e-06,2.2418003e-09,1,13.40331,0.9999985,False,7.265522e-05,Test
1267,4,-5.1825776,21.256601,-13.301427,-6.5454516,-8.284507,-1.8172048,-5.228535,-11.587768,3.2931438e-12,1.0,9.809314e-16,8.427943e-13,1.4806765e-13,9.531759e-11,3.1452239e-12,5.4434246e-15,1,29.541107,1.0,False,3.4591896e-09,Test
1268,4,-4.8195415,27.476439,-16.368076,-7.7690563,-10.088526,-1.2118129,-6.4664283,-18.767319,9.419649e-15,1.0,9.0901275e-20,4.932602e-16,4.8500174e-17,3.474167e-13,1.81468e-15,8.252596e-21,1,37.564964,1.0,False,1.4934491e-11,Test
1269,4,-6.811345,124.22678,-88.02984,-26.34299,-44.28909,13.969204,-21.128267,-100.3673,0.0,1.0,0.0,0.0,0.0,0.0,0.0,0.0,1,168.51587,1.0,False,0.0,Test
1270,6,-2.12337,41.330265,-29.565107,-9.107496,-15.693283,2.369055,-6.417458,-32.240234,1.343772e-19,1.0,1.6237973e-31,1.2449714e-22,1.7178597e-25,1.2005001e-17,1.8341191e-21,1.1187672e-32,1,47.747723,1.0,False,6.833504e-16,Test
1271,1,-6.8136725,83.21751,-58.991375,-18.602152,-30.411346,7.0144734,-14.028474,-63.403164,7.94245e-40,1.0,0.0,6e-45,0.0,8.043463e-34,5.84e-43,0.0,1,-0.0,0.0,True,8.842812e-32,Test
1272,6,-6.638395,126.53671,-90.45819,-26.642996,-45.533134,13.510587,-20.918768,-101.49438,0.0,1.0,0.0,0.0,0.0,0.0,0.0,0.0,1,147.45547,1.0,False,0.0,Test
1273,6,-2.6925995,6.917881,-4.3596287,-2.3913732,-3.8900228,-2.9992929,-1.0763243,-3.5014796,6.698196e-05,0.9993932,1.264667e-05,9.052716e-05,2.0226636e-05,4.9290444e-05,0.00033720737,2.9830831e-05,1,7.9948125,0.9996628,False,0.0085839555,Test
1274,6,-3.0761006,20.043322,-14.682254,-4.6750703,-8.663864,-0.18873546,-2.8329105,-14.544592,9.106725e-11,1.0,8.2961123e-16,1.8405135e-11,3.4090048e-13,1.6342897e-09,1.1613914e-10,9.520505e-16,1,22.876232,1.0,False,5.5243802e-08,Test
1275,6,-2.4477375,38.734425,-28.086065,-8.411617,-14.972917,2.3486843,-5.6081467,-29.5179,1.302608e-18,1.0,9.555002e-30,3.3476048e-21,4.733676e-24,1.5771498e-16,5.5241564e-20,2.2823963e-30,1,44.34257,1.0,False,8.36017e-15,Test
1276,6,-3.1615963,7.444522,-4.216864,-2.5991685,-3.9096835,-3.3386872,-1.655749,-3.311832,2.4758037e-05,0.9997578,8.618249e-06,4.344856e-05,1.1717263e-05,2.0739903e-05,0.00011160849,2.130443e-05,1,9.100513,0.9998884,False,0.0038133066,Test
1277,1,-5.225994,72.12043,-51.017914,-16.221334,-26.211313,5.4564185,-12.346877,-54.584396,2.5637548e-34,1.0,0.0,4.30188e-39,1.98e-43,1.11734865e-29,2.0716397e-37,0.0,1,-0.0,0.0,True,1.074648e-27,Test
1278,4,-3.4753263,43.154118,-28.597038,-10.5962305,-15.668506,1.7829175,-8.382241,-32.97399,5.611639e-21,1.0,6.900289e-32,4.5344103e-24,2.842228e-26,1.0782411e-18,4.1499625e-23,8.669233e-34,1,58.822624,1.0,False,6.4736875e-17,Test
1279,6,-1.2867184,29.342398,-20.902525,-6.349081,-11.659535,1.3525995,-4.0498624,-24.102385,4.9882007e-14,1.0,1.5097581e-22,3.1578227e-16,1.5598625e-18,6.985305e-13,3.1472053e-15,6.1549705e-24,1,33.39226,1.0,False,3.057936e-11,Test
1280,6,-0.76811737,21.210398,-15.217015,-4.7326365,-8.848969,-0.120036945,-2.4786625,-17.226202,2.8500466e-10,1.0,1.5127778e-16,5.408577e-12,8.818247e-14,5.448913e-10,5.1519528e-11,2.0286019e-17,1,23.68906,1.0,False,2.777212e-08,Test
1281,4,-6.389049,-1.9173108,2.8731859,-1.6243463,-1.2357354,-6.097337,-1.5469571,6.8393226,1.7638081e-06,0.0001543485,0.018577566,0.00020688809,0.0003051455,2.3612424e-06,0.00022353472,0.9805283,7,8.094722,0.9996949,False,0.14548138,Test
1282,6,-3.4194582,1.5510154,0.37125507,-1.8837261,-1.9492584,-5.255634,-0.80447596,1.3191403,0.0030629924,0.44136208,0.13565369,0.014226751,0.013324332,0.00048832037,0.04186182,0.35002005,1,3.173381,0.95813817,False,1.8347433,Test
1283,4,-3.9529774,8.666656,-4.5658307,-3.3525507,-4.1392717,-2.9531424,-2.6676612,-2.7210944,3.3063066e-06,0.99995387,1.7913646e-06,6.0270545e-06,2.7443305e-06,8.98599e-06,1.1954983e-05,1.1332954e-05,1,12.805973,0.99999726,False,0.00084848003,Test
1284,6,-3.9631941,27.715712,-18.32205,-7.316336,-10.846992,-0.8470604,-5.3510633,-18.790089,1.7459274e-14,1.0,1.0140378e-20,6.1062584e-16,1.7882622e-17,3.9386322e-13,4.357943e-15,6.3502147e-21,1,33.066776,1.0,False,1.7267762e-11,Test
1285,6,-1.8424177,28.262213,-20.144033,-6.3782444,-11.128927,0.6054899,-4.2429147,-21.081608,8.428019e-14,1.0,9.493676e-22,9.033179e-16,7.809896e-18,9.746255e-13,7.6419245e-15,3.7175074e-22,1,32.505127,1.0,False,4.295217e-11,Test
1286,5,-5.718986,61.12265,-42.344566,-14.352653,-22.373693,3.319374,-11.060755,-45.640526,9.355048e-30,1.0,1e-45,1.6652986e-33,5.470133e-37,7.8769154e-26,4.4786423e-32,0.0,1,57.803276,1.0,False,6.5696636e-24,Test
1287,6,-5.0555196,78.4284,-55.753506,-16.884426,-28.714504,6.929432,-12.775874,-61.287964,5.5385414e-37,1.0,0.0,4.039e-42,0.0,8.879636e-32,2.45747e-40,0.0,1,91.20427,1.0,False,9.1595174e-30,Test
1288,6,-1.4166851,32.311333,-22.082127,-7.462638,-12.246976,0.67967105,-5.423938,-25.417358,2.2496096e-15,1.0,2.3835308e-24,5.325785e-18,4.4521814e-20,1.8303897e-14,4.0905325e-17,8.486879e-26,1,37.73527,1.0,False,9.472952e-13,Test
1289,6,-3.8406723,7.5454354,-2.5270512,-3.18948,-3.6404397,-3.1083796,-2.5765185,-3.7296236,1.1350223e-05,0.9998343,4.221848e-05,2.1767743e-05,1.3866417e-05,2.3606675e-05,4.0180865e-05,1.2683299e-05,1,10.12212,0.9999598,False,0.0027558252,Test
1290,4,-4.1220345,26.891266,-17.956812,-6.8558555,-10.267951,-0.00027782843,-5.640847,-18.417841,3.3969955e-14,1.0,3.3321775e-20,2.2070494e-15,7.277073e-17,2.094839e-12,7.438463e-15,2.1013856e-20,1,37.159218,1.0,False,8.3252384e-11,Test
1291,4,-4.728836,5.854857,-2.205282,-3.4550073,-3.0083103,-4.199253,-3.0257876,0.23954901,2.5214787e-05,0.9956222,0.00031450012,9.013055e-05,0.00014088674,4.2820353e-05,0.00013844573,0.003625746,1,8.867555,0.9998591,False,0.045151547,Test
1292,6,-3.2527263,55.630783,-40.735607,-11.781675,-20.966858,5.7765102,-8.497969,-44.610348,2.674338e-26,1.0,1.408e-42,5.286162e-30,5.4208473e-34,2.2313374e-22,1.4100553e-28,3e-44,1,64.12875,1.0,False,1.605107e-20,Test
1293,6,-5.6272264,-2.302135,2.4871407,-0.85703915,-1.337172,-6.143405,0.43085968,3.561788,7.257416e-05,0.0020176733,0.24255313,0.008559494,0.0052957684,4.331205e-05,0.031029543,0.7104284,7,3.4728155,0.9689705,False,1.1200836,Test
1294,4,-5.6898465,40.225563,-25.8099,-10.602135,-14.577298,0.5933467,-8.575629,-28.570581,1.1460174e-20,1.0,2.094901e-29,8.429685e-23,1.5827787e-24,6.1368666e-18,6.396039e-22,1.324997e-30,1,54.80286,1.0,False,3.5169933e-16,Test
1295,4,-5.5040793,26.891432,-17.777561,-7.9829154,-10.284498,-1.02497,-6.398073,-14.635509,8.5272315e-15,1.0,3.9856913e-20,7.1492953e-16,7.156468e-17,7.517287e-13,3.4878009e-15,9.2274e-19,1,37.17593,1.0,False,3.0881676e-11,Test
1296,1,-5.0484858,46.575756,-31.843544,-11.167419,-17.281704,1.8282729,-8.552228,-34.02119,3.8008177e-23,1.0,8.7686426e-35,8.3648376e-26,1.8495134e-28,3.6848124e-20,1.1434604e-24,9.9355245e-36,1,-0.0,0.0,True,2.381732e-18,Test
1297,1,-4.3014364,68.54961,-48.164444,-14.926528,-25.084215,5.5476923,-11.346481,-53.627266,2.2971731e-32,1.0,0.0,5.5818103e-37,2.1644e-41,4.3512694e-28,2.0024883e-35,0.0,1,-0.0,0.0,True,3.9552216e-26,Test
1298,4,-4.1126146,25.54114,-16.608202,-6.8771586,-9.633204,-0.5671771,-5.4649506,-16.573574,1.3229326e-13,1.0,4.951919e-19,8.335134e-15,5.2963525e-16,4.5846083e-12,3.4215757e-14,5.126387e-19,1,35.174343,1.0,False,1.802924e-10,Test
1299,6,-1.7517623,19.347689,-12.802567,-5.2974315,-7.7701178,-1.6586665,-3.7255301,-14.163787,6.8647515e-10,1.0,1.0897387e-14,1.9804328e-11,1.6706548e-12,7.534524e-10,9.53736e-11,2.793518e-15,1,23.07322,1.0,False,4.767522e-08,Test
1300,6,-3.9366484,40.483246,-29.033842,-9.23682,-15.424636,1.9237194,-6.70387,-28.933355,5.1131042e-20,1.0,6.4433463e-31,2.5518179e-22,5.242218e-25,1.7939539e-17,3.2128945e-21,7.1244663e-31,1,47.187115,1.0,False,1.0014838e-15,Test
1301,6,-2.0191517,4.5573883,0.5105267,-3.2425385,-2.2644846,-4.957315,-2.7577507,-2.6062515,0.001362837,0.97858596,0.017102882,0.00040099028,0.001066344,7.217979e-05,0.0006511403,0.0007576518,1,7.3367853,0.9993489,False,0.17471333,Test
1302,6,-2.145075,23.43377,-15.813541,-5.572289,-9.175487,0.049266208,-3.9784343,-17.201283,7.784831e-12,1.0,9.017986e-18,2.5283034e-13,6.8862017e-15,6.986178e-11,1.2446051e-12,2.2512372e-18,1,27.412203,1.0,False,2.7043119e-09,Test
1303,4,-5.39254,32.425114,-21.148064,-8.814064,-12.232776,-0.525916,-6.8168507,-21.423367,3.7670526e-17,1.0,5.4133323e-24,1.230418e-18,4.030182e-20,4.8927067e-15,9.066311e-18,4.110571e-24,1,44.65789,1.0,False,2.3523528e-13,Test
1304,6,-3.9649928,36.046066,-25.096144,-8.614612,-14.072843,0.86189806,-5.954426,-26.661,4.2016312e-18,1.0,2.7943111e-27,4.0189594e-20,1.7125168e-22,5.2445617e-16,5.7466936e-19,5.8434246e-28,1,42.000492,1.0,False,2.6901367e-14,Test
1305,5,-7.0301886,95.04665,-66.52422,-21.241041,-34.143566,8.147201,-16.43103,-73.08566,4e-45,1.0,0.0,0.0,0.0,1.8198997e-38,0.0,0.0,1,86.89945,1.0,False,2.2815978e-36,Test
1306,1,-4.945765,96.15306,-68.79803,-20.35627,-34.78982,9.616786,-15.794848,-76.99391,1.3e-44,1.0,0.0,0.0,0.0,2.6168094e-38,0.0,0.0,1,-0.0,0.0,True,3.2669696e-36,Test
1307,4,-5.8655,55.734047,-38.51202,-13.26564,-20.406866,3.255494,-10.151386,-40.763973,1.7687076e-27,1.0,1.1734e-41,1.0809774e-30,8.558956e-34,1.617535e-23,2.4339871e-29,1.235e-42,1,76.140915,1.0,False,1.2248043e-21,Test
1308,6,-5.0220685,61.5277,-43.147125,-14.049901,-22.512794,4.0575814,-10.682756,-46.030895,1.25257466e-29,1.0,0.0,1.5033704e-33,3.1745047e-37,1.099122e-25,4.3591022e-32,0.0,1,72.21046,1.0,False,9.1142315e-24,Test
1309,5,-6.442588,71.26614,-49.95905,-16.634602,-25.983717,4.679573,-12.601069,-52.525795,1.7845398e-34,1.0,0.0,6.68641e-39,5.82e-43,1.2073127e-29,3.775142e-37,0.0,1,66.58657,1.0,False,1.1598143e-27,Test
1310,4,-4.883213,78.534966,-55.265087,-16.688541,-28.174225,9.0076275,-13.5283985,-64.396126,5.91485e-37,1.0,0.0,4.415e-42,0.0,6.3776634e-31,1.04086e-40,0.0,1,106.70919,1.0,False,6.3972333e-29,Test
1311,4,-4.687524,15.03506,-6.399278,-5.297272,-5.599895,-2.8072553,-4.766065,-9.996208,2.7201366e-09,1.0,4.9111754e-10,1.4783598e-09,1.0923282e-09,1.7831209e-08,2.5146691e-09,1.34604e-11,1,20.634954,1.0,False,6.997847e-07,Test
1312,1,-5.390985,68.50452,-48.23869,-15.855618,-24.780045,5.332982,-12.292796,-50.772606,8.083362e-33,1.0,0.0,2.3059909e-37,3.0693e-41,3.6724063e-28,8.1315654e-36,0.0,1,-0.0,0.0,True,3.3470166e-26,Test
1313,6,-3.0636215,26.464159,-18.035696,-6.3948445,-10.280547,0.2324387,-4.6679187,-18.61147,1.500541e-13,1.0,4.7201795e-20,5.3643295e-15,1.1014817e-16,4.052367e-12,3.016548e-14,2.65401e-20,1,31.132078,1.0,False,1.6136652e-10,Test
1314,6,-5.058952,4.2413692,-1.444532,-2.651813,-2.933576,-4.5149755,-1.9800185,1.2345996,8.6477696e-05,0.94619894,0.0032109013,0.0009600888,0.0007243414,0.00014898763,0.0018796113,0.04679064,1,6.2766905,0.99812037,False,0.3460532,Test
1315,4,-4.052905,22.75256,-12.686749,-6.3619175,-8.3586645,-1.1899459,-5.3685,-16.839396,2.2831485e-12,1.0,4.0635352e-16,2.2685232e-13,3.0801127e-14,3.9985473e-11,6.126029e-13,6.3889797e-18,1,31.111225,1.0,False,1.5052474e-09,Test
1316,0,-3.12571,12.426019,-7.376573,-4.014731,-4.4891586,-0.40843922,-3.8980138,-9.205268,1.7618483e-07,0.9999969,2.5109756e-09,7.2422175e-08,4.506412e-08,2.667253e-06,8.1388244e-08,4.0332046e-10,1,15.551732,0.9999998,False,6.254451e-05,Test
1317,6,-4.633519,6.57783,-1.4975483,-4.000929,-2.8481505,-4.0817084,-3.7549179,-1.594686,1.3509489e-05,0.9992316,0.00031086645,2.5431373e-05,8.054059e-05,2.3457813e-05,3.2524524e-05,0.00028208992,1,10.333516,0.99996746,False,0.010604169,Test
1318,5,-5.025507,66.293335,-45.619984,-15.402562,-23.765982,4.9425764,-12.257666,-50.914577,1.0632156e-31,1.0,0.0,3.3107123e-36,7.7221e-40,2.268321e-27,7.686578e-35,0.0,1,61.350758,1.0,False,2.0078101e-25,Test
1319,6,-3.841454,-2.5103247,-0.66925424,-0.9741515,-1.5518774,-5.1060605,4.8222637,-3.521691,0.00017103435,0.0006474189,0.0040808627,0.003008408,0.0016882378,4.8291615e-05,0.9901203,0.00023548017,6,0.00992884,0.009879708,True,0.09985088,Test
1320,6,-2.7894225,34.693546,-23.943533,-8.257216,-13.020736,1.5544,-6.308941,-25.643053,5.2644633e-17,1.0,3.421692e-26,2.2218787e-19,1.8964885e-21,4.0537057e-15,1.5589998e-18,6.2538435e-27,1,41.002487,1.0,False,1.9675933e-13,Test
1321,6,-3.2721035,11.576147,-6.2629414,-4.0657334,-5.0269403,-3.1443148,-3.121798,-5.9865284,3.5602966e-07,0.99999857,1.7888821e-08,1.6099679e-07,6.1570084e-08,4.0456104e-07,4.1377393e-07,2.3584482e-08,1,14.697946,0.9999996,False,3.3222026e-05,Test
1322,6,-3.9507098,50.521343,-35.492195,-11.39709,-18.755045,3.8880024,-8.831721,-38.97275,2.2033715e-24,1.0,4.4136367e-38,1.2857772e-27,8.196832e-31,5.5898253e-21,1.6722113e-26,1.358965e-39,1,59.353065,1.0,False,3.762452e-19,Test
1323,0,-4.4337244,16.622202,-9.309161,-5.5596323,-6.705274,-1.999879,-4.42938,-10.934365,7.170129e-10,1.0,5.472081e-12,2.3256877e-10,7.39615e-11,8.175845e-09,7.2013506e-10,1.0772947e-12,1,21.055927,1.0,False,2.7348352e-07,Test
1324,6,-3.6310394,30.850933,-20.988401,-7.86963,-12.047431,-0.048081275,-5.3852043,-21.690502,1.058449e-15,1.0,3.0652358e-23,1.5271215e-17,2.3414063e-19,3.8082805e-14,1.8316627e-16,1.5189539e-23,1,36.236137,1.0,False,1.7607475e-12,Test
1325,6,-3.9566884,-0.6720439,1.578776,-1.5737756,-1.2903727,-4.833902,-0.18504693,2.0656857,0.0013108351,0.034998633,0.33233014,0.014204758,0.018858807,0.0005452291,0.05695753,0.5407941,7,2.8654494,0.94304246,False,1.6261909,Test
1326,4,-5.2186184,39.083183,-25.870161,-9.9442,-14.351003,0.7450202,-7.8626833,-27.039871,5.754017e-20,1.0,6.181874e-29,5.101273e-22,6.220543e-24,2.2384533e-17,4.0894945e-21,1.919209e-29,1,53.434185,1.0,False,1.2420858e-15,Test
1327,6,-2.2277803,14.387263,-8.676411,-4.3397865,-5.9306607,-2.4052243,-3.0607831,-9.140112,6.083845e-08,0.9999999,9.628823e-11,7.361141e-09,1.4998142e-09,5.094658e-08,2.6449044e-08,6.056074e-11,1,17.448046,1.0,False,3.7784444e-06,Test
1328,6,-1.5902628,7.523618,-4.5939536,-2.7900102,-3.9495995,-3.1979904,-1.5336316,-3.70025,0.00011009222,0.999689,5.460977e-06,3.316753e-05,1.0401828e-05,2.2056127e-05,0.00011650678,1.3347527e-05,1,9.057561,0.9998835,False,0.0047371555,Test
1329,6,-1.2617012,3.7840054,-2.207576,-1.871246,-2.7838523,-4.1332808,-0.47432423,-2.251762,0.006244925,0.9701744,0.0024251523,0.0033947304,0.0013629044,0.0003535218,0.013724004,0.0023203273,1,4.288609,0.986276,False,0.2592733,Test
1330,6,-2.1949751,-0.8248517,2.5725617,-1.7775141,-0.927924,-5.529685,-0.29460722,0.49951193,0.0067044166,0.026387492,0.788635,0.010177993,0.02380315,0.00023884425,0.04484153,0.09921149,2,3.1046205,0.9551585,False,1.1871011,Test
1331,5,-4.337153,44.270508,-28.808779,-10.684454,-16.086306,1.5041193,-8.503759,-33.963116,7.761766e-22,1.0,1.8283945e-32,1.3594477e-24,6.1287205e-27,2.671737e-19,1.2034447e-23,1.0557652e-34,1,42.766388,1.0,False,1.6539766e-17,Test
1332,1,-3.2964032,66.760284,-48.150833,-14.207061,-24.677736,5.80313,-10.54753,-52.42407,3.7563641e-31,1.0,0.0,6.8600664e-36,1.94524e-40,3.3623636e-27,2.664663e-34,0.0,1,-0.0,0.0,True,2.9573293e-25,Test
1333,6,-5.4629006,89.83445,-64.49525,-19.316397,-32.91493,8.469417,-14.416526,-69.87895,4.102e-42,1.0,0.0,0.0,0.0,4.6090758e-36,0.0,0.0,1,104.25098,1.0,False,5.410366e-34,Test
1334,6,-4.703395,92.12483,-66.25133,-19.505001,-33.56393,9.358448,-14.830258,-73.93745,8.87e-43,1.0,0.0,0.0,0.0,1.1350485e-36,0.0,0.0,1,106.95509,1.0,False,1.3553248e-34,Test
1335,4,-3.4932415,31.976925,-20.91415,-7.790756,-11.6135645,0.6993469,-6.2421002,-22.95795,3.940061e-16,1.0,1.0707742e-23,5.359392e-18,1.1719023e-19,2.6080764e-14,2.5216713e-17,1.3870327e-24,1,43.59049,1.0,False,1.1987361e-12,Test
1336,6,-5.9552917,90.66338,-64.641594,-19.822693,-32.81413,8.135832,-15.180163,-69.826195,1.094e-42,1.0,0.0,0.0,0.0,1.4412541e-36,0.0,0.0,1,105.843544,1.0,False,1.7159886e-34,Test
1337,6,-2.2358596,20.514198,-13.301143,-5.4768157,-8.215186,-1.3993572,-3.7304404,-15.371167,1.317576e-10,1.0,2.0615012e-15,5.1552035e-12,3.3341602e-13,3.0413327e-10,2.9558835e-11,2.6012625e-16,1,24.244638,1.0,False,1.518065e-08,Test
1338,6,-1.3980348,-0.05822103,0.52659255,-1.440138,-1.7979419,-5.2438703,-0.13978174,0.7776195,0.03898838,0.14887062,0.2671716,0.03738093,0.026137121,0.000833125,0.1372106,0.3434076,7,1.9862384,0.8627894,False,2.346219,Test
1339,6,-1.8138493,14.604321,-10.283349,-3.5351527,-6.5951295,-2.0698807,-1.1951232,-10.742588,7.4076375e-08,0.99999976,1.5538988e-11,1.3247285e-08,6.211492e-10,5.7343737e-08,1.3752717e-07,9.8169676e-12,1,15.799444,0.9999999,False,6.9793737e-06,Test
1340,4,-5.191901,14.689611,-9.648205,-5.0407763,-6.488622,-2.5727456,-3.668052,-5.1897087,2.3204338e-09,1.0,2.692903e-11,2.6989888e-09,6.344681e-10,3.1845882e-08,1.0650446e-08,2.3255247e-09,1,21.178234,1.0,False,1.3055818e-06,Test
1341,6,-4.320737,0.10390971,1.8127435,-1.8400277,-1.4056077,-5.60315,-1.0479177,2.4314275,0.0006856385,0.057239372,0.31610543,0.008193199,0.012650851,0.00019017365,0.018090997,0.5868444,7,4.012341,0.981909,False,1.4635154,Test
1342,4,-4.178062,16.159012,-8.990307,-5.228259,-6.247976,-2.1093938,-4.4114017,-9.343297,1.4713665e-09,1.0,1.19616105e-11,5.1478494e-10,1.8568153e-10,1.16448025e-08,1.1651529e-09,8.404046e-12,1,22.406988,1.0,False,4.0728506e-07,Test
1343,6,-1.3207622,22.841873,-16.707418,-4.9132543,-9.457631,0.73772043,-2.7533472,-18.291391,3.2084894e-11,1.0,6.6674546e-18,8.8328634e-13,9.386506e-15,2.5135555e-10,7.658381e-12,1.3678896e-18,1,25.59522,1.0,False,9.452673e-09,Test
1344,6,-1.3703543,21.379051,-15.108108,-4.7841744,-8.784833,0.41712847,-2.8217237,-17.235334,1.3184358e-10,1.0,1.4250427e-16,4.3396597e-12,7.9431355e-14,7.876844e-10,3.088424e-11,1.6981834e-17,1,24.200775,1.0,False,2.9393624e-08,Test
1345,4,-5.056913,22.16111,-14.150061,-6.973952,-8.678522,-1.6901078,-5.4941907,-11.730986,1.5113417e-12,1.0,1.6992534e-16,2.222305e-13,4.041271e-14,4.3807447e-11,9.760133e-13,1.9091898e-15,1,30.839632,1.0,False,1.6169446e-09,Test
1346,6,-4.2190056,50.874584,-35.88073,-11.20366,-19.055603,3.3565226,-8.258508,-38.523514,1.183472e-24,1.0,2.1020719e-38,1.0958762e-27,4.262888e-31,2.3076376e-21,2.0836507e-26,1.495883e-39,1,59.13309,1.0,False,1.582939e-19,Test
1347,4,-5.0215282,35.405796,-24.326658,-9.150024,-13.232282,0.6280662,-7.098931,-22.29876,2.771003e-18,1.0,1.14426216e-26,4.4632688e-20,7.529249e-22,7.8745217e-16,3.4708183e-19,8.694207e-26,1,48.638077,1.0,False,3.9695176e-14,Test
1348,6,-0.65409184,9.946199,-7.168876,-2.6444385,-5.0440936,-2.2073023,-0.7410774,-8.385226,2.490734e-05,0.99994326,3.6897102e-08,3.4035386e-06,3.088685e-07,5.2695887e-06,2.2832319e-05,1.0932985e-08,1,10.687333,0.9999772,False,0.0009769127,Test
1349,5,-4.7204366,62.770832,-44.650143,-14.229108,-22.964533,5.126595,-10.904883,-46.91985,4.885545e-30,1.0,0.0,3.625362e-34,5.8291236e-38,9.2347626e-26,1.007035e-32,0.0,1,57.644238,1.0,False,7.680388e-24,Test
1350,6,-4.6182547,42.54913,-29.23332,-10.33911,-16.005865,1.1914176,-7.583005,-30.124931,3.2769132e-21,1.0,6.687734e-32,1.0738135e-23,3.7144095e-26,1.0928838e-18,1.690017e-22,2.7419408e-32,1,50.132133,1.0,False,6.5444664e-17,Test
1351,6,-2.8909168,-1.661046,1.5114315,-1.2787043,-1.4551417,-6.006,-0.2913555,2.665859,0.0027191,0.009301464,0.2219938,0.013633276,0.011428112,0.00012065961,0.036593206,0.7042103,7,3.3078926,0.9634068,False,1.2586689,Test
1352,1,-4.995842,97.45116,-69.70775,-20.450064,-35.23639,9.225502,-15.904679,-78.076485,3e-45,1.0,0.0,0.0,0.0,4.831534e-39,0.0,0.0,1,-0.0,0.0,True,6.1497115e-37,Test
1353,4,-5.8300104,24.238853,-11.367003,-8.178391,-9.009397,-2.8876197,-6.8569636,-18.567705,8.734917e-14,1.0,3.4401108e-16,8.343914e-15,3.6347027e-15,1.6562378e-12,3.127937e-14,2.5665434e-19,1,33.24825,1.0,False,7.059198e-11,Test
1354,6,-4.8420577,40.935947,-28.619873,-10.198126,-15.244136,1.5810468,-7.7229433,-27.701637,1.3148179e-20,1.0,6.1985862e-31,6.205189e-23,3.9930012e-25,8.098115e-18,7.374162e-22,1.5526518e-30,1,48.65889,1.0,False,4.607124e-16,Test
1355,6,-4.568533,50.627617,-35.537987,-11.578243,-18.832062,2.7684026,-8.63782,-36.98536,1.0681098e-24,1.0,3.7910003e-38,9.645799e-28,6.8240917e-31,1.6406166e-21,1.8253548e-26,8.915956e-39,1,59.265438,1.0,False,1.1336512e-19,Test
1356,4,-3.620012,43.57778,-30.350145,-9.783101,-16.302164,2.8545418,-7.581417,-33.928017,3.1787719e-21,1.0,7.8254635e-33,6.6936575e-24,9.8734925e-27,2.0612071e-18,6.0512106e-23,2.1860469e-34,1,59.879944,1.0,False,1.2131985e-16,Test
1357,4,-3.491111,19.673674,-13.27805,-5.354421,-7.9148307,-0.7392268,-3.876381,-12.131429,8.702851e-11,1.0,4.889311e-15,1.3503189e-11,1.0434331e-12,1.3639228e-09,5.9202664e-11,1.538931e-14,1,27.588505,1.0,False,4.5616922e-08,Test
1358,6,-1.685511,5.075581,-4.1238246,-1.7488856,-3.8369017,-3.976566,1.0812869,-3.6293967,0.0011339423,0.9792554,9.9002194e-05,0.001064309,0.00013190269,0.00011470927,0.018038318,0.00016232001,1,4.015257,0.98196167,False,0.16227546,Test
1359,5,-5.039576,41.89364,-29.04305,-10.12783,-15.962728,1.2366284,-7.439408,-29.563555,4.141553e-21,1.0,1.558068e-31,2.554836e-23,7.469643e-26,2.2023446e-18,3.7577714e-22,9.258403e-32,1,40.65701,1.0,False,1.2948908e-16,Test
1360,6,-2.194795,-0.96118367,2.1040003,-2.012987,-0.94469005,-6.04817,0.05630771,0.4218897,0.0094389105,0.032409504,0.6948082,0.011320878,0.03294849,0.0002001808,0.089652695,0.12922114,2,2.411812,0.9103473,False,1.5201266,Test
1361,4,-5.0946674,20.540764,-13.433365,-6.614669,-8.213915,-1.8303987,-5.0538588,-9.892929,7.356541e-12,1.0,1.758828e-15,1.6089591e-12,3.2508856e-13,1.924543e-10,7.662954e-12,6.06478e-14,1,28.754679,1.0,False,6.8457178e-09,Test
1362,6,-3.0102656,9.492881,-6.293668,-2.518241,-5.0040755,-3.0963552,-0.50327027,-7.5001593,3.7147258e-06,0.9999405,1.3930388e-07,6.0758953e-06,5.058552e-07,3.4083039e-06,4.5572302e-05,4.1686036e-08,1,9.99621,0.9999544,False,0.0009919223,Test
1363,6,-4.483589,3.9176238,-0.45378527,-2.1122968,-2.669765,-3.7618065,-1.8377159,-1.4448332,0.00021912568,0.97564894,0.012325791,0.0023471043,0.0013440854,0.0004509823,0.00308874,0.00457518,1,5.779992,0.9969113,False,0.2151858,Test
1364,4,-4.200972,45.93774,-31.17297,-11.0380745,-16.756723,2.2033508,-8.548175,-33.836067,1.6789325e-22,1.0,3.2452196e-34,1.8018475e-25,5.917517e-28,1.01483545e-19,2.1730379e-24,2.262962e-35,1,62.694466,1.0,False,6.415474e-18,Test
1365,6,-3.9762895,-2.351201,1.1111306,-0.8740695,-1.0699704,-4.4908214,1.1639678,0.50534236,0.0021352775,0.010844793,0.345854,0.047504134,0.039052848,0.0012764273,0.36461937,0.18871324,6,1.0089014,0.6353806,True,2.0079985,Test
1366,6,-2.3361914,33.723736,-23.811068,-7.175593,-13.134378,1.9410663,-4.971303,-27.185246,2.1845996e-16,1.0,1.03027114e-25,1.7284094e-18,4.4645607e-21,1.5738458e-14,1.5666017e-17,3.5283e-27,1,38.695038,1.0,False,7.339927e-13,Test
1367,6,-2.3027968,5.7128215,-3.0988607,-2.5342135,-3.3676221,-4.0660343,-1.4343615,-1.9779501,0.0003295535,0.99784875,0.00014866199,0.00026147062,0.00011362614,5.6514695e-05,0.000785385,0.0004560422,1,7.1493363,0.9992146,False,0.02736287,Test
1368,6,-5.460413,51.380516,-35.529716,-12.481335,-19.137354,2.343551,-9.249343,-36.553493,2.0620491e-25,1.0,1.8003857e-38,1.8414105e-28,2.3685308e-31,5.0526236e-22,4.6642988e-27,6.467651e-39,1,60.62986,1.0,False,3.5762314e-20,Test
1369,6,-3.1542726,-2.018928,2.2358491,-1.5141865,-1.0312569,-5.9540114,-0.7968316,4.024159,0.00064171274,0.0019971677,0.14068273,0.003308423,0.0053623426,3.9032784e-05,0.0067789787,0.84118956,7,4.993929,0.99322104,False,0.74977005,Test
1370,6,-6.5482855,120.426994,-86.27463,-25.331451,-43.213345,13.397572,-20.136827,-97.11775,0.0,1.0,0.0,0.0,0.0,0.0,0.0,0.0,1,140.56383,1.0,False,0.0,Test
1371,4,-4.6564827,25.15354,-16.256659,-6.9207225,-9.652339,-0.6807432,-5.400914,-16.597254,1.1315449e-13,1.0,1.0370016e-18,1.1757786e-14,7.655955e-16,6.0299526e-12,5.3748814e-14,7.3766773e-19,1,34.805878,1.0,False,2.3256064e-10,Test
1372,6,-5.381977,74.95014,-53.36886,-16.301167,-27.413055,6.954019,-12.343818,-58.07817,1.294799e-35,1.0,0.0,2.34454e-40,3e-45,2.9488891e-30,1.2266329e-38,0.0,1,87.29396,1.0,False,2.8928065e-28,Test
1373,6,-1.672146,-1.114809,2.286627,-1.7945721,-0.9982855,-5.75822,-0.6828988,1.0783788,0.013098874,0.022870852,0.68628937,0.011589508,0.02569732,0.00022012755,0.035225615,0.20500842,2,3.3459818,0.96477437,False,1.4309992,Test
1374,6,-2.859663,10.097858,-5.9101744,-3.5172591,-4.7010403,-2.8630104,-2.3176208,-5.516689,2.3583882e-06,0.9999893,1.1163352e-07,1.2218692e-06,3.7403763e-07,2.350507e-06,4.055282e-06,1.6545634e-07,1,12.41549,0.99999595,False,0.00021435972,Test
1375,6,-5.486931,102.41355,-73.630066,-21.707657,-37.24776,10.387819,-16.644619,-81.23337,0.0,1.0,0.0,0.0,0.0,1.08077e-40,0.0,0.0,1,119.05817,1.0,False,1.434879e-38,Test
1376,4,-5.2089076,35.03726,-22.964422,-9.242167,-12.926344,0.18265738,-7.3549,-23.311472,3.3213305e-18,1.0,6.459384e-26,5.884226e-20,1.4779956e-21,7.291888e-16,3.88436e-19,4.5652826e-26,1,47.9636,1.0,False,3.6887397e-14,Test
1377,6,-1.8406258,11.562815,-7.095418,-3.7011616,-5.204698,-2.3923624,-2.374156,-7.1984196,1.5099349e-06,0.9999964,7.885523e-09,2.3492966e-07,5.22348e-08,8.6964485e-07,8.8562314e-07,7.113739e-09,1,13.936975,0.9999991,False,7.642873e-05,Test
1378,6,-2.088433,-0.4701756,1.6711268,-1.5924753,-1.2178845,-5.1487293,1.1937351,-1.5100001,0.012274807,0.061917726,0.5269517,0.020156091,0.029314945,0.0005753669,0.32692054,0.021888947,2,1.1180382,0.6730795,False,1.7304784,Test
1379,6,-0.38117653,5.172078,-2.1645057,-2.464784,-3.0986962,-4.4470234,-1.3259357,-3.6860588,0.0038479695,0.99306905,0.0006467575,0.0004789967,0.0002541134,6.5986744e-05,0.0014959871,0.00014123404,1,6.504969,0.99850404,False,0.072762944,Test
1380,5,-4.286537,35.858105,-24.976538,-8.770174,-13.723857,1.1455034,-6.304377,-25.026869,3.6762376e-18,1.0,3.8005928e-27,4.1512986e-20,2.9297277e-22,8.404445e-16,4.8872684e-19,3.6140387e-27,1,34.7126,1.0,False,4.233454e-14,Test
1381,6,-2.3713071,33.407604,-23.15599,-7.702664,-12.848793,1.4326949,-5.5369344,-26.060797,2.893451e-16,1.0,2.72109e-25,1.3997085e-18,8.148955e-21,1.2985944e-14,1.2206804e-17,1.4900555e-26,1,38.94454,1.0,False,6.14747e-13,Test
1382,1,-6.0861063,81.35526,-56.86017,-18.070705,-29.356852,6.5615516,-14.02186,-63.097733,1.0585134e-38,1.0,0.0,6.6e-44,0.0,3.2923422e-33,3.786e-42,0.0,1,-0.0,0.0,True,3.552599e-31,Test
1383,4,-4.872563,1.3490386,0.42732552,-1.7347566,-2.0807445,-4.4024224,-1.0684249,2.7040768,0.0003645999,0.18357933,0.07303463,0.0084052095,0.0059468606,0.00058343966,0.016365629,0.7117203,7,5.1248918,0.9940531,False,1.2833076,Test
1384,6,-4.727397,38.400867,-25.567976,-9.637257,-14.40335,1.2981644,-7.361404,-27.829176,1.8605114e-19,1.0,1.6545698e-28,1.3718536e-21,1.1679369e-23,7.7001787e-17,1.3356659e-20,1.7244811e-29,1,45.76227,1.0,False,4.1342967e-15,Test
1385,6,-2.6304348,12.264384,-7.708672,-3.88389,-5.238767,-2.3950088,-2.8390236,-6.4155827,3.3982997e-07,0.9999988,2.1174402e-09,9.702718e-08,2.5030966e-08,4.3003703e-07,2.7584986e-07,7.71602e-09,1,15.103409,0.9999997,False,2.7289332e-05,Test
1386,6,-0.6522708,-0.42491013,1.2855577,-1.4906468,-1.5860709,-5.942845,-0.108729936,-0.8517667,0.07955016,0.099857934,0.552369,0.034398455,0.031267762,0.00040084263,0.13699283,0.06516301,2,1.9878267,0.8630072,False,2.0730996,Test
1387,4,-3.8574655,17.123018,-11.783889,-4.6639,-7.2509084,-1.0987673,-3.3579385,-9.285272,7.731995e-10,1.0,2.791838e-13,3.451926e-10,2.5973971e-11,1.22005295e-08,1.2741876e-09,3.3964483e-12,1,24.373926,1.0,False,3.936908e-07,Test
1388,5,-3.8902237,68.515305,-49.98765,-14.456359,-25.609825,6.7069397,-10.420197,-54.06861,3.5865752e-32,1.0,0.0,9.244086e-37,1.3242e-41,1.4353843e-27,5.2329605e-35,0.0,1,61.808365,1.0,False,1.2799786e-25,Test
1389,6,-1.009071,2.6116018,-1.9515768,-1.7418776,-2.5840473,-4.557001,1.4260693,-3.1019347,0.01960421,0.7324661,0.007638785,0.009420967,0.0040583154,0.0005642906,0.22382948,0.002417855,1,1.4968708,0.7761705,False,1.1000437,Test
1390,6,-2.9916513,39.979324,-27.402727,-9.275236,-14.859863,2.0667818,-7.009344,-31.33913,2.1774245e-19,1.0,5.4493876e-30,4.064577e-22,1.5263123e-24,3.4260306e-17,3.918138e-21,1.0636294e-31,1,46.98867,1.0,False,1.8877033e-15,Test
1391,4,-6.3587394,78.85983,-54.863075,-18.017218,-28.423967,5.797417,-13.96347,-59.855293,9.773347e-38,1.0,0.0,8.45e-43,0.0,1.8594986e-32,4.868e-41,0.0,1,107.2838,1.0,False,1.9600497e-30,Test
1392,6,-2.76208,17.780146,-11.513473,-5.049958,-7.280106,-1.4448433,-3.6240199,-11.386406,1.1984642e-09,1.0,1.8964599e-13,1.2162181e-10,1.3075888e-11,4.473973e-09,5.0616156e-10,2.1534143e-13,1,21.404165,1.0,False,1.7973287e-07,Test
1393,4,-3.2367492,18.20433,-11.47516,-5.065336,-7.1649423,-1.0406293,-3.8785567,-11.124301,4.8781734e-10,1.0,1.2893228e-13,7.8363205e-11,9.5998634e-12,4.3855146e-09,2.5675786e-10,1.8312043e-13,1,25.369272,1.0,False,1.4802708e-07,Test
1394,5,-5.81342,65.96496,-46.513153,-15.106809,-24.317703,4.5027676,-11.270342,-48.91632,6.714985e-32,1.0,0.0,6.179848e-36,6.17645e-40,2.0291334e-27,2.8650765e-34,0.0,1,61.46219,1.0,False,1.7993266e-25,Test
1395,6,-7.209076,110.02876,-77.71064,-23.686367,-39.535088,10.742708,-18.423092,-86.55396,0.0,1.0,0.0,0.0,0.0,7.6e-44,0.0,0.0,1,128.45186,1.0,False,1.084e-41,Test
1396,6,-5.6270943,75.29073,-53.459538,-16.902473,-27.53057,5.895936,-12.533607,-56.75266,7.2082915e-36,1.0,0.0,9.1411e-41,3e-45,7.28152e-31,7.217278e-39,0.0,1,87.82434,1.0,False,7.290017e-29,Test
1397,6,-1.4912705,30.694805,-22.304398,-6.677237,-12.139432,1.4899246,-4.1848636,-24.237583,1.0513912e-14,1.0,9.610339e-24,5.8820363e-17,2.496477e-19,2.0724396e-13,7.1113514e-16,1.3904869e-24,1,34.87967,1.0,False,9.259144e-12,Test
1398,1,-4.735563,68.146835,-47.831593,-15.114285,-24.942026,5.194819,-11.617314,-52.912018,2.2262588e-32,1.0,0.0,6.9207544e-37,3.7326e-41,4.5739064e-28,2.2849079e-35,0.0,1,-0.0,0.0,True,4.1542824e-26,Test
1399,6,-4.967098,4.8433394,-1.355623,-2.7449336,-3.0490434,-4.4723964,-2.0309448,-0.49411234,5.4391792e-05,0.99118,0.0020136198,0.0005018887,0.00037028344,8.920309e-05,0.0010249172,0.004765699,1,6.8831434,0.9989751,False,0.08933056,Test
1400,1,-5.3558016,93.59285,-66.78641,-19.996904,-33.97325,8.829425,-15.399017,-73.66061,1.06e-43,1.0,0.0,0.0,0.0,1.5406751e-37,0.0,0.0,1,-0.0,0.0,True,1.8840587e-35,Test
1401,1,-4.6129603,65.45012,-46.277752,-14.300518,-24.162132,4.9252653,-10.615827,-50.022972,3.7324245e-31,1.0,0.0,2.3159903e-35,1.207519e-39,5.180724e-27,9.225254e-34,0.0,1,-0.0,0.0,True,4.5241296e-25,Test
1402,6,-1.7809635,8.5252695,-6.0977736,-2.8274825,-4.5385933,-2.835871,-0.818484,-6.067057,3.341917e-05,0.99985266,4.458914e-07,1.1735418e-05,2.1201788e-06,1.1637387e-05,8.749743e-05,4.5979988e-07,1,9.343901,0.9999125,False,0.0023308832,Test
1403,6,-2.321355,10.118262,-6.357398,-3.1824808,-5.058658,-2.7061768,-1.4372183,-7.961377,3.9585393e-06,0.99998176,6.993647e-08,1.6732189e-06,2.5629464e-07,2.6940706e-06,9.583198e-06,1.4063857e-08,1,11.555499,0.9999904,False,0.00034671085,Test
1404,6,-3.591992,44.226555,-31.879236,-9.886546,-16.812498,3.013096,-7.1709046,-32.8799,1.7087134e-21,1.0,8.864938e-34,3.1548478e-24,3.0979563e-27,1.2624732e-18,4.7683303e-23,3.2590397e-34,1,51.39746,1.0,False,7.5186363e-17,Test
1405,4,-7.1325264,52.010983,-32.48245,-13.532976,-18.441204,0.9752164,-11.226694,-39.110073,2.0620559e-26,1.0,2.018223e-37,3.424677e-29,2.529322e-31,6.846178e-23,3.4373612e-28,2.67072e-40,1,70.45219,1.0,False,5.04257e-21,Test
1406,5,-4.6589355,62.573578,-44.465477,-13.86165,-23.03781,4.891225,-10.302797,-46.809647,6.3283485e-30,1.0,0.0,6.376802e-34,6.598513e-38,8.88939e-26,2.2397173e-32,0.0,1,57.682354,1.0,False,7.398192e-24,Test
1407,6,-2.1901212,3.9174447,-3.738126,-1.3791193,-3.2654476,-1.9925364,0.37443352,-3.051678,0.0021381972,0.960572,0.00045473428,0.004811288,0.0007295237,0.0026052995,0.027785596,0.00090339634,1,3.5832376,0.9722144,False,0.29954386,Test
1408,6,-1.6492783,23.32805,-16.991882,-5.340677,-9.572408,0.15277974,-3.059851,-17.383335,1.42063895e-11,1.0,3.085151e-18,3.5426618e-13,5.146501e-15,8.6120805e-11,3.4664112e-12,2.0857824e-18,1,26.387901,1.0,False,3.538221e-09,Test
1409,6,-0.41331682,3.2181067,-2.256875,-2.0531244,-2.5588977,-4.5852675,0.6624095,-3.4727387,0.0236797,0.8943003,0.0037473908,0.0045942725,0.0027705266,0.00036519175,0.06943176,0.0011109285,1,2.6674109,0.9305682,False,0.6436926,Test
1410,6,-3.5971396,-0.8832756,2.0464184,-1.641287,-1.3050847,-4.926045,-0.3751294,1.8155019,0.0017696454,0.02669945,0.49986455,0.0125112925,0.017511083,0.00046854347,0.044380017,0.39679533,2,3.114966,0.95562,False,1.5708276,Test
1411,6,-3.9273484,43.08891,-29.566587,-10.065705,-16.05304,2.035667,-7.49795,-31.587803,3.8115227e-21,1.0,2.7933128e-32,8.22706e-24,2.0652758e-26,1.481848e-18,1.0725204e-22,3.700974e-33,1,50.58686,1.0,False,8.803286e-17,Test
1412,6,-2.9009492,31.322344,-23.063816,-6.941448,-12.518271,1.4918207,-4.4670897,-22.169004,1.3709214e-15,1.0,2.4009883e-24,2.4112677e-17,9.1256355e-20,1.1085842e-13,2.8631688e-16,5.8749288e-24,1,35.789433,1.0,False,4.8547485e-12,Test
1413,4,-4.432966,5.78703,-1.7262218,-3.232542,-2.7091725,-3.6308115,-2.9804213,-1.1702178,3.635821e-05,0.9979081,0.00054466136,0.00012076473,0.00020381526,8.109121e-05,0.00015539421,0.0009497215,1,8.498297,0.9997962,False,0.026130442,Test
1414,6,-0.18685465,12.992337,-9.31584,-3.1927354,-6.0013537,-1.8874365,-0.9357323,-10.706336,1.8895067e-06,0.9999968,2.0496514e-10,9.3521436e-08,5.638241e-09,3.4498072e-07,8.935421e-07,5.1026478e-11,1,13.928072,0.9999991,False,6.8276844e-05,Test
1415,6,-5.030206,81.457344,-58.03861,-18.135649,-29.854425,9.074496,-14.418376,-64.80345,2.7474816e-38,1.0,0.0,5.6e-44,0.0,3.6688284e-32,2.3e-42,0.0,1,95.87572,1.0,False,3.831228e-30,Test
1416,6,-2.797382,25.031462,-16.032364,-6.717314,-9.543394,-1.0107206,-5.040153,-18.17046,8.205151e-13,1.0,1.4662442e-18,1.6281034e-14,9.645636e-16,4.898055e-12,8.7109085e-14,1.7284019e-19,1,30.071615,1.0,False,2.2154005e-10,Test
1417,6,-2.594415,1.9421782,0.80118984,-2.0869203,-1.8714453,-4.4871964,-1.3554443,0.0043623056,0.006897668,0.64405024,0.20577604,0.011457886,0.014212947,0.0010391489,0.023811152,0.09275493,1,3.7376013,0.97618884,False,1.5456595,Test
1418,6,-0.6361975,0.18200576,0.1063282,-1.393428,-1.724382,-4.6737366,0.23092212,-0.30859193,0.10041392,0.22758052,0.21099333,0.047090456,0.033822164,0.0017713849,0.2389897,0.13933851,6,1.4313349,0.7610103,True,2.5713353,Test
1419,4,-3.8931785,3.1731124,0.1254797,-2.2447503,-2.2556686,-2.5734098,-2.2010558,-1.3387038,0.0007931477,0.92940545,0.044119965,0.004123417,0.0040786415,0.0029684003,0.004307582,0.010203483,1,5.5019913,0.9959214,False,0.49629053,Test
1420,6,-3.6469586,40.799557,-29.078094,-9.23586,-15.664165,2.0930161,-6.493114,-29.628315,4.9787943e-20,1.0,4.49283e-31,1.8616374e-22,3.0068863e-25,1.5486869e-17,2.8910384e-21,2.591576e-31,1,47.29267,1.0,False,8.682168e-16,Test
1421,6,-4.671632,77.20576,-55.30425,-16.430717,-28.264515,7.39149,-12.586014,-61.05725,2.7612275e-36,1.0,0.0,2.1587e-41,0.0,4.7868274e-31,1.009089e-39,0.0,1,89.79177,1.0,False,4.821359e-29,Test
1422,4,-4.384748,25.444704,-17.3626,-6.789624,-9.925646,-0.08376336,-4.941222,-15.844505,1.109771e-13,1.0,2.5646254e-19,1.0018638e-14,4.353637e-16,8.187053e-12,6.3615115e-14,1.170375e-18,1,35.37035,1.0,False,3.0958028e-10,Test
1423,6,-4.370687,38.252075,-26.043459,-9.467003,-14.416554,0.88030654,-7.089004,-26.664967,3.0843962e-19,1.0,1.1934526e-28,1.8874163e-21,1.3375351e-23,5.8836517e-17,2.035257e-20,6.410452e-29,1,45.34108,1.0,False,3.1926622e-15,Test
1424,4,-4.0333676,5.430851,-3.138491,-2.6435413,-3.315993,-2.9212956,-1.5523095,-0.8017112,7.727994e-05,0.9961494,0.0001891066,0.00031021333,0.00015835007,0.0002349814,0.0009237967,0.0019568482,1,8.750702,0.99984163,False,0.044304542,Test
1425,6,-3.0394611,26.085045,-18.317667,-6.0749097,-10.68661,0.0518833,-3.847631,-18.868032,2.2458863e-13,1.0,5.2017334e-20,1.0792186e-14,1.0721923e-16,4.942444e-12,1.00093036e-13,3.000031e-20,1,29.932676,1.0,False,1.998934e-10,Test
1426,6,-2.9521792,32.088005,-23.45181,-7.198492,-12.710944,1.5680648,-4.665521,-23.206345,6.0567747e-16,1.0,7.574668e-25,8.67142e-18,3.4999605e-20,5.5636363e-14,1.09180985e-16,9.682088e-25,1,36.753525,1.0,False,2.486624e-12,Test
1427,4,-3.3385334,58.064857,-41.32437,-12.460935,-21.335169,4.7367973,-9.440048,-45.240303,2.1520233e-27,1.0,6.9e-44,2.34983e-31,3.2885734e-35,6.917e-24,4.8193888e-30,1e-45,1,79.400024,1.0,False,5.323583e-22,Test
1428,6,-0.4387014,9.564864,-5.4816256,-3.2827632,-4.360807,-3.1619713,-2.2302659,-6.4574265,4.523563e-05,0.9999403,2.9198907e-07,2.6322084e-06,8.9563724e-07,2.9701594e-06,7.5407456e-06,1.10047814e-07,1,11.79519,0.99999243,False,0.0009974433,Test
1429,4,-4.112516,27.214096,-18.721222,-6.79955,-10.737144,0.32588726,-4.687213,-18.290028,2.4832765e-14,1.0,1.123427e-20,1.6906807e-15,3.2959882e-17,2.101839e-12,1.3977745e-14,1.7290605e-20,1,37.95124,1.0,False,8.3383855e-11,Test
1430,4,-3.7276392,35.577705,-24.94847,-8.332783,-13.677485,1.4912872,-5.884268,-25.297297,8.509541e-18,1.0,5.1738706e-27,8.50976e-20,4.0620195e-22,1.572015e-15,9.846752e-19,3.6502566e-27,1,49.25519,1.0,False,7.785275e-14,Test
1431,6,-1.6312934,14.281005,-9.005909,-3.704009,-6.2457185,-2.0347698,-2.1160636,-10.996199,1.228504e-07,0.99999964,7.7023145e-11,1.545993e-08,1.2171859e-09,8.206327e-08,7.5656054e-08,1.0525682e-11,1,16.397068,0.99999994,False,7.411717e-06,Test
1432,6,-0.028581427,6.504161,-5.6924114,-1.6108634,-4.241371,-3.0063624,1.4162608,-6.8929825,0.0014434234,0.9920368,5.0075323e-06,0.0002966316,2.1369902e-05,7.3478484e-05,0.006121824,1.5073786e-06,1,5.0958953,0.9938782,False,0.07500399,Test
1433,6,-1.2701784,2.0289276,-0.91438615,-1.4434624,-2.3120143,-4.5560236,0.12174028,-1.1871954,0.027889393,0.75547945,0.039806847,0.02345216,0.009839557,0.001043313,0.112186804,0.030302478,1,2.18759,0.8878132,False,1.3446101,Test
1434,6,-1.0634251,15.935493,-11.641776,-4.1277094,-7.193849,-1.7391019,-2.2254016,-11.614356,4.1444174e-08,1.0,1.0552214e-12,1.934916e-09,9.016832e-11,2.1087299e-08,1.296653e-08,1.084556e-12,1,18.160894,1.0,False,1.952925e-06,Test
1435,6,-3.472486,41.04759,-28.529905,-9.412412,-15.455501,2.3876336,-6.936541,-31.25737,4.6257058e-20,1.0,6.065677e-31,1.2175894e-22,2.8908118e-25,1.6225396e-17,1.4479606e-21,3.966011e-32,1,47.98413,1.0,False,9.080438e-16,Test
1436,4,-3.8859131,10.473946,-5.4089184,-4.1287208,-4.492249,-3.101394,-3.4948497,-4.93842,5.802177e-07,0.99999607,1.2651968e-07,4.5513545e-07,3.1641915e-07,1.2714619e-06,8.578817e-07,2.0253181e-07,1,14.966198,0.9999997,False,8.353698e-05,Test
1437,4,-5.3291163,29.604372,-19.22054,-8.652372,-11.010984,-0.8043075,-6.992284,-17.985973,6.7387506e-16,1.0,6.2461113e-22,2.4283262e-17,2.2960156e-18,6.218392e-14,1.277244e-16,2.1467169e-21,1,40.615356,1.0,False,2.7702174e-12,Test
1438,6,-2.2507071,13.051996,-8.292726,-4.035524,-5.434977,-2.1079087,-2.8972237,-8.097104,2.2600597e-07,0.9999994,5.371609e-10,3.793009e-08,9.35857e-09,2.6069753e-07,1.1839725e-07,6.532234e-10,1,15.949221,0.9999999,False,1.566864e-05,Test
1439,4,-3.8961546,18.562399,-11.64865,-5.949343,-7.3829308,-1.9210469,-4.7752814,-10.131423,1.7634949e-10,1.0,7.5771956e-14,2.2630068e-11,5.396181e-12,1.27102e-09,7.3210604e-11,3.4548715e-13,1,25.94533,1.0,False,4.6759045e-08,Test
1440,6,-6.167648,-2.6015587,5.936509,-1.7854561,-0.6530891,-5.64505,-1.9047602,1.2780179,5.4713323e-06,0.0001935645,0.9882378,0.00043777862,0.001358424,9.2268665e-06,0.00038854504,0.009369242,2,7.8531013,0.99961144,False,0.10485922,Test
1441,6,-2.2285433,14.971447,-9.127912,-4.0142016,-6.2133017,-1.7823988,-2.8509223,-10.699213,3.3895304e-08,1.0,3.418078e-11,5.6837814e-09,6.3034766e-10,5.295384e-08,1.8190459e-08,7.101891e-12,1,17.822369,1.0,False,2.937119e-06,Test
1442,4,-5.7280235,35.65919,-21.945396,-9.7311535,-12.998521,-0.573015,-7.939697,-25.313927,1.0611115e-18,1.0,9.6082765e-26,1.9374237e-20,7.3828596e-22,1.8388807e-16,1.1620996e-19,3.3091113e-27,1,48.65771,1.0,False,9.6841895e-15,Test
1443,6,-4.6459856,-2.3722725,1.4288208,-0.55368346,-1.5535753,-5.8809795,2.9973655,-0.920117,0.00037651858,0.0036580316,0.16369723,0.02254502,0.008294749,0.0001095053,0.78569067,0.01562826,6,0.2411921,0.21430933,True,1.0105816,Test
1444,4,-2.4272106,22.96695,-16.127577,-5.3898964,-9.331241,-0.3952978,-3.5054898,-16.289213,9.363899e-12,1.0,1.0506598e-17,4.839253e-13,9.398831e-15,7.143398e-11,3.1854142e-12,8.938494e-18,1,32.29819,1.0,False,2.8926022e-09,Test
1445,6,-3.1338763,3.3505764,-1.6443739,-1.8351783,-2.4852982,-3.1312537,-1.1249503,-0.55099547,0.0014543639,0.95243454,0.0064499415,0.005329549,0.0027819353,0.0014581832,0.0108427275,0.019248817,1,4.5242605,0.98915726,False,0.38568115,Test
1446,4,-4.80386,17.901926,-10.636352,-5.753213,-6.912987,-1.95165,-4.7280097,-9.420397,1.3772175e-10,1.0,4.0363044e-13,5.329706e-11,1.6711688e-11,2.386169e-09,1.4857426e-10,1.3616515e-12,1,24.814913,1.0,False,8.019576e-08,Test
1447,5,-4.403558,65.06578,-46.3477,-14.276773,-24.008175,5.1383667,-10.64586,-49.94052,6.7584963e-31,1.0,0.0,3.4831117e-35,2.068574e-39,9.415748e-27,1.314779e-33,0.0,1,59.927414,1.0,False,8.1412506e-25,Test
1448,6,-2.0302782,2.8379219,-0.40936747,-2.3425055,-2.145953,-4.8411427,-1.4337003,0.0027567502,0.0067897816,0.88325953,0.034340646,0.004968866,0.0060481005,0.00040842552,0.012329526,0.05185514,1,4.3957586,0.9876705,False,0.7608908,Test
1449,5,-6.483753,75.12527,-51.557537,-17.474726,-27.094585,4.8521333,-13.729106,-57.54232,3.611197e-36,1.0,0.0,6.086e-41,4e-45,3.0252859e-31,2.576542e-39,0.0,1,70.27313,1.0,False,3.067159e-29,Test
1450,4,-4.751806,39.205193,-25.544786,-9.683364,-14.18758,1.1398785,-7.902541,-28.697666,8.123044e-20,1.0,7.5760397e-29,5.860967e-22,6.4835586e-24,2.940652e-17,3.47833e-21,3.23714e-30,1,53.392773,1.0,False,1.6203369e-15,Test
1451,6,-3.9028182,29.873573,-20.355265,-7.637794,-11.353884,0.30308548,-5.7014837,-19.229637,2.143385e-15,1.0,1.5342413e-22,5.1170534e-17,1.2449265e-18,1.4378059e-13,3.547714e-16,4.7287534e-22,1,35.575058,1.0,False,6.2593485e-12,Test
1452,6,-0.40219033,6.2928586,-3.3132079,-2.6990755,-3.4840033,-4.155129,-1.2775012,-4.386854,0.0012344872,0.9979512,6.7181165e-05,0.00012415438,5.663332e-05,2.894716e-05,0.00051445083,2.2959857e-05,1,7.5724106,0.99948555,False,0.02463185,Test
1453,6,-5.0711694,-2.3311536,6.079619,-2.206707,-0.37998438,-6.129214,-2.4489868,1.3884194,1.4201599e-05,0.00021994347,0.9886967,0.00024909078,0.0015477221,4.9298574e-06,0.00019549551,0.009071959,2,8.539973,0.9998045,False,0.10058976,Test
1454,6,-3.9299276,34.590744,-24.46602,-8.096969,-13.547868,1.0510014,-5.58464,-24.587868,1.8650254e-17,1.0,2.2489192e-26,2.890424e-19,1.2407004e-21,2.7156596e-15,3.5649396e-18,1.9909276e-26,1,40.175385,1.0,False,1.3266528e-13,Test
1455,5,-5.9154882,61.66598,-42.46285,-14.721273,-22.415379,3.7719865,-11.406651,-45.162643,4.4641826e-30,1.0,0.0,6.6901773e-34,3.0473995e-37,7.1937964e-26,1.840599e-32,0.0,1,57.893993,1.0,False,6.008939e-24,Test
1456,6,-5.7374735,46.543125,-30.018887,-11.960205,-16.89727,0.8720691,-9.598047,-34.56049,1.9716277e-23,1.0,5.6174703e-34,3.9113486e-26,2.8066377e-28,1.463231e-20,4.151431e-25,5.9861505e-36,1,56.141174,1.0,False,9.656381e-19,Test
1457,6,-3.7034767,8.749184,-5.2951627,-3.2755601,-4.3673835,-2.3378263,-2.255968,-4.4746885,3.9071324e-06,0.9999536,7.9542264e-07,5.9937674e-06,2.011532e-06,1.5309213e-05,1.6615108e-05,1.8068627e-06,1,11.0051985,0.9999834,False,0.00083857344,Test
1458,6,-6.690524,118.475655,-84.83727,-25.067095,-42.62849,13.758963,-19.832546,-95.36294,0.0,1.0,0.0,0.0,0.0,0.0,0.0,0.0,1,138.3082,1.0,False,0.0,Test
1459,4,-5.447007,41.589645,-27.933378,-10.5770235,-15.425776,0.7610118,-8.105259,-28.91644,3.73458e-21,1.0,6.405214e-31,2.2095508e-23,1.7318814e-25,1.8550272e-18,2.6168407e-22,2.3965965e-31,1,57.01542,1.0,False,1.09541014e-16,Test
1460,6,-2.7689133,6.7052965,-4.7223735,-1.9578649,-4.065541,-2.7433743,-0.44659686,-4.0145535,7.6717944e-05,0.9988356,1.0877277e-05,0.0001726358,2.0978701e-05,7.870244e-05,0.0007824671,2.2076085e-05,1,7.1530585,0.9992175,False,0.014880323,Test
1461,6,-2.8622608,19.722973,-13.8559,-5.1149883,-8.091717,-0.75595486,-3.3148937,-12.213873,1.553666e-10,1.0,2.611445e-15,1.6330914e-11,8.3221163e-13,1.2767761e-09,9.880562e-11,1.3489756e-14,1,23.037867,1.0,False,4.6687866e-08,Test
1462,4,-5.051176,2.0700786,3.121064,-2.707231,-1.6018311,-4.926805,-2.791624,-0.48876587,0.00020289328,0.2511825,0.7184996,0.00211461,0.006387034,0.00022976377,0.0019434736,0.019440047,2,5.0534854,0.99361295,False,1.041976,Test
1463,6,-2.6848588,2.2156181,0.8904817,-1.9838295,-1.8431213,-4.49815,-1.4168417,-0.33920178,0.0052755442,0.70878965,0.18837269,0.010634582,0.012241344,0.0008605279,0.018748222,0.055077374,1,3.9766564,0.9812518,False,1.3396935,Test
1464,6,-3.5384605,45.13938,-32.46695,-10.13584,-17.067818,2.9491186,-7.2637343,-33.841663,7.235727e-22,1.0,1.9769638e-34,9.869059e-25,9.632892e-28,4.7533753e-19,1.7442816e-23,4.999959e-35,1,52.403114,1.0,False,2.8984905e-17,Test
1465,1,-6.3062334,60.9497,-41.257202,-14.34053,-22.281183,3.364964,-10.924909,-46.741634,6.1818473e-30,1.0,4e-45,2.003866e-33,7.1332554e-37,9.8009225e-26,6.098922e-32,0.0,1,-0.0,0.0,True,8.142939e-24,Test
1466,6,-5.6388745,61.54979,-43.245808,-14.25077,-22.709972,4.30132,-10.58739,-45.439774,6.611995e-30,1.0,0.0,1.2029153e-33,2.5494632e-37,1.3718456e-25,4.6905343e-32,0.0,1,72.13718,1.0,False,1.1331005e-23,Test
1467,6,-2.5923076,-0.8969306,1.0862718,-1.2560862,-1.1947249,-5.5295115,1.0683755,0.5944559,0.00854411,0.046554286,0.33826223,0.032507256,0.034564413,0.0004529553,0.33226246,0.2068524,2,1.1018302,0.66773754,False,2.1255975,Test
1468,6,-5.9425654,53.089878,-36.187065,-12.924991,-19.474367,2.1824229,-9.797677,-38.17649,2.3042803e-26,1.0,1.688552e-39,2.1384858e-29,3.0601865e-32,7.783466e-23,4.878454e-28,2.3095e-40,1,62.887554,1.0,False,5.718492e-21,Test
1469,6,-1.6458901,20.525759,-13.925666,-5.1956663,-8.188694,-0.029182065,-3.7783182,-16.25189,2.349501e-10,1.0,1.0912816e-15,6.750368e-12,3.3843214e-13,1.1833208e-09,2.7853091e-11,1.065786e-16,1,24.304077,1.0,False,4.3847333e-08,Test
1470,6,-3.1508126,21.126497,-13.530215,-5.801672,-8.228434,-1.0526744,-4.2362185,-13.787949,2.8608723e-11,1.0,8.887537e-16,2.019504e-12,1.7836741e-13,2.3318883e-10,9.663003e-12,6.8683064e-16,1,25.362717,1.0,False,8.9032035e-09,Test
1471,4,-4.3319035,15.376112,-9.730127,-4.678733,-6.478273,-1.7382246,-3.5477972,-7.6351266,2.7600544e-09,1.0,1.248817e-11,1.951156e-09,3.226718e-10,3.6926515e-08,6.0457626e-09,1.0147201e-10,1,21.854385,1.0,False,1.2257251e-06,Test
1472,4,-3.9751809,-2.0359895,3.8064158,-1.4149374,-0.56937575,-5.7557764,-0.38235348,1.9851066,0.00034826767,0.002421549,0.83448327,0.0045062243,0.010496282,5.869626e-05,0.012654886,0.13503088,2,4.556734,0.98950374,False,0.81766355,Test
1473,6,-1.7736164,20.829092,-14.09241,-5.344529,-8.377942,-0.71583194,-3.7994864,-14.929365,1.5267512e-10,1.0,6.820006e-16,4.294774e-12,2.0679777e-13,4.3970205e-10,2.0134665e-11,2.9532442e-16,1,24.628578,1.0,False,1.9532058e-08,Test
1474,1,-3.7107744,56.38397,-40.879066,-11.997293,-21.099806,4.640018,-8.794652,-43.38056,7.96499e-27,1.0,5.75e-43,2.0062937e-30,2.234731e-34,3.3720042e-23,4.9349785e-29,4.8e-44,1,-0.0,0.0,True,2.5179216e-21,Test
1475,5,-4.2128725,58.42082,-42.49351,-12.611901,-22.045311,4.8994226,-8.957379,-44.59933,6.2883125e-28,1.0,1.5e-44,1.4154045e-31,1.13241525e-35,5.701023e-24,5.470424e-30,1e-45,1,53.521397,1.0,False,4.402622e-22,Test
1476,6,-4.357315,70.35885,-50.6329,-15.154352,-25.970411,6.1558576,-11.287464,-54.374084,3.5578074e-33,1.0,0.0,7.2793e-38,1.462e-42,1.3091721e-28,3.4790066e-36,0.0,1,81.64632,1.0,False,1.2126633e-26,Test
1477,6,-3.9043186,30.460537,-21.03463,-7.5648603,-11.893424,0.009904671,-5.391859,-20.806873,1.18996e-15,1.0,4.3244733e-23,3.060408e-17,4.0355994e-19,5.9629134e-14,2.688457e-16,5.430585e-23,1,35.852394,1.0,False,2.6941715e-12,Test
1478,6,-4.594908,29.329544,-18.385134,-8.128026,-11.031822,-0.99440217,-6.323658,-19.790163,1.8484042e-15,1.0,1.8957435e-21,5.399884e-17,2.9599293e-18,6.768268e-14,3.2810366e-16,4.6513935e-22,1,35.653202,1.0,False,3.0714287e-12,Test
1479,6,-5.6674924,3.9553728,-1.91132,-2.7106717,-3.1689627,-4.390307,-1.8932104,3.4929519,4.0417264e-05,0.6105544,0.0017292276,0.00077749597,0.00049166,0.00014495777,0.001760828,0.384501,1,6.341971,0.99823916,False,1.0126517,Test
1480,6,-2.8238633,22.843298,-14.8436775,-6.35739,-8.796596,-1.0625601,-4.8930926,-15.605101,7.1267775e-12,1.0,4.2929453e-17,2.0811461e-13,1.8153871e-14,4.1478036e-11,8.999915e-13,2.0048074e-17,1,27.736391,1.0,False,1.7400468e-09,Test
1481,6,-3.4633641,30.502848,-21.234852,-7.1186547,-12.028293,0.69545823,-4.7837143,-22.166698,1.7728052e-15,1.0,3.39314e-23,4.5834164e-17,3.3803436e-19,1.1345272e-13,4.7341466e-16,1.336306e-23,1,35.28656,1.0,False,4.9922857e-12,Test
1482,6,-2.9596648,11.343056,-6.167977,-3.9071221,-4.8477407,-2.7049925,-3.0194798,-6.8197837,6.143363e-07,0.9999976,2.483444e-08,2.3819415e-07,9.298773e-08,7.9251816e-07,5.786675e-07,1.2941297e-08,1,14.362537,0.9999994,False,5.2461743e-05,Test
1483,6,-1.188699,9.301931,-6.0923786,-2.8107507,-4.7617908,-2.7930431,-0.970162,-6.752085,2.7793601e-05,0.9999254,2.0620713e-07,5.489041e-06,7.8013625e-07,5.5871055e-06,3.4582306e-05,1.0660976e-07,1,10.272168,0.9999654,False,0.0012570113,Test
1484,6,-3.5690084,4.253848,-4.0216727,-1.4375159,-3.6474776,-2.5781095,0.08013444,-1.7786555,0.0003913676,0.97725576,0.00024888312,0.0032982256,0.00036183125,0.0010542088,0.015044834,0.0023449047,1,4.1967206,0.9849552,False,0.19317581,Test
1485,6,-1.2302648,23.617449,-16.444609,-5.5192027,-9.424823,-0.29164454,-3.7060635,-17.767706,1.6172425e-11,1.0,3.992726e-18,2.2187727e-13,4.466056e-15,4.1343998e-11,1.3600319e-12,1.0632996e-18,1,27.323513,1.0,False,2.0689959e-09,Test
1486,6,-1.1137058,16.576181,-11.546595,-3.9621832,-7.088549,-0.90227365,-1.9271288,-12.7006235,2.0767263e-08,1.0,6.115522e-13,1.2030998e-09,5.2788378e-11,2.5656867e-08,9.2069135e-09,1.9286116e-13,1,18.503311,1.0,False,1.4602283e-06,Test
1487,4,-5.179738,16.179688,-8.603566,-5.70864,-6.1340766,-2.178334,-5.170822,-8.772529,5.293218e-10,1.0,1.7249245e-11,3.1190311e-10,2.0382393e-10,1.0646648e-08,5.3406174e-10,1.456766e-11,1,22.313765,1.0,False,3.322902e-07,Test
1488,1,-5.4986534,94.83294,-68.53197,-20.394577,-34.597767,9.772108,-15.390688,-74.13724,2.7e-44,1.0,0.0,0.0,0.0,1.1443299e-37,0.0,0.0,1,-0.0,0.0,True,1.404286e-35,Test
1489,6,-0.8462176,-0.5375115,2.322744,-1.8479291,-1.3269067,-6.0931644,-1.2460653,-0.13154422,0.03350168,0.045617968,0.7967629,0.012303505,0.020716004,0.00017633817,0.022460273,0.068461336,2,3.7960072,0.9775397,False,1.21248,Test
1490,6,-5.131081,32.90145,-21.024845,-8.901884,-12.289482,-0.41906294,-7.0323434,-22.856445,3.0386546e-17,1.0,3.8028318e-24,6.9990864e-19,2.3649779e-20,3.381305e-15,4.5391317e-18,6.090504e-25,1,39.933796,1.0,False,1.6451642e-13,Test
1491,5,-5.712761,51.89933,-34.415703,-12.595267,-18.837282,1.9313743,-9.930955,-38.514404,9.536451e-26,1.0,3.2648068e-38,9.780292e-29,1.9031825e-31,1.9915546e-22,1.4042641e-27,5.41769e-40,1,49.967957,1.0,False,1.4364883e-20,Test
1492,1,-4.4421816,80.24153,-56.506237,-17.321253,-29.00371,7.576453,-13.630163,-64.080444,1.6685126e-37,1.0,0.0,4.26e-43,0.0,2.7666738e-32,1.7062e-41,0.0,1,-0.0,0.0,True,2.9004227e-30,Test
1493,4,-5.159352,37.122757,-23.63281,-9.750204,-13.604192,0.050817672,-7.7562633,-26.88413,4.3362436e-19,1.0,4.11331e-27,4.398766e-21,9.323232e-23,7.9407605e-17,3.230643e-20,1.5927997e-28,1,50.726948,1.0,False,4.275844e-15,Test
1494,4,-4.588229,13.543816,-7.27971,-4.615804,-5.550388,-2.4444299,-3.8617682,-7.435778,1.3346043e-08,0.9999999,9.0460334e-10,1.298306e-08,5.0990887e-09,1.13865816e-07,2.7596291e-08,7.738884e-10,1,19.094204,1.0,False,4.3717237e-06,Test
1495,6,-2.5056584,11.884811,-8.302505,-3.0109513,-5.776882,-1.7937602,-1.4473197,-7.9130893,5.627258e-07,0.9999962,1.7090628e-09,3.395087e-07,2.1361034e-08,1.1467537e-06,1.6215386e-06,2.5227787e-09,1,13.332135,0.9999984,False,7.8795485e-05,Test
1496,6,-4.6030507,15.17304,-9.718862,-4.690917,-6.8829474,-2.7338343,-3.1819015,-7.662523,2.578416e-09,1.0,1.5473334e-11,2.3615292e-09,2.637582e-10,1.6716399e-08,1.0679473e-08,1.209597e-10,1,18.354942,1.0,False,8.6882653e-07,Test
1497,6,-0.92327654,5.5780697,-3.3304224,-2.456433,-3.2202494,-3.5700912,-1.0093096,-3.140422,0.0014957937,0.9962548,0.00013472913,0.00032287178,0.00015042121,0.00010601678,0.0013724859,0.00016292122,1,6.5911317,0.99862754,False,0.04331847,Test
1498,5,-5.349254,79.804695,-55.740208,-17.39542,-28.769638,7.383937,-13.664921,-63.147045,1.0425843e-37,1.0,0.0,6.12e-43,0.0,3.5323447e-32,2.5506e-41,0.0,1,72.42076,1.0,False,3.690644e-30,Test
1499,6,-3.133249,13.490556,-8.365531,-4.1340384,-5.904257,-2.4071538,-2.8780537,-7.7087264,6.0307805e-08,0.99999976,3.2212322e-10,2.2168487e-08,3.7751953e-09,1.2465573e-07,7.783998e-08,6.2125344e-10,1,16.36861,0.99999994,False,7.1860304e-06,Test
1500,6,-3.953197,11.0831375,-7.2114825,-3.4331954,-5.296636,-2.1315498,-2.199174,-5.42197,2.9498554e-07,0.99999547,1.1343453e-08,4.9617495e-07,7.69755e-08,1.8236111e-06,1.7043684e-06,6.7907976e-08,1,13.282316,0.9999983,False,9.448744e-05,Test
1501,4,-4.596567,75.57013,-53.913254,-15.9641695,-27.657326,7.2944455,-12.09978,-59.449142,1.527731e-35,1.0,0.0,1.76667e-40,1e-45,2.2297115e-30,8.422545e-39,0.0,1,103.227455,1.0,False,2.1963055e-28,Test
1502,1,-6.201577,79.74913,-56.438873,-17.69221,-29.26784,6.3267145,-13.187428,-61.348446,4.6998334e-38,1.0,0.0,4.8e-43,0.0,1.2973274e-32,4.3467e-41,0.0,1,-0.0,0.0,True,1.3742149e-30,Test
1503,1,-5.538525,73.98204,-52.50216,-16.49201,-27.029902,6.207825,-12.550197,-55.90589,2.9151155e-35,1.0,0.0,5.10056e-40,1.4e-44,3.6815618e-30,2.627412e-38,0.0,1,-0.0,0.0,True,3.5997732e-28,Test
1504,6,1.6506579,2.2703094,-2.5690968,-1.4166594,-2.923703,-4.5234394,0.45401376,-4.0104113,0.30886984,0.5739668,0.004541083,0.014376613,0.0031853397,0.00064327865,0.09334254,0.001074495,1,2.3714793,0.90665746,False,1.4697584,Test
1505,6,-1.8469963,23.265364,-15.731479,-5.814074,-9.168702,-0.47077033,-4.0725546,-16.919153,1.2411967e-11,1.0,1.1584758e-17,2.349421e-13,8.20472e-15,4.9150524e-11,1.3405819e-12,3.5325315e-18,1,27.337917,1.0,False,2.1959041e-09,Test
1506,4,-1.0310255,2.9120276,-1.8355182,-1.5672122,-2.33404,-3.312939,-0.7373947,-1.4264302,0.017858222,0.9210527,0.007988248,0.010446607,0.004852285,0.0018231226,0.023953035,0.012025858,1,5.3283057,0.9951477,False,0.5969355,Test
1507,6,0.35304222,7.5873723,-5.2732854,-2.5644338,-4.1755195,-3.3658607,-0.76870775,-5.6016617,0.0007206516,0.9989759,2.5956274e-06,3.8965634e-05,7.780294e-06,1.7483422e-05,0.00023472295,1.8690913e-06,1,8.357104,0.9997653,False,0.012891938,Test
1508,6,-3.7250276,22.676435,-14.6936,-6.0618305,-8.966391,-1.2081403,-4.515807,-14.673993,3.4197196e-12,1.0,5.893873e-17,3.3046818e-13,1.8100694e-14,4.237024e-11,1.5508132e-12,6.010555e-17,1,27.192242,1.0,False,1.6656277e-09,Test
1509,4,-6.738247,51.44068,-34.212837,-13.116247,-18.770285,1.1616868,-10.318272,-36.35138,5.410189e-26,1.0,6.3262953e-38,9.189276e-29,3.219319e-31,1.4591828e-22,1.5080907e-27,7.454052e-39,1,70.21097,1.0,False,1.05891954e-20,Test
1510,6,-2.7488835,-0.32627076,0.9970174,-1.1872063,-1.7319307,-5.984507,1.4937825,-0.69845426,0.0071654934,0.080792956,0.30343822,0.03415655,0.019810852,0.00028185954,0.4986693,0.055684745,6,0.6958121,0.50133073,True,1.8807801,Test
1511,6,-5.0212893,3.1927273,-1.6886185,-1.5777819,-3.1289542,-4.8715334,0.2335171,-0.29091108,0.00024598592,0.90826476,0.0068908203,0.007698509,0.0016320786,0.00028572525,0.047102485,0.027879667,1,3.0554295,0.9528975,False,0.60266083,Test
1512,6,-2.1916099,36.216873,-26.71418,-7.7659626,-14.28239,2.7715535,-5.0138826,-28.737333,2.086452e-17,1.0,4.6707956e-28,7.9158574e-20,1.1707074e-22,2.9845718e-15,1.2408254e-18,6.1765464e-29,1,41.230755,1.0,False,1.4524474e-13,Test
1513,6,-1.6832577,9.717965,-5.9619026,-2.584249,-4.718978,-2.184226,-0.6610719,-6.823578,1.1181191e-05,0.99994564,1.5498739e-07,4.5414326e-06,5.371452e-07,6.775174e-06,3.1075488e-05,6.547507e-08,1,10.379091,0.99996895,False,0.0009408548,Test
1514,6,-1.457889,10.145386,-8.036594,-2.3862,-5.272505,-1.5578328,-0.6735415,-7.485543,9.135748e-06,0.9999589,1.2695462e-08,3.6106353e-06,2.014083e-07,8.266828e-06,2.0016212e-05,2.202761e-08,1,10.818968,0.99998,False,0.00073509023,Test
1515,6,-1.9272563,0.7277917,-0.41590768,-1.2333537,-1.9573933,-3.552743,0.10424043,-0.081977844,0.027113123,0.38570237,0.122899465,0.054267235,0.026308209,0.005336293,0.20675091,0.17162235,1,1.5762405,0.7932491,False,2.35598,Test
1516,6,-3.4691854,19.247097,-12.283345,-5.1963644,-7.761124,-1.2435178,-3.7099311,-12.777392,1.3628376e-10,1.0,2.0253652e-14,2.4229205e-11,1.8641412e-12,1.2619421e-09,1.0712471e-10,1.2357782e-14,1,22.957027,1.0,False,4.6248072e-08,Test
1517,6,-3.5032384,31.153358,-21.544369,-7.521802,-12.0106735,0.63576996,-5.5110006,-21.467573,8.888554e-16,1.0,1.29917566e-23,1.5980547e-17,1.7951432e-19,5.576736e-14,1.1936327e-16,1.4028749e-23,1,36.66436,1.0,False,2.50696e-12,Test
1518,6,-4.013741,3.8028512,-1.3621539,-1.9832076,-2.8009472,-4.149157,-1.2178515,-0.5348896,0.00039104276,0.9703471,0.0055436254,0.0029790218,0.0013150247,0.00034151817,0.0064041805,0.012678567,1,5.050804,0.99359584,False,0.25619027,Test
1519,5,-4.5867333,64.29571,-45.44494,-14.350036,-23.490156,4.813175,-10.981869,-49.135437,1.2154497e-30,1.0,0.0,6.9917715e-35,7.500374e-39,1.469144e-26,2.0293903e-33,0.0,1,59.482533,1.0,False,1.2608692e-24,Test
1520,1,-8.036098,96.23674,-66.51177,-21.979103,-34.472763,8.8258295,-17.734945,-75.55809,0.0,1.0,0.0,0.0,0.0,1.091248e-38,0.0,0.0,1,-0.0,0.0,True,1.37614325e-36,Test
1521,6,-1.9302701,0.9924092,0.32990432,-1.745982,-1.9216291,-4.194269,-0.82494706,0.47348443,0.021941556,0.40791622,0.21030459,0.026381694,0.02213198,0.0022804742,0.06626789,0.24277547,1,2.7140498,0.9337321,False,2.157015,Test
1522,6,-2.0890224,26.33984,-18.074484,-6.241858,-10.3168125,0.47305027,-4.6323,-20.549583,4.5030033e-13,1.0,5.1416804e-20,7.078606e-15,1.202866e-16,5.837089e-12,3.539735e-14,4.3269527e-21,1,30.97214,1.0,False,2.382173e-10,Test
1523,6,-1.5110066,15.775418,-11.895388,-3.608377,-7.325493,-0.892523,-0.5662535,-12.430388,3.1088597e-08,0.9999999,9.609952e-13,3.8170236e-09,9.2768834e-11,5.7703836e-08,7.996545e-08,5.6282545e-13,1,16.341671,0.99999994,False,4.5020397e-06,Test
1524,6,-2.5322952,18.628672,-14.433964,-4.344757,-8.214827,0.4003763,-2.6293502,-13.362612,6.4551875e-10,1.0,4.3760174e-15,1.0538206e-10,2.1979452e-12,1.2121364e-08,5.8581195e-10,1.27750365e-14,1,21.258022,1.0,False,3.6001785e-07,Test
1525,6,-3.6261523,-0.7970139,2.9433095,-1.4884744,-1.1848265,-5.089991,-0.73757714,0.7440685,0.0011790437,0.01996223,0.8406417,0.009997968,0.013545161,0.00027276765,0.02118469,0.093216464,2,3.8544765,0.9788153,False,0.92534596,Test
1526,4,-3.514783,22.704174,-14.297496,-6.2062893,-8.615998,-0.93128383,-4.548571,-16.210642,4.104423e-12,1.0,8.518802e-17,2.7819243e-13,2.4993232e-14,5.4356443e-11,1.4597664e-12,1.25750396e-17,1,31.320171,1.0,False,2.0788729e-09,Test
1527,6,-2.0635388,-0.31434897,1.7188172,-1.6857175,-1.1366216,-4.726809,-0.10819256,0.10822404,0.014171339,0.08148438,0.6223966,0.020677427,0.035806835,0.0009880235,0.10013984,0.124335594,2,2.3011875,0.89986014,False,1.8115493,Test
1528,4,-5.671616,37.19743,-23.438103,-10.360974,-13.32149,-0.39100644,-8.695986,-25.35708,2.411072e-19,1.0,4.637916e-27,2.2163994e-21,1.1479195e-22,4.7375042e-17,1.1714995e-20,6.806449e-28,1,50.51892,1.0,False,2.5849324e-15,Test
1529,6,-0.7362441,11.814573,-6.7554026,-3.5194793,-5.040701,-2.2164085,-2.299253,-9.410945,3.5419862e-06,0.99999464,8.613094e-09,2.1902972e-07,4.784594e-08,8.0615695e-07,7.420627e-07,6.051634e-10,1,14.113832,0.9999993,False,0.00010956061,Test
1530,6,-2.6545417,2.387789,-0.75524807,-1.8210977,-2.1098175,-3.4471958,-1.396098,-0.16793817,0.0054785525,0.8482468,0.03660316,0.012607413,0.009445755,0.0024798221,0.019284174,0.06585428,1,3.9484706,0.9807158,False,0.9500785,Test
1531,4,-5.152825,31.700102,-21.816538,-8.152222,-12.285263,0.5822728,-6.3163066,-20.931232,9.8849996e-17,1.0,5.728207e-24,4.9244188e-18,7.895832e-20,3.0598408e-14,3.0880492e-17,1.3883622e-23,1,43.985367,1.0,False,1.3809082e-12,Test
1532,6,-1.8370136,8.053376,-3.7728214,-3.2727044,-4.0239406,-4.1976047,-1.9237978,-4.729339,5.0652634e-05,0.9998702,7.3095603e-06,1.2052841e-05,5.6863264e-06,4.779808e-06,4.644213e-05,2.808543e-06,1,9.9773035,0.99995357,False,0.0021354666,Test
1533,4,-5.9347005,37.68086,-24.94512,-9.97944,-13.974227,0.07076168,-7.818535,-24.730644,1.1428877e-19,1.0,6.337004e-28,2.0016854e-21,3.6853688e-23,4.635994e-17,1.7372586e-20,7.8528753e-28,1,51.655087,1.0,False,2.5239579e-15,Test
1534,4,-4.682962,13.3661175,-6.7260113,-4.857808,-5.4246387,-2.8697212,-4.102253,-6.8655767,1.45005385e-08,0.9999999,1.8797466e-09,1.2174446e-08,6.906821e-09,8.8892506e-08,2.59169e-08,1.6348849e-09,1,18.790756,1.0,False,3.8944054e-06,Test
1535,6,-0.20807025,2.468985,-1.0178747,-1.943936,-2.4979875,-4.648502,-0.50143206,-1.7037175,0.057983372,0.84320635,0.025799418,0.01021943,0.0058722585,0.0006836732,0.04324124,0.012994275,1,3.1409607,0.95675874,False,0.9774604,Test
1536,5,-5.7199926,53.52161,-36.39045,-13.199947,-19.428488,2.420389,-10.27137,-38.124043,1.8693833e-26,1.0,8.94719e-40,1.05486215e-29,2.0805387e-32,6.4124035e-23,1.9726985e-28,1.58051e-40,1,51.101223,1.0,False,4.729064e-21,Test
1537,6,-2.4966745,37.85213,-27.318003,-8.121234,-14.629844,2.5468554,-5.5526705,-29.398739,2.997346e-18,1.0,4.9770243e-29,1.0814861e-20,1.6120095e-23,4.646371e-16,1.411025e-19,6.2132433e-30,1,43.4048,1.0,False,2.3850203e-14,Test
1538,6,-3.071693,29.910852,-20.8465,-7.2646465,-11.518285,0.58217514,-5.2989545,-21.167768,4.740926e-15,1.0,9.0440076e-23,7.159554e-17,1.0175457e-18,1.8311204e-13,5.111808e-16,6.558987e-23,1,35.20981,1.0,False,8.003357e-12,Test
1539,6,0.111767456,7.4188833,-4.7270465,-2.3609023,-4.19033,-3.9840267,-0.21222404,-6.8125057,0.00066991884,0.99876285,5.3033746e-06,5.651395e-05,9.070794e-06,1.114914e-05,0.0004845232,6.589442e-07,1,7.632345,0.9995155,False,0.015421555,Test
1540,6,-3.9985816,-1.2771558,2.0978267,-1.0010117,-1.5242708,-6.0440483,1.0315976,-0.07387912,0.0014365765,0.021838814,0.63821244,0.028784381,0.017057223,0.00018577778,0.21973936,0.07274538,2,1.5153131,0.7802606,False,1.5527949,Test
1541,6,-2.732961,14.70486,-9.33306,-4.183057,-6.3583694,-2.0071738,-2.7683403,-9.257329,2.6720883e-08,1.0,3.6346617e-11,6.2673227e-09,7.1179684e-10,5.5214834e-08,2.5792042e-08,3.9206104e-11,1,17.4732,1.0,False,3.0206677e-06,Test
1542,6,-3.0100062,31.082859,-20.653755,-7.8020425,-11.675525,0.11515704,-5.9025807,-22.630474,1.5619131e-15,1.0,3.396831e-23,1.2956903e-17,2.6932055e-19,3.5554743e-14,8.658204e-17,4.705392e-24,1,36.98544,1.0,False,1.6706645e-12,Test
1543,4,-3.8823433,3.4117663,-0.48376188,-2.065009,-2.204221,-3.2092552,-1.8754321,-0.6835172,0.0006460188,0.9506849,0.019329928,0.003976522,0.0034597467,0.0012663787,0.004806572,0.015829878,1,5.6665597,0.99654025,False,0.3901324,Test
1544,6,-2.6600795,31.33496,-22.141762,-7.22337,-12.33221,0.6624859,-4.8764663,-23.64723,1.722429e-15,1.0,5.9614846e-24,1.7960971e-17,1.0853964e-19,4.7765353e-14,1.8774898e-16,1.3229304e-24,1,36.211426,1.0,False,2.208956e-12,Test
1545,1,-4.838693,84.31059,-60.992992,-17.604187,-31.010544,8.227834,-13.187255,-66.44429,1.918481e-39,1.0,0.0,6e-45,0.0,9.071496e-34,4.54e-43,0.0,1,-0.0,0.0,True,9.957281e-32,Test
1546,6,-2.3147264,26.559002,-18.743563,-6.02,-10.377417,0.6033132,-4.158936,-19.642305,2.8860201e-13,1.0,2.1151703e-20,7.0977227e-15,9.093228e-17,5.3405713e-12,4.5642482e-14,8.61046e-21,1,30.717937,1.0,False,2.1436697e-10,Test
1547,6,-1.6015971,0.008193929,-0.69296885,-1.1659826,-2.0704958,-3.9893568,0.43169188,0.02376224,0.042615693,0.2131537,0.105726,0.06588014,0.026664253,0.0039136205,0.32554853,0.21649812,6,1.1222438,0.6744515,True,2.4463232,Test
1548,4,-5.2842493,18.818848,-10.83032,-6.415634,-7.188122,-2.2943733,-5.4601245,-9.919331,3.405324e-11,1.0,1.3290152e-13,1.0985095e-11,5.0736056e-12,6.770877e-10,2.8561181e-11,3.3049719e-13,1,26.00697,1.0,False,2.3418286e-08,Test
1549,6,-6.5032206,114.728424,-79.781395,-24.73007,-40.56106,12.290234,-20.237644,-93.45076,0.0,1.0,0.0,0.0,0.0,3e-45,0.0,0.0,1,134.96606,1.0,False,4.15e-43,Test
1550,6,-2.8157332,16.208912,-9.807767,-4.5802546,-6.6944556,-1.835147,-3.3662262,-10.520123,5.4664038e-09,1.0,5.024587e-12,9.362248e-10,1.1302998e-10,1.4573518e-08,3.1522855e-09,2.4644945e-12,1,19.575138,1.0,False,6.5053564e-07,Test
1551,1,-5.559441,72.406685,-51.295197,-15.84081,-26.499996,6.9169736,-12.408483,-55.861534,1.3795643e-34,1.0,0.0,4.727143e-39,1.11e-43,3.615607e-29,1.462984e-37,0.0,1,-0.0,0.0,True,3.4161017e-27,Test
1552,6,-1.5545202,2.13863,-1.5387738,-1.2833303,-2.6803095,-4.665845,1.1840885,-3.122889,0.016795048,0.6746771,0.017061602,0.022027107,0.005448253,0.0007480836,0.259743,0.003499833,1,1.3480625,0.740257,False,1.2859622,Test
1553,6,-5.523309,-2.7628083,3.9127603,-1.3758501,-0.74279726,-6.5726323,0.632674,2.1780338,6.487271e-05,0.0010254921,0.81300825,0.0041046925,0.007730578,2.2716782e-05,0.030589445,0.14345406,2,3.4871004,0.96941054,False,0.8967764,Test
1554,6,-4.883663,46.42626,-32.81485,-11.028603,-17.58025,2.262115,-7.87924,-32.98495,5.204544e-23,1.0,3.8549826e-35,1.1160134e-25,1.5933953e-28,6.603207e-20,2.6026714e-24,3.2519965e-35,1,54.305504,1.0,False,4.211325e-18,Test
1555,4,-4.945748,29.643776,-18.390127,-8.223082,-10.741396,-0.47474536,-6.817296,-19.705421,9.505192e-16,1.0,1.3776538e-21,3.5861783e-17,2.890304e-18,8.311753e-14,1.4627094e-16,3.6975655e-22,1,40.38517,1.0,False,3.6688643e-12,Test
1556,1,-4.9768076,65.15126,-46.009617,-14.830299,-23.82665,4.4290094,-11.205472,-48.888306,3.4975786e-31,1.0,0.0,1.838442e-35,2.277107e-39,4.252664e-27,6.8974923e-34,0.0,1,-0.0,0.0,True,3.725845e-25,Test
1557,6,-4.3998957,72.11905,-51.02617,-15.437847,-26.213083,7.0738616,-12.067664,-57.52629,5.8646883e-34,1.0,0.0,9.430212e-39,1.98e-43,5.6394063e-29,2.7426765e-37,0.0,1,84.186714,1.0,False,5.2921046e-27,Test
1558,6,-1.405861,10.388605,-6.5325775,-2.9028838,-4.9022326,-2.395222,-1.4849205,-7.833106,7.5460575e-06,0.9999807,4.479354e-08,1.6887736e-06,2.2869935e-07,2.805732e-06,6.972443e-06,1.2201225e-08,1,11.873545,0.999993,False,0.00036629,Test
1559,6,-2.0004,12.795044,-9.214466,-3.007212,-6.1769595,-1.7756075,-1.1306664,-8.9838505,3.753352e-07,0.9999981,2.7630606e-10,1.3714083e-07,5.761858e-09,4.6994367e-07,8.9565316e-07,3.4797296e-10,1,13.925713,0.9999991,False,4.1854168e-05,Test
1560,6,-1.8170809,24.210938,-17.566154,-5.288175,-9.949979,0.5091051,-2.9717894,-19.211027,4.9679245e-12,1.0,7.1852103e-19,1.5441801e-13,1.4591602e-15,5.0865725e-11,1.5656378e-12,1.3870097e-19,1,27.182728,1.0,False,1.9939193e-09,Test
1561,4,-5.160538,15.850038,-8.144387,-5.456127,-6.2382607,-2.987271,-4.756123,-9.226167,7.502788e-10,1.0,3.7962404e-11,5.5827815e-10,2.5537225e-10,6.59266e-09,1.1242371e-09,1.2868942e-11,1,22.088299,1.0,False,2.624076e-07,Test
1562,6,-3.6968632,14.470846,-7.8801966,-5.223396,-5.8074555,-2.735622,-4.2242284,-8.132476,1.28784645e-08,1.0,1.9636544e-10,2.7983316e-09,1.5604349e-09,3.36764e-08,7.600331e-09,1.5258167e-10,1,18.695074,1.0,False,1.5149809e-06,Test
1563,4,-4.7031455,21.528482,-12.260348,-6.659945,-8.11304,-1.8047858,-5.5754285,-13.236497,4.052738e-12,1.0,2.116887e-15,5.7269277e-13,1.3392166e-13,7.3534304e-11,1.6940307e-12,7.975554e-16,1,29.641521,1.0,False,2.724144e-09,Test
1564,6,-0.15750457,3.8586445,-2.172106,-1.7589033,-2.781245,-3.7078664,-0.6203557,-3.1188748,0.01735976,0.9632413,0.002315333,0.0034999754,0.0012591215,0.0004984723,0.010927733,0.00089833245,1,4.5164514,0.98907226,False,0.30028367,Test
1565,4,-5.5042176,26.866566,-17.097916,-7.7468114,-10.193936,-1.1012458,-6.2178698,-16.211082,8.740712e-15,1.0,8.0624745e-20,9.281144e-16,8.032096e-17,7.140584e-13,4.2816647e-15,1.9571095e-19,1,37.0605,1.0,False,2.9474787e-11,Test
1566,4,-6.8735943,67.32624,-45.54745,-15.868243,-24.235186,4.388976,-12.95898,-51.41706,5.9623895e-33,1.0,0.0,7.397688e-37,1.71941e-40,4.6418783e-28,1.3569791e-35,0.0,1,91.561424,1.0,False,4.214856e-26,Test
1567,6,-1.5791482,0.14474145,0.47403434,-1.2498375,-1.7094132,-5.243011,0.4067666,0.17125261,0.033630315,0.18854137,0.26206967,0.04674646,0.029522799,0.0008620561,0.2450207,0.19360669,2,1.4064127,0.7549793,False,2.4458828,Test
1568,4,-4.551858,29.85023,-19.097286,-8.14521,-11.197611,-0.9115459,-6.3974185,-20.102602,1.1464706e-15,1.0,5.5253943e-22,3.1534874e-17,1.489874e-18,4.368481e-14,1.810703e-16,2.0219063e-22,1,41.04784,1.0,False,2.0069129e-12,Test
1569,4,-3.961157,10.211415,-5.3756323,-3.866477,-4.3587804,-2.6924973,-3.3011398,-4.0137644,6.9972475e-07,0.9999933,1.7007025e-07,7.692122e-07,4.701553e-07,2.488279e-06,1.3538452e-06,6.638654e-07,1,14.570203,0.9999995,False,0.00013952178,Test
1570,4,-5.4242744,15.081255,-8.20853,-5.745591,-6.02671,-2.8873875,-4.869043,-6.5116034,1.2432593e-09,1.0,7.680239e-11,9.016028e-10,6.806551e-10,1.571511e-08,2.166185e-09,4.191227e-10,1,21.107965,1.0,False,5.699691e-07,Test
1571,6,-5.486538,73.801,-52.432858,-16.208477,-26.903599,7.283866,-12.383068,-57.37443,3.6801063e-35,1.0,0.0,8.11674e-40,1.8e-44,1.2941216e-29,3.7216486e-38,0.0,1,86.18407,1.0,False,1.2418942e-27,Test
1572,6,-2.9084263,14.199822,-9.316574,-4.0704885,-6.1592894,-1.988454,-2.758994,-8.416197,3.715194e-08,0.99999976,6.122927e-11,1.1622633e-08,1.4392956e-09,9.322252e-08,4.313993e-08,1.5065624e-10,1,16.958817,0.99999994,False,4.763248e-06,Test
1573,6,-0.950591,1.0346382,0.77305,-2.150189,-1.7049674,-5.0639887,-1.4372823,0.26497015,0.053589333,0.39016873,0.30036283,0.01614729,0.025203275,0.0008762991,0.032939047,0.1807132,1,3.4130964,0.9670609,False,2.1243162,Test
1574,6,-3.6995335,25.1683,-16.221422,-6.445861,-9.822578,-0.45618093,-4.7369895,-18.131653,2.9030798e-13,1.0,1.0584514e-18,1.8627034e-14,6.362888e-16,7.437538e-12,1.0287203e-13,1.5670006e-19,1,29.90529,1.0,False,2.923639e-10,Test
1575,6,-4.3201847,23.514336,-15.294498,-6.612292,-9.3248,-1.4315891,-4.8909726,-13.938646,8.158708e-13,1.0,1.3980977e-17,8.244649e-14,5.471989e-15,1.4659614e-11,4.610325e-13,5.4247213e-17,1,28.405308,1.0,False,5.830924e-10,Test
1576,4,-4.080705,23.206106,-14.332637,-6.5006957,-8.771561,-1.000203,-5.2905765,-15.2596035,1.4108739e-12,1.0,4.978878e-17,1.2545837e-13,1.2950178e-14,3.071382e-11,4.207729e-13,1.9704006e-17,1,31.977667,1.0,False,1.1514162e-09,Test
1577,4,-5.4233003,25.643246,-15.847831,-7.464873,-9.679037,-1.2481606,-6.0227146,-16.43267,3.2208516e-14,1.0,9.564318e-19,4.1814434e-15,4.5680233e-16,2.0951268e-12,1.7686756e-14,5.3291964e-19,1,35.32228,1.0,False,8.375742e-11,Test
1578,4,-4.0691705,38.676918,-26.925459,-9.311143,-14.305386,1.8512195,-7.0403414,-26.160852,2.726522e-19,1.0,3.2303448e-29,1.4422825e-21,9.7741255e-24,1.0157859e-16,1.3971625e-20,6.939288e-29,1,52.982304,1.0,False,5.4145294e-15,Test
1579,4,-5.5832887,37.686882,-25.130047,-9.955316,-13.969847,0.18631792,-7.8966913,-24.846893,1.6143698e-19,1.0,5.2354547e-28,2.0382473e-21,3.6793145e-23,5.1726337e-17,1.5970042e-20,6.9490663e-28,1,51.65673,1.0,False,2.8097629e-15,Test
1580,6,-3.160813,13.4213295,-8.373085,-4.030078,-5.8067045,-2.3513556,-2.8806405,-7.84589,6.287343e-08,0.99999976,3.4261466e-10,2.6360249e-08,4.4603654e-09,1.4125695e-07,8.320405e-08,5.804487e-10,1,16.30197,0.99999994,False,7.835256e-06,Test
1581,5,-5.349089,46.317772,-32.516262,-11.033764,-17.486177,1.8883089,-7.97806,-32.42947,3.6422244e-23,1.0,5.791829e-35,1.2374979e-25,1.9511817e-28,5.064419e-20,2.627972e-24,6.316973e-35,1,44.429462,1.0,False,3.2491307e-18,Test
1582,6,-4.598761,26.371655,-17.983814,-7.0235615,-10.420343,-0.3985436,-4.932952,-16.394154,3.545844e-14,1.0,5.4533665e-20,3.1379149e-15,1.05060024e-16,2.3651046e-12,2.5385267e-14,2.6732867e-19,1,31.304607,1.0,False,9.4230825e-11,Test
1583,6,-5.2761917,9.92141,-7.8844714,-3.7117372,-5.450375,-1.640209,-2.1203966,-1.9149996,2.51047e-07,0.9999757,1.8492404e-08,1.200022e-06,2.1091545e-07,9.5245e-06,5.892498e-06,7.2360585e-06,1,12.04183,0.9999941,False,0.00045414554,Test
1584,6,-4.435264,26.45522,-17.282087,-7.2518187,-10.167155,-0.8588083,-5.459948,-16.808645,3.8409027e-14,1.0,1.0118821e-19,2.2973069e-15,1.2448139e-16,1.3729934e-12,1.3785393e-14,1.6245879e-19,1,31.915167,1.0,False,5.6568684e-11,Test
1585,4,-3.647896,38.312454,-25.325556,-9.413396,-14.045615,0.8562155,-7.3382635,-28.183842,5.9820704e-19,1.0,2.3033727e-28,1.8746797e-21,1.8246474e-23,5.4070778e-17,1.4932922e-20,1.3213786e-29,1,52.35807,1.0,False,2.9592e-15,Test
1586,4,-5.7233105,9.28218,-4.768363,-4.8697023,-4.2961226,-3.7782965,-4.041605,-0.6051735,3.0420986e-07,0.9999423,7.904997e-07,7.143164e-07,1.2676319e-06,2.1275616e-06,1.6350413e-06,5.081034e-05,1,13.57836,0.99999875,False,0.0009414798,Test
1587,1,-5.7322764,93.65053,-66.86618,-20.202616,-33.89408,9.795973,-15.722142,-73.46617,6.9e-44,1.0,0.0,0.0,0.0,3.8232283e-37,0.0,0.0,1,-0.0,0.0,True,4.6252104e-35,Test
1588,6,-3.762411,44.803272,-31.703863,-10.203866,-16.8078,2.6596975,-7.31948,-32.695724,8.094547e-22,1.0,5.934363e-34,1.290339e-24,1.7484418e-27,4.9805636e-19,2.3087447e-23,2.2009745e-34,1,52.122753,1.0,False,3.034054e-17,Test
1589,6,-1.0565026,1.1522439,1.1482085,-2.0472383,-1.6398205,-5.4439816,-1.021346,-0.96274227,0.044948295,0.4092226,0.40757456,0.016689455,0.025083119,0.00055879843,0.046556637,0.049366552,1,3.0670857,0.95344335,False,1.9146612,Test
1590,1,-3.446531,69.225464,-49.694862,-14.716085,-25.598354,6.1289926,-10.8932905,-54.697155,2.747595e-32,1.0,0.0,3.504673e-37,6.585e-42,3.9586883e-28,1.6027593e-35,0.0,1,-0.0,0.0,True,3.6038414e-26,Test
1591,1,-5.0111847,86.390335,-61.81758,-18.60459,-31.36741,8.573639,-14.338283,-67.97982,2.01755e-40,1.0,0.0,0.0,0.0,1.6019106e-34,1.8e-44,0.0,1,-0.0,0.0,True,1.7983998e-32,Test
1592,4,-5.7558894,25.316996,-15.684463,-7.842851,-9.544675,-1.6875093,-6.500288,-14.444952,3.200496e-14,1.0,1.5606064e-18,3.9706474e-15,7.2404985e-16,1.8710803e-12,1.5203e-14,5.3902083e-18,1,34.86167,1.0,False,7.525529e-11,Test
1593,6,-6.29878,87.540115,-62.067085,-18.872477,-31.773504,8.591985,-14.908059,-68.97087,1.7631e-41,1.0,0.0,0.0,0.0,5.167301e-35,3e-45,0.0,1,102.44817,1.0,False,5.885459e-33,Test
1594,6,-2.8340595,34.031998,-24.469296,-7.8814335,-13.089139,1.4540089,-5.6250086,-24.445204,9.756056e-17,1.0,3.919324e-26,6.269443e-19,3.4320277e-21,7.104929e-15,5.9866163e-18,4.0148863e-26,1,39.657005,1.0,False,3.3950195e-13,Test
1595,6,-2.6087513,-1.0838153,3.7858906,-1.9524591,-0.8440797,-5.5530562,-0.87575287,-0.8026559,0.001603109,0.0073660426,0.9596674,0.0030902033,0.009361604,8.438543e-05,0.009069737,0.009757541,2,4.702812,0.99093026,False,0.34077585,Test
1596,6,-3.2970507,49.62003,-35.002014,-11.154449,-18.349396,3.3242817,-8.288898,-37.026207,1.04328795e-23,1.0,1.7746596e-37,4.0362604e-27,3.0286937e-30,7.834531e-21,7.0871584e-26,2.3443152e-38,1,57.908928,1.0,False,5.2407615e-19,Test
1597,6,-2.452834,-0.18656418,-0.0709782,-1.3054848,-1.4750599,-2.287982,-1.0695587,-0.62134016,0.025848437,0.24926582,0.2798086,0.08141823,0.06871889,0.030480955,0.10308205,0.1613771,2,2.27223,0.89691794,False,2.6262164,Test
1598,6,-1.6864177,0.82106745,0.63114715,-1.7948091,-1.573373,-3.601271,-1.241545,-0.7041455,0.03353445,0.41160262,0.34040567,0.030089663,0.03754792,0.0049417517,0.052323516,0.089554325,1,2.9503095,0.9476765,False,2.122807,Test
1599,6,-3.2734473,54.62419,-39.68298,-11.696919,-20.697065,4.1041236,-8.2194805,-42.03068,7.16761e-26,1.0,1.1038e-41,1.5743683e-29,1.9426433e-33,1.1466021e-22,5.0972895e-28,1.055e-42,1,62.843674,1.0,False,8.3630504e-21,Test
1600,6,-7.240458,114.34309,-81.72334,-24.338476,-41.195133,12.444244,-19.02905,-90.70448,0.0,1.0,0.0,0.0,0.0,6e-45,0.0,0.0,1,133.37213,1.0,False,8.25e-43,Test
1601,4,-5.600272,42.619465,-28.696321,-10.810287,-15.851254,0.9198323,-8.313169,-29.403963,1.1440207e-21,1.0,1.0664651e-31,6.248178e-24,4.0410075e-26,7.7639095e-19,7.5899476e-23,5.255594e-32,1,58.47072,1.0,False,4.679321e-17,Test
1602,6,-4.026447,42.898228,-30.3494,-10.062227,-16.250317,2.122871,-7.153936,-30.913218,4.177078e-21,1.0,1.5451109e-32,9.990008e-24,2.0516987e-26,1.9565357e-18,1.830721e-22,8.792164e-33,1,50.052162,1.0,False,1.1539273e-16,Test
1603,6,-2.669103,27.083641,-18.285788,-6.746232,-10.468375,0.3796093,-4.8932953,-19.417654,1.1982493e-13,1.0,1.9783663e-20,2.0317637e-15,4.9132192e-17,2.526892e-12,1.2959641e-14,6.3788635e-21,1,31.976936,1.0,False,1.0319355e-10,Test
1604,6,-2.741553,4.5493355,-1.5069419,-2.6902103,-2.6814234,-4.4824357,-1.9708755,-1.2058841,0.00067549,0.99085873,0.0023216885,0.0007110775,0.00071735337,0.00011845778,0.0014598896,0.0031372686,1,6.5293946,0.9985401,False,0.09687436,Test
1605,5,-4.896168,60.455208,-41.75673,-14.120131,-21.73581,4.0018134,-11.074753,-45.435986,4.1519923e-29,1.0,4e-45,4.0958235e-33,2.0178775e-36,3.0380976e-25,8.6086053e-32,0.0,1,56.453396,1.0,False,2.474772e-23,Test
1606,6,-2.613098,2.9959886,-1.5736535,-1.2507919,-2.6993108,-4.3366475,0.93802804,-2.3938406,0.0031464233,0.85864264,0.008896969,0.012287376,0.0028865258,0.0005614216,0.109660834,0.003917774,1,2.210363,0.89033914,False,0.764973,Test
1607,6,-4.1537724,27.56967,-19.212336,-7.033911,-11.009362,0.021060694,-4.787379,-17.5507,1.6698758e-14,1.0,4.8176275e-21,9.372511e-16,1.7592959e-17,1.0859035e-12,8.861609e-15,2.5378896e-20,1,32.357048,1.0,False,4.438411e-11,Test
1608,4,-3.97526,27.840206,-18.577887,-6.7916064,-10.433833,0.6491378,-5.900461,-20.181553,1.5230659e-14,1.0,6.932331e-21,9.111601e-16,2.3866874e-17,1.5526335e-12,2.2213323e-15,1.3944888e-21,1,38.27404,1.0,False,6.1761415e-11,Test
1609,6,-8.218447,145.84337,-105.12136,-30.898352,-52.185753,17.67412,-24.881111,-116.99755,0.0,1.0,0.0,0.0,0.0,0.0,0.0,0.0,1,170.72449,1.0,False,0.0,Test
1610,0,-5.6654353,10.461902,-5.859832,-4.608029,-4.838991,-2.7507606,-3.7459955,-3.10969,9.907973e-08,0.9999956,8.1575415e-08,2.8523985e-07,2.2641478e-07,1.827309e-06,6.7544e-07,1.2762355e-06,1,16.12734,0.9999999,False,9.5626056e-05,Test
1611,6,-3.755498,73.32719,-51.810432,-15.634296,-26.53322,6.1105504,-12.197853,-58.548916,3.3374459e-34,1.0,0.0,2.314819e-39,4.3e-44,6.4296246e-30,7.193615e-38,0.0,1,85.52504,1.0,False,6.2353773e-28,Test
1612,4,-4.6441326,66.028755,-45.853653,-14.795357,-23.96685,4.7793736,-11.309461,-50.57137,2.0284018e-31,1.0,0.0,7.9165175e-36,8.2301e-40,2.5103332e-27,2.584868e-34,0.0,1,89.995605,1.0,False,2.2184423e-25,Test
1613,6,-5.029305,-0.5315165,3.0395765,-2.0042658,-1.2148783,-6.021946,-1.3791789,3.6495256,0.00010791776,0.009692991,0.34463853,0.0022225468,0.0048941546,3.9993978e-05,0.004152625,0.6342513,7,5.4840145,0.9958474,False,1.1031244,Test
1614,6,-1.8555967,2.5961454,-0.4681141,-1.8241234,-2.3058197,-4.6368375,-0.67475253,-1.2172974,0.0102393115,0.87828976,0.041005943,0.0105667,0.006527418,0.0006344441,0.033350695,0.019385664,1,3.4006765,0.9666493,False,0.818471,Test
1615,6,-1.5969328,-0.4894432,0.59161,-1.2274706,-1.5620791,-5.4513392,0.42931205,0.59888655,0.031225143,0.09451072,0.27859706,0.045181416,0.032332644,0.00066154136,0.23685983,0.28063166,7,1.4402868,0.7631402,False,2.367056,Test
1616,4,-2.6138356,32.83693,-23.835901,-7.106725,-12.901464,1.798694,-4.578642,-25.385166,4.0172507e-16,1.0,2.4395136e-25,4.4946083e-18,1.3679402e-20,3.3133395e-14,5.6314866e-17,5.1816156e-26,1,45.738396,1.0,False,1.5075164e-12,Test
1617,6,-1.8502504,-0.067163855,0.25289264,-1.3006256,-1.5878768,-4.5386763,0.79666543,0.03161361,0.025695808,0.15284349,0.21049689,0.044520635,0.033404864,0.0017470039,0.3625795,0.1687118,6,1.0145116,0.63742054,True,2.3666568,Test
1618,6,-3.943731,12.768978,-7.6369863,-4.4585085,-5.495347,-2.471234,-3.213406,-6.0276833,5.5177537e-08,0.9999995,1.3734165e-09,3.297599e-08,1.1692425e-08,2.4058005e-07,1.1453513e-07,6.8661534e-09,1,15.982384,0.9999999,False,1.1303188e-05,Test
1619,6,-2.2822723,10.622588,-6.701072,-3.2243662,-4.966681,-2.8309882,-1.8510375,-5.9401746,2.4859155e-06,0.99999094,2.9952023e-08,9.690367e-07,1.6969236e-07,1.4360919e-06,3.826216e-06,6.4103155e-08,1,12.473634,0.9999962,False,0.00018145106,Test
1620,5,-3.7273018,30.628502,-21.090729,-7.6707697,-11.6977415,0.35176936,-5.8026423,-20.934145,1.2007808e-15,1.0,3.4563963e-23,2.3272235e-17,4.149021e-19,7.09548e-14,1.5071445e-16,4.0422934e-23,1,30.276733,1.0,False,3.1680615e-12,Test
1621,4,-6.621044,40.873314,-25.361742,-10.990162,-14.736904,-0.1249181,-9.036221,-29.3963,2.3629927e-21,1.0,1.7158588e-29,2.9921175e-23,7.0597475e-25,1.565645e-18,2.1113712e-22,3.035945e-31,1,55.610218,1.0,False,9.2784095e-17,Test
1622,6,-4.7401867,84.31186,-60.96746,-17.817158,-30.93178,8.7986965,-13.354416,-66.93882,2.1144e-39,1.0,0.0,4e-45,0.0,1.6034336e-33,3.84e-43,0.0,1,97.666275,1.0,False,1.7468227e-31,Test
1623,6,-2.3018513,2.662299,-0.8469971,-1.6998694,-2.336356,-4.2177496,-0.44614637,-0.67669874,0.0061392956,0.8790664,0.026299883,0.011208721,0.0059310757,0.0009037629,0.03926821,0.03118268,1,3.23734,0.9607318,False,0.81167024,Test
1624,6,-3.5912352,-2.0094943,1.9090126,-0.67837477,-1.2223479,-6.5334716,2.0613453,0.23139909,0.001637964,0.007966096,0.4008958,0.030153899,0.017502453,8.6398686e-05,0.4668623,0.07489507,6,0.7617209,0.5331377,True,1.6480776,Test
1625,4,-5.1408505,24.824615,-16.15498,-7.433074,-9.457507,-1.1855735,-5.935725,-13.963183,9.686428e-14,1.0,1.5951001e-18,9.787303e-15,1.2925963e-15,5.0572966e-12,4.374751e-14,1.4278171e-17,1,34.282124,1.0,False,1.9642316e-10,Test
1626,6,-3.5062003,31.925037,-22.741507,-7.677795,-12.396762,1.190308,-5.3212953,-22.083641,4.0964684e-16,1.0,1.813938e-24,6.3198716e-18,5.6400993e-20,4.488244e-14,6.669951e-17,3.5021034e-24,1,37.246334,1.0,False,2.0150136e-12,Test
1627,4,-3.923773,76.26893,-54.449306,-16.24038,-27.87924,6.731377,-12.306839,-60.191296,1.488509e-35,1.0,0.0,6.6637e-41,0.0,6.312842e-31,3.40434e-39,0.0,1,104.14817,1.0,False,6.333309e-29,Test
1628,6,-1.0883731,5.6329765,-4.015734,-2.0578177,-3.5307028,-3.6533358,1.4304636,-5.664757,0.001184893,0.98338646,6.343699e-05,0.0004494225,0.000103035985,9.114443e-05,0.014709439,1.2194978e-05,1,4.219266,0.9852906,False,0.1334935,Test
1629,6,-4.4234014,-1.57945,2.5730186,-0.68317324,-1.2320154,-6.0002933,-0.2548959,2.991271,0.00034455222,0.005920623,0.3764971,0.014508266,0.008380237,7.119013e-05,0.022264551,0.5720136,7,3.8047595,0.97773546,False,1.3089517,Test
1630,0,-6.982027,4.355709,5.1116524,-4.670421,-2.2145712,-5.0342917,-5.194179,-7.083568,3.8050164e-06,0.3193543,0.6801031,3.839494e-05,0.00044754468,2.668376e-05,2.2740964e-05,3.437618e-06,2,12.47919,0.9999962,False,0.91058874,Test
1631,4,-4.047307,28.957407,-18.481314,-7.610504,-10.703165,-0.3398567,-6.040528,-19.73459,4.6369713e-15,1.0,2.4981895e-21,1.3144945e-16,5.9653015e-18,1.8895565e-13,6.3181426e-16,7.1340173e-22,1,39.660572,1.0,False,8.246562e-12,Test
1632,6,-2.1024623,0.8028983,-1.4201753,-0.57610744,-2.2427335,-4.745772,2.612671,-2.385947,0.007185525,0.13129269,0.014215818,0.03306328,0.006245101,0.0005110739,0.8020747,0.00541181,6,0.22055355,0.19792533,True,1.032884,Test
1633,6,-4.2284627,37.33731,-26.586275,-9.00352,-14.304779,1.4187454,-6.4698033,-25.398432,8.875935e-19,1.0,1.731172e-28,7.4891495e-21,3.733579e-23,2.5163202e-16,9.436529e-20,5.6782433e-28,1,43.807114,1.0,False,1.3099147e-14,Test
1634,5,-5.328044,50.100002,-34.769497,-12.114034,-18.54704,2.5000732,-9.1962185,-36.183258,8.470421e-25,1.0,1.3856221e-37,9.567267e-28,1.538044e-30,2.1262441e-21,1.7700248e-26,3.3701906e-38,1,47.59993,1.0,False,1.4608315e-19,Test
1635,6,-3.345543,21.177378,-14.466203,-5.491238,-8.57167,-0.93735266,-3.7854807,-13.157812,2.2378497e-11,1.0,3.3127549e-16,2.6179872e-12,1.202689e-13,2.4871066e-10,1.4413466e-11,1.2257912e-15,1,24.962858,1.0,False,9.351847e-09,Test
1636,6,-4.647611,30.729189,-20.010706,-8.290551,-11.564622,-0.61203223,-6.3479776,-20.57481,4.3256437e-16,1.0,9.203301e-23,1.13224854e-17,4.2857903e-19,2.4472635e-14,7.899339e-17,5.2354682e-23,1,37.077168,1.0,False,1.1335165e-12,Test
1637,6,-3.4434378,0.2600878,0.07179448,-0.8353618,-1.873608,-4.319415,0.8371625,0.43980822,0.0046538766,0.18890163,0.15648077,0.06316668,0.022365745,0.0019381299,0.33640006,0.2260931,6,1.0894542,0.66359997,True,2.3144588,Test
1638,6,-1.3729981,10.372994,-5.6490884,-3.5105987,-4.613043,-2.887728,-2.0039275,-6.9269357,7.920882e-06,0.99998474,1.1007559e-07,9.341696e-07,3.1019877e-07,1.7415458e-06,4.21468e-06,3.0671075e-08,1,12.376937,0.99999577,False,0.00029354368,Test
1639,6,-3.477196,3.503279,-1.0874252,-2.007852,-2.583786,-4.2217555,-1.190326,-0.9248717,0.00089502614,0.9625371,0.009765626,0.003890125,0.00218695,0.0004250867,0.008810707,0.011489367,1,4.7317877,0.9911893,False,0.31671044,Test
1640,6,-4.927849,-0.56393784,3.0450034,-1.1005795,-1.686435,-4.470518,-0.09048234,-1.646531,0.00031186474,0.024501277,0.90475714,0.014326105,0.007974332,0.00049269997,0.039337605,0.008298975,2,3.2355742,0.96066236,False,0.65512675,Test
1641,4,-4.8736687,33.096195,-21.20207,-9.192755,-12.11818,-0.46825966,-7.486315,-21.999407,3.235174e-17,1.0,2.621584e-24,4.3066861e-19,2.3101843e-20,2.6493738e-15,2.372679e-18,1.1810906e-24,1,45.214375,1.0,False,1.3023023e-13,Test
1642,6,-4.017868,41.45769,-29.277115,-9.874004,-15.8720455,1.7674774,-7.032161,-30.410358,1.7791623e-20,1.0,1.9066269e-31,5.092463e-23,1.2647728e-25,5.7910836e-18,8.732216e-22,6.1390704e-32,1,48.489853,1.0,False,3.328346e-16,Test
1643,4,-4.4164634,47.922783,-31.65365,-11.418944,-17.32087,2.2434509,-9.038204,-36.59118,1.8593227e-23,1.0,2.7567349e-35,1.6912776e-26,4.6242553e-29,1.4511685e-20,1.8287639e-25,1.9772097e-37,1,65.24365,1.0,False,9.5776e-19,Test
1644,6,-1.2032648,6.027316,-3.1331208,-2.8412533,-3.1726036,-3.9109833,-1.6230428,-3.2505176,0.0007228794,0.99831414,0.000104939776,0.00014050653,0.000100877165,4.8207956e-05,0.00047507093,9.3315786e-05,1,7.6520467,0.99952495,False,0.021682039,Test
1645,6,-4.847365,-2.2031856,4.0651035,-1.6127263,-0.73153806,-6.7472334,0.5963218,0.70847595,0.00012475175,0.0017554924,0.9261521,0.003168343,0.0076476405,1.8661392e-05,0.028854236,0.03227881,2,3.5454984,0.97114575,False,0.50803584,Test
1646,6,-4.2982783,45.025776,-30.688473,-10.643139,-16.776037,2.2403836,-7.941861,-34.055935,3.7917108e-22,1.0,1.311353e-33,6.6572904e-25,1.4448222e-27,2.6214406e-19,9.918544e-24,4.5211547e-35,1,52.967636,1.0,False,1.6208968e-17,Test
1647,6,-1.6375042,4.7683043,-3.0000043,-2.2582824,-3.120903,-3.2407634,-1.0997761,-3.0706627,0.0016406265,0.9931549,0.000420033,0.0008818795,0.00037220118,0.000330159,0.0028089366,0.0003913783,1,5.8749495,0.9971911,False,0.07497623,Test
1648,4,-6.606656,124.79528,-88.77955,-26.32868,-44.550762,13.615567,-21.040503,-100.76088,0.0,1.0,0.0,0.0,0.0,0.0,0.0,0.0,1,169.34604,1.0,False,0.0,Test
1649,6,-5.176617,51.899845,-36.15703,-12.393634,-19.206625,2.3745377,-9.385289,-37.439785,1.6293245e-25,1.0,5.719887e-39,1.1959044e-28,1.3147804e-31,3.100506e-22,2.4221708e-27,1.585957e-39,1,61.285133,1.0,False,2.2166731e-20,Test
1650,0,-3.784687,17.921978,-11.643775,-5.0851293,-7.278368,-1.2752222,-3.978909,-12.057582,3.740375e-10,1.0,1.4446287e-13,1.0189209e-10,1.13665535e-11,4.6000403e-09,3.0801073e-10,9.550853e-14,1,21.706665,1.0,False,1.5265232e-07,Test
1651,6,0.865281,4.500637,-2.5431511,-2.3541691,-2.9537616,-3.8685548,-1.1794602,-4.2267885,0.02553971,0.9683469,0.0008451868,0.001021002,0.000560566,0.00022456238,0.0033051877,0.00015694887,1,5.712262,0.9966948,False,0.2368394,Test
1652,6,-1.1287369,10.144021,-6.6511807,-2.9436486,-4.729817,-2.6086748,-1.0239131,-7.107059,1.27142175e-05,0.9999678,5.080686e-08,2.070539e-06,3.4702444e-07,2.894413e-06,1.4119318e-05,3.2206042e-08,1,11.167967,0.9999859,False,0.0005825249,Test
1653,6,-3.311047,1.9025248,0.27582854,-2.241537,-1.8644348,-5.193273,-0.62966454,0.80484223,0.0032884225,0.6042451,0.11878126,0.0095823025,0.013971509,0.000500665,0.048028305,0.20160238,1,3.0359647,0.9519717,False,1.6633484,Test
1654,6,-1.1464192,1.9579394,-1.023312,-1.2841939,-2.2309427,-4.3661695,0.13188195,-1.2699548,0.033167973,0.73947716,0.037513174,0.028899094,0.011212862,0.0013255591,0.119090766,0.029313525,1,2.1278694,0.8809092,False,1.4105922,Test
1655,6,-2.1241727,21.218073,-14.521766,-5.060932,-8.598162,-0.44256052,-3.322566,-15.263492,7.287721e-11,1.0,3.0087473e-16,3.8652102e-12,1.1245373e-13,3.9165762e-10,2.19855e-11,1.4330399e-16,1,24.540638,1.0,False,1.5623161e-08,Test
1656,6,-7.3122544,109.55752,-77.96415,-24.195473,-39.298904,12.473649,-19.179379,-85.322014,0.0,1.0,0.0,0.0,0.0,6.87e-43,0.0,0.0,1,128.7369,1.0,False,9.6171e-41,Test
1657,6,-3.2666066,3.719615,-1.4008979,-2.363908,-2.7901862,-3.9464302,-1.3971012,0.3872432,0.0008781338,0.9498129,0.0056731924,0.0021656968,0.0014140587,0.00044495586,0.0056947726,0.03391622,1,5.1682067,0.99430525,False,0.36734775,Test
1658,6,-3.047575,5.066094,-2.2239552,-2.5923314,-2.8436573,-3.9201488,-1.5240712,-1.4228305,0.00029797625,0.9951833,0.00067900814,0.00046977642,0.00036537758,0.00012451671,0.0013671957,0.0015128608,1,6.5949936,0.9986328,False,0.05573072,Test
1659,6,-1.3169323,7.795553,-4.611066,-2.5839772,-4.257451,-3.4937057,-1.0573409,-5.541559,0.00011024624,0.9996917,4.090156e-06,3.105228e-05,5.825227e-06,1.2502684e-05,0.00014292334,1.6129903e-06,1,8.853202,0.99985707,False,0.004593755,Test
1660,6,-4.284491,38.316814,-26.995218,-9.225749,-14.59622,1.2403291,-6.7091174,-26.245413,3.1512836e-19,1.0,4.3186078e-29,2.2517835e-21,1.0475191e-23,7.904735e-17,2.789241e-20,9.1407494e-29,1,45.025932,1.0,False,4.249583e-15,Test
1661,6,-1.9547266,1.8612149,-0.7424554,-1.5297871,-2.157346,-4.308839,-0.07680891,-0.11475963,0.015370932,0.6981399,0.05166338,0.023509804,0.012551731,0.0014598973,0.10052393,0.09678044,1,2.2973595,0.89947605,False,1.5548322,Test
1662,5,-5.4451275,39.53204,-27.082148,-9.911185,-14.986121,0.9498502,-7.4346104,-27.422031,2.9286355e-20,1.0,1.17442486e-29,3.3657345e-22,2.1040845e-24,1.7537546e-17,4.0053664e-21,8.360195e-30,1,38.582188,1.0,False,9.783765e-16,Test
1663,6,-5.666966,-1.5080692,-0.4962211,-1.2707295,-2.0162892,-2.975709,-0.53682685,4.849859,2.6683638e-05,0.0017077756,0.004697543,0.00216524,0.0010273386,0.0003935889,0.0045106155,0.98547125,7,5.401322,0.99548936,False,0.14220795,Test
1664,4,-6.8034573,-3.4833457,5.340085,-1.8522481,-0.46359998,-6.8181877,-2.2100048,6.2738285,1.4999808e-06,4.1494615e-05,0.28181177,0.00021201595,0.0008500622,1.4780475e-06,0.0001482507,0.71693337,7,7.070201,0.9991499,False,0.8729227,Test
1665,6,-4.1651974,14.336673,-8.88679,-4.7334723,-6.195516,-2.3812797,-3.3096685,-6.5942426,9.220199e-09,1.0,8.206881e-11,5.2232574e-09,1.2105532e-09,5.4889007e-08,2.1691587e-08,8.1249135e-10,1,17.646341,1.0,False,2.501034e-06,Test
1666,1,-5.5089917,48.03008,-34.281155,-11.504125,-18.27975,2.432848,-8.222602,-33.71369,5.601151e-24,1.0,1.7893095e-36,1.395161e-26,1.5922338e-29,1.5753427e-20,3.7133914e-25,3.155948e-36,1,-0.0,0.0,True,1.0367701e-18,Test
1667,1,-5.3323526,90.373344,-64.67699,-19.328632,-32.84619,9.253549,-14.79169,-71.17102,2.726e-42,1.0,0.0,0.0,0.0,5.8900625e-36,0.0,0.0,1,-0.0,0.0,True,6.8932105e-34,Test
1668,6,-4.001682,67.53903,-48.371185,-14.229193,-25.141787,5.9800515,-10.497888,-53.65513,8.51656e-32,1.0,0.0,3.079714e-36,5.6135e-41,1.8419384e-27,1.2852774e-34,0.0,1,78.03692,1.0,False,1.6359289e-25,Test
1669,4,-6.6498976,-3.477837,6.990824,-1.8554904,-0.1351219,-6.479465,-2.7036314,2.6414592,1.1746018e-06,2.8022008e-05,0.9862366,0.00014193045,0.0007929067,1.3928643e-06,6.077603e-05,0.012737253,2,7.139805,0.9992071,False,0.1112045,Test
1670,6,-3.2271307,2.02417,-1.7021143,-0.6811037,-2.9170241,-3.0635164,1.2212788,-2.4550722,0.0033404338,0.63740265,0.015350029,0.04261166,0.004554918,0.0039342293,0.28557664,0.0072294236,1,1.2532449,0.71442336,False,1.3627154,Test
1671,6,-3.278096,0.8490661,2.4007208,-2.161574,-1.5269028,-5.514112,-1.4601384,0.32393223,0.0024548369,0.15220408,0.71829265,0.007497594,0.0141434735,0.00026238142,0.015119989,0.09002508,2,4.1917377,0.98488003,False,1.324624,Test
1672,6,-1.6771472,0.11497099,-0.79617584,-0.9520684,-1.9187076,-4.0848336,0.85535693,-0.16990057,0.033950116,0.2037738,0.08192988,0.07010339,0.026664468,0.0030563034,0.4272616,0.15326048,6,0.85035884,0.5727384,True,2.3017113,Test
1673,4,-3.0955722,9.734459,-7.054284,-2.9558225,-5.03236,-2.2726076,-1.2861346,-5.3858953,2.679018e-06,0.99997115,5.1136315e-08,3.0808353e-06,3.862242e-07,6.10077e-06,1.6360798e-05,2.7120726e-07,1,14.766848,0.99999964,False,0.0005289748,Test
1674,4,-5.9390006,30.031622,-17.469837,-8.696348,-10.920593,-1.4184694,-7.3176637,-20.783558,2.3886742e-16,1.0,2.3462768e-21,1.5158502e-17,1.6393742e-18,2.1948177e-14,6.017437e-17,8.5358865e-23,1,40.952217,1.0,False,1.0124346e-12,Test
1675,5,-5.3678465,56.421703,-38.684258,-13.499054,-20.391445,3.1899033,-10.654178,-42.094547,1.4626454e-27,1.0,4.966e-42,4.303277e-31,4.36992e-34,7.6159306e-24,7.401412e-30,1.64e-43,1,53.2318,1.0,False,5.850137e-22,Test
1676,6,-3.1156902,23.636751,-16.375431,-5.8461075,-9.546834,-0.45786342,-3.9869914,-15.845068,2.4074779e-12,1.0,4.196906e-18,1.569485e-13,3.8774987e-15,3.4343306e-11,1.0073046e-12,7.132862e-18,1,27.623743,1.0,False,1.3337378e-09,Test
1677,6,-4.074914,12.762234,-8.887533,-3.2584383,-6.200901,-2.2148926,-1.5849121,-7.0181947,4.8721382e-08,0.9999989,3.9593623e-10,1.1023263e-07,5.813193e-09,3.129798e-07,5.876425e-07,2.567254e-09,1,14.347147,0.9999994,False,2.4449837e-05,Test
1678,6,-2.0066764,45.785748,-29.297865,-10.632594,-16.853014,1.0678037,-8.0843315,-36.918842,1.7539383e-21,1.0,2.463782e-33,3.1464812e-25,6.256489e-28,3.7952746e-20,4.0227398e-24,1.2074051e-36,1,53.87008,1.0,False,2.5697693e-18,Test
1679,6,-5.0604906,55.574387,-39.683784,-12.823415,-20.772192,3.4342346,-9.293099,-39.872032,4.64096e-27,1.0,4.264e-42,1.9733814e-30,6.9678915e-34,2.2689227e-23,6.7361103e-29,3.533e-42,1,64.867485,1.0,False,1.7071491e-21,Test
1680,6,-1.70414,0.29843873,1.1955156,-1.6745546,-1.4982849,-5.563596,-0.6861528,0.66527385,0.023632592,0.17507343,0.42935425,0.024342217,0.029034417,0.00049816247,0.065405995,0.25265893,2,2.7271414,0.93459404,False,2.1345255,Test
1681,4,-5.215102,41.567863,-28.239208,-10.400248,-15.448359,1.123045,-8.094922,-28.427595,4.812999e-21,1.0,4.8214274e-31,2.6948647e-23,1.7304946e-25,2.7229479e-18,2.7022573e-22,3.993537e-31,1,57.01622,1.0,False,1.5922899e-16,Test
1682,1,-5.772546,99.55487,-72.00699,-20.85852,-36.315662,10.600535,-15.856324,-79.15058,0.0,1.0,0.0,0.0,0.0,2.331427e-39,0.0,0.0,1,-0.0,0.0,True,2.9920132e-37,Test
1683,6,-4.7313247,51.747204,-36.330746,-12.060338,-19.164886,2.7700927,-9.007493,-37.485126,2.9626978e-25,1.0,5.600574e-39,1.9441827e-28,1.5968672e-31,5.36427e-22,4.116905e-27,1.765595e-39,1,60.754696,1.0,False,3.7927934e-20,Test
1684,6,1.0744166,15.109978,-8.982332,-4.7391586,-6.8295803,-3.78588,-2.4314446,-14.294194,8.024779e-07,0.99999917,3.44225e-11,2.3967859e-09,2.963266e-10,6.2177383e-09,2.4091117e-08,1.6979717e-13,1,17.541422,1.0,False,1.8311674e-05,Test
1685,6,-3.405517,44.515842,-31.241821,-10.115886,-16.674238,2.2394397,-7.5003257,-33.608936,1.5417636e-21,1.0,1.2556434e-33,1.8781985e-24,2.6637071e-27,4.3610606e-19,2.5684188e-23,1.1771714e-34,1,52.016167,1.0,False,2.670763e-17,Test
1686,6,-1.6419238,29.305288,-21.333172,-6.376692,-11.746581,1.1037432,-4.038655,-22.786812,3.6290795e-14,1.0,1.0185844e-22,3.1879604e-16,1.4838844e-18,5.6522885e-13,3.3030022e-15,2.380606e-23,1,33.343945,1.0,False,2.4792711e-11,Test
1687,6,1.822412,9.034941,-6.660255,-2.8240118,-4.607274,-3.159683,-1.3466448,-8.555951,0.0007367144,0.9992188,1.5251884e-07,7.0694064e-06,1.1882888e-06,5.053622e-06,3.097387e-05,2.2910413e-08,1,10.382366,0.999969,False,0.0094945,Test
1688,6,-0.8399606,-0.26389694,-1.222651,-1.2057117,-1.7629962,-2.592288,-0.50919104,-0.7837038,0.13936679,0.24793655,0.0950515,0.096675314,0.055371974,0.024162015,0.194004,0.14743184,1,1.6398765,0.805996,False,2.7707515,Test
1689,6,-0.70125544,14.544452,-9.008565,-4.1985445,-5.9477034,-2.2723885,-2.7921112,-10.924944,2.3926174e-07,0.99999976,5.902755e-11,7.244694e-09,1.2599984e-09,4.9720857e-08,2.956829e-08,8.6852504e-12,1,17.336563,1.0,False,7.959812e-06,Test
1690,6,-2.5204322,22.809935,-16.598583,-5.0506144,-9.549115,0.08138095,-2.8351665,-16.325405,9.980718e-12,1.0,7.675364e-18,7.949081e-13,8.8438795e-15,1.3462154e-10,7.285744e-12,1.0086458e-17,1,25.645102,1.0,False,5.0809486e-09,Test
1691,6,-4.0681415,35.427166,-24.814035,-8.446311,-13.577486,1.0172299,-6.0435195,-24.414312,7.0372945e-18,1.0,6.8798316e-27,8.8306086e-20,5.2185423e-22,1.1375098e-15,9.761369e-19,1.02607e-26,1,41.470684,1.0,False,5.693446e-14,Test
1692,4,-3.7826912,34.21191,-22.224495,-8.771935,-12.727217,0.077398226,-6.8829246,-24.892658,3.156123e-17,1.0,3.0901577e-25,2.149579e-19,4.117153e-21,1.4981973e-15,1.4214796e-18,2.1439372e-26,1,46.939125,1.0,False,7.5607665e-14,Test
1693,6,-4.7587686,-3.181876,-1.6092541,0.61667705,-2.165597,-2.9800777,5.0945687,-4.40405,5.1846648e-05,0.0002509323,0.0012093092,0.011200746,0.00069329934,0.00030704107,0.98621297,7.392185e-05,6,0.013882977,0.013787031,True,0.11966902,Test
1694,6,-4.133136,2.9235287,-0.22781745,-2.1071384,-2.158832,-2.8815925,-1.3983079,-0.78272384,0.00078527705,0.91136706,0.039001476,0.005955281,0.005655254,0.0027451187,0.012098836,0.022391763,1,4.414646,0.98790115,False,0.62205225,Test
1695,5,-3.658427,39.652473,-26.84213,-9.601319,-14.844719,1.0379069,-7.180915,-29.541273,1.5499382e-19,1.0,1.3236084e-29,4.0677101e-22,2.1486717e-24,1.6978789e-17,4.5763315e-21,8.90301e-31,1,38.614567,1.0,False,9.55895e-16,Test
1696,6,-0.13973434,0.8290192,-0.13394412,-1.5065093,-1.8850353,-5.0342317,0.3247099,-1.5329498,0.14457388,0.3809028,0.14541343,0.036855906,0.025241503,0.001082522,0.23003578,0.03589418,1,1.4695203,0.7699642,False,2.318436,Test
1697,6,-2.0991604,20.099749,-13.535457,-4.904998,-8.120677,-0.6846844,-3.4370472,-14.605154,2.2863146e-10,1.0,2.4684048e-15,1.3822195e-11,5.5465804e-13,9.406657e-10,5.99928e-11,8.469393e-16,1,23.536797,1.0,False,3.808714e-08,Test
1698,4,-3.275082,19.864664,-12.457612,-4.70393,-7.9073753,-0.56228125,-3.3971417,-14.8724575,8.923519e-11,1.0,9.175156e-15,2.1379384e-11,8.684734e-13,1.344902e-09,7.898158e-11,8.200867e-16,1,27.77204,1.0,False,4.605671e-08,Test
1699,6,-4.1460505,50.15893,-35.49234,-11.65095,-18.570196,2.9721851,-8.775276,-36.717712,2.604032e-24,1.0,6.3405017e-38,1.4332067e-27,1.4168369e-30,3.2140836e-21,2.5421355e-26,1.8618778e-38,1,58.934208,1.0,False,2.1900853e-19,Test
1700,4,-5.2254486,92.05625,-64.85022,-19.503223,-33.118736,10.024056,-15.535582,-74.84678,5.63e-43,1.0,0.0,0.0,0.0,2.3652112e-36,0.0,0.0,1,125.17499,1.0,False,2.7991677e-34,Test
1701,1,-6.088567,74.67863,-51.506454,-16.753614,-27.092676,5.4069376,-13.055439,-57.37434,8.3801576e-36,1.0,0.0,1.9565e-40,7e-45,8.235446e-31,7.8991e-39,0.0,1,-0.0,0.0,True,8.230431e-29,Test
1702,6,-3.996103,83.462326,-59.60649,-17.495085,-30.332005,7.8113866,-13.672368,-68.05888,1.040609e-38,1.0,0.0,1.4e-44,0.0,1.3970573e-33,6.53e-43,0.0,1,97.1347,1.0,False,1.5247786e-31,Test
1703,5,-4.793404,59.172276,-41.032887,-13.665587,-21.534418,3.6218839,-10.422898,-44.63249,1.6598105e-28,1.0,3.1e-44,2.3276587e-32,8.902817e-36,7.494993e-25,5.9593487e-31,1e-45,1,55.550392,1.0,False,6.0081956e-23,Test
1704,6,-4.3492894,24.041563,-16.61192,-6.56274,-9.654539,-0.8064643,-4.5967093,-13.74971,4.677455e-13,1.0,2.2101296e-18,5.1135196e-14,2.3225698e-15,1.6167337e-11,3.6522188e-13,3.8677447e-17,1,28.638271,1.0,False,6.161898e-10,Test
1705,4,-5.4256067,19.456299,-12.308781,-6.1967864,-7.8297486,-1.9282861,-4.8686113,-9.253551,1.5628818e-11,1.0,1.601774e-14,7.227805e-12,1.4119535e-12,5.161703e-10,2.7278856e-11,3.3999336e-13,1,27.286047,1.0,False,1.7780826e-08,Test
1706,6,-2.289871,3.2921474,-0.2846804,-2.181587,-2.484085,-4.16506,-1.2003217,-1.7330042,0.0035606963,0.9457464,0.026447106,0.0039679124,0.002932167,0.0005459471,0.010585717,0.0062141116,1,4.5482497,0.9894143,False,0.42092615,Test
1707,6,-5.4878316,-2.043675,1.7309686,-0.3258856,-1.4533364,-3.8069177,0.54825175,1.3429126,0.00033583117,0.010517178,0.4583593,0.058603775,0.01897929,0.0018035684,0.14046194,0.31093916,2,1.9628187,0.8595381,False,1.8754698,Test
1708,5,-4.95628,61.632744,-42.391315,-14.059969,-22.145102,4.162161,-10.900274,-46.372154,1.20435035e-29,1.0,0.0,1.3399029e-33,4.1280334e-37,1.0986106e-25,3.157255e-32,0.0,1,57.47058,1.0,False,9.110017e-24,Test
1709,6,-4.0786114,33.942966,-23.49925,-8.411126,-12.972255,0.7707598,-6.161906,-23.40452,3.0721286e-17,1.0,1.13022e-25,4.035076e-19,4.2167503e-21,3.9218735e-15,3.8253807e-18,1.2425167e-25,1,40.104874,1.0,False,1.8962204e-13,Test
1710,6,-1.6960741,17.708706,-12.010071,-4.438601,-7.390572,-1.4437096,-2.7867813,-12.43506,3.7377594e-09,1.0,1.2396505e-13,2.4073932e-10,1.2575414e-11,4.8107336e-09,1.2558072e-09,8.104559e-14,1,20.495487,1.0,False,2.8285396e-07,Test
1711,4,-2.8993418,4.4480977,-2.0505679,-2.1672332,-2.759534,-2.9877894,-1.164152,-1.268706,0.00063674955,0.98837376,0.0014879437,0.0013240963,0.00073229586,0.00058284943,0.003610373,0.0032519582,1,7.219326,0.9992677,False,0.12012898,Test
1712,5,-6.381709,119.477234,-85.927734,-25.127785,-43.196114,12.716574,-19.437895,-95.59717,0.0,1.0,0.0,0.0,0.0,0.0,0.0,0.0,1,106.76066,1.0,False,0.0,Test
1713,5,-5.0483766,65.87155,-46.59081,-15.002402,-24.084656,5.0520267,-11.511435,-49.205402,1.5844042e-31,1.0,0.0,7.5316084e-36,8.56083e-40,3.8584705e-27,2.4716975e-34,0.0,1,60.819527,1.0,False,3.38574e-25,Test
1714,6,-6.605603,121.60013,-87.781296,-25.603064,-43.93364,13.720183,-20.0764,-97.73581,0.0,1.0,0.0,0.0,0.0,0.0,0.0,0.0,1,141.67653,1.0,False,0.0,Test
1715,5,-6.137878,53.335552,-37.05251,-12.99914,-19.763134,2.314171,-9.81877,-37.8763,1.482577e-26,1.0,5.55857e-40,1.5531323e-29,1.7932628e-32,6.945374e-23,3.7361625e-28,2.4389e-40,1,51.02138,1.0,False,5.1136786e-21,Test
1716,4,-4.6171794,17.97003,-10.934333,-5.674372,-7.2757688,-1.7054892,-4.5647154,-10.07253,1.5505988e-10,1.0,2.7989503e-13,5.387247e-11,1.08614845e-11,2.8512224e-09,1.6341237e-10,6.6262935e-13,1,25.245798,1.0,False,9.357141e-08,Test
1717,6,-3.9349406,23.843424,-15.088949,-6.7281876,-9.208968,-1.1805215,-5.16736,-15.69766,8.629979e-13,1.0,1.2356208e-17,5.2834534e-14,4.421086e-15,1.3559349e-11,2.5163817e-13,6.7224145e-18,1,29.010784,1.0,False,5.3717797e-10,Test
1718,4,-5.3143396,45.20067,-30.16511,-11.181822,-16.436977,1.4750044,-8.662455,-32.234814,1.1524211e-22,1.0,1.8580584e-33,3.2613304e-25,1.702592e-27,1.0237318e-19,4.0508276e-24,2.345286e-34,1,61.637646,1.0,False,6.4667264e-18,Test
1719,6,-3.9837372,18.53481,-12.459596,-5.2921476,-7.725875,-1.53256,-3.5387847,-10.513013,1.6608073e-10,1.0,3.461796e-14,4.4883194e-11,3.936674e-12,1.9268689e-09,2.5915542e-10,2.4248875e-13,1,22.073593,1.0,False,7.113714e-08,Test
1720,1,-5.6107783,84.32597,-60.474525,-18.425856,-30.67406,7.9510894,-14.130096,-65.178154,8.72901e-40,1.0,0.0,3e-45,0.0,6.77343e-34,1.74e-43,0.0,1,-0.0,0.0,True,7.4633606e-32,Test
1721,6,-1.2207457,10.462301,-7.241373,-3.0505815,-4.9333906,-1.8878781,-1.555309,-7.1012764,8.435449e-06,0.9999796,2.0482505e-08,1.3533837e-06,2.0593356e-07,4.3288874e-06,6.0368334e-06,2.3562768e-08,1,12.017631,0.999994,False,0.0003854631,Test
1722,6,-3.3485649,42.885994,-30.025646,-9.684257,-16.061298,2.2223125,-7.2036586,-32.052006,8.328878e-21,1.0,2.1621144e-32,1.4758081e-23,2.5090898e-26,2.1876998e-18,1.7633564e-22,2.8499587e-33,1,50.089653,1.0,False,1.2891147e-16,Test
1723,6,-3.540888,25.345428,-16.310743,-6.569539,-9.985738,-0.92723864,-5.0728498,-18.770988,2.849917e-13,1.0,8.1087445e-19,1.3788154e-14,4.527619e-16,3.889786e-12,6.158995e-14,6.926017e-20,1,30.418278,1.0,False,1.6267389e-10,Test
1724,6,-4.0121217,81.172424,-58.277092,-17.212885,-29.779743,8.016912,-12.991934,-65.41058,1.0111628e-37,1.0,0.0,1.86e-43,0.0,1.694204e-32,1.2734e-41,0.0,1,94.16436,1.0,False,1.788094e-30,Test
1725,6,-4.247673,12.234574,-7.502711,-4.0012584,-5.800432,-2.7559886,-2.428435,-6.2614594,6.947858e-08,0.99999905,2.6804354e-09,8.889293e-08,1.4706027e-08,3.0880267e-07,4.284848e-07,9.274161e-09,1,14.663011,0.9999996,False,2.155928e-05,Test
1726,6,-3.7588036,43.286892,-30.530907,-9.726426,-16.420946,2.7467215,-7.0320396,-32.999653,3.7009543e-21,1.0,8.736531e-33,9.475647e-24,1.1727747e-26,2.4753032e-18,1.402057e-22,7.399026e-34,1,50.31893,1.0,False,1.450354e-16,Test
1727,4,-3.5554662,25.682072,-15.297636,-6.829045,-9.226003,-0.29297063,-5.6715975,-17.88163,2.0058518e-13,1.0,1.5949236e-18,7.596293e-15,6.9122007e-16,5.2382044e-12,2.4169902e-14,1.203718e-19,1,34.908073,1.0,False,2.0624216e-10,Test
1728,5,-5.1459455,48.973915,-34.89891,-11.541312,-18.439121,2.488682,-8.348289,-34.39389,3.1335941e-24,1.0,3.7540033e-37,5.230826e-27,5.2830978e-30,6.4821593e-21,1.2743328e-25,6.2204545e-37,1,46.485233,1.0,False,4.349753e-19,Test
1729,6,-5.0045114,44.48433,-31.346842,-10.455184,-16.882286,2.587398,-7.5299354,-32.003246,3.2156515e-22,1.0,1.166653e-33,1.3806137e-24,2.2326343e-27,6.373738e-19,2.5733126e-23,6.0515464e-34,1,52.014263,1.0,False,3.8550736e-17,Test
1730,6,-3.1223514,32.255016,-21.915121,-8.071871,-12.002873,0.6042116,-6.2825255,-22.765312,4.3231858e-16,1.0,2.9799507e-24,3.0637591e-18,6.0123345e-20,1.7956855e-14,1.833829e-17,1.2734296e-24,1,38.53754,1.0,False,8.4322084e-13,Test
1731,6,-0.34538686,6.1827803,-4.653986,-2.0537748,-3.9814844,-4.170232,0.5586099,-6.5226707,0.0014537893,0.99460006,1.955693e-05,0.000263365,3.831461e-05,3.172433e-05,0.0035900653,3.0181527e-06,1,5.629585,0.99640995,False,0.055159453,Test
1732,6,-1.659082,1.037218,0.85052526,-2.2075903,-1.660699,-4.951215,-1.3621494,0.5779053,0.02472246,0.36650503,0.30408874,0.014284914,0.024682518,0.0009190446,0.03326963,0.2315277,1,3.4031105,0.96673036,False,2.0656362,Test
1733,6,-2.487734,31.213558,-22.075111,-6.869092,-12.06629,1.1847825,-4.949373,-24.260674,2.3105428e-15,1.0,7.194901e-24,2.890118e-17,1.5988275e-19,9.092184e-14,1.9707851e-16,8.0881144e-25,1,36.16293,1.0,False,4.063169e-12,Test
1734,6,-5.051492,4.6180706,-1.0761588,-2.8626575,-2.9141943,-4.105001,-2.194091,-0.79403937,6.253624e-05,0.98985076,0.0033311748,0.0005581241,0.00053008896,0.00016113419,0.0010891447,0.0044169277,1,6.8223624,0.99891084,False,0.10195815,Test
1735,4,-5.5008903,26.08354,-16.399479,-7.4477453,-10.02831,-1.331496,-5.9314837,-16.429111,1.9189162e-14,1.0,3.5469916e-19,2.738724e-15,2.0740657e-16,1.2410848e-12,1.2475343e-14,3.4434273e-19,1,36.11185,1.0,False,5.0680744e-11,Test
1736,5,-5.5797486,54.152523,-37.14835,-12.877032,-20.015331,2.6295311,-9.723021,-40.681156,1.1444673e-26,1.0,2.23118e-40,7.752354e-30,6.1561635e-33,4.2058062e-23,1.8163716e-28,6.52e-42,1,51.52299,1.0,False,3.127262e-21,Test
1737,5,-6.321517,58.431637,-38.11682,-14.559797,-20.90128,1.7255112,-11.726661,-43.911728,7.5520323e-29,1.0,1.174e-42,1.9962906e-32,3.516837e-35,2.359619e-25,3.3934368e-31,4e-45,1,56.706127,1.0,False,1.931105e-23,Test
1738,0,-3.8886068,40.305695,-28.866837,-9.018134,-15.220078,3.739513,-6.754206,-30.677187,6.4070586e-20,1.0,9.093926e-31,3.7925643e-22,7.68181e-25,1.316768e-16,3.6487506e-21,1.4877401e-31,1,44.1943,1.0,False,6.9508176e-15,Test
1739,4,-5.6363597,6.320666,-3.0636559,-3.8299613,-3.574863,-4.068337,-3.0383658,1.7844301,6.3441603e-06,0.9891095,8.311616e-05,3.8626295e-05,4.985065e-05,3.0433914e-05,8.524494e-05,0.010596982,1,9.906479,0.9999502,False,0.08926797,Test
1740,6,-2.1170123,-1.3970184,0.8134263,-0.78833675,-1.4377234,-5.687877,1.8463464,-0.0890838,0.011389645,0.02339912,0.21339463,0.043007743,0.022465786,0.0003204079,0.5994804,0.08654228,6,0.511692,0.4005196,True,1.7458719,Test
1741,4,-4.1716037,14.743235,-8.694926,-4.4931574,-5.9838233,-1.3869019,-3.8084605,-8.96061,6.1008425e-09,0.9999999,6.621196e-11,4.4232413e-09,9.962144e-10,9.880312e-08,8.772053e-09,5.076337e-11,1,20.727058,1.0,False,3.0289973e-06,Test
1742,6,-4.3902793,39.071346,-27.314024,-9.341028,-14.992681,1.1364249,-6.7509155,-27.265366,1.3330808e-19,1.0,1.4763892e-29,9.435655e-22,3.3135377e-24,3.3502178e-17,1.2578955e-20,1.5499955e-29,1,45.82226,1.0,False,1.8427812e-15,Test
1743,6,-3.2995684,11.710477,-5.5445323,-4.219586,-4.7812853,-3.0091798,-3.3799357,-7.023965,3.0284454e-07,0.9999988,3.208074e-08,1.2068712e-07,6.8820555e-08,4.0488686e-07,2.7945813e-07,7.3069275e-09,1,15.090413,0.9999997,False,2.836729e-05,Test
1744,6,-2.0641358,20.608826,-14.74536,-4.5866,-8.595777,0.0988794,-2.6852815,-16.295074,1.4231728e-10,1.0,4.424576e-16,1.1422625e-11,2.0730168e-13,1.2377794e-09,7.647116e-11,9.3937674e-17,1,23.294107,1.0,False,4.4274497e-08,Test
1745,6,-5.6451387,-2.895454,3.8959777,-1.0798213,-0.8910211,-7.062101,0.9672607,2.0842996,5.8247526e-05,0.0009108579,0.81083375,0.005597186,0.00676028,1.4122086e-05,0.0433517,0.1324738,2,3.1384094,0.9566483,False,0.92875713,Test
1746,6,-1.1567978,18.777594,-12.526779,-4.7656054,-7.5764446,-1.5068574,-3.2972548,-13.958428,2.2009186e-09,1.0,2.5391224e-14,5.960989e-11,3.5858046e-12,1.5508688e-09,2.5883037e-10,6.066328e-15,1,22.074848,1.0,False,1.1908731e-07,Test
1747,6,-3.9557288,24.699324,-16.629831,-6.8867707,-9.610096,-0.8324649,-5.209062,-15.223393,3.591443e-13,1.0,1.1245429e-18,1.9157273e-14,1.2577931e-15,8.159911e-12,1.0255407e-13,4.589695e-18,1,29.908386,1.0,False,3.207748e-10,Test
1748,4,-5.59904,40.290867,-26.002241,-10.545479,-14.543897,0.57646763,-8.549921,-28.36484,1.1756181e-20,1.0,1.6190857e-29,8.3571e-23,1.5330814e-24,5.6527054e-18,6.147726e-22,1.5247713e-30,1,54.834763,1.0,False,3.2470397e-16,Test
1749,6,-2.2809432,-0.9246631,-0.16729671,-0.48846072,-1.7017354,-4.0374913,1.1834939,0.23769817,0.015269067,0.059270345,0.12640303,0.09168065,0.027249547,0.0026360475,0.4879759,0.18951543,6,0.7174893,0.5120241,True,2.1510525,Test
1750,5,-6.335049,65.139046,-45.884396,-15.205243,-24.027369,3.9521136,-11.29812,-47.184708,9.103189e-32,1.0,0.0,1.2791382e-35,1.885903e-39,2.6721034e-27,6.3644566e-34,0.0,1,61.18693,1.0,False,2.3588694e-25,Test
1751,6,-1.2055002,1.1143441,-0.014675498,-1.350763,-2.1203268,-4.6711955,0.02408025,-1.2346469,0.04962389,0.5048779,0.16325232,0.0429145,0.019878639,0.0015508094,0.1697035,0.048198394,1,1.7737025,0.8302965,False,2.1065867,Test
1752,1,-5.3920913,79.508064,-56.024265,-17.705053,-28.6365,6.419001,-13.733909,-61.285744,1.3437905e-37,1.0,0.0,6.04e-43,0.0,1.8105984e-32,3.2028e-41,0.0,1,-0.0,0.0,True,1.9092061e-30,Test
1753,6,-2.8132732,11.969349,-7.846111,-3.213595,-5.5478315,-2.0971513,-2.0438023,-7.0375085,3.8017865e-07,0.99999774,2.4788716e-09,2.5475958e-07,2.4682196e-08,7.7802906e-07,8.206629e-07,5.5644973e-09,1,14.013153,0.99999917,False,5.009741e-05,Test
1754,6,-5.4402556,-1.3653833,0.30207545,-0.23881091,-2.339054,-5.6605096,2.026207,2.1259253,0.0002349428,0.013824734,0.07325292,0.04265019,0.0052215215,0.00018849815,0.41077664,0.45385057,7,0.8897056,0.5892234,False,1.6450096,Test
1755,6,-1.3957014,18.384657,-13.02203,-3.9919753,-7.753918,0.15398557,-2.2145853,-14.944895,2.5674378e-09,1.0,2.2921826e-14,1.9140439e-10,4.447964e-12,1.2092615e-08,1.1320416e-09,3.3508856e-15,1,20.599243,1.0,False,4.3130896e-07,Test
1756,6,-2.348785,22.9483,-17.324137,-5.0975747,-9.970452,0.24381073,-2.3644187,-17.181684,1.0318479e-11,1.0,3.2352093e-18,6.6043763e-13,5.05322e-15,1.379005e-10,1.0158428e-11,3.7305275e-18,1,25.312717,1.0,False,5.291538e-09,Test
1757,6,-2.3932707,11.297204,-8.012242,-2.898718,-5.498938,-2.0908442,-1.2550516,-7.574148,1.1331813e-06,0.99999297,4.111601e-09,6.8357537e-07,5.0760388e-08,1.5333507e-06,3.5368903e-06,6.3719505e-09,1,12.552262,0.9999965,False,0.0001416269,Test
1758,6,-4.8414736,33.671032,-22.70155,-8.859416,-12.787819,-0.017779555,-6.698287,-21.697191,1.88032e-17,1.0,3.293813e-25,3.3826786e-19,6.65545e-21,2.339563e-15,2.9364804e-18,8.992602e-25,1,40.36932,1.0,False,1.14946e-13,Test
1759,1,-5.5797276,90.743355,-63.919014,-20.230291,-32.353012,8.120682,-16.04245,-70.41965,1.47e-42,1.0,0.0,0.0,0.0,1.31047585e-36,0.0,0.0,1,-0.0,0.0,True,1.5620802e-34,Test
1760,4,-6.3694158,88.08752,-62.09467,-19.886723,-31.696861,7.3783455,-15.558738,-66.887856,9.504e-42,1.0,0.0,0.0,0.0,8.8808376e-36,1e-45,0.0,1,119.78438,1.0,False,1.0340747e-33,Test
1761,4,-3.714823,25.939722,-16.813148,-6.821863,-9.668794,-0.25937688,-5.4548,-17.47337,1.3218886e-13,1.0,2.7081022e-19,5.913224e-15,3.430976e-16,4.1867404e-12,2.3202375e-14,1.3993714e-19,1,35.608517,1.0,False,1.6525092e-10,Test
1762,6,-3.0770075,38.292988,-26.619635,-8.893698,-14.44181,1.4026318,-6.6483617,-28.176046,1.0795416e-18,1.0,6.438832e-29,3.2142797e-21,1.25189536e-23,9.521845e-17,3.035429e-20,1.3578947e-29,1,44.94135,1.0,False,5.134292e-15,Test
1763,6,-4.5256977,-2.1189249,0.283988,0.20380777,-1.940308,-5.146608,3.5071635,-1.1595306,0.0002966172,0.003291886,0.036392886,0.033588815,0.0039356546,0.00015941849,0.91374254,0.0085921995,6,0.09020642,0.08625746,True,0.5803704,Test
1764,6,-1.9178107,15.97528,-11.600147,-3.8244388,-7.1317573,-0.6557846,-1.8118304,-11.732295,1.6948418e-08,0.9999999,1.0571674e-12,2.5182063e-09,9.220223e-11,5.987148e-08,1.884328e-08,9.263031e-13,1,17.78711,1.0,False,2.518662e-06,Test
1765,4,-5.0568895,38.059353,-25.024633,-9.698824,-13.986012,0.5481545,-7.6685605,-26.642073,1.8830171e-19,1.0,4.0084243e-28,1.8150413e-21,2.494511e-23,5.1179124e-17,1.3823555e-20,7.952959e-29,1,52.045364,1.0,False,2.782424e-15,Test
1766,6,-0.4341388,-1.3250905,1.4373839,-1.3866066,-1.3937972,-5.9275093,-0.2555582,-0.3261906,0.09098449,0.037327755,0.5912339,0.03510071,0.034849215,0.00037430617,0.1087737,0.10135581,2,2.2184856,0.8912263,False,1.9655008,Test
1767,4,-3.328352,39.670776,-28.15495,-8.663487,-15.109207,2.9529748,-6.1594234,-30.243454,2.1169714e-19,1.0,3.496713e-30,1.0202259e-21,1.6194048e-24,1.1315194e-16,1.2479493e-20,4.3314724e-31,1,54.779984,1.0,False,6.0079797e-15,Test
1768,4,-4.6549077,15.585271,-10.575555,-4.7181673,-6.826813,-1.778629,-3.3421295,-6.704495,1.6210706e-09,1.0,4.350085e-12,1.5216992e-09,1.8473761e-10,2.8770963e-08,6.024685e-09,2.0877451e-10,1,22.412085,1.0,False,9.90009e-07,Test
1769,6,-2.117493,22.124651,-15.41541,-5.2997513,-8.968772,-0.30834228,-3.439748,-15.816767,2.963267e-11,1.0,4.9723104e-17,1.2295139e-12,3.1354395e-14,1.8091516e-10,7.898094e-12,3.3285238e-17,1,25.5644,1.0,False,7.232858e-09,Test
1770,6,-1.7221243,9.554703,-6.722048,-2.7802393,-4.695517,-1.7375867,-1.472423,-6.195205,1.2662399e-05,0.99995327,8.532509e-08,4.395239e-06,6.4742295e-07,1.2468108e-05,1.625399e-05,1.4450451e-07,1,11.027172,0.9999837,False,0.000831768,Test
1771,1,-4.6295643,64.92721,-44.139343,-14.90534,-23.36748,4.249367,-11.801192,-51.214806,6.1926773e-31,1.0,0.0,2.1338507e-35,4.509261e-39,4.4457843e-27,4.756404e-34,0.0,1,-0.0,0.0,True,3.8924446e-25,Test
1772,6,-5.4807353,-0.09280072,-0.063747115,-1.3051345,-2.0720782,-3.7549987,-0.5432826,2.7289433,0.0002292712,0.050153334,0.051631834,0.014920726,0.0069296365,0.0012877376,0.03196377,0.84288365,7,3.4431522,0.96803623,False,0.9592814,Test
1773,6,-0.2820639,9.155563,-4.9224257,-3.161817,-4.2742634,-3.4196107,-1.9102305,-6.8976645,7.966085e-05,0.9998945,7.6906133e-07,4.4728426e-06,1.4704644e-06,3.456411e-06,1.563655e-05,1.06690486e-07,1,11.0659,0.9999844,False,0.0016752464,Test
1774,6,-4.9870806,90.81078,-65.52798,-19.3209,-33.16899,9.13861,-14.540729,-71.46847,2.486e-42,1.0,0.0,0.0,0.0,3.3902064e-36,0.0,0.0,1,105.35151,1.0,False,3.994617e-34,Test
1775,6,-2.6105335,16.617723,-10.538836,-4.862804,-6.8441463,-1.5652379,-3.4318423,-9.671991,4.4593795e-09,1.0,1.6071495e-12,4.6894866e-10,6.466053e-11,1.2683543e-08,1.9614805e-09,3.8240357e-12,1,20.049566,1.0,False,5.30092e-07,Test
1776,6,-3.521527,31.396704,-21.92375,-7.678336,-12.046754,0.61771894,-5.6010537,-21.52629,6.8423385e-16,1.0,6.969814e-24,1.0713373e-17,1.3575183e-19,4.293951e-14,8.552209e-17,1.0371334e-23,1,36.997757,1.0,False,1.946362e-12,Test
1777,6,-4.026613,32.16412,-22.22412,-8.15662,-12.585567,0.53720427,-5.696765,-22.459166,1.9167416e-16,1.0,2.3960108e-24,3.082657e-18,3.6766963e-20,1.8391e-14,3.6076655e-17,1.8941286e-24,1,37.860886,1.0,False,8.513043e-13,Test
1778,4,-3.3146489,19.22179,-13.02322,-4.9859276,-7.7546663,-0.3733565,-3.5241504,-12.127302,1.631355e-10,1.0,9.912197e-15,3.067056e-11,1.924306e-12,3.089841e-09,1.3230105e-10,2.4280752e-14,1,26.976456,1.0,False,9.814243e-08,Test
1779,6,-1.47297,7.4680786,-4.793518,-2.091854,-4.0552135,-2.939083,-0.6475088,-5.4457107,0.00013083206,0.99945277,4.727358e-06,7.045896e-05,9.891449e-06,3.0198778e-05,0.00029868094,2.462491e-06,1,8.116135,0.9997013,False,0.0076935184,Test
1780,6,-2.8622844,-0.11962568,0.47323087,-0.9750162,-1.7793969,-4.8663545,-0.20027329,2.205262,0.0043971566,0.068280004,0.12352868,0.029027,0.012985662,0.0005926735,0.06298958,0.6981992,7,2.764786,0.9370104,False,1.5206074,Test
1781,5,-6.2766566,64.57616,-44.277843,-15.191574,-23.530563,3.5020256,-11.632059,-48.08303,1.6943924e-31,1.0,0.0,2.2767467e-35,5.441738e-39,2.9911757e-27,8.001902e-34,0.0,1,61.07413,1.0,False,2.6357393e-25,Test
1782,6,-4.1628356,16.990149,-10.727264,-5.3432612,-6.9055157,-2.0906198,-4.134755,-9.012899,6.5069206e-10,1.0,9.172347e-13,1.9985874e-10,4.1902978e-11,5.1680593e-09,6.6922246e-10,5.0935406e-12,1,21.124905,1.0,False,1.9062989e-07,Test
1783,6,-1.955305,32.962536,-22.878975,-7.3222094,-12.522531,1.3287596,-5.289826,-25.9972,6.8450273e-16,1.0,5.60196e-25,3.19564e-18,1.7623293e-20,1.8265256e-14,2.4389932e-17,2.4780614e-26,1,38.25236,1.0,False,8.6960295e-13,Test
1784,6,-2.1432874,4.276606,-2.7569952,-2.1855097,-3.0407054,-3.2049365,-1.0053381,-1.2548246,0.0016057994,0.9858606,0.00086928316,0.00153941,0.0006545572,0.0005554217,0.005010675,0.0039043222,1,5.2961845,0.99498934,False,0.14083448,Test
1785,1,-4.8915653,61.69833,-43.64822,-13.866998,-22.700823,4.424704,-10.307194,-46.351032,1.20330335e-29,1.0,0.0,1.5219274e-33,2.2177514e-37,1.3377684e-25,5.3505494e-32,0.0,1,-0.0,0.0,True,1.10549255e-23,Test
1786,6,-2.7929199,11.645804,-7.762242,-3.5176191,-5.2701473,-1.26325,-2.36912,-7.3261213,5.362161e-07,0.9999958,3.725552e-09,2.597808e-07,4.5029186e-08,2.475523e-06,8.192077e-07,5.7622955e-09,1,14.014928,0.99999917,False,8.681462e-05,Test
1787,0,-2.469714,20.97134,-14.483171,-5.296758,-8.525624,-0.373758,-3.8327978,-14.274915,6.602066e-11,1.0,4.0022148e-16,3.9075956e-12,1.547503e-13,5.369595e-10,1.6892723e-11,4.928859e-16,1,23.441053,1.0,False,1.9527306e-08,Test
1788,6,-1.966313,8.453583,-4.3509207,-3.2703164,-3.8480582,-3.3772233,-2.1131628,-4.5519824,2.9830573e-05,0.9999194,2.748146e-06,8.097303e-06,4.543913e-06,7.2763123e-06,2.5756428e-05,2.2476029e-06,1,10.566826,0.99997425,False,0.0013919077,Test
1789,6,-4.0936475,35.642445,-24.372206,-8.541654,-13.51089,1.3713692,-6.40938,-26.336527,5.5313952e-18,1.0,8.629176e-27,6.472773e-20,4.4975664e-22,1.3069553e-15,5.4591346e-19,1.2102466e-27,1,42.051826,1.0,False,6.49738e-14,Test
1790,4,-5.0903463,84.42982,-59.80054,-18.611383,-30.401691,9.363752,-14.594623,-66.31876,1.323996e-39,1.0,0.0,1e-45,0.0,2.507397e-33,9.8e-44,0.0,1,114.83151,1.0,False,2.7154484e-31,Test
1791,6,-3.2040958,35.089966,-24.537174,-8.082646,-13.513974,1.2594645,-5.8142858,-25.679375,2.339382e-17,1.0,1.2713412e-26,1.7798081e-19,7.7907176e-22,2.0304854e-15,1.7199248e-18,4.0570535e-27,1,40.90425,1.0,False,1.0050716e-13,Test
1792,6,-2.837242,2.0115767,-0.11961158,-1.8470249,-2.018941,-5.227625,0.074921146,-0.7216482,0.0056988136,0.7271093,0.0863051,0.015340176,0.012917194,0.0005219807,0.10483852,0.04726887,1,2.255334,0.8951615,False,1.4102478,Test
1793,1,-4.982666,50.583843,-34.717407,-12.298006,-18.704092,2.1887605,-9.304987,-36.970474,7.3751636e-25,1.0,8.9977924e-38,4.9063556e-28,8.102759e-31,9.600236e-22,9.786124e-27,9.454561e-39,1,-0.0,0.0,True,6.708823e-20,Test
1794,6,-4.4115095,52.47172,-36.77378,-11.934467,-19.363594,3.09441,-8.9674015,-39.0774,1.9766336e-25,1.0,1.742498e-39,1.0684336e-28,6.3433754e-32,3.5950588e-22,2.0764764e-27,1.74069e-40,1,61.439125,1.0,False,2.562632e-20,Test
1795,6,1.9968174,10.197303,-5.668426,-3.7169209,-4.9807715,-4.146142,-2.0055299,-9.347261,0.0002744431,0.9997186,1.2867064e-07,9.0574764e-07,2.5593167e-07,5.896561e-07,5.014812e-06,3.24924e-09,1,12.2031145,0.999995,False,0.0037800423,Test
1796,6,-4.262868,51.618904,-37.148952,-11.3431635,-19.424463,3.894885,-8.242718,-38.430794,5.380903e-25,1.0,2.809386e-39,4.5281613e-28,1.4004203e-31,1.8781154e-21,1.0056062e-26,7.79674e-40,1,59.86162,1.0,False,1.2935479e-19,Test
1797,6,-4.0070906,24.186745,-16.936062,-6.1947846,-9.915816,-0.8228996,-4.1643233,-14.703952,5.6960334e-13,1.0,1.3822673e-18,6.389541e-14,1.5468405e-15,1.3754659e-11,4.867292e-13,1.2882041e-17,1,28.351068,1.0,False,5.422402e-10,Test
1798,6,-2.0824184,-1.4949242,3.2875166,-1.8134036,-0.7811895,-6.0036926,-1.537326,0.64745075,0.0041717715,0.007506994,0.89630055,0.005459491,0.015326291,8.266712e-05,0.0071953386,0.06395693,2,4.934322,0.99280465,False,0.6669939,Test
1799,6,-3.236619,22.954323,-15.3997135,-5.9870977,-9.020936,-0.78446424,-4.408031,-14.800294,4.2210345e-12,1.0,2.2032028e-17,2.6971204e-13,1.2981413e-14,4.9020295e-11,1.3082192e-12,4.012164e-17,1,27.362354,1.0,False,1.9018391e-09,Test
1800,6,-0.59083545,0.69519037,-2.268212,-1.0660019,-2.4119778,-2.9974666,1.32799,-1.9613199,0.0784565,0.28388524,0.014660659,0.048782803,0.01269746,0.0070703723,0.5345203,0.019926686,6,0.6263855,0.46547967,True,1.8317848,Test
1801,6,-5.1942353,-1.8959819,3.0595071,-1.2474363,-0.99974054,-6.3036237,0.7429215,1.3735421,0.00019688514,0.0053287586,0.7564281,0.0101926215,0.013057466,6.492496e-05,0.07459116,0.14014007,2,2.5957332,0.92540884,False,1.1740044,Test
1802,6,-3.2364383,3.8729126,-0.41804993,-2.4705377,-2.1146493,-2.2021763,-2.5940232,-3.069858,0.00079858175,0.9769478,0.013376113,0.001717694,0.002451919,0.0022464343,0.0015181571,0.0009433313,1,6.490258,0.99848187,False,0.20484458,Test
1803,6,-6.2591405,4.557769,-2.559565,-2.9515433,-3.6673756,-4.3735695,-1.9755274,3.044418,1.6394788e-05,0.81739134,0.0006628438,0.000447896,0.00021892492,0.00010804361,0.0011886543,0.17996587,1,6.7349334,0.99881136,False,0.7109293,Test
1804,6,-5.2189302,3.8015327,-1.6097813,-2.5709443,-3.0869625,-4.762606,-1.5662551,2.1871328,9.9828416e-05,0.82564145,0.0036871233,0.0014101323,0.0008416973,0.00015755545,0.0038511537,0.16431096,1,5.5593824,0.9961488,False,0.7422904,Test
1805,6,-1.1924168,2.712368,-0.8285365,-2.0025992,-2.2908394,-4.5520883,-0.32377976,-1.409248,0.017831689,0.8851542,0.02565805,0.007931123,0.0059450245,0.0006195918,0.042504672,0.014355684,1,3.1581414,0.95749533,False,0.782423,Test
1806,6,-3.3673294,59.874462,-42.708298,-13.076466,-22.08506,4.9851246,-9.651294,-46.66178,3.4232548e-28,1.0,3e-45,2.0788092e-32,2.5435098e-36,1.4516584e-24,6.3877435e-31,0.0,1,69.52576,1.0,False,1.1498606e-22,Test
1807,6,-4.0192056,16.060041,-10.507703,-4.611004,-6.9882207,-1.6826096,-2.9897547,-9.948767,1.9041189e-09,1.0,2.895842e-12,1.0536081e-09,9.778385e-11,1.9699925e-08,5.3306266e-09,5.064285e-12,1,19.049797,1.0,False,7.408977e-07,Test
1808,0,-3.488957,11.552288,-6.685641,-4.0825768,-4.435921,-1.7052076,-3.6913185,-7.376531,2.935414e-07,0.9999974,1.2005139e-08,1.6213e-07,1.1386966e-07,1.7471957e-06,2.3976438e-07,6.0161263e-09,1,15.041247,0.9999997,False,5.5521865e-05,Test
1809,6,-4.9277315,68.764725,-49.236923,-14.955843,-25.448126,6.5635834,-11.139085,-53.19941,9.903111e-33,1.0,0.0,4.371397e-37,1.2131e-41,9.691423e-28,1.9870868e-35,0.0,1,79.90381,1.0,False,8.696924e-26,Test
1810,5,-2.7849026,27.117525,-17.286554,-6.6809325,-10.269,-0.11206587,-5.172192,-20.382101,1.03166966e-13,1.0,5.1946144e-20,2.0966028e-15,5.7974747e-17,1.4939591e-12,9.4788e-15,2.3505769e-21,1,27.229591,1.0,False,6.3686244e-11,Test
1811,4,-1.8900324,36.061127,-24.166517,-8.1458845,-13.5077505,1.405432,-5.954494,-29.207783,3.2962522e-17,1.0,6.97374e-27,6.3261364e-20,2.9683132e-22,8.896594e-16,5.6604057e-19,4.50894e-29,1,49.56888,1.0,False,4.6323954e-14,Test
1812,1,-6.505133,57.624645,-39.521446,-14.492738,-21.043701,3.3014038,-11.588956,-42.55976,1.4086146e-28,1.0,6.46e-43,4.7842876e-32,6.8354893e-35,2.5569114e-24,8.728013e-31,3.1e-44,1,-0.0,0.0,True,2.0040306e-22,Test
1813,6,-4.0978765,3.27227,-0.10511024,-2.5072765,-2.1996765,-4.112301,-2.1266425,0.35159844,0.00057195174,0.90818316,0.031002441,0.002806391,0.003817132,0.0005637609,0.004106346,0.048948787,1,5.4952216,0.99589366,False,0.59386325,Test
1814,6,-3.8848736,32.167744,-22.95248,-7.704138,-12.646399,0.83160245,-5.158558,-21.613668,2.2006337e-16,1.0,1.1523672e-24,4.8290614e-18,3.4471973e-20,2.4597254e-14,6.1573406e-17,4.395723e-24,1,37.3263,1.0,False,1.1270467e-12,Test
1815,1,-5.940748,81.79413,-58.76448,-17.669424,-30.081034,7.349825,-13.19668,-63.126934,7.892714e-39,1.0,0.0,6.3e-44,0.0,4.6692696e-33,5.572e-42,0.0,1,-0.0,0.0,True,5.014826e-31,Test
1816,4,-5.14458,37.799477,-23.410461,-9.877904,-13.647582,-0.07779315,-8.091485,-27.896997,2.2368292e-19,1.0,2.6113295e-27,1.9677827e-21,4.5375967e-23,3.549039e-17,1.17438095e-20,2.9402528e-29,1,51.44706,1.0,False,1.9541594e-15,Test
1817,6,-1.8210481,31.034714,-21.585745,-7.3603706,-11.919936,0.5195277,-5.26174,-23.530909,5.3817517e-15,1.0,1.4035386e-23,2.1145926e-17,2.2132585e-19,5.5901437e-14,1.7244465e-16,2.00656e-24,1,36.296455,1.0,False,2.7263255e-12,Test
1818,6,-4.495961,29.494928,-19.964668,-7.938224,-11.371923,-0.3925896,-5.9252787,-18.532623,1.7295926e-15,1.0,3.3110895e-22,5.5333605e-17,1.7854667e-18,1.04716684e-13,4.1418953e-16,1.3864371e-21,1,35.420208,1.0,False,4.6243096e-12,Test
1819,4,-4.0705814,76.941635,-54.91977,-16.410353,-28.04012,7.653585,-12.363123,-61.478775,6.559069e-36,1.0,0.0,2.8692e-41,0.0,8.1018315e-31,1.642242e-39,0.0,1,104.98175,1.0,False,8.09879e-29,Test
1820,6,-2.4667022,1.8406852,1.7267786,-2.5302129,-1.5076665,-4.7582493,-1.964828,-0.09593894,0.0063489885,0.47138864,0.42063951,0.005958297,0.016565649,0.0006419456,0.010487347,0.06796948,1,4.5575857,0.9895127,False,1.564778,Test
1821,4,-5.6625996,57.013474,-39.2555,-13.349825,-20.885431,2.999236,-10.189931,-42.388275,6.027374e-28,1.0,1.553e-42,2.764449e-31,1.4754902e-34,3.4826927e-24,6.5152495e-30,6.7e-44,1,77.8989,1.0,False,2.7144774e-22,Test
1822,6,-4.77146,-2.0164006,4.0815687,-1.2915902,-0.78942287,-6.3196545,-0.42282546,1.9930454,0.00012433984,0.0019548696,0.86982536,0.0040355134,0.006667872,2.6438587e-05,0.009620521,0.10774519,2,4.643857,0.99037945,False,0.6856913,Test
1823,6,-2.5359323,8.106618,-5.867105,-2.0127819,-4.6872716,-3.066084,0.5452478,-6.0047297,2.3863679e-05,0.99939764,8.531547e-07,4.0266023e-05,2.7760193e-06,1.4044153e-05,0.00051984884,7.434608e-07,1,7.5619726,0.9994801,False,0.0078043947,Test
1824,6,-2.8468368,28.476187,-20.335712,-6.317574,-11.602303,0.029415298,-4.103439,-21.052822,2.4922064e-14,1.0,6.3279403e-22,7.7492747e-16,3.9276467e-18,4.4230724e-13,7.093311e-15,3.0890546e-22,1,32.579624,1.0,False,1.9651041e-11,Test
1825,4,-4.566375,13.288351,-4.620182,-5.2768497,-4.8261,-3.293081,-4.999285,-8.434072,1.7611303e-08,0.9999999,1.6688713e-08,8.654375e-09,1.3582949e-08,6.291807e-08,1.1423012e-08,3.6818937e-10,1,18.11445,1.0,False,3.375629e-06,Test
1826,6,-1.1597238,2.2640767,0.34657392,-2.004966,-1.962571,-4.789209,-1.2385741,-1.0479001,0.02554778,0.78395444,0.115220554,0.010971576,0.011446718,0.00067777856,0.023610704,0.02857048,1,3.7460551,0.9763893,False,1.1961895,Test
1827,6,-1.6890495,6.8106413,-4.442618,-2.1359096,-3.8438478,-2.8843243,-0.7406049,-3.8124793,0.00020333164,0.99901927,1.2952251e-05,0.0001300578,2.3571536e-05,6.153241e-05,0.0005249396,2.4322675e-05,1,7.5522275,0.99947506,False,0.013112316,Test
1828,6,-1.7064095,0.12067885,2.119319,-1.882113,-1.310187,-5.2392144,-0.89705646,-0.25913262,0.01614616,0.10036069,0.740563,0.013544475,0.023996426,0.00047183654,0.036271602,0.068645746,2,3.31672,0.9637284,False,1.4071252,Test
1829,4,-6.174578,45.067013,-28.935356,-11.749802,-16.206505,0.67688745,-9.549697,-32.11385,5.572617e-23,1.0,7.264089e-33,2.112375e-25,2.45047e-27,5.2676092e-20,1.906619e-24,3.025362e-34,1,61.273518,1.0,False,3.3777389e-18,Test
1830,4,-5.783577,27.513485,-15.118772,-8.391674,-9.946928,-2.0984879,-7.2084556,-19.198689,3.461543e-15,1.0,3.0552495e-19,2.5502783e-16,5.3845597e-17,1.379379e-13,8.326327e-16,5.1660765e-21,1,37.46041,1.0,False,6.116985e-12,Test
1831,6,-5.269926,-2.396539,2.3859422,-0.64848155,-1.2120728,-6.0927744,1.5893567,1.570285,0.00023929132,0.0042347056,0.50562483,0.024321754,0.013843003,0.000105091705,0.22796895,0.22366238,2,1.4785459,0.77203107,False,1.720521,Test
1832,1,-5.6958675,75.23039,-53.514374,-16.794554,-27.575314,6.2714167,-12.661281,-56.87846,7.147778e-36,1.0,0.0,1.08162e-40,3e-45,1.1258924e-30,6.74734e-39,0.0,1,-0.0,0.0,True,1.1201224e-28,Test
1833,4,-4.752299,7.869834,-3.53142,-3.9042172,-3.7339232,-3.6369407,-3.3017278,-0.9287065,3.2975213e-06,0.9997937,1.1179151e-05,7.700249e-06,9.1298325e-06,1.005962e-05,1.406574e-05,0.00015092215,1,11.603963,0.9999909,False,0.0031346576,Test
1834,6,-3.7682579,18.539236,-11.517815,-5.272488,-7.6515474,-1.3341277,-3.9208612,-13.655798,2.0510621e-10,1.0,8.838707e-14,4.5572178e-11,4.221695e-12,2.3394184e-09,1.7607726e-10,1.042016e-14,1,22.460098,1.0,False,8.1109675e-08,Test
1835,6,-6.0420885,-1.0624517,2.8618388,-1.6175715,-1.2550354,-4.7121325,-1.4761958,3.0494323,5.991516e-05,0.008712951,0.4410248,0.0050012656,0.0071866624,0.00022653176,0.0057607437,0.5320272,7,5.1566887,0.9942393,False,1.2007123,Test
1836,4,-4.775076,36.58573,-24.400263,-9.218574,-13.548907,0.5921267,-7.2100635,-25.393347,1.0895038e-18,1.0,3.266781e-27,1.2806859e-20,1.6857867e-22,2.3344e-16,9.54394e-20,1.21011725e-27,1,50.13464,1.0,False,1.2193925e-14,Test
1837,6,-2.3678572,10.5862875,-5.8015347,-3.3393865,-4.682464,-2.7974865,-2.0689375,-7.6430902,2.3663713e-06,0.99999166,7.635826e-08,8.956799e-07,2.3380943e-07,1.5399169e-06,3.1908182e-06,1.2108162e-08,1,12.655233,0.9999968,False,0.00016943704,Test
1838,6,-3.898908,46.76344,-31.661676,-10.837778,-17.132599,2.2950776,-8.442616,-36.02513,9.945411e-23,1.0,8.717746e-35,9.6406956e-26,1.7795216e-28,4.8712033e-20,1.0575845e-24,1.11014335e-36,1,55.206055,1.0,False,3.132447e-18,Test
1839,4,-4.688854,24.963213,-16.116682,-7.1556506,-9.433972,-0.7816271,-5.7304964,-15.055006,1.3251677e-13,1.0,1.4428736e-18,1.1244895e-14,1.1521044e-15,6.594134e-12,4.6761775e-14,4.1716542e-18,1,34.397186,1.0,False,2.532372e-10,Test
1840,6,-4.407783,25.550417,-17.462332,-6.7424355,-10.342169,-0.93463105,-4.810835,-16.216084,9.757057e-14,1.0,2.088337e-19,9.449124e-15,2.582546e-16,3.1455e-12,6.5204244e-14,7.261703e-19,1,30.361252,1.0,False,1.2771587e-10,Test
1841,6,-2.2540915,17.687252,-13.052847,-3.9233642,-7.8714366,-0.4682673,-1.6961788,-12.74814,2.1856703e-09,1.0,4.4642102e-14,4.1174508e-10,7.943326e-12,1.3036412e-08,3.818415e-09,6.0544824e-14,1,19.38343,1.0,False,5.242556e-07,Test
1842,6,-4.774933,53.606632,-36.483433,-12.710554,-19.469559,2.8886776,-10.051499,-40.519073,4.417824e-26,1.0,7.48827e-40,1.5805665e-29,1.8340668e-32,9.4074377e-23,2.2574862e-28,1.3235e-41,1,63.65813,1.0,False,6.8872164e-21,Test
1843,6,-0.930294,3.006467,-3.773335,-1.1753404,-3.4779305,-3.3028252,1.130597,-2.8362703,0.016322158,0.83654875,0.0009507373,0.012774836,0.0012774768,0.0015219501,0.12817733,0.0024267372,1,2.0543406,0.87182266,False,0.829699,Test
1844,4,-4.726761,15.990912,-9.526558,-5.5232015,-6.4125075,-2.5650425,-4.5430164,-7.217128,1.0056073e-09,1.0,8.277573e-12,4.5345985e-10,1.8634534e-10,8.734772e-09,1.2084492e-09,8.334436e-11,1,22.40342,1.0,False,3.2288398e-07,Test
1845,6,-2.4728472,27.371277,-17.759882,-6.7912884,-10.469675,-0.20861459,-4.953121,-20.638243,1.093608e-13,1.0,2.5106581e-20,1.4567519e-15,3.6803085e-17,1.0524596e-12,9.1557155e-15,1.4116588e-21,1,32.324398,1.0,False,4.708612e-11,Test
1846,0,-3.585477,26.765564,-18.043713,-6.5659738,-10.310979,2.248008,-5.1853776,-21.339062,6.587339e-14,1.0,3.4640043e-20,3.3442326e-15,7.9042825e-17,2.2498888e-11,1.3300948e-14,1.2835905e-21,1,30.351042,1.0,False,7.994788e-10,Test
1847,4,-3.9113543,30.713488,-19.97378,-8.098601,-11.226886,-0.062016156,-6.495588,-21.30766,9.175326e-16,1.0,9.70062e-23,1.3935558e-17,6.1027793e-19,4.3089237e-14,6.9231484e-17,2.5556547e-23,1,41.940372,1.0,False,1.963515e-12,Test
1848,6,-1.8803446,16.207186,-10.313047,-4.2704463,-6.77652,-1.9702553,-2.6085174,-12.424668,1.3953574e-08,1.0,3.0367503e-12,1.2784307e-09,1.04304614e-10,1.2753748e-08,6.7366543e-09,3.675728e-13,1,18.815702,1.0,False,9.2280357e-07,Test
1849,1,-6.8609324,81.40211,-56.159405,-18.683664,-29.346113,6.3666053,-14.33454,-62.373924,4.654246e-39,1.0,0.0,3.4e-44,0.0,2.5852146e-33,2.643e-42,0.0,1,-0.0,0.0,True,2.798587e-31,Test
1850,4,-4.6509113,30.743729,-20.703484,-8.123696,-11.546442,0.035663817,-6.376857,-19.605907,4.2491688e-16,1.0,4.5369044e-23,1.3185367e-17,4.301432e-19,4.6095316e-14,7.563698e-17,1.3596617e-22,1,42.29017,1.0,False,2.0686458e-12,Test
1851,6,-4.8352623,30.395056,-19.856255,-8.211179,-11.565999,-0.2872763,-6.2856345,-19.802961,5.0080437e-16,1.0,1.5001421e-22,1.7120835e-17,5.97785e-19,4.7296836e-14,1.1742983e-16,1.5822611e-22,1,36.68069,1.0,False,2.1262644e-12,Test
1852,5,-3.938732,46.94716,-31.837004,-11.343119,-16.984491,2.3158238,-8.911218,-34.143406,7.953135e-23,1.0,6.0879645e-35,4.8401072e-26,1.7172675e-28,4.1386334e-20,5.5082765e-25,6.0648054e-36,1,44.631336,1.0,False,2.6707288e-18,Test
1853,4,-4.8756866,47.895374,-32.305595,-11.238543,-17.518335,2.2373593,-8.640907,-35.7271,1.2073118e-23,1.0,1.4762494e-35,2.0819264e-26,3.9010906e-29,1.4824345e-20,2.796436e-25,4.8219277e-37,1,65.41371,1.0,False,9.774321e-19,Test
1854,5,-5.0871835,58.43319,-41.097893,-13.437907,-21.485376,4.37995,-10.234593,-43.807068,2.5909078e-28,1.0,5.9e-44,6.120411e-32,1.9579821e-35,3.3494774e-24,1.5064669e-30,4e-45,1,54.053238,1.0,False,2.6122398e-22,Test
1855,6,0.434635,3.6623168,-2.1477196,-2.2102363,-2.75046,-4.788052,-1.0959966,-2.7185225,0.037490226,0.9455457,0.002834103,0.0026623502,0.0015511324,0.00020217801,0.008112848,0.0016014714,1,4.8143063,0.99188715,False,0.3889194,Test
1856,6,-0.79861885,-0.45912957,-0.041330364,-1.2828602,-1.8063351,-4.505201,-0.18780679,-0.08900831,0.10618394,0.14910671,0.22643578,0.065426774,0.03876263,0.002608019,0.19558303,0.2158931,2,1.6317703,0.80441695,False,2.6375802,Test
1857,6,-4.5835805,5.1612062,-1.4186028,-3.1916318,-2.9163678,-3.4205844,-2.696618,-1.2346759,5.8352183e-05,0.9957824,0.0013822597,0.00023473226,0.00030911402,0.00018669815,0.00038508332,0.0016613767,1,7.862051,0.9996149,False,0.04847721,Test
1858,1,-5.3075056,91.86043,-66.3718,-19.326033,-33.673386,9.323287,-14.562057,-72.392715,6.32e-43,1.0,0.0,0.0,0.0,1.4274983e-36,0.0,0.0,1,-0.0,0.0,True,1.6998075e-34,Test
1859,4,-6.22046,90.68413,-63.640797,-19.704023,-32.56697,9.346735,-15.448291,-71.898865,8.23e-43,1.0,0.0,0.0,0.0,4.7382535e-36,0.0,0.0,1,123.2511,1.0,False,5.5601076e-34,Test
1860,6,-3.6547868,-1.4980844,2.572766,-1.3712492,-1.0602717,-6.032665,0.39426816,0.80500126,0.0014635636,0.012648984,0.7413162,0.014359504,0.019597253,0.00013574144,0.08392549,0.12655316,2,2.4778259,0.9160745,False,1.2919075,Test
1861,6,-0.6937014,5.0158806,-4.100366,-1.8035119,-3.6626437,-3.4868708,0.53502214,-3.5924265,0.0032605983,0.9838688,0.00010809393,0.0010747631,0.00016745653,0.00019963614,0.0111410245,0.0001796375,1,4.497121,0.988859,False,0.14111361,Test
1862,6,-5.0246434,-2.6707013,2.4369402,-0.3452385,-1.2504941,-6.527616,1.2891333,2.1335785,0.0002674034,0.0028149527,0.4652555,0.028800942,0.01164821,5.948869e-05,0.14764044,0.34351304,2,1.9129754,0.85235953,False,1.7006886,Test
1863,6,-6.392491,83.2094,-57.726322,-18.655863,-30.03997,6.827029,-14.529743,-64.9138,1.220094e-39,1.0,0.0,6e-45,0.0,6.722924e-34,3.57e-43,0.0,1,97.739136,1.0,False,7.408441e-32,Test
1864,6,-4.5192666,5.1689887,-2.2641754,-2.8771625,-3.2566168,-4.108565,-1.8197633,-0.23941237,6.159559e-05,0.9933571,0.00058738556,0.00031820455,0.00021772651,9.287848e-05,0.00091607077,0.004449044,1,6.995417,0.99908394,False,0.068309896,Test
1865,4,-5.0405784,43.247868,-28.891148,-10.517512,-15.86413,1.4717928,-8.210156,-31.964842,1.0680584e-21,1.0,4.6819176e-32,4.4667513e-24,2.1280645e-26,7.1925324e-19,4.4881206e-23,2.16539e-33,1,59.112,1.0,False,4.3427574e-17,Test
1866,4,-4.520345,-0.7830754,2.0270767,-1.5004996,-1.3055437,-4.860693,-0.50659406,2.4302063,0.00053033396,0.022265125,0.36987817,0.01086555,0.013204441,0.00037734475,0.029356169,0.55352294,7,4.327202,0.98679554,False,1.4380689,Test
1867,4,-4.1145234,17.702494,-10.435207,-5.373442,-6.9373507,-1.9515779,-4.415054,-10.411951,3.3495778e-10,1.0,6.0249256e-13,9.511491e-11,1.9909087e-11,2.9130307e-09,2.48011e-10,6.166685e-13,1,24.639845,1.0,False,1.0497886e-07,Test
1868,6,-0.7940937,12.637957,-8.690036,-3.2070801,-5.8023796,-2.04414,-1.8326406,-9.213656,1.4673487e-06,0.9999974,5.4622284e-10,1.3139746e-07,9.805338e-09,4.203832e-07,5.1939566e-07,3.2356706e-10,1,14.4706,0.99999946,False,5.5171706e-05,Test
1869,4,-4.4723167,8.981803,-3.9794865,-3.8397944,-4.0197206,-3.4942744,-3.199827,-3.0945983,1.4352909e-06,0.99997663,2.349489e-06,2.701724e-06,2.2568347e-06,3.8167914e-06,5.123599e-06,5.6921413e-06,1,13.001547,0.99999774,False,0.00045572416,Test
1870,6,-1.6599138,27.17135,-19.704153,-6.060042,-10.987111,0.973137,-3.635115,-21.23181,3.0112092e-13,1.0,4.3876047e-21,3.696493e-15,2.6791085e-17,4.1904475e-12,4.177555e-14,9.52302e-22,1,30.806465,1.0,False,1.729427e-10,Test
1871,6,-2.689588,-1.83878,3.4181707,-1.7655004,-0.6669171,-6.4004126,-0.83987135,1.5519648,0.0018564992,0.004347062,0.8341816,0.004677577,0.014032321,4.540503e-05,0.011803655,0.12905584,2,4.439346,0.9881964,False,0.8491945,Test
1872,4,-7.118022,131.09517,-92.923775,-27.72768,-46.6687,14.943826,-22.467518,-106.177155,0.0,1.0,0.0,0.0,0.0,0.0,0.0,0.0,1,177.76387,1.0,False,0.0,Test
1873,6,-0.19564958,5.6267877,-5.0555882,-1.8069139,-3.7917535,-3.0094895,0.4255203,-5.1543922,0.002932919,0.99072343,2.2732936e-05,0.0005855135,8.0451115e-05,0.00017589961,0.0054584676,2.0594236e-05,1,5.210587,0.9945415,False,0.08927657,Test
1874,6,-3.7090533,-2.4387362,-1.6583868,0.5803698,-2.4320014,-6.3925734,6.8068757,-5.3888283,2.7036007e-05,9.630177e-05,0.00021015311,0.001971585,9.695253e-05,1.8471599e-06,0.99759114,5.0399453e-06,6,0.0024117928,0.002408862,True,0.026867641,Test
1875,1,-6.0520735,87.37463,-61.855686,-19.430063,-31.51305,7.528454,-15.116867,-67.12151,2.6626e-41,1.0,0.0,0.0,0.0,2.1049719e-35,3e-45,0.0,1,-0.0,0.0,True,2.4247984e-33,Test
1876,6,-2.872471,11.218151,-6.4523387,-3.7947674,-4.992095,-2.9648783,-2.75134,-5.9642544,7.594854e-07,0.99999714,2.1173971e-08,3.019751e-07,9.119645e-08,6.9244845e-07,8.5728635e-07,3.4496487e-08,1,13.969494,0.99999917,False,6.090921e-05,Test
1877,4,-3.019691,12.54102,-7.796326,-3.5850024,-5.3133774,-1.8010583,-2.394618,-7.105903,1.7460978e-07,0.9999988,1.4709635e-09,9.921035e-08,1.7617062e-08,5.906275e-07,3.2623768e-07,2.9339262e-09,1,17.854399,1.0,False,2.7778384e-05,Test
1878,6,-0.90074277,11.373449,-8.901882,-2.9072948,-5.6821876,-1.2826936,-0.33320433,-9.690493,4.670667e-06,0.9999832,1.5650496e-09,6.2797756e-07,3.9158273e-08,3.1878621e-06,8.2386805e-06,7.112773e-10,1,11.706671,0.9999918,False,0.00031819174,Test
1879,4,-4.9097185,93.85192,-66.57542,-19.839294,-33.797676,9.562877,-15.674863,-75.84412,1.29e-43,1.0,0.0,0.0,0.0,2.475893e-37,0.0,0.0,1,127.6496,1.0,False,3.010772e-35,Test
1880,5,-4.756262,68.04624,-49.282864,-14.730563,-25.36936,5.798433,-10.674942,-51.479427,2.4114241e-32,1.0,0.0,1.1232893e-36,2.6923e-41,9.249525e-28,6.4837203e-35,0.0,1,62.24781,1.0,False,8.306754e-26,Test
1881,6,-4.008611,77.76284,-55.6138,-16.412605,-28.294268,7.5689716,-12.66195,-62.928158,3.069791e-36,1.0,0.0,1.2593e-41,0.0,3.2748346e-31,5.35813e-40,0.0,1,90.42479,1.0,False,3.316407e-29,Test
1882,1,-5.60143,80.58595,-58.794697,-16.914978,-30.08091,8.251417,-12.190383,-62.527588,3.7093177e-38,1.0,0.0,4.53e-43,0.0,3.8504472e-32,5.1021e-41,0.0,1,-0.0,0.0,True,4.018203e-30,Test
1883,6,-6.1311593,59.927334,-41.532764,-14.269164,-22.161654,3.2821207,-10.836494,-43.36883,2.0472003e-29,1.0,8e-45,5.982347e-33,2.2346265e-36,2.5078184e-25,1.8520876e-31,1e-45,1,70.763824,1.0,False,2.0496304e-23,Test
1884,4,-4.335725,26.996286,-17.225157,-7.202801,-10.225633,-0.7432406,-5.6453404,-17.81057,2.4699037e-14,1.0,6.2354994e-20,1.4045084e-15,6.8347955e-17,8.9717383e-13,6.6668544e-15,3.4724057e-20,1,37.22192,1.0,False,3.7407997e-11,Test
1885,6,-3.7372339,72.04807,-51.537228,-15.280601,-26.53032,6.603239,-11.513383,-57.681858,1.2214018e-33,1.0,0.0,1.1847824e-38,1.54e-43,3.781557e-29,5.125324e-37,0.0,1,83.561455,1.0,False,3.570564e-27,Test
1886,4,-4.6978083,34.88776,-21.819563,-9.052042,-12.617124,0.3162745,-7.285217,-25.023762,6.4299334e-18,1.0,2.3568033e-25,8.263909e-20,2.3382532e-21,9.678182e-16,4.8362485e-19,9.5665786e-27,1,47.504883,1.0,False,4.8673044e-14,Test
1887,6,-4.156103,10.87373,-6.5736775,-3.980836,-5.0577464,-3.0401847,-2.5506926,-3.859264,2.9691012e-07,0.9999964,2.6465857e-08,3.5378756e-07,1.2051639e-07,9.0627935e-07,1.4785837e-06,3.9952175e-07,1,13.424426,0.9999985,False,7.793597e-05,Test
1888,4,-4.744731,34.986183,-23.088375,-9.146563,-12.957802,0.21051782,-7.2036815,-24.016941,5.560103e-18,1.0,6.0053707e-26,6.813855e-20,1.5072728e-21,7.8907895e-16,4.7552613e-19,2.3728415e-26,1,47.943985,1.0,False,3.9940717e-14,Test
1889,6,-2.4981375,10.091441,-5.045659,-3.3086252,-4.564365,-2.899851,-2.2805235,-7.456654,3.4072987e-06,0.99998784,2.6670773e-07,1.5150251e-06,4.3157792e-07,2.2800705e-06,4.2356382e-06,2.39306e-08,1,12.371977,0.99999577,False,0.00024260908,Test
1890,6,-2.6284478,13.833252,-9.240342,-3.8107626,-6.3349876,-1.9515426,-1.963198,-9.348096,7.092089e-08,0.99999964,9.533792e-11,2.1742114e-08,1.741986e-09,1.3955665e-07,1.379396e-07,8.559903e-11,1,15.79645,0.9999999,False,9.132073e-06,Test
1891,6,-1.3552188,17.746307,-12.424459,-4.316117,-7.578337,-0.727141,-2.3379574,-13.216691,5.0618882e-09,1.0,7.8886455e-14,2.6206626e-10,1.0037991e-11,9.48601e-09,1.8945874e-09,3.5722435e-14,1,20.084265,1.0,False,4.5592049e-07,Test
1892,6,-5.226874,-2.3408585,0.6237124,-0.059842773,-1.9491562,-6.8476706,4.0853453,-0.5963497,8.515325e-05,0.0015260967,0.029585497,0.014935324,0.0022578556,1.6838307e-05,0.94285923,0.008733988,6,0.05883831,0.057140768,True,0.4161614,Test
1893,6,-2.5604448,9.9143095,-6.487864,-2.8100104,-4.8006477,-1.6182373,-1.8690404,-7.2640333,3.8218386e-06,0.9999753,7.5268915e-08,2.9777455e-06,4.0678466e-07,9.805455e-06,7.630367e-06,3.4636162e-08,1,11.783375,0.9999924,False,0.00046317934,Test
1894,6,-4.316965,72.77891,-52.862408,-15.405561,-26.979666,6.942958,-11.311112,-56.726635,3.2937352e-34,1.0,0.0,5.034668e-39,4.8e-44,2.557461e-29,3.0211248e-37,0.0,1,84.09002,1.0,False,2.4291439e-27,Test
1895,4,-2.5255096,38.347687,-27.189703,-8.178795,-14.547104,2.623738,-5.8284516,-30.06954,1.7741759e-18,1.0,3.4472473e-29,6.2202205e-21,1.0668032e-23,3.056933e-16,6.524485e-20,1.9354195e-30,1,52.89479,1.0,False,1.5864251e-14,Test
1896,6,-5.658289,-2.9507113,5.244523,-2.0981846,-0.3412755,-7.017514,-1.420743,4.1209993,1.3827925e-05,0.00020732087,0.7512562,0.00048628479,0.0028177763,3.5518362e-06,0.0009574141,0.24425751,2,6.9512744,0.9990426,False,0.8483372,Test
1897,6,-5.690119,67.373695,-47.83278,-15.207821,-24.943668,4.834351,-11.269875,-50.20211,1.8569042e-32,1.0,0.0,1.3655413e-36,8.0737e-41,6.910471e-28,7.006991e-35,0.0,1,78.64357,1.0,False,6.235183e-26,Test
1898,1,-4.1051636,64.17982,-45.00839,-13.947755,-23.145496,4.932146,-11.273795,-50.669117,2.209071e-30,1.0,0.0,1.1738888e-34,1.1887665e-38,1.858072e-26,1.701814e-33,0.0,1,-0.0,0.0,True,1.5884295e-24,Test
1899,4,-5.745301,60.791138,-41.767242,-14.001854,-22.115398,3.7832668,-10.766175,-45.489094,1.2693815e-29,1.0,3e-45,3.2947042e-33,9.8661385e-37,1.7450053e-25,8.376339e-32,0.0,1,82.90654,1.0,False,1.435302e-23,Test
1900,4,-3.2223642,18.20333,-12.024015,-4.436546,-7.4242578,-0.7981548,-3.2283416,-12.221871,4.9538124e-10,1.0,7.454715e-14,1.4710487e-10,7.41448e-12,5.5944884e-09,4.924288e-10,6.116499e-14,1,25.627586,1.0,False,1.889867e-07,Test
1901,6,-1.7193849,9.042506,-5.324089,-3.1839228,-4.267977,-2.9282868,-2.1542068,-4.94971,2.119086e-05,0.99995077,5.76296e-07,4.8990064e-06,1.656948e-06,6.3260027e-06,1.3718548e-05,8.379852e-07,1,11.196762,0.9999863,False,0.00087798823,Test
1902,6,-1.9201081,0.50776106,1.0966733,-1.5473014,-1.7980443,-5.3740926,-0.641857,0.2282621,0.021037295,0.23845151,0.42969608,0.03054202,0.023768483,0.00066518644,0.075531356,0.18030809,2,2.5832074,0.92446864,False,2.1500828,Test
1903,6,0.32825613,6.509198,-3.9943423,-2.4614422,-3.7125807,-3.5295136,-0.1213544,-5.513861,0.0020610003,0.99638474,2.7339942e-05,0.00012662736,3.623806e-05,4.351811e-05,0.0013146634,5.9824424e-06,1,6.6341743,0.99868536,False,0.039501138,Test
1904,6,-3.4680645,12.592043,-8.201869,-3.9438827,-5.6110325,-2.1750758,-2.7822933,-5.783405,1.0597009e-07,0.99999917,9.317918e-10,6.584741e-08,1.2430953e-08,3.8611935e-07,2.1038281e-07,1.0462702e-08,1,15.374337,0.99999976,False,1.8668303e-05,Test
1905,4,-3.7959368,55.242367,-40.22747,-11.617336,-20.818928,5.02454,-8.4421835,-43.10602,2.2908182e-26,1.0,3.451e-42,9.187554e-30,9.268287e-34,1.5512254e-22,2.1986233e-28,1.93e-43,1,76.061295,1.0,False,1.1240446e-20,Test
1906,6,-3.0470476,8.810519,-4.900801,-3.3213916,-4.149131,-2.9108658,-2.2304492,-4.046696,7.0844417e-06,0.9999573,1.1097635e-06,5.3846784e-06,2.3532982e-06,8.117992e-06,1.6030608e-05,2.6071352e-06,1,11.041011,0.99998397,False,0.00078394724,Test
1907,6,-2.0374167,33.370087,-23.19214,-7.32601,-12.970151,1.8957568,-5.0327134,-27.080317,4.1948452e-16,1.0,2.724819e-25,2.1179176e-18,7.493607e-21,2.142262e-14,2.0983369e-17,5.5811578e-27,1,38.4028,1.0,False,9.95471e-13,Test
1908,6,-0.10340737,3.1920998,-0.679319,-2.5585852,-2.2734652,-5.167931,-1.5010023,-2.0778239,0.034310423,0.92607605,0.019289048,0.0029454795,0.003917257,0.00021673611,0.008481221,0.004763738,1,4.769901,0.9915188,False,0.53323925,Test
1909,4,-4.1175513,69.97021,-49.81587,-14.989356,-25.422916,7.1006675,-11.546621,-55.853104,6.669515e-33,1.0,0.0,1.266281e-37,3.726e-42,4.967126e-28,3.959956e-36,0.0,1,95.39313,1.0,False,4.505333e-26,Test
1910,6,-3.2907329,47.41079,-33.410637,-10.773525,-17.534777,2.9225564,-8.191052,-35.569107,9.563314e-23,1.0,7.937807e-36,5.3811265e-26,6.230169e-29,4.775364e-20,7.119136e-25,9.1683e-37,1,55.60184,1.0,False,3.0720264e-18,Test
1911,4,-6.590662,41.92238,-26.383121,-11.283807,-15.289365,-0.13859864,-9.075661,-29.70007,8.532082e-22,1.0,2.1642126e-30,7.813538e-24,1.4231674e-25,5.4094035e-19,7.1094e-23,7.848098e-32,1,57.211742,1.0,False,3.2890448e-17,Test
1912,4,-6.0984616,49.83893,-33.585907,-12.554179,-18.077679,1.7156112,-9.865933,-34.67832,5.089797e-25,1.0,5.8756297e-37,7.9986615e-28,3.19294e-30,1.2598205e-21,1.1762739e-26,1.970719e-37,1,67.91661,1.0,False,8.750806e-20,Test
1913,6,-3.8384902,13.474164,-7.948235,-4.6572514,-5.661954,-2.6161873,-3.5877964,-6.6307445,3.0283744e-08,0.99999976,4.970156e-10,1.3354445e-08,4.8897815e-09,1.0281328e-07,3.8912102e-08,1.8558775e-09,1,17.06196,0.99999994,False,4.9123632e-06,Test
1914,1,-5.0978346,59.618313,-41.444256,-13.910808,-21.709885,3.865946,-10.656329,-44.39308,7.836712e-29,1.0,1.3e-44,1.1660262e-32,4.7820153e-36,6.124286e-25,3.020719e-31,0.0,1,-0.0,0.0,True,4.9267226e-23,Test
1915,6,-4.2881575,16.722681,-10.526257,-5.366396,-7.0830307,-2.597839,-3.9459994,-8.342898,7.500828e-10,1.0,1.4653345e-12,2.551736e-10,4.5846982e-11,4.0663486e-09,1.056103e-09,1.30064145e-11,1,20.66868,1.0,False,1.7780641e-07,Test
1916,6,-4.1235933,20.165262,-12.880773,-5.949689,-8.124719,-1.8175409,-4.4148974,-11.740252,2.8280276e-11,1.0,4.4492726e-15,4.554287e-12,5.1738876e-13,2.8378525e-10,2.1133532e-11,1.3919109e-14,1,24.58016,1.0,False,1.093407e-08,Test
1917,6,0.54603845,7.222137,-4.896122,-2.489944,-4.1718373,-3.9678948,-0.5319407,-6.5031013,0.0012584447,0.99822134,5.449211e-06,6.0439892e-05,1.1243116e-05,1.3786616e-05,0.00042822657,1.092525e-06,1,7.755858,0.9995718,False,0.02085077,Test
1918,6,-2.065063,11.438504,-7.5670147,-3.1620226,-5.2810845,-1.5850607,-1.780138,-8.036868,1.3660697e-06,0.99999404,5.5719216e-09,4.5610955e-07,5.4798928e-08,2.2076736e-06,1.8164106e-06,3.4829777e-09,1,13.218648,0.9999982,False,0.00012242617,Test
1919,6,-2.7752979,6.647827,-4.5922985,-1.7617365,-4.103214,-3.2894588,0.11188637,-4.4994493,8.068364e-05,0.9981522,1.3112099e-05,0.00022231539,2.1383501e-05,4.8248978e-05,0.001447684,1.4387864e-05,1,6.5377903,0.9985523,False,0.021580528,Test
1920,6,-3.5514953,57.68085,-39.630867,-12.744571,-20.949003,4.4567704,-9.718811,-46.22281,2.5534667e-27,1.0,5.47e-43,2.5979304e-31,7.1037724e-35,7.67496e-24,5.354271e-30,1e-45,1,67.39966,1.0,False,5.895565e-22,Test
1921,1,-3.7883806,35.230724,-24.397865,-8.63982,-13.369751,1.2501136,-6.3913755,-25.033234,1.1329701e-17,1.0,1.2694996e-26,8.856551e-20,7.8177494e-22,1.7474656e-15,8.3897936e-19,6.7250515e-27,1,-0.0,0.0,True,8.6360965e-14,Test
1922,5,-5.349623,65.89357,-45.58997,-15.203215,-23.717007,4.4849973,-11.961558,-50.01409,1.1467632e-31,1.0,0.0,6.027166e-36,1.209538e-39,2.1408959e-27,1.5415182e-34,0.0,1,61.408573,1.0,False,1.8968201e-25,Test
1923,4,-6.405713,53.91844,-37.082066,-13.109735,-20.042135,2.240757,-9.8081255,-38.357056,6.3321738e-27,1.0,3.01289e-40,7.763067e-30,7.574059e-33,3.60302e-23,2.1081617e-28,8.419e-41,1,73.96058,1.0,False,2.6868078e-21,Test
1924,6,-3.15379,1.9969461,0.2587291,-2.0868907,-1.9448966,-4.9216294,-0.70465124,0.71100396,0.0037092175,0.6400567,0.11254351,0.010780298,0.0124250455,0.0006331686,0.042946693,0.17690533,1,3.1477957,0.9570533,False,1.5895995,Test
1925,6,-3.487345,-1.0913855,2.8185632,-1.339116,-1.0041095,-5.1489277,-0.4302078,1.2628622,0.0013939382,0.015303666,0.7635978,0.011945589,0.016699327,0.0002646228,0.02964431,0.16115074,2,3.518485,0.9703557,False,1.1555424,Test
1926,4,-4.066403,29.719954,-19.516233,-7.41644,-11.194517,0.18768899,-5.742835,-20.764278,2.1221263e-15,1.0,4.1399557e-22,7.44507e-17,1.7024374e-18,1.4938273e-13,3.969237e-16,1.1884405e-22,1,40.91447,1.0,False,6.492445e-12,Test
1927,6,-3.6187966,-2.5482109,4.40805,-2.165333,-0.30468798,-6.6955404,-1.3156722,2.7728481,0.00026993078,0.0007874121,0.8265473,0.0011547384,0.007422524,1.2446288e-05,0.002700764,0.16110481,2,5.914221,0.99729925,False,0.74983877,Test
1928,6,-3.1925995,33.650963,-24.95177,-7.0881042,-13.526042,2.1617777,-4.3302646,-25.704933,9.9780084e-17,1.0,3.5412465e-26,2.0288408e-18,3.2455383e-21,2.1106711e-14,3.1986174e-17,1.667485e-26,1,37.981228,1.0,False,9.660388e-13,Test
1929,4,-5.101487,17.069744,-10.845778,-5.9104214,-6.9874725,-2.3198798,-4.66251,-7.173262,2.3504826e-10,1.0,7.5238855e-13,1.0467451e-10,3.5651974e-11,3.79484e-09,3.645877e-10,2.9607136e-11,1,24.057217,1.0,False,1.3087703e-07,Test
1930,6,-6.734134,-0.2761482,0.5652231,-1.5873964,-2.4811854,-5.5506306,-0.48687404,5.4264235,5.155138e-06,0.003287819,0.007626248,0.0008860132,0.0003624703,1.6835622e-05,0.0026631209,0.98515236,7,5.9282565,0.99733686,False,0.1382919,Test
1931,4,-4.7291646,13.930867,-7.625746,-5.2116594,-5.5068502,-2.553376,-4.4516354,-6.288629,7.871381e-09,0.9999999,4.3459175e-10,4.8585456e-09,3.6166503e-09,6.9340025e-08,1.0389153e-08,1.6549486e-09,1,19.437717,1.0,False,2.5198347e-06,Test
1932,5,-5.524968,60.90898,-42.60387,-14.169813,-22.332693,4.0221353,-10.889726,-45.87386,1.4063748e-29,1.0,1e-45,2.4756716e-33,7.056662e-37,1.9695059e-25,6.5798825e-32,0.0,1,56.886845,1.0,False,1.6165163e-23,Test
1933,1,-3.7489436,43.10085,-30.397049,-9.711722,-16.10189,2.5745063,-7.344398,-32.48697,4.501877e-21,1.0,1.2030123e-32,1.1582203e-23,1.9434655e-26,2.5097607e-18,1.2356837e-22,1.4880904e-33,1,-0.0,0.0,True,1.4705273e-16,Test
1934,6,-4.0844088,27.891867,-19.062473,-7.137215,-11.018189,-0.49125764,-4.969512,-18.369839,1.2968197e-14,1.0,4.054993e-21,6.1243844e-16,1.2635049e-17,4.7137457e-13,5.3516164e-15,8.105829e-21,1,32.861378,1.0,False,2.018556e-11,Test
1935,6,-3.318669,16.101004,-10.04039,-5.0711923,-6.464042,-1.9416885,-3.9685264,-8.962004,3.6825072e-09,1.0,4.435443e-12,6.38311e-10,1.5853491e-10,1.4593462e-08,1.9227093e-09,1.3039898e-11,1,20.06953,1.0,False,5.640085e-07,Test
1936,6,-1.6484462,25.111315,-16.894926,-5.9881797,-9.67883,0.19839631,-4.288647,-19.828236,2.3899186e-12,1.0,5.713752e-19,3.1164558e-14,7.7773496e-16,1.5151554e-11,1.7051357e-13,3.0408878e-20,1,29.399961,1.0,False,6.455086e-10,Test
1937,6,-1.9875314,4.898763,-1.3207129,-2.55955,-2.8282533,-3.5858848,-1.6437609,-2.9276593,0.0010155228,0.99396086,0.0019782677,0.0005731458,0.00043809536,0.00020536839,0.0014321452,0.00039664053,1,6.5485816,0.9985679,False,0.06813995,Test
1938,6,-3.498146,23.92552,-15.0872965,-6.4197335,-9.137017,-0.9340465,-4.8854046,-16.297503,1.2304194e-12,1.0,1.1401151e-17,6.6255825e-14,4.3764515e-15,1.5981877e-11,3.0730843e-13,3.399095e-18,1,28.810925,1.0,False,6.3775024e-10,Test
1939,6,-4.2306323,35.84958,-25.516825,-8.462144,-13.900352,1.1947047,-6.0031967,-24.39325,3.9208952e-18,1.0,2.2331113e-27,5.69723e-20,2.476734e-22,8.903893e-16,6.661477e-19,6.8686604e-27,1,41.852776,1.0,False,4.4786874e-14,Test
1940,6,-1.4908785,16.524006,-12.05595,-3.8390357,-7.5381613,-1.1039176,-1.6475719,-12.290234,1.500496e-08,1.0,3.8715315e-13,1.4336519e-09,3.547588e-11,2.2094792e-08,1.2828745e-08,3.062914e-13,1,18.171577,1.0,False,1.3315838e-06,Test
1941,1,-6.9677076,70.23162,-48.181877,-16.57091,-25.667004,4.0839014,-12.568281,-52.72623,2.9700169e-34,1.0,0.0,2.0051225e-38,2.248e-42,1.8724493e-29,1.0976368e-36,0.0,1,-0.0,0.0,True,1.78693e-27,Test
1942,0,-3.6999142,11.155424,-7.5451345,-3.7106593,-4.437975,-0.4088102,-3.5090477,-7.305334,3.535118e-07,0.99998915,7.558685e-09,3.4973365e-07,1.6899277e-07,9.499746e-06,4.278546e-07,9.607046e-09,1,14.855349,0.99999964,False,0.00020253164,Test
1943,1,-4.9286623,58.37398,-40.93275,-13.108423,-21.511387,4.2177196,-9.851112,-44.20646,3.2211544e-28,1.0,7.4e-44,9.027869e-32,2.0240691e-35,3.0215828e-24,2.345398e-30,3e-45,1,-0.0,0.0,True,2.3610887e-22,Test
1944,1,-5.856003,57.31877,-40.202568,-13.305115,-21.270874,3.3308685,-9.912462,-41.79373,3.6605317e-28,1.0,4.44e-43,2.1302765e-31,7.395213e-35,3.57562e-24,6.336465e-30,9e-44,1,-0.0,0.0,True,2.785322e-22,Test
1945,6,-4.7416677,84.10994,-61.037754,-17.779078,-30.871792,8.799201,-13.308141,-66.691025,2.583669e-39,1.0,0.0,6e-45,0.0,1.9631894e-33,4.92e-43,0.0,1,97.41808,1.0,False,2.1330173e-31,Test
1946,6,-1.4342185,14.565476,-10.480585,-3.5415387,-6.568964,-1.3693521,-1.6076425,-10.424036,1.1256948e-07,0.99999964,1.3262736e-11,1.3684309e-08,6.628703e-10,1.2011346e-07,9.464631e-08,1.4034342e-11,1,16.173119,0.9999999,False,8.462695e-06,Test
1947,5,-5.218617,70.63958,-48.80543,-16.321798,-25.195597,5.189372,-13.004823,-54.35706,1.1355397e-33,1.0,0.0,1.710616e-38,2.395e-42,3.7612717e-29,4.7173486e-37,0.0,1,65.45021,1.0,False,3.5516933e-27,Test
1948,6,-3.0374997,23.198355,-15.206822,-6.115231,-9.028322,-0.6178499,-4.450894,-15.759657,4.0356446e-12,1.0,2.0933559e-17,1.858967e-13,1.0095598e-14,4.5368456e-11,9.819381e-13,1.20434395e-17,1,27.649248,1.0,False,1.7590905e-09,Test
1949,6,-3.7443907,70.194214,-50.249203,-14.876803,-25.839132,6.974543,-11.34652,-56.65926,7.742323e-33,1.0,0.0,1.1327339e-37,1.965e-42,3.499826e-28,3.8664236e-36,0.0,1,81.54073,1.0,False,3.1921586e-26,Test
1950,6,-5.236884,68.9081,-48.695053,-15.461281,-25.08787,5.459952,-11.926176,-52.049706,6.2985955e-33,1.0,0.0,2.2847835e-37,1.5068e-41,2.784977e-28,7.836475e-36,0.0,1,80.834274,1.0,False,2.5493328e-26,Test
1951,6,-3.6769526,4.9041524,-2.0513306,-2.3614445,-2.8618734,-4.006724,-1.5874466,-0.8416047,0.00018629267,0.9929387,0.0009466612,0.0006942466,0.00042090143,0.00013396089,0.0015054168,0.0031737436,1,6.4986854,0.99849457,False,0.07615122,Test
1952,6,-2.0253286,1.4732884,0.37960026,-1.9541615,-1.6846732,-4.71358,-0.810291,0.35276672,0.016168218,0.534678,0.17910577,0.017360799,0.022730395,0.0010994346,0.05449371,0.17436364,1,2.9096699,0.9455063,False,1.9280882,Test
1953,4,-4.899664,31.39688,-19.478054,-8.824089,-11.400911,-0.7926846,-7.3771477,-20.958618,1.7242952e-16,1.0,8.040778e-23,3.406078e-18,2.5891412e-19,1.0477317e-14,1.4476212e-17,1.8293448e-23,1,42.79779,1.0,False,4.966164e-13,Test
1954,1,-4.9422965,46.29111,-32.97279,-10.661262,-17.672312,2.9259331,-7.748228,-34.36664,5.618423e-23,1.0,3.768125e-35,1.8445841e-25,1.6635567e-28,1.4680568e-19,3.3963625e-24,9.349455e-36,1,-0.0,0.0,True,9.188996e-18,Test
1955,6,-3.6388843,78.831276,-56.53756,-16.683596,-29.174932,7.299222,-12.514616,-63.55381,1.5263845e-36,1.0,0.0,3.299e-42,0.0,8.5906285e-32,2.13296e-40,0.0,1,91.345894,1.0,False,8.865619e-30,Test
1956,6,-2.7111723,11.409283,-8.614383,-2.815681,-5.7876225,-1.7692027,-0.7992417,-7.3845816,7.3715836e-07,0.99999166,2.0129294e-09,6.640075e-07,3.3999722e-08,1.8908308e-06,4.987713e-06,6.8853248e-09,1,12.208533,0.999995,False,0.00016548418,Test
1957,4,-5.4360647,25.072828,-14.104821,-7.7286844,-9.148991,-1.8576912,-6.5311937,-16.89664,5.6254406e-14,1.0,9.6685775e-18,5.6817695e-15,1.3729468e-15,2.0147638e-12,1.8816862e-14,5.927779e-19,1,34.221817,1.0,False,8.19499e-11,Test
1958,6,-4.286333,3.7805774,-0.60220313,-2.6145208,-2.5976908,-5.0074925,-1.9257697,0.48944864,0.00029687062,0.946198,0.011818562,0.0015798875,0.0016067019,0.00014433506,0.0031459152,0.035209745,1,5.7616506,0.99685407,False,0.38223895,Test
1959,1,-4.8984127,68.69274,-47.91703,-15.244172,-25.050425,5.0071297,-11.532223,-52.651825,1.0958902e-32,1.0,0.0,3.5209678e-37,1.9402e-41,2.196293e-28,1.4412602e-35,0.0,1,-0.0,0.0,True,2.0180467e-26,Test
1960,6,-2.986667,1.3799174,-1.6924963,-0.94876325,-2.465338,-4.791805,3.2231052,-3.3985686,0.0016914879,0.13324544,0.006170494,0.012981332,0.0028489127,0.00027816824,0.8416638,0.0011204238,6,0.17237464,0.15833622,True,0.7773492,Test
1961,4,-3.9898539,25.028967,-16.425959,-6.476113,-10.336064,-1.1662947,-4.108395,-19.752409,2.4962373e-13,1.0,9.916413e-19,2.0773895e-14,4.37685e-16,4.2028386e-12,2.217199e-13,3.5620136e-20,1,35.365032,1.0,False,1.7957019e-10,Test
1962,6,-0.57076555,16.402725,-11.051474,-4.196524,-6.974938,-1.8229495,-2.2760792,-12.923369,4.251148e-08,1.0,1.193419e-12,1.132035e-09,7.0341254e-11,1.2153173e-08,7.724997e-09,1.8358556e-13,1,18.678804,1.0,False,1.6048011e-06,Test
1963,6,-4.8027163,38.661232,-26.798965,-9.57928,-14.592994,0.929534,-7.0764503,-26.2144,1.3299874e-19,1.0,3.7238954e-29,1.1204989e-21,7.4470315e-24,4.1051796e-17,1.3689164e-20,6.6814464e-29,1,45.737682,1.0,False,2.2439895e-15,Test
1964,6,-2.5015936,0.9341962,-0.10952789,-1.3173153,-1.8906885,-4.6101747,0.20033665,0.2751749,0.01262637,0.3921237,0.13808277,0.04126711,0.023259012,0.0015329695,0.18824,0.20286812,1,1.6700375,0.81176,False,2.2544026,Test
1965,6,0.28841704,5.6628056,-4.0755205,-2.4985232,-3.7880216,-4.064177,-0.47244823,-5.0789237,0.0046001547,0.9927497,5.855156e-05,0.0002834128,7.8054494e-05,5.9219547e-05,0.0021494774,2.1466725e-05,1,6.1425304,0.99785054,False,0.07157909,Test
1966,4,-5.2020483,28.04738,-18.346386,-7.826854,-10.705285,-0.88285303,-6.1534543,-17.244778,3.630421e-15,1.0,7.1030104e-21,2.6303798e-16,1.4788727e-17,2.7274667e-13,1.4020567e-15,2.1372967e-20,1,38.752666,1.0,False,1.1641533e-11,Test
1967,6,-0.7645416,8.164661,-4.3864517,-3.4172907,-3.8857815,-3.8407438,-2.3403103,-5.4450626,0.00013243893,0.9998141,3.5403002e-06,9.331283e-06,5.8408827e-06,6.109954e-06,2.7394799e-05,1.2282625e-06,1,10.505157,0.9999726,False,0.0028410174,Test
1968,6,-2.99244,39.387165,-28.353237,-8.572369,-15.127847,2.1328812,-5.8581367,-29.345905,3.9334325e-19,1.0,3.808177e-30,1.484018e-21,2.1107248e-24,6.6171365e-17,2.2398335e-20,1.4112593e-30,1,45.2453,1.0,False,3.5820985e-15,Test
1969,4,-3.8774478,7.8358755,-6.0541277,-2.7448943,-4.174181,-0.68609583,-1.7184289,-3.6898139,8.181428e-06,0.9996797,9.27917e-07,2.5391657e-05,6.0807843e-06,0.00019898282,7.087275e-05,9.870012e-06,1,12.010377,0.9999939,False,0.0046994425,Test
1970,6,-2.3293085,7.749401,-3.570223,-2.8710072,-3.765545,-2.706151,-1.9980867,-4.841048,4.195602e-05,0.999821,1.2130314e-05,2.4408306e-05,9.978029e-06,2.8782842e-05,5.8430825e-05,3.4037685e-06,1,9.747667,0.9999416,False,0.0029240148,Test
1971,6,-4.4086637,30.814442,-21.688444,-7.774963,-12.085498,0.1597919,-5.4122515,-19.4938,5.044281e-16,1.0,1.578655e-23,1.7411426e-17,2.3377205e-19,4.8624458e-14,1.849045e-16,1.4171236e-22,1,36.226692,1.0,False,2.1867126e-12,Test
1972,1,-5.0763264,104.60066,-74.87803,-22.069395,-37.634716,9.900253,-17.166101,-83.53179,0.0,1.0,0.0,0.0,0.0,7.45e-42,0.0,0.0,1,-0.0,0.0,True,1.017753e-39,Test
1973,6,-2.1195395,37.149475,-27.405598,-7.8546295,-14.778708,2.7206013,-4.8401837,-29.761467,8.8243545e-18,1.0,9.2063983e-29,2.850793e-20,2.8046328e-23,1.116168e-15,5.8092905e-19,8.72865e-30,1,41.98966,1.0,False,5.597745e-14,Test
1974,1,-7.0750895,82.78668,-57.969322,-18.736444,-29.945312,8.414443,-15.188213,-64.371574,9.40868e-40,1.0,0.0,8e-45,0.0,5.018193e-33,2.82e-43,0.0,1,-0.0,0.0,True,5.384345e-31,Test
1975,4,-7.096891,98.4711,-69.27623,-21.729979,-35.24878,9.923218,-17.06485,-76.85313,0.0,1.0,0.0,0.0,0.0,3.500608e-39,0.0,0.0,1,133.71988,1.0,False,4.471942e-37,Test
1976,4,-4.7511992,9.187501,-4.6332836,-3.9664721,-4.3241863,-3.11106,-3.144462,-2.5905623,8.840771e-07,0.9999782,9.947181e-07,1.9377278e-06,1.355e-06,4.558199e-06,4.4084636e-06,7.670838e-06,1,13.511709,0.9999986,False,0.0004219238,Test
1977,5,-3.5603662,49.275417,-35.917164,-10.626328,-18.767153,3.9732995,-7.3496966,-37.68701,1.1316449e-23,1.0,1.003072e-37,9.66057e-27,2.815052e-30,2.1161227e-20,2.5587347e-25,1.708816e-38,1,45.302116,1.0,False,1.3839216e-18,Test
1978,1,-5.2495255,90.52588,-64.378685,-19.449211,-33.012905,7.826212,-14.661517,-70.16615,2.542e-42,1.0,0.0,0.0,0.0,1.2133613e-36,0.0,0.0,1,-0.0,0.0,True,1.4476699e-34,Test
1979,6,-4.0068016,-1.4892447,-0.24307954,-0.6297902,-1.7315055,-3.4349897,0.57094,2.1223598,0.0015298995,0.018968107,0.065951794,0.044800237,0.014887149,0.002710178,0.1488507,0.702302,7,1.9048115,0.8511493,False,1.4628068,Test
1980,6,-5.961569,-2.941412,4.912669,-1.2341553,-0.61019194,-6.4423895,-0.1149399,2.007095,1.773692e-05,0.00036350943,0.9364828,0.002004324,0.00374069,1.0966309e-05,0.006138143,0.051241875,2,5.093233,0.99386185,False,0.40615234,Test
1981,6,-2.725447,3.0806532,-0.5409436,-2.1477542,-2.3344512,-4.5595007,-1.1078736,-0.2878426,0.0027615665,0.91772515,0.02453992,0.0049208957,0.004082843,0.00044120048,0.013920622,0.031607747,1,4.274384,0.9860794,False,0.5868171,Test
1982,6,-1.4113233,0.7174299,-0.19375971,-1.2561964,-2.0480483,-4.2149463,1.5726899,-2.7737842,0.028932039,0.24315588,0.09775977,0.033787012,0.0153056905,0.0017529961,0.5718992,0.007407467,6,0.5587926,0.42810082,True,1.7588112,Test
1983,4,-4.2582297,19.516308,-10.313549,-5.914363,-7.326971,-2.0295362,-5.1145306,-13.762449,4.7298714e-11,1.0,1.1093223e-13,9.028167e-12,2.1984272e-12,4.3929715e-10,2.0089208e-11,3.5254962e-15,1,26.843279,1.0,False,1.6412647e-08,Test
1984,4,-5.362258,32.80363,-21.91827,-8.985745,-12.343569,-0.12201917,-7.0418954,-20.62298,2.6592838e-17,1.0,1.7162493e-24,7.097492e-19,2.470697e-20,5.0184686e-15,4.958008e-18,6.267825e-24,1,45.1472,1.0,False,2.4017932e-13,Test
1985,4,-5.42365,16.806658,-11.506852,-5.6846747,-7.167689,-0.97753966,-4.3376412,-8.381681,2.2156424e-10,1.0,5.053572e-13,1.7066254e-10,3.8732344e-11,1.8898243e-08,6.563686e-10,1.1503852e-11,1,23.974346,1.0,False,5.193198e-07,Test
1986,6,-5.03067,71.00164,-49.477905,-16.228695,-25.659927,6.571783,-12.5657,-54.45582,9.540851e-34,1.0,0.0,1.3072192e-38,1.048e-42,1.0434445e-28,5.095264e-37,0.0,1,83.56734,1.0,False,9.6991966e-27,Test
1987,6,-1.6608009,25.634794,-18.098562,-5.933977,-10.062602,0.36897838,-4.1012654,-18.90467,1.398536e-12,1.0,1.0158851e-19,1.9492017e-14,3.1391944e-16,1.0646225e-11,1.2184104e-13,4.5368595e-20,1,29.73606,1.0,False,4.4926832e-10,Test
1988,6,-2.8247116,34.537262,-24.837597,-7.3881183,-13.719026,1.7310537,-4.648135,-25.948393,5.941572e-17,1.0,1.6361625e-26,6.1949603e-19,1.1029632e-21,5.655151e-15,9.593958e-18,5.3878194e-27,1,39.1854,1.0,False,2.714372e-13,Test
1989,6,-3.2159877,30.87269,-21.982946,-7.2489033,-11.971321,0.9021851,-5.15785,-21.734188,1.5684689e-15,1.0,1.10940136e-23,2.7797282e-17,2.4721973e-19,9.637739e-14,2.2497544e-16,1.4227291e-23,1,36.03054,1.0,False,4.2575696e-12,Test
1990,5,-4.4736443,72.02627,-50.52013,-16.081669,-25.870829,5.946165,-12.663372,-56.10001,5.9773943e-34,1.0,0.0,5.4351e-39,3.04e-43,2.003442e-29,1.6586636e-37,0.0,1,66.0801,1.0,False,1.9100162e-27,Test
1991,4,-4.45954,25.24237,-16.40046,-6.844293,-9.6320095,-0.78261983,-5.400449,-15.916734,1.2607366e-13,1.0,8.2176713e-19,1.1612872e-14,7.14905e-16,4.982995e-12,4.9203165e-14,1.3329949e-18,1,34.874382,1.0,False,1.9524336e-10,Test
1992,4,-3.992221,16.911602,-11.559124,-4.8908257,-7.16058,-1.4520108,-3.4876187,-8.132511,8.348042e-10,1.0,4.3183794e-13,3.398804e-10,3.5122412e-11,1.0587273e-08,1.3827087e-09,1.3288619e-11,1,24.072182,1.0,False,3.5876675e-07,Test
1993,6,-3.5798197,42.245968,-30.440697,-9.507038,-16.047646,2.6607091,-6.8043303,-30.846653,1.2534694e-20,1.0,2.7075987e-32,3.3416047e-23,4.8239784e-26,6.4319207e-18,4.985707e-22,1.8041725e-32,1,49.050297,1.0,False,3.6818998e-16,Test
1994,4,-4.5566406,11.930738,-6.66933,-4.380771,-5.035527,-2.4361882,-3.6343126,-5.135034,6.912288e-08,0.99999905,8.357805e-09,8.2413955e-08,4.28197e-08,5.7613306e-07,1.7385364e-07,3.8763996e-08,1,16.966267,0.99999994,False,2.303178e-05,Test
1995,6,-2.774699,18.79738,-12.553202,-4.76296,-7.554652,-0.9940804,-3.5207586,-12.208489,4.2792264e-10,1.0,2.4244609e-14,5.859681e-11,3.5930068e-12,2.53909e-09,2.0293445e-10,3.4223262e-14,1,22.318138,1.0,False,9.4481614e-08,Test
1996,1,-5.8565426,87.09828,-62.012943,-19.008461,-31.592304,7.9951305,-14.608472,-67.61681,4.2681e-41,1.0,0.0,0.0,0.0,4.4252593e-35,7e-45,0.0,1,-0.0,0.0,True,5.050188e-33,Test
1997,6,-3.692394,20.737537,-14.179884,-5.2666826,-8.535268,-1.1882651,-3.6797724,-12.75711,2.4559273e-11,1.0,6.8479003e-16,5.087579e-12,1.9363446e-13,3.0043124e-10,2.4871244e-11,2.8409214e-15,1,24.417309,1.0,False,1.1444253e-08,Test
1998,6,-2.0963113,38.957508,-28.39418,-8.373675,-15.033519,3.0288174,-5.6606145,-30.833788,1.4809946e-18,1.0,5.617396e-30,2.781812e-21,3.5644664e-24,2.4909635e-16,4.193685e-20,4.898064e-31,1,44.618122,1.0,False,1.3002302e-14,Test
1999,6,0.12918144,0.5224509,0.23938423,-1.5143871,-1.8170327,-5.3379307,-0.45477134,-1.0662212,0.20838022,0.30878147,0.23265743,0.04027761,0.02975955,0.0008800753,0.11621147,0.06305212,1,2.1523438,0.8837885,False,2.4431763,Test
2000,1,-6.407409,71.886024,-49.84643,-16.488848,-26.28811,5.1103644,-12.654586,-54.254486,9.944743e-35,1.0,0.0,4.161803e-39,2.31e-43,9.993103e-30,1.9252141e-37,0.0,1,-0.0,0.0,True,9.6271595e-28,Test
2001,6,-3.2066834,-1.4485557,3.9895651,-2.233701,-0.66015804,-6.194124,-1.6732578,2.0800788,0.00064143183,0.0037213084,0.85593647,0.0016971155,0.008186391,3.2338623e-05,0.002972411,0.12681253,2,5.818382,0.9970276,False,0.7045348,Test
2002,6,-0.7477279,8.084654,-4.4909925,-2.9053583,-4.023498,-3.1278088,-1.8289976,-5.327295,0.00014589571,0.9997638,3.454328e-06,1.6865364e-05,5.5130718e-06,1.350165e-05,4.9482685e-05,1.4967935e-06,1,9.913888,0.9999505,False,0.0035813574,Test
2003,6,-3.9691787,-1.6611295,0.9553995,-0.29845753,-1.5172809,-6.3863783,2.7327166,-0.3307374,0.00095089094,0.00956101,0.13087234,0.037351206,0.011040185,8.479188e-05,0.77397484,0.03616477,6,0.2562159,0.22602516,True,1.1669976,Test
2004,4,-5.8331723,75.78224,-52.787872,-17.256823,-27.352102,5.7766294,-13.303718,-57.680927,3.588183e-36,1.0,0.0,3.9232e-41,1e-45,3.9531894e-31,2.043898e-39,0.0,1,103.134346,1.0,False,3.992635e-29,Test
2005,6,-0.7867194,20.24996,-14.156459,-4.6208143,-8.475731,-1.1022977,-2.519499,-16.855688,7.3094697e-10,1.0,1.1415175e-15,1.580376e-11,3.3465011e-13,5.331295e-10,1.2922594e-10,7.677535e-17,1,22.769459,1.0,False,4.3432806e-08,Test
2006,6,-1.3475707,13.462594,-9.470725,-3.6185706,-6.114671,-2.120062,-1.1748526,-9.760478,3.6985108e-07,0.99999905,1.09694705e-10,3.8171898e-08,3.1455856e-09,1.7081977e-07,4.3957945e-07,8.210083e-11,1,14.637447,0.9999996,False,2.360914e-05,Test
2007,4,-5.358223,19.525566,-8.960429,-6.825957,-7.152039,-3.145295,-6.046284,-13.152217,1.5599393e-11,1.0,4.2529378e-13,3.594837e-12,2.5945587e-12,1.4261672e-10,7.83947e-12,6.430115e-15,1,26.677605,1.0,False,5.768121e-09,Test
2008,6,-3.623088,32.421932,-22.325502,-7.916439,-12.325583,0.5002395,-5.8911586,-22.427366,2.2174113e-16,1.0,1.6729787e-24,3.0287816e-18,3.6846857e-20,1.3695735e-14,2.2952811e-17,1.5109607e-24,1,38.31309,1.0,False,6.4371165e-13,Test
2009,6,-1.126656,13.0253,-9.174411,-3.159652,-5.977094,-1.4157637,-0.9608911,-9.719509,7.143029e-07,0.99999785,2.2844789e-10,9.3532776e-08,5.589389e-09,5.349642e-07,8.430893e-07,1.3245074e-10,1,13.986193,0.99999917,False,4.8357608e-05,Test
2010,6,-2.8083174,8.116611,-3.948249,-3.1216753,-3.6988416,-3.1782343,-2.4333613,-4.054107,1.8002214e-05,0.9999119,5.7578436e-06,1.31594015e-05,7.388833e-06,1.243578e-05,2.6191918e-05,5.179483e-06,1,10.550059,0.99997383,False,0.0015426071,Test
2011,6,-2.0603497,18.86329,-13.552445,-4.51676,-7.9254975,-0.783802,-2.4745188,-12.68469,8.184235e-10,1.0,8.356497e-15,7.017348e-11,2.3215457e-12,2.9334317e-09,5.408871e-10,1.99015e-14,1,21.33781,1.0,False,1.2696135e-07,Test
2012,1,-5.636144,66.34846,-46.909912,-14.980481,-24.550123,4.993714,-11.213678,-49.806587,5.4636613e-32,1.0,0.0,4.7784778e-36,3.33617e-40,2.2592967e-27,2.0662996e-34,0.0,1,-0.0,0.0,True,1.9999001e-25,Test
2013,6,-3.1228907,18.856726,-12.082468,-5.2569895,-7.697091,-1.7016935,-3.7747233,-12.30425,2.8469116e-10,1.0,3.6582963e-14,3.3693503e-11,2.9364558e-12,1.1792134e-09,1.4834971e-10,2.9306225e-14,1,22.631449,1.0,False,5.0133696e-08,Test
2014,6,-0.8653123,0.35243383,-1.582575,-1.2750196,-2.1792355,-4.6385865,1.7712455,-0.6405814,0.047527906,0.1606235,0.023197733,0.03155114,0.012773771,0.0010920349,0.6637296,0.059504263,6,0.4098804,0.3362704,True,1.6417515,Test
2015,6,-3.8574145,25.526043,-16.63767,-6.78344,-10.005975,-0.83464706,-5.0566626,-17.59122,1.7335113e-13,1.0,4.881269e-19,9.293301e-15,3.7037458e-16,3.5620348e-12,5.2251572e-14,1.881093e-19,1,30.582706,1.0,False,1.4557194e-10,Test
2016,6,-1.1764089,2.3790035,-0.28075442,-2.3491197,-2.1109886,-4.8248014,-0.41924685,-1.7148577,0.023868987,0.83546823,0.058453668,0.0073880893,0.009374565,0.0006213799,0.05089384,0.013931204,1,2.9780135,0.94910616,False,1.011395,Test
2017,1,-4.6849127,62.405087,-43.68669,-14.378106,-22.94294,4.4334764,-10.853897,-47.049454,7.2976796e-30,1.0,0.0,4.502792e-34,8.5866705e-38,6.6565507e-26,1.5276575e-32,0.0,1,-0.0,0.0,True,5.5679376e-24,Test
2018,6,-4.3629227,19.767344,-13.212851,-5.5390067,-8.215835,-1.5814006,-3.9464965,-11.136018,3.3140463e-11,1.0,4.7520793e-15,1.022331e-11,7.031704e-13,5.350058e-10,5.0258547e-11,3.7917552e-14,1,23.71384,1.0,False,1.9754726e-08,Test
2019,6,-2.0683098,19.82189,-13.965738,-4.664498,-8.434485,-0.36859277,-2.3414702,-14.548035,3.1132003e-10,1.0,2.1194323e-15,2.3211176e-11,5.3507237e-13,1.7036665e-09,2.369053e-10,1.1839424e-15,1,22.16336,1.0,False,6.787435e-08,Test
2020,6,-2.8702576,9.288878,-3.8956513,-4.0388274,-3.7640946,-3.1004126,-3.3167648,-5.1312995,5.24018e-06,0.99998105,1.8794166e-06,1.6287066e-06,2.1436688e-06,4.162853e-06,3.352976e-06,5.46246e-07,1,12.605662,0.99999666,False,0.00037345043,Test
2021,6,-3.8746212,49.979454,-34.95571,-11.3749275,-18.527384,2.9676921,-8.526565,-37.464394,4.087632e-24,1.0,1.2975566e-37,2.2601156e-27,1.769535e-30,3.8287036e-21,3.9008435e-26,1.055892e-38,1,58.50602,1.0,False,2.5999768e-19,Test
2022,4,-6.389362,43.641697,-27.59717,-11.913091,-15.6303425,0.08556178,-9.81287,-30.38801,1.869765e-22,1.0,1.1517347e-31,7.462128e-25,1.8133412e-26,1.2128627e-19,6.0950395e-24,7.068153e-33,1,59.27204,1.0,False,7.635441e-18,Test
2023,6,-2.8215714,4.8740396,-2.6710596,-1.9138572,-2.9353898,-2.3967698,-1.5776248,-2.6238692,0.0004524012,0.99468404,0.0005258843,0.0011213442,0.00040373197,0.0006918514,0.0015695055,0.00055129593,1,6.4569945,0.9984305,False,0.06179609,Test
2024,6,-5.013906,78.68371,-56.674202,-17.005953,-28.947659,7.285675,-12.561501,-60.914833,4.4728774e-37,1.0,0.0,2.77e-42,0.0,9.822639e-32,2.3589e-40,0.0,1,91.24521,1.0,False,1.0117921e-29,Test
2025,6,-1.6827996,19.043594,-12.4837885,-4.964589,-7.7073183,-1.5360678,-3.2247832,-13.510622,9.96876e-10,1.0,2.031571e-14,3.7443704e-11,2.4111635e-12,1.1544263e-09,2.132881e-10,7.275859e-15,1,22.268377,1.0,False,7.232701e-08,Test
2026,4,-4.703162,39.94109,-26.26651,-10.151798,-14.709069,0.5790275,-7.8715973,-28.186422,4.0855203e-20,1.0,1.763626e-29,1.7576614e-22,1.8439026e-24,8.040338e-18,1.7187547e-21,2.5858201e-30,1,54.650158,1.0,False,4.593531e-16,Test
2027,1,-4.9402246,80.98959,-57.170265,-17.509867,-29.187298,7.3937073,-13.520193,-63.603996,4.799042e-38,1.0,0.0,1.67e-43,0.0,1.0907186e-32,9.015e-42,0.0,1,-0.0,0.0,True,1.158092e-30,Test
2028,6,-0.7901771,7.761675,-3.5468855,-3.2721066,-3.5523555,-3.4626396,-2.434251,-5.2430325,0.00019313158,0.99971336,1.2263943e-05,1.6142296e-05,1.219704e-05,1.3341896e-05,3.731137e-05,2.2490694e-06,1,10.196213,0.9999627,False,0.0042596064,Test
2029,4,-3.7673542,8.312159,-4.367534,-2.8732142,-4.098088,-2.8991404,-1.9887116,-2.6643324,5.674072e-06,0.99990904,3.113434e-06,1.3874412e-05,4.0762347e-06,1.3519332e-05,3.3600794e-05,1.7097438e-05,1,12.4103365,0.99999595,False,0.0015726998,Test
2030,6,0.3321854,6.4765368,-4.6067777,-1.9848529,-3.9728088,-3.30072,0.4470501,-5.833777,0.0021351702,0.99515426,1.5292128e-05,0.00021045325,2.8826857e-05,5.64523e-05,0.0023950667,4.483208e-06,1,6.034344,0.9976049,False,0.050893016,Test
2031,4,-4.7735457,29.674345,-17.213476,-8.254594,-10.587599,-0.8892255,-7.030675,-21.690487,1.0951433e-15,1.0,4.333891e-21,3.370317e-17,3.2693391e-18,5.3261106e-14,1.1460721e-16,4.926492e-23,1,40.261944,1.0,False,2.4110202e-12,Test
2032,6,-1.9149239,-1.0074947,2.387775,-1.8010683,-1.1041497,-5.7582483,-0.709258,0.516777,0.010472762,0.025950927,0.7739265,0.011735679,0.023560042,0.00022435046,0.03496837,0.11916142,2,3.3533113,0.9650316,False,1.231997,Test
2033,6,-3.1236322,59.906013,-42.658268,-12.737228,-21.964808,4.481775,-9.714179,-46.721878,4.2322705e-28,1.0,3e-45,2.8277492e-32,2.7794255e-36,8.502729e-25,5.8121143e-31,0.0,1,69.62019,1.0,False,6.8026606e-23,Test
2034,6,-0.60541886,4.363013,-2.3260176,-2.1044438,-2.9318714,-4.1212325,-1.0233997,-2.4445126,0.006842371,0.9839409,0.0012245032,0.0015282282,0.0006680994,0.00020337992,0.0045048436,0.0010876725,1,5.402602,0.99549514,False,0.1536879,Test
2035,1,-5.465643,98.58007,-70.73499,-20.862291,-35.87227,10.050396,-15.87258,-77.95401,0.0,1.0,0.0,0.0,0.0,3.564915e-39,0.0,0.0,1,-0.0,0.0,True,4.553156e-37,Test
2036,6,-3.9071653,22.465973,-14.997348,-6.1275835,-8.985443,-1.0384632,-4.482816,-13.417496,3.517965e-12,1.0,5.36891e-17,3.8192374e-13,2.1919143e-14,6.1965925e-11,1.9782873e-12,2.6061991e-16,1,26.94879,1.0,False,2.3287805e-09,Test
2037,6,-1.3137622,-0.7067432,1.0031389,-1.1716478,-1.3778743,-4.9350233,0.4284224,-0.4738653,0.043248042,0.079358146,0.43871638,0.049852397,0.04056234,0.0011568384,0.24693784,0.10016802,2,1.3986187,0.7530621,False,2.252814,Test
2038,1,-5.3080993,51.31819,-35.66549,-11.994291,-19.110527,2.8107698,-8.901749,-38.094612,2.55573e-25,1.0,1.6728903e-38,3.1896075e-28,2.5893822e-31,8.580127e-22,7.0276845e-27,1.474051e-39,1,-0.0,0.0,True,6.0066463e-20,Test
2039,4,-4.027853,29.794071,-18.358706,-7.9735203,-10.948627,-0.15310894,-6.5573115,-21.870552,2.0479804e-15,1.0,1.2232464e-21,3.9604322e-17,2.0214863e-18,9.865181e-14,1.6322808e-16,3.6503895e-23,1,40.7427,1.0,False,4.3729846e-12,Test
2040,5,-5.2019787,65.48254,-45.041065,-15.383729,-23.320944,4.4552226,-12.210855,-49.641354,2.0049537e-31,1.0,0.0,7.5897525e-36,2.711052e-39,3.1345457e-27,1.8121306e-34,0.0,1,61.027313,1.0,False,2.7599778e-25,Test
2041,6,-4.177266,57.94319,-41.287407,-12.760127,-21.4949,5.24198,-9.670899,-45.183674,1.0505783e-27,1.0,8e-44,1.967615e-31,3.1657285e-35,1.2946587e-23,4.320896e-30,1e-45,1,67.61409,1.0,False,9.844466e-22,Test
2042,4,-5.339414,44.87987,-30.084997,-10.925458,-16.504793,1.8845587,-8.607044,-33.08912,1.5489666e-22,1.0,2.7744192e-33,5.808364e-25,2.1926944e-27,2.1250705e-19,5.9010282e-24,1.3756124e-34,1,61.384666,1.0,False,1.3193351e-17,Test
2043,6,-5.089865,-3.1808636,1.8935044,0.09735453,-1.5057497,-6.866171,2.7781012,0.1361103,0.00024391759,0.0016455537,0.2630765,0.04365401,0.008786277,4.1286068e-05,0.63717335,0.045379065,6,0.45071355,0.36282665,True,1.3995711,Test
2044,6,-6.2001987,-3.660469,1.1837857,0.94556093,-2.0560126,-6.4627237,3.6945653,0.24551275,4.2712225e-05,0.00054143055,0.06876633,0.054189622,0.0026937006,3.2850257e-05,0.8468248,0.026908476,6,0.16626139,0.15317518,True,0.86694956,Test
2045,6,-3.9391315,66.943886,-47.903492,-14.2801075,-24.46615,5.588104,-10.840147,-52.501472,1.6439788e-31,1.0,0.0,5.30724e-36,2.00045e-40,2.2569536e-27,1.655095e-34,0.0,1,77.784035,1.0,False,1.9979712e-25,Test
2046,6,-2.1299808,2.561866,-2.3263927,-1.686412,-2.6585793,-2.6488853,-0.43223214,-1.7010146,0.008290757,0.9041436,0.006812296,0.012919141,0.0048868237,0.0049344273,0.045281112,0.0127318585,1,3.0948653,0.9547189,False,0.6765149,Test
2047,6,-3.7752082,68.22265,-48.879272,-14.634147,-25.121346,6.1121426,-10.969569,-53.752983,5.391733e-32,1.0,0.0,1.0369327e-36,2.8921e-41,1.0610865e-27,4.0481632e-35,0.0,1,79.192215,1.0,False,9.5085867e-26,Test
2048,4,-5.399171,44.460464,-29.76959,-11.123943,-16.25336,1.2077094,-8.830798,-31.760555,2.2194017e-22,1.0,5.7849012e-33,7.244333e-25,4.288651e-27,1.6427351e-19,7.176262e-24,7.900054e-34,1,60.713825,1.0,False,1.0267327e-17,Test
2049,4,-5.907066,43.22698,-28.436138,-11.091671,-15.837512,0.7244683,-8.741439,-30.516155,4.585171e-22,1.0,7.5353596e-32,2.568682e-24,2.2316052e-26,3.4785194e-19,2.6940323e-23,9.41378e-33,1,59.06449,1.0,False,2.1364366e-17,Test
2050,6,-2.5892265,4.3341627,-0.49623087,-2.9905872,-2.6313252,-5.0775356,-2.2503693,-1.5725306,0.00097017235,0.9854593,0.007867293,0.0006494418,0.0009301773,8.0573096e-05,0.0013614851,0.002681602,1,6.5991793,0.9986385,False,0.13873698,Test
2051,5,-3.8653996,42.468582,-30.077526,-9.952895,-15.9366045,2.0997298,-7.3346877,-30.681293,7.540635e-21,1.0,3.1161894e-32,1.7125421e-23,4.3146954e-26,2.9378587e-18,2.3480933e-22,1.7037831e-32,1,40.36885,1.0,False,1.7162296e-16,Test
2052,6,-2.5431373,51.199898,-35.916096,-10.980772,-18.928385,3.2554681,-8.3585005,-41.228947,4.5676912e-24,1.0,1.4655582e-38,9.891848e-28,3.4968314e-31,1.5066002e-21,1.361808e-26,7.222e-41,1,59.5584,1.0,False,1.04565737e-19,Test
2053,6,-4.89991,-2.5629787,4.0175614,-1.4911213,-0.56997097,-6.6438403,1.2664948,-0.1350668,0.00012235902,0.0012663453,0.9129446,0.003698741,0.0092918975,2.139225e-05,0.058300376,0.01435426,2,2.8421469,0.9416996,False,0.5536064,Test
2054,1,-4.664169,57.05609,-39.589767,-12.633054,-20.947382,4.1200495,-9.674717,-44.763783,1.567586e-27,1.0,1.065e-42,5.424848e-31,1.3289934e-34,1.0236906e-23,1.045153e-29,6e-45,1,-0.0,0.0,True,7.8193897e-22,Test
2055,6,-2.672898,8.503967,-4.077096,-3.3733683,-4.0386114,-3.5829415,-2.3452356,-3.779561,1.3993423e-05,0.9999424,3.4362808e-06,6.9456632e-06,3.5711023e-06,5.632451e-06,1.9418958e-05,4.627074e-06,1,10.84926,0.99998057,False,0.0010388806,Test
2056,6,-4.0283084,0.22397944,1.9701368,-1.631381,-1.2670567,-5.3430533,-1.3882452,2.0547636,0.0010487313,0.07369012,0.42243093,0.01152488,0.016590538,0.00028162924,0.014697008,0.45973617,7,4.2201114,0.985303,False,1.5933415,Test
2057,6,-1.7872614,4.3371587,-2.9860659,-2.2252142,-3.2515442,-4.075778,0.13467053,-1.9572548,0.0021420748,0.97867054,0.00064595236,0.001382401,0.0004953414,0.00021724227,0.014639262,0.001807205,1,4.224048,0.98536074,False,0.18317139,Test
2058,4,-5.424291,25.054222,-16.873262,-7.484539,-9.827856,-1.2545842,-5.734368,-12.934612,5.798954e-14,1.0,6.1819524e-19,7.389169e-15,7.0942276e-16,3.7517246e-12,4.252903e-14,3.1743797e-17,1,34.88208,1.0,False,1.4722219e-10,Test
2059,4,-5.9040794,55.865704,-37.633774,-13.682645,-20.290682,2.1806629,-10.642098,-40.7685,1.4918463e-27,1.0,2.4757e-41,6.245058e-31,8.427548e-34,4.840426e-24,1.3062531e-29,1.078e-42,1,76.15639,1.0,False,3.7503073e-22,Test
2060,6,-3.0236025,12.249333,-9.495503,-3.052668,-5.931777,-0.49058434,-1.283617,-8.065544,2.3283387e-07,0.99999523,3.6002717e-10,2.261637e-07,1.2706971e-08,2.9317164e-06,1.3265152e-06,1.5043854e-09,1,13.532955,0.9999987,False,9.7174314e-05,Test
2061,4,-5.1988535,27.862411,-18.722397,-7.9204097,-10.711493,-0.71384513,-6.0600038,-15.730712,4.3820314e-15,1.0,5.867793e-21,2.8821596e-16,1.768339e-17,3.8858836e-13,1.8521733e-15,1.1688173e-19,1,38.573906,1.0,False,1.633579e-11,Test
2062,6,-0.7759473,19.110125,-12.382712,-4.8247943,-7.770912,-1.4141396,-3.2469056,-14.446036,2.3098756e-09,1.0,2.1029799e-14,4.0289938e-11,2.116967e-12,1.220185e-09,1.9519328e-10,2.6714367e-15,1,22.35703,1.0,False,1.10169516e-07,Test
2063,6,-1.806628,7.2379427,-3.3623261,-2.8026798,-3.6479466,-3.3619518,-1.4391389,-4.3246856,0.000117981705,0.99959,2.4899087e-05,4.3574746e-05,1.8712868e-05,2.490842e-05,0.0001703778,9.511225e-06,1,8.677492,0.99982965,False,0.0061093564,Test
2064,6,-5.202106,-2.5205815,3.3436255,-0.6679417,-0.9255359,-5.6226254,-0.22679712,3.1535828,0.000102825026,0.0015020004,0.5290088,0.009577705,0.007402693,6.752575e-05,0.0148884,0.43744996,2,4.207173,0.9851116,False,1.2311373,Test
2065,6,-4.1314626,26.610693,-18.670006,-6.7389064,-10.63516,-0.28972307,-4.693781,-17.213892,4.455041e-14,1.0,2.1619296e-20,3.284382e-15,6.673158e-17,2.0763378e-12,2.5388657e-14,9.273092e-20,1,31.304474,1.0,False,8.386491e-11,Test
2066,4,-3.7208595,3.755663,-1.173411,-2.126533,-2.6645663,-3.1842375,-1.1499112,-1.0695804,0.0005504716,0.9721815,0.0070319828,0.0027110786,0.001582987,0.00094142754,0.007199191,0.007801367,1,6.4484415,0.998417,False,0.24899876,Test
2067,6,-5.3649397,52.836357,-36.09732,-12.625143,-19.265657,3.1221087,-9.601554,-39.272438,5.29051e-26,1.0,2.380097e-39,3.7190402e-29,4.8584057e-32,2.566706e-22,7.6482024e-28,9.9463e-41,1,62.437912,1.0,False,1.8413572e-20,Test
2068,6,-4.7805977,44.572575,-29.893837,-10.99272,-16.39899,1.2303207,-8.434174,-31.899261,3.6828972e-22,1.0,4.567165e-33,7.384144e-25,3.314253e-27,1.5020969e-19,9.5380975e-24,6.147595e-34,1,53.00675,1.0,False,9.419571e-18,Test
2069,6,-3.877961,0.6834293,0.9847863,-1.3593385,-1.7174886,-4.9858856,-0.8173836,2.2859657,0.0013438273,0.12862638,0.17386325,0.016678896,0.011658018,0.00044379028,0.02867711,0.63870865,7,3.551656,0.9713229,False,1.5705757,Test
2070,6,-0.39121348,11.7154455,-7.2525196,-3.2620559,-5.309851,-2.4326165,-1.8605291,-9.458936,5.522572e-06,0.99999213,5.7851475e-09,3.1286038e-07,4.036491e-08,7.170863e-07,1.2706496e-06,6.369123e-10,1,13.575982,0.99999875,False,0.00015526246,Test
2071,6,-2.4942586,29.054707,-20.876709,-6.7003675,-11.591656,0.9314636,-4.2684503,-21.052097,1.9881923e-14,1.0,2.0656738e-22,2.963254e-16,2.2259178e-18,6.112665e-13,3.372378e-15,1.7333711e-22,1,33.32316,1.0,False,2.588356e-11,Test
2072,6,-1.8897537,10.889516,-7.96841,-3.3562672,-5.829034,-2.7066903,-1.2532221,-7.3702936,2.818574e-06,0.99998987,6.4580687e-09,6.5032543e-07,5.4855693e-08,1.245197e-06,5.3268604e-06,1.1745218e-08,1,12.142749,0.9999947,False,0.00019941357,Test
2073,6,-2.0648608,7.659976,-4.8592076,-2.1392365,-3.9807339,-2.2254577,-1.554605,-5.365566,5.9763424e-05,0.9997197,3.6548172e-06,5.547973e-05,8.797964e-06,5.0896644e-05,9.954897e-05,2.2027111e-06,1,9.214861,0.99990046,False,0.0043317005,Test
2074,6,-0.06509115,0.64122653,1.142091,-2.5445106,-1.6740454,-6.3849,-1.7296625,-0.99745566,0.13813783,0.27993843,0.4619396,0.011574825,0.027640935,0.00024868787,0.026145587,0.05437408,2,3.644075,0.9738544,False,2.0098093,Test
2075,0,-4.723927,14.543406,-7.0210342,-5.1063294,-6.008577,-1.768729,-4.3485284,-12.610974,4.2884856e-09,0.9999999,4.3120396e-10,2.9256924e-09,1.1868264e-09,8.236264e-08,6.2421974e-09,1.6106538e-12,1,19.267332,1.0,False,2.531205e-06,Test
2076,6,-3.8285115,42.691895,-28.629642,-10.252952,-15.852731,1.7953484,-7.8388033,-32.711586,6.2581343e-21,1.0,1.060356e-31,1.0147173e-23,3.7531222e-26,1.7332292e-18,1.1344809e-22,1.7893055e-33,1,50.530697,1.0,False,1.02691733e-16,Test
2077,4,-5.637476,21.51978,-12.654729,-7.269667,-8.114727,-2.325366,-6.1907797,-11.698239,1.6060311e-12,1.0,1.4394618e-15,3.139804e-13,1.3486445e-13,4.4074216e-11,9.235423e-13,3.746263e-15,1,29.634506,1.0,False,1.6351117e-09,Test
2078,6,-1.5260919,4.719711,-2.795092,-1.987125,-3.0634542,-3.7444406,-0.36818796,-2.3921998,0.0019168745,0.9888067,0.00053885754,0.0012088424,0.00041202712,0.00020853414,0.0061019,0.0008062093,1,5.099155,0.9938981,False,0.111285456,Test
2079,4,-5.583496,38.76831,-25.403887,-10.300573,-14.143813,0.26114297,-8.2764845,-25.750628,5.473374e-20,1.0,1.3501116e-28,4.893884e-22,1.0484706e-23,1.8903817e-17,3.7042877e-21,9.5451345e-29,1,52.912125,1.0,False,1.0539736e-15,Test
2080,6,-1.9015868,11.19553,-6.8870363,-3.371926,-4.806418,-1.8600358,-2.2436707,-7.252714,2.0511238e-06,0.9999938,1.4022937e-08,4.7144545e-07,1.1231554e-07,2.1381447e-06,1.4568899e-06,9.72807e-09,1,13.439206,0.99999857,False,0.00012934467,Test
2081,6,-2.1097968,3.1066701,-2.17052,-1.2346215,-2.7902277,-3.6248467,0.9687699,-2.5462723,0.0047231736,0.8703956,0.004444901,0.011332292,0.002391809,0.0010381404,0.1026215,0.003052635,1,2.276708,0.8973785,False,0.7124642,Test
2082,6,-4.6206603,-2.059174,0.8716029,-0.83612514,-1.6803154,-4.7456007,0.304789,4.060645,0.00015747876,0.0020401455,0.038236793,0.006931456,0.0029798702,0.00013898274,0.021692885,0.92782235,7,3.830771,0.9783071,False,0.4969428,Test
2083,4,-4.8027163,2.5654752,1.5782303,-2.5792408,-1.7064708,-4.5544143,-2.7609196,0.6669799,0.0004075012,0.64579386,0.24062395,0.0037650613,0.009011797,0.00052235444,0.0031395685,0.09673595,1,4.709221,0.9909882,False,1.3558372,Test
2084,4,-2.9983933,35.348698,-25.309744,-7.862048,-13.679392,1.9820211,-5.3843737,-25.945173,2.2185523e-17,1.0,4.532882e-27,1.713212e-19,5.097655e-22,3.2287661e-15,2.0410438e-18,2.4011037e-27,1,49.02809,1.0,False,1.5678417e-13,Test
2085,1,-5.9775586,77.58354,-55.37707,-17.328176,-28.47586,6.6489964,-12.9967375,-58.968662,5.127123e-37,1.0,0.0,6.031e-42,0.0,1.5614118e-31,4.58655e-40,0.0,1,-0.0,0.0,True,1.5979069e-29,Test
2086,6,-3.8132584,3.7546113,-0.40839794,-3.0178487,-2.5215352,-5.1425886,-2.3540008,0.7786729,0.00048187425,0.9324332,0.014509278,0.0010675193,0.0017535654,0.00012753019,0.0020733909,0.04755368,1,6.17857,0.9979266,False,0.4437141,Test
2087,6,-4.321433,67.59043,-48.74285,-14.554153,-25.067305,5.8006253,-10.716994,-51.94,5.8758913e-32,1.0,0.0,2.113782e-36,5.7445e-41,1.46227165e-27,9.806563e-35,0.0,1,78.30743,1.0,False,1.3035864e-25,Test
2088,4,-4.693189,8.488855,-1.2814115,-4.36767,-3.1971724,-3.7642908,-4.415111,-4.1959677,1.8839775e-06,0.99991965,5.712053e-05,2.6088378e-06,8.409842e-06,4.769703e-06,2.4879605e-06,3.0975366e-06,1,11.686108,0.9999916,False,0.0013343865,Test
2089,4,-6.5597587,63.883385,-43.764053,-15.331406,-23.216227,3.3334327,-11.759775,-46.591213,2.5522928e-31,1.0,0.0,3.9577982e-35,1.4897736e-38,5.0523024e-27,1.4079716e-33,0.0,1,87.09961,1.0,False,4.4137054e-25,Test
2090,6,-0.8959687,14.604038,-10.672424,-3.3037994,-6.7672524,-0.967747,-1.1585555,-12.207646,1.8553781e-07,0.9999995,1.0533473e-11,1.670033e-08,5.230779e-10,1.7268695e-07,1.4268953e-07,2.2689949e-12,1,15.762594,0.9999999,False,1.2409268e-05,Test
2091,6,1.785314,-1.2874477,-0.9332232,0.09706859,-2.436625,-3.11537,-2.2607524,-5.0515795,0.7475048,0.03460434,0.049313784,0.13817145,0.010966022,0.005562551,0.013074639,0.0008023961,0,4.337081,0.98692536,False,1.2935479,Test
2092,4,-5.1784844,26.138424,-13.139368,-7.989579,-9.148639,-1.9181722,-7.2007856,-19.176586,2.507493e-14,1.0,8.7472365e-18,1.5079848e-15,4.731763e-16,6.5339357e-13,3.318676e-15,2.0890131e-20,1,35.287064,1.0,False,2.7838842e-11,Test
2093,4,-3.6191077,9.77688,-6.291785,-3.256298,-4.8355637,-2.2013412,-1.969026,-4.379034,1.5212051e-06,0.9999808,1.05065304e-07,2.186524e-06,4.5070036e-07,6.279369e-06,7.921539e-06,7.114694e-07,1,14.612463,0.9999995,False,0.00036741863,Test
2094,1,-5.596882,88.73127,-62.86845,-19.185255,-32.22187,8.709536,-14.805376,-70.32997,1.081e-41,1.0,0.0,0.0,0.0,1.7660442e-35,1e-45,0.0,1,-0.0,0.0,True,2.038846e-33,Test
2095,4,-5.2240887,27.800043,-17.47081,-7.762486,-10.49386,-1.0418068,-6.1240582,-18.310593,4.5478046e-15,1.0,2.1833288e-20,3.5924377e-16,2.339748e-17,2.9795011e-13,1.849053e-15,9.427709e-21,1,38.293903,1.0,False,1.2724599e-11,Test
2096,6,-2.2785325,4.872046,-2.6703386,-1.9421444,-3.1504962,-3.709377,-0.1974335,-2.4960244,0.000776763,0.99025106,0.0005249638,0.0010873767,0.00032478772,0.00018572944,0.0062244125,0.00062493223,1,5.079276,0.9937756,False,0.09677406,Test
2097,6,-3.6758208,46.21923,-33.06355,-10.389718,-17.36995,3.80549,-7.5891657,-35.003525,2.1421756e-22,1.0,3.6976681e-35,2.600437e-25,2.4186334e-28,3.8014202e-19,4.27869e-24,5.3138038e-36,1,53.808395,1.0,False,2.32767e-17,Test
2098,6,-1.674023,-0.60253745,0.018947735,-0.6252382,-1.8693666,-5.3637257,1.3640642,-0.17680903,0.026047397,0.07605096,0.14158338,0.07434399,0.02142534,0.0006506492,0.5434867,0.116411574,6,0.60975,0.4565133,True,2.0627875,Test
2099,6,-3.792197,26.971182,-18.56068,-6.828396,-10.685162,-0.35623646,-4.9032335,-17.584152,4.3614875e-14,1.0,1.6817611e-20,2.0942606e-15,4.4264817e-17,1.3547296e-12,1.4358757e-14,4.4654315e-20,1,31.874416,1.0,False,5.6110932e-11,Test
2100,4,-4.9913974,16.006428,-8.597831,-5.52351,-6.302997,-2.7522953,-4.6538424,-8.747228,7.599066e-10,1.0,2.0630317e-11,4.4634108e-10,2.0471029e-10,7.1316566e-09,1.0650216e-09,1.7767423e-11,1,22.309425,1.0,False,2.69589e-07,Test
2101,4,-3.5037594,56.181183,-39.98276,-12.120234,-20.636276,4.773881,-9.028513,-43.31249,1.199936e-26,1.0,1.724e-42,2.1730644e-30,4.3511236e-34,4.721631e-23,4.7839847e-29,6.2e-44,1,76.81746,1.0,False,3.5028385e-21,Test
2102,6,-3.8367224,1.7420304,-1.3860004,-0.68672645,-2.8854487,-4.6366057,1.3557557,-1.4440384,0.0020219632,0.53529686,0.023448128,0.047184467,0.0052348715,0.0009086322,0.36377907,0.022125985,1,1.0112085,0.63622093,False,1.5367495,Test
2103,6,-1.9956534,10.544774,-7.7069077,-2.9734752,-5.27796,-1.5587686,-1.139853,-6.7207537,3.5789315e-06,0.9999809,1.18409575e-08,1.346141e-06,1.3435867e-07,5.539749e-06,8.42214e-06,3.1744488e-08,1,11.684647,0.9999916,False,0.00036139908,Test
2104,1,-4.9988623,58.59244,-40.50784,-13.44727,-21.478422,3.5918267,-10.256206,-44.676243,2.4134996e-28,1.0,9.1e-44,5.17072e-32,1.6813827e-35,1.2987836e-24,1.2572222e-30,1e-45,1,-0.0,0.0,True,1.030796e-22,Test
2105,6,-4.084507,1.7447028,0.49597478,-2.1720777,-2.063077,-4.956552,-1.5526286,2.028237,0.0010898692,0.3706535,0.10632917,0.0073778885,0.008227545,0.00045566977,0.013707404,0.49215907,7,4.2898192,0.9862926,False,1.587759,Test
2106,6,-3.1819084,1.575052,0.8361953,-2.134942,-1.9632641,-4.855475,-1.8397987,0.66498375,0.0043463013,0.50587296,0.24163513,0.01238259,0.014701791,0.00081526575,0.01663377,0.20361222,1,4.0963206,0.98336625,False,1.7687197,Test
2107,1,-6.094708,51.004505,-35.25392,-12.454113,-19.162212,1.7693225,-9.145628,-36.606308,1.5926745e-25,1.0,3.4549594e-38,2.7559562e-28,3.3649744e-31,4.1441113e-22,7.5358095e-27,8.935296e-39,1,-0.0,0.0,True,2.9449985e-20,Test
2108,5,-6.164565,67.333084,-46.87396,-15.643969,-24.588442,4.222944,-11.780322,-49.964756,1.2033061e-32,1.0,0.0,9.194428e-37,1.19947e-40,3.904934e-28,4.3801147e-35,0.0,1,63.11014,1.0,False,3.555519e-26,Test
2109,6,-2.5724378,-1.3764458,0.41825157,-0.69366246,-1.5765921,-4.6214757,1.1246101,1.0356716,0.009024303,0.029841896,0.17957817,0.05906842,0.0244289,0.001162861,0.36393273,0.33296272,6,1.0107862,0.6360673,True,2.099579,Test
2110,4,-5.078394,30.598652,-19.82816,-8.687175,-11.303832,-0.60843384,-7.044915,-19.242308,3.2037237e-16,1.0,1.2586765e-22,8.6772446e-18,6.338435e-19,2.7985592e-14,4.4833944e-17,2.2612424e-22,1,41.902485,1.0,False,1.279431e-12,Test
2111,6,-2.3102515,17.768356,-12.296358,-4.165373,-7.5631423,-1.2478207,-2.2443073,-12.738764,1.905336e-09,1.0,8.771228e-14,2.9805913e-10,9.969416e-12,5.5128933e-09,2.035218e-09,5.6354173e-14,1,20.012663,1.0,False,2.7499965e-07,Test
2112,6,-0.29419667,3.260599,-1.8990095,-1.6968993,-2.6725144,-3.6035995,-0.80803394,-2.4110396,0.026827361,0.93843895,0.005390345,0.0065976907,0.0024870685,0.0009802175,0.016048009,0.003230314,1,4.1321707,0.983952,False,0.46818691,Test
2113,6,-3.1963935,36.854782,-25.540125,-8.691002,-13.875381,1.2820772,-6.368821,-27.03259,4.0364172e-18,1.0,7.984303e-28,1.6585071e-20,9.293299e-23,3.556074e-16,1.6913287e-19,1.7950049e-28,1,43.223602,1.0,False,1.8494848e-14,Test
2114,6,-4.065478,-0.05402255,0.14303935,-0.78410053,-2.0232306,-5.247674,1.6287895,-0.3050737,0.0020070826,0.11084551,0.13498981,0.05341329,0.015470415,0.0006153808,0.5964226,0.086235866,6,0.51680577,0.4035774,True,1.8346847,Test
2115,4,-3.7942302,65.31558,-46.77148,-14.034312,-23.901178,5.715426,-10.686498,-50.42903,9.682576e-31,1.0,0.0,3.4576412e-35,1.793305e-39,1.3061156e-26,9.833651e-34,0.0,1,89.21676,1.0,False,1.1231582e-24,Test
2116,4,-3.1402752,55.43302,-38.928425,-11.920288,-20.198553,5.311742,-9.207175,-44.741158,3.6470436e-26,1.0,1.0455e-41,5.608275e-30,1.4243728e-33,1.7084583e-22,8.455101e-29,3.1e-44,1,75.63158,1.0,False,1.23569054e-20,Test
2117,6,-5.422713,-0.8671367,0.8576083,-0.98784745,-2.120777,-4.7168245,0.5096466,3.3715143,0.00012958814,0.012331813,0.06919493,0.0109295705,0.003520286,0.00026249973,0.048860338,0.854771,7,3.0187893,0.9511397,False,0.85583055,Test
2118,6,-4.0060043,42.106586,-29.385065,-9.8439045,-15.798757,1.9660538,-7.253555,-30.08489,9.409278e-21,1.0,8.944775e-32,2.742759e-23,7.1126177e-26,3.691372e-18,3.6573187e-22,4.4426366e-32,1,49.36014,1.0,False,2.1442344e-16,Test
2119,6,-4.896135,91.05632,-65.30921,-19.566463,-33.231575,8.930707,-14.817228,-71.94574,2.13e-42,1.0,0.0,0.0,0.0,2.1542724e-36,0.0,0.0,1,105.87355,1.0,False,2.5524326e-34,Test
2120,6,-4.2438436,4.396547,-1.464776,-2.3411474,-2.8886764,-4.09589,-1.485442,-0.4160529,0.00017403053,0.98423624,0.0028025873,0.0011666911,0.0006747878,0.00020178118,0.0027452633,0.007998599,1,5.897878,0.9972547,False,0.14852819,Test
2121,4,-5.4368877,29.413027,-17.737522,-8.520473,-10.657113,-1.0976635,-7.1922097,-19.477097,7.3261267e-16,1.0,3.3325445e-21,3.354988e-17,3.9605813e-18,5.6153314e-14,1.2663332e-16,5.8518076e-22,1,40.07014,1.0,False,2.5173225e-12,Test
2122,6,-2.5841312,36.182247,-25.145311,-8.487555,-13.768705,1.2688078,-6.1965013,-26.865347,1.45873e-17,1.0,2.3215547e-27,3.9824695e-20,2.0257124e-22,6.8752e-16,3.936795e-19,4.1569864e-28,1,42.37875,1.0,False,3.5472493e-14,Test
2123,4,-4.528611,15.629607,-8.351415,-5.0956883,-6.1137953,-1.1926262,-4.7792554,-11.003946,1.7595313e-09,1.0,3.8474637e-11,9.979719e-10,3.6054568e-10,4.945349e-08,1.3694412e-09,2.7114094e-12,1,21.743402,1.0,False,1.3342817e-06,Test
2124,6,-3.323479,12.169262,-8.391394,-3.8123689,-5.6648197,-1.7353349,-2.2992077,-7.5109344,1.8689059e-07,0.9999982,1.176576e-09,1.1462131e-07,1.7978605e-08,9.1476545e-07,5.205024e-07,2.8379084e-09,1,14.468472,0.99999946,False,3.9106864e-05,Test
2125,6,-4.07399,63.97521,-45.35265,-14.123698,-23.458576,4.963738,-10.655361,-49.608894,2.7964715e-30,1.0,0.0,1.2080236e-34,1.0665711e-38,2.3531188e-26,3.8757478e-33,0.0,1,74.63057,1.0,False,2.0036158e-24,Test
2126,4,-3.079049,51.944576,-37.425854,-11.223764,-19.442146,4.366453,-8.148101,-40.421936,1.2692393e-24,1.0,1.537855e-39,3.6841506e-28,9.934407e-32,2.1731158e-21,7.981445e-27,7.6865e-41,1,71.38672,1.0,False,1.4926572e-19,Test
2127,6,-0.12354426,-0.9351223,0.35838544,-1.5681577,-1.4100716,-6.1093206,1.1845448,-1.1763337,0.13113046,0.05824246,0.2123259,0.030925443,0.03622195,0.00032969625,0.48506442,0.045759674,6,0.72347355,0.5149356,True,2.1401255,Test
2128,4,-3.8361585,4.4868546,-1.4626932,-2.3786492,-2.6823442,-3.9166348,-1.9583975,-0.051004373,0.00023876301,0.98311836,0.0025630083,0.0010255467,0.0007569414,0.0002203012,0.0015612356,0.010515713,1,7.186225,0.9992431,False,0.15344773,Test
2129,5,-5.353393,81.359955,-57.43723,-17.753828,-29.490015,6.7380743,-13.625226,-62.717407,2.1921552e-38,1.0,0.0,9e-44,0.0,3.9095745e-33,5.604e-42,0.0,1,74.62188,1.0,False,4.2089426e-31,Test
2130,4,-5.619402,65.221176,-44.69514,-15.228884,-23.47881,4.0176644,-12.0304985,-49.439873,1.7152549e-31,1.0,0.0,1.1507573e-35,3.006682e-39,2.6281685e-27,2.8185278e-34,0.0,1,88.69998,1.0,False,2.320796e-25,Test
2131,6,-3.1850173,22.382524,-14.447605,-5.9854865,-8.9595,-1.2362801,-4.357657,-16.209558,7.873322e-12,1.0,1.0112933e-16,4.7855204e-13,2.4452945e-14,5.5269223e-11,2.4371763e-12,1.736486e-17,1,26.740181,1.0,False,2.2884192e-09,Test
2132,1,-4.9656887,88.6087,-62.727062,-18.933655,-31.892841,8.605459,-14.763526,-70.80797,2.297e-41,1.0,0.0,0.0,0.0,1.7990086e-35,1e-45,0.0,1,-0.0,0.0,True,2.0764237e-33,Test
2133,6,-3.6735177,67.87789,-49.04724,-14.525934,-25.131931,6.8320966,-10.667025,-53.882713,8.4259494e-32,1.0,0.0,1.6310754e-36,4.0397e-41,3.0771446e-27,7.733519e-35,0.0,1,78.544914,1.0,False,2.7101425e-25,Test
2134,4,-4.999731,56.209885,-38.752934,-12.645823,-20.26788,4.0441203,-10.467395,-43.881405,2.6121663e-27,1.0,5.73e-42,1.248381e-30,6.1112124e-34,2.2115491e-23,1.1026221e-29,3.4e-44,1,76.47777,1.0,False,1.6646279e-21,Test
2135,6,-0.81618,-0.7515409,-1.335161,-0.5166494,-2.1266606,-5.1532416,2.7682636,-1.557491,0.02450759,0.02614406,0.014585122,0.033066258,0.0066094627,0.00032043413,0.8830894,0.011677592,6,0.12432878,0.11691058,True,0.8051263,Test
2136,6,-1.876503,2.971102,-1.6158378,-1.6216122,-2.604347,-4.224537,0.08337869,-1.3487482,0.0071227597,0.90768737,0.009243866,0.009190641,0.0034399298,0.00068062847,0.05056081,0.012073948,1,2.9845784,0.94943917,False,0.63223886,Test
2137,6,-5.07569,-1.7270174,5.5480886,-2.4501548,-0.5078229,-6.5449047,-2.0349803,2.010001,2.3553725e-05,0.0006704548,0.96807253,0.00032532314,0.0022691276,5.419857e-06,0.0004927458,0.02814077,2,7.615517,0.99950725,False,0.22691615,Test
2138,4,-6.2508726,43.75668,-27.955479,-11.371974,-15.845496,0.43831906,-9.227598,-31.201311,1.9142367e-22,1.0,7.1747273e-32,1.142693e-24,1.3034776e-26,1.5384223e-19,9.754868e-24,2.7935564e-33,1,59.602177,1.0,False,9.6290466e-18,Test
2139,4,-5.7806015,50.10081,-33.989315,-12.404981,-18.32824,1.6217167,-9.712827,-35.86582,5.382833e-25,1.0,3.0208022e-37,7.1462796e-28,1.9126815e-30,8.826659e-22,1.05503675e-26,4.6255926e-38,1,68.42905,1.0,False,6.177851e-20,Test
2140,4,-4.3707714,44.856102,-31.353897,-10.126514,-16.648155,3.1096237,-7.876034,-33.885796,4.1786856e-22,1.0,7.98763e-34,1.3223703e-24,1.9455415e-27,7.4085723e-19,1.2552332e-23,6.3507994e-35,1,61.504257,1.0,False,4.465067e-17,Test
2141,5,-5.864076,53.469757,-37.175743,-12.853694,-19.778002,2.542731,-9.685563,-38.273247,1.7046856e-26,1.0,4.29694e-40,1.5706971e-29,1.5449105e-32,7.632628e-23,3.7324445e-28,1.4339e-40,1,50.927025,1.0,False,5.6093516e-21,Test
2142,6,-4.6978993,-1.9022635,1.1743078,-0.55233306,-1.5678422,-4.9079375,1.4347563,1.2532072,0.00076682406,0.012555237,0.2722469,0.048427526,0.017541321,0.00062155176,0.35324356,0.29459712,6,1.0405976,0.6467564,True,1.968455,Test
2143,6,-2.7353802,27.08356,-19.084246,-6.613249,-10.652742,0.3063384,-4.5607142,-19.201437,1.1214978e-13,1.0,8.903803e-21,2.3209313e-15,4.086306e-17,2.3485532e-12,1.8074475e-14,7.919206e-21,1,31.644276,1.0,False,9.649266e-11,Test
2144,6,-2.5996072,2.1756048,-0.48118028,-1.2835251,-2.3296287,-3.92524,0.045384258,-1.9281082,0.0067024855,0.7944823,0.055751573,0.024992127,0.008779829,0.0017804138,0.0943933,0.013117899,1,2.3602853,0.9056067,False,1.156997,Test
2145,6,-0.641086,0.32715526,0.53918636,-1.4355997,-1.7892619,-5.31757,-0.28383103,-0.6524475,0.09915717,0.26111147,0.32278243,0.044799298,0.031454127,0.0009233211,0.14173529,0.09803696,2,1.9537941,0.8582647,False,2.4580114,Test
2146,6,-1.4763595,0.2607622,1.182576,-1.8204474,-1.4720407,-4.612667,-0.6129179,-0.68240196,0.03662718,0.2080779,0.5230757,0.025963789,0.036785718,0.0015911913,0.08685433,0.08102424,2,2.443523,0.91314566,False,2.0617924,Test
2147,6,-4.6864896,21.49742,-14.537815,-6.1180544,-8.844066,-1.3729494,-4.374597,-11.593855,4.2508232e-12,1.0,2.239223e-16,1.0156679e-12,6.650601e-14,1.168221e-10,5.806652e-12,4.252479e-15,1,25.872017,1.0,False,4.2754444e-09,Test
2148,6,-4.409249,0.5331768,1.6904126,-1.8470454,-1.5517076,-4.7038536,-0.584413,0.56859666,0.0012361996,0.17320351,0.5509826,0.016026527,0.02153292,0.0009207535,0.056649186,0.17944832,2,2.8708777,0.9433508,False,1.8273143,Test
2149,5,-6.7105274,63.18936,-43.426422,-15.097989,-23.168436,3.417102,-11.648008,-46.86693,4.3940477e-31,1.0,0.0,1.0005398e-34,3.1281376e-38,1.09960785e-26,3.151682e-33,0.0,1,59.77226,1.0,False,9.482711e-25,Test
2150,6,-5.2855177,27.513178,-16.004272,-7.9879317,-10.104563,-1.2420799,-6.688174,-19.506285,5.6978094e-15,1.0,1.2607016e-19,3.8200037e-16,4.6006886e-17,3.2490013e-13,1.4013348e-15,3.7993286e-21,1,34.20135,1.0,False,1.3839331e-11,Test
2151,6,-2.8330472,47.503082,-34.416462,-10.266113,-18.072895,3.6213558,-7.2731447,-37.11968,1.3781525e-22,1.0,2.6472541e-36,8.1499913e-26,3.3167794e-29,8.7580785e-20,1.6255011e-24,1.7733874e-37,1,54.776226,1.0,False,5.554703e-18,Test
2152,6,-4.638365,27.64744,-18.889452,-7.166436,-11.039559,-0.4790536,-4.9907002,-17.996737,9.515972e-15,1.0,6.1558018e-21,7.5949564e-16,1.5792441e-17,6.09283e-13,6.69014e-15,1.5030936e-20,1,32.63814,1.0,False,2.5520745e-11,Test
2153,6,-3.2529013,0.48468617,1.0168117,-1.1370467,-1.727402,-4.7040167,-0.27276683,1.2003857,0.004287697,0.18006851,0.30657515,0.035573628,0.019712424,0.0010046454,0.08442675,0.36835122,7,2.471871,0.91557324,False,2.1267302,Test
2154,6,-4.5408235,-2.6902404,2.0084927,-0.5655407,-1.3002417,-6.664638,1.6725488,2.358768,0.00043930652,0.0027955398,0.30697253,0.023399739,0.011223658,5.252992e-05,0.21938199,0.43573472,7,1.5169408,0.780618,False,1.7541816,Test
2155,6,-2.9424412,3.2336044,-1.4516788,-1.7800193,-2.8333979,-3.7320812,-0.06686954,-1.1542717,0.0019417208,0.9341342,0.00862217,0.0062089786,0.0021654274,0.0008815569,0.034437504,0.011608575,1,3.3686092,0.9655625,False,0.48406687,Test
2156,6,-1.3322469,1.3718538,-0.7764594,-1.4297612,-2.3319657,-4.454861,-0.14194313,-0.6459502,0.041190024,0.6154149,0.07180711,0.03736303,0.015157223,0.0018140859,0.13543607,0.08181761,1,1.9992555,0.86456394,False,1.8648362,Test
2157,6,-3.0612082,21.054958,-13.660799,-5.50723,-8.289949,-0.77315634,-4.083209,-14.25294,3.3611024e-11,1.0,8.3779415e-16,2.9119819e-12,1.8016419e-13,3.3126069e-10,1.2095733e-11,4.634193e-16,1,25.138168,1.0,False,1.2159194e-08,Test
2158,6,-0.225533,3.550687,-2.1000798,-1.8163848,-3.0921144,-2.773821,-0.34218532,-5.1488643,0.021720156,0.9481007,0.0033324037,0.0044255233,0.001235727,0.0016988516,0.01932865,0.00015801095,1,3.946167,0.98067135,False,0.3945325,Test
2159,6,-3.5134206,0.024053965,3.0546615,-1.9885948,-1.1615689,-5.3581314,-1.3111392,0.77778846,0.0011837953,0.040698856,0.8428656,0.0054387604,0.0124357715,0.00018712365,0.010708166,0.08648183,2,4.5367484,0.98929185,False,0.9047985,Test
2160,4,-4.9016957,0.020402007,3.9283302,-2.140744,-0.93872607,-5.200075,-2.6274533,1.5997355,0.0001295381,0.01778432,0.88558227,0.0020486298,0.006815429,9.611977e-05,0.0012591816,0.08628456,2,4.9885664,0.99318457,False,0.6460563,Test
2161,6,-3.791494,41.340164,-27.709532,-10.045281,-15.161321,1.4075395,-7.844975,-30.361286,2.5094038e-20,1.0,1.0282465e-30,4.8259737e-23,2.8954582e-25,4.544451e-18,4.3567806e-22,7.251994e-32,1,49.18514,1.0,False,2.6347693e-16,Test
2162,6,-5.3689556,105.00628,-74.17879,-22.443167,-37.565247,11.431747,-17.884237,-85.22487,0.0,1.0,0.0,0.0,0.0,2.2967e-41,0.0,0.0,1,122.89052,1.0,False,3.10057e-39,Test
2163,6,-3.6829891,-1.830203,1.6779475,-0.85876626,-1.2644309,-4.829692,1.0214679,0.564398,0.002330688,0.01486411,0.4962601,0.039267074,0.026172824,0.00074041885,0.25739726,0.16296749,2,1.3571347,0.7426027,False,1.8714377,Test
2164,6,-2.3114932,45.635452,-30.0351,-10.7808275,-16.655573,1.0172977,-8.20014,-36.196373,1.5028176e-21,1.0,1.3699208e-33,3.1529814e-25,8.85834e-28,4.1935407e-20,4.163883e-24,2.8899468e-36,1,53.835594,1.0,False,2.8037016e-18,Test
2165,4,-5.154175,32.730602,-19.951063,-8.769442,-11.979427,-0.5367707,-7.085839,-23.658676,3.522495e-17,1.0,1.3202137e-23,9.478925e-19,3.8254354e-20,3.5658562e-15,5.1043397e-18,3.239273e-25,1,44.71003,1.0,False,1.7341979e-13,Test
2166,6,-4.093998,5.2162704,-2.6827786,-2.5029275,-3.3025312,-3.8295054,-1.439702,-0.42890212,8.9946596e-05,0.99399203,0.00036886684,0.00044154777,0.0001984789,0.00011717964,0.0012785885,0.003513303,1,6.6619987,0.9987214,False,0.063882224,Test
2167,6,-4.2410617,24.957008,-16.721258,-6.827994,-9.90428,-0.76365274,-4.850708,-15.374836,2.0865994e-13,1.0,7.931549e-19,1.5701789e-14,7.243261e-16,6.75552e-12,1.1341572e-13,3.0486149e-18,1,29.807716,1.0,False,2.6510108e-10,Test
2168,4,-4.4254727,78.21328,-54.339405,-16.84319,-27.97572,7.6170254,-13.102987,-63.261818,1.2895684e-36,1.0,0.0,5.218e-42,0.0,2.1899648e-31,2.1971e-40,0.0,1,106.188995,1.0,False,2.2304696e-29,Test
2169,6,-4.266457,24.492924,-16.20821,-6.77314,-9.615548,-1.0156316,-5.1132946,-14.633097,3.235637e-13,1.0,2.1072798e-18,2.6382811e-14,1.5377272e-15,8.3517126e-12,1.3873395e-13,1.0180858e-17,1,29.606218,1.0,False,3.2796904e-10,Test
2170,0,-5.7496624,0.32325816,-2.0897422,-1.1498822,-1.9718977,-1.7523856,-1.575328,3.682993,7.56082e-05,0.03280989,0.0029380019,0.007520177,0.0033054557,0.0041168416,0.004914274,0.9443198,7,9.489945,0.9999244,False,0.4161453,Test
2171,6,-2.4258986,0.74102795,-0.13195595,-1.4227712,-2.2546804,-5.16764,-0.24614632,1.5349245,0.010002901,0.23741308,0.09916822,0.02727587,0.011870938,0.00064476684,0.08846679,0.52515745,7,2.425128,0.91153324,False,1.9115809,Test
2172,4,-5.5849886,45.116554,-30.598192,-11.29585,-16.651201,1.4044766,-8.759605,-31.003178,9.5631317e-23,1.0,1.3107028e-33,3.1652252e-25,1.494877e-27,1.0377332e-19,3.9983533e-24,8.742162e-34,1,61.767754,1.0,False,6.551609e-18,Test
2173,6,-5.158805,76.8465,-55.00596,-16.953135,-28.176294,6.48918,-12.481322,-58.409916,2.4296833e-36,1.0,0.0,1.8337e-41,0.0,2.781034e-31,1.604799e-39,0.0,1,89.32782,1.0,False,2.8228933e-29,Test
2174,1,-4.8558993,60.52159,-41.7471,-14.068357,-21.865782,4.5902286,-11.105418,-45.3716,4.0449958e-29,1.0,4e-45,4.0364173e-33,1.6581267e-36,5.120567e-25,7.812433e-32,0.0,1,-0.0,0.0,True,4.1322655e-23,Test
2175,4,-3.7925873,60.657852,-42.950455,-12.966983,-22.234959,5.9214454,-9.790911,-48.191338,1.0221856e-28,1.0,1e-45,1.0595993e-32,1.00025635e-36,1.691531e-24,2.5380014e-31,0.0,1,82.89281,1.0,False,1.3358625e-22,Test
2176,6,-4.0086365,34.514,-23.837107,-8.210635,-13.185742,0.8546731,-6.0431824,-24.401411,1.8613652e-17,1.0,4.5544632e-26,2.7856486e-19,1.9242679e-21,2.409569e-15,2.4335457e-18,2.5903668e-26,1,40.557182,1.0,False,1.182032e-13,Test
2177,1,-5.2561383,83.61186,-59.29287,-18.580397,-30.31566,8.028284,-14.314322,-64.67929,2.541653e-39,1.0,0.0,4e-45,0.0,1.4944049e-33,2.96e-43,0.0,1,-0.0,0.0,True,1.6295628e-31,Test
2178,6,-2.507971,25.731096,-18.264782,-5.850213,-10.383063,0.13118485,-3.4030373,-18.665781,5.4441364e-13,1.0,7.813256e-20,1.9249135e-14,2.0692844e-16,7.622546e-12,2.224366e-13,5.232162e-20,1,29.134134,1.0,False,3.1393924e-10,Test
2179,5,-5.5417337,73.09582,-51.96672,-16.656225,-26.618612,5.793941,-12.706932,-54.350395,7.049297e-35,1.0,0.0,1.049983e-39,4.9e-44,5.9042527e-30,5.449282e-38,0.0,1,67.30188,1.0,False,5.732878e-28,Test
2180,6,-2.5589135,2.6080317,-2.1004543,-0.9455497,-3.0413756,-4.575211,1.6924155,-2.9282515,0.003927423,0.68878484,0.006211751,0.019714363,0.0024242485,0.00052292674,0.27569982,0.0027146023,1,1.2884426,0.72430015,False,1.1214639,Test
2181,6,-2.9549525,0.48628578,0.23943093,-1.1214658,-1.8567591,-4.9690704,0.32195127,0.88676,0.0071886904,0.22447115,0.17536901,0.04497,0.021557039,0.000959245,0.1904544,0.33503047,7,1.6583426,0.80954564,False,2.289855,Test
2182,6,-2.75104,18.369467,-13.080887,-4.361033,-7.7812724,-0.57900655,-2.5761476,-12.607259,6.721724e-10,1.0,2.1942443e-14,1.3435988e-10,4.394182e-12,5.899059e-09,8.0063667e-10,3.523535e-14,1,20.945614,1.0,False,2.1051137e-07,Test
2183,4,-4.2026157,28.274778,-17.629274,-7.739749,-10.456881,-0.37605742,-6.1624627,-19.495325,7.856823e-15,1.0,1.1591061e-20,2.286072e-16,1.5102688e-17,3.6066205e-13,1.1068695e-15,1.7935259e-21,1,38.73166,1.0,False,1.5343601e-11,Test
2184,6,-7.434586,125.451004,-90.2204,-26.329506,-45.09633,14.501463,-21.166046,-101.164185,0.0,1.0,0.0,0.0,0.0,0.0,0.0,0.0,1,146.61705,1.0,False,0.0,Test
2185,4,-4.7669888,66.047905,-45.852955,-14.589726,-23.862762,5.683477,-11.395071,-51.39971,1.7598741e-31,1.0,0.0,9.5393856e-36,8.95969e-40,6.0822096e-27,2.3277805e-34,0.0,1,89.91067,1.0,False,5.297022e-25,Test
2186,6,-2.0983157,12.562948,-8.335797,-3.405424,-5.590381,-2.2766688,-1.9811727,-7.834335,4.2923304e-07,0.99999857,8.390524e-10,1.1615112e-07,1.30649696e-08,3.591168e-07,4.825785e-07,1.3853888e-09,1,14.544122,0.9999995,False,3.1955053e-05,Test
2187,6,-3.5164075,16.700823,-9.932483,-5.2126145,-6.797378,-2.429119,-4.052266,-10.393835,1.6587031e-09,1.0,2.7120819e-12,3.0416925e-10,6.23535e-11,4.9200755e-09,9.706163e-10,1.7097775e-12,1,20.75309,1.0,False,2.2512907e-07,Test
2188,1,-5.284374,64.34812,-44.70491,-14.879007,-23.211058,4.438781,-11.583818,-48.633057,5.741071e-31,1.0,0.0,3.909272e-35,9.408724e-39,9.587476e-27,1.05481975e-33,0.0,1,-0.0,0.0,True,8.287121e-25,Test
2189,6,-3.9539788,50.276493,-35.745216,-11.374917,-18.644617,3.1662488,-8.508591,-37.270763,2.805466e-24,1.0,4.377686e-38,1.679319e-27,1.1693414e-30,3.46961e-21,2.9509542e-26,9.521593e-39,1,58.785084,1.0,False,2.3603666e-19,Test
2190,6,-1.8625889,5.558143,-2.5794022,-2.612974,-3.3065908,-4.2079916,-1.3426857,-2.590427,0.0005971173,0.9973386,0.00029157582,0.0002819497,0.00014090865,5.7209007e-05,0.0010042706,0.000288379,1,6.903494,0.9989957,False,0.03298082,Test
2191,4,-4.7852116,34.708454,-22.98496,-8.91448,-12.939144,0.54552776,-6.9601626,-24.046686,7.048847e-18,1.0,8.7916255e-26,1.1344913e-19,2.0272672e-21,1.4562296e-15,8.0084685e-19,3.0406465e-26,1,47.6476,1.0,False,7.222977e-14,Test
2192,6,-3.488579,-0.034485407,-0.8557115,-0.731927,-2.0497262,-3.5856872,1.3187641,-0.17578605,0.0046023303,0.14556988,0.06403502,0.07247304,0.019402765,0.00417642,0.56335264,0.1263879,6,0.57384944,0.43664736,True,1.9556646,Test
2193,6,-4.1277785,76.177216,-54.729343,-16.155205,-27.920332,7.7684097,-12.372092,-61.139656,1.3304079e-35,1.0,0.0,7.9532e-41,0.0,1.95179e-30,3.495617e-39,0.0,1,88.54931,1.0,False,1.9262966e-28,Test
2194,4,-5.829758,45.564716,-29.51085,-11.565241,-16.459095,0.8753214,-9.280832,-33.050983,4.7825942e-23,1.0,2.4836741e-33,1.5444506e-25,1.1571802e-27,3.9051882e-20,1.5166314e-24,7.205024e-35,1,62.02381,1.0,False,2.5214775e-18,Test
2195,6,-3.573899,15.9501295,-10.801823,-4.5985975,-6.9464583,-1.8736888,-3.1733558,-8.180839,3.3175849e-09,1.0,2.4086538e-12,1.1906969e-09,1.13799e-10,1.8164108e-08,4.951944e-09,3.3117207e-11,1,19.123486,1.0,False,7.374499e-07,Test
2196,6,-2.3844566,-0.09203422,-1.6086618,-0.70854056,-2.177947,-3.4925582,2.1260743,-1.2276561,0.008762375,0.08673776,0.019034669,0.046823405,0.010772284,0.0028932071,0.7971142,0.027862104,6,0.22675735,0.2028858,True,1.1809207,Test
2197,1,-6.647894,45.928993,-32.03503,-11.549481,-17.616926,1.3510674,-8.134046,-31.454596,1.4660447e-23,1.0,1.3824723e-34,1.0899738e-25,2.5255562e-28,4.3656854e-20,3.316813e-24,2.4702082e-34,1,-0.0,0.0,True,2.809055e-18,Test
2198,6,-3.2517147,25.030746,-17.227146,-6.2261624,-9.985766,-0.25497863,-4.246651,-17.003202,5.2129454e-13,1.0,4.4425306e-19,2.6625463e-14,6.2018503e-16,1.0436367e-11,1.9274716e-13,5.557598e-19,1,29.277397,1.0,False,4.113581e-10,Test
2199,4,-2.4014347,33.326515,-24.60871,-7.100043,-13.333436,2.376094,-4.536124,-25.288877,3.0447245e-16,1.0,6.9032065e-26,2.7731178e-18,5.4430342e-21,3.6174555e-14,3.6013406e-17,3.4966938e-26,1,46.65995,1.0,False,1.6330899e-12,Test
2200,6,-3.5025358,4.124301,-1.8202192,-2.3892462,-2.7608957,-4.126208,-1.4393898,-0.29657415,0.0004768366,0.97872955,0.0025644277,0.0014516609,0.0010010593,0.00025557127,0.0037530344,0.011767956,1,5.585191,0.996247,False,0.190065,Test
2201,6,-3.7225244,-1.1893086,0.77903056,-0.72431964,-1.7439408,-5.7142286,1.2811232,1.8011329,0.0018843932,0.023731936,0.16989166,0.03778116,0.013628858,0.00025714925,0.28069073,0.47213417,7,1.2705019,0.7193093,False,1.8713784,Test
2202,4,-4.922198,25.704193,-15.75123,-7.3139114,-9.567043,-0.8577808,-6.0169973,-16.825125,5.001815e-14,1.0,9.911496e-19,4.575298e-15,4.807249e-16,2.912604e-12,1.6736383e-14,3.3865002e-19,1,35.271236,1.0,False,1.14831845e-10,Test
2203,6,-5.042081,60.044266,-42.398384,-13.630706,-22.281994,4.174008,-9.947547,-44.531704,5.4119974e-29,1.0,3e-45,1.00778055e-32,1.7626175e-36,5.4432103e-25,4.0081278e-31,0.0,1,69.99181,1.0,False,4.387944e-23,Test
2204,1,-4.196387,55.334717,-37.599056,-12.997641,-20.209097,2.813167,-9.809769,-42.409245,1.3994893e-26,1.0,4.3589e-41,2.106849e-30,1.5550262e-33,1.5494623e-23,5.1063366e-29,3.55e-43,1,-0.0,0.0,True,1.1752745e-21,Test
2205,6,0.5295792,5.508054,-4.1779885,-2.147341,-3.5767927,-3.1409693,-0.7448514,-4.909868,0.006818663,0.9904288,6.155004e-05,0.0004689512,0.00011228573,0.00017362021,0.0019064303,2.9605857e-05,1,6.2625227,0.99809355,False,0.0901696,Test
2206,0,-5.022624,71.00219,-50.257526,-15.890321,-25.713488,6.546266,-12.354877,-54.899166,9.612673e-34,1.0,0.0,1.8325786e-38,9.94e-43,1.0165938e-28,6.287588e-37,0.0,1,76.02481,1.0,False,9.453436e-27,Test
2207,5,-5.4585733,53.73073,-36.61269,-13.067393,-19.611975,2.463034,-10.2177105,-39.88047,1.9697604e-26,1.0,5.81238e-40,9.771151e-30,1.4049732e-32,5.4290525e-23,1.6886714e-28,2.2139e-41,1,51.267693,1.0,False,4.0172232e-21,Test
2208,6,-3.4053857,36.807407,-26.580393,-8.136505,-14.4629135,1.9220005,-5.462351,-27.830448,3.4340496e-18,1.0,2.9581985e-28,3.0276578e-20,5.414802e-23,7.0706684e-16,4.3901205e-19,8.4749283e-29,1,42.26976,1.0,False,3.5813935e-14,Test
2209,6,-1.7500497,37.934227,-27.214043,-8.293257,-14.594514,2.1713197,-5.560325,-30.124052,5.8255597e-18,1.0,5.0870496e-29,8.387993e-21,1.5383605e-23,2.9401263e-16,1.2898992e-19,2.7711762e-30,1,43.494553,1.0,False,1.5511755e-14,Test
2210,6,-4.0413594,13.791183,-8.05791,-4.2557817,-5.8454227,-2.5960112,-3.1979353,-7.534779,1.8006327e-08,0.99999976,3.243835e-10,1.4531242e-08,2.9643548e-09,7.640667e-08,4.185231e-08,5.473338e-10,1,16.989119,0.99999994,False,3.956804e-06,Test
2211,6,-2.0039945,26.668701,-19.056728,-6.052916,-10.727183,0.9113172,-4.034019,-20.387276,3.5286346e-13,1.0,1.3857926e-20,6.1543415e-15,5.743456e-17,6.5119425e-12,4.6342328e-14,3.663101e-21,1,30.70272,1.0,False,2.58927e-10,Test
2212,1,-5.459072,52.025375,-36.650116,-12.216827,-19.377193,2.6495664,-9.019113,-36.979366,1.083482e-25,1.0,3.081226e-39,1.2588263e-28,9.7781505e-32,3.6004662e-22,3.0811734e-27,2.216819e-39,1,-0.0,0.0,True,2.5656911e-20,Test
2213,6,-1.321786,0.5676133,1.2744958,-1.8149755,-1.5064918,-5.014899,-0.6657749,-0.3350221,0.036892585,0.24405903,0.4948688,0.022529405,0.030670611,0.0009184188,0.071095355,0.09896584,2,2.6437333,0.92890465,False,2.0625832,Test
2214,6,-4.3590508,64.423485,-45.713684,-14.227511,-23.612318,5.13545,-10.723939,-49.510624,1.3431546e-30,1.0,0.0,6.9551676e-35,5.841653e-39,1.7845675e-26,2.3114737e-33,0.0,1,75.14742,1.0,False,1.5265555e-24,Test
2215,4,-5.0366507,36.75837,-22.9334,-9.774438,-13.241572,0.13113454,-8.053232,-26.349548,7.057534e-19,1.0,1.191775e-26,6.181003e-21,1.9288602e-22,1.2387788e-16,3.4559664e-20,3.913628e-28,1,49.999943,1.0,False,6.5911653e-15,Test
2216,6,-1.4301465,6.5942287,-4.1695147,-2.5281997,-3.6129313,-2.7225096,-1.2074658,-3.8385406,0.00032705002,0.998978,2.1131074e-05,0.000109077555,3.6867415e-05,8.9814814e-05,0.0004086233,2.9421282e-05,1,7.8027167,0.99959135,False,0.013817223,Test
2217,0,-3.0131314,36.880325,-23.486055,-9.046607,-13.503203,2.0116773,-7.3980107,-30.702541,4.7259856e-18,1.0,6.0703648e-27,1.1328862e-20,1.3143502e-22,7.1901567e-16,5.89065e-20,4.45792e-30,1,39.893456,1.0,False,3.6446483e-14,Test
2218,0,-2.868142,8.436457,-4.0196934,-2.9383261,-3.6082776,-1.1523888,-2.856093,-6.5216346,1.2314739e-05,0.9998851,3.893255e-06,1.1480076e-05,5.8747387e-06,6.848059e-05,1.24640255e-05,3.1895792e-07,1,11.304713,0.99998766,False,0.001884286,Test
2219,6,0.57213604,18.575047,-14.0132065,-4.9571543,-8.438584,-2.1251662,-2.145809,-15.999442,1.5185716e-08,1.0,7.0323674e-15,6.0269206e-11,1.8540848e-12,1.0233211e-09,1.002413e-09,9.64917e-16,1,20.720856,1.0,False,4.570595e-07,Test
2220,6,-3.5926008,3.019827,-0.074223645,-2.141336,-2.2920015,-4.156704,-1.7377375,-0.9885061,0.0012384879,0.92179143,0.04177376,0.0052864985,0.0045471033,0.00070453883,0.0079149585,0.016743094,1,4.8390007,0.99208504,False,0.5484226,Test
2221,6,-0.95516396,7.689934,-3.8242993,-3.0735757,-3.745393,-3.679854,-2.1333692,-5.243091,0.00017593714,0.99971396,9.98408e-06,2.1151582e-05,1.0803799e-05,1.1535592e-05,5.415884e-05,2.4162073e-06,1,9.823589,0.9999458,False,0.0042813593,Test
2222,6,-0.43911278,-0.649554,0.9389099,-1.6929015,-1.3379774,-5.4932237,-0.43251443,0.009888826,0.110503584,0.08953295,0.4383732,0.031540085,0.044978436,0.0007053487,0.111235134,0.17313117,2,2.196109,0.88876486,False,2.3408148,Test
2223,6,-3.2268329,4.813794,-1.2507417,-2.660369,-2.8219087,-3.8458157,-2.0582108,-2.1342156,0.00032022834,0.9941673,0.0023102816,0.0005642502,0.00048008238,0.00017244028,0.0010303521,0.00095494266,1,6.877855,0.9989697,False,0.06568184,Test
2224,6,-1.6390525,6.655299,-2.1628306,-3.5421007,-3.005253,-4.235448,-2.7763784,-3.6339765,0.00024976674,0.9993687,0.00014793154,3.7243557e-05,6.370908e-05,1.861806e-05,8.0094025e-05,3.397425e-05,1,9.432309,0.9999199,False,0.009104291,Test
2225,6,-4.609863,-1.7920685,2.127201,-1.0673903,-1.3066322,-6.384513,1.0664296,2.2323878,0.00046485593,0.0077816388,0.3919116,0.01606182,0.012644255,7.881299e-05,0.13567534,0.43538165,7,1.9974904,0.8643247,False,1.6791142,Test
2226,6,-2.1506689,26.49799,-17.376635,-6.6009736,-10.018803,-0.4221288,-5.2505918,-20.296158,3.614478e-13,1.0,8.820475e-20,4.219901e-15,1.3834346e-16,2.0358283e-12,1.6284202e-14,4.759485e-21,1,31.74858,1.0,False,9.4960304e-11,Test
2227,6,-3.8878276,4.2421465,-2.4176893,-1.8802758,-3.0443492,-2.6859934,-1.1246188,-0.8305905,0.00028983178,0.98389554,0.0012607211,0.002157818,0.0006736962,0.0009640424,0.004594017,0.0061643515,1,5.3830004,0.995406,False,0.15539598,Test
2228,6,-3.9156117,7.776012,-4.029687,-3.2525773,-3.894699,-3.4544892,-2.303938,-2.3366158,8.362443e-06,0.99986374,7.460899e-06,1.6228762e-05,8.539161e-06,1.3261607e-05,4.1905787e-05,4.0558538e-05,1,10.080087,0.9999581,False,0.0022827068,Test
2229,6,-2.2099288,10.377747,-6.6282916,-2.7967212,-4.8871346,-2.1201642,-1.4454116,-6.3075957,3.4137756e-06,0.99998343,4.1149452e-08,1.8984275e-06,2.3471408e-07,3.7343864e-06,7.332641e-06,5.6707503e-08,1,11.823174,0.99999267,False,0.000322107,Test
2230,6,-3.1283302,11.0797615,-7.5798373,-3.1305363,-5.3716693,-1.988022,-1.0468837,-7.608251,6.753054e-07,0.99999094,7.874719e-09,6.7381745e-07,7.165232e-08,2.1121748e-06,5.4132865e-06,7.654117e-09,1,12.126654,0.9999946,False,0.00017720033,Test
2231,4,-4.1434364,21.279367,-12.94509,-6.10869,-8.218122,-1.2341114,-4.749009,-14.243411,9.09948e-12,1.0,1.3693273e-15,1.275022e-12,1.5466887e-13,1.6692454e-10,4.966144e-12,3.7381242e-16,1,29.49749,1.0,False,5.999e-09,Test
2232,6,-0.5815046,12.58758,-7.347708,-3.8335285,-5.4786243,-2.7400157,-2.4413507,-9.168378,1.908702e-06,0.9999974,2.1989406e-09,7.3858786e-08,1.4254308e-08,2.2044924e-07,2.971784e-07,3.56046e-10,1,15.028934,0.9999997,False,5.3389e-05,Test
2233,4,-4.1076155,13.273736,-7.7954283,-4.553465,-5.424694,-1.6780564,-3.530137,-5.851188,2.8273186e-08,0.9999995,7.07584e-10,1.8102744e-08,7.5748705e-09,3.2101013e-07,5.0369824e-08,4.9448254e-09,1,18.69843,1.0,False,1.0198378e-05,Test
2234,4,-5.573683,41.682716,-28.906239,-10.589692,-15.685968,1.0534638,-8.011218,-27.380848,2.9978217e-21,1.0,2.2059962e-31,1.9878419e-23,1.2164594e-25,2.2643286e-18,2.6193774e-22,1.0140829e-30,1,57.368683,1.0,False,1.329497e-16,Test
2235,6,-1.8272281,35.00637,-25.187916,-7.547209,-13.663628,1.9766468,-4.901201,-28.278318,1.0077926e-16,1.0,7.210304e-27,3.3053274e-19,7.2927e-22,4.5224427e-15,4.65975e-18,3.2795024e-28,1,39.90757,1.0,False,2.2114663e-13,Test
2236,4,-5.50724,60.026157,-40.777153,-13.983675,-21.577137,3.6871102,-10.928296,-45.588448,3.4610562e-29,1.0,1.7e-44,7.210035e-33,3.6319475e-36,3.406144e-25,1.530639e-31,0.0,1,81.603294,1.0,False,2.768845e-23,Test
2237,6,-4.8383646,52.573215,-37.17203,-12.136752,-19.640368,2.9040496,-8.819026,-38.39217,1.1653811e-25,1.0,1.057145e-39,7.885291e-29,4.3454882e-32,2.6850664e-22,2.1761452e-27,3.12058e-40,1,61.392242,1.0,False,1.9250357e-20,Test
2238,4,-6.462773,47.048325,-31.555443,-11.982685,-17.387928,1.6031705,-9.327083,-33.006207,5.760045e-24,1.0,7.2915117e-35,2.3075878e-26,1.0367945e-28,1.834092e-20,3.2845156e-25,1.7090597e-35,1,64.43625,1.0,False,1.2029681e-18,Test
2239,6,-2.6050897,19.93778,-14.829469,-4.0273495,-8.744226,0.39158368,-1.910761,-15.63356,1.6208997e-10,1.0,7.9574727e-16,3.909096e-11,3.4959297e-13,3.2448524e-09,3.2456307e-10,3.5609202e-16,1,21.848541,1.0,False,1.0837037e-07,Test
2240,4,-5.7337894,29.791687,-19.117033,-8.546918,-11.193334,-1.0189931,-6.8722644,-18.687645,3.7280562e-16,1.0,5.743967e-22,2.237463e-17,1.5864709e-18,4.1599828e-14,1.19412e-16,8.824572e-22,1,40.98502,1.0,False,1.8758844e-12,Test
2241,6,-3.7626011,4.350466,-1.9322277,-2.2672799,-3.0054796,-4.315582,-1.4398513,0.41151878,0.0002917673,0.9738603,0.0018195233,0.0013015065,0.0006220855,0.00016783395,0.0029771035,0.0189598,1,5.8168044,0.99702287,False,0.21185906,Test
2242,6,-5.919347,63.359707,-44.94066,-14.814065,-23.421179,4.1411257,-11.06064,-45.889782,8.175037e-31,1.0,0.0,1.1208848e-34,2.0489957e-38,1.912919e-26,4.7824786e-33,0.0,1,74.42035,1.0,False,1.6343722e-24,Test
2243,6,-5.1691723,31.740429,-21.217297,-8.706979,-11.960159,-0.29268256,-6.6672997,-20.013159,9.340383e-17,1.0,1.0017331e-23,2.715904e-18,1.04972535e-19,1.2251701e-14,2.0880204e-17,3.339668e-23,1,38.40773,1.0,False,5.7249604e-13,Test
2244,6,-3.6597922,61.935406,-45.118732,-13.100655,-23.188215,6.0542293,-9.508739,-49.137756,3.2536197e-29,1.0,0.0,2.5837752e-33,1.0746868e-37,5.3841063e-25,9.379981e-32,0.0,1,71.444145,1.0,False,4.340948e-23,Test
2245,1,-5.083353,46.322567,-32.342976,-11.032092,-17.34573,1.8148779,-8.290645,-33.289318,4.7281555e-23,1.0,6.8547076e-35,1.2336377e-25,2.2346527e-28,4.6833396e-20,1.9133003e-24,2.6607105e-35,1,-0.0,0.0,True,3.010888e-18,Test
2246,6,-4.0555263,42.895943,-30.272934,-9.935593,-16.278204,1.8453435,-7.140322,-31.514357,4.0666416e-21,1.0,1.6717087e-32,1.1364641e-23,1.9998334e-26,1.4857705e-18,1.8600544e-22,4.830775e-33,1,50.036266,1.0,False,8.8282274e-17,Test
2247,6,-1.5565274,13.920001,-9.092604,-3.652237,-6.0009704,-1.8359962,-2.3125439,-10.4463005,1.8994552e-07,0.99999964,1.013335e-10,2.3360032e-08,2.2306534e-09,1.4363405e-07,8.9185775e-08,2.6172738e-11,1,16.232544,0.99999994,False,1.0771204e-05,Test
2248,1,-5.015577,85.289085,-60.800964,-18.250584,-30.979076,8.143884,-14.06523,-67.730225,6.04202e-40,1.0,0.0,1e-45,0.0,3.1351922e-34,7.1e-44,0.0,1,-0.0,0.0,True,3.489383e-32,Test
2249,6,-3.940158,-1.8351239,1.8787627,-0.97301143,-1.225203,-6.1235065,1.6258607,0.8429019,0.0013134917,0.010780327,0.4421325,0.025529519,0.019838884,0.00014798268,0.34333533,0.156922,2,1.0690477,0.65666467,False,1.8015988,Test
2250,1,-5.7653313,69.41307,-48.18271,-15.658292,-25.343166,4.9153876,-11.848222,-53.490955,2.2409555e-33,1.0,0.0,1.1323364e-37,7.046e-42,9.7501925e-29,5.1129262e-36,0.0,1,-0.0,0.0,True,9.072845e-27,Test
2251,4,-5.1015224,47.28207,-32.28144,-11.243076,-17.368324,2.6472206,-8.780477,-34.86963,1.7786709e-23,1.0,2.7925946e-35,3.8269417e-26,8.369357e-29,4.1241186e-20,4.4910275e-25,2.0987889e-36,1,64.65039,1.0,False,2.6570882e-18,Test
2252,6,-0.85737276,10.423462,-7.5981493,-2.376371,-5.3178763,-2.074001,-0.29854965,-7.9190245,1.2611828e-05,0.99995875,1.4903772e-08,2.7611188e-06,1.4574898e-07,3.7359646e-06,2.2053202e-05,1.0812872e-08,1,10.722053,0.99997795,False,0.0007283968,Test
2253,6,-3.193558,26.401571,-16.893732,-6.994071,-9.952364,-0.10099736,-5.4652886,-18.887527,1.4028098e-13,1.0,1.5743042e-19,3.1365863e-15,1.6281204e-16,3.0908678e-12,1.4467677e-14,2.1438457e-20,1,31.86686,1.0,False,1.2499407e-10,Test
2254,4,-5.3800645,12.6563835,-7.8785253,-5.1077275,-5.6418157,-3.102804,-4.045182,-2.7134461,1.4684872e-08,0.9999995,1.2072645e-09,1.9281668e-08,1.13029825e-08,1.4317642e-07,5.5795912e-08,2.1133323e-07,1,18.298199,1.0,False,1.1098093e-05,Test
2255,6,-3.8201623,71.15596,-51.75313,-15.094738,-26.288555,6.889568,-11.155299,-55.77201,2.7433728e-33,1.0,0.0,3.481738e-38,4.79e-43,1.2287373e-28,1.7892686e-36,0.0,1,82.31126,1.0,False,1.1392757e-26,Test
2256,6,-2.6243522,4.6969795,-1.4549257,-3.290631,-2.6163251,-4.589434,-2.5047078,-0.54600674,0.00065478584,0.99017817,0.0021085066,0.00033630864,0.000660063,9.176463e-05,0.0007380066,0.0052325497,1,7.211558,0.999262,False,0.09918604,Test
2257,1,-4.644852,78.036934,-55.12519,-16.849674,-28.364391,7.4737997,-13.20012,-62.021538,1.2352554e-36,1.0,0.0,6.184e-42,0.0,2.2637092e-31,2.37821e-40,0.0,1,-0.0,0.0,True,2.3044952e-29,Test
2258,6,-1.2206895,11.551922,-7.0573673,-3.6445076,-5.0847397,-2.6326647,-2.1942067,-7.628523,2.8374168e-06,0.9999951,8.2810665e-09,2.513463e-07,5.9537086e-08,6.913695e-07,1.0718409e-06,4.6777457e-09,1,13.746133,0.9999989,False,0.000102031954,Test
2259,0,-4.253748,23.830397,-10.892388,-7.527703,-8.711156,-1.44528,-6.7163324,-19.661829,6.3563965e-13,1.0,8.3192786e-16,2.4063049e-14,7.368564e-15,1.05417584e-11,5.416562e-14,1.2929044e-19,1,28.084145,1.0,False,4.1402362e-10,Test
2260,6,-3.8262942,62.370613,-44.82835,-13.346471,-23.097937,5.6547494,-10.05296,-48.510445,1.782578e-29,1.0,0.0,1.30763645e-33,7.611665e-38,2.3367593e-25,3.522414e-32,0.0,1,72.42358,1.0,False,1.9121935e-23,Test
2261,4,-3.7239072,13.463019,-8.889389,-4.2607274,-5.8184958,-2.1153097,-3.0686936,-5.8581643,3.4340992e-08,0.99999976,1.9609742e-10,2.0075865e-08,4.2280908e-09,1.7156059e-07,6.6125345e-08,4.0636494e-09,1,19.281515,1.0,False,7.5508888e-06,Test
2262,6,-4.426145,-2.000861,-0.7797052,0.7875139,-2.346513,-6.217002,4.898363,-2.7329488,8.727967e-05,0.0009867355,0.0033461244,0.016038973,0.0006983709,1.4559755e-05,0.97835344,0.00047452506,6,0.021884266,0.02164656,True,0.17785813,Test
2263,6,-4.2055864,-0.15695435,1.3848544,-1.5107507,-1.7132745,-5.3908124,-0.059580304,2.00842,0.0010914039,0.06255818,0.29233655,0.016156146,0.013194193,0.00033361718,0.06895617,0.54537374,7,2.6742845,0.93104386,False,1.7050487,Test
2264,6,-5.0263157,74.7689,-52.478012,-16.902937,-27.112621,5.962945,-12.782266,-57.889812,2.2150311e-35,1.0,0.0,1.53966e-40,6e-45,1.3120605e-30,9.484471e-39,0.0,1,87.55116,1.0,False,1.3024555e-28,Test
2265,6,-4.792232,-1.9331121,0.5509303,-0.37226504,-1.9251398,-5.2176347,1.8926332,2.3650799,0.00041448866,0.007231238,0.086699896,0.034441333,0.0072891177,0.0002708711,0.331675,0.5319781,7,1.1035997,0.668325,False,1.5967604,Test
2266,1,-4.275589,54.5546,-38.511677,-12.271128,-20.199013,4.2446795,-9.423431,-41.8419,2.8208088e-26,1.0,3.818e-41,9.505052e-30,3.4270223e-33,1.414747e-22,1.6394346e-28,1.366e-42,1,-0.0,0.0,True,1.02709094e-20,Test
2267,5,-5.018678,42.187237,-29.018564,-10.244869,-15.932517,1.4957881,-7.675396,-30.914694,3.15306e-21,1.0,1.1904543e-31,1.694438e-23,5.739991e-26,2.1277892e-18,2.212757e-22,1.7874576e-32,1,40.69145,1.0,False,1.2514455e-16,Test
2268,4,-6.318905,38.870106,-24.19417,-10.6811,-13.980556,-0.2962,-8.868964,-26.93388,2.3695291e-20,1.0,4.088201e-28,3.02124e-22,1.11493364e-23,9.778891e-18,1.8500563e-21,2.6405363e-29,1,52.850662,1.0,False,5.5425124e-16,Test
2269,4,-4.9311695,24.334162,-15.769067,-6.9019194,-9.427253,-0.80632293,-5.3491187,-14.65074,1.9508691e-13,1.0,3.8316755e-18,2.718584e-14,2.175727e-15,1.2067758e-11,1.2844432e-13,1.1723909e-17,1,33.761414,1.0,False,4.5276746e-10,Test
2270,4,-5.481441,48.769184,-32.66971,-11.939636,-17.82782,1.7262868,-9.113313,-35.018578,2.7494932e-24,1.0,4.2809497e-36,4.3101692e-27,1.1947866e-29,3.7113316e-21,7.276984e-26,4.087293e-37,1,66.597,1.0,False,2.5210436e-19,Test
2271,4,-4.2136917,26.002258,-18.508467,-6.422952,-10.636375,-0.23766856,-4.234254,-16.514921,7.5401436e-14,1.0,4.6691402e-20,8.277718e-15,1.224739e-16,4.019244e-12,7.3866924e-14,3.4278571e-19,1,36.638634,1.0,False,1.5905624e-10,Test
2272,4,-2.9672024,46.02372,-34.159073,-9.727718,-17.745705,4.315143,-6.542459,-36.028706,5.2907025e-22,1.0,1.5033344e-35,6.129966e-25,2.0197186e-28,7.6947675e-19,1.481833e-23,2.3178364e-36,1,63.769424,1.0,False,4.6340104e-17,Test
2273,6,-6.646963,121.11473,-87.1599,-25.597185,-43.558815,13.431057,-19.983345,-96.3816,0.0,1.0,0.0,0.0,0.0,0.0,0.0,0.0,1,141.09808,1.0,False,0.0,Test
2274,1,-5.420138,74.59274,-52.855034,-16.503815,-27.221382,6.031306,-12.48874,-57.041138,1.7817567e-35,1.0,0.0,2.73696e-40,6e-45,1.6755028e-30,1.5170257e-38,0.0,1,-0.0,0.0,True,1.6573147e-28,Test
2275,4,-4.5945845,46.66023,-31.333273,-11.476104,-17.060555,1.4421613,-8.979796,-33.950783,5.499422e-23,1.0,1.3423119e-34,5.645614e-26,2.1203887e-28,2.3016695e-20,6.8524156e-25,9.7967984e-36,1,63.720783,1.0,False,1.5056407e-18,Test
2276,6,-2.0205634,6.700156,-2.43989,-3.0516956,-3.3402972,-4.006004,-2.044129,-4.040669,0.0001630759,0.9994247,0.00010722066,5.8153324e-05,4.3574935e-05,2.2393606e-05,0.00015927774,2.1630609e-05,1,8.744861,0.99984074,False,0.008435547,Test
2277,6,-3.782592,-0.94759077,1.0224551,-1.2242864,-1.3952826,-4.6736875,0.60924137,1.170418,0.0025856304,0.044034377,0.31577078,0.03339062,0.028142443,0.0010606413,0.20888895,0.3661267,7,1.5659525,0.79111105,False,2.0676098,Test
2278,6,-4.0093675,21.499123,-13.682469,-6.2155514,-8.384293,-1.5998992,-4.8081646,-13.267183,8.352255e-12,1.0,5.2581037e-16,9.197505e-13,1.0514719e-13,9.2944194e-11,3.757425e-12,7.9650044e-16,1,26.307287,1.0,False,3.5887038e-09,Test
2279,4,-5.7772326,-1.3277949,4.8684826,-1.5629314,-1.1232681,-5.0771217,-1.8994844,0.5520854,2.3319511e-05,0.0019956569,0.9797044,0.0015774928,0.0024485602,4.696496e-05,0.0011266895,0.013076982,2,6.012255,0.99755144,False,0.17669122,Test
2280,6,-4.687873,11.179028,-8.483272,-3.5878005,-5.749357,-1.4658,-1.8918225,-4.4642334,1.2855531e-07,0.9999939,2.8891423e-09,3.862293e-07,4.4472678e-08,3.2241735e-06,2.105713e-06,1.6077387e-07,1,13.070856,0.9999979,False,0.00012326402,Test
2281,4,-5.7894874,23.76467,-12.798462,-7.8190236,-8.592747,-2.3977368,-6.702626,-14.622102,1.461479e-13,1.0,1.3207876e-16,1.9203333e-14,8.858365e-15,4.343212e-12,5.864368e-14,2.1322428e-17,1,32.357414,1.0,False,1.7403759e-10,Test
2282,6,-1.6901625,18.610476,-12.548272,-4.9029255,-7.6159024,-1.4593993,-3.284866,-13.329158,1.525966e-09,1.0,2.9371586e-14,6.141291e-11,4.0740744e-12,1.9220459e-09,3.0972327e-10,1.3452218e-14,1,21.895342,1.0,False,1.12367225e-07,Test
2283,4,-5.0059624,27.116997,-17.74538,-7.5898585,-10.343786,-0.68893296,-5.9217925,-16.347736,1.1198919e-14,1.0,3.2848622e-20,8.4528674e-16,5.382547e-17,8.3953417e-13,4.4816378e-15,1.3289427e-19,1,37.460785,1.0,False,3.4456174e-11,Test
2284,5,-4.9294314,39.327755,-26.64404,-9.927693,-14.742295,0.5980991,-7.4967504,-27.445072,6.016556e-20,1.0,2.232615e-29,4.0609815e-22,3.2936386e-24,1.5132965e-17,4.6171707e-21,1.0021428e-29,1,38.729656,1.0,False,8.4973826e-16,Test
2285,6,0.5241668,1.4834436,-0.8200353,-1.8042768,-2.0910013,-5.185924,-0.51674557,-1.8374887,0.22262456,0.5810074,0.058048833,0.02169416,0.01628621,0.0007374151,0.07861592,0.020985488,1,2.543181,0.9213841,False,1.8057626,Test
2286,6,-1.3046297,14.604072,-8.455381,-4.454985,-6.050281,-2.6216483,-3.0141466,-11.324165,1.2329313e-07,0.9999999,9.66957e-11,5.2814912e-09,1.0713436e-09,3.3034297e-08,2.2310296e-08,5.489203e-12,1,17.618217,1.0,False,4.570328e-06,Test
2287,6,-1.6050644,4.5856047,-3.5142195,-1.7872932,-3.2656302,-3.5342965,1.0581145,-3.960919,0.0019804877,0.9668199,0.00029351935,0.0016505591,0.0003763549,0.0002876849,0.028403776,0.00018777481,1,3.5612333,0.97159624,False,0.23947239,Test
2288,4,-2.9712188,41.304436,-28.48979,-9.118893,-15.388534,3.0398145,-6.7754183,-32.598343,5.906468e-20,1.0,4.883735e-31,1.2630679e-22,2.3908693e-25,2.4092726e-17,1.3157857e-21,8.0247414e-33,1,56.69297,1.0,False,1.3338925e-15,Test
2289,1,-6.082238,79.35686,-55.29534,-17.910608,-28.653126,6.026764,-13.7802305,-60.94563,7.8392173e-38,1.0,0.0,5.72e-43,0.0,1.422804e-32,3.5569e-41,0.0,1,-0.0,0.0,True,1.5052361e-30,Test
2290,5,-5.3856955,90.71689,-65.313194,-19.334612,-33.06164,9.755964,-14.615179,-71.523186,1.833e-42,1.0,0.0,0.0,0.0,6.904277e-36,0.0,0.0,1,80.96092,1.0,False,8.064331e-34,Test
2291,6,-3.6446352,11.525514,-6.7586966,-3.928917,-5.0164127,-2.4700925,-3.0153732,-5.3468947,2.5804013e-07,0.9999981,1.14621885e-08,1.9418928e-07,6.545328e-08,8.3518853e-07,4.841414e-07,4.7033307e-08,1,14.540889,0.9999995,False,4.2672065e-05,Test
2292,5,-4.3231916,41.975502,-29.35706,-9.669525,-15.853423,1.7071701,-7.0964565,-30.20788,7.811464e-21,1.0,1.0487223e-31,3.7226283e-23,7.6774415e-26,3.248516e-18,4.87886e-22,4.478745e-32,1,40.268333,1.0,False,1.8928138e-16,Test
2293,4,-1.257296,20.239594,-14.522921,-4.47388,-8.410551,0.4876294,-2.4484544,-16.666779,4.6133847e-10,1.0,7.995263e-16,1.8495858e-11,3.6091117e-13,2.6413793e-09,1.401865e-10,9.370575e-17,1,28.650145,1.0,False,9.483959e-08,Test
2294,4,-3.5388322,24.46219,-16.868036,-6.077482,-9.622572,-0.2568242,-4.326359,-15.925812,6.907335e-13,1.0,1.1233382e-18,5.4549227e-14,1.5746197e-15,1.8393658e-11,3.1426196e-13,2.8821347e-18,1,34.084763,1.0,False,6.9939154e-10,Test
2295,6,-5.749873,68.01461,-48.31916,-15.199155,-25.154339,5.0567236,-11.245265,-51.013435,9.214953e-33,1.0,0.0,7.2563755e-37,3.4454e-41,4.5471326e-28,3.7833346e-35,0.0,1,79.25987,1.0,False,4.1302153e-26,Test
2296,6,-1.1577561,12.317602,-8.033014,-3.2297137,-5.775582,-2.436901,-1.3918158,-9.433056,1.4051577e-06,0.999997,1.451571e-09,1.7696418e-07,1.387487e-08,3.9102034e-07,1.1119212e-06,3.5793812e-10,1,13.709421,0.99999887,False,6.648982e-05,Test
2297,4,-8.223342,142.17993,-101.53666,-30.188448,-50.4609,17.727436,-24.932331,-114.92131,0.0,1.0,0.0,0.0,0.0,0.0,0.0,0.0,1,192.64084,1.0,False,0.0,Test
2298,6,-3.9859176,23.821676,-15.252382,-6.5314517,-9.228511,-1.0702902,-4.94624,-15.42162,8.3813745e-13,1.0,1.0723881e-17,6.573608e-14,4.4308446e-15,1.5472361e-11,3.2081372e-13,9.054249e-18,1,28.767916,1.0,False,6.05666e-10,Test
2299,1,-5.942387,76.35181,-53.759464,-17.20642,-27.77218,6.2084084,-13.230736,-58.09034,1.8200542e-36,1.0,0.0,2.3344e-41,0.0,3.444352e-31,1.243931e-39,0.0,1,-0.0,0.0,True,3.4855522e-29,Test
2300,0,-1.7669724,12.860822,-7.9060297,-3.6125133,-5.30435,0.19411966,-3.0557022,-11.257197,4.438416e-07,0.9999962,9.57347e-10,7.010028e-08,1.2911127e-08,3.1544193e-06,1.2233193e-07,3.3548702e-11,1,14.627798,0.9999996,False,7.727179e-05,Test
2301,6,-3.1628506,20.054567,-13.108405,-5.3707786,-8.059044,-1.368611,-4.095945,-13.794321,8.256637e-11,1.0,3.9582616e-15,9.076373e-12,6.1718274e-13,4.9662907e-10,3.247623e-11,1.9934923e-15,1,24.150513,1.0,False,1.9604766e-08,Test
2302,4,-4.677916,20.263287,-13.624492,-6.036437,-8.180119,-1.3508986,-4.599581,-10.358931,1.472901e-11,1.0,1.9174518e-15,3.785949e-12,4.4379878e-13,4.1027834e-10,1.5929197e-11,5.0227326e-14,1,28.443405,1.0,False,1.40591085e-08,Test
2303,4,-5.690416,63.77843,-44.65928,-14.772123,-23.288774,4.10839,-10.979561,-46.028664,6.761797e-31,1.0,0.0,7.690039e-35,1.5388359e-38,1.21795386e-26,3.4120472e-33,0.0,1,87.06721,1.0,False,1.0485518e-24,Test
2304,4,-4.4422445,58.594707,-39.88298,-13.173512,-21.002708,4.2047315,-10.322756,-45.668316,4.20145e-28,1.0,1.71e-43,6.7835734e-32,2.699499e-35,2.3918468e-24,1.1736137e-30,0.0,1,79.59741,1.0,False,1.8772212e-22,Test
2305,6,0.80394787,0.8962414,-0.5059936,-1.5215412,-2.2639124,-5.6122446,-0.19800064,-1.4667195,0.33525318,0.3676677,0.090463325,0.032766175,0.015596175,0.0005480952,0.12309267,0.034612633,1,2.0948176,0.87690735,False,2.174033,Test
2306,5,-6.3280053,48.24434,-33.022324,-12.002474,-17.930576,1.7938106,-9.041414,-33.37373,1.9931105e-24,1.0,5.0855377e-36,6.841361e-27,1.8222212e-29,6.711079e-21,1.3216434e-25,3.5786686e-36,1,46.450527,1.0,False,4.4990436e-19,Test
2307,1,-5.239826,54.262188,-38.034973,-12.655192,-20.079374,2.977197,-9.362839,-39.389164,1.4407996e-26,1.0,8.2385e-41,8.672625e-30,5.1745258e-33,5.335939e-23,2.3334688e-28,2.1269e-41,1,-0.0,0.0,True,3.9492462e-21,Test
2308,6,-3.06061,22.34793,-13.877055,-6.4684334,-8.500343,-1.1597451,-5.0127735,-14.565526,9.2301965e-12,1.0,1.8522006e-16,3.0564125e-13,4.006496e-14,6.176556e-11,1.3103793e-12,9.30443e-17,1,27.360704,1.0,False,2.4993203e-09,Test
2309,1,-4.3960643,29.67124,-20.46725,-7.8236585,-11.895688,-0.39629504,-5.317647,-19.88152,1.6023538e-15,1.0,1.6793104e-22,5.202019e-17,8.865683e-19,8.74652e-14,6.3755715e-16,3.016553e-22,1,-0.0,0.0,True,3.907894e-12,Test
2310,1,-5.389942,79.69661,-56.698944,-17.314043,-29.267366,7.073324,-12.96345,-61.90506,1.1152745e-37,1.0,0.0,7.4e-43,0.0,2.884754e-32,5.7312e-41,0.0,1,-0.0,0.0,True,3.0224642e-30,Test
2311,6,-0.54332745,0.11402587,-0.4371621,-1.1882081,-1.7689546,-4.2905607,0.72032887,-1.7079043,0.11449564,0.2209398,0.12731983,0.06007876,0.033612892,0.00270014,0.405124,0.03572891,6,0.90356207,0.594876,True,2.3489902,Test
2312,4,-5.078609,39.9966,-25.9908,-10.046301,-14.63602,1.29836,-7.9925976,-29.43573,2.6551238e-20,1.0,2.1980351e-29,1.8477561e-22,1.8765228e-24,1.5615898e-17,1.4406439e-21,7.0133157e-31,1,54.63262,1.0,False,8.736717e-16,Test
2313,6,-2.23491,-0.9417055,-0.6136687,-0.79714715,-1.8137717,-4.3830657,1.748761,-0.28308207,0.01310429,0.047757886,0.06629942,0.05518563,0.019966941,0.00152926,0.7038821,0.09227449,6,0.3511444,0.2961179,True,1.5825806,Test
2314,4,-5.493455,35.654057,-22.81745,-9.54973,-13.084049,-0.121702075,-7.683991,-24.171286,1.3485381e-18,1.0,4.0378332e-26,2.3347693e-20,6.812548e-22,2.9025934e-16,1.5084305e-19,1.0427612e-26,1,48.738106,1.0,False,1.5072358e-14,Test
2315,6,-2.9769816,9.248328,-7.2619495,-2.4107308,-5.121083,-1.8155099,-0.3965664,-4.568645,4.904267e-06,0.9999044,6.755172e-08,8.639593e-06,5.746486e-07,1.5667318e-05,6.474913e-05,9.984434e-07,1,9.64499,0.99993527,False,0.0015542203,Test
2316,5,-4.132082,63.09565,-45.270973,-13.694245,-23.502932,5.552157,-9.94914,-48.84516,6.358694e-30,1.0,0.0,4.4727303e-34,2.4587525e-38,1.0213609e-25,1.8925607e-32,0.0,1,57.54349,1.0,False,8.479724e-24,Test
2317,6,-4.6377954,7.339937,-3.243614,-3.1204896,-3.7844179,-2.9911287,-2.678497,-3.7349908,6.2815084e-06,0.9998323,2.5324984e-05,2.8643211e-05,1.4746231e-05,3.259884e-05,4.4563192e-05,1.5493406e-05,1,10.018602,0.9999554,False,0.0027834985,Test
2318,6,-4.4962068,20.2899,-12.688926,-6.197634,-8.095634,-1.889613,-4.606353,-11.127847,1.7200097e-11,1.0,4.7585917e-15,3.1376921e-12,4.7023946e-13,2.331097e-10,1.540619e-11,2.2669692e-14,1,24.896252,1.0,False,8.76793e-09,Test
2319,4,-5.451396,32.61078,-21.306608,-8.907833,-12.102105,-0.1777939,-7.1351914,-20.888325,2.9498988e-17,1.0,3.836856e-24,9.304563e-19,3.8145353e-20,5.7557663e-15,5.4770135e-18,5.8295433e-24,1,44.712883,1.0,False,2.7426238e-13,Test
2320,6,-1.3802125,3.1727371,-0.58315647,-2.1804342,-2.2904508,-4.754126,-1.4341663,-1.4166727,0.009907998,0.94038767,0.021985836,0.0044509647,0.003987259,0.00033940168,0.00938759,0.009553259,1,4.6683664,0.9906124,False,0.46821517,Test
2321,4,-5.6675296,24.852987,-16.430077,-7.6924953,-9.678271,-1.3043377,-6.0384207,-12.980777,5.5604216e-14,1.0,1.1775852e-18,7.339669e-15,1.0075471e-15,4.365337e-12,3.8373588e-14,3.7068537e-17,1,34.531258,1.0,False,1.6929036e-10,Test
2322,6,-3.344546,33.36668,-22.456585,-8.282707,-12.625133,0.75897694,-6.1383224,-23.673796,1.1389811e-16,1.0,5.70511e-25,8.1639604e-19,1.0617178e-20,6.8969014e-15,6.96941e-18,1.6890284e-25,1,39.505,1.0,False,3.3093013e-13,Test
2323,5,-6.0905395,68.052925,-47.121754,-15.661411,-24.888977,4.09747,-11.88718,-51.352787,6.3081655e-33,1.0,0.0,4.3986965e-37,4.3236e-41,1.6768664e-28,1.9162478e-35,0.0,1,63.955456,1.0,False,1.5472824e-26,Test
2324,6,-1.7070225,4.6193852,-1.9973202,-2.8808084,-2.6768937,-4.4084406,-2.197615,-1.5962825,0.0017750091,0.9924866,0.0013277796,0.0005488226,0.0006729627,0.00011912132,0.0010867734,0.001982871,1,6.824542,0.9989132,False,0.08279898,Test
2325,4,-3.6051545,21.737066,-16.30485,-4.9763336,-9.257818,0.16287331,-3.2368972,-13.756128,9.863103e-12,1.0,3.0102727e-17,2.5033285e-12,3.4601323e-14,4.2701925e-10,1.4254296e-11,3.8503608e-16,1,30.994884,1.0,False,1.4263195e-08,Test
2326,6,-1.2985802,-0.31154078,1.0729651,-1.3466426,-1.4310365,-4.381491,-0.37206304,-0.02901701,0.044728618,0.12001933,0.47921956,0.0426297,0.039179638,0.0020497185,0.11297095,0.15920246,2,2.1806245,0.88702905,False,2.2491,Test
2327,6,-0.75910515,20.779465,-15.531357,-4.6932435,-8.904995,0.32752037,-1.7750214,-17.272789,4.4250453e-10,1.0,1.69985e-16,8.656525e-12,1.2829299e-13,1.3116968e-09,1.6021806e-10,2.9793133e-17,1,22.554485,1.0,False,5.7990025e-08,Test
2328,4,-4.2705607,21.636269,-13.163673,-6.45946,-8.144721,-1.5391071,-5.393981,-13.015321,5.607984e-12,1.0,7.701534e-16,6.283193e-13,1.1648771e-13,8.611177e-11,1.8235233e-12,8.933185e-16,1,29.78099,1.0,False,3.1904162e-09,Test
2329,6,-1.526017,-0.4391168,1.1361523,-1.5746952,-1.2997158,-5.7150674,1.0269108,-0.8069419,0.028239658,0.08373252,0.40459904,0.026897926,0.035411216,0.00042813225,0.36272866,0.057962853,2,1.0141002,0.63727134,False,2.0577123,Test
2330,6,-4.958768,79.52389,-56.985294,-17.142803,-29.016441,7.3152266,-12.939997,-61.877052,2.040082e-37,1.0,0.0,1.043e-42,0.0,4.3669248e-32,6.9734e-41,0.0,1,92.46388,1.0,False,4.5492722e-30,Test
2331,4,-5.1573734,58.238876,-40.391006,-13.120197,-21.344439,4.918638,-10.281073,-44.707325,2.9333194e-28,1.0,1.46e-43,1.0212916e-31,2.737829e-35,6.97133e-24,1.7464794e-30,1e-45,1,79.58331,1.0,False,5.362955e-22,Test
2332,4,-5.038327,47.008022,-32.19783,-11.294227,-17.206963,2.149812,-8.650716,-33.333763,2.4920572e-23,1.0,3.993316e-35,4.7824957e-26,1.2935644e-28,3.2985743e-20,6.725391e-25,1.282353e-35,1,64.21498,1.0,False,2.1366584e-18,Test
2333,6,-4.888221,-0.7173655,1.3995516,-1.1479458,-1.7758116,-5.5551515,-0.07492809,3.418938,0.00020640944,0.013369309,0.1110387,0.008691813,0.004639078,0.00010594613,0.025416514,0.83653224,7,3.6723561,0.9745835,False,0.8847766,Test
2334,4,-4.409328,17.900583,-11.640187,-5.392704,-7.360945,-1.7992405,-4.0823584,-9.135341,2.0461075e-10,1.0,1.4811736e-13,7.6533904e-11,1.0691972e-11,2.7827578e-09,2.8374628e-10,1.8132089e-12,1,25.261528,1.0,False,9.771154e-08,Test
2335,6,-1.7522892,5.163664,-2.6051426,-2.364594,-2.979225,-3.6483197,-1.6046821,-2.1327946,0.0009876682,0.9957983,0.00042094136,0.000535415,0.00028957403,0.00014831181,0.0011447644,0.0006750871,1,6.7725563,0.99885523,False,0.050034072,Test
2336,6,-4.972546,-2.5356798,3.245441,-0.90676016,-1.0237215,-6.749904,0.86429054,1.9706072,0.00019199202,0.0021958402,0.7117207,0.011195192,0.009959466,3.246283e-05,0.06579443,0.19890986,2,2.7212203,0.9342056,False,1.2319361,Test
2337,6,-2.7838514,18.80952,-12.801577,-4.854104,-7.82068,-1.1502326,-3.1609075,-11.634022,4.1890694e-10,1.0,1.8684215e-14,5.2846807e-11,2.720511e-12,2.1458009e-09,2.8731886e-10,6.005338e-14,1,21.970428,1.0,False,8.58594e-08,Test
2338,6,-3.1897006,23.304157,-13.763688,-6.792937,-8.645818,-1.3961968,-5.4850354,-15.999862,3.1179096e-12,1.0,7.97333e-17,8.491772e-14,1.3313816e-14,1.8740134e-11,3.1406003e-13,8.520813e-18,1,28.789192,1.0,False,8.043305e-10,Test
2339,4,-4.3903456,49.282307,-33.28722,-11.465233,-18.0379,3.449157,-8.902393,-38.27374,4.900754e-24,1.0,1.3820068e-36,4.1464725e-27,5.797038e-30,1.2442748e-20,5.3790533e-26,9.438273e-39,1,67.320206,1.0,False,8.231394e-19,Test
2340,6,-4.8425994,1.30829,0.05963216,-1.817002,-2.1073792,-4.246272,-1.2860903,2.1898823,0.0005523524,0.25912756,0.074340984,0.011381942,0.008513485,0.0010027621,0.01935479,0.62572604,7,3.9448152,0.9806452,False,1.4649966,Test
2341,6,-4.2460294,62.38011,-45.072266,-13.546874,-23.227638,4.9982133,-9.957209,-47.30299,1.1604679e-29,1.0,0.0,1.0600557e-33,6.622571e-38,1.2004906e-25,3.8397397e-32,0.0,1,72.33732,1.0,False,9.93933e-24,Test
2342,5,-6.043669,50.318913,-34.64208,-12.3484535,-18.668285,2.2138114,-9.374218,-35.319424,3.3269107e-25,1.0,1.2644757e-37,6.0800722e-28,1.0945627e-30,1.2829786e-21,1.19015306e-26,6.4230774e-38,1,48.105103,1.0,False,8.9068126e-20,Test
2343,4,-5.2213593,49.993736,-33.14856,-12.030438,-18.160715,2.4008224,-9.420894,-38.27508,1.0480662e-24,1.0,7.793987e-37,1.1567609e-27,2.5170896e-30,2.1412128e-21,1.572366e-26,4.627443e-39,1,68.15445,1.0,False,1.4710502e-19,Test
2344,6,-4.300128,5.52436,-1.0246501,-3.3078704,-2.8045845,-4.4301972,-2.9499714,-1.1146033,5.392483e-05,0.99657404,0.0014266274,0.00014545229,0.00024059946,4.7347843e-05,0.00020804344,0.0013038999,1,8.477764,0.999792,False,0.03965113,Test
2345,6,-3.0479455,-1.3944991,0.9710908,-0.6947363,-1.5219817,-5.3202314,2.2224422,-0.66986495,0.0035414542,0.018503943,0.19707291,0.037253533,0.016289184,0.00036503994,0.6887822,0.038191695,6,0.3728301,0.31121778,True,1.4252592,Test
2346,6,0.22624247,30.302242,-21.99067,-6.6959815,-12.28463,0.28811446,-3.5867195,-25.550737,8.672795e-14,1.0,1.9474982e-23,8.54823e-17,3.1971017e-19,9.2263504e-14,1.9151858e-15,5.5380683e-25,1,33.88896,1.0,False,7.8565114e-12,Test
2347,6,0.22478995,6.404643,-5.058043,-2.102761,-3.9476957,-3.3909886,1.0247285,-6.440502,0.0020563756,0.9930668,1.0442319e-05,0.0002005671,3.169676e-05,5.5308232e-05,0.0045762667,2.6206123e-06,1,5.386872,0.99542373,False,0.067828245,Test
2348,6,-3.0983198,38.344006,-26.33265,-9.067392,-14.302594,1.4697329,-6.9173584,-27.986885,1.0042149e-18,1.0,8.152435e-29,2.567383e-21,1.3673279e-23,9.676257e-17,2.204141e-20,1.5590565e-29,1,45.261364,1.0,False,5.209264e-15,Test
2349,4,-5.188909,43.534813,-29.870918,-10.661509,-16.015156,1.6621102,-8.391655,-29.968077,6.9112566e-22,1.0,1.3191555e-32,2.902936e-24,1.3733372e-26,6.530041e-19,2.8094514e-23,1.1970156e-32,1,59.54997,1.0,False,3.949859e-17,Test
2350,6,-5.8723993,-2.3659964,1.3405381,-0.354526,-1.7182443,-5.4242764,1.8183047,2.65789,0.00011161466,0.0037199124,0.15144686,0.027803745,0.0071096453,0.00017471839,0.24420337,0.56543016,7,1.4097539,0.7557966,False,1.6022985,Test
2351,6,-4.5133038,-1.8658161,2.0928476,-0.7526971,-1.2970182,-5.0858426,0.6761452,1.788107,0.0006460223,0.009120883,0.47781822,0.027762482,0.016108781,0.00036441587,0.115876846,0.35230237,2,2.1552272,0.88412315,False,1.7119669,Test
2352,6,-2.4173667,0.17747647,0.1556103,-1.2590603,-1.7374947,-3.5894122,-0.35510468,0.11115477,0.018738572,0.25099355,0.24556485,0.059673645,0.03698292,0.005803949,0.14735521,0.23488723,1,1.9149091,0.8526448,False,2.465256,Test
2353,6,-4.730183,-2.2205958,2.2825148,-0.6489806,-1.1914448,-5.774953,0.30316627,3.5489783,0.00018824334,0.0023153652,0.20907187,0.011147137,0.0064799865,6.621891e-05,0.028885208,0.74184597,7,3.5444255,0.9711148,False,1.0823087,Test
2354,6,-4.15961,30.007639,-19.66909,-7.46412,-11.5023,-0.1719001,-5.714339,-21.699797,1.4499493e-15,1.0,2.6648418e-22,5.323797e-17,9.385591e-19,7.81975e-14,3.0629675e-16,3.497406e-23,1,35.721977,1.0,False,3.494901e-12,Test
2355,4,-4.973685,36.102062,-23.965607,-9.53021,-13.327948,0.19067249,-7.5493236,-23.637321,1.448869e-18,1.0,8.183571e-27,1.5210958e-20,3.4105178e-22,2.534441e-16,1.1026656e-19,1.1363584e-26,1,49.430008,1.0,False,1.322456e-14,Test
2356,6,-3.5855892,33.483437,-23.095285,-8.001988,-12.657012,1.3718151,-5.726448,-23.299307,7.9639063e-17,1.0,2.6802424e-25,9.618542e-19,9.150765e-21,1.1326607e-14,9.361888e-18,2.1855815e-25,1,39.209885,1.0,False,5.295777e-13,Test
2357,1,-4.0681753,53.37856,-38.09901,-12.023539,-19.98049,3.5968623,-8.603166,-39.656574,1.1251225e-25,1.0,1.86981e-40,3.946654e-29,1.3821994e-32,2.3992968e-22,1.2069225e-27,3.9388e-41,1,-0.0,0.0,True,1.724114e-20,Test
2358,6,-1.3535974,15.241283,-10.030631,-3.9009757,-6.521651,-1.397751,-2.3676567,-11.991761,6.207757e-08,0.9999999,1.0581483e-11,4.859843e-09,3.5357203e-10,5.939627e-08,2.2518238e-08,1.4888103e-12,1,17.60894,1.0,False,3.801832e-06,Test
2359,4,-3.9600966,60.997864,-43.585163,-13.00742,-22.441946,6.3505282,-9.907195,-48.987118,6.153405e-29,1.0,0.0,7.2429495e-33,5.788289e-37,1.849115e-24,1.6081397e-31,0.0,1,83.43981,1.0,False,1.4578897e-22,Test
2360,6,-4.990143,11.612857,-6.9960594,-4.3484383,-5.364967,-3.033065,-3.183316,-3.5358808,6.157549e-08,0.9999987,8.284177e-09,1.1697607e-07,4.2327677e-08,4.3586948e-07,3.7506203e-07,2.6362474e-07,1,14.796174,0.99999964,False,3.0297024e-05,Test
2361,6,-2.6895015,23.426308,-13.26897,-6.8361983,-8.634773,-1.7396924,-5.491509,-17.694996,4.5503887e-12,1.0,1.1572926e-16,7.197148e-14,1.1913777e-14,1.1763726e-11,2.7615442e-13,1.3843464e-18,1,28.917816,1.0,False,6.1377026e-10,Test
2362,4,-6.5013404,47.51725,-30.967592,-12.368702,-17.28216,0.77703893,-9.809501,-34.309914,3.467567e-24,1.0,8.21234e-35,9.8143495e-27,7.2106546e-29,5.0232417e-21,1.2685514e-25,2.9034499e-36,1,64.79941,1.0,False,3.3900816e-19,Test
2363,6,-2.139461,9.090758,-5.094896,-3.1023827,-4.16234,-2.814906,-2.1010795,-4.980033,1.32666e-05,0.9999579,6.9060644e-07,5.064865e-06,1.7548265e-06,6.7517653e-06,1.37856905e-05,7.746664e-07,1,11.191879,0.99998623,False,0.0007667209,Test
2364,6,-3.9712398,21.787596,-14.800398,-5.919388,-8.723432,-0.7424911,-4.2936625,-13.223317,6.5024973e-12,1.0,1.2883571e-16,9.26851e-13,5.613436e-14,1.6417527e-10,4.7103506e-12,6.236678e-16,1,26.081259,1.0,False,5.7948024e-09,Test
2365,6,-5.0975437,4.897513,-5.5112324,-1.4767652,-4.521983,-2.9196274,1.4697788,-4.0743403,4.408837e-05,0.9663218,2.915153e-05,0.0016474338,7.839465e-05,0.00038920713,0.031367198,0.00012265788,1,3.4619925,0.9686328,False,0.22780645,Test
2366,6,-4.502922,-2.528344,3.1582718,-0.9929336,-0.9613464,-6.64956,-0.05183269,3.6887465,0.0001695765,0.0012215575,0.36022997,0.005671974,0.0058539943,1.9819498e-05,0.014536144,0.61229694,7,4.2311172,0.98546386,False,1.1526685,Test
2367,4,-3.2669544,19.594126,-13.270385,-5.0100927,-8.049821,-1.1225438,-3.4756856,-12.341789,1.1791228e-10,1.0,5.334882e-15,2.063118e-11,9.871568e-13,1.0066186e-09,9.5699226e-11,1.35023184e-14,1,27.643948,1.0,False,3.793229e-08,Test
2368,4,-4.5398126,58.70978,-40.673557,-12.915153,-21.53244,4.7818227,-9.802246,-45.906578,3.3966408e-28,1.0,6.9e-44,7.828662e-32,1.4166008e-35,3.7965122e-24,1.7603786e-30,0.0,1,80.24222,1.0,False,2.9540592e-22,Test
2369,6,-3.9388995,65.86584,-47.65562,-14.284011,-24.397041,5.5462985,-10.485972,-49.63882,4.8326966e-31,1.0,0.0,1.5536847e-35,6.29985e-40,6.3614695e-27,6.9315715e-34,0.0,1,76.35181,1.0,False,5.5364097e-25,Test
2370,4,-4.374953,35.888252,-23.851976,-8.846632,-13.248644,0.8490194,-6.952941,-25.648129,3.2652136e-18,1.0,1.1354007e-26,3.7315203e-20,4.5721237e-22,6.062531e-16,2.479167e-19,1.884037e-27,1,49.136894,1.0,False,3.085409e-14,Test
2371,6,-3.4127948,16.477962,-9.818679,-4.843748,-6.651551,-1.9067916,-3.575988,-10.870039,2.2990805e-09,1.0,3.7976363e-12,5.4966587e-10,9.015301e-11,1.0365797e-08,1.9528983e-09,1.3271312e-12,1,20.053951,1.0,False,4.1752688e-07,Test
2372,6,-1.0070014,2.6588173,-1.7684659,-1.8614349,-2.3913808,-4.636467,1.3628224,-3.376286,0.019213516,0.75102025,0.008972365,0.008175815,0.004812586,0.0005097414,0.2054983,0.0017973786,1,1.5823176,0.7945017,False,1.0656195,Test
2373,6,-2.9178798,-1.8581884,1.3627596,-0.7186222,-1.3612366,-5.9857154,1.5804706,-0.18209565,0.0051211044,0.014776844,0.37018737,0.046183728,0.024288746,0.00023824263,0.4602272,0.078976795,6,0.776035,0.5397728,True,1.8020896,Test
2374,4,-5.579355,51.426395,-33.632298,-12.346231,-18.357277,2.8108454,-9.948937,-39.401524,1.7487104e-25,1.0,1.1467771e-37,2.013257e-28,4.9355383e-31,7.700776e-22,2.2132579e-27,3.58043e-40,1,69.783676,1.0,False,5.4025844e-20,Test
2375,6,-3.4916487,23.263783,-15.883463,-6.0913763,-9.253238,-0.57804835,-4.2648973,-14.560024,2.4002887e-12,1.0,9.967047e-18,1.7832659e-13,7.551568e-15,4.4220565e-11,1.1077625e-12,3.743945e-17,1,27.528679,1.0,False,1.6655877e-09,Test
2376,6,-3.6955378,50.305042,-35.88351,-11.034903,-18.70199,4.0288916,-8.303402,-38.173565,3.530581e-24,1.0,3.7049905e-38,2.2929852e-27,1.0730644e-30,7.989572e-21,3.5210816e-26,3.751709e-39,1,58.608444,1.0,False,5.33681e-19,Test
2377,6,-2.4851725,20.133606,-13.483715,-4.9091377,-8.068636,-0.5143721,-3.681372,-14.574789,1.5024133e-10,1.0,2.5129452e-15,1.330683e-11,5.648355e-13,1.0781946e-09,4.542413e-11,8.43985e-16,1,23.814978,1.0,False,3.9085307e-08,Test
2378,4,-5.695087,2.5322957,0.35397324,-3.42839,-2.149347,-4.758686,-3.0505111,4.6774707,2.7625973e-05,0.10337713,0.011705531,0.0002665211,0.0009576635,7.046787e-05,0.00038890398,0.88320625,7,6.951014,0.99904233,False,0.5903834,Test
2379,4,-4.5028787,14.1834345,-6.755351,-5.0851336,-5.5327964,-2.9152217,-4.411164,-7.8228407,7.6672055e-09,1.0,8.061224e-10,4.283189e-09,2.7374736e-09,3.7510098e-08,8.403658e-09,2.7720184e-10,1,19.71623,1.0,False,1.5875268e-06,Test
2380,6,-2.725913,18.400854,-10.437365,-5.588871,-6.9920654,-1.7861153,-4.5285115,-13.24714,6.679778e-10,1.0,2.9903413e-13,3.8141237e-11,9.375516e-12,1.7096626e-09,1.1012939e-10,1.8007375e-14,1,22.929365,1.0,False,7.54711e-08,Test
2381,6,0.029928712,-0.9105043,-0.27564377,-1.0245295,-1.6810448,-5.0572286,0.65091616,-0.7934289,0.20152648,0.07868778,0.14846487,0.070208035,0.036413785,0.0012445371,0.37499335,0.08846113,6,0.980847,0.6250067,True,2.4581163,Test
2382,4,-5.1531887,38.226574,-26.17026,-9.8794985,-14.204379,0.86657554,-7.5920734,-25.065952,1.4468026e-19,1.0,1.0784742e-28,1.2817362e-21,1.6963911e-23,5.953324e-17,1.2624478e-20,3.2539068e-28,1,52.430954,1.0,False,3.2187667e-15,Test
2383,6,-2.9280345,7.438463,-2.742398,-3.523308,-3.3468425,-3.9566972,-2.9640298,-3.2143328,3.146387e-05,0.9998274,3.7882015e-05,1.7349555e-05,2.0697895e-05,1.1247853e-05,3.0351483e-05,2.3630591e-05,1,10.402665,0.99996966,False,0.0028760424,Test
2384,4,-4.194423,30.453213,-19.69897,-8.009651,-11.296055,-0.10283913,-6.487549,-21.15691,8.96856e-16,1.0,1.6564694e-22,1.9760159e-17,7.387942e-19,5.3663074e-14,9.053804e-17,3.854859e-23,1,41.749268,1.0,False,2.416429e-12,Test
2385,6,-2.4966116,37.754578,-27.350899,-8.262663,-14.684822,2.0735161,-5.578579,-28.444923,3.304686e-18,1.0,5.309466e-29,1.0350601e-20,1.6821242e-23,3.1908928e-16,1.5158255e-19,1.77796e-29,1,43.333157,1.0,False,1.6627794e-14,Test
2386,6,-5.1176677,55.026203,-38.162918,-12.623933,-20.262014,3.8819103,-9.943419,-42.004543,7.583131e-27,1.0,3.3766e-41,4.167907e-30,2.007906e-33,6.1420735e-23,6.0820874e-29,7.24e-43,1,64.96962,1.0,False,4.532631e-21,Test
2387,4,-4.202653,16.868101,-10.293302,-5.5478525,-6.675775,-1.8989056,-4.5232167,-8.854285,7.0645967e-10,1.0,1.5993823e-12,1.8402406e-10,5.9569544e-11,7.0728245e-09,5.127066e-10,6.743882e-12,1,23.543877,1.0,False,2.3708287e-07,Test
2388,1,-5.347763,81.711586,-59.086185,-17.999365,-29.759676,7.6779175,-13.65222,-61.779724,1.550976e-38,1.0,0.0,4.9e-44,0.0,7.040221e-33,3.837e-42,0.0,1,-0.0,0.0,True,7.5195396e-31,Test
2389,6,-2.7980745,33.01594,-24.062506,-7.3724008,-12.925319,1.5222842,-4.906177,-23.970558,2.7936446e-16,1.0,1.6260957e-25,2.8811453e-18,1.11677e-20,2.1012517e-14,3.3933834e-17,1.7826972e-25,1,37.92212,1.0,False,9.711789e-13,Test
2390,1,-5.446458,63.24498,-43.613365,-14.495271,-23.028618,3.9630754,-11.151955,-48.298428,1.4712553e-30,1.0,0.0,1.7291734e-34,3.4029266e-38,1.7955408e-26,4.8957797e-33,0.0,1,-0.0,0.0,True,1.5357954e-24,Test
2391,0,-3.6415792,10.016379,-7.732064,-2.6494331,-4.9148483,-0.6275415,-1.7458017,-5.5675735,1.1705984e-06,0.9999635,1.9585427e-08,3.1571242e-06,3.2766823e-07,2.3844492e-05,7.793521e-06,1.705923e-07,1,13.657995,0.9999988,False,0.00064318307,Test
2392,6,-3.4361632,22.86709,-14.870312,-6.0461144,-9.004187,-1.186778,-4.5101995,-15.003172,3.7726133e-12,1.0,4.081819e-17,2.77431e-13,1.4403907e-14,3.577158e-11,1.2888267e-12,3.5739966e-17,1,27.377289,1.0,False,1.4476648e-09,Test
2393,6,-2.8218195,0.9308821,0.10070087,-1.4540246,-1.7848871,-4.990686,0.2610612,0.3445154,0.008723925,0.3719543,0.16216101,0.034256086,0.02460628,0.0009972069,0.1903663,0.2069349,1,1.6588051,0.80963373,False,2.250062,Test
2394,6,-4.6320386,19.775726,-12.388723,-5.798022,-8.129801,-2.1022968,-4.1646285,-12.619607,2.5109761e-11,1.0,1.0743757e-14,7.824606e-12,7.5994744e-13,3.15134e-10,4.007152e-11,8.52876e-15,1,23.940355,1.0,False,1.253506e-08,Test
2395,6,-1.9814616,-1.2470493,0.68554974,-1.2042937,-1.3166178,-4.369937,0.30713814,0.83811986,0.020693932,0.043131463,0.297928,0.045015562,0.04023287,0.0018990715,0.20406535,0.34703374,7,1.5893149,0.7959347,False,2.2346625,Test
2396,4,-4.7350416,9.377433,-4.914674,-4.136877,-4.291301,-3.59461,-3.4555418,-1.7911774,7.430537e-07,0.999977,6.20879e-07,1.3514493e-06,1.158069e-06,2.3243595e-06,2.671161e-06,1.4109904e-05,1,13.6687565,0.99999887,False,0.000430529,Test
2397,4,-4.6511703,53.915493,-37.774166,-12.208761,-19.901457,3.7742007,-9.248246,-40.570248,3.6713174e-26,1.0,1.51248e-40,1.9169116e-29,8.743934e-33,1.6746086e-22,3.701153e-28,9.233e-42,1,73.81695,1.0,False,1.2117021e-20,Test
2398,6,-2.9226482,11.870417,-6.8402376,-3.8565354,-5.2851753,-2.915137,-2.709561,-7.2149835,3.7622956e-07,0.9999987,7.482817e-09,1.4786696e-07,3.5434027e-08,3.790661e-07,4.6558122e-07,5.1441744e-09,1,14.579979,0.9999995,False,3.2547978e-05,Test
2399,6,-4.8530126,22.908842,-14.843768,-6.831538,-9.086651,-1.3289822,-5.0636005,-13.662977,8.7736426e-13,1.0,4.020223e-17,1.213158e-13,1.2721373e-14,2.9760965e-11,7.1075925e-13,1.3093648e-16,1,27.972443,1.0,False,1.1102999e-09,Test
2400,6,-3.908182,16.676044,-11.277393,-4.823841,-7.2329745,-1.7911226,-3.2903488,-8.7154045,1.1491692e-09,1.0,7.243963e-13,4.5995818e-10,4.134707e-11,9.5457775e-09,2.131601e-09,9.389313e-12,1,19.966393,1.0,False,3.6591777e-07,Test
2401,5,-4.7235813,35.41579,-24.49975,-8.947061,-13.377669,0.75020015,-6.7516046,-23.201044,3.6956552e-18,1.0,9.528192e-27,5.413261e-20,6.445687e-22,8.808959e-16,4.8633143e-19,3.4916552e-26,1,34.665592,1.0,False,4.4302364e-14,Test
2402,4,-4.5932474,52.497086,-36.5485,-11.908502,-19.305775,3.2558992,-8.974693,-38.586685,1.6068814e-25,1.0,2.128107e-39,1.0690777e-28,6.55263e-32,4.1193032e-22,2.0097666e-27,2.77217e-40,1,71.80286,1.0,False,2.9276962e-20,Test
2403,6,-3.1584773,13.988325,-10.621678,-3.3042996,-6.7716107,-1.1018142,-1.3154408,-9.5671835,3.574686e-08,0.9999995,2.0512125e-11,3.089641e-08,9.639942e-10,2.7953456e-07,2.25766e-07,5.888068e-11,1,15.303766,0.99999976,False,1.3616819e-05,Test
2404,4,-4.762805,50.83542,-35.695072,-11.886788,-18.816578,3.3169286,-8.76063,-37.036705,7.1449277e-25,1.0,2.6320065e-38,5.7556185e-28,5.6302004e-31,2.3066521e-21,1.3114927e-26,6.880524e-39,1,69.65199,1.0,False,1.581903e-19,Test
2405,6,-4.51233,25.62157,-17.686985,-6.8344383,-10.2900095,-0.41448084,-4.6888795,-15.880003,8.184905e-14,1.0,1.5535788e-19,8.026652e-15,2.5339576e-16,4.928183e-12,6.860235e-14,9.464473e-19,1,30.31045,1.0,False,1.9206005e-10,Test
2406,6,-4.541971,53.314262,-37.777332,-12.004792,-19.916752,3.4928212,-8.9112835,-40.07683,7.470641e-26,1.0,2.75057e-40,4.2884014e-29,1.5709882e-32,2.3058063e-22,9.457753e-28,2.759e-41,1,62.225548,1.0,False,1.6579803e-20,Test
2407,4,-6.0002675,29.949154,-17.95993,-8.697664,-10.967602,-1.3617365,-7.2783036,-19.616348,2.43986e-16,1.0,1.5608064e-21,1.6439905e-17,1.6985518e-18,2.5226278e-14,6.797043e-17,2.9783513e-22,1,40.916756,1.0,False,1.1568447e-12,Test
2408,5,-6.676864,72.0095,-51.170532,-16.539566,-26.598343,5.371218,-12.308641,-52.7849,6.713464e-35,1.0,0.0,3.49647e-39,1.5e-43,1.1464668e-29,2.4049048e-37,0.0,1,66.63828,1.0,False,1.1022061e-27,Test
2409,6,-2.3967452,4.499179,-2.1945603,-2.299254,-2.885619,-3.8587158,-1.4221905,-0.8348588,0.0010001722,0.98840874,0.0012242856,0.0011025917,0.0006134223,0.00023181895,0.002650443,0.0047686277,1,5.9330287,0.99734956,False,0.11807729,Test
2410,6,-1.226011,8.080997,-4.0177026,-3.066426,-3.788404,-3.1894271,-2.1217165,-4.790889,9.0770256e-05,0.9998299,5.565801e-06,1.4409918e-05,7.0001984e-06,1.2742152e-05,3.7063273e-05,2.5688394e-06,1,10.202884,0.9999629,False,0.0027134316,Test
2411,6,-4.648046,-0.08161996,1.9831262,-1.9500316,-1.4802474,-5.897355,-0.58162266,2.5767632,0.0004299435,0.04136043,0.32605654,0.0063847536,0.010213365,0.00012326601,0.025086304,0.5903454,7,3.6854334,0.9749137,False,1.4200157,Test
2412,0,-2.4284296,10.018059,-5.198985,-4.1968484,-2.5770915,-0.60394704,-4.8787236,-8.999801,3.9313754e-06,0.9999671,2.4621104e-07,6.707029e-07,3.388298e-06,2.4372908e-05,3.3915288e-07,5.503435e-09,1,12.446521,0.99999607,False,0.0005797282,Test
2413,4,-5.2256474,45.190865,-29.63924,-10.983803,-16.598433,1.6852156,-8.492118,-34.088993,1.2717075e-22,1.0,3.1746565e-33,4.0146894e-25,1.4630137e-27,1.2756645e-19,4.8503886e-24,3.7084605e-35,1,61.7893,1.0,False,8.016416e-18,Test
2414,4,-5.537656,41.201187,-27.35181,-10.511857,-15.263025,0.6020293,-8.137862,-28.721483,5.0301257e-21,1.0,1.6897135e-30,3.4778485e-23,3.0054185e-25,2.3335073e-18,3.735276e-22,4.2950767e-31,1,56.46421,1.0,False,1.3704706e-16,Test
2415,6,-2.7748368,2.398481,-1.7478755,-1.4561516,-2.6969986,-4.6461105,1.1234673,-0.8290144,0.004139354,0.73059386,0.011559425,0.015474993,0.0044744266,0.0006371605,0.20414777,0.028972946,1,1.588911,0.79585224,False,1.1887529,Test
2416,5,-5.9699345,64.57486,-45.001957,-15.130976,-23.589878,3.9563687,-11.418563,-47.853825,2.3056109e-31,1.0,0.0,2.422124e-35,5.135025e-39,4.7176243e-27,9.919174e-34,0.0,1,60.618492,1.0,False,4.1259868e-25,Test
2417,6,-5.268662,52.7779,-37.021297,-12.713941,-19.589098,2.796088,-9.332107,-37.277374,6.175873e-26,1.0,1.001626e-39,3.6078915e-29,3.7274567e-32,1.9641518e-22,1.0616128e-27,7.75338e-40,1,62.11001,1.0,False,1.4168478e-20,Test
2418,4,-4.8853397,14.020403,-7.7322836,-4.8429985,-5.903058,-2.9524312,-3.9066505,-7.65727,6.156591e-09,1.0,3.572142e-10,6.422866e-09,2.2251045e-09,4.253946e-08,1.638248e-08,3.8504022e-10,1,19.923462,1.0,False,2.0672592e-06,Test
2419,4,-7.4257746,63.10605,-42.37903,-15.632258,-22.844147,2.435141,-12.145769,-45.59408,2.3357094e-31,1.0,0.0,6.373662e-35,4.7022364e-38,4.4767236e-27,2.0823401e-33,0.0,1,85.950195,1.0,False,3.9186986e-25,Test
2420,6,-4.446025,30.355389,-20.066296,-8.030603,-11.56544,-0.26962397,-5.8820014,-20.120798,7.6902015e-16,1.0,1.2651463e-22,2.1339028e-17,6.223217e-19,5.0087077e-14,1.8293723e-16,1.1980359e-22,1,36.23739,1.0,False,2.2623691e-12,Test
2421,6,-4.0103226,6.0253744,-3.3900814,-2.8733168,-3.476089,-3.2557638,-1.9536042,-1.0317967,4.373642e-05,0.99836904,8.1322476e-05,0.00013634482,7.4620504e-05,9.301305e-05,0.00034203043,0.00085980655,1,7.980611,0.999658,False,0.020802602,Test
2422,6,-2.6417701,47.29277,-33.70215,-10.217236,-17.821365,3.6246486,-7.1613107,-37.11777,2.0592303e-22,1.0,6.6735004e-36,1.0561407e-25,5.263688e-29,1.0843659e-19,2.2433264e-24,2.1926496e-37,1,54.454082,1.0,False,6.8465016e-18,Test
2423,6,-4.826999,20.663134,-13.058874,-6.5278234,-8.280182,-1.8871838,-5.0398016,-11.197539,8.506987e-12,1.0,2.2631748e-15,1.5528081e-12,2.692017e-13,1.6088718e-10,6.8763424e-12,1.4557472e-14,1,25.702934,1.0,False,5.8749388e-09,Test
2424,6,-3.2176414,10.458555,-7.0909743,-2.903407,-5.1921334,-2.6692607,-1.0868704,-5.9831967,1.1494676e-06,0.99998534,2.3896241e-08,1.5738638e-06,1.5958281e-07,1.989095e-06,9.680083e-06,7.234886e-08,1,11.54544,0.99999034,False,0.00027900675,Test
2425,5,-5.2169056,73.51738,-52.188038,-16.410852,-26.84255,6.0840535,-12.476459,-55.855015,6.3993396e-35,1.0,0.0,8.80371e-40,2.7e-44,5.1770016e-30,4.5014432e-38,0.0,1,67.43333,1.0,False,5.036556e-28,Test
2426,6,-0.8608086,10.599069,-6.255871,-3.0639307,-5.0362134,-2.6073813,-1.1302575,-7.975123,1.0544577e-05,0.9999782,4.7861217e-08,1.1647303e-06,1.6205917e-07,1.838664e-06,8.0539485e-06,8.576723e-09,1,11.729348,0.99999195,False,0.0004051351,Test
2427,4,-5.3018637,37.10669,-24.925585,-9.817261,-13.728661,0.36600125,-7.7099414,-24.37289,3.821193e-19,1.0,1.1474305e-27,4.1801067e-21,8.3654244e-23,1.10591513e-16,3.438621e-20,1.9941495e-27,1,50.83535,1.0,False,5.8878615e-15,Test
2428,4,-5.2548985,38.89444,-25.570538,-9.816853,-14.388514,0.69880277,-7.6063447,-27.582516,6.701719e-20,1.0,1.007429e-28,6.9976875e-22,7.236161e-24,2.581343e-17,6.382125e-21,1.3471733e-29,1,53.28295,1.0,False,1.4271868e-15,Test
2429,6,-4.877875,61.971066,-44.446354,-13.716167,-23.04721,5.3093,-10.065581,-46.982933,9.286993e-30,1.0,0.0,1.3472629e-33,1.1940709e-37,2.4666507e-25,5.186603e-32,0.0,1,72.036644,1.0,False,2.0164698e-23,Test
2430,4,-4.786419,55.2571,-38.44242,-12.721232,-20.049833,3.67815,-9.7640085,-40.749344,8.383617e-27,1.0,2.0268e-41,3.0018246e-30,1.9706777e-33,3.976922e-23,5.776842e-29,2.018e-42,1,75.30693,1.0,False,2.960067e-21,Test
2431,6,-4.202668,27.160492,-18.55633,-7.146866,-10.713921,-0.45232165,-5.035506,-17.324636,2.3941593e-14,1.0,1.3977756e-20,1.2603867e-15,3.5591937e-17,1.018374e-12,1.0410108e-14,4.790197e-20,1,32.196,1.0,False,4.2199997e-11,Test
2432,6,-1.1493883,1.8806208,-0.59521616,-1.9165388,-2.0840907,-4.6424456,-0.9045015,-0.23868594,0.035601232,0.73685384,0.061963934,0.016530875,0.013980702,0.0010825539,0.04547975,0.0885071,1,3.0904882,0.9545202,False,1.4515707,Test
2433,1,-5.1056886,59.845005,-41.710724,-13.606227,-21.93954,3.7656088,-10.441122,-44.833706,6.198309e-29,1.0,8e-45,1.2604769e-32,3.0298632e-36,4.41599e-25,2.986233e-31,0.0,1,-0.0,0.0,True,3.573361e-23,Test
2434,6,-2.1044853,-0.9642168,2.4409091,-1.548789,-1.1476533,-5.9543786,-1.0843835,1.5494384,0.006939989,0.02170556,0.6537301,0.0120974695,0.018067813,0.00014769692,0.019247899,0.26806346,2,3.9503534,0.9807521,False,1.3729894,Test
2435,6,-0.69371444,4.2622266,-1.4816765,-2.4723432,-2.7096674,-4.536302,-1.4703703,-2.2300446,0.006921872,0.98301804,0.0031478647,0.0011688939,0.0009219477,0.00014839151,0.003183657,0.0014893742,1,5.749725,0.99681634,False,0.16308025,Test
2436,4,-4.9513626,30.875431,-20.267464,-8.145204,-11.631047,-0.21138385,-6.3631973,-20.732714,2.7581712e-16,1.0,6.1506784e-23,1.1312383e-17,3.4647463e-19,3.156224e-14,6.721546e-17,3.862484e-23,1,42.506477,1.0,False,1.4340536e-12,Test
2437,6,-2.6315827,9.652664,-7.338053,-2.5015478,-5.1242976,-2.0271242,-0.8837508,-5.857608,4.623808e-06,0.99995446,4.1783576e-08,5.265905e-06,3.8232e-07,8.462769e-06,2.6550535e-05,1.8363468e-07,1,10.536461,0.9999735,False,0.0007994556,Test
2438,6,-0.76973283,14.586051,-9.525831,-4.017438,-6.3250594,-2.1358452,-2.605668,-10.499273,2.1432254e-07,0.99999976,3.3755373e-11,8.329278e-09,8.287437e-10,5.4672917e-08,3.4176782e-08,1.275212e-11,1,17.19172,0.99999994,False,7.680805e-06,Test
2439,6,-3.17143,10.464134,-5.8434453,-3.5657105,-4.721803,-3.1452596,-2.6071236,-5.336869,1.1971454e-06,0.99999416,8.273816e-08,8.070743e-07,2.5399692e-07,1.2288892e-06,2.104856e-06,1.3731226e-07,1,13.071263,0.9999979,False,0.00012268999,Test
2440,6,-3.3993013,14.593117,-9.377974,-4.3250046,-6.386145,-2.215513,-2.7605515,-8.508479,1.5345888e-08,1.0,3.8858652e-11,6.08085e-09,7.741454e-10,5.0130815e-08,2.9066829e-08,9.270518e-11,1,17.353668,1.0,False,2.7075312e-06,Test
2441,4,-5.434982,20.91132,-13.517425,-6.711265,-8.240896,-1.6757065,-5.349511,-10.312137,3.6136528e-12,1.0,1.1163128e-15,1.0084715e-12,2.1845072e-13,1.5508828e-10,3.936103e-12,2.7531176e-14,1,29.152216,1.0,False,5.3908864e-09,Test
2442,6,-1.866647,2.6401248,-1.2517784,-1.4488579,-2.4102397,-4.511567,0.8928797,-2.2324162,0.008917861,0.80821496,0.016492818,0.013542671,0.0051782313,0.0006332666,0.14083417,0.0061859903,1,1.9601723,0.85916585,False,0.9804214,Test
2443,6,-0.7064385,-0.28248397,0.30319288,-1.6509686,-1.5878301,-4.529308,0.36806756,-1.4084871,0.10502404,0.1604759,0.28824785,0.040839892,0.043501604,0.0022963474,0.30756775,0.052046668,6,1.17906,0.6924323,True,2.432757,Test
2444,1,-4.9024754,83.876564,-58.974438,-18.049616,-30.119148,7.7107987,-13.912136,-66.45382,2.778139e-39,1.0,0.0,6e-45,0.0,8.348896e-34,3.39e-43,0.0,1,-0.0,0.0,True,9.1741345e-32,Test
2445,4,-6.7726803,0.927716,0.9361372,-3.2053678,-1.9549018,-5.3424616,-2.849807,6.727411,1.362147e-06,0.0030092876,0.0030347372,4.824901e-05,0.00016848398,5.693253e-06,6.885037e-05,0.9936633,7,8.68867,0.9998315,False,0.06358436,Test
2446,6,-2.8939137,7.7207217,-3.6551542,-2.947698,-3.6550038,-2.886874,-1.9116647,-3.4817257,2.454972e-05,0.9998254,1.1466852e-05,2.326421e-05,1.146857e-05,2.4723162e-05,6.5558954e-05,1.3638383e-05,1,9.632561,0.99993443,False,0.002872304,Test
2447,6,-4.4569206,18.875145,-12.207863,-5.65291,-7.682061,-1.715703,-4.190826,-10.511223,7.362286e-11,1.0,3.168263e-14,2.2263887e-11,2.9265256e-12,1.1415864e-09,9.6067376e-11,1.728473e-13,1,23.065971,1.0,False,4.049611e-08,Test
2448,6,-4.8253703,68.99367,-49.068367,-14.9904375,-25.149137,6.5092387,-11.509318,-53.95564,8.725674e-33,1.0,0.0,3.3586546e-37,1.3011e-41,7.300583e-28,1.09143696e-35,0.0,1,80.50298,1.0,False,6.581275e-26,Test
2449,4,-4.724051,22.402939,-13.996654,-6.184892,-9.0109215,-1.3160256,-4.533814,-15.118451,1.6553819e-12,1.0,1.555455e-16,3.8411613e-13,2.2757985e-14,5.0001725e-11,2.0022445e-12,5.0660306e-17,1,31.41386,1.0,False,1.8705002e-09,Test
2450,6,-2.334457,0.08724418,0.25632274,-0.7930372,-1.7011366,-4.743413,0.9940803,-0.20088649,0.014578827,0.16423057,0.194484,0.06810087,0.0274644,0.001310769,0.4067129,0.12311769,6,0.8996478,0.5932871,True,2.2952628,Test
2451,4,-5.0503373,13.282008,-7.2169127,-5.243101,-5.4442916,-3.1781821,-4.4847517,-5.183704,1.0923537e-08,0.9999999,1.2515031e-09,9.008399e-09,7.366675e-09,7.1028126e-08,1.923066e-08,9.559679e-09,1,18.7263,1.0,False,3.371981e-06,Test
2452,6,-2.2040124,28.569742,-21.03795,-6.04834,-11.678263,1.1403517,-3.4936652,-21.86785,4.3164667e-14,1.0,2.855307e-22,9.237593e-16,3.3152293e-18,1.2233967e-12,1.1886086e-14,1.2451805e-22,1,32.063408,1.0,False,5.092509e-11,Test
2453,1,-6.3538685,79.93181,-56.632446,-17.995234,-29.155994,6.4410133,-13.487535,-60.379658,3.3620754e-38,1.0,0.0,2.96e-43,0.0,1.2115785e-32,2.6822e-41,0.0,1,-0.0,0.0,True,1.284578e-30,Test
2454,1,-5.7403145,29.017788,-19.281113,-8.155054,-11.535039,-0.9201521,-5.9036484,-17.91252,8.0305987e-16,1.0,1.0569489e-21,7.178588e-17,2.4441702e-18,9.95675e-14,6.820448e-16,4.1536252e-21,1,-0.0,0.0,True,4.379077e-12,Test
2455,6,-7.2801323,133.7374,-96.4549,-28.33542,-48.034374,15.9551735,-22.634289,-107.83231,0.0,1.0,0.0,0.0,0.0,0.0,0.0,0.0,1,156.37169,1.0,False,0.0,Test
2456,6,-4.431208,-2.1704643,-2.5479667,-0.32974356,-2.0653186,-1.6131387,2.2787373,-1.1954626,0.0010515876,0.01008496,0.006913961,0.063546106,0.011203101,0.017608307,0.8628551,0.026736962,6,0.14750853,0.13714492,True,0.87809765,Test
2457,6,-2.3630407,12.512325,-6.9549756,-4.1837354,-5.1799064,-3.068345,-3.266964,-8.067632,3.4650563e-07,0.9999994,3.5112246e-09,5.6103886e-08,2.0718625e-08,1.7115933e-07,1.4032707e-07,1.1540866e-09,1,15.77929,0.9999999,False,1.7523073e-05,Test
2458,1,-4.999433,76.90512,-54.622547,-16.845776,-28.062132,6.5385375,-12.755477,-59.743637,2.6872196e-36,1.0,0.0,1.9252e-41,0.0,2.7553738e-31,1.150526e-39,0.0,1,-0.0,0.0,True,2.7972188e-29,Test
2459,6,-1.5941138,15.8275795,-9.89812,-4.2674127,-6.574841,-1.7170424,-2.7753384,-11.566097,2.7155295e-08,1.0,6.721563e-12,1.8743729e-09,1.8653168e-10,2.4014154e-08,8.33403e-09,1.2678776e-12,1,18.602919,1.0,False,1.5747012e-06,Test
2460,6,-3.5850654,33.646267,-23.821068,-7.9974313,-13.035935,0.891047,-5.627349,-23.165741,6.7707764e-17,1.0,1.1021828e-25,8.210527e-19,5.3232582e-21,5.9509918e-15,8.783851e-18,2.1225525e-25,1,39.273617,1.0,False,2.8540302e-13,Test
2461,4,-4.1857257,23.045156,-14.755067,-6.159202,-8.982641,-0.69609463,-4.6298685,-15.097698,1.4920313e-12,1.0,3.8332853e-17,2.073519e-13,1.2316979e-14,4.8899645e-11,9.569494e-13,2.7212566e-17,1,32.027798,1.0,False,1.781013e-09,Test
2462,6,-3.7557442,64.32947,-46.220318,-13.66089,-23.892277,6.2771435,-10.138071,-51.029476,2.6975395e-30,1.0,0.0,1.3465378e-34,4.850481e-39,6.140401e-26,4.562046e-33,0.0,1,74.46754,1.0,False,5.1429617e-24,Test
2463,6,-5.2698946,68.95088,-48.535793,-15.485279,-25.126617,5.190844,-11.803019,-52.387104,5.8388197e-33,1.0,0.0,2.1371887e-37,1.3888e-41,2.038769e-28,8.492341e-36,0.0,1,80.7539,1.0,False,1.8754504e-26,Test
2464,5,-4.9902706,54.22715,-37.89549,-12.854291,-19.968931,3.031445,-9.807869,-39.56848,1.9151386e-26,1.0,9.8095e-41,7.360361e-30,5.9848124e-33,5.834285e-23,1.5486192e-28,1.841e-41,1,51.195705,1.0,False,4.310842e-21,Test
2465,4,-3.8107018,36.87673,-25.987534,-8.663765,-14.07919,1.4773601,-6.2961016,-26.783237,2.1363453e-18,1.0,4.9934005e-28,1.6672992e-20,7.4152294e-23,4.2291008e-16,1.7794144e-19,2.2533392e-28,1,50.95592,1.0,False,2.1735816e-14,Test
2466,6,-3.7263043,28.502142,-19.408937,-7.281322,-11.134525,-0.17956533,-5.2435126,-18.818405,1.0077744e-14,1.0,1.5576956e-21,2.880313e-16,6.109631e-18,3.4969767e-13,2.2102846e-15,2.8115556e-21,1,33.745655,1.0,False,1.5061523e-11,Test
2467,6,-5.922755,58.666584,-40.239586,-14.094186,-21.599453,3.0692036,-10.887457,-43.292233,8.896229e-29,1.0,1.11e-43,2.514189e-32,1.3832575e-35,7.1509536e-25,6.2096147e-31,6e-45,1,69.55404,1.0,False,5.7366205e-23,Test
2468,6,-2.0035677,14.296599,-9.562229,-3.7545602,-6.148632,-1.6437198,-2.1393437,-9.435134,8.335416e-08,0.99999976,4.3475234e-11,1.4470421e-08,1.32053e-09,1.1945582e-07,7.277133e-08,4.9367267e-11,1,16.435944,0.99999994,False,7.195802e-06,Test
2469,6,-4.476888,-0.5538802,2.7815366,-1.916243,-1.3525691,-5.823582,-0.16905521,1.4165548,0.00051428424,0.02599824,0.73029286,0.00665698,0.011697087,0.00013376468,0.0382007,0.18650609,2,3.2649014,0.9617993,False,1.2303746,Test
2470,6,-3.7436202,44.5472,-29.857542,-10.749035,-16.292648,2.2884772,-8.093381,-33.714176,1.0655231e-21,1.0,4.8577175e-33,9.663861e-25,3.780854e-27,4.4388543e-19,1.3755833e-23,1.0268725e-34,1,52.64058,1.0,False,2.7137475e-17,Test
2471,6,-4.35657,37.53981,-26.522158,-8.942459,-14.491076,1.2308713,-6.387063,-26.078243,6.37724e-19,1.0,1.5074458e-28,6.501401e-21,2.5308862e-23,1.7030562e-16,8.371471e-20,2.3497975e-28,1,43.926872,1.0,False,8.965362e-15,Test
2472,6,-4.4080215,15.990207,-9.6236925,-5.4065723,-6.555735,-2.6134913,-4.32196,-8.914841,1.3840835e-09,1.0,7.51666e-12,5.0991444e-10,1.6159267e-10,8.3275316e-09,1.5084756e-09,1.5271262e-11,1,20.312166,1.0,False,3.3026578e-07,Test
2473,6,-3.6679537,44.779167,-30.963785,-10.376446,-16.566666,2.3887157,-7.863945,-33.647675,9.11345e-22,1.0,1.2742498e-33,1.1122993e-24,2.2795195e-27,3.891004e-19,1.3721035e-23,8.7027277e-35,1,52.643112,1.0,False,2.3860845e-17,Test
2474,6,-2.450158,4.3305593,-1.525312,-2.1626623,-2.7633905,-4.3486986,-1.4832586,-1.4607707,0.0011213841,0.98760325,0.0028275477,0.0014949007,0.00081982143,0.00016796876,0.002948991,0.0030160595,1,5.826292,0.997051,False,0.12728603,Test
2475,6,-5.583067,64.54744,-45.45985,-14.609683,-23.760235,4.962852,-11.010948,-48.953384,3.48905e-31,1.0,0.0,4.192757e-35,4.451051e-39,1.326608e-26,1.5325306e-33,0.0,1,75.55839,1.0,False,1.1404193e-24,Test
2476,6,-5.694918,62.699883,-43.67903,-14.670663,-22.891706,3.7576697,-11.240571,-46.20449,1.9793222e-30,1.0,0.0,2.5026463e-34,6.7304545e-38,2.5218715e-26,7.7280415e-33,0.0,1,73.94045,1.0,False,2.1446856e-24,Test
2477,4,-5.963776,35.959892,-22.950647,-10.081684,-13.169408,-0.37686923,-8.132465,-23.844187,6.20558e-19,1.0,2.6030262e-26,1.0101769e-20,4.6069815e-22,1.6563229e-16,7.094673e-20,1.0651709e-26,1,49.1293,1.0,False,8.725668e-15,Test
2478,4,-5.386014,26.891994,-17.379955,-7.891309,-10.191717,-1.0796422,-6.286038,-15.971385,9.59046e-15,1.0,5.9283866e-20,7.830757e-16,7.8478284e-17,7.113329e-13,3.899095e-15,2.424769e-19,1,37.08371,1.0,False,2.938226e-11,Test
2479,0,-3.8408082,11.35012,-5.021417,-4.2229223,-4.1311145,-2.3175178,-4.1101713,-7.6225033,2.5273368e-07,0.999998,7.761243e-08,1.7246975e-07,1.8905352e-07,1.159364e-06,1.9305456e-07,5.758298e-09,1,15.190929,0.99999976,False,4.571729e-05,Test
2480,6,-4.6643834,39.589596,-27.338182,-9.431046,-15.164054,1.4094423,-6.687239,-28.662409,6.035889e-20,1.0,8.582907e-30,5.135775e-22,1.6626149e-24,2.6216232e-17,7.984088e-21,2.2831275e-30,1,46.276836,1.0,False,1.4484741e-15,Test
2481,4,-5.5008593,49.989887,-33.432636,-11.985426,-18.17362,2.075979,-9.403295,-37.55161,7.9556455e-25,1.0,5.8892283e-37,1.2146867e-27,2.4943975e-30,1.5532927e-21,1.6064578e-26,9.576597e-39,1,68.163506,1.0,False,1.0743679e-19,Test
2482,6,-1.427547,3.4745903,-3.3790727,-1.1860727,-3.1391444,-2.951308,0.9735644,-3.4342043,0.0067312582,0.90587324,0.0009562236,0.0085697295,0.0012155111,0.0014666792,0.074282356,0.0009049324,1,2.599882,0.92571765,False,0.55954283,Test
2483,4,-5.853761,35.368614,-22.881454,-9.622096,-13.096057,-0.07337622,-7.560635,-23.7936,1.2512684e-18,1.0,5.038678e-26,2.8892317e-20,8.954892e-22,4.0526524e-16,2.2702e-19,2.023839e-26,1,48.464672,1.0,False,2.081243e-14,Test
2484,1,-3.9738383,61.34389,-43.10919,-13.619101,-22.289455,4.8670073,-10.761254,-48.230984,4.2940982e-29,1.0,0.0,2.7796312e-33,4.769788e-37,2.967573e-25,4.843195e-32,0.0,1,-0.0,0.0,True,2.4183516e-23,Test
2485,6,-2.0305297,6.9409657,-2.3520534,-2.8352597,-3.275009,-3.346974,-2.0549905,-4.634815,0.00012691724,0.9995204,9.202052e-05,5.675852e-05,3.6563706e-05,3.402487e-05,0.0001238504,9.386289e-06,1,8.996436,0.99987614,False,0.0071769617,Test
2486,1,-6.584566,105.9308,-75.346825,-22.65587,-38.201538,10.914982,-17.67732,-83.758934,0.0,1.0,0.0,0.0,0.0,5.434e-42,0.0,0.0,1,-0.0,0.0,True,7.44918e-40,Test
2487,4,-4.485588,28.619019,-18.16989,-7.880526,-10.710162,-0.8872985,-6.2524805,-19.879194,4.1961597e-15,1.0,4.7844785e-21,1.4075005e-16,8.309089e-18,1.5330958e-13,7.1696966e-16,8.659503e-22,1,39.32918,1.0,False,6.770538e-12,Test
2488,6,-1.9333951,16.99644,-12.013214,-4.02642,-7.2953978,-0.7317429,-1.9405575,-12.437024,6.010029e-09,1.0,2.5192248e-13,7.4111783e-10,2.819604e-11,1.9987e-08,5.9671383e-09,1.6489556e-13,1,18.936998,1.0,False,8.6183616e-07,Test
2489,6,-4.7425942,-2.271155,4.0763016,-1.091035,-0.8043712,-6.386199,0.11484586,0.92999566,0.0001373029,0.0016255928,0.92827636,0.005290925,0.0070473845,2.6538173e-05,0.017670095,0.03992583,2,4.0358815,0.9823299,False,0.49569103,Test
2490,5,-4.031369,50.800148,-35.480244,-11.785535,-18.9752,2.6837115,-8.78159,-37.965847,1.5380663e-24,1.0,3.3798725e-38,6.5975653e-28,4.9768296e-31,1.2685201e-21,1.3303937e-26,2.81462e-39,1,48.116436,1.0,False,8.818018e-20,Test
2491,6,-3.0408394,37.36413,-26.653671,-8.381813,-14.314078,2.025182,-6.0372386,-28.026945,2.8336437e-18,1.0,1.5755166e-28,1.3576574e-20,3.6011374e-23,4.492522e-16,1.4158776e-19,3.9904044e-29,1,43.401367,1.0,False,2.3079313e-14,Test
2492,6,-2.6540911,3.907843,-4.75288,-1.2907004,-3.445261,-1.3177541,0.3049144,-3.7768946,0.0013577107,0.9607695,0.00016646199,0.005307872,0.0006154697,0.0051661986,0.02617503,0.00044175354,1,3.6429493,0.973825,False,0.2989098,Test
2493,4,-4.5028057,22.666517,-14.765164,-6.543499,-8.834407,-1.1784973,-5.0586805,-13.036212,1.5867663e-12,1.0,5.5414934e-17,2.0618219e-13,2.0860412e-14,4.4080017e-11,9.101228e-13,3.1224978e-16,1,31.500923,1.0,False,1.6246569e-09,Test
2494,1,-4.71227,78.101006,-56.022995,-16.584723,-28.588453,7.4245334,-12.468445,-61.45006,1.0830544e-36,1.0,0.0,7.56e-42,0.0,2.0211412e-31,4.63648e-40,0.0,1,-0.0,0.0,True,2.0608616e-29,Test
2495,6,-5.264572,8.460506,-3.0656192,-4.5882654,-3.8712378,-4.1042185,-3.9277394,-1.2324728,1.0945519e-06,0.9999131,9.868006e-06,2.152547e-06,4.409139e-06,3.4927825e-06,4.166924e-06,6.170993e-05,1,12.388332,0.9999958,False,0.0014308508,Test
2496,6,-3.9668746,85.09554,-60.899967,-17.99926,-30.877335,7.695384,-13.87421,-67.706924,2.09259e-39,1.0,0.0,1e-45,0.0,2.4296116e-34,1.04e-43,0.0,1,98.96976,1.0,False,2.7130486e-32,Test
2497,1,-4.026391,78.90014,-56.180973,-17.241257,-28.777792,6.8136153,-12.950203,-61.69171,9.670882e-37,1.0,0.0,1.763e-42,0.0,4.934237e-32,1.28796e-40,0.0,1,-0.0,0.0,True,5.1316663e-30,Test
2498,6,1.5374793,1.3293918,-1.5082365,-1.2484547,-2.6212687,-4.4769235,0.50730294,-4.381523,0.4349581,0.35324514,0.02068759,0.026824502,0.006797137,0.0010627361,0.15525568,0.0011691151,0,1.862682,0.8447443,False,1.7965468,Test
2499,6,-3.2986493,-1.8303738,0.9158037,-0.7871143,-1.3772831,-6.108093,2.3602068,-0.10342213,0.0024786254,0.010761556,0.16769676,0.030546172,0.01692972,0.0001493087,0.71092045,0.060517438,6,0.34119478,0.28907955,True,1.3738929,Test
2500,6,-2.3597307,-1.3190958,3.438487,-1.9749845,-0.8141866,-6.1448245,-0.49498338,-0.18465239,0.0028170436,0.007975091,0.92881143,0.0041389163,0.013213409,6.396589e-05,0.018182058,0.024798082,2,4.00732,0.98181796,False,0.5319249,Test
2501,6,-3.727592,65.616196,-47.65457,-14.100767,-24.290112,6.274905,-10.423357,-50.869286,7.662588e-31,1.0,0.0,2.3953121e-35,8.99882e-40,1.6920197e-26,9.472021e-34,0.0,1,76.03955,1.0,False,1.4486383e-24,Test
2502,6,-1.3672366,-1.6421975,2.2646441,-1.6929674,-0.92615235,-6.182589,-0.48930502,1.0335706,0.018094337,0.01374449,0.683673,0.013064102,0.02812569,0.00014664311,0.043533493,0.19961813,2,3.1342247,0.9564665,False,1.454248,Test
2503,4,-4.799612,28.374308,-17.991117,-8.021101,-10.433496,-0.7279975,-6.5649376,-18.129778,3.915162e-15,1.0,7.3072126e-21,1.5619779e-16,1.3995385e-17,2.296306e-13,6.700046e-16,6.3611005e-21,1,38.807804,1.0,False,9.87135e-12,Test
2504,6,-6.9249024,-3.3266516,-0.7506529,0.4420978,-2.4277387,-3.1962256,1.7609521,3.4337783,2.5201503e-05,0.00092071865,0.012102331,0.03989092,0.002262142,0.0010489873,0.14915752,0.79459226,7,1.9027524,0.8508425,False,0.9754393,Test
2505,6,-3.2298799,34.599426,-23.052992,-8.653685,-12.823377,0.61170256,-6.6982427,-25.144215,3.7234066e-17,1.0,9.159507e-26,1.6421461e-19,2.5382756e-21,1.7350775e-15,1.1605142e-18,1.1315309e-26,1,41.29767,1.0,False,8.7189316e-14,Test
2506,6,-1.2280916,2.2805238,-0.36507395,-2.320388,-2.0411272,-5.3188815,-1.3336561,-0.7065425,0.024905093,0.8318797,0.05903262,0.008354295,0.0110456515,0.00041656304,0.022410015,0.041956004,1,3.7982473,0.97758996,False,1.0434783,Test
2507,5,-5.003465,60.29377,-42.754757,-13.730999,-22.240513,4.69653,-10.361985,-44.82349,4.383003e-29,1.0,1e-45,7.103183e-33,1.4315773e-36,7.151963e-25,2.0634593e-31,0.0,1,55.59724,1.0,False,5.736995e-23,Test
2508,1,-5.2914495,73.54617,-51.491016,-16.626259,-26.657425,6.1641374,-12.890962,-56.726948,5.7710534e-35,1.0,0.0,6.89621e-40,3.1e-44,5.4494707e-30,2.889547e-38,0.0,1,-0.0,0.0,True,5.2975905e-28,Test
2509,6,-3.3498502,22.27517,-15.138962,-5.746594,-8.932942,-0.7738241,-4.0732574,-14.577209,7.433539e-12,1.0,5.639613e-17,6.7655484e-13,2.7956942e-14,9.771226e-11,3.6059827e-12,9.890431e-17,1,26.348427,1.0,False,3.6896957e-09,Test
2510,4,-6.403645,53.71362,-35.338104,-13.446576,-19.226467,1.8483466,-10.824228,-38.724876,7.787608e-27,1.0,2.115078e-39,6.802964e-30,2.101469e-32,2.9867463e-23,9.366301e-29,7.1528e-41,1,72.94009,1.0,False,2.2355408e-21,Test
2511,1,-4.6712537,78.84789,-55.583286,-17.033688,-28.464611,6.956269,-13.263025,-62.378864,5.346802e-37,1.0,0.0,2.287e-42,0.0,5.9960356e-32,9.9251e-41,0.0,1,-0.0,0.0,True,6.219014e-30,Test
2512,4,-4.7982607,8.583094,-5.3598876,-3.6161072,-4.407458,-3.029229,-2.6819687,-0.7081603,1.5434688e-06,0.99987614,8.8020977e-07,5.033855e-06,2.2815059e-06,9.052707e-06,1.2811259e-05,9.221591e-05,1,12.990675,0.99999774,False,0.0019534437,Test
2513,4,-5.0779557,35.99303,-23.594673,-9.302232,-13.129694,0.58510137,-7.5409737,-24.889929,1.4557831e-18,1.0,1.32248e-26,2.1306785e-20,4.6373616e-22,4.1930693e-16,1.2400015e-19,3.6213253e-27,1,49.122726,1.0,False,2.1514864e-14,Test
2514,5,-4.94545,70.77831,-49.424595,-15.771513,-25.6775,5.5310297,-12.146481,-54.625755,1.2989361e-33,1.0,0.0,2.5815911e-38,1.288e-42,4.6074925e-29,9.687719e-37,0.0,1,65.247284,1.0,False,4.337264e-27,Test
2515,4,-4.952539,23.316353,-15.073377,-6.8778954,-9.047589,-1.2684313,-5.3775373,-12.973036,5.284161e-13,1.0,2.1259485e-17,7.705567e-14,8.800735e-15,2.1036048e-11,3.454634e-13,1.7366724e-16,1,32.36394,1.0,False,7.8574325e-10,Test
2516,4,-3.775547,46.847942,-33.056595,-10.546393,-17.17972,3.0368123,-8.202557,-34.170124,1.0339461e-22,1.0,1.985632e-35,1.1856493e-25,1.5600508e-28,9.3986995e-20,1.2355834e-24,6.5207995e-36,1,64.027664,1.0,False,5.9482107e-18,Test
2517,6,-0.37779573,19.891224,-13.82137,-4.666833,-8.370436,-0.36022145,-2.2617478,-16.684956,1.574985e-09,1.0,2.2845825e-15,2.1605873e-11,5.3225187e-13,1.6029089e-09,2.3937943e-10,1.3036681e-16,1,22.152971,1.0,False,1.0132525e-07,Test
2518,6,-4.0666385,48.37643,-35.042988,-10.578173,-18.507416,3.0730355,-7.339499,-35.798744,1.6759626e-23,1.0,5.9075434e-37,2.4908084e-26,8.968359e-30,2.1134201e-20,6.3515343e-25,2.7745194e-37,1,55.71593,1.0,False,1.382631e-18,Test
2519,6,-5.113113,19.397928,-11.259262,-6.0322256,-7.6729355,-2.488133,-4.7184114,-12.152362,2.2645915e-11,1.0,4.850108e-14,9.032853e-12,1.750948e-12,3.1261124e-10,3.3605188e-11,1.9855623e-14,1,24.11634,1.0,False,1.22435155e-08,Test
2520,6,-2.7501032,22.246166,-15.265799,-5.6807165,-8.775877,-0.5892342,-4.00062,-14.485103,1.3939854e-11,1.0,5.1140094e-17,7.4388965e-13,3.3674242e-14,1.2097955e-10,3.991771e-12,1.1163804e-16,1,26.246786,1.0,False,4.670952e-09,Test
2521,6,-1.455587,2.4207835,-0.7609962,-1.721095,-2.2602868,-4.798264,-0.1818604,-1.2836227,0.017463334,0.8425845,0.03497712,0.013391168,0.0078099896,0.00061719294,0.062416516,0.020740071,1,2.7739253,0.9375835,False,0.9897205,Test
2522,6,-3.2606118,18.36139,-12.0859585,-5.063777,-7.4079585,-1.1317148,-3.7328596,-11.237833,4.0708398e-10,1.0,5.982531e-14,6.707786e-11,6.4344927e-12,3.4217866e-09,2.5385707e-10,1.3970796e-13,1,22.09425,1.0,False,1.195346e-07,Test
2523,4,-5.245214,29.207083,-18.991093,-8.438563,-10.85798,-0.49406067,-6.8317733,-17.451582,1.0903287e-15,1.0,1.1689588e-21,4.474083e-17,3.9807418e-18,1.2617037e-13,2.231123e-16,5.450036e-21,1,40.065063,1.0,False,5.474816e-12,Test
2524,1,-5.4806604,84.27143,-60.404537,-18.268774,-30.726347,8.197662,-14.034812,-65.2169,1.049935e-39,1.0,0.0,3e-45,0.0,9.153393e-34,2.02e-43,0.0,1,-0.0,0.0,True,1.0045976e-31,Test
2525,6,-1.7185917,1.8728868,-0.83647364,-1.3773956,-2.2811933,-5.035504,1.2766811,-2.555625,0.016092664,0.5839655,0.038880058,0.022636408,0.009168393,0.00058359466,0.3217054,0.006968014,1,1.1341192,0.6782946,False,1.4995416,Test
2526,6,-0.22597197,4.728959,-3.0957677,-1.99748,-3.3109596,-3.6732106,0.08594847,-4.5655456,0.006917721,0.9814368,0.00039230744,0.0011765407,0.0003163515,0.00022021464,0.009449927,9.022158e-05,1,4.6617484,0.9905501,False,0.16317837,Test
2527,6,-4.877968,-2.6546624,1.5407318,-0.66751033,-1.1003554,-4.108525,1.872094,-0.12173211,0.00058578205,0.005411348,0.35920462,0.03947431,0.02560545,0.0012644478,0.5003233,0.06813073,6,0.69250077,0.4996767,True,1.673152,Test
2528,1,-4.8232193,75.44593,-53.357864,-16.747818,-27.341415,6.174456,-12.861273,-58.072502,1.3789585e-35,1.0,0.0,9.1362e-41,3e-45,8.237205e-31,4.453158e-39,0.0,1,-0.0,0.0,True,8.232226e-29,Test
2529,6,-6.4231243,108.04304,-77.75901,-22.80533,-39.032867,12.6088,-18.105433,-86.63465,0.0,1.0,0.0,0.0,0.0,3.576e-42,0.0,0.0,1,126.14847,1.0,False,4.92367e-40,Test
2530,5,-6.172246,74.73239,-52.398087,-17.0781,-27.192305,5.221289,-13.042462,-56.326916,7.304007e-36,1.0,0.0,1.34033e-40,6e-45,6.482052e-31,7.583404e-39,0.0,1,69.5111,1.0,False,6.5005017e-29,Test
2531,6,-3.376635,20.542347,-14.877137,-5.121944,-8.700823,-0.5622035,-3.187308,-12.554877,4.0937215e-11,1.0,4.1448986e-16,7.1472646e-12,1.9945859e-13,6.829829e-10,4.947002e-11,4.227248e-15,1,23.729654,1.0,False,2.4174586e-08,Test
2532,1,-5.7191634,49.775833,-35.090313,-11.774185,-18.90859,2.4228063,-8.581609,-36.263493,7.921909e-25,1.0,1.3902708e-37,1.8585176e-27,1.4816072e-30,2.721708e-21,4.5256962e-26,4.3012755e-38,1,-0.0,0.0,True,1.8600353e-19,Test
2533,6,-1.541318,9.238978,-4.633077,-3.311059,-4.201593,-3.2415931,-2.2826676,-5.8846426,2.0804588e-05,0.99995923,9.449859e-07,3.544625e-06,1.4548443e-06,3.7996085e-06,9.912765e-06,2.7031936e-07,1,11.5216875,0.9999901,False,0.00073268614,Test
2534,6,-2.2179563,11.29106,-6.605955,-3.500711,-5.1286755,-2.7969072,-2.11995,-7.4984083,1.3586473e-06,0.99999595,1.6881986e-08,3.7671572e-07,7.396018e-08,7.6150286e-07,1.4985468e-06,6.915692e-09,1,13.411015,0.9999985,False,8.738425e-05,Test
2535,6,-0.66547364,8.126417,-3.6935418,-2.9923034,-4.0779815,-3.4177837,-1.3321682,-6.5355506,0.00015191972,0.9997328,7.3542956e-06,1.4828074e-05,5.007036e-06,9.6894955e-06,7.7996e-05,4.2881703e-07,1,9.458853,0.999922,False,0.003998698,Test
2536,6,-0.8313147,3.2213724,-1.8087022,-1.855562,-2.5533986,-3.7405374,-0.7621322,-1.8454646,0.016405595,0.9441732,0.006173309,0.005890703,0.0029315723,0.0008944018,0.017580759,0.005950486,1,4.0409503,0.98241925,False,0.44468242,Test
2537,6,-4.017932,22.995003,-16.291645,-6.1463656,-9.46615,-0.48229823,-4.2098184,-13.615236,1.8553724e-12,1.0,8.670131e-18,2.2083317e-13,7.985483e-15,6.3670444e-11,1.5314278e-12,1.2600159e-16,1,27.20482,1.0,False,2.2986328e-09,Test
2538,4,-3.970468,27.157347,-18.264408,-6.9655423,-10.354287,-0.16663164,-5.295872,-17.535477,3.0294347e-14,1.0,1.8775147e-20,1.5157129e-15,5.1156872e-17,1.359399e-12,8.049066e-15,3.8918185e-20,1,37.511635,1.0,False,5.540244e-11,Test
2539,6,-3.6870763,57.648315,-41.463505,-12.378398,-21.580534,4.7113566,-8.9607315,-44.773293,2.3034442e-27,1.0,9.1e-44,3.870669e-31,3.9025374e-35,1.0227538e-23,1.1804796e-29,3e-45,1,66.60905,1.0,False,7.813014e-22,Test
2540,6,-3.4131863,43.33429,-29.86618,-10.065377,-16.092024,2.0652368,-7.546601,-32.60233,4.9868894e-21,1.0,1.6197195e-32,6.4390203e-24,1.5541008e-26,1.1942009e-18,7.993009e-23,1.0498981e-33,1,50.88089,1.0,False,7.144381e-17,Test
2541,6,-5.040135,58.231915,-39.73232,-13.348691,-21.235199,3.7933009,-10.274137,-44.868176,3.3212248e-28,1.0,2.84e-43,8.183488e-32,3.0751724e-35,2.2782973e-24,1.7709263e-30,1e-45,1,68.50605,1.0,False,1.7896414e-22,Test
2542,6,-3.7073317,2.4301772,1.7159559,-2.8443925,-1.9392519,-5.236649,-2.5077953,-0.030280704,0.001348042,0.62400734,0.30549726,0.0031950176,0.007898975,0.00029209853,0.004473583,0.053287636,1,5.409566,0.99552643,False,1.3054479,Test
2543,6,-3.4813068,10.0429945,-4.775758,-3.6551156,-4.364851,-2.7857468,-2.9031713,-5.137573,1.3380325e-06,0.9999912,3.6668558e-07,1.1245593e-06,5.5302957e-07,2.6825307e-06,2.3853256e-06,2.5536409e-07,1,12.946175,0.9999976,False,0.00018001269,Test
2544,4,-3.8707783,64.55875,-45.551765,-13.707489,-23.527208,6.2207885,-10.5971155,-51.61999,1.9117623e-30,1.0,0.0,1.0218941e-34,5.55593e-39,4.614729e-26,2.2920513e-33,0.0,1,88.08595,1.0,False,3.884124e-24,Test
2545,6,-3.3950486,15.757208,-8.855659,-4.478836,-6.443449,-1.5922836,-3.2938404,-11.234051,4.8115045e-09,1.0,2.0453535e-11,1.6277878e-09,2.2823236e-10,2.9188497e-08,5.323961e-09,1.8960304e-12,1,19.051048,1.0,False,1.0654956e-06,Test
2546,6,-3.4859784,1.1400732,0.22719252,-1.5055209,-1.9138699,-4.8965282,-0.40419078,1.121646,0.0035913924,0.36671737,0.14718801,0.02602343,0.017298993,0.00087633217,0.078282766,0.3600217,1,2.5474277,0.9217172,False,2.0322292,Test
2547,6,-1.5695549,27.009909,-19.239439,-6.1063514,-10.877936,0.21942984,-3.722715,-21.195791,3.873437e-13,1.0,8.206604e-21,4.147542e-15,3.511708e-17,2.3176216e-12,4.497705e-14,1.1601938e-21,1,30.732624,1.0,False,1.0774222e-10,Test
2548,6,-3.3155642,51.647865,-37.744736,-11.142917,-19.589529,4.3249617,-7.801379,-39.696026,1.34798885e-24,1.0,1.504134e-39,5.3741457e-28,1.1534317e-31,2.804946e-21,1.5188705e-26,2.13725e-40,1,59.449245,1.0,False,1.9160897e-19,Test
2549,6,-4.411355,52.279297,-36.284084,-12.388055,-19.55623,2.5511923,-8.967505,-38.581547,2.3964211e-25,1.0,3.446757e-39,8.2286085e-29,6.3420207e-32,2.5313898e-22,2.516815e-27,3.46449e-40,1,61.246803,1.0,False,1.818065e-20,Test
2550,6,-4.2738566,66.04603,-46.777153,-14.430164,-24.189636,5.275941,-10.761293,-50.32167,2.8871002e-31,1.0,0.0,1.1210682e-35,6.47365e-40,4.0540213e-27,4.395466e-34,0.0,1,76.80732,1.0,False,3.5545636e-25,Test
2551,6,-1.851779,42.115788,-30.140245,-8.9798355,-16.052305,2.8713048,-6.26192,-34.297394,8.037631e-20,1.0,4.164883e-32,6.4484135e-23,5.469141e-26,9.043513e-18,9.768506e-22,6.518965e-34,1,48.37771,1.0,False,5.171953e-16,Test
2552,6,-4.4132085,36.032627,-24.958576,-8.605193,-14.014967,0.6445075,-6.2521873,-25.67402,2.720176e-18,1.0,3.2498022e-27,4.1118812e-20,1.8391065e-22,4.276961e-16,4.3245315e-19,1.589068e-27,1,42.284813,1.0,False,2.2023477e-14,Test
2553,6,-3.6349146,30.765852,-21.367264,-7.6588826,-11.907197,0.14807035,-5.5341425,-20.44746,1.1479848e-15,1.0,2.2849392e-23,2.052812e-17,2.9331204e-19,5.0450655e-14,1.7183527e-16,5.7324723e-23,1,36.299995,1.0,False,2.2956418e-12,Test
2554,4,-3.5581505,29.82995,-20.777052,-7.0750475,-11.436412,0.9006828,-5.224042,-20.021915,3.1603307e-15,1.0,1.05113425e-22,9.383453e-17,1.1974215e-18,2.7301002e-13,5.9737104e-16,2.2367062e-22,1,41.26636,1.0,False,1.1581883e-11,Test
2555,5,-4.6646843,50.074295,-34.525272,-11.772058,-18.550611,2.2167082,-8.930481,-36.7136,1.6871875e-24,1.0,1.8149989e-37,1.3818814e-27,1.5724648e-30,1.6432912e-21,2.3689254e-26,2.0346795e-38,1,47.857586,1.0,False,1.1359461e-19,Test
2556,4,-5.0287266,18.06663,-9.37504,-6.1705866,-6.9032035,-3.079884,-5.3395343,-11.21622,9.3285546e-11,1.0,1.2084658e-12,2.9779023e-11,1.431328e-11,6.5491673e-10,6.8364724e-11,1.916993e-13,1,24.969833,1.0,False,2.7009794e-08,Test
2557,6,-0.6612034,-0.87431973,1.1928414,-1.7867576,-1.3341539,-6.02305,-0.8255795,0.9050248,0.06816633,0.05508263,0.43528262,0.022118105,0.034778535,0.00031985235,0.05783387,0.32641807,2,2.8501806,0.94216615,False,2.0757291,Test
2558,6,-3.8485,51.60597,-36.989544,-11.342129,-19.432116,3.8288107,-8.210336,-39.04702,8.2495573e-25,1.0,3.337781e-39,4.591861e-28,1.4078334e-31,1.78092e-21,1.05222736e-26,4.26491e-40,1,59.816303,1.0,False,1.2282196e-19,Test
2559,6,0.13076675,2.5281088,-3.2883935,-1.4695904,-2.9397826,-2.9686477,0.03258528,-2.884163,0.0753268,0.8281367,0.002466193,0.01520279,0.0034948364,0.0033954002,0.06828259,0.003694727,1,2.6841006,0.9317174,False,0.9701442,Test
2560,6,-3.177046,11.044261,-7.7908554,-3.0498388,-5.544744,-2.0408413,-1.2049727,-7.4539633,6.664405e-07,0.9999918,6.60707e-09,7.568443e-07,6.2442936e-08,2.0759114e-06,4.7887484e-06,9.2537915e-09,1,12.249242,0.99999523,False,0.00016683739,Test
2561,6,-3.2929869,-1.6007885,1.8712436,-1.4950787,-0.9304059,-6.056959,1.7529249,-0.8488486,0.0027400332,0.014882236,0.47923943,0.016541595,0.029094547,0.00017273401,0.4257625,0.031566866,2,0.8538736,0.57423747,False,1.5526048,Test
2562,6,-2.9609647,24.119429,-16.672764,-6.1639957,-9.563825,-0.4641548,-4.418466,-16.233198,1.7343423e-12,1.0,1.9238745e-18,7.0481625e-14,2.3526025e-15,2.1061302e-11,4.0378445e-13,2.985911e-18,1,28.537895,1.0,False,8.3455004e-10,Test
2563,6,-3.325815,-0.94658417,1.7428241,-1.3379644,-1.3007774,-5.419389,0.10089113,2.1942484,0.002145095,0.023159718,0.34097967,0.015658822,0.016252087,0.0002643742,0.06601552,0.5355248,7,2.7178655,0.93398446,False,1.6090885,Test
2564,4,-4.875461,21.718676,-13.241551,-6.687975,-8.2514925,-1.7219983,-5.562038,-12.11297,2.8204147e-12,1.0,6.560938e-16,4.604139e-13,9.640975e-14,6.6045724e-11,1.4195034e-12,2.028163e-15,1,29.97017,1.0,False,2.4207667e-09,Test
2565,4,-3.3608906,40.789253,-27.370174,-9.444809,-14.873179,1.930163,-7.420629,-30.414577,6.696327e-20,1.0,2.5045997e-30,1.526244e-22,6.7005776e-25,1.3295728e-17,1.1553532e-21,1.1928089e-31,1,55.662434,1.0,False,7.497393e-16,Test
2566,6,-3.3670564,13.399233,-8.456973,-3.9466794,-5.894369,-1.7624469,-2.7998886,-9.148434,5.2298972e-08,0.99999964,3.2208508e-10,2.9293115e-08,4.1772936e-09,2.6023505e-07,9.221696e-08,1.6131424e-10,1,16.199121,0.9999999,False,1.0493169e-05,Test
2567,6,-1.0390359,-0.5480907,1.009687,-1.2203468,-1.4652883,-5.60328,-0.09584088,0.6345189,0.05053402,0.0825655,0.39204222,0.042154256,0.032996267,0.00052645075,0.12978013,0.26940116,2,2.0419135,0.8702199,False,2.2971063,Test
2568,4,-5.078764,63.091473,-43.209568,-14.322138,-22.769152,4.485351,-10.936164,-48.265144,2.4776688e-30,1.0,0.0,2.3971507e-34,5.1428494e-38,3.5292712e-26,7.082836e-33,0.0,1,85.86063,1.0,False,2.9842705e-24,Test
2569,4,-5.451237,37.013027,-23.85955,-9.611379,-13.584865,0.039393295,-7.70355,-26.000765,3.6141361e-19,1.0,3.6591097e-27,5.6399884e-21,1.0607532e-22,8.7610325e-17,3.8004755e-20,4.2998866e-28,1,50.597893,1.0,False,4.6982614e-15,Test
2570,6,-2.9249473,29.518164,-20.978424,-6.933399,-11.782249,0.2761207,-4.5467663,-21.02443,8.130846e-15,1.0,1.1738423e-22,1.4766863e-16,1.1573311e-18,1.9968354e-13,1.6061603e-15,1.1210627e-22,1,34.06493,1.0,False,8.891458e-12,Test
2571,4,-6.009352,39.475536,-26.037313,-10.329601,-14.570452,1.7771606,-8.49764,-27.654415,1.7626385e-20,1.0,3.5329024e-29,2.3437083e-22,3.373842e-24,4.2442743e-17,1.4639114e-21,7.011848e-30,1,54.04599,1.0,False,2.3096196e-15,Test
2572,6,-2.814685,3.622489,-1.182581,-2.160311,-2.5387719,-4.6972723,-0.8609408,-1.0937982,0.001546092,0.9657493,0.007907679,0.0029745852,0.0020373373,0.0002353087,0.010907759,0.008641854,1,4.518281,0.98909223,False,0.29456037,Test
2573,6,-4.3372965,30.38208,-20.223001,-7.8610454,-11.6439085,-0.23653583,-5.899339,-20.265274,8.3476987e-16,1.0,1.0531571e-22,2.4616225e-17,5.6020197e-19,5.0408523e-14,1.7505738e-16,1.00956336e-22,1,36.281418,1.0,False,2.2790804e-12,Test
2574,1,-5.8028803,77.71168,-54.52508,-17.336882,-28.245173,6.2643914,-13.064982,-59.76292,5.371416e-37,1.0,0.0,5.259e-42,0.0,9.350543e-32,3.76876e-40,0.0,1,-0.0,0.0,True,9.6382916e-30,Test
2575,6,-3.915581,64.946815,-46.43461,-13.848842,-23.916704,6.2532187,-10.442433,-51.63063,1.240056e-30,1.0,0.0,6.018415e-35,2.553082e-39,3.2336663e-26,1.8149471e-33,0.0,1,75.38925,1.0,False,2.7382938e-24,Test
2576,6,0.18012317,6.2430706,-3.8801382,-2.4249213,-3.4631748,-3.7443836,-1.1618,-4.7361836,0.0023199401,0.99673873,4.000622e-05,0.00017144326,6.070333e-05,4.5823155e-05,0.0006062991,1.6996208e-05,1,7.4081373,0.9993937,False,0.03598991,Test
2577,6,-4.1743045,0.00085787475,1.1734488,-1.3060112,-1.5908688,-5.438087,0.44087815,1.4012667,0.0014875982,0.09676883,0.31259736,0.026192056,0.0196996,0.00042037014,0.15025672,0.39257747,7,1.89541,0.84974325,False,2.058841,Test
2578,6,-1.5886967,13.988394,-8.666023,-4.09746,-5.977584,-2.5364192,-2.837368,-9.663192,1.7177325e-07,0.99999964,1.4498114e-10,1.3976982e-08,2.1324869e-09,6.658323e-08,4.927928e-08,5.3486864e-11,1,16.825762,0.99999994,False,7.506487e-06,Test
2579,4,-5.723529,28.587412,-18.976343,-8.144793,-11.15271,-0.9881526,-6.0758843,-16.992407,1.2558801e-15,1.0,2.2045688e-21,1.1153375e-16,5.5091577e-18,1.4305241e-13,8.8292115e-16,1.6030101e-20,1,39.74012,1.0,False,6.216383e-12,Test
2580,6,-4.1729217,-2.028682,4.9028697,-2.1539237,-0.4486128,-6.2886543,-1.6035486,1.9786047,0.00010773284,0.00091955875,0.9417036,0.00081131194,0.0044647274,1.2986643e-05,0.0014067363,0.050573397,2,6.566483,0.9985933,False,0.36676607,Test
2581,6,-1.4605024,6.937872,-4.006054,-2.2170045,-3.7025454,-3.375338,-0.9159637,-4.786511,0.00022505263,0.9991986,1.7650833e-05,0.000105618354,2.390988e-05,3.316514e-05,0.00038794876,8.087555e-06,1,7.854637,0.99961203,False,0.010950102,Test
2582,6,-3.749235,31.499586,-22.167658,-7.6083083,-12.133449,0.66366005,-5.5308604,-21.101711,4.9162216e-16,1.0,4.927335e-24,1.0367094e-17,1.1230891e-19,4.0562758e-14,8.277173e-17,1.4306969e-23,1,37.030445,1.0,False,1.8345232e-12,Test
2583,5,-6.113314,78.38542,-54.87679,-17.95466,-28.241726,6.1494265,-14.04684,-59.233772,2.0075497e-37,1.0,0.0,1.446e-42,0.0,4.2491993e-32,7.1975e-41,0.0,1,72.23599,1.0,False,4.4283065e-30,Test
2584,6,-2.9331014,34.801624,-25.22141,-7.761066,-13.629719,1.5720795,-5.3157334,-25.284925,4.0927646e-17,1.0,8.5571255e-27,3.2753542e-19,9.258379e-22,3.703324e-15,3.777916e-18,8.030523e-27,1,40.11736,1.0,False,1.8000465e-13,Test
2585,6,-3.0757182,3.8118668,-0.80310553,-2.3661218,-2.5185747,-4.300126,-1.7067218,-0.6084473,0.000989579,0.9698186,0.00960359,0.0020119825,0.0017274866,0.00029086857,0.0038904333,0.011667361,1,5.549235,0.99610955,False,0.2604795,Test
2586,6,-4.700827,46.0268,-32.261887,-10.870042,-17.371504,2.1666071,-7.8411107,-33.113663,9.3169036e-23,1.0,9.992124e-35,1.9499197e-25,2.9273057e-28,8.9487203e-20,4.0314808e-24,4.2632046e-35,1,53.86791,1.0,False,5.6696183e-18,Test
2587,0,-4.0485883,39.721516,-26.062077,-9.730269,-14.577622,1.4425681,-7.68931,-31.268238,9.79232e-20,1.0,2.6949387e-29,3.3370462e-22,2.6192947e-24,2.3750076e-17,2.5688526e-21,1.4775482e-31,1,43.770103,1.0,False,1.3179774e-15,Test
2588,6,-3.2548833,9.793238,-7.1882095,-2.651192,-5.214058,-1.980357,-0.91768765,-5.4164114,2.1540577e-06,0.9999633,4.217307e-08,3.939463e-06,3.0366755e-07,7.705074e-06,2.2299155e-05,2.4803754e-07,1,10.710961,0.9999777,False,0.0006527544,Test
2589,6,-2.0525045,15.877323,-10.618368,-4.368016,-6.6758547,-1.8281482,-2.673611,-10.61145,1.6337077e-08,1.0,3.1121997e-12,1.6127284e-09,1.6042784e-10,2.0446153e-08,8.778732e-09,3.1338044e-12,1,18.550934,1.0,False,1.2323751e-06,Test
2590,6,-1.2503166,10.617414,-6.39587,-3.0654173,-4.8449216,-2.7806506,-1.6312186,-7.6056366,7.0129936e-06,0.9999852,4.0852434e-08,1.1418663e-06,1.9265778e-07,1.5180555e-06,4.7915905e-06,1.218493e-08,1,12.248648,0.99999523,False,0.00028348988,Test
2591,6,-4.4621677,3.025972,-0.6428158,-2.0629835,-2.5159893,-4.557746,-1.4996287,1.4606149,0.00044543005,0.79586107,0.020300325,0.0049060504,0.003118847,0.0004048279,0.008617751,0.16634561,1,4.753931,0.99138224,False,0.93898624,Test
2592,6,-4.136787,-1.7276229,2.5173905,-1.0573685,-1.1524491,-6.0322623,0.696521,1.9499575,0.000716627,0.007972233,0.5561165,0.015583596,0.014170158,0.000107670974,0.090026885,0.3153064,2,2.407647,0.90997314,False,1.5535821,Test
2593,6,-3.2727246,7.246543,-4.0114,-2.767625,-3.7218263,-2.70171,-1.8673062,-3.5616596,2.7003394e-05,0.99972004,1.2900775e-05,4.4748715e-05,1.7233602e-05,4.779772e-05,0.0001100991,2.0227191e-05,1,9.11413,0.9998899,False,0.0043915496,Test
2594,5,-3.4288454,15.689956,-7.980264,-5.1542716,-5.9303083,-2.3118718,-4.4415927,-10.350569,4.975196e-09,1.0,5.2499397e-11,8.860685e-10,4.0779194e-10,1.5202176e-08,1.8070901e-09,4.9061896e-12,1,18.001827,1.0,False,6.258738e-07,Test
2595,6,-1.280986,1.9918172,-1.1080089,-1.8896971,-2.2585983,-4.2637467,0.13730763,-1.4597144,0.028975967,0.7645368,0.034447763,0.015764425,0.010900998,0.0014677144,0.11967271,0.024233561,1,2.1229947,0.8803273,False,1.2874349,Test
2596,6,-5.370723,82.756134,-58.787064,-18.356686,-30.050423,8.48746,-14.2243595,-64.61042,5.33327e-39,1.0,0.0,1.3e-44,0.0,5.5657476e-33,7.62e-43,0.0,1,96.98049,1.0,False,5.963541e-31,Test
2597,4,-4.713476,26.8489,-17.192993,-7.3055544,-10.139512,-0.38427636,-5.7833433,-17.920944,1.9617075e-14,1.0,7.461891e-20,1.4686199e-15,8.632513e-17,1.4886146e-12,6.7297115e-15,3.603328e-20,1,36.98841,1.0,False,5.9773485e-11,Test
2598,4,-5.0213823,23.783293,-16.58003,-6.72954,-9.628556,-0.62212783,-4.819468,-13.286268,3.0923463e-13,1.0,2.9541426e-18,5.6033164e-14,3.0861563e-15,2.5168692e-11,3.7842432e-13,7.9596546e-17,1,33.41185,1.0,False,9.172652e-10,Test
2599,6,-5.101309,19.350815,-10.8463955,-6.4957104,-7.5794992,-2.802118,-5.205662,-11.509105,2.4020256e-11,1.0,7.6827765e-14,5.9565764e-12,2.015179e-12,2.3938856e-10,2.1640023e-11,3.960106e-14,1,24.556477,1.0,False,9.570371e-09,Test
2600,4,-6.5035,4.6450453,-1.9301887,-3.7451682,-3.2006788,-4.7178574,-3.0495095,4.467224,7.825473e-06,0.54357857,0.00075800926,0.00012343522,0.00021276865,4.6666515e-05,0.00024749112,0.45502532,1,8.455305,0.9997872,False,1.0107691,Test
2601,6,-1.81221,6.2499933,-3.563462,-2.479253,-3.433039,-3.5736187,-1.0194722,-3.7963398,0.00031479448,0.99861383,5.4634627e-05,0.00016156012,6.2245825e-05,5.408253e-05,0.0006955188,4.3284304e-05,1,7.2708526,0.9993045,False,0.018028453,Test
2602,6,-3.94379,-0.72835165,0.2591295,-0.5044939,-2.0129752,-4.113676,0.48858243,1.8343081,0.0018553765,0.046225242,0.12409,0.05782283,0.012793055,0.0015654941,0.15609424,0.5995538,7,1.8572953,0.84390575,False,1.7889993,Test
2603,1,-5.02519,35.572098,-24.801958,-9.133959,-13.595296,0.7703442,-6.6071353,-23.195286,2.337882e-18,1.0,6.023952e-27,3.8406713e-20,4.4347857e-22,7.687591e-16,4.806087e-19,3.003652e-26,1,-0.0,0.0,True,3.8766787e-14,Test
2604,6,-3.7998288,71.31823,-51.03434,-15.111848,-26.19582,6.376342,-11.356696,-56.53836,2.3803577e-33,1.0,0.0,2.9100112e-38,4.47e-43,6.2531214e-29,1.2437569e-36,0.0,1,82.67493,1.0,False,5.8588907e-27,Test
2605,6,-2.211687,28.790146,-20.022364,-6.6290264,-11.097916,0.67832637,-4.599397,-20.61695,3.4361728e-14,1.0,6.324079e-22,4.1461794e-16,4.7515463e-18,6.182891e-13,3.155777e-15,3.4895584e-22,1,33.38954,1.0,False,2.6786164e-11,Test
2606,6,-2.0727725,12.671341,-8.570174,-3.4574847,-5.8177915,-2.5026388,-1.6275713,-8.536503,3.9510456e-07,0.99999857,5.955609e-10,9.8932546e-08,9.338377e-09,2.570536e-07,6.166813e-07,6.1595623e-10,1,14.298913,0.9999994,False,3.1405183e-05,Test
2607,4,-4.559827,15.968751,-10.5857,-5.0237975,-6.7798805,-1.6307625,-3.683067,-7.5341573,1.2149319e-09,1.0,2.934597e-12,7.639277e-10,1.3194572e-10,2.2731504e-08,2.9196054e-09,6.206067e-11,1,22.74863,1.0,False,7.256103e-07,Test
2608,6,-2.006627,2.2206364,-0.008738898,-1.8627048,-2.086302,-4.587877,-0.80061984,-0.8053788,0.011665728,0.7994458,0.08601687,0.013471517,0.010772328,0.0008828549,0.03896495,0.038779955,1,3.2450929,0.9610351,False,1.1648346,Test
2609,4,-4.819494,34.43471,-23.108335,-8.634841,-13.105569,0.9065045,-6.450726,-24.006544,8.9560375e-18,1.0,1.0218169e-25,1.9730161e-19,2.2569348e-21,2.747168e-15,1.75259e-18,4.1618462e-26,1,47.54028,1.0,False,1.3350618e-13,Test
2610,6,-1.5427208,14.707231,-10.441711,-3.526063,-6.619127,-0.95937485,-1.7528424,-11.318868,8.7646804e-08,0.99999976,1.1966127e-11,1.206094e-08,5.4711774e-10,1.5706513e-07,7.103638e-08,4.9774746e-12,1,16.460073,0.99999994,False,7.9703495e-06,Test
2611,6,-1.7457304,0.26761705,0.41640228,-1.2558572,-1.6806041,-5.190429,0.066881634,0.7119476,0.026515769,0.19855917,0.23041277,0.04327663,0.028300121,0.0008462344,0.16244699,0.3096423,7,1.8174036,0.837553,False,2.3897972,Test
2612,6,1.2194822,0.22608688,-0.28565624,-1.6915557,-1.9640563,-5.9513516,-0.85705686,-1.2888424,0.5275101,0.19534607,0.11710016,0.028706688,0.021859368,0.00040548737,0.06613043,0.0429417,0,2.7161264,0.9338696,False,2.035633,Test
2613,4,-4.39965,17.45141,-10.504269,-5.5033383,-6.941931,-1.8584989,-4.3333645,-9.513279,3.237463e-10,1.0,7.227746e-13,1.07369155e-10,2.5474553e-11,4.1097246e-09,3.4593342e-10,1.947082e-12,1,24.393341,1.0,False,1.4012528e-07,Test
2614,4,-5.0656066,4.4973454,-2.0345323,-2.783459,-2.9536846,-3.7008283,-2.1960812,1.9487981,6.492809e-05,0.92378294,0.0013452765,0.00063614576,0.000536573,0.00025418412,0.0011445946,0.07223537,1,7.530308,0.99946344,False,0.4200497,Test
2615,6,-3.48189,-1.9789035,0.14643332,-0.6303003,-1.5656614,-5.4920936,3.3809197,-1.8137208,0.0009720617,0.0043695085,0.03659777,0.016831527,0.006605435,0.00013021872,0.9293391,0.0051543093,6,0.07328157,0.07066089,True,0.50475127,Test
2616,4,-5.3584523,25.61027,-15.311512,-7.6937227,-9.506585,-1.8152279,-6.410444,-16.37206,3.5518548e-14,1.0,1.6900333e-18,3.437633e-15,5.6097483e-16,1.2281685e-12,1.2404541e-14,5.8520175e-19,1,35.116856,1.0,False,5.094817e-11,Test
2617,6,-1.9824021,4.0176244,-2.8781588,-1.8531667,-3.1471374,-3.7860343,0.042990573,-1.6775137,0.002407329,0.9712118,0.0009829089,0.00273944,0.00075109967,0.00039648626,0.01824536,0.0032654796,1,4.0038443,0.98175466,False,0.23964135,Test
2618,6,-3.275602,35.44639,-24.267809,-8.722087,-13.310127,0.8105333,-6.4653172,-25.034914,1.5249444e-17,1.0,1.165345e-26,6.574679e-20,6.688279e-22,9.074831e-16,6.2802623e-19,5.4113424e-27,1,41.911705,1.0,False,4.6240115e-14,Test
2619,6,-1.3165139,-0.8828306,2.2916594,-2.0533285,-1.0500491,-6.1658263,-1.143569,1.0202297,0.018950297,0.029238988,0.69923925,0.009070298,0.024736615,0.0001484522,0.022528129,0.19608794,2,3.7929907,0.9774719,False,1.3979526,Test
2620,4,-4.275201,45.15664,-30.8223,-10.612191,-16.412783,2.6210215,-8.598121,-33.508865,3.4042786e-22,1.0,1.0063855e-33,6.0242803e-25,1.822807e-27,3.3652388e-19,4.5144415e-24,6.854969e-35,1,61.56942,1.0,False,2.0675776e-17,Test
2621,6,1.3921162,9.155096,-6.1039004,-2.9953077,-4.5750647,-3.6701405,-0.95557225,-8.381656,0.00042498566,0.99952495,2.3599101e-07,5.283726e-06,1.0885806e-06,2.690694e-06,4.0624334e-05,2.4192433e-08,1,10.111143,0.99995935,False,0.0062073646,Test
2622,1,-5.764925,71.39236,-49.699265,-16.178837,-26.047735,4.928044,-12.3933735,-54.67976,3.0975553e-34,1.0,0.0,9.296343e-39,4.8e-43,1.3643226e-29,4.0956277e-37,0.0,1,-0.0,0.0,True,1.3082524e-27,Test
2623,4,-5.222324,48.191433,-32.521893,-11.600506,-17.650988,2.1120706,-9.005073,-35.156147,6.3489214e-24,1.0,8.843988e-36,1.0781792e-26,2.540968e-29,9.7272e-21,1.4450167e-25,6.3475475e-37,1,65.84242,1.0,False,6.4715147e-19,Test
2624,6,-5.213902,99.25011,-70.988846,-21.18748,-36.10208,9.181733,-16.049007,-78.37077,0.0,1.0,0.0,0.0,0.0,7.65248e-40,0.0,0.0,1,115.29912,1.0,False,9.943719e-38,Test
2625,6,-4.673581,83.6703,-59.82027,-17.898869,-30.327814,7.9642234,-13.841135,-66.56284,4.292766e-39,1.0,0.0,8e-45,0.0,1.322112e-33,4.48e-43,0.0,1,97.51144,1.0,False,1.4440264e-31,Test
2626,6,-0.81999004,4.504139,-2.592438,-2.2130113,-3.0601344,-3.9104123,-0.87493926,-2.0037541,0.004806482,0.98643214,0.00081670104,0.0011935646,0.0005116171,0.00021861213,0.0045494945,0.0014713809,1,5.3927393,0.9954505,False,0.133913,Test
2627,4,-4.7376328,53.041706,-35.99934,-12.2036915,-19.344511,3.3455253,-9.44856,-40.597816,8.0677415e-26,1.0,2.13779e-39,4.6161832e-29,3.656505e-32,2.6134987e-22,7.258097e-28,2.1521e-41,1,72.386215,1.0,False,1.874465e-20,Test
2628,4,-5.0921187,34.71321,-21.72623,-9.449778,-12.434813,-0.3554801,-7.905321,-24.229122,5.1613762e-18,1.0,3.0807888e-25,6.610869e-20,3.3409708e-21,5.886551e-16,3.0974724e-19,2.5215637e-26,1,47.148026,1.0,False,3.0101965e-14,Test
2629,6,-5.9085712,-1.3741351,6.4706535,-2.665253,-0.90966356,-6.090974,-3.1191866,-0.12669122,4.1942976e-06,0.0003907868,0.99744344,0.00010745203,0.00062180933,3.4949649e-06,6.824545e-05,0.0013604977,2,9.5924,0.99993175,False,0.030184353,Test
2630,6,-5.204135,18.359545,-7.4886,-6.346185,-7.2678742,-1.9123137,-6.0233445,-17.054642,5.840155e-11,1.0,5.9469387e-12,1.8639644e-11,7.415724e-12,1.5705213e-09,2.5742217e-11,4.166919e-16,1,24.382889,1.0,False,4.998288e-08,Test
2631,6,-5.432313,65.39618,-45.919563,-14.893243,-23.984358,4.5917044,-11.137858,-49.001476,1.7361095e-31,1.0,0.0,1.3512866e-35,1.522387e-39,3.9169906e-27,5.7768494e-34,0.0,1,76.534035,1.0,False,3.4362527e-25,Test
2632,6,-5.69361,78.2607,-55.21521,-17.36691,-28.580677,6.4311075,-13.260668,-60.58633,3.46025e-37,1.0,0.0,2.947e-42,0.0,6.379777e-32,1.78968e-40,0.0,1,91.52136,1.0,False,6.6112894e-30,Test
2633,6,-2.8298035,29.651403,-20.463928,-6.954698,-11.327344,0.73256266,-5.0476475,-21.065586,7.826908e-15,1.0,1.718649e-22,1.2652371e-16,1.5964516e-18,2.7587172e-13,8.519099e-16,9.416557e-23,1,34.69905,1.0,False,1.1925858e-11,Test
2634,5,-5.2753463,56.961674,-40.17287,-13.301654,-21.028433,3.5688236,-9.906959,-41.028793,9.349884e-28,1.0,6.53e-43,3.055091e-31,1.3468768e-34,6.483064e-24,9.1059066e-30,2.77e-43,1,53.39285,1.0,False,4.994727e-22,Test
2635,6,0.7625435,3.362834,-1.4632539,-2.0158803,-2.6183105,-4.0382867,-0.8540428,-4.020372,0.0671729,0.9046611,0.0072534154,0.004173879,0.002285114,0.0005523573,0.013338885,0.00056234177,1,4.317072,0.98666114,False,0.59219116,Test
2636,6,0.095187545,0.8977904,-1.4816362,-1.2515898,-2.294922,-4.8135533,1.9552102,-3.6776204,0.09761888,0.21782103,0.020171026,0.02538843,0.008943804,0.0007206008,0.6270922,0.0022440066,6,0.4666617,0.37290782,True,1.5650841,Test
2637,5,-5.712288,64.713196,-45.301376,-14.99578,-23.721415,4.221619,-11.3551,-47.981445,2.597772e-31,1.0,0.0,2.4145225e-35,3.920465e-39,5.3560158e-27,9.203601e-34,0.0,1,60.491577,1.0,False,4.674508e-25,Test
2638,5,-6.1711745,71.63227,-50.04411,-16.573399,-25.983055,4.9181337,-12.732776,-53.238934,1.6232808e-34,1.0,0.0,4.929045e-39,4.04e-43,1.062722e-29,2.294706e-37,0.0,1,66.714134,1.0,False,1.0228684e-27,Test
2639,4,-6.371874,45.645172,-28.213127,-12.072154,-16.18488,0.3519133,-10.246408,-33.868553,2.5661663e-23,1.0,8.389734e-33,8.583874e-26,1.4045909e-27,2.13495e-20,5.3283876e-25,2.9351336e-35,1,61.83005,1.0,False,1.3970454e-18,Test
2640,4,-6.1991396,35.303535,-21.059895,-9.940107,-12.721438,-0.8533817,-8.2127,-25.47652,9.454045e-19,1.0,3.3240944e-25,2.2435449e-20,1.3900116e-21,1.982669e-16,1.2622319e-19,4.0138125e-27,1,48.024975,1.0,False,1.0408368e-14,Test
2641,0,-4.496547,31.58768,-21.459295,-7.8566914,-11.988465,1.4767725,-5.994736,-23.234922,2.1321545e-16,1.0,9.1620325e-24,7.405016e-18,1.1888324e-19,8.375265e-14,4.766108e-17,1.5518394e-24,1,36.08423,1.0,False,3.6524e-12,Test
2642,6,-3.6291792,14.047706,-8.445117,-4.428355,-6.0723586,-2.7090292,-3.303219,-8.053867,2.103905e-08,1.0,1.7040849e-10,9.461255e-09,1.8279627e-09,5.2801045e-08,2.9146662e-08,2.5200456e-10,1,17.350925,1.0,False,3.0334058e-06,Test
2643,4,-4.5272427,45.724957,-32.03205,-10.809604,-16.949436,2.3063266,-8.14741,-32.283108,1.498815e-22,1.0,1.700444e-34,2.8012512e-25,6.0374996e-28,1.3916472e-19,4.013543e-24,1.3229034e-34,1,62.674393,1.0,False,8.728457e-18,Test
2644,6,-4.243964,18.168736,-9.996278,-5.7387514,-7.0612926,-2.1774492,-4.6583314,-12.078826,1.8462384e-10,1.0,5.8626037e-13,4.1410528e-11,1.1034128e-11,1.4580239e-09,1.219919e-10,7.30551e-14,1,22.827066,1.0,False,5.4642065e-08,Test
2645,6,-2.267696,-1.557872,-0.08457839,-0.77372396,-1.4617696,-2.927171,0.7076828,-0.9108603,0.023474652,0.047738828,0.20831239,0.10457382,0.05255433,0.012139276,0.4600338,0.09117282,6,0.7764553,0.5399662,True,2.2796257,Test
2646,6,-1.3857893,11.570159,-7.026853,-3.448946,-5.2323394,-2.3397415,-2.0199316,-7.964868,2.3621155e-06,0.999995,8.383364e-09,3.0011202e-07,5.0438913e-08,9.099232e-07,1.2528423e-06,3.2812824e-09,1,13.5900955,0.99999875,False,0.00010206943,Test
2647,6,-0.9233846,5.8712535,-3.2169724,-2.3890529,-3.3811493,-3.762187,-0.94922745,-3.5788262,0.0011166114,0.9971854,0.00011267028,0.00025785196,9.561108e-05,6.531698e-05,0.0010881248,7.846182e-05,1,6.8232994,0.99891186,False,0.0335229,Test
2648,6,-5.295599,12.205481,-6.718167,-4.7283907,-5.487011,-3.4577096,-3.669536,-4.9324775,2.5082885e-08,0.9999995,6.04734e-09,4.422955e-08,2.0713253e-08,1.5760241e-07,1.2751681e-07,3.606442e-08,1,15.875017,0.9999999,False,1.03831535e-05,Test
2649,4,-4.6699204,27.114197,-17.307419,-7.5087137,-10.103286,-0.69074905,-6.0944376,-17.494385,1.5715692e-14,1.0,5.104315e-20,9.193088e-16,6.8651855e-17,8.403609e-13,3.781584e-15,4.2338865e-20,1,37.217484,1.0,False,3.466171e-11,Test
2650,4,-1.6265956,25.426105,-17.294582,-5.58062,-9.850607,1.1406081,-3.9020789,-20.851301,1.7830389e-12,1.0,2.7966684e-19,3.419403e-14,4.781006e-16,2.8375425e-11,1.8320253e-13,7.979551e-21,1,35.27671,1.0,False,1.073073e-09,Test
2651,4,-4.989986,7.39139,-2.8058803,-3.760208,-3.5157435,-3.7862883,-3.319821,-0.9798509,4.194577e-06,0.9996582,3.725918e-05,1.4347429e-05,1.8320776e-05,1.3978083e-05,2.2285994e-05,0.00023134917,1,10.9074745,0.9999817,False,0.004999089,Test
2652,6,-2.3817787,1.9003336,0.51722735,-2.1564991,-2.0119617,-5.219309,-1.1930835,0.4897717,0.008676401,0.6281123,0.1575295,0.01086869,0.012558825,0.0005081781,0.028482841,0.15326326,1,3.5584536,0.97151715,False,1.6175649,Test
2653,4,-3.869185,34.87224,-24.067305,-8.330105,-13.038172,1.2029324,-6.3609686,-24.180141,1.4955918e-17,1.0,2.5286049e-26,1.7276701e-19,1.5587418e-21,2.3856522e-15,1.2377856e-18,2.258798e-26,1,47.910408,1.0,False,1.1680237e-13,Test
2654,6,-1.1711366,5.5036125,-3.7969494,-2.1368117,-3.3898606,-3.2690654,0.06813175,-4.215656,0.0012541793,0.9934968,9.077865e-05,0.0004774989,0.00013638932,0.00015390072,0.004330791,5.9723006e-05,1,5.442005,0.9956692,False,0.06646766,Test
2655,4,-5.387432,38.64853,-25.075598,-10.209393,-14.073821,0.17313965,-8.222333,-26.717773,7.5062854e-20,1.0,2.1133068e-28,6.0433016e-22,1.26757554e-23,1.9514233e-17,4.4080213e-21,4.0904916e-29,1,52.72235,1.0,False,1.0883113e-15,Test
2656,6,-3.1901772,8.22054,-5.726083,-2.5876365,-4.606513,-1.9315379,-1.0058116,-3.661036,1.1074159e-05,0.9998209,8.769622e-07,2.0229772e-05,2.686605e-06,3.8987993e-05,9.839398e-05,6.9154285e-06,1,9.226531,0.9999016,False,0.0028228115,Test
2657,6,-2.2343547,21.19463,-14.63104,-5.133689,-8.703503,-0.81426734,-3.2551818,-14.728611,6.682234e-11,1.0,2.7612766e-16,3.6792227e-12,1.0361106e-13,2.7647581e-10,2.4075849e-11,2.5045795e-16,1,24.449812,1.0,False,1.20308385e-08,Test
2658,6,-2.005705,1.3397425,0.31799287,-1.5390657,-1.7419884,-4.275912,-0.1642714,-0.39854532,0.018559586,0.5265962,0.18955596,0.0295956,0.024160115,0.0019170346,0.11702881,0.09258675,1,2.1453352,0.88297117,False,2.0262163,Test
2659,4,-3.3866572,21.208984,-14.76422,-5.386944,-8.652272,-0.23275469,-3.8124986,-13.549958,2.0808863e-11,1.0,2.3825134e-16,2.815368e-12,1.0750321e-13,4.8749643e-10,1.3592778e-11,8.0238616e-16,1,29.861256,1.0,False,1.6421929e-08,Test
2660,6,-4.2411966,53.754433,-37.51136,-12.392203,-19.725498,3.9478774,-9.480647,-40.624146,6.4985825e-26,1.0,2.31084e-40,1.874479e-29,1.2248131e-32,2.3403847e-22,3.4463024e-28,1.0279e-41,1,63.23508,1.0,False,1.6822461e-20,Test
2661,6,-3.7061448,35.619457,-24.966963,-8.518401,-13.82827,0.9005448,-5.8537426,-25.070868,8.338874e-18,1.0,4.8713902e-27,6.7790876e-20,3.3506182e-22,8.3515527e-16,9.736862e-19,4.3906384e-27,1,41.473198,1.0,False,4.2367633e-14,Test
2662,6,-2.3795729,2.030614,1.5782062,-2.5200863,-1.6704545,-5.3027864,-1.8704185,-0.2744728,0.006736163,0.55428404,0.35257718,0.0058531333,0.013689222,0.00036214053,0.0112081915,0.05528992,1,4.4911103,0.9887918,False,1.486585,Test
2663,6,-1.9055207,5.412427,-1.5337363,-3.0438123,-2.8315842,-4.0829735,-2.228452,-2.2093403,0.00066144153,0.99686337,0.00095930183,0.00021190314,0.00026200357,7.496104e-05,0.00047889928,0.00048813986,1,7.64402,0.9995211,False,0.038503762,Test
2664,6,-3.9813218,-1.5315822,1.7372674,-1.0612489,-1.252575,-6.099448,1.8779751,-0.09284734,0.0013327097,0.01543988,0.40577683,0.024711952,0.020408692,0.00016026733,0.4670849,0.06508464,6,0.7612442,0.5329151,True,1.6516913,Test
2665,6,-5.488624,-2.3963985,1.5546211,-0.3473609,-1.7445803,-5.6297817,1.36884,2.8072162,0.00015772092,0.0034739675,0.18060584,0.026959483,0.0066666375,0.00013695727,0.14998509,0.63201433,7,1.8972194,0.8500149,False,1.4956943,Test
2666,6,-4.798207,51.899277,-36.240005,-11.860114,-19.307566,3.305165,-8.745311,-38.500427,2.3801043e-25,1.0,5.267397e-39,2.0400837e-28,1.1892197e-31,7.867652e-22,4.596104e-27,5.49424e-40,1,60.64459,1.0,False,5.5177225e-20,Test
2667,6,-5.704231,-2.9031405,3.3224726,-0.58965015,-1.0823349,-6.2969847,0.7782739,2.4816935,7.780786e-05,0.0012809179,0.6475462,0.0129496325,0.007912016,4.3012384e-05,0.050855655,0.27933478,2,2.9787638,0.94914436,False,1.2889224,Test
2668,6,-4.1229453,15.961417,-10.212006,-5.0509434,-6.727511,-2.2257948,-3.6448233,-7.8995967,1.894403e-09,1.0,4.2956264e-12,7.4894196e-10,1.4006303e-10,1.2629734e-08,3.0557485e-09,4.33804e-11,1,19.606241,1.0,False,5.0165636e-07,Test
2669,4,-5.4763794,25.060913,-14.537678,-7.5510387,-9.109378,-1.6946498,-6.526775,-16.980461,5.467923e-14,1.0,6.346737e-18,6.8676546e-15,1.4455422e-15,2.3999728e-12,1.9126751e-14,5.5164944e-19,1,34.17029,1.0,False,9.63146e-11,Test
2670,5,-4.9384875,42.51562,-29.757027,-10.454639,-15.873135,1.8534378,-7.8012066,-29.08008,2.4600404e-21,1.0,4.0962787e-32,9.892546e-24,4.3861708e-26,2.1909818e-18,1.4050125e-22,8.060857e-32,1,40.66218,1.0,False,1.2870922e-16,Test
2671,4,-4.942759,85.956665,-61.6243,-18.137037,-31.24467,9.233174,-14.10374,-68.932724,3.33337e-40,1.0,0.0,0.0,0.0,4.7798314e-34,3.5e-44,0.0,1,117.20134,1.0,False,5.2907326e-32,Test
2672,6,-0.7014047,10.925179,-6.7538085,-3.2027237,-4.8055425,-2.3037763,-1.9512315,-8.150661,8.925508e-06,0.9999858,2.0994577e-08,7.316846e-07,1.4730881e-07,1.7977611e-06,2.5576446e-06,5.19352e-09,1,12.876424,0.99999744,False,0.0002709376,Test
2673,4,-4.4265175,17.791975,-11.232175,-5.8080196,-7.0579014,-1.756163,-4.672707,-9.0837145,2.2419779e-10,1.0,2.48297e-13,5.631869e-11,1.6137484e-11,3.2385579e-09,1.7527207e-10,2.128315e-12,1,24.849876,1.0,False,1.0678985e-07,Test
2674,6,-1.1641146,7.512728,-5.3696275,-2.3092127,-4.2869883,-2.5189154,-0.56965655,-5.0609603,0.00017038778,0.9994092,2.5410159e-06,5.4216114e-05,7.502247e-06,4.3959804e-05,0.0003087508,3.4598702e-06,1,8.082976,0.99969125,False,0.008227841,Test
2675,6,-2.888927,0.33046812,-0.5997327,-0.49798074,-2.550505,-4.8588557,1.08104,0.100077145,0.008251189,0.20638685,0.08141434,0.090134546,0.011574208,0.001150767,0.43717092,0.1639172,6,0.827431,0.5628291,True,2.1697035,Test
2676,1,-4.5861216,80.711716,-57.25614,-17.53959,-29.22227,7.3555193,-13.523303,-62.97075,9.028599e-38,1.0,0.0,2.14e-43,0.0,1.3861491e-32,1.1865e-41,0.0,1,-0.0,0.0,True,1.4669813e-30,Test
2677,6,-3.7881777,62.959156,-45.662655,-13.531399,-23.650051,5.6444573,-9.65166,-48.889214,1.0280157e-29,1.0,0.0,6.033567e-34,2.4327598e-38,1.2839356e-25,2.9209415e-32,0.0,1,72.61082,1.0,False,1.0617552e-23,Test
2678,6,-2.8660004,40.589573,-28.920391,-9.130572,-15.531465,2.415897,-6.3339243,-30.984873,1.3411705e-19,1.0,6.4894247e-31,2.5516134e-22,4.235879e-25,2.6386595e-17,4.1820046e-21,8.234028e-32,1,46.923496,1.0,False,1.4618979e-15,Test
2679,6,-3.1494684,11.64127,-6.851103,-3.5032318,-5.1960583,-2.4209304,-2.254863,-7.441359,3.771056e-07,0.9999976,9.308155e-09,2.647436e-07,4.871249e-08,7.81381e-07,9.225402e-07,5.1584452e-09,1,13.896134,0.9999991,False,5.3191732e-05,Test
2680,4,-5.637199,70.22791,-48.65584,-15.842121,-25.450994,5.0662084,-12.136714,-53.926487,1.1277176e-33,1.0,0.0,4.1711664e-38,2.8e-42,5.0191603e-29,1.6962829e-36,0.0,1,95.67891,1.0,False,4.7185588e-27,Test
2681,6,-4.5424056,-2.7431529,2.878513,-0.8687664,-0.9756303,-6.9336843,2.0663464,0.3178365,0.00038122636,0.002304562,0.63686424,0.015018412,0.013496268,3.4886994e-05,0.28270102,0.049199328,2,1.2633654,0.717299,False,1.3434436,Test
2682,6,0.031985827,4.7743287,-3.4438603,-1.8382714,-3.245055,-4.023716,-0.014088314,-4.392119,0.008553613,0.9811219,0.0002646115,0.0013179749,0.00032281148,0.00014817703,0.008168455,0.00010251451,1,4.8074756,0.99183154,False,0.16512898,Test
2683,6,-4.875329,51.148594,-35.68032,-11.939194,-18.922968,2.849418,-8.917395,-37.317413,4.667882e-25,1.0,1.9528993e-38,3.9932082e-28,3.700893e-31,1.0566586e-21,8.1973495e-27,3.799294e-39,1,60.065987,1.0,False,7.366748e-20,Test
2684,6,-1.6032484,22.907366,-16.786434,-5.081316,-9.494861,0.65037787,-2.8890135,-17.090265,2.2655593e-11,1.0,5.770333e-18,6.993103e-13,8.470173e-15,2.1573107e-10,6.2628917e-12,4.2584304e-18,1,25.79638,1.0,False,7.989983e-09,Test
2685,6,-5.3415055,-2.919297,2.5552611,-0.46839237,-1.059672,-5.7322307,2.0564709,-0.21740079,0.00021252522,0.0023953137,0.57139003,0.02778284,0.015381093,0.00014378736,0.3469851,0.035709262,2,1.0584735,0.6530149,False,1.4244539,Test
2686,4,-5.6523104,44.863407,-29.882519,-11.431168,-16.279917,1.221068,-9.003671,-30.753977,1.1516036e-22,1.0,3.453479e-33,3.56104e-25,2.7912002e-27,1.1126883e-19,4.034835e-24,1.4447297e-33,1,61.143326,1.0,False,7.014509e-18,Test
2687,6,-3.7310343,11.124442,-6.462921,-3.8495939,-4.966431,-2.9356756,-2.9439752,-4.6578054,3.5346582e-07,0.9999974,2.3009312e-08,3.1394788e-07,1.02759316e-07,7.8301e-07,7.7653806e-07,1.3991227e-07,1,14.06842,0.9999992,False,5.5768152e-05,Test
2688,6,-3.456383,36.303967,-25.04366,-8.809067,-13.636021,1.8398476,-6.6367354,-26.646105,5.398831e-18,1.0,2.2754362e-27,2.5565752e-20,2.0480433e-22,1.077515e-15,2.2443506e-19,4.5827965e-28,1,42.9407,1.0,False,5.3900623e-14,Test
2689,6,-4.4090314,55.569073,-38.641197,-12.9072895,-20.492884,3.236047,-9.797122,-42.37996,8.950361e-27,1.0,1.2162e-41,1.824286e-30,9.262138e-34,1.87092e-23,4.0909286e-29,2.89e-43,1,65.366196,1.0,False,1.4133342e-21,Test
2690,4,-4.505846,32.13195,-20.907034,-8.29759,-11.8594885,0.34043166,-6.6945376,-21.968231,1.2257673e-16,1.0,9.235512e-24,2.7648576e-18,7.848026e-20,1.5599787e-14,1.3736317e-17,3.1958741e-24,1,43.99144,1.0,False,7.229062e-13,Test
2691,6,-5.3689513,29.871967,-19.72572,-8.161731,-11.688328,-0.8336586,-5.849779,-18.82077,4.9552333e-16,1.0,2.8840204e-22,3.0351096e-17,8.92469e-19,4.6207904e-14,3.063669e-16,7.12874e-22,1,35.72175,1.0,False,2.0896583e-12,Test
2692,4,-4.338517,30.84738,-20.417524,-8.028829,-11.452993,0.06459986,-6.3861527,-20.464375,5.235507e-16,1.0,5.4442125e-23,1.3070038e-17,4.257762e-19,4.2776834e-14,6.755889e-17,5.1950425e-23,1,42.300373,1.0,False,1.930691e-12,Test
2693,6,-2.5660865,8.654609,-4.4811296,-3.620123,-4.0125093,-3.54093,-2.6716144,-3.605313,1.3393508e-05,0.99995506,1.9733395e-06,4.6680157e-06,3.1529785e-06,5.052722e-06,1.205214e-05,4.737661e-06,1,11.326268,0.99998796,False,0.00082913827,Test
2694,6,-1.2150959,26.110027,-19.102144,-5.704279,-10.687266,0.9909781,-2.721987,-21.829594,1.3578442e-12,1.0,2.3152748e-20,1.5248333e-14,1.04505224e-16,1.232922e-11,3.0089527e-13,1.513865e-21,1,28.832014,1.0,False,5.135503e-10,Test
2695,1,-5.9940343,77.227066,-54.51631,-17.617752,-28.003944,5.7681365,-13.474036,-58.02885,7.2033674e-37,1.0,0.0,6.447e-42,0.0,9.2423114e-32,4.06454e-40,0.0,1,-0.0,0.0,True,9.528304e-30,Test
2696,6,-4.5655847,71.810425,-51.818348,-15.524289,-26.410643,6.3284974,-11.702208,-55.180298,6.765838e-34,1.0,0.0,1.177645e-38,2.2e-43,3.6438534e-29,5.381753e-37,0.0,1,83.512634,1.0,False,3.442439e-27,Test
2697,6,-4.3476543,65.107765,-46.453606,-14.011953,-24.014076,6.068125,-10.619762,-51.374386,6.853205e-31,1.0,0.0,4.3525321e-35,1.97186e-39,2.2877529e-26,1.2940597e-33,0.0,1,75.72752,1.0,False,1.9486898e-24,Test
2698,6,-2.9362893,-2.012591,2.239833,-1.2229548,-1.1154027,-6.0685654,0.05860275,2.1942005,0.002622157,0.006604134,0.46410927,0.014546234,0.016197942,0.00011437437,0.052399114,0.4434067,2,2.9488654,0.9476009,False,1.5140917,Test
2699,4,-7.7200885,57.540447,-37.360184,-14.6151705,-20.905693,1.1966399,-11.456238,-42.389908,4.5468356e-29,1.0,6.098e-42,4.6048322e-32,8.5364205e-35,3.3899668e-25,1.0842234e-30,3.9e-44,1,78.44614,1.0,False,2.7560392e-23,Test
2700,6,-1.6308452,16.721596,-10.908688,-4.2715178,-6.930165,-1.3560914,-2.7738266,-12.069313,1.0706211e-08,1.0,1.000738e-12,7.6349504e-10,5.34775e-11,1.409161e-08,3.4138594e-09,3.135214e-13,1,19.495422,1.0,False,7.72005e-07,Test
2701,0,0.9881227,20.97471,-10.237862,-5.770899,-8.584636,-2.2736316,-3.962225,-21.434177,2.088985e-09,1.0,2.7832496e-14,2.4239825e-12,1.4539165e-13,8.005217e-11,1.4791989e-11,3.8199105e-19,1,19.986588,1.0,False,6.355307e-08,Test
2702,6,-0.15061705,-1.0535762,1.1720281,-1.5423512,-1.3401501,-6.165194,0.2122832,-0.5993489,0.12836832,0.052036446,0.48180944,0.031917974,0.03907061,0.00031358856,0.18452848,0.08195511,2,1.6899514,0.81547153,False,2.2003539,Test
2703,6,-1.9847398,28.626839,-19.73465,-6.82141,-11.052244,0.4558235,-4.832106,-21.150677,5.0764558e-14,1.0,9.928244e-22,4.0273624e-16,5.8558837e-18,5.8275195e-13,2.9441794e-15,2.409349e-22,1,33.458946,1.0,False,2.6089285e-11,Test
2704,4,-4.3785334,29.632809,-18.9065,-7.876726,-11.041546,0.46089852,-6.38036,-22.155561,1.6945807e-15,1.0,8.310879e-22,5.1264317e-17,2.1644734e-18,2.1419077e-13,2.2891788e-16,3.225503e-23,1,40.674355,1.0,False,9.112414e-12,Test
2705,6,-2.1757295,32.86572,-23.970762,-7.169616,-13.072857,1.902295,-4.3968444,-25.608578,6.0491324e-16,1.0,2.0712413e-25,4.100858e-18,1.1197731e-20,3.5707175e-14,6.562586e-17,4.0265738e-26,1,37.26256,1.0,False,1.6294138e-12,Test
2706,6,-0.36357254,14.460514,-10.019043,-3.6293762,-6.5136914,-1.3869811,-1.309452,-12.022097,3.647379e-07,0.9999994,2.3370242e-11,1.3920683e-08,7.780693e-10,1.3107507e-07,1.4164148e-07,3.1531748e-12,1,15.769967,0.9999999,False,1.5267527e-05,Test
2707,6,-5.063964,-1.1532321,1.6136997,-1.0611105,-1.4954861,-5.3585787,0.16482456,2.6448355,0.00029843705,0.014902598,0.23709653,0.016340671,0.010583344,0.00022228142,0.055678394,0.6648777,7,2.888163,0.94432163,False,1.3788855,Test
2708,6,-1.7048318,2.1988761,0.09950316,-1.9781471,-2.0928957,-4.971823,-1.1197433,-1.0011513,0.016140597,0.8003472,0.09806914,0.012280618,0.01094928,0.00061529496,0.028974788,0.03262302,1,3.5413291,0.9710252,False,1.1467301,Test
2709,6,-3.9315963,-0.33628833,0.5722808,-1.247755,-1.7011173,-4.960723,0.5363776,1.9056766,0.0017178605,0.06257635,0.15523756,0.025151579,0.015983524,0.00061382377,0.14976288,0.5889565,7,1.8987019,0.85023713,False,1.7787935,Test
2710,6,-3.0944936,17.273796,-11.698169,-4.6188726,-7.4822273,-1.65461,-2.8798852,-11.0433235,1.4261463e-09,1.0,2.6159841e-13,3.1055203e-10,1.7725384e-11,6.0186327e-09,1.7675335e-09,5.035368e-13,1,20.15368,1.0,False,2.6812927e-07,Test
2711,6,-5.177493,37.966522,-25.739584,-9.797545,-14.385678,0.8776674,-7.2992444,-25.600327,1.8314363e-19,1.0,2.151735e-28,1.8043824e-21,1.835391e-23,7.8075474e-17,2.1944594e-20,2.4732518e-28,1,45.265766,1.0,False,4.1906138e-15,Test
2712,6,-3.1571038,18.927908,-12.230255,-5.314534,-7.6055965,-1.4228052,-4.0242915,-11.947461,2.5621288e-10,1.0,2.938879e-14,2.9623796e-11,2.9967149e-12,1.4514341e-09,1.076431e-10,3.8993944e-14,1,22.9522,1.0,False,5.5495597e-08,Test
2713,6,-8.004363,134.4732,-96.985825,-28.448587,-48.209248,15.902265,-22.71187,-107.81256,0.0,1.0,0.0,0.0,0.0,0.0,0.0,0.0,1,157.18507,1.0,False,0.0,Test
2714,6,-2.6268778,15.993581,-11.052955,-3.883415,-7.086131,-1.8828858,-2.2729666,-11.17041,8.189127e-09,1.0,1.7940679e-12,2.3309379e-09,9.475638e-11,1.7232534e-08,1.1666455e-08,1.5952511e-12,1,18.266548,1.0,False,1.0419992e-06,Test
2715,6,-6.567083,91.77975,-64.166695,-20.420992,-33.024246,8.621921,-16.226517,-72.20081,1.95e-43,1.0,0.0,0.0,0.0,7.673856e-37,0.0,0.0,1,108.00626,1.0,False,9.2064333e-35,Test
2716,4,-5.8990965,104.962,-75.08043,-22.104101,-37.893333,11.873172,-17.407951,-84.99135,0.0,1.0,0.0,0.0,0.0,3.7328e-41,0.0,0.0,1,142.85533,1.0,False,5.013077e-39,Test
2717,4,-5.348408,2.2367818,0.70020026,-2.4061902,-1.9787029,-4.6784434,-2.2439997,2.94116,0.00015509322,0.30535072,0.065685585,0.0029402333,0.0045085535,0.00030307833,0.003457962,0.61759883,7,5.401779,0.99549145,False,1.3036572,Test
2718,6,-2.5611722,5.2136726,-1.9622847,-1.894751,-3.0996363,-3.1202013,-0.8638174,-4.6067605,0.00041815004,0.9951865,0.0007610722,0.0008142453,0.00024405087,0.00023908321,0.0022828858,5.4068554e-05,1,6.082315,0.99771714,False,0.054464832,Test
2719,6,-2.9581537,18.59036,-10.786135,-5.3724117,-7.0612035,-1.5508004,-4.175317,-12.129995,4.3812567e-10,1.0,1.7456219e-13,3.9183226e-11,7.2388146e-12,1.7898018e-09,1.2971539e-10,4.553223e-14,1,22.765678,1.0,False,7.1519956e-08,Test
2720,6,-3.4837997,9.2303,-5.684347,-3.1073277,-4.5417857,-2.9594338,-1.8846002,-3.680974,3.0083131e-06,0.99996877,3.3314822e-07,4.3835194e-06,1.0443495e-06,5.082208e-06,1.48883455e-05,2.4699686e-06,1,11.114932,0.9999851,False,0.0005802221,Test
2721,5,-4.9110804,40.258102,-28.768873,-9.72337,-15.525445,1.5597667,-6.7310896,-27.117296,2.416983e-20,1.0,1.051876e-30,1.9648188e-22,5.936269e-25,1.5614409e-17,3.916091e-21,5.4857624e-30,1,38.698338,1.0,False,8.7360564e-16,Test
2722,6,-4.692481,29.326168,-20.116486,-7.713225,-11.559787,-0.4245287,-5.570238,-18.13345,1.6822401e-15,1.0,3.3676608e-22,8.203429e-17,1.7516809e-18,1.2007063e-13,6.993306e-16,2.4465268e-21,1,34.896408,1.0,False,5.27583e-12,Test
2723,6,-3.5535944,35.706577,-25.609354,-8.219469,-13.92666,1.2786787,-5.6703563,-24.981571,8.902763e-18,1.0,2.3487055e-27,8.3783715e-20,2.7832967e-22,1.1172586e-15,1.0720767e-18,4.4001956e-27,1,41.376934,1.0,False,5.606665e-14,Test
2724,1,-4.955986,86.98607,-61.62964,-18.50613,-31.364403,7.7517023,-14.243996,-68.51492,1.1751e-40,1.0,0.0,0.0,0.0,3.88107e-35,1.1e-44,0.0,1,-0.0,0.0,True,4.4365067e-33,Test
2725,4,-2.2189455,29.320011,-20.331491,-6.5116415,-11.269,1.6061212,-4.651502,-22.703678,2.0081937e-14,1.0,2.7329115e-22,2.7447991e-16,2.3573061e-18,9.204717e-13,1.7634366e-15,2.5491701e-23,1,40.589012,1.0,False,3.781744e-11,Test
2726,6,-0.75545293,-0.38820413,0.70591944,-1.247196,-1.5119294,-4.639503,-0.17090015,-0.27107683,0.08869633,0.12805596,0.3824473,0.05424308,0.04162671,0.0018242494,0.15913793,0.14396851,2,1.8379841,0.84086204,False,2.480137,Test
2727,6,-2.5883145,31.627232,-21.732489,-7.4340096,-12.047358,0.81065285,-5.31878,-23.377321,1.3815841e-15,1.0,6.70145e-24,1.0862218e-17,1.077373e-19,4.135521e-14,9.006405e-17,1.2936757e-24,1,36.94601,1.0,False,1.9122262e-12,Test
2728,5,-4.7894764,39.996376,-26.743713,-9.962796,-14.885325,0.76944244,-7.5806484,-28.417454,3.5461104e-20,1.0,1.0354937e-29,2.0091279e-22,1.4627816e-24,9.203641e-18,2.1755044e-21,1.9420015e-30,1,39.226933,1.0,False,5.2331215e-16,Test
2729,6,-3.5364745,-2.4151778,3.4273124,-2.105842,-0.7351915,-6.7496085,-1.2142196,3.9128282,0.00035571362,0.0010916251,0.37621376,0.0014873608,0.0058570937,1.4310481e-05,0.003627798,0.61135226,7,5.6191297,0.9963722,False,1.0664771,Test
2730,6,0.4850833,4.068363,-2.6972547,-1.9588386,-2.9485483,-4.369141,-0.6040368,-3.002275,0.02664758,0.95908356,0.0011055693,0.0023135347,0.0008599051,0.00020772802,0.008967243,0.00081492437,1,4.714177,0.9910328,False,0.30893004,Test
2731,4,-6.481344,-0.6062431,5.697413,-2.7018585,-0.92245454,-6.1913986,-3.0336628,1.157029,5.0663625e-06,0.0018039314,0.9859686,0.00022187381,0.0013148955,6.7704577e-06,0.0001592228,0.010519605,2,6.633998,0.9986851,False,0.12315642,Test
2732,6,-5.3204837,46.728176,-31.90925,-11.3528385,-17.482021,1.812966,-8.445801,-33.640995,2.486303e-23,1.0,7.0501577e-35,5.966711e-26,1.2997671e-28,3.1158162e-20,1.0920595e-24,1.2477066e-35,1,55.173977,1.0,False,2.0209751e-18,Test
2733,6,-3.6046424,2.3377943,0.39908683,-2.3694499,-2.2546706,-5.2082705,-1.3328599,0.810043,0.001863884,0.7098823,0.10214484,0.0064099743,0.007189591,0.00037494887,0.018073466,0.15406089,1,4.0133104,0.98192656,False,1.3265435,Test
2734,6,-5.0086236,-1.6658245,2.620892,-1.2001138,-1.1843318,-6.338503,0.70227873,2.2067325,0.00026036237,0.007367794,0.53583956,0.011737972,0.011924688,6.886828e-05,0.07866682,0.35413396,2,2.5425339,0.9213332,False,1.5089633,Test
2735,4,-4.1821775,12.3808775,-6.155196,-4.2758613,-5.0106893,-2.4387033,-3.6608546,-7.0970664,6.4084986e-08,0.9999993,8.9101535e-09,5.8353937e-08,2.7985818e-08,3.663848e-07,1.07935335e-07,3.4740524e-09,1,17.391567,1.0,False,1.51629565e-05,Test
2736,4,-5.1459093,31.37359,-19.671827,-8.865358,-11.3992,-0.758118,-7.4072723,-20.747562,1.3796927e-16,1.0,6.780422e-23,3.3453885e-18,2.6546896e-19,1.1101346e-14,1.437759e-17,2.312438e-23,1,42.77279,1.0,False,5.22901e-13,Test
2737,4,-3.9363813,26.03436,-17.321379,-6.567114,-10.03294,0.23010762,-4.951971,-17.849968,9.63546e-14,1.0,1.4819773e-19,6.939999e-15,2.1685584e-16,6.2137743e-12,3.489852e-14,8.7352896e-20,1,36.0673,1.0,False,2.373884e-10,Test
2738,6,-1.5003741,6.589878,-2.0916433,-3.1527505,-3.3063006,-4.282359,-2.3298082,-3.8535876,0.00030627756,0.9992335,0.00016956263,5.868098e-05,5.0328148e-05,1.896332e-05,0.00013362768,2.91157e-05,1,8.920453,0.99986637,False,0.010803848,Test
2739,4,-4.8537726,8.174855,-2.2336302,-4.0458813,-3.3218844,-3.6689818,-3.8717282,-3.7086115,2.1963915e-06,0.99993265,3.017331e-05,4.926884e-06,1.0162493e-05,7.1822046e-06,5.8641645e-06,6.9031407e-06,1,11.496807,0.99998987,False,0.0011901311,Test
2740,6,-4.52015,50.710445,-35.98983,-11.672823,-18.954134,3.5723827,-8.56689,-36.974594,1.0319473e-24,1.0,2.2210097e-38,8.0777416e-28,5.5597695e-31,3.3744266e-21,1.8037653e-26,8.296015e-39,1,59.277336,1.0,False,2.295646e-19,Test
2741,6,-0.8125114,3.9526381,-3.1162276,-1.6200163,-3.3094227,-4.5807996,1.4683342,-4.244153,0.0077629364,0.9109702,0.00077541603,0.0034620313,0.0006391916,0.00017925829,0.07595995,0.0002510055,1,2.577549,0.9240401,False,0.5077525,Test
2742,6,-0.5778531,14.006917,-9.668354,-4.01701,-6.471887,-3.0571516,-2.0669594,-10.882067,4.6335572e-07,0.9999994,5.223488e-11,1.4869878e-08,1.2769336e-09,3.8830162e-08,1.04521185e-07,1.5518547e-11,1,16.073875,0.9999999,False,1.441603e-05,Test
2743,4,-5.3840055,22.387247,-14.003954,-6.897021,-8.660016,-1.7523619,-5.544773,-12.230218,8.6915783e-13,1.0,1.568564e-16,1.9142747e-13,3.2835568e-14,3.28323e-11,7.4007846e-13,9.243268e-16,1,31.047264,1.0,False,1.2176797e-09,Test
2744,6,-2.2466595,9.803338,-5.603321,-3.4584835,-4.3888574,-3.0420716,-2.5050447,-5.4705906,5.8444784e-06,0.99998415,2.036883e-07,1.7396309e-06,6.861211e-07,2.6381695e-06,4.5136753e-06,2.3260024e-07,1,12.308399,0.99999547,False,0.00031050327,Test
2745,4,-5.6903787,21.686783,-12.21689,-7.1542387,-8.421761,-1.5939401,-6.119355,-14.425203,1.2889915e-12,1.0,1.8872205e-15,2.9819685e-13,8.3950974e-14,7.750152e-11,8.3935967e-13,2.0737888e-16,1,30.108543,1.0,False,2.7037825e-09,Test
2746,4,-4.5651455,20.823912,-14.304985,-5.871069,-8.5310135,-1.1709288,-4.2904415,-10.969986,9.411798e-12,1.0,5.542595e-16,2.5498653e-12,1.7836843e-13,2.803897e-10,1.2387253e-11,1.5562728e-14,1,29.354925,1.0,False,9.797342e-09,Test
2747,6,-2.9620695,3.2663386,-0.046297565,-2.3418715,-2.256591,-4.301065,-1.7758029,-0.4054055,0.0018290748,0.92724526,0.033770308,0.0034007907,0.0037035374,0.00047941643,0.005989912,0.023581771,1,5.1176786,0.9940101,False,0.517554,Test
2748,5,-6.0334873,112.54233,-80.962776,-23.792246,-40.813545,12.139746,-18.285658,-89.98183,0.0,1.0,0.0,0.0,0.0,2.5e-44,0.0,0.0,1,100.40258,1.0,False,3.653e-42,Test
2749,6,-3.6782749,18.978785,-12.792542,-5.1158805,-8.003063,-1.2695227,-3.3839693,-11.807575,1.4459871e-10,1.0,1.5917967e-14,3.4341537e-11,1.913958e-12,1.6079491e-09,1.940792e-10,4.2623965e-14,1,22.362755,1.0,False,5.923054e-08,Test
2750,6,-1.0844195,9.350965,-7.8195543,-2.496379,-4.77246,-0.764538,-1.3236461,-8.666009,2.9371531e-05,0.99989915,3.4905558e-08,7.156824e-06,7.3490446e-07,4.044356e-05,2.3122348e-05,1.4972146e-08,1,10.674711,0.9999769,False,0.0016727258,Test
2751,6,-2.3450067,17.645372,-12.5950575,-4.3893166,-7.6066546,-1.0782981,-2.0745292,-12.611596,2.081079e-09,1.0,7.3578106e-14,2.6943633e-10,1.0794034e-11,7.3860633e-09,2.727441e-09,7.237109e-14,1,19.719902,1.0,False,3.460947e-07,Test
2752,6,-1.0565878,6.150992,-3.5786269,-2.3615844,-3.4790738,-3.4826891,-1.2827761,-3.5346768,0.00073962763,0.9982175,5.938891e-05,0.0002005674,6.560556e-05,6.5368804e-05,0.00058990304,6.205726e-05,1,7.435552,0.9994101,False,0.022575244,Test
2753,4,-5.751734,66.11434,-45.27444,-15.028462,-23.844337,4.490434,-11.649435,-50.294476,6.151213e-32,1.0,0.0,5.756078e-36,8.53968e-40,1.7261415e-27,1.6889626e-34,0.0,1,89.95868,1.0,False,1.5346816e-25,Test
2754,6,-4.618489,19.293419,-11.365797,-6.083355,-7.626655,-2.2004364,-4.736646,-12.581929,4.1227848e-11,1.0,4.8402935e-14,9.528119e-12,2.0359177e-12,4.6274057e-10,3.6633224e-11,1.4345399e-14,1,24.030066,1.0,False,1.7472127e-08,Test
2755,0,-2.3637826,20.220905,-12.665976,-5.810485,-7.1812816,-0.14941444,-5.166006,-16.85877,1.5545137e-10,1.0,5.216869e-15,4.9512e-12,1.2571331e-12,1.423255e-09,9.432015e-12,7.8795663e-17,1,22.584688,1.0,False,4.7473232e-08,Test
2756,4,-3.4142137,56.092033,-39.10074,-12.297141,-20.342176,4.4286256,-9.458242,-43.802956,1.4347118e-26,1.0,4.553e-42,1.9904832e-30,6.383276e-34,3.6548342e-23,3.403111e-29,4e-44,1,76.43421,1.0,False,2.7253489e-21,Test
2757,6,-5.529955,3.0479658,-3.2066276,-2.5155556,-3.4334748,-3.2973254,-1.3528391,4.731838,2.9372606e-05,0.15605801,0.00029988211,0.0005985212,0.00023901895,0.0002738806,0.001914436,0.84058684,7,6.2583323,0.99808556,False,0.66256624,Test
2758,6,-0.15430145,3.4543092,-1.5440164,-2.0338125,-2.6577682,-4.4570723,-0.68346435,-3.0594692,0.02560445,0.9451813,0.0063792556,0.003908895,0.002094467,0.0003464541,0.015083527,0.001401577,1,4.194152,0.98491645,False,0.41722354,Test
2759,6,-0.46455395,4.7022476,-2.7706509,-2.2335014,-3.0841217,-4.2460256,-0.74070495,-2.6678061,0.005631012,0.98741513,0.0005611271,0.00096015696,0.00041013095,0.0001283259,0.0042722384,0.00062190794,1,5.4556174,0.9957278,False,0.12232685,Test
2760,6,-0.6499609,14.565787,-10.749095,-3.3063555,-6.618815,-1.2408892,-0.6753276,-11.920775,2.4653832e-07,0.9999994,1.0136454e-11,1.7307197e-08,6.3043987e-10,1.36536e-07,2.4036308e-07,3.1407379e-12,1,15.241116,0.99999976,False,1.513662e-05,Test
2761,1,-4.7429166,72.60668,-50.72765,-16.283197,-26.15915,6.2781525,-12.605472,-56.387962,2.5556113e-34,1.0,0.0,2.486662e-39,1.28e-43,1.5627363e-29,9.836333e-38,0.0,1,-0.0,0.0,True,1.4954396e-27,Test
2762,4,-5.0728884,34.225395,-22.944603,-9.03104,-12.7426195,0.26762468,-7.088564,-22.242823,8.56984e-18,1.0,1.4838338e-25,1.636699e-19,3.9999155e-21,1.7878346e-15,1.141764e-18,2.9934047e-25,1,46.968014,1.0,False,8.8151695e-14,Test
2763,5,-5.1616426,32.614506,-22.734156,-8.47045,-12.627778,0.09679173,-6.121453,-20.26084,3.92669e-17,1.0,9.170245e-25,1.4355881e-18,2.2466023e-20,7.546327e-15,1.5037899e-17,1.0877527e-23,1,32.517715,1.0,False,3.5708887e-13,Test
2764,6,-5.522601,82.2821,-59.561928,-17.672224,-30.20933,8.769317,-13.300573,-64.412544,7.360469e-39,1.0,0.0,3.9e-44,0.0,1.1852382e-32,3.083e-42,0.0,1,95.58267,1.0,False,1.25702335e-30,Test
2765,6,-2.0167935,24.243784,-17.219713,-5.5808954,-9.773342,0.37168363,-3.662976,-18.484287,3.937094e-12,1.0,9.831776e-19,1.1150797e-13,1.6848026e-15,4.2902078e-11,7.5901167e-13,2.7760905e-19,1,27.90676,1.0,False,1.6621545e-09,Test
2766,6,-4.0827727,33.337177,-23.69817,-8.070665,-13.002454,0.8587043,-5.7091465,-22.606815,5.6069e-17,1.0,1.6977101e-25,1.0394452e-18,7.498154e-21,7.8483456e-15,1.1025447e-17,5.0562986e-25,1,39.046326,1.0,False,3.7145685e-13,Test
2767,6,-4.422615,53.932526,-37.442272,-12.449839,-19.826998,3.1284149,-9.413747,-40.26982,4.5361188e-26,1.0,2.07218e-40,1.4808338e-29,9.260764e-33,8.630873e-23,3.083641e-28,1.2259e-41,1,63.34627,1.0,False,6.329833e-21,Test
2768,6,-3.7017088,10.136542,-5.5925384,-3.7364113,-4.49798,-3.1285777,-3.0151587,-4.5737004,9.775097e-07,0.99999344,1.4755177e-07,9.4416964e-07,4.4086417e-07,1.7339195e-06,1.9421643e-06,4.087142e-07,1,13.151708,0.99999803,False,0.00013923502,Test
2769,4,-5.0014224,10.762479,-6.180019,-4.518788,-4.864572,-3.0923615,-3.6274488,-2.2360141,1.4250267e-07,0.9999956,4.384954e-08,2.309022e-07,1.6340161e-07,9.614295e-07,5.6303037e-07,2.2637278e-06,1,15.627055,0.9999998,False,9.2721864e-05,Test
2770,0,-2.974956,21.172026,-14.450646,-5.0069757,-8.101546,0.54955804,-4.1481676,-15.404521,3.259109e-11,1.0,3.3827484e-16,4.2717357e-12,1.9348604e-13,1.106054e-09,1.0082758e-11,1.3031909e-16,1,24.146982,1.0,False,3.458046e-08,Test
2771,6,-3.3402584,5.1227083,-2.0084474,-2.9129026,-3.0441227,-4.06998,-2.0149426,-0.535223,0.00020988435,0.994031,0.0007950204,0.0003217943,0.00028222162,0.000101173384,0.0007898734,0.0034688984,1,7.1436377,0.9992101,False,0.06422557,Test
2772,4,-3.413894,11.693178,-6.9666777,-3.6736104,-5.0432367,-2.32083,-2.8179917,-5.879204,2.7484083e-07,0.9999981,7.872763e-09,2.1197643e-07,5.388478e-08,8.1995984e-07,4.987448e-07,2.3356655e-08,1,16.736418,0.99999994,False,4.2565644e-05,Test
2773,6,-1.5920279,8.288643,-5.2956195,-2.6299791,-4.185731,-2.8895984,-1.5424619,-4.342417,5.1146533e-05,0.9998547,1.2599882e-06,1.8115054e-05,3.8228313e-06,1.3972953e-05,5.3745553e-05,3.2684163e-06,1,9.831249,0.99994624,False,0.0023647766,Test
2774,1,-5.663331,63.56671,-43.869152,-14.832309,-23.237146,4.1973524,-11.316044,-47.63177,8.585686e-31,1.0,0.0,8.948276e-35,2.0024625e-38,1.6451874e-26,3.0118564e-33,0.0,1,-0.0,0.0,True,1.4092199e-24,Test
2775,4,-5.2392254,35.013092,-23.706846,-9.416334,-13.013874,0.24631348,-7.414519,-21.961481,3.3009567e-18,1.0,3.1495897e-26,5.064593e-20,1.3872465e-21,7.961237e-16,3.7490576e-19,1.8040896e-25,1,48.026966,1.0,False,4.0149843e-14,Test
2776,6,-4.1755037,21.06983,-12.300837,-6.161769,-8.085673,-1.5547014,-5.023366,-15.019415,1.08665195e-11,1.0,3.2159084e-15,1.4909645e-12,2.17734e-13,1.4937954e-10,4.654452e-12,2.1214857e-16,1,26.093197,1.0,False,5.5146803e-09,Test
2777,6,-3.210981,5.334148,-2.516919,-2.7527616,-3.2429948,-3.878679,-1.9546239,-0.6985496,0.00019366486,0.99575645,0.00038768433,0.00030623376,0.00018756308,9.9328376e-05,0.0006802677,0.002388833,1,7.293024,0.99931973,False,0.048071995,Test
2778,1,-4.067836,47.04906,-33.102463,-11.056912,-17.300493,2.9546394,-8.542868,-34.440876,6.312675e-23,1.0,1.5510909e-35,5.81965e-26,1.1306884e-28,7.080046e-20,7.190069e-25,4.0678985e-36,1,-0.0,0.0,True,4.508675e-18,Test
2779,6,-3.7281475,19.292986,-12.819039,-5.2731104,-7.749446,-1.2030805,-4.0033107,-11.734373,1.00472866e-10,1.0,1.1322028e-14,2.1432831e-11,1.801447e-12,1.2550794e-09,7.63039e-11,3.349571e-14,1,23.296297,1.0,False,4.384556e-08,Test
2780,1,-6.0163393,115.68273,-81.6687,-24.627329,-41.224327,12.617709,-19.820972,-93.94129,0.0,1.0,0.0,0.0,0.0,1e-45,0.0,0.0,1,-0.0,0.0,True,2.09e-43,Test
2781,6,-1.1409073,13.577726,-9.355602,-3.03442,-5.993515,-0.9039843,-1.3557173,-10.918553,4.0530134e-07,0.9999987,1.09693615e-10,6.10149e-08,3.1645888e-09,5.136562e-07,3.2695434e-07,2.298264e-11,1,14.933445,0.9999997,False,2.9829973e-05,Test
2782,4,-5.365776,49.5639,-34.0393,-11.822924,-18.32326,2.3192785,-8.932047,-36.138706,1.3942633e-24,1.0,4.9157936e-37,2.187965e-27,3.2883685e-30,3.033344e-21,3.9403266e-26,6.023252e-38,1,67.88716,1.0,False,2.0686545e-19,Test
2783,6,-3.079525,8.063184,-2.8820934,-3.5525103,-3.569519,-3.6694536,-2.9387429,-3.8463604,1.4479305e-05,0.9999186,1.7639697e-05,9.022623e-06,8.870457e-06,8.026846e-06,1.66682e-05,6.725358e-06,1,11.0020075,0.9999833,False,0.0014448289,Test
2784,4,-5.2889247,42.73467,-28.9085,-10.822916,-15.716185,1.2221596,-8.400279,-29.24871,1.3919325e-21,1.0,7.6871477e-32,5.4983913e-24,4.1220928e-26,9.361527e-19,6.199747e-23,5.4703346e-32,1,58.45085,1.0,False,5.6167516e-17,Test
2785,6,-3.6964722,-1.3722286,3.5391395,-1.7785763,-0.95872676,-6.587035,-0.6887316,1.2929947,0.000629476,0.0064325817,0.8737064,0.004284607,0.009726734,3.4964203e-05,0.012741615,0.09244368,2,4.3628817,0.9872584,False,0.72071004,Test
2786,6,-2.6383376,0.05119162,0.23030323,-1.2158091,-1.8237442,-5.2451534,1.5149771,-0.43198404,0.00888537,0.13083476,0.15649854,0.0368529,0.02006545,0.0006554654,0.56550586,0.08070169,6,0.5700346,0.43449414,True,1.9168894,Test
2787,4,-3.5462806,33.583538,-22.212854,-8.211232,-12.334325,0.9207753,-6.352275,-24.523281,7.494194e-17,1.0,5.8604886e-25,7.0593113e-19,1.1432098e-20,6.527439e-15,4.529981e-18,5.814724e-26,1,45.917862,1.0,False,3.1190737e-13,Test
2788,4,-5.216177,-0.22766954,2.4888446,-1.7625322,-1.1657264,-4.652578,-1.875389,3.1741023,0.00014513219,0.02129341,0.32211602,0.004588416,0.008333978,0.00025499513,0.0040987334,0.63916934,7,4.7874146,0.991666,False,1.1880348,Test
2789,6,-3.30192,2.4923966,-1.7600778,-1.3160936,-2.5727563,-2.9828742,0.08347314,-1.5333053,0.0026300058,0.8637664,0.012290518,0.019159757,0.0054529086,0.0036183987,0.077663,0.015418998,1,2.5553763,0.922337,False,0.84183407,Test
2790,6,-2.8105454,2.6373293,-0.36688566,-1.9359236,-2.202747,-4.432138,-1.0459192,-0.3489041,0.0037484833,0.8706381,0.043164197,0.008988749,0.006883656,0.0007406396,0.02188886,0.043947376,1,3.8217776,0.97811115,False,0.8369725,Test
2791,6,-2.1288095,28.429174,-20.08209,-6.5108495,-11.107649,1.1267332,-4.3391333,-21.99407,5.355949e-14,1.0,8.54723e-22,6.694834e-16,6.7511198e-18,1.388995e-12,5.8736115e-15,1.263174e-22,1,32.768307,1.0,False,5.7384274e-11,Test
2792,1,-4.543394,70.96221,-51.389088,-15.238289,-26.33216,6.266165,-11.1718,-54.428856,1.6155904e-33,1.0,0.0,3.660988e-38,5.56e-43,7.995851e-29,2.1362522e-36,0.0,1,-0.0,0.0,True,7.4632366e-27,Test
2793,4,-4.696578,15.698732,-8.710422,-5.1854672,-6.243617,-2.493494,-4.3849964,-8.73089,1.3881285e-09,1.0,2.507492e-11,8.513488e-10,2.9550112e-10,1.2566561e-08,1.895603e-09,2.4566862e-11,1,21.942348,1.0,False,4.6234302e-07,Test
2794,4,-5.5161543,17.458694,-9.826168,-6.197671,-6.7843084,-2.454244,-5.230323,-8.566633,1.0523242e-10,1.0,1.4136268e-12,5.323184e-11,2.960719e-11,2.2486426e-09,1.4005047e-10,4.9813127e-12,1,24.243004,1.0,False,7.576694e-08,Test
2795,1,-5.2938876,84.926834,-60.382656,-18.539967,-30.540495,8.154191,-14.540506,-65.532326,6.57112e-40,1.0,0.0,1e-45,0.0,4.5505544e-34,6.3e-44,0.0,1,-0.0,0.0,True,5.0401806e-32,Test
2796,4,-4.824946,20.714073,-13.480454,-6.230169,-8.255653,-1.6259909,-4.87292,-10.815333,8.101121e-12,1.0,1.4109309e-15,1.9873033e-12,2.6218486e-13,1.9853316e-10,7.721641e-12,2.0274601e-14,1,28.969727,1.0,False,7.0714297e-09,Test
2797,6,-1.666005,9.929483,-7.976306,-2.0788682,-5.338091,-1.4734449,0.23989825,-8.948153,9.206717e-06,0.9999113,1.6733098e-08,6.0925736e-06,2.3406594e-07,1.1161758e-05,6.191962e-05,6.331525e-09,1,9.689673,0.9999381,False,0.0014423194,Test
2798,6,-4.496653,7.7059093,-4.148609,-3.2428114,-4.1305532,-3.7883077,-2.196781,-1.7225856,5.016692e-06,0.99982256,7.1051095e-06,1.7577368e-05,7.2345715e-06,1.0187038e-05,5.0031016e-05,8.0385886e-05,1,9.902867,0.99995,False,0.0028443525,Test
2799,6,-4.386814,6.1069813,-3.1499267,-3.0076222,-3.5525916,-3.53118,-1.8963482,-0.47189885,2.7650156e-05,0.9979184,9.525128e-05,0.00010981793,6.367896e-05,6.505715e-05,0.00033365167,0.001386512,1,8.005413,0.99966633,False,0.024945267,Test
2800,0,-2.5515037,23.545273,-15.66838,-6.0976024,-9.18985,-0.20869085,-4.42322,-17.41166,4.6378188e-12,1.0,9.326671e-18,1.3374042e-13,6.0717914e-15,4.8281944e-11,7.135724e-13,1.6316628e-18,1,26.096777,1.0,False,1.864021e-09,Test
2801,1,-4.4137487,40.918076,-28.506598,-9.632084,-15.48267,1.6798307,-7.081594,-29.567438,2.0541796e-20,1.0,7.0671896e-31,1.1126145e-22,3.2023404e-25,9.100128e-18,1.4256371e-21,2.446421e-31,1,-0.0,0.0,True,5.165978e-16,Test
2802,6,-1.2965547,13.025782,-8.931416,-3.1820297,-5.911719,-1.241373,-1.4471995,-9.497858,6.024037e-07,0.9999982,2.911452e-10,9.141894e-08,5.964135e-09,6.3657956e-07,5.1815925e-07,1.6523681e-10,1,14.472983,0.99999946,False,4.1436255e-05,Test
2803,5,-7.590395,80.58377,-55.56279,-18.72554,-29.18324,5.287727,-14.4687195,-60.760784,5.08683e-39,1.0,0.0,7.4e-44,0.0,1.99225e-33,5.238e-42,0.0,1,75.29604,1.0,False,2.1641723e-31,Test
2804,6,-2.7452157,28.27937,-19.318655,-6.9093575,-10.974639,0.11380264,-4.9099708,-20.496912,3.3588732e-14,1.0,2.1303035e-21,5.220709e-16,8.95778e-18,5.8593505e-13,3.8552573e-15,6.557365e-22,1,33.18934,1.0,False,2.5524081e-11,Test
2805,4,-2.4815314,25.510138,-17.69795,-5.779901,-9.988963,0.8501702,-3.9670968,-19.044178,6.9722467e-13,1.0,1.7177733e-19,2.5757796e-14,3.827691e-16,1.9512468e-11,1.5783379e-13,4.469999e-20,1,35.4991,1.0,False,7.302423e-10,Test
2806,4,-4.497802,-2.378604,2.747978,-1.1866238,-1.0149691,-6.1442966,0.42222214,3.4185543,0.00022986239,0.0019134796,0.32230726,0.0063022315,0.0074824365,4.4300054e-05,0.0314925,0.630228,7,4.895197,0.9925176,False,1.2229723,Test
2807,6,-4.915427,84.768776,-61.335445,-17.880737,-30.981833,8.984828,-13.647191,-67.604126,1.123686e-39,1.0,0.0,3e-45,0.0,1.22306165e-33,1.81e-43,0.0,1,98.41597,1.0,False,1.3372131e-31,Test
2808,4,-4.2471895,30.906887,-20.700455,-8.002411,-11.653891,0.22366743,-6.0911837,-20.491127,5.404791e-16,1.0,3.865594e-23,1.2644644e-17,3.2816325e-19,4.7254904e-14,8.5495343e-17,4.7656936e-23,1,42.560776,1.0,False,2.1245152e-12,Test
2809,5,-5.563322,56.225,-38.970036,-13.31982,-20.713903,2.9591677,-10.170146,-41.17863,1.4644431e-27,1.0,4.543e-42,6.267157e-31,3.853529e-34,7.3611135e-24,1.4620303e-29,4.99e-43,1,53.26583,1.0,False,5.658067e-22,Test
2810,6,-3.7485437,28.55043,-19.166588,-7.4701157,-10.743973,0.12588608,-5.8787003,-18.716389,9.391484e-15,1.0,1.8913083e-21,2.2723522e-16,8.6031515e-18,4.5224905e-13,1.1158828e-15,2.9667525e-21,1,34.42913,1.0,False,1.905115e-11,Test
2811,4,-4.7729483,74.065636,-51.598717,-15.892274,-26.729479,6.9313245,-12.315757,-59.05049,5.765508e-35,1.0,0.0,8.54627e-40,1.7e-44,6.981368e-30,3.055185e-38,0.0,1,100.79511,1.0,False,6.7618226e-28,Test
2812,6,-2.057406,0.5835316,-0.13047868,-1.5350478,-1.8867488,-4.8036337,-0.02029786,1.0605873,0.018148702,0.25456002,0.124652065,0.030598696,0.021525884,0.0011645926,0.13917153,0.41017848,7,1.972048,0.86082846,False,2.1896987,Test
2813,6,-2.466635,17.79613,-12.623778,-3.680088,-7.9142575,-1.1998315,-1.5766284,-14.118042,1.5848691e-09,1.0,6.1489706e-14,4.709744e-10,6.82529e-12,5.625476e-09,3.859389e-09,1.3799125e-14,1,19.372757,1.0,False,3.2321373e-07,Test
2814,6,-0.51159614,-0.19439885,0.5768225,-1.5691062,-1.7030225,-5.4468904,-0.895421,0.44853184,0.107591376,0.14775239,0.31950063,0.037368584,0.032684933,0.0007734039,0.07329671,0.281032,2,2.6132395,0.9267033,False,2.417063,Test
2815,6,-2.7512562,23.577854,-16.693357,-5.696782,-9.605121,-0.16793488,-3.7765324,-16.195627,3.676312e-12,1.0,3.2391857e-18,1.9328023e-13,3.879866e-15,4.8678263e-11,1.3186834e-12,5.328386e-18,1,27.354387,1.0,False,1.867651e-09,Test
2816,6,-2.6407735,-1.6441264,0.41376254,-0.6417201,-1.4156992,-5.1844783,2.338619,-0.59652555,0.0052939467,0.014342272,0.11229172,0.039080262,0.018022815,0.0004159707,0.76966596,0.040887,6,0.26179865,0.23033404,True,1.2532704,Test
2817,1,-4.4088144,68.8295,-48.67668,-15.008812,-25.115425,5.792143,-11.319522,-53.39105,1.5595717e-32,1.0,0.0,3.885836e-37,1.5857e-41,4.199767e-28,1.5549773e-35,0.0,1,-0.0,0.0,True,3.8195878e-26,Test
2818,6,-2.9802165,21.865993,-14.397229,-5.984223,-8.534786,-0.99683726,-4.543613,-13.858118,1.619675e-11,1.0,1.782719e-16,8.0316526e-13,6.267713e-14,1.17706e-10,3.3919811e-12,3.0564316e-16,1,26.409607,1.0,False,4.627289e-09,Test
2819,6,-0.3427589,18.74435,-14.184533,-4.303198,-8.388248,-1.1046702,-0.4511361,-16.642088,5.1353974e-09,1.0,5.00228e-15,9.7853635e-11,1.646122e-12,2.3970668e-09,4.607935e-09,4.2841622e-16,1,19.195486,1.0,False,3.409824e-07,Test
2820,4,-4.8975787,35.082478,-22.63863,-9.246398,-12.735696,0.44375053,-7.5382786,-24.0038,4.333931e-18,1.0,8.551485e-26,5.6003294e-20,1.7093522e-21,9.048837e-16,3.09058e-19,2.1835138e-26,1,47.818172,1.0,False,4.5492537e-14,Test
2821,4,-5.4135776,12.164313,-7.1164575,-5.14705,-5.320352,-3.1460607,-4.156629,-2.829515,2.322838e-08,0.9999993,4.2312345e-09,3.0322862e-08,2.5498005e-08,2.2427902e-07,8.1640316e-08,3.0779603e-07,1,17.484665,1.0,False,1.6673488e-05,Test
2822,4,-5.8986526,47.196613,-30.752008,-11.7664995,-17.194603,1.1886162,-9.25369,-34.863087,8.730108e-24,1.0,1.4039216e-34,2.4697095e-26,1.0845471e-28,1.0446755e-20,3.0475112e-25,2.3010449e-36,1,64.39122,1.0,False,6.9410426e-19,Test
2823,6,-4.430323,50.16959,-34.16317,-11.678367,-18.514393,2.2236197,-8.616949,-37.63679,1.9389134e-24,1.0,2.3699876e-37,1.3796639e-27,1.4822629e-30,1.5042859e-21,2.9466685e-26,7.348067e-39,1,58.786537,1.0,False,1.0420893e-19,Test
2824,6,-4.5714746,79.54878,-56.26227,-17.463007,-28.810863,7.3649774,-13.505385,-62.170647,2.9311473e-37,1.0,0.0,7.38e-43,0.0,4.4768317e-32,3.8645e-41,0.0,1,93.05417,1.0,False,4.6621735e-30,Test
2825,4,-3.2471642,34.092533,-24.66554,-7.4939914,-13.404048,2.0171878,-5.098278,-25.605572,6.0753994e-17,1.0,3.0317515e-26,8.69364e-19,2.3577432e-21,1.1745055e-14,9.542166e-18,1.18424754e-26,1,47.496582,1.0,False,5.473664e-13,Test
2826,4,-5.1929092,35.388683,-21.774515,-9.579072,-12.631349,-0.124889776,-7.9934535,-24.997467,2.3748616e-18,1.0,1.4939549e-25,2.9563267e-20,1.3969007e-21,3.772692e-16,1.4433683e-19,5.951523e-27,1,48.02003,1.0,False,1.947957e-14,Test
2827,4,-6.0504646,37.295567,-22.199629,-10.51779,-13.260557,-0.74782294,-8.905759,-26.560118,1.4964349e-19,1.0,1.4506605e-26,1.7176076e-21,1.1060004e-22,3.0058433e-17,8.610328e-21,1.8528041e-28,1,50.55612,1.0,False,1.6598157e-15,Test
2828,6,-4.1104207,4.664088,-2.5325518,-2.3173563,-3.2674885,-3.6885695,-0.8784542,-0.24357179,0.00015253002,0.986452,0.0007389501,0.00091637496,0.00035435302,0.00023257497,0.0038634967,0.0072896467,1,5.556183,0.9961365,False,0.12787533,Test
2829,6,-2.9336429,1.057397,-1.1577163,-0.7721109,-2.3982377,-4.8337736,1.8974147,-1.7349341,0.0049945493,0.2702607,0.029496564,0.04337482,0.00853139,0.00074693013,0.626034,0.01656109,6,0.46835056,0.37396598,True,1.481995,Test
2830,4,-5.2572455,-0.53770757,3.6588705,-2.227419,-0.8806326,-5.563625,-2.2385461,3.3743424,7.523524e-05,0.008435106,0.56058466,0.0015568907,0.0059863217,5.5381217e-05,0.0015396632,0.42176667,2,5.118278,0.99401367,False,1.1264256,Test
2831,6,-5.5003457,98.86567,-71.39378,-20.92928,-36.02049,10.190888,-15.844701,-77.95676,0.0,1.0,0.0,0.0,0.0,3.083412e-39,0.0,0.0,1,114.71037,1.0,False,3.9446287e-37,Test
2832,6,-0.57703155,3.7874584,-1.5399133,-2.35563,-2.6602323,-4.703072,-1.4141251,-1.8151444,0.012342092,0.9702032,0.004712101,0.0020842669,0.0015369725,0.00019928397,0.005343721,0.003578353,1,5.231833,0.99465626,False,0.2618051,Test
2833,6,-4.0895195,54.80455,-38.080063,-12.375657,-20.173779,2.8894303,-9.404407,-41.60288,2.6462478e-26,1.0,4.5785e-41,6.6681766e-30,2.7373096e-33,2.8415167e-23,1.3013846e-28,1.351e-42,1,64.208954,1.0,False,2.1304913e-21,Test
2834,6,-4.3923187,8.076058,-3.1460357,-3.9766989,-3.6817849,-3.914045,-3.4307458,-2.2566884,3.846077e-06,0.99992025,1.337433e-05,5.827998e-06,7.827067e-06,6.2048243e-06,1.0060596e-05,3.254697e-05,1,11.506885,0.9999899,False,0.0013943233,Test
2835,4,-4.73797,2.5798504,0.6890283,-2.2220035,-2.0153468,-4.688518,-2.148618,1.4639854,0.00044032186,0.66352814,0.10015802,0.0054505533,0.006701786,0.000462644,0.005865589,0.2173929,1,5.005381,0.99329823,False,1.346662,Test
2836,4,-6.164998,43.22196,-28.631433,-11.427207,-15.761346,0.58222175,-9.094965,-28.927855,3.5605561e-22,1.0,6.2297075e-32,1.8457324e-24,2.4203433e-26,3.0324795e-19,1.901289e-23,4.6316455e-32,1,58.983303,1.0,False,1.8681595e-17,Test
2837,6,-1.1338677,3.7980917,-1.0927695,-2.267928,-2.4017806,-4.126295,-0.81321335,-2.6993473,0.006996277,0.97003996,0.007289801,0.002250872,0.0019688809,0.00035097168,0.009641069,0.001462136,1,4.641723,0.99035895,False,0.2642681,Test
2838,6,-4.8226914,38.92969,-27.269335,-9.604274,-14.868537,1.2358345,-6.889886,-26.557018,9.967379e-20,1.0,1.7788012e-29,8.355383e-22,4.3224095e-24,4.263504e-17,1.2612781e-20,3.626464e-29,1,45.819576,1.0,False,2.325709e-15,Test
2839,4,-4.303427,17.287231,-10.81873,-5.2745113,-6.9738593,-1.890495,-4.1569104,-8.991533,4.2004544e-10,1.0,6.2192254e-13,1.590595e-10,2.9076488e-11,4.6904995e-09,4.8632626e-10,3.866139e-12,1,24.261091,1.0,False,1.6427128e-07,Test
2840,6,-3.936023,64.523834,-46.776936,-13.841705,-24.132618,5.799002,-9.996157,-49.79375,1.854655e-30,1.0,0.0,9.252916e-35,3.140463e-39,3.1342245e-26,4.328924e-33,0.0,1,74.51999,1.0,False,2.6555622e-24,Test
2841,6,-2.9332244,4.432702,-2.3522418,-2.1608214,-3.0704253,-4.1814895,-0.8697207,-0.59022796,0.0006228289,0.98480463,0.0011134906,0.0013484014,0.00054297945,0.00017875346,0.0049038506,0.006485138,1,5.3177347,0.99509615,False,0.14504288,Test
2842,4,-4.593041,29.061785,-18.730953,-7.812378,-10.920414,-0.4122294,-6.231511,-18.991467,2.4204398e-15,1.0,1.753383e-21,9.6773276e-17,4.324649e-18,1.5834277e-13,4.7023606e-16,1.351255e-21,1,39.9822,1.0,False,6.879915e-12,Test
2843,1,-4.6539516,75.790886,-53.918987,-16.781391,-27.439365,6.3062916,-12.8572,-57.96327,1.1567783e-35,1.0,0.0,6.2571e-41,1e-45,6.6561526e-31,3.166834e-39,0.0,1,-0.0,0.0,True,6.6726e-29,Test
2844,4,-5.9787536,36.819183,-23.99422,-10.144324,-13.508366,-0.11594941,-8.196676,-23.809711,2.588766e-19,1.0,3.8821667e-27,4.017976e-21,1.3900268e-22,9.104925e-17,2.8174728e-20,4.6688028e-27,1,50.32755,1.0,False,4.8697584e-15,Test
2845,4,-3.72729,15.035478,-7.1435513,-5.037851,-5.557881,-2.1686673,-4.500516,-9.6221,7.1028636e-09,1.0,2.332222e-10,1.9154218e-09,1.1387223e-09,3.3754723e-08,3.278127e-09,1.9559158e-11,1,20.593359,1.0,False,1.2199228e-06,Test
2846,6,-4.136283,25.689213,-17.639788,-6.675947,-10.346028,-0.8187146,-4.7392893,-16.517561,1.1141698e-13,1.0,1.5221356e-19,8.790032e-15,2.239206e-16,3.074352e-12,6.0963496e-14,4.675541e-19,1,30.428501,1.0,False,1.2546453e-10,Test
2847,6,-4.855839,88.151596,-62.408344,-18.999563,-31.787876,8.217142,-14.808961,-69.57124,4.0493e-41,1.0,0.0,0.0,0.0,1.9271118e-35,1e-45,0.0,1,102.960556,1.0,False,2.2223709e-33,Test
2848,6,-0.7401051,4.795414,-3.9305778,-1.6486394,-3.3734825,-3.5330045,1.4509271,-5.0577602,0.0037868102,0.96010554,0.00015583633,0.0015265184,0.00027202713,0.00023191705,0.03387091,5.0482377e-05,1,3.3851988,0.96612906,False,0.2752701,Test
2849,6,-0.3231252,23.645273,-17.032682,-5.3386264,-9.751727,0.4015401,-2.7868247,-19.827316,3.8963374e-11,1.0,2.1566931e-18,2.58495e-13,3.1323297e-15,8.042207e-11,3.3165421e-12,1.3185454e-19,1,26.432098,1.0,False,4.181592e-09,Test
2850,6,-3.4072897,22.88056,-16.806252,-5.4017367,-9.556163,-0.06886095,-3.2499332,-15.130341,3.8311754e-12,1.0,5.8108003e-18,5.213801e-13,8.182965e-15,1.0794266e-10,4.484056e-12,3.1050947e-17,1,26.130493,1.0,False,3.9098738e-09,Test
2851,6,-3.379036,59.754433,-42.45125,-12.946415,-22.012304,5.6053205,-9.844308,-47.140182,3.8148982e-28,1.0,4e-45,2.6694475e-32,3.084299e-36,3.0432607e-24,5.9381536e-31,0.0,1,69.59874,1.0,False,2.377763e-22,Test
2852,6,-3.2022529,-0.6576866,3.2917557,-1.6461402,-1.0433266,-5.0326633,-1.3554243,0.307036,0.0013731873,0.01749125,0.907908,0.0065094,0.011894321,0.00022018747,0.008705569,0.04589808,2,4.743792,0.99129444,False,0.6313207,Test
2853,6,-4.659666,38.144627,-26.242409,-9.570479,-14.319259,1.089607,-7.2151027,-26.331345,2.5723658e-19,1.0,1.089091e-28,1.8949264e-21,1.641435e-23,8.076246e-17,1.9976512e-20,9.964216e-29,1,45.35973,1.0,False,4.3348122e-15,Test
2854,6,-4.800063,-2.729455,2.507937,-0.5767015,-1.1031021,-6.4963865,1.688057,1.4019359,0.0003621992,0.0028721106,0.54047,0.024724646,0.014605526,6.6411514e-05,0.23806866,0.17883044,2,1.4351962,0.76193136,False,1.6671576,Test
2855,6,-2.9476483,4.189011,-2.1851633,-1.9985629,-2.840589,-3.79509,-0.70434284,-1.5340859,0.00078245724,0.98372227,0.0016772734,0.0020213583,0.0008708752,0.0003352906,0.0073742163,0.0032163488,1,4.9097657,0.9926258,False,0.15651144,Test
2856,6,-4.209465,30.766138,-21.041235,-7.9050183,-11.947296,-0.04852354,-5.84706,-20.59446,6.4608465e-16,1.0,3.1647818e-23,1.6044624e-17,2.8170336e-19,4.143456e-14,1.2562915e-16,4.9473964e-23,1,36.613197,1.0,False,1.8821706e-12,Test
2857,6,-4.1981277,33.224503,-23.415468,-8.070991,-13.049467,0.31811658,-5.592451,-22.594416,5.591884e-17,1.0,2.5210072e-25,1.1630403e-18,8.006994e-21,5.116083e-15,1.386789e-17,5.729974e-25,1,38.816956,1.0,False,2.4674577e-13,Test
2858,6,-4.8196435,17.10536,-10.719033,-5.596314,-7.124314,-2.5636375,-4.204325,-8.303675,3.0067143e-10,1.0,8.241744e-13,1.3828927e-10,3.000451e-11,2.8698766e-09,5.5631594e-10,9.2256385e-12,1,21.309685,1.0,False,1.1399956e-07,Test
2859,0,-4.155205,15.1627655,-9.426353,-4.88844,-6.4064474,-2.3560245,-3.8732474,-8.981218,4.0767314e-09,1.0,2.0945046e-11,1.9582695e-09,4.2915033e-10,2.4642597e-08,5.4046145e-09,3.2688956e-11,1,19.31797,1.0,False,9.56754e-07,Test
2860,6,-4.72862,84.24774,-60.3584,-17.808378,-30.638163,9.091675,-13.877905,-67.82371,2.280636e-39,1.0,0.0,4e-45,0.0,2.2915792e-33,2.42e-43,0.0,1,98.12565,1.0,False,2.4847e-31,Test
2861,1,-5.063694,55.220387,-38.49478,-12.863694,-20.30931,3.414371,-9.694564,-41.285637,6.5910785e-27,1.0,1.9953e-41,2.7005871e-30,1.5771422e-33,3.1690824e-23,6.4238665e-29,1.225e-42,1,-0.0,0.0,True,2.3691606e-21,Test
2862,6,-1.9262092,29.903347,-21.745062,-6.486803,-11.858737,1.205224,-3.7710326,-23.41115,1.501757e-14,1.0,3.7100677e-23,1.5702102e-16,7.293852e-19,3.4400372e-13,2.37357e-15,7.0114415e-24,1,33.67438,1.0,False,1.5055873e-11,Test
2863,4,-5.1626716,16.438519,-8.781537,-5.78641,-6.394667,-2.594768,-4.9263597,-8.680377,4.156446e-10,1.0,1.11447275e-11,2.2275962e-10,1.2124775e-10,5.4193654e-09,5.2644317e-10,1.2331101e-11,1,22.833185,1.0,False,1.8998021e-07,Test
2864,6,-5.294756,12.049108,-6.1386695,-4.7176704,-5.3391914,-3.43648,-3.6248274,-4.3717437,2.9353178e-08,0.9999994,1.2622598e-08,5.227343e-08,2.8077464e-08,1.8823236e-07,1.55918e-07,7.3877956e-08,1,15.673936,0.9999998,False,1.3203639e-05,Test
2865,1,-5.6962023,69.02945,-49.134808,-15.949919,-25.497484,5.290131,-11.7554245,-51.236435,3.5242e-33,1.0,0.0,1.2414479e-37,8.86e-42,2.0814478e-28,8.2333206e-36,0.0,1,-0.0,0.0,True,1.9140625e-26,Test
2866,6,-1.9569507,9.518317,-5.407073,-3.28979,-4.151668,-2.838626,-2.342637,-5.4519444,1.0383487e-05,0.99997365,3.295899e-07,2.7384083e-06,1.156617e-06,4.299682e-06,7.0605993e-06,3.151277e-07,1,11.860981,0.99999297,False,0.0004945236,Test
2867,5,-5.87338,63.8822,-44.3833,-14.812201,-23.400723,4.006895,-11.290003,-47.77551,5.076189e-31,1.0,0.0,6.6597455e-35,1.2402496e-38,9.919399e-27,2.2548987e-33,0.0,1,59.875305,1.0,False,8.569069e-25,Test
2868,6,-4.9767323,63.77623,-45.546173,-13.98392,-23.582458,5.7968764,-10.355777,-48.351997,1.3834669e-30,1.0,0.0,1.6951074e-34,1.1497508e-38,6.6052026e-26,6.380869e-33,0.0,1,74.132,1.0,False,5.5251605e-24,Test
2869,6,0.2216535,-0.3532941,0.27602088,-1.2677583,-1.6837174,-5.5065827,-0.21375519,-0.4725056,0.24139273,0.13583997,0.25487992,0.05443533,0.03591138,0.0007852044,0.15618113,0.12057429,2,1.8567388,0.8438189,False,2.584261,Test
2870,6,-5.1221657,0.25743517,0.39668015,-1.0689353,-2.0459945,-3.4111178,-0.122035265,0.30578497,0.0010773648,0.2337189,0.2686378,0.062038094,0.023352157,0.0059629544,0.159916,0.24529679,2,1.8331066,0.840084,False,2.3498616,Test
2871,6,2.5213265,4.7061477,-3.4435737,-1.8112055,-3.5583289,-4.3635373,-0.63350594,-5.4062657,0.10049161,0.89327586,0.00025799224,0.001319882,0.00023002176,0.00010281854,0.00428552,3.6242676e-05,1,5.452513,0.9957145,False,0.53264874,Test
2872,6,-4.329331,30.118738,-20.543074,-7.9237294,-11.617017,-0.02881157,-5.844815,-19.603622,1.0949469e-15,1.0,9.950724e-23,3.008608e-17,7.4884423e-19,8.073933e-14,2.4056186e-16,2.5459742e-22,1,35.963554,1.0,False,3.5802487e-12,Test
2873,6,-4.1751785,33.677494,-22.329103,-8.905884,-12.523661,0.07796298,-6.895602,-23.019028,3.6374176e-17,1.0,4.7494455e-25,3.2082926e-19,8.611774e-21,2.5580547e-15,2.3951226e-18,2.3823932e-25,1,40.573097,1.0,False,1.261457e-13,Test
2874,6,0.052949175,10.888914,-6.025489,-3.4765775,-4.7845187,-3.1434863,-2.298255,-8.4560795,1.9678413e-05,0.9999769,4.5098126e-08,5.7694723e-07,1.5599272e-07,8.0500024e-07,1.8744558e-06,3.967948e-09,1,13.187192,0.99999815,False,0.00040965175,Test
2875,6,-2.6168356,6.4535236,-4.9087925,-2.1497984,-4.157632,-3.2384593,0.3335781,-3.9997106,0.000114724186,0.99738294,1.1595e-05,0.00018301498,2.457512e-05,6.1615094e-05,0.002192822,2.87793e-05,1,6.122566,0.9978072,False,0.028776303,Test
2876,1,-5.9404984,60.65713,-42.380684,-13.791807,-22.513987,3.9757571,-10.302082,-45.614048,1.1940393e-29,1.0,1e-45,4.647696e-33,7.572542e-37,2.418757e-25,1.5233694e-31,0.0,1,-0.0,0.0,True,1.9780291e-23,Test
2877,6,-3.5411887,26.637161,-18.855732,-6.6609774,-10.505262,0.13552971,-4.6093993,-17.253242,7.8290476e-14,1.0,1.7485881e-20,3.4578214e-15,7.400304e-17,3.0937698e-12,2.6902397e-14,8.682401e-20,1,31.246561,1.0,False,1.2307792e-10,Test
2878,6,-1.927628,14.749513,-9.640426,-3.8151503,-6.500646,-1.7802844,-2.0495286,-10.857166,5.7175438e-08,0.99999976,2.5561376e-11,8.65903e-09,5.9043676e-10,6.625223e-08,5.061378e-08,7.571134e-12,1,16.799042,0.99999994,False,4.6914306e-06,Test
2879,6,-3.64509,25.28122,-16.897728,-6.734453,-9.797444,-0.62123394,-4.9223833,-16.121868,2.7381886e-13,1.0,4.807462e-19,1.2467255e-14,5.828144e-16,5.632575e-12,7.633828e-14,1.0444016e-18,1,30.203602,1.0,False,2.2584443e-10,Test
2880,4,-5.9562488,34.433002,-22.765978,-9.587706,-12.87512,-0.17668267,-7.532362,-21.604868,2.8785306e-18,1.0,1.4414436e-25,7.621671e-20,2.8467164e-21,9.31548e-16,5.95216e-19,4.6032154e-25,1,47.30812,1.0,False,4.6722127e-14,Test
2881,6,-4.857037,45.410023,-32.417274,-10.822028,-17.074945,2.1845412,-7.86486,-31.31849,1.4767042e-22,1.0,1.5850122e-34,3.790794e-25,7.296629e-28,1.688151e-19,7.29478e-24,4.75586e-34,1,53.274883,1.0,False,1.0538812e-17,Test
2882,6,-2.5292058,9.981287,-6.1631317,-3.14537,-4.759027,-2.6875129,-1.6981399,-6.146779,3.6876904e-06,0.9999821,9.7400296e-08,1.9913946e-06,3.9660208e-07,3.147764e-06,8.466063e-06,9.900605e-08,1,11.679445,0.99999154,False,0.00034325922,Test
2883,0,-3.264853,17.950813,-11.406938,-5.2530913,-6.676094,-0.32422066,-4.563515,-12.163934,6.1115785e-10,1.0,1.7786529e-13,8.368971e-11,2.0168334e-11,1.15678755e-08,1.6678292e-10,8.3431864e-14,1,21.215666,1.0,False,3.3264334e-07,Test
2884,6,-4.425353,0.23354834,1.7321362,-1.9409281,-1.5586302,-5.8515434,-1.2057583,3.245371,0.00035994194,0.0379811,0.16997927,0.0043172217,0.0063275304,8.646609e-05,0.009005018,0.7719435,7,4.7099733,0.990995,False,1.0486557,Test
2885,6,-1.0863968,18.079037,-11.386884,-4.7350636,-7.2899537,-1.5867897,-3.171335,-13.838916,4.748515e-09,1.0,1.5962972e-13,1.2358398e-10,9.602574e-12,2.8789886e-09,5.903108e-10,1.3747031e-14,1,21.250372,1.0,False,2.3550201e-07,Test
2886,6,-5.011544,68.3965,-48.71406,-15.1306925,-25.210213,5.4888425,-11.24772,-52.010586,1.3161095e-32,1.0,0.0,5.303979e-37,2.224e-41,4.78136e-28,2.5760566e-35,0.0,1,79.64422,1.0,False,4.339538e-26,Test
2887,4,-5.5704837,31.309727,-18.669277,-8.719619,-11.393151,-0.5691842,-7.291947,-22.615507,9.618956e-17,1.0,1.9696742e-22,4.1254918e-18,2.8469256e-19,1.4294379e-14,1.7199126e-17,3.8068814e-24,1,42.702877,1.0,False,6.637521e-13,Test
2888,6,-1.8908825,-1.1486443,-0.67788076,-0.8973821,-1.7245996,-3.19502,1.2373031,-0.032581925,0.025086211,0.0526969,0.084379144,0.06774962,0.029624492,0.006808563,0.5727814,0.16087362,6,0.55725116,0.42721862,True,2.0051973,Test
2889,6,-3.0507052,-0.81650925,0.24122643,-1.1364206,-1.6215456,-4.5860696,0.7051199,0.86967146,0.0070623797,0.065955356,0.18994106,0.047897667,0.02948677,0.001521076,0.30205444,0.35608122,7,1.1971481,0.6979456,False,2.190604,Test
2890,6,-4.904086,5.764026,-2.8441353,-2.8300614,-3.4513516,-4.1002746,-2.1579187,0.641752,2.3116683e-05,0.9931792,0.0001813637,0.00018393433,9.881887e-05,5.164357e-05,0.00036022245,0.005921778,1,7.9287887,0.99963975,False,0.064689815,Test
2891,1,-5.330852,64.18287,-44.57404,-14.640449,-23.476112,4.1796737,-11.192293,-48.982857,6.4651113e-31,1.0,0.0,5.8542024e-35,8.515069e-39,8.728563e-27,1.8407035e-33,0.0,1,-0.0,0.0,True,7.5566465e-25,Test
2892,4,-5.5036225,42.69553,-27.679403,-10.943399,-15.436019,0.64328563,-8.816853,-30.585064,1.1678133e-21,1.0,2.7324716e-31,5.068835e-24,5.672685e-26,5.4568443e-19,4.2506615e-23,1.4950043e-32,1,58.13155,1.0,False,3.3190655e-17,Test
2893,6,-1.7241647,10.770808,-6.3935146,-3.264018,-5.0145483,-2.9876313,-1.5783453,-7.726277,3.7453956e-06,0.99998987,3.5125726e-08,8.0306e-07,1.3947694e-07,1.0587198e-06,4.3333757e-06,9.264316e-09,1,12.349164,0.99999565,False,0.00020090693,Test
2894,4,-5.568361,30.296577,-19.96692,-8.537524,-11.471332,-0.7624637,-6.6931477,-18.452063,2.654947e-16,1.0,1.4819749e-22,1.36321234e-17,7.2514887e-19,3.2451103e-14,8.621192e-17,6.741147e-22,1,41.76791,1.0,False,1.4732379e-12,Test
2895,4,-6.1187296,43.26357,-28.945095,-11.011937,-16.01064,0.9312162,-8.509743,-30.178892,3.577179e-22,1.0,4.3669248e-32,2.6819312e-24,1.8094164e-26,4.1237588e-19,3.2744357e-23,1.2715847e-32,1,59.274208,1.0,False,2.5213042e-17,Test
2896,4,-5.895653,50.347366,-34.009342,-12.285417,-18.509432,1.7569661,-9.464725,-36.124027,3.7494465e-25,1.0,2.3139216e-37,6.294024e-28,1.2470198e-30,7.8969086e-22,1.056668e-26,2.792239e-38,1,68.8568,1.0,False,5.5389616e-20,Test
2897,6,-4.767936,50.3152,-35.277893,-11.797273,-18.723726,2.7165563,-8.665427,-36.750458,1.1959068e-24,1.0,6.720346e-38,1.0589999e-27,1.0393834e-30,2.1289793e-21,2.4268241e-26,1.541221e-38,1,58.98063,1.0,False,1.462949e-19,Test
2898,6,-3.9114435,6.9768853,-2.865274,-3.2947032,-3.4196644,-3.1616552,-2.605533,-2.112756,1.8668241e-05,0.9996418,5.314335e-05,3.458998e-05,3.0526742e-05,3.95123e-05,6.890535e-05,0.00011278808,1,9.582777,0.9999311,False,0.005544605,Test
2899,6,-4.0984516,3.780202,-1.0964136,-2.6606503,-2.4694436,-3.4515247,-2.094348,0.16312605,0.00036350382,0.95976466,0.007316065,0.0015308696,0.0018534391,0.0006941699,0.002696995,0.025780339,1,5.915617,0.997303,False,0.31041804,Test
2900,0,-4.191096,9.760652,-4.604952,-3.9559376,-4.3448977,-2.6686454,-3.468234,-7.201761,8.7262737e-07,0.9999907,5.768909e-07,1.1039695e-06,7.48228e-07,3.9996416e-06,1.7978933e-06,4.2984716e-08,1,13.951757,0.9999991,False,0.00018692146,Test
2901,6,-0.92468023,13.713601,-10.467047,-3.310822,-6.578367,-2.0862012,0.049257487,-11.614849,4.3921247e-07,0.99999833,3.151207e-11,4.0400433e-08,1.5392494e-09,1.3747766e-07,1.1631886e-06,9.999852e-12,1,13.664346,0.9999988,False,3.8958286e-05,Test
2902,6,-2.0287328,16.891153,-10.87082,-4.5069013,-7.0555544,-0.8496617,-3.0201418,-12.569943,6.070131e-09,1.0,8.772588e-13,5.0926424e-10,3.9817736e-11,1.9736143e-08,2.2523428e-09,1.6040127e-13,1,19.911295,1.0,False,7.5266604e-07,Test
2903,6,-4.4209146,61.926838,-44.050545,-13.6570635,-22.909061,4.918926,-10.236134,-47.56368,1.5329781e-29,1.0,0.0,1.4939261e-33,1.4329698e-37,1.7449321e-25,4.571089e-32,0.0,1,72.16297,1.0,False,1.4352671e-23,Test
2904,6,-3.8075712,48.649624,-35.040737,-10.645156,-18.308088,3.1959403,-7.777223,-36.333412,1.6524547e-23,1.0,4.5054485e-37,1.7725721e-26,8.329826e-30,1.8185144e-20,3.11984e-25,1.2369098e-37,1,56.426846,1.0,False,1.1937828e-18,Test
2905,4,-3.9827282,13.198222,-6.9719477,-4.369613,-5.363777,-2.3823543,-3.6002765,-7.5268693,3.454682e-08,0.99999976,1.738627e-09,2.3463143e-08,8.682116e-09,1.7117556e-07,5.06413e-08,9.981753e-10,1,18.562,1.0,False,7.1828717e-06,Test
2906,6,-0.19657801,1.5323752,-0.4356914,-1.7389958,-2.1142662,-5.42625,-0.22060983,-1.1529027,0.10930395,0.6159007,0.0860578,0.023376117,0.01606181,0.00058535335,0.1067085,0.042005803,1,2.2376547,0.8932915,False,1.8495221,Test
2907,4,-3.3333294,30.321035,-20.235655,-7.3770437,-11.355451,0.7419335,-5.699889,-21.694038,2.4215573e-15,1.0,1.1053718e-22,4.2455376e-17,7.945691e-19,1.4254743e-13,2.2714943e-16,2.5712225e-23,1,41.676487,1.0,False,6.21475e-12,Test
2908,6,-2.0524597,38.836594,-28.128546,-8.384337,-14.945865,3.0694425,-5.8694606,-31.199398,1.7462635e-18,1.0,8.268156e-30,3.1060598e-21,4.391114e-24,2.927681e-16,3.8406713e-20,3.8348963e-31,1,44.706055,1.0,False,1.5212854e-14,Test
2909,4,-4.59222,23.525648,-14.093252,-6.945966,-8.743194,-1.3494667,-5.8070273,-15.00733,6.1456087e-13,1.0,4.5953562e-17,5.839099e-14,9.678778e-15,1.5735302e-11,1.8238147e-13,1.8422148e-17,1,32.26884,1.0,False,6.0036504e-10,Test
2910,1,-4.168349,72.205826,-51.28968,-15.475388,-26.435032,6.135825,-11.732151,-56.56075,6.7782375e-34,1.0,0.0,8.32785e-39,1.44e-43,2.023782e-29,3.5172358e-37,0.0,1,-0.0,0.0,True,1.9291206e-27,Test
2911,4,-4.1108665,33.897213,-21.588139,-8.247186,-12.441253,0.9520583,-6.5071797,-25.991047,3.113872e-17,1.0,7.998674e-25,4.976461e-19,7.506883e-21,4.921534e-15,2.8352765e-18,9.791725e-27,1,46.338467,1.0,False,2.358231e-13,Test
2912,6,-2.881899,10.019595,-5.9600043,-3.1760597,-4.646229,-2.6802611,-2.0523546,-5.129562,2.4942863e-06,0.99998605,1.1485299e-07,1.8586338e-06,4.2727504e-07,3.051523e-06,5.717586e-06,2.6351105e-07,1,12.071964,0.9999943,False,0.0002748672,Test
2913,4,-5.4539185,4.829735,-0.47014457,-3.2423654,-2.6735897,-4.2240386,-2.9863284,0.015368735,3.369803e-05,0.9856856,0.004920735,0.00030765933,0.00054335786,0.0001152748,0.00039743434,0.007996241,1,7.517742,0.99945664,False,0.12991615,Test
2914,6,-3.786746,6.642898,-4.071782,-2.329407,-3.9449074,-3.5665178,-0.703194,-2.4728916,2.9514209e-05,0.9990054,2.2194305e-05,0.00012674918,2.5196616e-05,3.678536e-05,0.0006444668,0.00010980719,1,7.3470874,0.99935555,False,0.013064644,Test
2915,6,-4.736141,42.49947,-29.480732,-10.279536,-16.127058,1.3009387,-7.5937734,-30.470594,3.0607989e-21,1.0,5.487766e-32,1.1977565e-23,3.4579866e-26,1.2814593e-18,1.757038e-22,2.0394104e-32,1,50.093243,1.0,False,7.638819e-17,Test
2916,4,-3.5568955,29.634459,-18.723642,-7.798985,-10.906716,-0.07579586,-6.262897,-20.986183,3.8474998e-15,1.0,9.961933e-22,5.5317356e-17,2.4728118e-18,1.2502601e-13,2.5702609e-16,1.03689266e-22,1,40.541176,1.0,False,5.5596504e-12,Test
2917,4,-4.713637,28.365314,-16.922392,-8.1083975,-10.167461,-1.0426658,-6.94498,-19.241028,4.3052e-15,1.0,2.1468408e-20,1.4443344e-16,1.8425872e-17,1.6915177e-13,4.623104e-16,2.1126532e-21,1,38.532776,1.0,False,7.414193e-12,Test
2918,6,0.5322784,5.9904275,-2.6550472,-2.867504,-3.2775345,-4.459787,-1.6376294,-4.7873025,0.0042393478,0.9948166,0.00017500932,0.00014151171,9.391144e-05,2.879205e-05,0.00048408314,2.0750776e-05,1,7.633254,0.9995159,False,0.05221094,Test
2919,6,-3.325156,5.9401665,-2.8542743,-2.6570785,-3.2933955,-3.3823152,-1.8426094,-1.7439532,9.4508905e-05,0.9985073,0.00015134705,0.00018433809,9.75587e-05,8.925841e-05,0.0004162312,0.0004593889,1,7.78427,0.9995838,False,0.019891331,Test
2920,5,-4.9702415,78.44045,-55.17984,-17.32273,-28.41134,6.708032,-13.379132,-61.071205,5.9593305e-37,1.0,0.0,2.574e-42,0.0,7.0308045e-32,1.32819e-40,0.0,1,71.73242,1.0,False,7.276111e-30,Test
2921,4,-3.8166943,57.60193,-40.10214,-12.79702,-21.091124,4.42312,-9.889619,-45.88338,2.119484e-27,1.0,3.7e-43,2.6676267e-31,6.668694e-35,8.030382e-24,4.884203e-30,1e-45,1,78.693054,1.0,False,6.1628576e-22,Test
2922,5,-6.6153116,67.36823,-47.09361,-15.704302,-24.738846,4.4434953,-11.84967,-50.13104,7.402107e-33,1.0,0.0,8.357136e-37,9.9634e-41,4.7003953e-28,3.9454977e-35,0.0,1,62.924736,1.0,False,4.267155e-26,Test
2923,4,-3.7781131,40.40819,-28.30291,-9.151338,-15.109677,2.4629061,-6.9101167,-29.501343,6.458492e-20,1.0,1.4426006e-30,2.9961967e-22,7.7427684e-25,3.3156734e-17,2.8178584e-21,4.351877e-31,1,55.517868,1.0,False,1.8194456e-15,Test
2924,0,-3.1408296,27.561192,-20.896152,-5.8457546,-11.1771555,3.4452877,-4.3183827,-23.701662,4.637478e-14,1.0,9.020755e-22,3.1013332e-15,1.500203e-17,3.361987e-11,1.4284894e-14,5.4553764e-23,1,30.70202,1.0,False,1.1725604e-09,Test
2925,6,-5.0632973,-2.5783935,3.7072663,-1.959869,-0.72594607,-6.7959146,-0.42628288,4.0997996,6.174535e-05,0.00074094237,0.39775148,0.0013753278,0.0047238073,1.0917884e-05,0.0063743247,0.5889614,7,5.055477,0.9936257,False,1.0836642,Test
2926,6,-4.042909,33.66604,-23.066364,-8.110482,-12.906348,0.9670828,-5.8289456,-24.42412,4.1996466e-17,1.0,2.2984259e-25,7.189323e-19,5.9411294e-21,6.2954106e-15,7.039577e-18,5.912424e-26,1,39.494984,1.0,False,2.9971314e-13,Test
2927,4,-4.8140726,35.612648,-21.95171,-9.298034,-12.7602005,-0.09438348,-7.721524,-25.760008,2.7726734e-18,1.0,1.0002696e-25,3.1299568e-20,9.816096e-22,3.1090905e-16,1.5142881e-19,2.2191844e-27,1,48.37285,1.0,False,1.6189554e-14,Test
2928,6,-2.566851,4.0014215,-0.98160225,-2.8123734,-2.3949373,-3.7923167,-2.124283,-0.93573874,0.0013756125,0.9796268,0.0067136856,0.0010761358,0.0016336441,0.00040390858,0.0021414151,0.0070287697,1,6.1462884,0.9978586,False,0.19018069,Test
2929,6,-4.147846,44.565075,-32.380577,-9.902017,-17.107573,2.7386804,-6.9592423,-32.408092,6.9862986e-22,1.0,3.8276268e-34,2.214334e-24,1.6440323e-27,6.8395615e-19,4.2002265e-23,3.7237296e-34,1,51.52432,1.0,False,4.1324177e-17,Test
2930,1,-5.2005215,70.93222,-50.321335,-15.974588,-25.94705,5.4519563,-12.06833,-53.560078,8.629179e-34,1.0,0.0,1.8065638e-38,8.44e-43,3.649919e-29,8.980891e-37,0.0,1,-0.0,0.0,True,3.4481018e-27,Test
2931,4,-6.6218667,-3.759924,1.0937256,-0.6367902,-1.1140393,-1.6576277,-0.99434537,2.2819934,9.3570605e-05,0.0016370631,0.20988365,0.03718991,0.02307589,0.0133992685,0.026010033,0.6887106,7,3.768967,0.9769241,False,1.3820698,Test
2932,4,-5.562538,56.509956,-39.043007,-13.185544,-20.842937,3.246332,-10.033939,-41.78237,1.1021943e-27,1.0,3.175e-42,5.3904814e-31,2.5472214e-34,7.377362e-24,1.2599451e-29,2.05e-43,1,77.35289,1.0,False,5.6699985e-22,Test
2933,4,-4.0301857,51.34664,-35.0347,-12.045219,-18.679266,2.6079655,-9.199356,-38.072575,8.915578e-25,1.0,3.055348e-38,2.946216e-28,3.873771e-31,6.8086517e-22,5.072328e-27,1.464625e-39,1,70.02591,1.0,False,4.7946765e-20,Test
2934,6,-2.438712,3.7153807,-4.220647,-1.5158073,-3.2001965,-1.6857047,0.21045418,-3.0213158,0.0020341096,0.9573326,0.0003423654,0.00511902,0.0009498739,0.00431918,0.028766872,0.0011359333,1,3.5485308,0.9712331,False,0.32315427,Test
2935,4,-5.281911,28.713005,-18.01047,-8.345652,-10.713303,-1.2592312,-6.795898,-18.273878,1.7226458e-15,1.0,5.108033e-21,8.0469394e-17,7.5400135e-18,9.6210624e-14,3.7903486e-16,3.9251392e-21,1,39.426308,1.0,False,4.268859e-12,Test
2936,5,-4.7854137,74.49785,-52.652065,-16.55745,-27.023005,5.869813,-12.687628,-57.431683,3.695863e-35,1.0,0.0,2.85224e-40,8e-45,1.5675538e-30,1.367187e-38,0.0,1,68.62804,1.0,False,1.5520666e-28,Test
2937,6,-5.316577,47.921227,-33.21997,-11.557709,-17.72261,2.2008867,-8.624647,-33.848816,7.570338e-24,1.0,5.7653517e-36,1.4744383e-26,3.099159e-29,1.3928628e-20,2.7697355e-25,3.074127e-36,1,56.545876,1.0,False,9.193447e-19,Test
2938,6,-5.3053384,-2.8696218,3.874659,-0.9141989,-0.76894975,-6.6134963,0.020222124,3.0558884,6.958279e-05,0.0007949139,0.67503154,0.0056175827,0.0064957645,1.880945e-05,0.014300901,0.297671,2,4.2474327,0.9856991,False,1.089386,Test
2939,6,-1.8446966,14.624043,-9.56888,-3.8438196,-6.3859515,-2.5202155,-2.4216309,-10.398364,7.0423376e-08,0.9999999,3.112765e-11,9.539134e-09,7.5071527e-10,3.5837946e-08,3.9551054e-08,1.3580208e-11,1,17.045673,0.99999994,False,3.982727e-06,Test
2940,6,-2.046072,-1.0020173,0.98766524,-1.4308857,-1.2411479,-4.323561,-0.28807074,0.28948563,0.022251613,0.06321042,0.46227118,0.04116551,0.049766324,0.0022817105,0.12907785,0.22997534,2,2.0473394,0.87092215,False,2.18238,Test
2941,6,-2.9498885,41.579823,-29.528769,-9.425425,-15.611568,2.2979975,-6.980111,-31.107172,4.581329e-20,1.0,1.3119948e-31,7.058327e-23,1.4524275e-25,8.7120374e-18,8.141214e-22,2.70669e-32,1,48.559933,1.0,False,4.9673135e-16,Test
2942,6,-1.9364804,10.939031,-6.383004,-3.6667984,-4.708242,-2.7722394,-2.6620567,-6.634818,2.5599657e-06,0.9999945,3.0000844e-08,4.5369768e-07,1.6013036e-07,1.1098609e-06,1.2391399e-06,2.3322338e-08,1,13.601093,0.99999875,False,0.00011642079,Test
2943,6,-1.6587695,-1.0095655,0.9208858,-1.2615736,-1.4434854,-4.885712,0.0124846995,0.59337455,0.02967264,0.056793924,0.39145893,0.04414242,0.03680042,0.0011773697,0.15782385,0.2821304,2,1.8462758,0.84217614,False,2.2361937,Test
2944,4,-4.4492607,30.800379,-21.392593,-7.507302,-12.027879,0.36550024,-5.4210253,-20.374596,4.912191e-16,1.0,2.1521921e-23,2.3077303e-17,2.511445e-19,6.05759e-14,1.8588472e-16,5.9565095e-23,1,42.82826,1.0,False,2.6957677e-12,Test
2945,4,-5.166643,57.895115,-39.391197,-13.264662,-21.067791,3.681071,-10.189106,-43.996494,4.0985065e-28,1.0,5.6e-43,1.2465292e-31,5.0914994e-35,2.8519402e-24,2.7002164e-30,6e-45,1,78.962906,1.0,False,2.2310016e-22,Test
2946,6,-1.5054713,6.2391624,-0.58993685,-3.2602518,-3.3032856,-4.3555403,-2.2103846,-5.8037944,0.00043223618,0.9980971,0.0010797736,7.475316e-05,7.1604496e-05,2.5000681e-05,0.00021359017,5.8746623e-06,1,8.451451,0.99978644,False,0.023313722,Test
2947,6,-5.686123,103.420296,-74.339935,-21.815533,-37.555386,11.155347,-16.988317,-82.69967,0.0,1.0,0.0,0.0,0.0,8.5083e-41,0.0,0.0,1,120.408615,1.0,False,1.1325366e-38,Test
2948,6,-6.8675847,122.88761,-87.401505,-26.099346,-44.506557,12.0696335,-19.765749,-97.0617,0.0,1.0,0.0,0.0,0.0,0.0,0.0,0.0,1,142.65337,1.0,False,0.0,Test
2949,4,-5.8173566,37.964993,-23.13852,-10.338132,-13.484959,-0.15738782,-8.752608,-27.102087,9.6731425e-20,1.0,2.904571e-27,1.0524949e-21,4.524495e-23,2.7775444e-17,5.1381095e-21,5.517308e-29,1,51.44995,1.0,False,1.5341538e-15,Test
2950,5,-5.4561653,71.11896,-50.60912,-15.997851,-26.031164,5.57903,-12.056739,-52.990337,5.544321e-34,1.0,0.0,1.4643734e-38,6.43e-43,3.4385267e-29,7.537956e-37,0.0,1,65.539925,1.0,False,3.25133e-27,Test
2951,6,-5.5329094,25.783283,-16.261005,-7.6628513,-9.922923,-1.2077056,-5.882623,-16.028244,2.509287e-14,1.0,5.5004404e-19,2.9821362e-15,3.1116534e-16,1.8965404e-12,1.76877e-14,6.9419975e-19,1,31.665907,1.0,False,7.595258e-11,Test
2952,6,-1.5835602,8.836157,-6.1366186,-2.5440316,-4.5145416,-2.0235147,-0.9072515,-6.288246,2.9834706e-05,0.99987864,3.1430665e-07,1.1418116e-05,1.5915219e-06,1.9215508e-05,5.867308e-05,2.700863e-07,1,9.743529,0.99994135,False,0.0019801864,Test
2953,1,-5.8287683,76.71155,-54.073742,-17.063053,-27.894588,6.2425466,-12.921369,-58.929718,1.4229749e-36,1.0,0.0,1.8803e-41,0.0,2.4871467e-31,1.182818e-39,0.0,1,-0.0,0.0,True,2.5285814e-29,Test
2954,5,-5.4356866,74.33476,-52.18069,-17.064827,-26.883375,5.7124195,-13.096378,-56.16135,2.2705714e-35,1.0,0.0,2.02144e-40,1.1e-44,1.576501e-30,1.0693987e-38,0.0,1,68.622345,1.0,False,1.5607796e-28,Test
2955,6,-1.6402307,18.321028,-12.898642,-4.2800093,-7.6542377,-0.41441256,-2.3363054,-13.566125,2.142574e-09,1.0,2.7635663e-14,1.5293072e-10,5.2370356e-12,7.299637e-09,1.0681546e-09,1.4177026e-14,1,20.657333,1.0,False,2.9602563e-07,Test
2956,6,-1.7906386,-0.78459984,1.3790382,-1.3761935,-1.1951568,-5.6670737,-0.29457855,1.1133758,0.0186588,0.051027082,0.44407552,0.02824066,0.033845287,0.0003866956,0.08329411,0.34047177,2,2.4853773,0.9167059,False,1.989215,Test
2957,6,-4.47446,2.9452002,0.6426866,-2.8765604,-2.1989238,-5.1628146,-2.1864562,1.2085584,0.00046399527,0.77416086,0.07742162,0.0022933625,0.004516131,0.0002331122,0.004572788,0.13633811,1,5.3876324,0.9954272,False,1.0623891,Test
2958,6,-4.1266713,17.441732,-10.567543,-5.701524,-6.9218674,-2.417942,-4.5776134,-9.522458,4.2949833e-10,1.0,6.8505623e-13,8.892239e-11,2.6243578e-11,2.3716629e-09,2.736021e-10,1.9480515e-12,1,22.019346,1.0,False,9.400261e-08,Test
2959,6,-6.268649,73.77498,-51.549427,-17.12203,-27.153524,4.6119514,-12.529494,-55.22598,1.7278077e-35,1.0,0.0,3.34141e-40,1.4e-44,9.180788e-31,3.2994626e-38,0.0,1,86.304474,1.0,False,9.160895e-29,Test
2960,6,-2.6677756,19.26183,-12.394875,-5.149176,-7.8141065,-1.0554703,-3.5843766,-14.113784,2.992908e-10,1.0,1.785123e-14,2.5028523e-11,1.7420904e-12,1.500753e-09,1.1967916e-10,3.2000365e-15,1,22.846207,1.0,False,5.8353557e-08,Test
2961,6,-1.3572747,25.406052,-16.399109,-6.4110427,-9.706622,-0.48755535,-4.5366354,-19.966034,2.381414e-12,1.0,6.986336e-19,1.5205871e-14,5.6332514e-16,5.6826345e-12,9.9095936e-14,1.9731204e-20,1,29.942688,1.0,False,3.092406e-10,Test
2962,6,-5.4490094,67.93711,-48.452087,-14.937059,-25.091627,5.565921,-11.178499,-51.637245,1.3452761e-32,1.0,0.0,1.0190746e-36,3.964e-41,8.175922e-28,4.370468e-35,0.0,1,79.11561,1.0,False,7.3570505e-26,Test
2963,6,-2.9575694,2.7316303,-1.8410797,-1.1797872,-2.669603,-3.7620988,0.25467372,-1.3106351,0.0029635387,0.8761905,0.009050984,0.017534424,0.003952506,0.0013255858,0.07359867,0.015383848,1,2.6091285,0.9264013,False,0.76960075,Test
2964,6,-4.1860003,-1.7141631,5.0784836,-2.3456154,-0.4943793,-6.2098446,-2.154484,1.9494839,9.020922e-05,0.0010684559,0.95228165,0.0005682248,0.0036182764,1.1920838e-05,0.0006879036,0.04167332,2,7.281862,0.9993121,False,0.31288657,Test
2965,6,-1.0817101,2.293384,-1.4680098,-1.2551731,-2.4580517,-4.739099,0.1359337,-1.8082389,0.027864113,0.8143855,0.018935526,0.023426702,0.007035706,0.0007188883,0.094158866,0.013474658,1,2.362772,0.9058411,False,1.0829109,Test
2966,6,-2.0268486,0.94873905,-1.496939,-1.0901375,-2.397915,-1.8922293,0.40484357,-2.9576602,0.026002431,0.50967723,0.04417238,0.06634717,0.01794163,0.029749408,0.29585877,0.010251032,1,1.2178731,0.70414126,False,1.9334676,Test
2967,6,-2.5938566,17.20603,-11.93708,-4.391262,-7.308433,-1.0938456,-2.6427424,-11.149095,2.517784e-09,1.0,2.2044894e-13,4.172682e-10,2.2568558e-11,1.1284054e-08,2.3976612e-09,4.8475855e-13,1,19.848772,1.0,False,4.523203e-07,Test
2968,6,-4.2746377,54.977245,-38.087227,-12.282391,-20.268297,4.035154,-9.403798,-42.860855,1.8502634e-26,1.0,3.8248e-41,6.159015e-30,2.0954403e-33,7.518482e-23,1.0956416e-28,3.24e-43,1,64.38104,1.0,False,5.5272176e-21,Test
2969,6,-3.2152996,36.046925,-25.553535,-8.366469,-13.905008,1.5282774,-5.860004,-26.011438,8.88451e-18,1.0,1.7670958e-27,5.146449e-20,2.0237197e-22,1.0203342e-15,6.310328e-19,1.1178785e-27,1,41.90693,1.0,False,5.1357234e-14,Test
2970,4,-6.2880273,-3.0981126,6.131299,-1.6811962,-0.25982797,-6.528099,-2.2303283,3.3501403,3.7953823e-06,9.217601e-05,0.93950826,0.00038016928,0.0015749595,2.9853404e-06,0.00021952899,0.058218192,2,6.453526,0.99842507,False,0.3464197,Test
2971,4,-4.9811754,31.579252,-19.795961,-8.69572,-11.634413,-0.65771294,-6.963563,-21.391863,1.3243647e-16,1.0,4.8756015e-23,3.227025e-18,1.7082197e-19,9.992265e-15,1.8241798e-17,9.8840974e-24,1,43.213665,1.0,False,4.7291923e-13,Test
2972,6,-3.9316719,30.65154,-21.213188,-7.3373795,-12.053319,0.58103293,-5.0471735,-21.9247,9.565355e-16,1.0,2.9883648e-23,3.174101e-17,2.841284e-19,8.720567e-14,3.1350537e-16,1.4669957e-23,1,35.698715,1.0,False,3.848834e-12,Test
2973,6,1.1834934,16.278603,-11.283533,-4.3300624,-7.2300906,-2.4392443,-2.5597186,-13.804345,2.7814892e-07,0.99999976,1.0713132e-12,1.121425e-09,6.170267e-11,7.429211e-09,6.5859846e-09,8.612755e-14,1,18.838322,1.0,False,6.816487e-06,Test
2974,4,-6.035271,48.153435,-32.24384,-12.090573,-17.526272,1.2969064,-9.544495,-34.184628,2.9251238e-24,1.0,1.213126e-35,6.860569e-27,2.9899746e-29,4.471651e-21,8.752007e-26,1.7419495e-36,1,65.6797,1.0,False,3.0251877e-19,Test
2975,6,-3.7081723,-1.3053776,2.312825,-1.3305615,-1.3289791,-6.0535874,0.043208733,2.3774447,0.0010778357,0.0119144255,0.44405672,0.011618118,0.011636519,0.00010326466,0.045894083,0.473699,7,3.081419,0.9541059,False,1.4723053,Test
2976,4,-5.6047015,90.730545,-63.684124,-19.899006,-32.72963,7.848075,-15.364596,-70.44875,1.453e-42,1.0,0.0,0.0,0.0,1.0106505e-36,0.0,0.0,1,123.460175,1.0,False,1.2084786e-34,Test
2977,4,-4.0628295,23.45309,-14.95603,-6.293529,-9.174159,-0.90688866,-4.854698,-16.0203,1.1219862e-12,1.0,2.0851231e-17,1.2056105e-13,6.7634e-15,2.6338756e-11,5.082572e-13,7.1932495e-18,1,32.62725,1.0,False,9.964402e-10,Test
2978,6,-3.7776213,5.962267,-2.20173,-2.9435813,-3.3591797,-4.411052,-2.230645,-1.2640588,5.879283e-05,0.99839884,0.00028426628,0.00013537648,8.9341105e-05,3.1205316e-05,0.0002761643,0.0007260233,1,8.194514,0.99972385,False,0.02072716,Test
2979,6,-3.0626032,46.859737,-33.4928,-10.311735,-17.618885,3.1276073,-7.569255,-35.725662,2.0845055e-22,1.0,1.268632e-35,1.4816505e-25,9.937796e-29,1.01712984e-19,2.3003218e-24,1.3602383e-36,1,54.428993,1.0,False,6.4324948e-18,Test
2980,6,-3.0432303,12.217908,-7.4562016,-3.6296244,-5.4312687,-2.3149176,-2.2281108,-7.1340294,2.3559787e-07,0.99999857,2.8552347e-09,1.3107008e-07,2.1630122e-08,4.880603e-07,5.3232077e-07,3.9405803e-09,1,14.446019,0.99999946,False,3.2316566e-05,Test
2981,4,-3.2289963,27.41882,-18.707594,-6.882222,-10.471088,0.27547786,-5.2935505,-17.944647,4.8957898e-14,1.0,9.28013e-21,1.268374e-15,3.504468e-17,1.6285337e-12,6.2115133e-15,1.9902046e-20,1,37.889908,1.0,False,6.62952e-11,Test
2982,6,-3.432042,16.524199,-10.893931,-4.2913795,-7.1983485,-1.5830239,-2.8149004,-11.551364,2.153353e-09,1.0,1.2372512e-12,9.1182006e-10,4.9822844e-11,1.3681496e-08,3.9914956e-09,6.411189e-13,1,19.3391,1.0,False,5.59928e-07,Test
2983,6,-1.7139363,22.223524,-15.469656,-5.036978,-9.054261,-0.55874616,-3.0773418,-17.429115,4.0187707e-11,1.0,4.2663835e-17,1.4484865e-12,2.6075342e-14,1.275809e-10,1.0279545e-11,6.012799e-18,1,25.300865,1.0,False,6.0145378e-09,Test
2984,6,-4.608252,42.79492,-30.119316,-10.194937,-16.16809,2.0109951,-7.5076017,-29.854649,2.5885856e-21,1.0,2.1564967e-32,9.700541e-24,2.4699545e-26,1.9398366e-18,1.4252503e-22,2.8099208e-32,1,50.302525,1.0,False,1.1432572e-16,Test
2985,6,0.31668437,8.102713,-3.4515731,-3.3668487,-3.8897438,-4.143472,-2.0234804,-7.075392,0.00041529763,0.9995134,9.590162e-06,1.0438097e-05,6.187724e-06,4.801069e-06,3.9998053e-05,2.5587133e-07,1,10.126679,0.99996,False,0.006481582,Test
2986,4,-4.744881,24.325773,-15.280931,-7.08787,-9.215014,-1.2933582,-5.823521,-14.82556,2.3701478e-13,1.0,6.2954487e-18,2.2762933e-14,2.7128227e-15,7.477436e-12,8.0598695e-14,9.926409e-18,1,33.540787,1.0,False,2.9098046e-10,Test
2987,6,-3.6707547,0.017838418,1.612791,-1.7774605,-1.6446264,-5.9870486,-0.8561899,2.4297562,0.0013983046,0.05591616,0.27556014,0.009286432,0.010605665,0.00013792653,0.023331981,0.6237634,7,3.7579303,0.976668,False,1.4435792,Test
2988,6,-1.617924,6.37829,-3.263848,-2.6587548,-3.284539,-3.4578993,-1.6798688,-3.4262211,0.00033639555,0.99899155,6.486856e-05,0.00011880186,6.354016e-05,5.342679e-05,0.0003161898,5.514635e-05,1,8.059168,0.9996838,False,0.013887247,Test
2989,6,-4.167539,44.930443,-31.798113,-10.60053,-16.9861,2.6643221,-7.5602107,-33.12583,4.753549e-22,1.0,4.7556787e-34,7.6419727e-25,1.2882124e-27,4.406126e-19,1.5980804e-23,1.260639e-34,1,52.490654,1.0,False,2.6902231e-17,Test
2990,6,-3.6457922,14.125803,-7.8422203,-4.688592,-5.915256,-2.9328487,-3.5623112,-7.9702444,1.9137904e-08,1.0,2.8801075e-10,6.7454615e-09,1.9782376e-09,3.9041097e-08,2.0804134e-08,2.5340136e-10,1,17.688114,1.0,False,2.4118667e-06,Test
2991,6,-2.0638697,-1.860549,0.6416306,-0.9286714,-1.1351612,-5.625867,2.9495046,-1.3491237,0.0057040583,0.006990125,0.08534299,0.017749835,0.014438329,0.00016189303,0.8579555,0.011657199,6,0.153203,0.14204448,True,0.85363436,Test
2992,4,-5.401323,44.649048,-30.157198,-11.061613,-16.609043,1.6000266,-8.363409,-32.15345,1.8340062e-22,1.0,3.25133e-33,6.385083e-25,2.4885657e-27,2.0139422e-19,9.4837844e-24,4.416711e-34,1,61.25809,1.0,False,1.2521931e-17,Test
2993,6,-4.7848506,38.34077,-25.753624,-9.652426,-14.271101,1.0201073,-7.273548,-26.806284,1.8654363e-19,1.0,1.4593508e-28,1.434896e-21,1.415648e-23,6.192155e-17,1.5486492e-20,5.0932247e-29,1,45.61432,1.0,False,3.3467267e-15,Test
2994,4,-5.7441893,42.21697,-27.70703,-11.082941,-15.294387,0.5669681,-8.986138,-28.915722,1.4816083e-21,1.0,4.289379e-31,7.11447e-24,1.0547154e-25,8.158948e-19,5.791268e-23,1.2807521e-31,1,57.511356,1.0,False,4.913304e-17,Test
2995,6,-3.6217031,0.88325596,2.3567915,-2.1964276,-1.4277501,-5.442251,-1.5264795,1.093208,0.0016146536,0.14606906,0.6375388,0.0067153526,0.0144844195,0.00026147213,0.013122708,0.18019356,2,4.333411,0.9868773,False,1.5020081,Test
2996,6,-4.3611746,51.054592,-35.823616,-11.691028,-18.989908,3.110604,-8.732681,-38.00525,8.575074e-25,1.0,1.8589823e-38,5.6224183e-28,3.802412e-31,1.5072671e-21,1.083221e-26,2.097976e-39,1,59.787273,1.0,False,1.04325033e-19,Test
2997,6,-2.6216433,3.4370742,-1.6711372,-1.943759,-2.718794,-4.5541506,0.11939192,-1.3166957,0.0022044594,0.94312614,0.005702978,0.0043421383,0.0020003687,0.00031917213,0.0341758,0.008128937,1,3.3762376,0.9658242,False,0.42025688,Test
2998,4,-4.31762,14.281143,-7.071487,-4.8765306,-5.563455,-2.7354722,-4.2484283,-8.324546,8.36874e-09,1.0,5.329302e-10,4.7855115e-09,2.4076883e-09,4.071721e-08,8.968284e-09,1.5222065e-10,1,19.844599,1.0,False,1.6864747e-06,Test
2999,6,-1.9504179,4.534186,-3.079898,-2.0345838,-3.3384714,-4.3303857,1.0956254,-3.517925,0.0014731779,0.9649013,0.00047613285,0.0013542615,0.0003676472,0.00013634787,0.030983828,0.00030725266,1,3.47429,0.9690162,False,0.24658597,Test
3000,6,-4.3263173,57.658295,-41.36657,-13.074583,-21.211313,4.500367,-9.88828,-42.96072,1.2034423e-27,1.0,9.8e-44,1.9102961e-31,5.5894016e-35,8.199833e-24,4.6226833e-30,2e-44,1,67.54658,1.0,False,6.289588e-22,Test
3001,6,-2.4122384,4.874904,-2.887681,-2.3826632,-3.2260628,-4.10195,-0.7414614,-1.0823014,0.0006785339,0.9916021,0.00042178345,0.0006989015,0.00030069903,0.00012523888,0.003607289,0.0025654044,1,5.624799,0.9963927,False,0.087754905,Test
3002,6,-4.0310235,-2.4228237,3.1144674,-1.0464303,-0.9904835,-6.006405,0.33652318,1.0737144,0.0006414978,0.0032035194,0.8136588,0.012687831,0.013417907,8.898109e-05,0.050582062,0.10571938,2,2.9841583,0.94941795,False,1.0004834,Test
3003,6,-4.288866,4.9828515,-3.5538146,-2.030877,-3.6828341,-3.3800085,-0.19792919,-0.77931786,9.308224e-05,0.98974293,0.00019413128,0.00089022296,0.00017063296,0.00023098224,0.0055659316,0.003112032,1,5.191091,0.99443406,False,0.09990992,Test
3004,6,-4.705792,-0.13691854,-1.4345064,-1.499989,-1.4504908,-0.32959092,-1.4317933,-0.2374531,0.0027207402,0.26237565,0.07167839,0.06713509,0.07054177,0.21639489,0.07187313,0.23728043,1,2.6328528,0.9281269,False,2.5769482,Test
3005,4,-3.3694842,16.132172,-10.978256,-4.4231544,-6.750475,-0.76689464,-3.1719267,-9.915212,3.3926464e-09,1.0,1.6830258e-12,1.1828649e-09,1.1539656e-10,4.57961e-08,4.1336787e-09,4.872654e-12,1,22.882647,1.0,False,1.366229e-06,Test
3006,4,-5.2774086,28.774492,-17.998308,-8.069679,-10.6137,-0.79091984,-6.6202207,-18.726244,1.6272209e-15,1.0,4.862178e-21,9.971958e-17,7.8329595e-18,1.445122e-13,4.2488448e-16,2.3479691e-21,1,39.38819,1.0,False,6.271387e-12,Test
3007,6,-4.5719185,-2.0103,2.4322019,-1.1958915,-0.9429834,-5.3252726,0.73396736,1.7255025,0.0005188864,0.006723091,0.57137746,0.015179666,0.01954784,0.00024428384,0.10456568,0.28184316,2,2.2579398,0.8954343,False,1.5767334,Test
3008,6,-3.845656,-0.44326743,0.51521254,-1.2157041,-1.7534375,-4.8098226,0.35317284,2.1099312,0.0017116548,0.051410858,0.13406561,0.023745963,0.013869321,0.0006526554,0.114010386,0.6605336,7,2.1714659,0.8859896,False,1.597522,Test
3009,6,-4.2458806,-0.8173007,1.7471502,-1.4478878,-1.3608319,-6.126144,0.5231528,2.043376,0.0008900864,0.027443876,0.35659263,0.014607805,0.015936501,0.00013578267,0.104856916,0.4795364,7,2.2551587,0.8951431,False,1.7174411,Test
3010,4,-5.8122253,4.109116,-1.5503,-3.2054272,-3.0018678,-4.429171,-2.7111218,3.237361,3.4478464e-05,0.70199096,0.002446123,0.0004673753,0.000572889,0.00013746765,0.00076619576,0.29358447,1,7.4648185,0.99942714,False,0.9202173,Test
3011,4,-4.570795,25.43594,-15.516112,-7.33091,-9.470916,-1.1990633,-6.075339,-16.564089,9.2948124e-14,1.0,1.6396431e-18,5.8821767e-15,6.920617e-16,2.7074818e-12,2.0645517e-14,5.749347e-19,1,34.906857,1.0,False,1.0931359e-10,Test
3012,4,-5.2121615,16.385838,-8.667986,-5.98409,-6.24229,-2.8404605,-5.2681513,-8.180206,4.1697304e-10,1.0,1.3160207e-11,1.926923e-10,1.4884315e-10,4.468123e-09,3.9426892e-10,2.1433974e-11,1,22.628128,1.0,False,1.6155812e-07,Test
3013,6,-3.8818076,45.695477,-32.38454,-10.487272,-17.334555,2.1642494,-7.394234,-33.548195,2.9434614e-22,1.0,1.2310606e-34,3.9823833e-25,4.23064e-28,1.2434498e-19,8.778732e-24,3.8451425e-35,1,53.08971,1.0,False,7.830907e-18,Test
3014,4,-4.7410975,21.382849,-14.103123,-6.4668026,-8.429014,-1.4232309,-5.002468,-10.850048,4.513505e-12,1.0,3.8782806e-16,8.0361884e-13,1.1294641e-13,1.2457915e-10,3.4753814e-12,1.0033019e-14,1,29.811863,1.0,False,4.4389656e-09,Test
3015,6,-5.964395,25.994953,-15.352368,-7.91648,-9.8684,-1.9388102,-6.4308004,-16.54747,1.3189588e-14,1.0,1.1042994e-18,1.872627e-15,2.6591533e-16,7.387894e-13,8.273204e-15,3.3424148e-19,1,32.425755,1.0,False,3.0873765e-11,Test
3016,6,-3.7621367,41.726288,-29.489607,-9.68863,-15.721029,2.0459986,-7.151261,-29.780241,1.7564166e-20,1.0,1.1784987e-31,4.6858164e-23,1.124466e-25,5.8488287e-18,5.9258484e-22,8.812685e-32,1,48.87755,1.0,False,3.360232e-16,Test
3017,6,-5.4691224,-2.3808534,0.77485156,-0.122748286,-2.0890574,-5.8961678,2.2749922,2.6909678,0.00015187958,0.003332097,0.07820291,0.03187133,0.00446111,9.909144e-05,0.35053045,0.53135115,7,1.0483077,0.64946955,False,1.5263443,Test
3018,6,-4.129755,46.82975,-32.22949,-11.300034,-17.127174,2.5725305,-8.7000675,-34.10686,7.388716e-23,1.0,4.6239238e-35,5.682713e-26,1.6744054e-28,6.0163496e-20,7.650811e-25,7.074157e-36,1,55.529816,1.0,False,3.8469176e-18,Test
3019,6,-3.4806137,33.699715,-24.27346,-7.684381,-13.250946,1.1537133,-5.2119927,-23.242256,7.1250605e-17,1.0,6.6461476e-26,1.0644278e-18,4.0699318e-21,7.335863e-15,1.2614196e-17,1.8638728e-25,1,38.91171,1.0,False,3.490416e-13,Test
3020,6,-3.3172972,13.396506,-7.94615,-4.206535,-5.6766768,-2.5540304,-3.0894563,-7.446654,5.5117173e-08,0.99999976,5.382729e-10,2.2651474e-08,5.2074096e-09,1.18241466e-07,6.922096e-08,8.870135e-10,1,16.485962,0.99999994,False,6.8021027e-06,Test
3021,4,-2.9978905,0.02629181,2.0453427,-1.59462,-1.280517,-3.9138052,-1.3389242,0.58795947,0.0043874313,0.09028091,0.6799212,0.017850192,0.024437465,0.0017556321,0.023051022,0.15831612,2,3.711638,0.9755625,False,1.5229617,Test
3022,4,-3.1562994,13.913067,-8.672962,-3.9984198,-5.9488487,-2.3321853,-2.9382548,-8.162345,3.8624975e-08,0.99999976,1.5524303e-10,1.6639477e-08,2.3663531e-09,8.805953e-08,4.803565e-08,2.5868424e-10,1,19.861916,1.0,False,4.951887e-06,Test
3023,4,-5.536324,38.743416,-25.421824,-10.091404,-14.184185,0.33820698,-8.056097,-26.743092,5.8823864e-20,1.0,1.3595383e-28,6.1845377e-22,1.0323691e-23,2.093292e-17,4.734008e-21,3.6271836e-29,1,52.9276,1.0,False,1.1639521e-15,Test
3024,4,-4.7971315,-1.9330964,0.5577967,-1.0904843,-1.600454,-4.504604,0.96152014,2.8210769,0.00037756894,0.0066195866,0.07991201,0.0153735,0.009231999,0.00050587056,0.11965943,0.76831996,7,4.6850796,0.990768,False,1.162715,Test
3025,6,-1.201312,16.647007,-11.580285,-4.3129396,-7.089547,-1.1086212,-2.9622617,-12.407177,1.7724497e-08,1.0,5.508625e-13,7.8924395e-10,4.9129905e-11,1.9445919e-08,3.0465128e-09,2.4095073e-13,1,19.609268,1.0,False,1.0662932e-06,Test
3026,6,-2.487667,8.427072,-4.788695,-2.7231889,-4.1907053,-3.0717058,-1.3105047,-5.1502266,1.8186212e-05,0.9998919,1.8214548e-06,1.4369983e-05,3.312243e-06,1.014139e-05,5.9017024e-05,1.2688415e-06,1,9.737684,0.999941,False,0.0017907372,Test
3027,6,-4.5884714,60.17615,-42.33515,-13.576009,-22.268572,4.028883,-10.042873,-45.361816,7.465871e-29,1.0,3e-45,9.329197e-33,1.5657082e-36,4.126201e-25,3.1934864e-31,0.0,1,70.219025,1.0,False,3.3430635e-23,Test
3028,6,-3.9389794,30.185726,-21.22239,-7.4469333,-11.856774,0.31691334,-5.1513066,-19.96123,1.5129633e-15,1.0,4.717796e-23,4.532559e-17,5.51029e-19,1.0669388e-13,4.501133e-16,1.665149e-22,1,35.337032,1.0,False,4.6975358e-12,Test
3029,6,-5.0836177,-2.5560052,3.229554,-0.8643722,-0.9786748,-6.6587915,0.405703,2.9738767,0.0001312502,0.0016437207,0.53513634,0.008922674,0.007958917,2.7165048e-05,0.03177471,0.41440526,2,3.4490845,0.9682253,False,1.301031,Test
3030,6,-2.6032035,20.181831,-14.478211,-4.6376505,-8.6167755,-0.43391225,-2.5672815,-14.354049,1.2722878e-10,1.0,8.8579884e-16,1.6635521e-11,3.1111715e-13,1.1135156e-09,1.3188206e-10,1.0028995e-15,1,22.749113,1.0,False,4.2237744e-08,Test
3031,6,-1.3052095,2.7904727,-1.339822,-1.5067506,-2.4478397,-3.5784538,-0.571491,-1.961123,0.015177388,0.91186213,0.014661046,0.01240706,0.0048412653,0.0015629301,0.03161163,0.007876576,1,3.4542303,0.9683884,False,0.6453409,Test
3032,4,-5.1632805,29.007154,-18.370035,-8.175688,-10.740127,-0.8250654,-6.654321,-18.31461,1.4453383e-15,1.0,2.6567333e-21,7.1071716e-17,5.4698517e-18,1.1067039e-13,3.254001e-16,2.8081471e-21,1,39.74728,1.0,False,4.8552403e-12,Test
3033,1,-4.704592,73.00837,-51.926056,-16.048582,-26.69449,6.1832867,-12.09935,-56.55096,1.777013e-34,1.0,0.0,2.104052e-39,5e-44,9.511218e-30,1.0919106e-37,0.0,1,-0.0,0.0,True,9.169794e-28,Test
3034,6,-1.5783377,21.10868,-14.10592,-5.105204,-8.355613,-0.44264835,-3.8016543,-16.40911,1.4033069e-10,1.0,5.0873746e-16,4.1252917e-12,1.5988934e-13,4.368948e-10,1.5190732e-11,5.084287e-17,1,24.910336,1.0,False,1.8885782e-08,Test
3035,6,-3.108002,6.8536983,-4.853617,-2.086323,-4.0962543,-2.6020389,-1.002306,-3.0179205,4.7138456e-05,0.9992793,8.227434e-06,0.00013094378,1.7546185e-05,7.818302e-05,0.00038713962,5.1581927e-05,1,7.856725,0.99961287,False,0.010011689,Test
3036,6,-1.1320993,-0.29311916,-0.01354998,-0.78793985,-1.7880164,-4.9503794,1.35651,-1.2274297,0.046993062,0.1087422,0.14381808,0.06629797,0.024387794,0.0010322281,0.56600857,0.042720094,6,0.5691461,0.43399143,True,2.0172832,Test
3037,6,1.9635297,0.43383047,-2.4705374,-0.9040726,-2.5447452,-4.9966855,1.9872158,-4.0816646,0.4303655,0.093217514,0.0051067737,0.024459843,0.004741531,0.00040837066,0.44068086,0.001019631,6,0.81943434,0.55931914,True,1.5847204,Test
3038,4,-5.6741085,3.126811,-1.6298375,-2.7902257,-2.8703406,-4.0392885,-1.9917871,4.6617455,2.659882e-05,0.17662533,0.0015179825,0.0004756819,0.0004390591,0.00013641285,0.0010569978,0.81972194,7,7.7308764,0.99956095,False,0.71383876,Test
3039,4,-5.797378,25.785837,-15.874799,-8.020644,-9.60962,-1.6081101,-6.7056365,-14.786952,1.9212493e-14,1.0,8.0726345e-19,2.0798504e-15,4.2456854e-16,1.2675343e-12,7.7469735e-15,2.3958629e-18,1,35.39546,1.0,False,5.1456228e-11,Test
3040,4,-4.668455,18.075535,-12.363978,-5.6338367,-7.4254885,-0.7641673,-4.0396657,-9.2393,1.3255944e-10,1.0,6.029579e-14,5.0483652e-11,8.4148565e-12,6.576898e-09,2.48594e-10,1.3718861e-12,1,25.501022,1.0,False,1.9313399e-07,Test
3041,4,-6.0846605,-2.0695133,3.6775167,-1.4913934,-0.94331133,-5.582887,-1.5606298,5.0810666,1.1305694e-05,0.0006266914,0.19631664,0.0011171922,0.0019326672,1.8673032e-05,0.001042459,0.7989344,7,6.248854,0.9980673,False,0.7656855,Test
3042,4,-4.486685,-1.8009672,2.3744648,-1.1499225,-1.1829599,-5.2638607,0.8667706,1.736883,0.0005741281,0.0084217265,0.54798454,0.016149025,0.015624223,0.0002639281,0.12133472,0.2896477,2,4.1589327,0.9843758,False,1.6197639,Test
3043,6,-1.2271101,6.403796,-1.9339044,-2.8745177,-3.294977,-3.756047,-1.6987307,-5.193835,0.0004846249,0.9987715,0.00023902794,9.331377e-05,6.128333e-05,3.864579e-05,0.00030240123,9.176536e-06,1,8.103756,0.9996976,False,0.016345417,Test
3044,6,-3.7801867,-1.8851702,4.171132,-1.8010055,-0.70202476,-5.8862243,-1.1875304,0.76415217,0.0003351757,0.0022298098,0.95167005,0.002425605,0.0072794943,4.0797375e-05,0.0044796984,0.031539425,2,5.4081993,0.9955203,False,0.35711932,Test
3045,6,-3.5314286,34.717014,-25.525152,-7.784522,-13.636669,2.1396732,-5.1678677,-25.124397,2.4485671e-17,1.0,6.873221e-27,3.4819046e-19,1.0006037e-21,7.109538e-15,4.7666874e-18,1.02613655e-26,1,39.88488,1.0,False,3.357892e-13,Test
3046,0,-3.3379216,30.602854,-17.05751,-8.619112,-11.252937,-0.94578063,-6.867303,-26.204752,1.8184775e-15,1.0,2.0015557e-21,9.249467e-18,6.641432e-19,1.9888523e-14,5.3323335e-17,2.131917e-25,1,33.940777,1.0,False,9.977173e-13,Test
3047,4,-6.416718,41.603474,-26.937048,-11.174871,-15.135336,0.37854636,-8.899103,-28.171972,1.3966769e-21,1.0,1.7109232e-30,1.1985517e-23,2.2837518e-25,1.2480791e-18,1.1668331e-22,4.976336e-31,1,56.738808,1.0,False,7.433569e-17,Test
3048,6,-2.6949005,4.0113444,-0.7217562,-2.4963417,-2.4163923,-3.5238519,-1.8341974,-1.9379874,0.0012002465,0.9811957,0.008633682,0.0014638731,0.0015857145,0.00052391575,0.0028383702,0.0025585485,1,5.8645253,0.9971616,False,0.17799516,Test
3049,6,-3.1440887,23.62256,-16.248087,-6.0131197,-9.536356,-0.67121106,-4.146754,-15.974462,2.3735148e-12,1.0,4.835015e-18,1.3470609e-13,3.9743447e-15,2.8141612e-11,8.7084376e-13,6.3566952e-18,1,27.769314,1.0,False,1.1188158e-09,Test
3050,6,-3.7775393,67.82193,-48.83316,-14.5256605,-25.036488,6.012722,-10.833177,-53.05806,8.030533e-32,1.0,0.0,1.7254292e-36,4.7001e-41,1.4341747e-27,6.9266246e-35,0.0,1,78.655106,1.0,False,1.278963e-25,Test
3051,4,-4.5150146,81.14559,-57.160984,-17.23042,-29.21051,7.7782016,-13.448464,-64.60159,6.281615e-38,1.0,0.0,1.89e-43,0.0,1.3707109e-32,8.286e-42,0.0,1,110.3561,1.0,False,1.45086105e-30,Test
3052,0,-5.3747964,29.582624,-20.330677,-8.138282,-11.692267,-0.19397548,-5.8203897,-18.348286,6.5793845e-16,1.0,2.1034366e-22,4.1497216e-17,1.1872513e-18,1.170003e-13,4.213722e-16,1.5271125e-21,1,34.95742,1.0,False,5.083196e-12,Test
3053,4,-5.02732,34.48205,-23.067688,-9.045947,-12.846746,0.078515664,-7.09993,-22.479246,6.939009e-18,1.0,1.01499885e-25,1.2474693e-19,2.788463e-21,1.1448099e-15,8.733228e-19,1.8281988e-25,1,47.328796,1.0,False,5.7277215e-14,Test
3054,6,-2.4874492,0.9068821,-0.6899694,-1.915369,-1.9747311,-5.0464807,1.4958533,-1.2537116,0.010258893,0.30566087,0.06190647,0.018178236,0.017130544,0.00079382944,0.5508417,0.035229456,6,0.5963079,0.4491583,True,1.6966618,Test
3055,6,-3.433674,57.163506,-41.50649,-12.141422,-21.487835,4.823215,-8.672718,-44.60745,4.819249e-27,1.0,1.4e-43,7.966189e-31,6.9527805e-35,1.8573803e-23,2.5567587e-29,7e-45,1,65.83623,1.0,False,1.4029518e-21,Test
3056,6,-2.8266256,28.085188,-18.26083,-7.208298,-10.648491,-0.29082382,-5.4055815,-20.179035,3.7598444e-14,1.0,7.450425e-21,4.701464e-16,1.5072184e-17,4.7473917e-13,2.8519642e-15,1.0942463e-21,1,33.49077,1.0,False,2.127417e-11,Test
3057,6,-2.4421709,10.04499,-5.6411533,-3.25385,-4.591238,-2.7363937,-2.1853106,-6.4663525,3.7747566e-06,0.99998605,1.5402408e-07,1.6764141e-06,4.4010983e-07,2.8126105e-06,4.880251e-06,6.7485374e-08,1,12.230314,0.9999951,False,0.0002724769,Test
3058,4,-5.1363225,16.97469,-12.067089,-5.477981,-7.405137,-1.4435687,-3.984374,-6.514562,2.4963745e-10,1.0,2.4395842e-13,1.7738988e-10,2.582119e-11,1.002425e-08,7.899397e-10,6.291402e-11,1,24.379826,1.0,False,3.0700932e-07,Test
3059,6,-1.3381443,1.3347515,-1.4520717,-1.387008,-2.5291953,-4.5416927,0.19296914,-0.06624358,0.03866684,0.5599673,0.034503303,0.036822867,0.01175092,0.0015705628,0.17876928,0.1379489,1,1.7216592,0.8212307,False,1.9211253,Test
3060,6,-4.2236857,0.58833814,-1.3801864,-0.032015666,-2.6938822,-4.019845,2.8803666,-3.3734975,0.00069814787,0.08585843,0.011991227,0.04617073,0.0032235377,0.00085600157,0.8495682,0.001633727,6,0.16302711,0.15043181,True,0.84314746,Test
3061,1,-5.383394,77.41448,-54.92229,-16.867802,-28.319006,6.7794404,-12.779621,-60.17566,1.0998666e-36,1.0,0.0,1.1317e-41,0.0,2.1066472e-31,6.74835e-40,0.0,1,-0.0,0.0,True,2.1467884e-29,Test
3062,4,-3.7871659,49.049103,-34.102383,-11.098639,-17.801785,3.3196702,-8.956226,-37.59194,1.1310968e-23,1.0,7.722662e-37,7.553827e-27,9.268872e-30,1.3802585e-20,6.435846e-26,2.356527e-38,1,66.85089,1.0,False,9.114748e-19,Test
3063,0,-3.1282392,21.080572,-11.407547,-6.6532087,-7.505525,-2.0095615,-6.0225763,-17.29405,3.063706e-11,1.0,7.7729935e-15,9.023446e-13,3.8478267e-13,9.377398e-11,1.6953203e-12,2.1583071e-17,1,24.20881,1.0,False,4.3124566e-09,Test
3064,6,-4.9166737,31.243776,-20.99042,-8.342993,-11.917866,0.06446236,-6.2722235,-20.01189,1.9756777e-16,1.0,2.065271e-23,6.4222117e-18,1.7994351e-19,2.8773726e-14,5.093411e-17,5.494725e-23,1,37.516,1.0,False,1.3077483e-12,Test
3065,6,-3.9053378,-1.6386242,0.52269834,0.11391172,-1.6982771,-3.7942917,1.5569447,-0.67813414,0.002374598,0.022909276,0.1989124,0.13216855,0.021582635,0.0026534868,0.5595377,0.059861414,6,0.58064437,0.4404623,True,1.8488454,Test
3066,4,-5.8497677,21.700905,-13.240902,-7.1938567,-8.356908,-2.1863728,-5.993479,-10.950196,1.0836647e-12,1.0,6.682918e-16,2.8259488e-13,8.831983e-14,4.225588e-11,9.386031e-13,6.6040046e-15,1,30.057812,1.0,False,1.5527537e-09,Test
3067,4,-5.2036934,24.01595,-14.557592,-7.507722,-8.841256,-1.4409187,-6.3682175,-14.094921,2.0420692e-13,1.0,1.7689866e-17,2.0391256e-14,5.373997e-15,8.794741e-12,6.3727086e-14,2.8096956e-17,1,32.857204,1.0,False,3.355865e-10,Test
3068,1,-3.8737445,57.70324,-40.57773,-12.687419,-21.049421,4.6188426,-9.735815,-44.89523,1.8090703e-27,1.0,2.07e-43,2.6898416e-31,6.282799e-35,8.825505e-24,5.147424e-30,3e-45,1,-0.0,0.0,True,6.7605905e-22,Test
3069,6,-3.8012893,35.084263,-25.091793,-8.397233,-13.504468,1.3797048,-5.8439617,-23.70837,1.2948503e-17,1.0,7.342957e-27,1.3068528e-19,7.910114e-22,2.3030102e-15,1.6791857e-18,2.9287607e-26,1,40.928223,1.0,False,1.128186e-13,Test
3070,6,-4.787465,-1.3174462,1.6926792,-1.2546124,-1.339524,-5.709563,0.68962014,2.5908432,0.00038590893,0.01240209,0.25163773,0.013206363,0.012131279,0.00015346985,0.09228959,0.6177936,7,2.382824,0.90771043,False,1.4919385,Test
3071,0,-4.6433687,22.712557,-13.097474,-6.8630147,-8.6501045,-0.55479056,-5.9637117,-18.965143,1.3166552e-12,1.0,2.8047926e-16,1.4305159e-13,2.3953514e-14,7.854516e-11,3.5160446e-13,7.936058e-19,1,27.355927,1.0,False,2.7102913e-09,Test
3072,5,-5.096232,53.430393,-37.010487,-12.75341,-19.68505,2.9757128,-9.6486845,-39.0087,3.8212817e-26,1.0,5.2726e-40,1.806083e-29,1.7634684e-32,1.2240814e-22,4.028137e-28,7.1484e-41,1,50.45468,1.0,False,8.913441e-21,Test
3073,6,-1.2964302,7.247765,-3.9336548,-2.736052,-3.477658,-3.3962283,-1.743135,-3.9242322,0.00019458639,0.999561,1.3924531e-05,4.6120353e-05,2.1969357e-05,2.3833165e-05,0.00012448328,1.4056352e-05,1,8.991339,0.99987555,False,0.00646816,Test
3074,6,-2.892967,25.902725,-17.917297,-6.2039356,-10.2707205,-0.08443287,-4.1998134,-18.061136,3.120252e-13,1.0,9.315496e-20,1.1382959e-14,1.9501666e-16,5.1751242e-12,8.445656e-14,8.067489e-20,1,30.10254,1.0,False,2.1119126e-10,Test
3075,6,-4.781852,52.400383,-36.754055,-12.341133,-19.62713,2.833196,-9.021108,-38.29895,1.465786e-25,1.0,1.908627e-39,7.640412e-29,5.234186e-32,2.9733336e-22,2.1134206e-27,4.07174e-40,1,61.42149,1.0,False,2.1274694e-20,Test
3076,6,-5.57194,76.78375,-54.534912,-16.893402,-28.159176,6.365906,-12.846013,-59.209442,1.7115055e-36,1.0,0.0,2.0727e-41,0.0,2.6176872e-31,1.186551e-39,0.0,1,89.62977,1.0,False,2.6593677e-29,Test
3077,4,-5.5481067,41.5143,-27.147362,-10.868615,-14.962098,0.69536793,-8.773003,-28.813133,3.6396173e-21,1.0,1.515713e-30,1.7798723e-23,2.969011e-25,1.87311e-18,1.4471094e-22,2.8653759e-31,1,56.4764,1.0,False,1.1056507e-16,Test
3078,6,-2.4416447,18.475052,-12.68885,-4.629349,-7.739214,-1.3063284,-2.9380543,-12.686151,8.2412693e-10,1.0,2.9220604e-14,9.2445614e-11,4.1237183e-12,2.5648144e-09,5.016558e-10,2.9299632e-14,1,21.413107,1.0,False,1.1680263e-07,Test
3079,6,-4.46694,-2.521103,2.8305693,-1.3951945,-0.73185796,-6.1456857,2.0901816,-0.59687614,0.00043469536,0.0030426448,0.6418787,0.009380524,0.018210022,8.111755e-05,0.30613056,0.020841664,2,1.1837435,0.6938695,False,1.2495761,Test
3080,6,-5.411533,54.411865,-37.562366,-12.798569,-20.091228,3.2189674,-9.731569,-40.616066,1.0447878e-26,1.0,1.1379e-40,6.46963e-30,4.402667e-33,5.8506885e-23,1.3895084e-28,5.368e-42,1,64.14343,1.0,False,4.3219844e-21,Test
3081,6,-1.8018272,8.624559,-5.9792733,-2.3940709,-4.462653,-2.6692905,-0.9230049,-5.5978804,2.9636025e-05,0.99986696,4.5454664e-07,1.6391246e-05,2.0712762e-06,1.2447596e-05,7.1365386e-05,6.656028e-07,1,9.547697,0.99992865,False,0.0021464576,Test
3082,1,-4.797739,74.35645,-52.70107,-16.512995,-27.02685,6.211563,-12.688643,-57.308125,4.2050584e-35,1.0,0.0,3.43479e-40,1e-44,2.5412674e-30,1.5732383e-38,0.0,1,-0.0,0.0,True,2.4984263e-28,Test
3083,1,-6.519567,59.55919,-38.632877,-14.555272,-21.446602,2.2368867,-11.664453,-46.440258,2.006134e-29,1.0,2.27e-43,6.493777e-33,6.60134e-36,1.2742063e-25,1.1694078e-31,0.0,1,-0.0,0.0,True,1.0539434e-23,Test
3084,6,-3.88656,45.99663,-33.08658,-10.210263,-17.550577,2.7174125,-7.2591543,-34.006798,2.167733e-22,1.0,4.514399e-35,3.8873722e-25,2.5223019e-28,1.599828e-19,7.435422e-24,1.7986656e-35,1,53.255787,1.0,False,1.00053236e-17,Test
3085,6,-6.0801225,-1.280807,0.9630792,-1.1326945,-1.9194002,-4.706018,0.31507838,3.285402,7.270587e-05,0.008828475,0.08325168,0.01023788,0.0046617393,0.0002872999,0.043548163,0.84911203,7,3.1338878,0.95645183,False,0.86422974,Test
3086,6,-5.981266,102.57157,-74.23767,-21.59232,-37.29223,11.727169,-16.754005,-82.203835,0.0,1.0,0.0,0.0,0.0,3.52188e-40,0.0,0.0,1,119.32558,1.0,False,4.615808e-38,Test
3087,6,-3.499344,-2.3738475,0.43088078,-0.5188377,-1.5318279,-6.4763203,3.9843786,-1.7643447,0.0005357847,0.0016511533,0.027281316,0.010553775,0.003832407,2.7296433e-05,0.95308095,0.003037324,6,0.048055407,0.046919048,True,0.3547878,Test
3088,1,-5.999541,67.017136,-47.05113,-15.57795,-24.393404,4.5188336,-11.841622,-49.447685,1.9465239e-32,1.0,0.0,1.3471324e-36,1.99944e-40,7.199994e-28,5.650371e-35,0.0,1,-0.0,0.0,True,6.4921515e-26,Test
3089,4,-5.357033,15.672575,-6.4006143,-5.7131658,-5.9102774,-3.1836586,-4.9959507,-10.862561,7.361349e-10,1.0,2.5926022e-10,5.15574e-10,4.2333748e-10,6.4690693e-09,1.0562661e-09,2.991826e-12,1,21.582851,1.0,False,2.6727255e-07,Test
3090,6,-1.7063442,9.55286,-6.547735,-2.749259,-4.7398705,-2.4471738,-1.2048874,-5.8892074,1.2887525e-05,0.9999541,1.01760754e-07,4.5419e-06,6.204777e-07,6.1437195e-06,2.1278922e-05,1.9659619e-07,1,10.757793,0.9999787,False,0.00081214565,Test
3091,6,-1.3371265,20.48347,-14.182032,-4.91486,-8.439809,-0.47436818,-2.0916255,-16.34926,3.3376074e-10,1.0,8.809732e-16,9.32492e-12,2.7465e-13,7.909076e-10,1.5694965e-10,1.0086656e-16,1,22.575096,1.0,False,3.988553e-08,Test
3092,6,-3.3365793,18.282644,-13.411983,-4.393855,-8.043016,-0.039254,-2.4827933,-12.214935,4.0821604e-10,1.0,1.7186952e-14,1.4181491e-10,3.6890183e-12,1.103827e-08,9.587047e-10,5.68944e-14,1,20.765438,1.0,False,3.380098e-07,Test
3093,6,-2.5070772,11.030525,-6.8159766,-3.2036335,-5.0669856,-2.275153,-1.8664277,-6.3742676,1.3203565e-06,0.9999937,1.77566e-08,6.5793165e-07,1.0207912e-07,1.6650012e-06,2.5056586e-06,2.7617972e-08,1,12.896959,0.9999975,False,0.00013043148,Test
3094,6,-1.0798843,-1.2327973,-0.003554117,-0.9949733,-1.4081875,-3.5130172,0.58067155,-1.0129813,0.07680461,0.06591406,0.22533652,0.08361105,0.05531043,0.0067404835,0.40416393,0.08211886,6,0.90593475,0.59583604,True,2.4307418,Test
3095,4,-5.43657,3.106339,1.587328,-3.6212955,-1.6991199,-4.988184,-3.6465638,1.5789801,0.0001346998,0.6910437,0.15128902,0.0008274295,0.0056561534,0.0002109109,0.00080678344,0.15003133,1,5.175011,0.9943438,False,1.2545196,Test
3096,6,-5.272663,52.280094,-36.51157,-12.677495,-19.27324,2.5624156,-9.654618,-37.244953,1.0119408e-25,1.0,2.74328e-39,6.155706e-29,8.409765e-32,2.5579187e-22,1.2650176e-27,1.317547e-39,1,61.93471,1.0,False,1.835582e-20,Test
3097,6,-5.1665306,96.393074,-68.0501,-20.514536,-34.602104,10.292531,-16.249435,-78.20545,8e-45,1.0,0.0,0.0,0.0,4.045857e-38,0.0,0.0,1,112.64251,1.0,False,5.0256362e-36,Test
3098,6,-1.1732109,20.197212,-14.615285,-4.4491262,-8.575768,-0.32800835,-2.1853144,-16.016142,5.2353233e-10,1.0,7.6054517e-16,1.9780205e-11,3.1919324e-13,1.2190172e-09,1.9027963e-10,1.8738693e-16,1,22.382526,1.0,False,5.9099094e-08,Test
3099,4,-6.187356,40.535122,-25.554764,-11.081295,-14.65541,-0.18045439,-9.134751,-28.106026,5.1131212e-21,1.0,1.9839269e-29,3.830672e-23,1.0741284e-24,2.0770644e-18,2.6831722e-22,1.5471415e-30,1,55.190533,1.0,False,1.2237392e-16,Test
3100,6,-4.024616,0.48516414,2.1212463,-2.0700035,-1.3863388,-5.0215907,-1.7261958,2.4703023,0.00079882983,0.072615065,0.3728792,0.005640679,0.01117489,0.0002947634,0.007955095,0.5286415,7,4.833943,0.9920449,False,1.4733372,Test
3101,4,-5.8403964,21.513075,-12.588365,-7.4855227,-8.043013,-2.31616,-6.3925514,-11.501328,1.3198912e-12,1.0,1.5485762e-15,2.547234e-13,1.4586608e-13,4.4781095e-11,7.598721e-13,4.5922594e-15,1,29.556087,1.0,False,1.6393487e-09,Test
3102,6,-5.4150786,-1.3390095,-2.9988637,0.123386115,-2.8916104,-2.082242,2.0065186,2.1610706,0.00025070854,0.014770097,0.0028087816,0.06375198,0.0031267803,0.007024274,0.41910973,0.48915762,7,0.8696225,0.5808903,False,1.4765192,Test
3103,6,-1.8780606,29.308441,-20.096571,-7.093663,-11.638985,0.06357755,-4.613136,-22.572977,2.856762e-14,1.0,3.496834e-22,1.5515556e-16,1.6472477e-18,1.9912105e-13,1.8537284e-15,2.938916e-23,1,33.921577,1.0,False,9.785495e-12,Test
3104,6,-4.5987782,50.440834,-35.258587,-11.715448,-18.785524,2.952418,-8.68115,-37.315483,1.2491089e-24,1.0,6.0424915e-38,1.0136087e-27,8.617383e-31,2.3770784e-21,2.1069176e-26,7.725307e-39,1,59.121986,1.0,False,1.629578e-19,Test
3105,6,-2.2948248,5.3869576,-3.9823022,-1.9683174,-3.2400181,-1.4368943,-1.0545733,-4.9528832,0.00045927882,0.99593794,8.495999e-05,0.000636615,0.00017847779,0.001083106,0.0015874894,3.218818e-05,1,6.4456015,0.9984125,False,0.046983186,Test
3106,6,-1.4186178,2.0560412,-3.4389856,-0.76550436,-3.0557187,-3.296524,2.4865587,-3.5787616,0.01170103,0.37778908,0.001551635,0.022483695,0.0022763566,0.0017892034,0.5810597,0.0013492292,6,0.54290175,0.4189403,True,1.2474993,Test
3107,4,-4.436447,28.558136,-18.984533,-7.60511,-10.76994,-0.09099901,-5.940271,-18.599953,4.6841913e-15,1.0,2.251543e-21,1.9701612e-16,8.318286e-18,3.612755e-13,1.0411969e-15,3.3075186e-21,1,39.328075,1.0,False,1.5217771e-11,Test
3108,6,-1.3522145,28.795187,-20.828268,-6.282164,-11.475214,1.4916848,-3.625724,-23.404243,8.075134e-14,1.0,2.8106533e-22,5.835797e-16,3.2418062e-18,1.3875201e-12,8.313382e-15,2.1383291e-23,1,32.42091,1.0,False,5.858602e-11,Test
3109,5,-3.483762,48.508636,-34.574467,-10.870527,-18.19813,3.3186631,-7.798766,-36.88143,2.6301998e-23,1.0,8.269293e-37,1.629131e-26,1.07058315e-29,2.3672523e-20,3.5156476e-25,8.2331234e-38,1,45.189972,1.0,False,1.5453411e-18,Test
3110,4,-4.5537753,-1.8338003,2.0201492,-0.6541481,-1.1883366,-3.4919612,0.2929957,0.08571449,0.00095749035,0.0145346485,0.68573064,0.047284737,0.027715702,0.0027686898,0.121915884,0.09909213,2,3.5857563,0.9722843,False,1.5472553,Test
3111,6,-1.58847,18.129667,-12.545106,-4.4309096,-7.7310977,-1.159738,-2.7219174,-13.058128,2.732257e-09,1.0,4.76557e-14,1.5924498e-10,5.8723547e-12,4.19486e-09,8.7957225e-10,2.8530702e-14,1,20.851585,1.0,False,2.2632815e-07,Test
3112,1,-5.5921497,98.76148,-70.04712,-21.929134,-35.76891,9.151398,-16.837168,-77.35979,0.0,1.0,0.0,0.0,0.0,1.210138e-39,0.0,0.0,1,-0.0,0.0,True,1.5644661e-37,Test
3113,6,-2.9994826,12.1172695,-8.389958,-3.4296253,-5.8263917,-1.8337095,-1.9658359,-6.741912,2.721929e-07,0.99999785,1.2411456e-09,1.7703876e-07,1.6112622e-08,8.7330466e-07,7.652163e-07,6.45002e-09,1,14.083107,0.9999992,False,4.6756497e-05,Test
3114,6,-3.8004055,61.58677,-44.1613,-13.236674,-22.7656,4.9466968,-9.906394,-47.804897,4.0059918e-29,1.0,0.0,3.1958962e-33,2.3239708e-37,2.5207473e-25,8.9312727e-32,0.0,1,71.493164,1.0,False,2.060191e-23,Test
3115,1,-5.7536335,82.281364,-58.25803,-18.05949,-29.800053,7.3681984,-13.773546,-63.415474,5.84638e-39,1.0,0.0,2.7e-44,0.0,2.9216422e-33,1.923e-42,0.0,1,-0.0,0.0,True,3.1576263e-31,Test
3116,4,-4.771202,38.260536,-26.25056,-9.48411,-14.386694,1.0339155,-7.0818553,-25.724596,2.0490546e-19,1.0,9.6202915e-29,1.839774e-21,1.3664622e-23,6.802749e-17,2.0325881e-20,1.6278373e-28,1,52.647232,1.0,False,3.6677077e-15,Test
3117,6,-4.397121,14.985845,-8.247545,-5.1043077,-6.355163,-2.8084192,-4.0219464,-8.348859,3.820192e-09,1.0,8.1258084e-11,1.883465e-09,5.391608e-10,1.8708949e-08,5.5593117e-09,7.342891e-11,1,19.007792,1.0,False,8.15953e-07,Test
3118,6,-4.0173225,24.64803,-16.199871,-6.814155,-9.574267,-1.214429,-5.150252,-15.07386,3.554642e-13,1.0,1.8196265e-18,2.1684365e-14,1.3722871e-15,5.862417e-12,1.1449094e-13,5.610513e-18,1,29.79828,1.0,False,2.3941113e-10,Test
3119,6,-4.7338233,31.15249,-21.767849,-7.843414,-12.254758,0.25824684,-5.5132723,-20.223022,2.598793e-16,1.0,1.0398907e-23,1.15956345e-17,1.4075736e-19,3.8264903e-14,1.1919584e-16,4.8741513e-23,1,36.665764,1.0,False,1.7259251e-12,Test
3120,5,-5.596315,59.386288,-41.442844,-14.017379,-21.70879,3.4036841,-10.696254,-43.367825,6.003621e-29,1.0,1.7e-44,1.3218857e-32,6.037475e-36,4.864784e-25,3.6604842e-31,3e-45,1,55.982605,1.0,False,3.9296497e-23,Test
3121,5,-7.1799345,124.72611,-88.221176,-26.901314,-44.630085,13.4030695,-21.314388,-99.62955,0.0,1.0,0.0,0.0,0.0,0.0,0.0,0.0,1,111.323044,1.0,False,0.0,Test
3122,4,-3.1893678,0.26373664,-0.5445464,-1.0593022,-1.9059983,-3.1661284,-0.053018533,0.84057915,0.007194008,0.22731864,0.10129831,0.060540587,0.025961582,0.007363149,0.16560371,0.40471995,7,3.6511374,0.9740384,False,2.2632997,Test
3123,6,-4.229248,80.137085,-57.73764,-16.909178,-29.449062,7.954721,-12.720487,-64.2368,2.2917494e-37,1.0,0.0,7.13e-43,0.0,4.483292e-32,4.704e-41,0.0,1,92.857574,1.0,False,4.6687995e-30,Test
3124,0,-2.2629135,14.158464,-4.780778,-4.8796315,-5.0685863,-1.4961048,-4.625804,-14.261953,7.3839104e-08,0.99999976,5.953756e-09,5.393368e-09,4.4647575e-09,1.589669e-07,6.9517827e-09,4.541186e-13,1,16.421377,0.99999994,False,6.306593e-06,Test
3125,6,-2.8945234,0.7878794,-0.91497415,-1.057211,-2.0533383,-2.2911303,0.032396697,-0.8283829,0.011768491,0.46770072,0.085197754,0.07390188,0.02729247,0.021516472,0.21971822,0.092903964,1,1.5154095,0.7802818,False,2.228447,Test
3126,6,-5.2273855,-2.3902147,3.0327337,-1.0323739,-1.1148057,-6.6856713,0.74657863,2.5740056,0.00014599873,0.0024918208,0.5645122,0.009687677,0.008921132,3.3964385e-05,0.057386383,0.35682088,2,2.8579483,0.9426136,False,1.3822497,Test
3127,6,-1.3717269,9.558586,-5.35769,-3.3004124,-4.4999638,-3.1955626,-2.0622184,-6.295518,1.7906501e-05,0.9999664,3.3260523e-07,2.602516e-06,7.842143e-07,2.890208e-06,8.977057e-06,1.3020735e-07,1,11.620838,0.999991,False,0.0006087894,Test
3128,6,-2.13292,34.99279,-23.742674,-8.280372,-13.052302,1.2285081,-6.353585,-26.802834,7.525047e-17,1.0,3.1010677e-26,1.6095488e-19,1.3623259e-21,2.1694945e-15,1.1053446e-18,1.4537897e-27,1,41.346375,1.0,False,1.09786034e-13,Test
3129,4,-5.973279,71.55515,-49.7887,-16.134846,-25.982536,5.518732,-12.381065,-54.70491,2.1371185e-34,1.0,0.0,8.254976e-39,4.36e-43,2.092888e-29,3.5234132e-37,0.0,1,97.53769,1.0,False,1.9939272e-27,Test
3130,6,-5.57635,43.666584,-29.887201,-10.748827,-16.579115,1.5483133,-7.6439457,-31.29167,4.1121125e-22,1.0,1.137617e-32,2.3317738e-24,6.848985e-27,5.108194e-19,5.201388e-23,2.7928319e-33,1,51.31053,1.0,False,3.1072583e-17,Test
3131,5,-6.5065727,-2.6353965,0.06424436,-0.33348748,-1.5942047,-2.7661438,-0.77910554,5.0419292,9.492208e-06,0.00045561467,0.006776989,0.004553067,0.0012905698,0.0003997743,0.002915913,0.9835986,7,7.82461,0.99960023,False,0.15438679,Test
3132,6,-6.4177957,-2.464359,1.1615362,-0.9030785,-1.846483,-4.954561,0.4640066,5.040845,1.0198837e-05,0.00053150393,0.019962404,0.0025325734,0.0009859313,4.4058073e-05,0.009937555,0.9659958,7,4.6114345,0.9900625,False,0.26532435,Test
3133,6,-3.3528736,4.931319,-1.0908139,-2.8594172,-2.8434749,-4.2526,-2.0579648,-1.6065254,0.00025097484,0.99405295,0.0024100745,0.00041108893,0.00041769506,0.00010206663,0.0009162248,0.0014389962,1,6.995249,0.99908376,False,0.0660135,Test
3134,4,-5.1513987,31.98914,-21.102343,-8.439445,-12.20418,-0.29583296,-6.525705,-21.536972,7.414291e-17,1.0,8.763174e-24,2.7675062e-18,6.4133426e-20,9.5238885e-15,1.8759282e-17,5.674206e-24,1,44.19332,1.0,False,4.4877836e-13,Test
3135,5,-5.5308385,69.57247,-48.66736,-15.992279,-25.191591,5.2888007,-12.397174,-52.31277,2.4157224e-33,1.0,0.0,6.913547e-38,6.99e-42,1.2076955e-28,2.5178886e-36,0.0,1,64.28367,1.0,False,1.1200639e-26,Test
3136,4,-5.4913006,-2.858162,5.442925,-1.6068796,-0.27004993,-5.879005,-1.8575976,2.9516428,1.6395566e-05,0.00022818336,0.91917884,0.0007974597,0.0030358932,1.1126238e-05,0.0006206164,0.076111436,2,5.79725,0.9969641,False,0.43798164,Test
3137,6,0.9707207,0.4961312,-0.28714466,-1.6297027,-2.060457,-5.7977104,-0.673012,-1.4331493,0.43221265,0.26889697,0.122860834,0.032088395,0.02085805,0.00049682695,0.08352825,0.039057996,0,2.4825704,0.9164717,False,2.1672378,Test
3138,1,-4.930117,91.01788,-64.96525,-19.424963,-33.067547,8.741541,-14.664651,-71.53833,2.14e-42,1.0,0.0,0.0,0.0,1.8528389e-36,0.0,0.0,1,-0.0,0.0,True,2.1993166e-34,Test
3139,6,-6.099647,92.6973,-64.76292,-20.659826,-33.300335,7.9202423,-16.136478,-72.2343,1.23e-43,1.0,0.0,0.0,0.0,1.5198124e-37,0.0,0.0,1,108.833786,1.0,False,1.8588454e-35,Test
3140,6,-2.0235288,-0.89858145,-1.5334445,-0.41100514,-2.139548,-4.3550715,3.1447368,-2.0474877,0.005310623,0.016357005,0.008669346,0.026635176,0.004728887,0.0005159044,0.93259823,0.005184897,6,0.06978082,0.06740177,True,0.51130235,Test
3141,6,-4.9143305,3.109942,-1.2748035,-1.9243604,-2.8576741,-4.8282404,-0.82007873,0.93599147,0.0002833335,0.86535716,0.010787593,0.0056341146,0.0022156066,0.00030880663,0.016998438,0.09841487,1,4.0746336,0.9830016,False,0.74872655,Test
3142,6,-1.4253232,3.8511312,-1.9217366,-2.0352187,-2.6628387,-4.5432954,-0.163217,-2.8017395,0.004951802,0.9689433,0.003014212,0.002690848,0.0014365382,0.0002191015,0.017494002,0.0012502399,1,4.045897,0.982506,False,0.2606352,Test
3143,6,-2.0689967,5.391128,-2.6319134,-2.3726883,-3.2261312,-3.6975253,-1.2529597,-2.5923057,0.0005737111,0.9967457,0.00032675453,0.00042344964,0.00018036668,0.000112572496,0.0012974591,0.00033995634,1,6.6473475,0.9987025,False,0.039472863,Test
3144,4,-4.9403667,39.29358,-27.064655,-9.784961,-14.600788,1.0787904,-7.5548615,-26.182755,6.1580126e-20,1.0,1.5170037e-29,4.846861e-22,3.9262116e-24,2.5323716e-17,4.5079607e-21,3.6642882e-29,1,53.894367,1.0,False,1.4004236e-15,Test
3145,6,-3.9099371,61.90146,-44.862038,-13.641402,-23.138922,6.2177196,-10.270481,-47.945812,2.6210474e-29,1.0,0.0,1.5565099e-33,1.1679687e-37,6.559331e-25,4.5302944e-32,0.0,1,72.171936,1.0,False,5.2696656e-23,Test
3146,6,-2.3799782,21.119463,-14.581673,-4.960567,-8.663869,-0.20033915,-3.1905422,-15.542607,6.227624e-11,1.0,3.1274807e-16,4.7161402e-12,1.162152e-13,5.507163e-10,2.7688466e-11,1.196368e-16,1,24.310005,1.0,False,2.0203789e-08,Test
3147,6,-4.371914,57.43393,-39.99867,-13.196194,-21.142296,3.6570036,-9.89513,-43.709984,1.4390082e-27,1.0,4.85e-43,2.1170232e-31,7.4951265e-35,4.415487e-24,5.74596e-30,1.1e-44,1,67.329056,1.0,False,3.426987e-22,Test
3148,6,-1.9968379,-1.7402208,-0.31539533,-0.5105137,-1.5786644,-5.472261,3.0440068,-1.0628439,0.0058554164,0.0075684222,0.031462923,0.02588572,0.008895459,0.00018121778,0.9052508,0.014900003,6,0.099543236,0.09474921,True,0.67349714,Test
3149,6,-1.9217695,11.266063,-6.8342457,-3.504317,-4.844066,-2.6725976,-2.4990134,-6.8475575,1.8732493e-06,0.9999958,1.3776361e-08,3.8486078e-07,1.0079949e-07,8.841273e-07,1.051724e-06,1.35941685e-08,1,13.7650795,0.9999989,False,9.17558e-05,Test
3150,6,-5.645059,7.5112114,-4.0661607,-3.7359605,-4.1991935,-4.123719,-2.7796998,0.25650987,1.9318106e-06,0.99921846,9.3685385e-06,1.3033948e-05,8.201552e-06,8.84452e-06,3.3913664e-05,0.00070629077,1,10.291693,0.9999661,False,0.00971539,Test
3151,4,-4.9233646,30.710508,-19.484167,-8.642798,-11.081963,-0.3895168,-7.210592,-19.956371,3.345073e-16,1.0,1.5875575e-22,8.111038e-18,7.075541e-19,3.1148037e-14,3.3968413e-17,9.9004416e-23,1,41.792473,1.0,False,1.4171037e-12,Test
3152,6,-2.5896423,43.237442,-30.545652,-9.441531,-16.154919,2.8474476,-7.0363407,-33.74322,1.2518448e-20,1.0,9.044997e-33,1.323769e-23,1.6077759e-26,2.8763903e-18,1.4668118e-22,3.6959071e-34,1,50.27378,1.0,False,1.6844784e-16,Test
3153,6,-2.4505632,-0.25292426,0.6470668,-1.5748048,-1.6619153,-5.08391,-0.57217854,1.8996562,0.008274005,0.074496895,0.18323115,0.01986336,0.018206276,0.0005943848,0.054136205,0.64119774,7,2.9162521,0.9458638,False,1.6477152,Test
3154,6,-3.497036,32.060978,-23.065514,-7.4304037,-12.564618,1.4022039,-5.116158,-22.470629,3.6087e-16,1.0,1.1451673e-24,7.064972e-18,4.162462e-20,4.842436e-14,7.1478463e-17,2.0759806e-24,1,37.177135,1.0,False,2.1646218e-12,Test
3155,4,-4.7587757,18.258486,-10.675655,-6.112064,-7.0371137,-2.3150256,-5.186151,-9.764981,1.00862645e-10,1.0,2.716828e-13,2.6061809e-11,1.03338215e-11,1.1615493e-09,6.5784475e-11,6.754022e-13,1,25.295599,1.0,False,4.138277e-08,Test
3156,6,0.48211223,10.39169,-5.02163,-3.708612,-4.3863354,-2.9681847,-2.6977007,-8.250488,4.9693674e-05,0.9999454,2.0232811e-07,7.521303e-07,3.8191024e-07,1.5770898e-06,2.0669318e-06,8.012747e-09,1,13.089445,0.9999979,False,0.0008869739,Test
3157,6,-1.5906872,16.503746,-10.95202,-4.211941,-6.821556,-1.5215718,-2.8813257,-11.472841,1.3857589e-08,1.0,1.1915516e-12,1.0076078e-09,7.4122486e-11,1.4849225e-08,3.8121564e-09,7.078195e-13,1,19.38507,1.0,False,8.87201e-07,Test
3158,6,-2.4692,15.717521,-11.3563795,-3.9010355,-6.8613963,-0.08161768,-2.2004933,-11.489332,1.2635948e-08,0.9999999,1.7456391e-12,3.0183451e-09,1.5635115e-10,1.3756929e-07,1.6531228e-08,1.5283199e-12,1,17.918015,1.0,False,4.1571734e-06,Test
3159,6,-3.294841,41.194168,-29.583439,-9.169306,-15.707457,2.2228944,-6.5890975,-30.445631,4.7716492e-20,1.0,1.8267433e-31,1.3409792e-22,1.9406068e-25,1.1884753e-17,1.7700766e-21,7.713114e-32,1,47.783264,1.0,False,6.7139876e-16,Test
3160,6,-4.531084,75.353516,-54.074596,-16.094076,-27.72166,7.0828576,-12.175819,-59.090843,2.0256295e-35,1.0,0.0,1.9267e-40,1e-45,2.240933e-30,9.693772e-39,0.0,1,87.529335,1.0,False,2.2072021e-28,Test
3161,6,-2.9311566,31.38588,-23.344666,-6.6981916,-12.739256,1.1733606,-3.9853137,-22.640146,1.2482477e-15,1.0,1.701478e-24,2.8860087e-17,6.865882e-20,7.5660615e-14,4.3499684e-16,3.4418818e-24,1,35.371193,1.0,False,3.3834409e-12,Test
3162,4,-3.5043204,44.272194,-31.541136,-10.040375,-16.438913,2.935887,-7.4912887,-31.63902,1.7820617e-21,1.0,1.1876499e-33,2.5843488e-24,4.3003316e-27,1.1165283e-18,3.3067837e-23,1.0769052e-33,1,60.711105,1.0,False,6.6710436e-17,Test
3163,6,-5.727355,60.984966,-43.602604,-13.829247,-22.899065,4.308688,-10.084,-45.74348,1.0646534e-29,1.0,0.0,3.2255113e-33,3.712165e-37,2.4311155e-25,1.3650187e-31,0.0,1,71.06897,1.0,False,1.987944e-23,Test
3164,6,-3.091774,12.412508,-6.939599,-3.6097944,-5.297752,-2.2600098,-2.7426598,-8.184785,1.8474616e-07,0.9999989,3.9399053e-09,1.10053e-07,2.0348443e-08,4.2442997e-07,2.619352e-07,1.1342491e-09,1,15.155169,0.99999976,False,2.351312e-05,Test
3165,6,-1.9379386,23.995909,-17.471504,-5.348375,-9.94277,0.40299895,-2.8475733,-18.285826,5.4584982e-12,1.0,9.793334e-19,1.802766e-13,1.8222967e-15,5.671917e-11,2.1979786e-12,4.337865e-19,1,26.843483,1.0,False,2.2276416e-09,Test
3166,6,-2.0409126,11.189,-4.9506397,-4.3339405,-4.299476,-2.8937101,-3.6140418,-7.7569156,1.7960581e-06,0.99999654,9.786819e-08,1.8133058e-07,1.8768904e-07,7.655175e-07,3.7249401e-07,5.9141465e-09,1,14.803045,0.99999964,False,7.3385825e-05,Test
3167,4,-6.052077,1.0318072,-1.8344699,-2.241069,-2.4573011,-2.52033,-1.8781443,4.9470816,1.6322261e-05,0.0194658,0.0011078067,0.0007377008,0.0005942535,0.00055795436,0.0010604651,0.9764597,7,7.4282045,0.99940574,False,0.18586978,Test
3168,5,-6.247101,56.11697,-38.817883,-13.487559,-20.766733,2.9303277,-10.037398,-40.320614,8.234328e-28,1.0,5.892e-42,5.903867e-31,4.0722187e-34,7.967737e-24,1.8600478e-29,1.312e-42,1,53.18664,1.0,False,6.114571e-22,Test
3169,6,-1.9567319,10.81672,-6.662062,-3.2846727,-4.996421,-2.636952,-1.773863,-7.4705553,2.8350235e-06,0.9999914,2.564823e-08,7.513447e-07,1.356552e-07,1.4359542e-06,3.4038908e-06,1.1427034e-08,1,12.590591,0.9999966,False,0.00017365631,Test
3170,6,-2.1832886,25.367056,-17.632822,-5.8738728,-10.241511,0.3854383,-3.6099083,-19.057878,1.0840204e-12,1.0,2.1153893e-19,2.7054348e-14,3.4308058e-16,1.4145607e-11,2.6029393e-13,5.087403e-20,1,28.976965,1.0,False,5.6502464e-10,Test
3171,4,-5.1096067,40.07702,-26.564703,-10.291464,-14.6787615,0.8530643,-8.067246,-28.058079,2.3751852e-20,1.0,1.1425288e-29,1.3342743e-22,1.6590796e-24,9.2311015e-18,1.2337062e-21,2.5662648e-30,1,54.75578,1.0,False,5.2401534e-16,Test
3172,6,0.29579923,5.883975,-4.4588237,-1.8393865,-3.845509,-3.5527012,0.5027905,-5.8655734,0.0037085966,0.9911137,3.1937674e-05,0.00043844004,5.8974198e-05,7.903641e-05,0.004561469,7.822753e-06,1,5.3901105,0.9954385,False,0.085587144,Test
3173,6,-3.0566437,8.024683,-5.0081277,-2.7465732,-4.1256614,-3.2228913,-1.7027911,-2.9783185,1.5395126e-05,0.99986684,2.1870796e-06,2.099157e-05,5.2858454e-06,1.3037157e-05,5.9614762e-05,1.6649434e-05,1,9.727608,0.9999404,False,0.0022106841,Test
3174,4,-5.9976935,58.54299,-39.66948,-14.046536,-21.205784,2.8891637,-10.876653,-43.285084,9.3397563e-29,1.0,2.23e-43,2.9837832e-32,2.3203057e-35,6.758491e-25,7.1028113e-31,6e-45,1,79.74878,1.0,False,5.427371e-23,Test
3175,1,-5.014398,54.824165,-38.5297,-12.793337,-20.48472,2.96721,-9.064502,-39.941395,1.0290647e-26,1.0,2.8637e-41,4.3061856e-30,1.9668326e-33,3.011688e-23,1.7926851e-28,6.98e-42,1,-0.0,0.0,True,2.2540627e-21,Test
3176,4,-5.4515696,27.189615,-18.382708,-7.8332057,-10.587677,-0.8659829,-6.0216174,-15.138531,6.669805e-15,1.0,1.6150711e-20,6.162866e-16,3.922214e-17,6.540469e-13,3.771773e-15,4.1411308e-19,1,37.77729,1.0,False,2.70011e-11,Test
3177,1,-4.6148167,73.66576,-52.464287,-16.05435,-26.862848,6.1247287,-12.191402,-56.973125,1.0073491e-34,1.0,0.0,1.084057e-39,2.2e-44,4.6483944e-30,5.160694e-38,0.0,1,-0.0,0.0,True,4.529561e-28,Test
3178,1,-5.0702443,82.11559,-59.26257,-17.74009,-30.306496,8.346366,-13.230535,-63.867306,1.3666968e-38,1.0,0.0,4.3e-44,0.0,9.1713274e-33,3.905e-42,0.0,1,-0.0,0.0,True,9.76074e-31,Test
3179,6,-0.5638903,23.978554,-15.461601,-6.219492,-9.232165,-1.0530881,-4.4645243,-19.185205,2.1945824e-11,1.0,7.436324e-18,7.676361e-14,3.7737016e-15,1.3455395e-11,4.439444e-13,1.7956363e-19,1,28.443077,1.0,False,1.2846992e-09,Test
3180,6,-2.2553148,8.728273,-6.3865795,-2.2356713,-4.7339935,-2.9838154,-0.26502097,-5.494535,1.6975195e-05,0.99983084,2.7266495e-07,1.731195e-05,1.4234372e-06,8.1927765e-06,0.00012421906,6.653331e-07,1,8.9934635,0.9998758,False,0.0025841678,Test
3181,6,-2.255441,-1.145643,3.3899796,-2.2638485,-0.778448,-6.117315,-1.4648354,1.2448341,0.0030511247,0.009256335,0.8634455,0.0030255795,0.013363183,6.416073e-05,0.0067269094,0.10106717,2,5.0016394,0.9932731,False,0.7630614,Test
3182,1,-5.5071,53.985073,-36.901405,-12.923874,-19.81464,2.6983,-9.917944,-40.730465,1.45505e-26,1.0,3.3768e-40,8.746048e-30,8.89594e-33,5.326442e-23,1.7671489e-28,7.337e-42,1,-0.0,0.0,True,3.9423626e-21,Test
3183,6,-4.5517483,53.900414,-37.954826,-12.219469,-20.054342,3.9558203,-9.17923,-40.681564,4.116687e-26,1.0,1.28167e-40,1.92531e-29,7.618278e-33,2.038635e-22,4.0258633e-28,8.387e-42,1,63.079643,1.0,False,1.4692855e-20,Test
3184,6,-2.333387,-0.7415339,2.3098016,-1.7726694,-1.056936,-6.0640416,0.12737285,0.16232473,0.0071946713,0.035346307,0.7473467,0.012604556,0.025784967,0.0001725076,0.084276274,0.08727397,2,2.473655,0.91572374,False,1.3612478,Test
3185,6,-3.9013438,45.102703,-31.599932,-10.326976,-17.001215,2.4283683,-7.4957047,-33.75899,5.2217084e-22,1.0,4.880543e-34,8.456602e-25,1.0680959e-27,2.929352e-19,1.4348343e-23,5.6337983e-35,1,52.598408,1.0,False,1.8072935e-17,Test
3186,1,-4.814674,51.083733,-35.628906,-12.091232,-18.863289,2.7014883,-8.92541,-36.79413,5.2921276e-25,1.0,2.1937112e-38,3.6598336e-28,4.191742e-31,9.7243e-22,8.6768074e-27,6.841162e-39,1,-0.0,0.0,True,6.791987e-20,Test
3187,5,-6.1934614,53.437336,-36.39556,-13.133556,-19.533644,2.246524,-10.22104,-38.3856,1.2666987e-26,1.0,9.68426e-40,1.2263906e-29,2.037544e-32,5.8629095e-23,2.2569352e-28,1.32375e-40,1,51.19081,1.0,False,4.33103e-21,Test
3188,6,-4.571228,12.866168,-4.457455,-5.099556,-5.0198517,-3.5175445,-4.4763427,-8.812263,2.6732193e-08,0.99999976,2.9953373e-08,1.5761033e-08,1.7068675e-08,7.667324e-08,2.9392965e-08,3.8474868e-10,1,17.34251,1.0,False,5.087787e-06,Test
3189,4,-4.5758557,10.367124,-5.7600884,-4.349672,-4.53149,-3.1029286,-3.6676154,-2.846479,3.238501e-07,0.99999475,9.9091935e-08,4.0604564e-07,3.3854184e-07,1.4126291e-06,8.031344e-07,1.8255901e-06,1,14.898618,0.99999964,False,0.00011109541,Test
3190,4,-5.010795,26.84703,-17.178408,-7.678721,-10.119487,-1.1289309,-6.1401396,-16.505003,1.4598958e-14,1.0,7.5857044e-20,1.0131086e-15,8.8235846e-17,7.0826244e-13,4.719039e-15,1.4874768e-19,1,36.96652,1.0,False,2.9536772e-11,Test
3191,4,-5.0512867,25.979448,-15.22734,-7.8497663,-9.489451,-1.6405417,-6.6551204,-16.573347,3.338282e-14,1.0,1.2709244e-18,2.0330974e-15,3.9450544e-16,1.0110928e-12,6.7140956e-15,3.3079258e-19,1,35.4689,1.0,False,4.2219336e-11,Test
3192,6,-3.453073,-1.8069234,-1.2168479,-0.4043338,-1.7461331,-2.4873078,2.606716,-1.8463222,0.0020918576,0.010850402,0.019575473,0.04411463,0.01153046,0.005494884,0.8959111,0.010431218,6,0.10991412,0.1040889,True,0.7253748,Test
3193,6,-5.028729,81.657486,-59.386864,-17.248417,-30.204052,9.048091,-12.943477,-64.80138,2.2524427e-38,1.0,0.0,1.11e-43,0.0,2.9250896e-32,8.228e-42,0.0,1,94.60096,1.0,False,3.0641282e-30,Test
3194,6,-4.0583296,50.940357,-36.254894,-11.494808,-18.943457,3.394349,-8.554027,-37.51312,1.301288e-24,1.0,1.3538902e-38,7.6692374e-28,4.465253e-31,2.2440402e-21,1.4518341e-26,3.847189e-39,1,59.494385,1.0,False,1.5403314e-19,Test
3195,1,-4.348426,79.56351,-56.58977,-17.09872,-28.911097,7.54327,-13.01019,-62.849407,3.6100244e-37,1.0,0.0,1.047e-42,0.0,5.272422e-32,6.2481e-41,0.0,1,-0.0,0.0,True,5.4782607e-30,Test
3196,4,-3.8320818,22.717506,-15.1704645,-6.1026344,-8.841726,-0.5308853,-4.6558213,-14.088858,2.9489048e-12,1.0,3.511266e-17,3.0448918e-13,1.9678835e-14,8.0048204e-11,1.2939426e-12,1.03561504e-16,1,31.559233,1.0,False,2.862459e-09,Test
3197,4,-5.4674573,29.507757,-18.408604,-8.479916,-10.910169,-1.2145357,-7.0013285,-18.679085,6.4633357e-16,1.0,1.5494934e-21,3.178075e-17,2.7971609e-18,4.544408e-14,1.394136e-16,1.182278e-21,1,40.417927,1.0,False,2.0560745e-12,Test
3198,5,-6.88303,67.810646,-46.923653,-15.909343,-24.885096,3.9939706,-12.115979,-50.271454,3.6387064e-33,1.0,0.0,4.3739323e-37,5.5304e-41,1.9265012e-28,1.9422559e-35,0.0,1,63.816677,1.0,False,1.7737306e-26,Test
3199,6,-3.7220006,6.8565335,-3.4086564,-2.9921923,-3.796072,-3.488878,-2.0877686,-4.4223156,2.5448693e-05,0.999688,3.4813613e-05,5.2797946e-05,2.3631805e-05,3.2129905e-05,0.00013043787,1.26334735e-05,1,8.944613,0.9998696,False,0.0048356755,Test
3200,6,-2.4312718,18.541769,-12.312872,-4.9488873,-7.6766706,-1.4410635,-3.4695828,-12.740907,7.789755e-10,1.0,3.9810687e-14,6.282576e-11,4.106545e-12,2.0968451e-09,2.7579797e-10,2.5948134e-14,1,22.011353,1.0,False,9.5065815e-08,Test
3201,1,-6.4626727,95.32369,-67.324524,-21.05923,-34.825466,8.190073,-15.871886,-73.87261,6e-45,1.0,0.0,0.0,0.0,1.4399557e-38,0.0,0.0,1,-0.0,0.0,True,1.8101293e-36,Test
3202,4,-3.910303,61.14997,-42.495975,-13.10343,-22.059307,5.8209066,-10.459133,-49.008114,5.554984e-29,1.0,1e-45,5.6514117e-33,7.289057e-37,9.351754e-25,7.953584e-32,0.0,1,83.209274,1.0,False,7.4653694e-23,Test
3203,6,-4.3152766,43.52332,-30.534082,-10.152895,-16.570581,2.1565423,-7.1283617,-32.397774,1.6747948e-21,1.0,6.875088e-33,4.883324e-24,7.9716775e-27,1.0830229e-18,1.00520557e-22,1.06631765e-33,1,50.65168,1.0,False,6.4757733e-17,Test
3204,6,-1.1668384,-1.0615075,1.6302083,-1.8005133,-1.1605699,-6.3260107,-0.26354718,0.69074696,0.03457114,0.03841124,0.5668337,0.01834477,0.03478853,0.00019866152,0.0853116,0.22154032,2,2.4614449,0.9146884,False,1.8741617,Test
3205,1,-6.5666203,65.0771,-44.64922,-15.488206,-23.82361,4.8596954,-12.24542,-49.115646,7.682926e-32,1.0,0.0,1.0254901e-35,2.459867e-39,7.0455086e-27,2.625754e-34,0.0,1,-0.0,0.0,True,6.12089e-25,Test
3206,6,-4.1961226,23.187023,-15.71642,-6.0938525,-9.532481,-0.93841743,-4.144203,-14.672564,1.2812995e-12,1.0,1.2718903e-17,1.9207774e-13,6.1673612e-15,3.3300772e-11,1.3495818e-12,3.612348e-17,1,27.331226,1.0,False,1.2712962e-09,Test
3207,4,-4.700629,26.215717,-17.049353,-7.3910637,-10.008037,-0.9544683,-5.8180685,-15.958617,3.7428367e-14,1.0,1.6226307e-19,2.5395716e-15,1.8544841e-16,1.5853989e-12,1.2243432e-14,4.8296853e-19,1,36.223755,1.0,False,6.4513034e-11,Test
3208,1,-5.0977254,83.372765,-60.164936,-17.789919,-30.612032,7.662004,-13.24185,-65.05346,3.782288e-39,1.0,0.0,1.1e-44,0.0,1.3159331e-33,1.099e-42,0.0,1,-0.0,0.0,True,1.4373662e-31,Test
3209,6,-1.0096816,19.971203,-14.798517,-4.247743,-8.542765,0.0659045,-1.658791,-16.633408,7.7288986e-10,1.0,7.9378263e-16,3.03281e-11,4.135626e-13,2.26589e-09,4.038436e-10,1.2671256e-16,1,21.629993,1.0,False,1.02143666e-07,Test
3210,6,-3.0892293,-1.6197721,0.40941292,-0.27114916,-1.6492702,-5.4122066,2.707224,-0.8612799,0.002513247,0.010924775,0.0831144,0.04208351,0.010607222,0.0002462516,0.8271856,0.023324989,6,0.18972622,0.17281443,True,1.0089232,Test
3211,6,-4.6858864,78.71161,-55.660732,-17.702797,-28.297926,7.7254033,-13.883707,-61.27945,6.038508e-37,1.0,0.0,1.342e-42,0.0,1.4827994e-31,6.1146e-41,0.0,1,92.595314,1.0,False,1.5185636e-29,Test
3212,6,-2.5188718,4.886461,-2.108025,-2.5838697,-2.7730627,-3.7394598,-1.5597631,-1.6698394,0.00060452387,0.9942796,0.00091167894,0.00056648103,0.0004688347,0.00017836882,0.0015774266,0.0014130046,1,6.4519606,0.99842256,False,0.0654754,Test
3213,6,-0.4944045,6.321859,-3.0326834,-2.5714586,-3.3399434,-3.6630673,-1.2606227,-4.489613,0.0010936656,0.99804485,8.640208e-05,0.00013703498,6.354518e-05,4.599935e-05,0.00050830015,2.012739e-05,1,7.5844383,0.9994917,False,0.023925237,Test
3214,5,-6.4442163,57.893814,-39.745018,-13.880617,-21.411802,3.0333517,-10.344929,-42.10554,1.1437984e-28,1.0,3.94e-43,6.7415753e-32,3.6141618e-35,1.4941837e-24,2.3136208e-30,3.8e-44,1,54.860462,1.0,False,1.1827089e-22,Test
3215,6,0.8511539,1.7981112,-0.89266926,-1.6171132,-2.4378095,-5.2250886,-0.43176973,-2.1170325,0.23777547,0.6129505,0.041575197,0.020147085,0.008867237,0.00054612034,0.06591746,0.012220813,1,2.7193518,0.9340825,False,1.6324694,Test
3216,6,-5.338954,-1.4629245,4.1136484,-1.1951255,-1.1562914,-5.050572,-0.64071786,-0.032070443,7.557491e-05,0.003645154,0.96292114,0.0047645234,0.004953189,0.00010083707,0.008294604,0.015245014,2,4.79215,0.9917054,False,0.30842456,Test
3217,1,-4.710207,68.40645,-49.256596,-14.683009,-25.343662,6.203373,-10.828374,-52.47933,1.7613305e-32,1.0,0.0,8.216907e-37,1.9268e-41,9.672697e-28,3.8792938e-35,0.0,1,-0.0,0.0,True,8.680471e-26,Test
3218,4,-5.4633503,69.93314,-48.709248,-15.476864,-25.491112,5.8819513,-11.940658,-54.344467,1.801854e-33,1.0,0.0,8.0706165e-38,3.613e-42,1.5237728e-28,2.7711465e-36,0.0,1,95.424255,1.0,False,1.4080822e-26,Test
3219,6,-4.4115424,-2.3238742,-0.024716455,-0.5765578,-0.727446,0.5986229,-1.6428704,-1.0470891,0.0027002401,0.02178036,0.21705844,0.12500145,0.10749422,0.40484568,0.043034956,0.078084685,5,3.1457424,0.956965,False,2.3532426,Test
3220,6,-4.2797112,32.7436,-23.23348,-7.9598546,-12.83324,0.6887892,-5.6087174,-22.046873,8.3364294e-17,1.0,4.89173e-25,2.102398e-18,1.6077929e-20,1.1988727e-14,2.2069882e-17,1.6025055e-24,1,38.352318,1.0,False,5.602209e-13,Test
3221,6,-2.4659102,0.48298857,-0.69291484,-1.1059465,-1.9768568,-3.603481,0.11267972,0.49881306,0.0155306775,0.29640183,0.09145186,0.06050833,0.025326991,0.004979087,0.2046717,0.30112955,7,1.586348,0.7953283,False,2.3360028,Test
3222,6,-5.1761107,-1.8991055,0.71186393,-0.72877127,-1.815333,-4.932528,0.9431513,3.7778234,0.00011498935,0.0030467908,0.04147366,0.009820021,0.0033130248,0.00014670462,0.05226598,0.88981885,7,2.9514096,0.947734,False,0.68447214,Test
3223,5,-6.878599,125.37379,-89.57901,-26.520615,-44.88564,13.940064,-21.041367,-100.698875,0.0,1.0,0.0,0.0,0.0,0.0,0.0,0.0,1,111.43372,1.0,False,0.0,Test
3224,6,-3.187419,16.679577,-11.436882,-4.314848,-7.2771773,-1.0707382,-2.426154,-11.199132,2.3543603e-09,1.0,6.1542774e-13,7.624953e-10,3.941973e-11,1.9549528e-08,5.0406537e-09,7.806044e-13,1,19.10573,1.0,False,7.315637e-07,Test
3225,1,-5.003664,89.48384,-64.04347,-19.131449,-32.48705,8.837116,-14.776782,-71.03635,9.218e-42,1.0,0.0,0.0,0.0,9.453025e-36,0.0,0.0,1,-0.0,0.0,True,1.0998479e-33,Test
3226,6,-3.0218558,22.927946,-15.663728,-5.504311,-9.278311,-0.91002506,-3.8710463,-15.790401,5.372099e-12,1.0,1.7371951e-17,4.4877413e-13,1.03038695e-14,4.4391605e-11,2.2979765e-12,1.53051e-17,1,26.798992,1.0,False,1.8355221e-09,Test
3227,4,-3.247156,36.664948,-26.634375,-7.800202,-14.277262,2.8010957,-5.270432,-28.2672,4.6386804e-18,1.0,3.2318624e-28,4.8868745e-20,7.517621e-23,1.9638817e-15,6.133329e-19,6.314342e-29,1,50.942207,1.0,False,9.625321e-14,Test
3228,4,-4.86145,22.468624,-14.346008,-6.473986,-8.787154,-1.0163069,-5.0630136,-13.774066,1.3511375e-12,1.0,1.0270895e-16,2.6939174e-13,2.6655542e-14,6.318641e-11,1.1044903e-12,1.8196978e-16,1,31.25578,1.0,False,2.2504656e-09,Test
3229,6,-3.2105396,3.753204,0.17142856,-2.7340984,-2.3058825,-4.713025,-2.144731,-1.0102968,0.0009055934,0.9577424,0.026650373,0.0014583068,0.0022377975,0.00020156354,0.0026291062,0.0081749745,1,5.9411116,0.9973709,False,0.32332566,Test
3230,6,-2.3626368,1.3725021,-1.5153538,-2.1216362,-2.5792596,-4.2020254,-0.79704326,2.5892978,0.0051626833,0.21628469,0.012046087,0.0065696305,0.0041571683,0.0008204257,0.024706101,0.73025316,7,3.700705,0.9752939,False,1.1458162,Test
3231,4,-4.7879143,5.881742,-2.5689552,-3.373778,-3.0902665,-3.7027266,-2.8857284,1.0876185,2.303308e-05,0.99111736,0.00021185272,9.4733565e-05,0.00012578568,6.8177826e-05,0.00015433381,0.008204718,1,8.980931,0.99987423,False,0.07834518,Test
3232,6,-4.2613153,22.042105,-14.613412,-6.25876,-8.881416,-1.0560161,-4.5198345,-13.315884,3.77198e-12,1.0,1.2042343e-16,5.1178837e-13,3.7160833e-14,9.3027905e-11,2.912704e-12,4.4077972e-16,1,26.56194,1.0,False,3.3773575e-09,Test
3233,6,-2.742954,-1.2619476,0.46606103,-0.5176361,-1.6410892,-5.2225137,1.465802,1.0036949,0.0065723034,0.028900841,0.16269535,0.060836036,0.019781144,0.0005506284,0.44213724,0.2785265,6,0.8161349,0.55786276,True,2.0194814,Test
3234,6,-4.1449547,24.281748,-15.645126,-6.9829803,-9.280202,-1.0613793,-5.444051,-15.421611,4.5127365e-13,1.0,4.5706684e-18,2.641806e-14,2.656012e-15,9.854171e-12,1.2309751e-13,5.7154553e-18,1,29.7258,1.0,False,3.8539927e-10,Test
3235,4,-3.459842,18.472654,-10.395625,-5.3087573,-7.030234,-1.5949455,-4.226856,-12.931585,2.9842662e-10,1.0,2.90179e-13,4.697469e-11,8.399174e-12,1.9264244e-09,1.385887e-10,2.2977988e-14,1,25.502888,1.0,False,7.168792e-08,Test
3236,6,-2.970953,11.392493,-7.127217,-3.43761,-5.059197,-1.2570404,-2.455463,-7.3947244,5.78139e-07,0.99999475,9.05711e-09,3.625483e-07,7.1634005e-08,3.2090406e-06,9.680705e-07,6.9312662e-09,1,13.84796,0.99999905,False,0.00010725203,Test
3237,6,-3.9043503,27.676123,-18.534033,-7.192634,-10.863637,-0.47803363,-5.099236,-18.743795,1.926526e-14,1.0,8.534625e-21,7.189389e-16,1.8297622e-17,5.926599e-13,5.8323284e-15,6.919676e-21,1,32.77536,1.0,False,2.5263285e-11,Test
3238,6,-1.479579,18.159773,-12.4457245,-4.4119086,-7.627841,-1.2127422,-2.5987494,-13.542573,2.9562304e-09,1.0,5.1074176e-14,1.5748641e-10,6.3180346e-12,3.860324e-09,9.65358e-10,1.7054764e-14,1,20.758522,1.0,False,2.2592864e-07,Test
3239,6,-5.624148,-2.320881,-0.27440426,-0.22382754,-1.8688179,-3.0380986,0.8359632,2.5932999,0.00020574343,0.005596499,0.043320145,0.04556749,0.008795184,0.002731699,0.13149717,0.7622861,7,2.02877,0.86850286,False,1.210332,Test
3240,4,-4.0149713,13.929507,-7.8132515,-4.458266,-5.649474,-1.9667469,-3.7094252,-8.001214,1.6099476e-08,0.9999999,3.6077744e-10,1.0334546e-08,3.140193e-09,1.2483729e-07,2.1852877e-08,2.98957e-10,1,19.578981,1.0,False,4.391455e-06,Test
3241,0,-3.4053905,34.460457,-21.643476,-8.655656,-12.630322,0.5251964,-6.9221563,-28.163528,3.5898057e-17,1.0,4.3089407e-25,1.8832612e-19,3.5378127e-21,1.828536e-15,1.0660045e-18,6.349635e-28,1,37.86585,1.0,False,9.1558556e-14,Test
3242,4,-5.7232313,9.424763,-4.0550604,-4.7690477,-4.32425,-4.1042247,-3.870346,-1.5083426,2.6381483e-07,0.9999757,1.3988678e-06,6.850084e-07,1.0687323e-06,1.3317559e-06,1.6826626e-06,1.7856735e-05,1,13.749037,0.9999989,False,0.00044311964,Test
3243,4,-3.0973966,21.76894,-15.444301,-5.270592,-8.654789,0.59385407,-3.861982,-15.206973,1.5874028e-11,1.0,6.894369e-17,1.8066773e-12,6.125512e-14,6.364692e-10,7.389786e-12,8.7410697e-17,1,30.423729,1.0,False,2.0359524e-08,Test
3244,1,-7.0765333,71.29065,-49.664513,-16.374155,-26.179153,5.2807517,-12.720093,-54.29082,9.2377504e-35,1.0,0.0,8.465643e-39,4.67e-43,2.1491499e-29,3.2703802e-37,0.0,1,-0.0,0.0,True,2.046692e-27,Test
3245,6,-5.7128325,-1.4671313,3.2551117,-1.1608824,-1.2010639,-3.8120952,-0.71263903,-0.018137844,0.00011686919,0.008158018,0.91712534,0.0110812,0.0106447665,0.0007819514,0.01734828,0.03474357,2,4.0542617,0.9826517,False,0.5922798,Test
3246,6,-0.7068371,10.4278145,-5.2310357,-3.4481764,-4.5745735,-3.038608,-2.2448516,-7.967335,1.4597332e-05,0.9999794,1.5828473e-07,9.4129285e-07,3.0516642e-07,1.4177441e-06,3.135609e-06,1.0258391e-08,1,12.672688,0.99999684,False,0.00037832564,Test
3247,4,-5.1108875,20.284655,-11.153214,-6.472535,-7.6058426,-2.2356448,-5.560297,-12.445095,9.350959e-12,1.0,2.221808e-14,2.3960712e-12,7.7145565e-13,1.6578988e-10,5.965957e-12,6.1044915e-15,1,27.890497,1.0,False,6.0763825e-09,Test
3248,6,-5.1003504,28.48845,-18.507582,-8.068352,-10.971717,-0.9069997,-5.9114356,-17.449442,2.5856524e-15,1.0,3.8893976e-21,1.3291779e-16,7.288988e-18,1.7128481e-13,1.1490013e-15,1.1205423e-20,1,34.399883,1.0,False,7.453707e-12,Test
3249,4,-5.01042,47.88445,-31.907541,-11.7093525,-17.327963,2.055195,-9.192404,-35.614494,1.0667218e-23,1.0,2.2221742e-35,1.3144378e-26,4.7710085e-29,1.2491305e-20,1.6286907e-25,5.45592e-37,1,65.21241,1.0,False,8.2672416e-19,Test
3250,0,-2.9440165,1.6707095,-0.1504888,-1.4547887,-0.22294435,-2.070954,-2.989062,-2.140421,0.006968022,0.70349264,0.11384743,0.03089391,0.10589029,0.016683063,0.0066611087,0.015563476,1,4.966424,0.993032,False,1.5019128,Test
3251,6,-2.8819273,17.59525,-12.196722,-4.451059,-7.40572,-0.90781856,-2.9186625,-11.047463,1.2790136e-09,1.0,1.152156e-13,2.6632374e-10,1.3874494e-11,9.209161e-09,1.2328809e-09,3.636038e-13,1,20.513912,1.0,False,3.2909563e-07,Test
3252,6,-3.1906033,3.7841866,-0.898297,-2.0077486,-2.5040307,-3.897349,-1.3557838,-1.6494277,0.0009116536,0.97486055,0.009023305,0.0029753433,0.001811358,0.00044966998,0.0057106,0.0042574913,1,5.165431,0.9942894,False,0.2288607,Test
3253,6,2.283792,1.1561201,-2.4354188,-1.0283645,-2.6125686,-4.418136,0.9590804,-3.2854168,0.60696507,0.1965269,0.005415475,0.022116292,0.0045362962,0.00074568135,0.16137965,0.0023146584,0,1.8239956,0.83862036,False,1.5488665,Test
3254,4,-4.6144433,19.710127,-11.545806,-5.788953,-7.7145715,-1.877604,-4.6921463,-12.957973,2.728812e-11,1.0,2.6651477e-14,8.4312115e-12,1.2291505e-12,4.2127707e-10,2.5248026e-11,6.4926964e-15,1,27.424698,1.0,False,1.5327249e-08,Test
3255,4,-5.152298,24.846529,-15.516859,-7.230521,-9.522179,-1.508966,-5.798285,-15.21042,9.368606e-14,1.0,2.953951e-18,1.1725045e-14,1.1853886e-15,3.580583e-12,4.91051e-14,4.0131726e-18,1,34.368706,1.0,False,1.4297173e-10,Test
3256,4,-5.7935085,41.605537,-27.730206,-10.942381,-15.285387,0.54042727,-8.599918,-28.03569,2.599292e-21,1.0,7.724513e-31,1.5091354e-23,1.9614908e-25,1.464366e-18,1.570535e-22,5.691138e-31,1,56.890923,1.0,False,8.694582e-17,Test
3257,4,-2.5286942,20.92775,-14.576982,-4.757504,-8.553038,0.45008078,-3.23168,-15.788026,6.501236e-11,1.0,3.8061997e-16,6.9990047e-12,1.5727393e-13,1.2783844e-09,3.218793e-11,1.1338137e-16,1,29.480787,1.0,False,4.135537e-08,Test
3258,4,-6.176733,37.68088,-24.90254,-10.188271,-14.023758,-0.015942987,-8.004455,-24.376362,8.9718265e-20,1.0,6.6125066e-28,1.6243941e-21,3.507199e-23,4.2508693e-17,1.4424813e-20,1.1191329e-27,1,51.70464,1.0,False,2.3185784e-15,Test
3259,6,-4.691286,80.46447,-57.94732,-16.981647,-29.635935,7.793934,-12.753972,-63.484924,1.0407009e-37,1.0,0.0,4.78e-43,0.0,2.7516224e-32,3.279e-41,0.0,1,93.218445,1.0,False,2.884853e-30,Test
3260,6,-3.6673574,60.94333,-43.8837,-13.176449,-22.647575,5.418241,-9.708765,-47.51237,8.7083336e-29,1.0,0.0,6.459336e-33,4.976586e-37,7.6870576e-25,2.0710297e-31,0.0,1,70.65209,1.0,False,6.1585904e-23,Test
3261,4,-5.584692,-2.3812723,4.7630677,-1.8587316,-0.45191428,-5.7615485,-1.4331582,3.0599709,2.6905002e-05,0.0006623084,0.83908844,0.001116855,0.004560052,2.2543689e-05,0.0017093105,0.15281366,2,5.3904214,0.99543995,False,0.69640416,Test
3262,6,-2.1212316,1.4252008,1.119454,-2.4278026,-1.6552656,-5.057211,-1.7169297,0.56171304,0.012539257,0.43497857,0.3203935,0.009228471,0.019981973,0.0006655676,0.018787025,0.18342558,1,3.9745889,0.981213,False,1.8664579,Test
3263,4,-3.8669531,35.70249,-24.431139,-8.566495,-13.584439,1.2894365,-5.9464593,-26.100471,6.53443e-18,1.0,7.6612e-27,5.945984e-20,3.9351224e-22,1.1339658e-15,8.1675116e-19,1.4431587e-27,1,49.28693,1.0,False,5.6724546e-14,Test
3264,4,-6.0209656,56.542896,-38.1671,-13.567828,-20.451153,2.6838126,-10.640426,-41.868114,6.743107e-28,1.0,7.379e-42,3.5587612e-31,3.6467781e-34,4.0672094e-24,6.6474525e-30,1.82e-43,1,76.99405,1.0,False,3.160928e-22,Test
3265,4,-4.4439187,38.05291,-24.358416,-9.731205,-13.775963,0.67357767,-7.798028,-27.849855,3.4983337e-19,1.0,7.8542837e-28,1.7685715e-21,3.097466e-23,5.839313e-17,1.2223375e-20,2.3921782e-29,1,51.828873,1.0,False,3.1713462e-15,Test
3266,0,-2.2913463,30.292524,-17.408438,-8.145027,-10.479212,0.27815112,-7.076291,-25.960815,7.0632582e-15,1.0,1.9219204e-21,2.0266683e-17,1.9636314e-18,9.2240804e-14,5.9010496e-17,3.7109417e-25,1,32.58387,1.0,False,4.330628e-12,Test
3267,4,-4.618367,-0.29892895,3.9006433,-2.143762,-0.9570901,-5.260254,-2.2343738,1.6950295,0.00017545951,0.013185156,0.87889344,0.0020839355,0.006827308,9.234409e-05,0.0019034086,0.096838996,2,4.986825,0.9931727,False,0.6605129,Test
3268,6,-4.0700116,70.83554,-50.81845,-15.176278,-26.101105,6.2885027,-11.321091,-55.19615,2.9439503e-33,1.0,0.0,4.4212197e-38,7.96e-43,9.280658e-29,2.0884703e-36,0.0,1,82.15663,1.0,False,8.642624e-27,Test
3269,6,-1.3256336,5.1431704,-3.936569,-2.0314567,-3.654216,-3.226541,-0.1770245,-3.2060354,0.0015388584,0.9921206,0.000113053415,0.0007597373,0.00014993678,0.00022995623,0.004853257,0.00023472017,1,5.3281054,0.99514675,False,0.079876706,Test
3270,6,-4.94102,72.64298,-51.552402,-15.778837,-26.667402,6.0851297,-11.827216,-56.372807,2.0216085e-34,1.0,0.0,3.970917e-39,7.4e-44,1.2424857e-29,2.065658e-37,0.0,1,84.4702,1.0,False,1.1930908e-27,Test
3271,1,-5.623823,88.91731,-63.623455,-18.726587,-32.428318,8.79139,-14.876963,-71.109726,8.736e-42,1.0,0.0,0.0,0.0,1.5913061e-35,1e-45,0.0,1,-0.0,0.0,True,1.8395076e-33,Test
3272,6,-4.609314,43.095005,-29.707945,-10.184864,-16.116045,2.0937974,-7.7413535,-31.218754,1.9154795e-21,1.0,2.4103573e-32,7.258499e-24,1.927378e-26,1.5609934e-18,8.3570044e-23,5.320404e-33,1,50.836357,1.0,False,9.2474776e-17,Test
3273,6,-2.7314227,24.744839,-16.892378,-6.0716505,-9.807292,-0.3471176,-4.231561,-17.25482,1.1673777e-12,1.0,8.2639453e-19,4.1358843e-14,9.867336e-16,1.2667809e-11,2.6044092e-13,5.7514964e-19,1,28.9764,1.0,False,5.176254e-10,Test
3274,6,4.2940793,3.9066257,-4.3287406,-0.61407435,-4.8070955,-5.151533,-1.8796846,-8.340583,0.59219724,0.40197352,0.00010656714,0.004374036,6.605051e-05,4.680467e-05,0.0012337719,1.9288664e-06,0,6.697679,0.99876624,False,1.0253717,Test
3275,6,-1.3591845,31.654026,-22.973236,-6.987951,-12.4210415,2.0904667,-4.479629,-25.557632,4.5977457e-15,1.0,1.8866072e-24,1.6519743e-17,7.2184213e-20,1.4478036e-13,2.0293305e-16,1.4232868e-25,1,36.133656,1.0,False,6.405541e-12,Test
3276,6,-2.1542542,34.925945,-24.325445,-7.893345,-13.350945,1.0608968,-5.7237906,-27.444696,7.875419e-17,1.0,1.851181e-26,2.53407e-19,1.0804712e-21,1.9615381e-15,2.2184244e-18,8.180384e-28,1,40.649734,1.0,False,1.0019357e-13,Test
3277,6,-5.9444094,-2.7712262,3.1228979,-0.08099122,-1.182584,-5.796725,-0.44494557,3.8209028,3.727774e-05,0.00089031894,0.32309565,0.01311897,0.0043599764,4.3210366e-05,0.009116675,0.64933795,7,4.69765,0.99088335,False,1.11934,Test
3278,6,-2.2477949,11.531635,-8.379002,-2.8229012,-5.6373625,-1.5353523,-0.9390793,-7.4046574,1.036731e-06,0.9999924,2.2538083e-09,5.83312e-07,3.496192e-08,2.1138585e-06,3.8373746e-06,5.9713052e-09,1,12.470722,0.9999962,False,0.00015368011,Test
3279,6,-4.0517645,5.3654394,-2.3544617,-2.793443,-3.1728468,-4.410896,-1.5241518,-0.81568503,8.097698e-05,0.9958668,0.00044206975,0.00028499926,0.00019501618,5.6544843e-05,0.001014121,0.0020595526,1,6.893733,0.9989859,False,0.04699958,Test
3280,4,-2.7923722,-0.78116125,-0.7185822,-0.48586786,-2.117068,-4.0513387,1.4210892,1.672725,0.0054574804,0.04078027,0.043413807,0.054789133,0.010721934,0.001549637,0.3688717,0.47441602,7,4.535464,0.9892781,False,1.7810323,Test
3281,6,-3.295758,-1.1997303,0.8126097,-0.71925014,-1.4870015,-4.7875,1.7255609,-0.51138836,0.0038871057,0.03161693,0.23651996,0.05111984,0.023722436,0.0008745229,0.5893285,0.06293073,6,0.5287715,0.41067147,True,1.7375338,Test
3282,6,-3.6806638,66.804855,-48.10953,-14.151771,-24.765629,6.569914,-10.470569,-53.518078,2.4464022e-31,1.0,0.0,6.9339975e-36,1.70391e-40,6.92306e-27,2.7523966e-34,0.0,1,77.27542,1.0,False,6.016433e-25,Test
3283,6,-3.0762188,8.075468,-5.0319605,-2.310976,-4.0969706,-2.3781018,-1.5818435,-5.005746,1.4348949e-05,0.9998528,2.029795e-06,3.084329e-05,5.170269e-06,2.8840881e-05,6.394683e-05,2.083709e-06,1,9.657458,0.99993604,False,0.0024000136,Test
3284,6,-4.451356,-1.1969466,3.0242138,-1.6750349,-0.9901942,-6.123447,-0.9846736,3.3419833,0.0002327832,0.006030088,0.41072422,0.003738458,0.007415066,4.3729222e-05,0.0074561164,0.56435955,7,4.8987207,0.9925439,False,1.1762537,Test
3285,6,-0.94111323,11.6107,-6.6187024,-3.682222,-4.9865165,-3.0008388,-2.541156,-7.6103754,3.5384628e-06,0.999995,1.2107902e-08,2.2822678e-07,6.1932504e-08,4.5111528e-07,7.1437313e-07,4.4914956e-09,1,14.15186,0.9999993,False,0.000102355356,Test
3286,1,-5.7469883,104.64687,-75.03518,-22.135473,-37.772884,11.149232,-17.095718,-83.53047,0.0,1.0,0.0,0.0,0.0,2.4802e-41,0.0,0.0,1,-0.0,0.0,True,3.34545e-39,Test
3287,6,-2.3936825,0.5676904,1.439782,-2.4105027,-1.2374963,-5.542574,-2.0911002,1.9126142,0.0068366914,0.13211556,0.31600833,0.0067226607,0.021725578,0.00029329173,0.00925243,0.5070455,7,4.682869,0.9907476,False,1.6914607,Test
3288,6,-3.1719265,-0.7455381,1.6445175,-1.5891626,-1.2754021,-5.850936,0.040219843,1.5943923,0.00345112,0.039059542,0.42629978,0.016801406,0.022993771,0.00023685419,0.08569934,0.40545812,2,2.4569101,0.9143007,False,1.7942014,Test
3289,6,-2.9544785,22.040493,-14.254817,-6.0444765,-8.570911,-0.6730998,-4.3920665,-14.810491,1.3957945e-11,1.0,1.7264211e-16,6.351161e-13,5.0773367e-14,1.3665077e-10,3.3150117e-12,9.90425e-17,1,26.43256,1.0,False,5.135611e-09,Test
3290,6,-4.4355083,-2.3092892,2.7151945,-0.9288518,-0.9777847,-6.3841147,1.1873295,1.349336,0.00051239674,0.004295477,0.6533065,0.01708157,0.016265841,7.3002426e-05,0.14176652,0.1666987,2,1.9535738,0.85823345,False,1.468984,Test
3291,6,-2.05677,7.915119,-4.1305933,-3.205586,-3.9518256,-3.7970498,-2.2102363,-3.6398914,4.6688074e-05,0.9998677,5.8688915e-06,1.4800687e-05,7.017682e-06,8.192422e-06,4.0045747e-05,9.586611e-06,1,10.125488,0.99995995,False,0.002205231,Test
3292,4,-5.750805,32.042183,-20.193497,-8.651404,-11.919046,-0.33248618,-6.9235673,-22.117226,3.8611256e-17,1.0,2.0622085e-23,2.1232403e-18,8.0887523e-20,8.706835e-15,1.1950583e-17,3.0120885e-24,1,43.961227,1.0,False,4.0957496e-13,Test
3293,4,-4.480966,-1.751925,3.8824263,-1.761027,-0.71376216,-6.1279483,-0.99376625,3.1460676,0.00015509153,0.0023757205,0.66491026,0.0023541953,0.0067090914,2.9875337e-05,0.0050706016,0.31839523,2,5.0042915,0.9932909,False,1.0479525,Test
3294,6,-2.3149266,22.404089,-15.581114,-5.451437,-9.013043,-0.5829248,-3.6290522,-15.595747,1.8393658e-11,1.0,3.1859285e-17,7.989117e-13,2.268362e-14,1.03960215e-10,4.9425386e-12,3.1396477e-17,1,26.033142,1.0,False,4.3223825e-09,Test
3295,6,-3.553057,23.668297,-14.855896,-6.419651,-9.0435095,-0.7886849,-4.9785604,-16.29772,1.506317e-12,1.0,1.8584704e-17,8.5697915e-14,6.2150212e-15,2.3903848e-11,3.6209919e-13,4.3951998e-18,1,28.646858,1.0,False,9.2155844e-10,Test
3296,6,-0.37235394,1.1562046,-1.1857615,-1.4103444,-2.0478554,-5.025675,1.8515537,-2.6303427,0.0626813,0.2890564,0.02778943,0.02219957,0.011734836,0.0005973465,0.5793871,0.006553993,6,0.5457844,0.42061287,True,1.6190447,Test
3297,6,-4.387563,21.358038,-14.10725,-6.0751576,-8.682403,-1.3968234,-4.4914656,-13.133958,6.5891177e-12,1.0,3.9593316e-16,1.2187504e-12,8.986754e-14,1.3112608e-10,5.938868e-12,1.047891e-15,1,25.849503,1.0,False,4.8230704e-09,Test
3298,4,-6.2833505,50.805614,-33.598694,-12.845881,-18.367678,1.4842511,-10.277674,-36.279514,1.6090774e-25,1.0,2.2063429e-37,2.2725116e-28,9.086991e-31,3.8019365e-22,2.9639043e-27,1.5115033e-38,1,69.173294,1.0,False,2.7066472e-20,Test
3299,6,-3.183555,36.595833,-26.39339,-8.20121,-14.222807,1.8639389,-5.484463,-26.319397,5.297014e-18,1.0,4.4068455e-28,3.5066425e-20,8.506372e-23,8.243838e-16,5.3059097e-19,4.745291e-28,1,42.080296,1.0,False,4.164632e-14,Test
3300,6,-1.4584838,9.397478,-4.643419,-3.5234375,-4.1735177,-3.311406,-2.5178921,-6.212104,1.9288618e-05,0.9999664,7.9818057e-07,2.4462624e-06,1.2769592e-06,3.0240371e-06,6.6866096e-06,1.6627621e-07,1,11.915403,0.9999933,False,0.00061167247,Test
3301,6,-2.8448026,12.543877,-7.6967688,-3.9468315,-5.518022,-2.1086276,-2.6894045,-8.320053,2.073867e-07,0.9999989,1.6203114e-09,6.889319e-08,1.4315826e-08,4.3301e-07,2.4225324e-07,8.687803e-10,1,15.233282,0.99999976,False,2.2543074e-05,Test
3302,6,-2.7929676,6.374211,-2.3615284,-2.633678,-3.2248433,-3.5403001,-1.9308952,-2.6429212,0.00010431961,0.9991273,0.0001605971,0.00012233322,6.773366e-05,4.9408714e-05,0.00024703532,0.00012120771,1,8.305979,0.99975294,False,0.012434374,Test
3303,6,-1.7974489,4.440981,-2.4519768,-2.022751,-3.0740867,-3.8956954,-0.59555167,-2.0203001,0.0019271526,0.98680615,0.001001517,0.0015383984,0.000537625,0.0002364064,0.006410525,0.0015421736,1,5.049814,0.99358946,False,0.13043924,Test
3304,6,-6.138608,-2.99831,3.7102878,-1.2207638,-0.7885154,-5.2350154,0.18698628,1.9086528,4.348721e-05,0.001005022,0.8235363,0.005945032,0.009159619,0.00010734629,0.02429586,0.13590723,2,3.7174492,0.97570413,False,0.87031716,Test
3305,6,-3.8630993,27.097427,-18.802624,-6.740123,-10.788647,-0.33890188,-4.6851206,-17.46336,3.581078e-14,1.0,1.1637537e-20,2.0162217e-15,3.517929e-17,1.214937e-12,1.574038e-14,4.441156e-20,1,31.782547,1.0,False,5.0511578e-11,Test
3306,6,-3.391245,19.954237,-14.102453,-5.185523,-8.353149,-0.13988456,-3.3207908,-12.787848,7.2641705e-11,1.0,1.6194493e-15,1.2076507e-11,5.0846176e-13,1.8760038e-09,7.794418e-11,6.0296676e-15,1,23.275028,1.0,False,5.990776e-08,Test
3307,6,-2.112311,-0.98054,1.6958048,-1.3796916,-1.2833827,-5.6422267,-0.17117158,1.2514395,0.011181764,0.03467625,0.50391114,0.023263916,0.025615878,0.00032770817,0.07789981,0.32312348,2,2.5523317,0.9221002,False,1.8178415,Test
3308,4,-2.4915166,41.087666,-29.085636,-8.945001,-15.541708,2.4381733,-6.46165,-31.594423,1.185228e-19,1.0,3.3428915e-31,1.8667646e-22,2.547865e-25,1.6396065e-17,2.2366305e-21,2.720001e-32,1,56.62937,1.0,False,9.218538e-16,Test
3309,6,-2.0914526,9.410061,-5.660787,-3.1148176,-4.439855,-2.7895222,-1.9874128,-4.9197426,1.01144515e-05,0.9999682,2.8497047e-07,3.6349677e-06,9.661485e-07,5.0323933e-06,1.1223451e-05,5.979042e-07,1,11.397505,0.9999888,False,0.0005904145,Test
3310,6,-2.5646787,45.446693,-33.054893,-9.789197,-17.206211,4.356936,-6.9242444,-36.78545,1.4090495e-21,1.0,8.0759567e-35,1.0264978e-24,6.168638e-28,1.4287152e-18,1.80132e-23,1.9365656e-36,1,52.370937,1.0,False,8.479327e-17,Test
3311,6,-3.8518019,19.011623,-12.56375,-5.3976994,-7.7241015,-1.6096479,-4.042703,-10.680435,1.1763597e-10,1.0,1.9363732e-14,2.5070664e-11,2.4480596e-12,1.1073776e-09,9.719255e-11,1.2732182e-13,1,23.054327,1.0,False,4.1041215e-08,Test
3312,0,-3.8389206,20.746153,-13.976413,-5.6218147,-8.096513,-0.18184637,-4.357308,-14.20871,2.1029952e-11,1.0,8.3211193e-16,3.5362028e-12,2.97707e-13,8.148643e-10,1.2522923e-11,6.5962214e-16,1,24.585073,1.0,False,2.5949397e-08,Test
3313,4,-4.4093447,31.83234,-20.993643,-8.076182,-11.916115,0.4920605,-6.275287,-22.36652,1.8215314e-16,1.0,1.14279384e-23,4.655308e-18,1.000662e-19,2.4495658e-14,2.818821e-17,2.8955702e-24,1,43.748455,1.0,False,1.1189062e-12,Test
3314,6,-1.485937,14.450152,-9.723675,-3.9362872,-6.4506774,-1.3484728,-2.2278805,-11.354726,1.1996212e-07,0.99999976,3.1727784e-11,1.0348331e-08,8.373076e-10,1.3763987e-07,5.712453e-08,6.2098868e-12,1,16.678032,0.99999994,False,8.086734e-06,Test
3315,5,-3.7354715,53.21309,-38.316433,-11.809221,-20.0039,4.1386313,-8.482549,-40.7071,1.851634e-25,1.0,1.77514e-40,5.7699266e-29,1.5931854e-32,4.8666846e-22,1.6066653e-27,1.6255e-41,1,49.07446,1.0,False,3.4471233e-20,Test
3316,1,-5.585704,91.17123,-64.941475,-19.590122,-32.94436,8.705674,-15.037213,-71.56988,9.53e-43,1.0,0.0,0.0,0.0,1.5334347e-36,0.0,0.0,1,-0.0,0.0,True,1.8243691e-34,Test
3317,0,0.99683005,18.103302,-11.49745,-4.7477016,-7.6071277,-1.5160099,-3.3274593,-17.119555,3.7218047e-08,1.0,1.3949441e-13,1.1910643e-10,6.8249907e-12,3.0160665e-09,4.928771e-10,5.045551e-16,1,17.106472,0.99999994,False,1.0233132e-06,Test
3318,4,-5.081004,10.865427,-5.0984707,-4.4073873,-4.6549873,-3.303687,-3.9334264,-4.0816927,1.18727684e-07,0.99999785,1.16671934e-07,2.328629e-07,1.8178949e-07,7.0215174e-07,3.7405798e-07,3.225132e-07,1,15.520416,0.9999998,False,4.692373e-05,Test
3319,4,-3.9631677,23.272451,-15.68794,-6.3278,-9.222425,-0.44936463,-4.6565976,-13.46252,1.4849818e-12,1.0,1.2014805e-17,1.395644e-13,7.720658e-15,4.985935e-11,7.4228097e-13,1.1122571e-16,1,32.494877,1.0,False,1.80094e-09,Test
3320,6,-4.6657495,8.576348,-6.5431547,-2.239277,-5.2201214,-3.170691,0.013866983,-4.0007124,1.7739119e-06,0.9997745,2.7138466e-07,2.0078705e-05,1.0189934e-06,7.910929e-06,0.00019110138,3.4494828e-06,1,8.562706,0.9998089,False,0.0032562504,Test
3321,6,-4.8169913,18.783772,-11.798107,-6.043537,-7.6116347,-2.224252,-4.6805043,-10.0329685,5.627542e-11,1.0,5.2294842e-14,1.650581e-11,3.4404916e-12,7.5219597e-10,6.450519e-11,3.0552644e-13,1,23.464275,1.0,False,2.7634638e-08,Test
3322,4,-5.8547964,6.412643,-3.3683922,-3.9460711,-3.613822,-3.9946196,-3.149439,2.309744,4.6248697e-06,0.98351395,5.558157e-05,3.1192354e-05,4.348529e-05,2.9714178e-05,6.918643e-05,0.016252274,1,10.043088,0.9999565,False,0.12354549,Test
3323,6,-3.0946631,-0.8824258,1.672105,-1.0386392,-1.3426776,-5.266121,-0.5748891,2.8870158,0.0018185109,0.01661416,0.21374552,0.014211366,0.010485607,0.00020733067,0.022596432,0.720321,7,3.7899632,0.9774036,False,1.2137406,Test
3324,6,-2.9512854,12.7147045,-9.068143,-3.4234037,-5.8600526,-1.2191653,-2.192171,-7.9692936,1.571616e-07,0.99999857,3.4659997e-10,9.801858e-08,8.572058e-09,8.8837515e-07,3.357574e-07,1.0400475e-09,1,14.906877,0.99999964,False,3.3420794e-05,Test
3325,4,-3.4242306,59.527145,-40.966537,-13.224321,-21.63731,4.81012,-10.074377,-47.47021,4.5768213e-28,1.0,2.2e-44,2.5376998e-32,5.6327858e-36,1.7246369e-24,5.9216407e-31,0.0,1,81.16446,1.0,False,1.3618444e-22,Test
3326,6,-4.381004,-2.4385164,2.2825444,-0.6198193,-1.0994861,-6.753184,2.5703108,-0.5812477,0.0005127619,0.0035770696,0.4016595,0.02204842,0.0136477435,4.782897e-05,0.5355912,0.022915483,6,0.6243841,0.46440881,True,1.3771054,Test
3327,6,-5.3551474,-2.6626818,2.134985,-0.59021074,-1.2590635,-4.8993716,0.8636516,2.0657377,0.00024051913,0.003551998,0.43059877,0.028218592,0.01445627,0.00037939407,0.12076461,0.40178996,2,2.113912,0.8792354,False,1.6899898,Test
3328,6,-3.2764425,14.989499,-9.025556,-4.5266275,-6.59824,-2.5866606,-3.0101335,-9.457693,1.1673534e-08,1.0,3.7187267e-11,3.3439047e-09,4.2127385e-10,2.3268614e-08,1.5235587e-08,2.413898e-11,1,17.999632,1.0,False,1.4026941e-06,Test
3329,6,-1.5063635,-1.2448521,-0.67805105,-0.8072912,-1.9784623,-4.7968917,1.4449329,0.23752427,0.031141562,0.040449515,0.07129711,0.06265324,0.019422738,0.0011595304,0.59576106,0.17811528,6,0.5179156,0.40423894,True,1.875335,Test
3330,4,-4.3350124,12.019653,-6.253255,-4.8069735,-4.9079504,-3.0587041,-4.16071,-5.0200987,7.8933006e-08,0.9999994,1.1592496e-08,4.9236707e-08,4.4507626e-08,2.828474e-07,9.396314e-08,3.9785885e-08,1,16.927605,0.99999994,False,1.4634507e-05,Test
3331,4,-4.8144407,28.876877,-18.345669,-7.9671564,-10.759362,-0.7057826,-6.3950505,-18.927368,2.3337066e-15,1.0,3.1010516e-21,9.973327e-17,6.1122414e-18,1.4204127e-13,4.8039315e-16,1.7333257e-21,1,39.63624,1.0,False,6.205675e-12,Test
3332,6,-4.3443427,21.087116,-13.764163,-5.9686923,-8.596763,-1.3386205,-4.2989125,-12.235273,9.021058e-12,1.0,7.3161285e-16,1.7775075e-12,1.2836741e-13,1.8223258e-10,9.440348e-12,3.3749776e-15,1,25.386028,1.0,False,6.6476673e-09,Test
3333,4,-5.2528415,37.736504,-24.455015,-9.749853,-13.893415,0.2123953,-7.7334633,-26.076878,2.137787e-19,1.0,9.785111e-28,2.3819712e-21,3.77929e-23,5.0522703e-17,1.7891398e-20,1.9328612e-28,1,51.62992,1.0,False,2.7496877e-15,Test
3334,6,-1.4669214,0.5528358,0.6260731,-1.6873529,-1.7952286,-5.268343,-0.75319403,0.8952971,0.03241872,0.24432355,0.26288867,0.026005413,0.023346074,0.0007242017,0.06618564,0.3441077,7,2.7152917,0.93381435,False,2.223733,Test
3335,4,-4.161436,35.964077,-24.025703,-8.800734,-13.358429,0.9281649,-6.833843,-25.9305,3.7472436e-18,1.0,8.846457e-27,3.6215176e-20,3.797588e-22,6.0827077e-16,2.5888054e-19,1.316821e-27,1,49.322506,1.0,False,3.098101e-14,Test
3336,6,-5.586915,89.275085,-63.622696,-19.504534,-32.396427,7.8862634,-14.938779,-68.88505,6.338e-42,1.0,0.0,0.0,0.0,4.5007267e-36,0.0,0.0,1,104.21387,1.0,False,5.2847283e-34,Test
3337,6,-5.1641226,44.83066,-30.312525,-11.033108,-16.464949,1.4717035,-8.670139,-32.02335,1.9388339e-22,1.0,2.321282e-33,5.478645e-25,2.3969306e-27,1.4772135e-19,5.819656e-24,4.194951e-34,1,53.5008,1.0,False,9.255003e-18,Test
3338,6,-2.4301567,31.29165,-21.52839,-7.6394844,-11.812491,0.71043915,-5.698408,-22.823654,2.263624e-15,1.0,1.1496016e-23,1.23714894e-17,1.9059405e-19,5.2329763e-14,8.618299e-17,3.1479114e-24,1,36.99006,1.0,False,2.4241876e-12,Test
3339,6,-3.781019,1.9468595,-0.601084,-1.7412564,-2.1380656,-3.69144,-1.0757807,2.0441751,0.001428572,0.439024,0.034350295,0.010983986,0.007386317,0.001562449,0.02136841,0.48389587,7,3.8458414,0.9786316,False,1.4656296,Test
3340,6,-2.0926137,-0.37219283,2.4773922,-1.5494314,-1.1315215,-5.2180104,-0.79138446,0.23139387,0.008237107,0.04601972,0.79524887,0.014179986,0.021536333,0.0003617697,0.030261565,0.084154695,2,3.497877,0.9697384,False,1.1879405,Test
3341,4,-6.0830956,-0.487039,2.0673933,-2.117019,-1.3951484,-5.2296734,-2.0194335,5.794957,6.755519e-06,0.0018196804,0.023408363,0.00035653648,0.0007338517,1.5859709e-05,0.0003930834,0.97326577,7,7.2172036,0.99926615,False,0.19795154,Test
3342,4,-4.1810513,60.88955,-42.259003,-13.3008,-21.88761,5.4174666,-10.533456,-47.622467,5.497895e-29,1.0,1e-45,6.019202e-33,1.1228866e-36,8.1055034e-25,9.5803953e-32,0.0,1,82.77716,1.0,False,6.487295e-23,Test
3343,6,-5.713593,-2.9442918,1.3776702,-0.017633101,-1.729814,-6.1263113,2.5886564,1.4259844,0.00014568238,0.0023232682,0.17502646,0.04336418,0.007826011,9.641974e-05,0.5875277,0.18369034,6,0.5318319,0.4124723,True,1.6144888,Test
3344,6,-2.964788,1.2471954,0.25255814,-1.1645285,-2.2367702,-4.952194,0.087582044,-0.23248795,0.0072335396,0.48819342,0.18056205,0.043771714,0.014980454,0.0009913598,0.15310107,0.111166425,1,1.876657,0.8468989,False,2.0674348,Test
3345,1,-4.9423375,89.30015,-64.02013,-19.147673,-32.412952,8.731426,-14.827842,-70.113045,1.1777e-41,1.0,0.0,0.0,0.0,1.02199096e-35,0.0,0.0,1,-0.0,0.0,True,1.187924e-33,Test
3346,6,-3.4779675,2.097104,0.9064304,-2.2892873,-1.9969995,-4.9546475,-1.2477996,0.93509084,0.00224876,0.5931518,0.18032788,0.007382104,0.009888244,0.0005136048,0.020916674,0.1855709,1,3.8672085,0.9790833,False,1.6037571,Test
3347,5,-5.4858108,75.933266,-53.57875,-16.78085,-27.648308,6.2663484,-12.860744,-58.08011,4.366616e-36,1.0,0.0,5.4296e-41,1e-45,5.5468043e-31,2.736862e-39,0.0,1,69.666916,1.0,False,5.57504e-29,Test
3348,1,-5.591351,79.39053,-56.548656,-17.531057,-28.894403,6.815849,-13.385033,-60.952457,1.2383262e-37,1.0,0.0,8.09e-43,0.0,3.0284135e-32,5.106e-41,0.0,1,-0.0,0.0,True,3.170859e-30,Test
3349,4,-3.8093913,44.1971,-29.627611,-10.306031,-16.331188,2.1059196,-7.920417,-34.281193,1.415941e-21,1.0,8.676285e-33,2.1359476e-24,5.162948e-27,5.248457e-19,2.3208599e-23,8.2662743e-35,1,60.52829,1.0,False,3.1971096e-17,Test
3350,6,-2.7507272,-1.3603938,2.7161474,-1.404254,-1.082127,-6.2076645,-0.20070814,1.1060311,0.0032150766,0.012912358,0.7610704,0.012358257,0.017055135,0.00010135905,0.041176606,0.15211084,2,3.1898851,0.9588234,False,1.1900381,Test
3351,6,-3.1274264,19.738907,-13.5052595,-5.1460223,-8.1017475,-1.1066736,-3.6023545,-12.254257,1.1729454e-10,1.0,3.649569e-15,1.558161e-11,8.108816e-13,8.848694e-10,7.294897e-11,1.2751033e-14,1,23.34126,1.0,False,3.3530085e-08,Test
3352,6,-5.712256,-2.9721282,4.375954,-1.8398218,-0.49180645,-6.862256,-0.1548997,3.212529,3.1169464e-05,0.0004827826,0.7498654,0.0014979804,0.005766891,9.869393e-06,0.008077157,0.23426865,2,4.818715,0.99192286,False,0.92097,Test
3353,6,-2.5228665,4.7966313,-2.2593653,-2.4464948,-2.8588676,-3.6693225,-1.745142,-0.89826113,0.00065741374,0.99233055,0.00085560995,0.00070958876,0.0004698026,0.00020890043,0.0014308705,0.0033373057,1,6.5494723,0.99856913,False,0.08283814,Test
3354,6,-1.5828383,5.8772264,-2.0731814,-3.0879345,-3.0074978,-4.322172,-2.4535308,-2.558062,0.00057464786,0.9983132,0.0003519237,0.00012756958,0.00013825485,3.7129965e-05,0.000240583,0.00021670433,1,8.332445,0.99975944,False,0.022154063,Test
3355,6,-1.7236778,4.270052,-1.9109188,-2.2714412,-2.8248277,-4.050719,-1.3923941,-1.702353,0.0024620907,0.9870695,0.0020416733,0.0014236828,0.0008186168,0.00024026091,0.0034290883,0.0025151577,1,5.675461,0.9965709,False,0.13265608,Test
3356,4,-4.484555,31.748768,-21.345776,-8.11355,-11.838924,0.37439767,-6.3708816,-20.904984,1.8368264e-16,1.0,8.736405e-24,4.8754468e-18,1.1751838e-19,2.3674673e-14,2.7851413e-17,1.3575828e-23,1,43.587692,1.0,False,1.0830233e-12,Test
3357,6,-2.533147,3.8391762,-2.7592428,-1.4983922,-3.1486914,-4.349675,1.8953737,-3.615533,0.0014817507,0.8674409,0.0011819057,0.004170263,0.0008006591,0.0002409167,0.12418158,0.0005019967,1,2.0860105,0.87581843,False,0.62671,Test
3358,4,-4.769787,5.030073,-2.9388828,-2.6835065,-3.3188639,-3.3941157,-1.9355928,1.2577269,5.4093707e-05,0.97537553,0.000337519,0.0004357193,0.0002308206,0.00021408845,0.0009204954,0.022431726,1,8.37387,0.99976915,False,0.18217804,Test
3359,6,-5.1100154,46.55387,-32.26762,-11.394496,-17.316435,1.8474448,-8.543883,-32.897987,3.653078e-23,1.0,5.8649316e-35,6.8130804e-26,1.825903e-28,3.8392502e-20,1.1785523e-24,3.1224557e-35,1,55.097755,1.0,False,2.4790516e-18,Test
3360,4,-4.6623707,33.54392,-21.845713,-8.7062025,-12.410857,0.116354555,-6.863042,-22.975054,2.5539863e-17,1.0,8.802134e-25,4.477186e-19,1.1017778e-20,3.0380433e-15,2.8280069e-18,2.8452559e-25,1,45.954777,1.0,False,1.4811264e-13,Test
3361,6,-3.6312037,47.106613,-33.940796,-10.467947,-17.915886,3.2026608,-7.294831,-34.96218,9.2224555e-23,1.0,6.332242e-36,9.901144e-26,5.768826e-29,8.5655496e-20,2.364576e-24,2.2802135e-36,1,54.401443,1.0,False,5.432365e-18,Test
3362,6,-3.0000112,13.495336,-8.35071,-3.9342313,-5.701437,-2.2149847,-2.8460789,-7.8472605,6.857442e-08,0.99999976,3.253737e-10,2.6942319e-08,4.602005e-09,1.5034686e-07,7.998588e-08,5.3830473e-10,1,16.341415,0.99999994,False,8.101008e-06,Test
3363,1,-4.546278,63.675564,-44.652557,-14.47291,-23.227385,4.6031756,-11.031368,-48.640736,2.3530512e-30,1.0,0.0,1.149604e-34,1.8135515e-38,2.2140529e-26,3.5908035e-33,0.0,1,-0.0,0.0,True,1.8871241e-24,Test
3364,4,-5.916037,63.184345,-43.909855,-14.922009,-23.002525,3.751268,-11.492746,-45.928955,9.7743145e-31,1.0,0.0,1.1990617e-34,3.7112143e-38,1.5436251e-26,3.6995625e-33,0.0,1,86.186874,1.0,False,1.3236609e-24,Test
3365,1,-5.1035395,77.95911,-55.82509,-16.84812,-28.450272,6.8380337,-12.82202,-59.52151,8.440179e-37,1.0,0.0,6.695e-42,0.0,1.2957206e-31,3.75195e-40,0.0,1,-0.0,0.0,True,1.3294974e-29,Test
3366,6,-3.609824,13.745638,-7.363775,-4.957985,-5.5866623,-2.9010303,-4.0845203,-7.5771227,2.9014762e-08,1.0,6.7967043e-10,7.535634e-09,4.018729e-09,5.894462e-08,1.8049313e-08,5.4908844e-10,1,17.830158,1.0,False,3.1313953e-06,Test
3367,6,-2.6363466,2.7934997,-1.6227657,-1.161495,-2.7021995,-3.754284,0.14874443,-1.541956,0.0038957212,0.8886692,0.010734465,0.01702581,0.0036474422,0.0012737192,0.06311571,0.011637925,1,2.7627857,0.9368843,False,0.7209049,Test
3368,4,-3.2565088,21.055124,-14.08034,-5.435849,-8.359223,-0.52506536,-4.012793,-12.95551,2.7643401e-11,1.0,5.5063267e-16,3.1269143e-12,1.6807794e-13,4.2446618e-10,1.2976036e-11,1.695777e-15,1,29.414349,1.0,False,1.47807775e-08,Test
3369,6,-3.9519706,-1.5380993,2.349359,-1.3876321,-1.209635,-4.8378267,-0.8185747,2.7996247,0.0006826984,0.007630625,0.37227312,0.008869661,0.010597665,0.00028151833,0.015669154,0.5839956,7,4.156061,0.98433083,False,1.2719738,Test
3370,4,-5.4835954,30.072483,-15.69868,-8.6142,-10.701302,-1.3231157,-7.4491158,-23.9258,3.615686e-16,1.0,1.32384174e-20,1.5797442e-17,1.959613e-18,2.3177385e-14,5.064968e-17,3.538698e-24,1,40.773785,1.0,False,1.0720897e-12,Test
3371,4,-6.0224586,55.77553,-36.44654,-13.519643,-19.885706,2.5195992,-10.839007,-42.133068,1.4503553e-27,1.0,8.881e-41,8.044304e-31,1.3827419e-33,7.434344e-24,1.17401274e-29,3.01e-43,1,75.66124,1.0,False,5.713266e-22,Test
3372,6,-3.0321772,57.176098,-41.05538,-12.168881,-21.216476,4.833293,-8.957922,-45.16905,7.110145e-27,1.0,2.19e-43,7.653473e-31,9.006082e-35,1.852717e-23,1.8982829e-29,4e-45,1,66.13402,1.0,False,1.3996932e-21,Test
3373,6,-4.1906686,5.0205617,-2.0713828,-2.8689604,-3.1617644,-4.2314715,-1.9609822,0.43315887,9.864932e-05,0.98737144,0.00082127406,0.0003699173,0.00027602052,9.4705145e-05,0.00091713766,0.010050712,1,6.994253,0.99908286,False,0.11253721,Test
3374,6,-1.4651577,2.704624,0.37635008,-2.1380978,-2.166396,-4.0859456,-1.4559594,-2.0008302,0.01339032,0.86637145,0.084439896,0.0068318243,0.006641208,0.0009740861,0.013514055,0.007837029,1,4.304025,0.98648596,False,0.80939114,Test
3375,6,-4.7356377,41.930912,-28.981028,-10.137102,-15.872509,1.2915967,-7.394944,-29.241266,5.4072316e-21,1.0,1.597111e-31,2.4386414e-23,7.8757734e-26,2.2416566e-18,3.78489e-22,1.2311611e-31,1,49.325855,1.0,False,1.3182146e-16,Test
3376,1,-4.6083283,70.935524,-50.647385,-15.682573,-25.950346,5.938767,-11.80626,-54.022926,1.554967e-33,1.0,0.0,2.4112328e-38,8.38e-43,5.9192524e-29,1.1633226e-36,0.0,1,-0.0,0.0,True,5.550682e-27,Test
3377,6,-4.1343083,21.266668,-14.544425,-5.8458347,-8.678425,-1.1685961,-4.1623726,-12.216905,9.300284e-12,1.0,2.8018198e-16,1.6795368e-12,9.885788e-14,1.8050465e-10,9.042903e-12,2.8725568e-15,1,25.42904,1.0,False,6.585125e-09,Test
3378,6,-2.9336712,12.728144,-8.178538,-3.7324915,-5.8361588,-2.484495,-2.2546349,-7.99554,1.5781924e-07,0.99999917,8.3242174e-10,7.099638e-08,8.6621466e-09,2.4730593e-07,3.1121576e-07,9.995808e-10,1,14.9827795,0.9999997,False,1.889761e-05,Test
3379,1,-4.831127,82.15785,-59.003613,-17.710377,-30.011738,7.8803616,-13.456183,-64.24898,1.6640433e-38,1.0,0.0,4.2e-44,0.0,5.516918e-33,2.988e-42,0.0,1,-0.0,0.0,True,5.911937e-31,Test
3380,6,0.20505057,13.865767,-9.299031,-3.6986358,-6.124369,-2.0835528,-1.8123432,-11.6417885,1.1674164e-06,0.99999857,8.702722e-11,2.3543807e-08,2.0815842e-09,1.183853e-07,1.5526825e-07,8.360052e-12,1,15.678111,0.9999998,False,3.196739e-05,Test
3381,6,-4.9472218,63.344086,-45.026787,-14.3248,-23.30591,4.9702487,-10.696958,-47.305725,2.1951432e-30,1.0,0.0,1.8570865e-34,2.3355318e-38,4.4520998e-26,6.988472e-33,0.0,1,74.041046,1.0,False,3.7495817e-24,Test
3382,4,-2.8451183,26.762028,-17.733418,-6.421585,-10.286385,0.30650288,-4.470358,-20.005283,1.3860541e-13,1.0,4.7410406e-20,3.877395e-15,8.129783e-17,3.2397516e-12,2.7286463e-14,4.888942e-21,1,37.048412,1.0,False,1.309923e-10,Test
3383,4,-7.426849,57.32335,-37.40042,-14.477551,-20.69786,1.7636986,-11.547226,-42.424973,7.5743635e-29,1.0,7.277e-42,6.565441e-32,1.3056271e-34,7.4259224e-25,1.2299553e-30,4.8e-44,1,78.02121,1.0,False,5.953016e-23,Test
3384,6,-4.523549,26.635508,-17.781157,-7.341039,-10.477656,-0.6917641,-5.331866,-15.998619,2.9362512e-14,1.0,5.1296517e-20,1.7545794e-15,7.620055e-17,1.3549285e-12,1.30841755e-14,3.0495438e-19,1,31.967373,1.0,False,5.543142e-11,Test
3385,6,-3.1106954,-1.487729,2.1986415,-1.2005801,-1.0594767,-5.766064,-0.02891886,2.2313013,0.002204526,0.011172762,0.44579065,0.014889076,0.01714542,0.00015491848,0.048052263,0.46059042,7,3.0354662,0.95194775,False,1.5299793,Test
3386,6,-5.5801673,70.50058,-50.15058,-15.621009,-26.0273,5.3393874,-11.573955,-53.3587,9.089716e-34,1.0,0.0,3.9615837e-38,1.198e-42,5.0217266e-29,2.2671687e-36,0.0,1,82.07453,1.0,False,4.720911e-27,Test
3387,1,-5.899619,88.58584,-62.605824,-19.487724,-31.99435,8.09333,-14.838473,-68.70263,9.236e-42,1.0,0.0,0.0,0.0,1.10293e-35,1e-45,0.0,1,-0.0,0.0,True,1.2807914e-33,Test
3388,6,-3.0314863,12.966426,-9.015907,-3.2677345,-6.0023227,-1.5773326,-1.5597808,-8.239568,1.12770216e-07,0.9999988,2.839181e-10,8.904156e-08,5.7806524e-09,4.8275353e-07,4.9130136e-07,6.1709704e-10,1,14.526208,0.9999995,False,2.6933483e-05,Test
3389,5,-3.66917,19.99268,-13.296705,-5.394167,-8.048567,-1.1981747,-4.0406976,-12.611076,5.294063e-11,1.0,3.4882265e-15,9.4326266e-12,6.635007e-13,6.2651084e-10,3.6512127e-11,6.9241856e-15,1,21.190855,1.0,False,2.2599666e-08,Test
3390,0,-3.1023586,22.295284,-13.552457,-6.248074,-8.358919,-0.8429576,-4.9632707,-15.871561,9.331343e-12,1.0,2.700998e-16,4.0158474e-13,4.8646166e-14,8.93694e-11,1.4513101e-12,2.6567389e-17,1,25.397642,1.0,False,3.4009664e-09,Test
3391,4,-4.4298487,32.217617,-20.688679,-8.567827,-11.868484,-0.2930858,-6.8135858,-22.343111,1.2139709e-16,1.0,1.0545998e-23,1.9368937e-18,7.139197e-20,7.599423e-15,1.1193435e-17,2.0163971e-24,1,44.0861,1.0,False,3.6360322e-13,Test
3392,6,-3.836443,34.880703,-23.48474,-8.441303,-13.046031,0.988012,-6.848951,-26.300066,1.5323443e-17,1.0,4.489638e-26,1.532822e-19,1.533499e-21,1.908054e-15,7.5342883e-19,2.6886163e-27,1,41.729652,1.0,False,9.4208746e-14,Test
3393,6,-2.098972,3.5359967,-1.0188687,-2.2372487,-2.4564724,-3.829595,-1.3576533,-1.3628905,0.0034491196,0.9659265,0.010157603,0.0030036927,0.0024123923,0.0006110941,0.0072386716,0.007200861,1,4.9283175,0.9927613,False,0.2991684,Test
3394,6,-3.550606,31.10458,-21.215336,-7.698866,-12.058891,0.22123411,-5.54468,-21.72001,8.901108e-16,1.0,1.8956113e-23,1.405654e-17,1.79615e-19,3.8684144e-14,1.2117917e-16,1.14438174e-23,1,36.64926,1.0,False,1.7752899e-12,Test
3395,6,-4.371748,30.61075,-21.122503,-7.81379,-11.841484,0.36631545,-5.6478148,-19.70798,6.416439e-16,1.0,3.408266e-23,2.0532113e-17,3.6578824e-19,7.3283976e-14,1.7910419e-16,1.4023405e-22,1,36.258564,1.0,False,3.240549e-12,Test
3396,6,-2.4950857,1.335429,-1.636325,-0.7097326,-2.4562802,-4.133346,2.4932284,-2.6696138,0.0048978594,0.22572397,0.0115600955,0.029199496,0.0050916593,0.0009517412,0.7184617,0.004113483,6,0.33064288,0.2815383,True,1.1691978,Test
3397,6,-3.0976348,32.1731,-21.025627,-8.091054,-11.904138,0.24559627,-6.319464,-23.614601,4.8096707e-16,1.0,7.872027e-24,3.2621261e-18,7.20277e-20,1.36163706e-14,1.9181888e-17,5.91166e-25,1,38.492565,1.0,False,6.529258e-13,Test
3398,4,-4.155268,14.5670395,-8.885108,-4.71329,-6.0384693,-2.0748525,-3.6461325,-7.314866,7.396143e-09,1.0,6.529221e-11,4.2331023e-09,1.1249708e-09,5.9226814e-08,1.23060735e-08,3.139132e-10,1,20.605509,1.0,False,2.2804068e-06,Test
3399,6,-0.005952308,0.70960486,-0.4422376,-1.3547416,-1.936051,-4.312808,-0.22896773,-1.322627,0.19312285,0.39499918,0.12484104,0.05012588,0.028028667,0.002602496,0.15451808,0.051761772,1,1.8674442,0.84548193,False,2.3830142,Test
3400,6,-4.0617194,68.56357,-49.5299,-14.599844,-25.385921,6.576158,-10.867521,-53.86771,2.8789714e-32,1.0,0.0,7.631119e-37,1.5786e-41,1.2000774e-27,3.1879783e-35,0.0,1,79.43109,1.0,False,1.0732465e-25,Test
3401,6,-4.0631943,38.700474,-27.89653,-8.872011,-15.066159,1.7881572,-6.0631785,-27.49066,2.6790136e-19,1.0,1.1947866e-29,2.1854027e-21,4.4611658e-24,9.315048e-17,3.625706e-20,1.792903e-29,1,44.763653,1.0,False,4.979582e-15,Test
3402,1,-5.05652,104.820076,-74.89183,-21.936176,-37.876835,10.527899,-17.255043,-85.25041,0.0,1.0,0.0,0.0,0.0,1.1205e-41,0.0,0.0,1,-0.0,0.0,True,1.524243e-39,Test
3403,6,-0.5042187,8.237874,-4.153914,-3.1645296,-3.936514,-3.9554796,-2.1195893,-6.06077,0.0001596845,0.9997825,4.1516446e-06,1.1166176e-05,5.1598377e-06,5.0628996e-06,3.1747986e-05,6.1671335e-07,1,10.357681,0.99996823,False,0.0032526753,Test
3404,4,-3.8167584,42.386486,-28.721272,-10.035183,-15.442379,2.3184218,-7.8869767,-31.132248,8.593823e-21,1.0,1.3130863e-31,1.7122155e-23,7.67791e-26,3.968809e-18,1.4672762e-22,1.1781969e-32,1,57.828865,1.0,False,2.3000574e-16,Test
3405,4,-5.3806677,59.599808,-40.442158,-13.703807,-21.610836,3.9089656,-10.560445,-45.346672,6.016414e-29,1.0,3.5e-44,1.4609855e-32,5.3785334e-36,6.5129056e-25,3.3867897e-31,0.0,1,81.21065,1.0,False,5.233355e-23,Test
3406,0,-1.9263767,21.277807,-15.473571,-4.6301064,-8.673815,1.0726851,-3.3828576,-17.83352,8.366641e-11,1.0,1.0941572e-16,5.6019117e-12,9.8214554e-14,1.6789085e-09,1.9498852e-11,1.0331562e-17,1,23.204184,1.0,False,5.264812e-08,Test
3407,6,-4.001442,60.919704,-43.41368,-13.490462,-22.56508,4.7590046,-10.124129,-47.153206,6.384193e-29,1.0,0.0,4.8314383e-33,5.5337263e-37,4.0711657e-25,1.3997687e-31,0.0,1,71.04383,1.0,False,3.29917e-23,Test
3408,6,-0.80874604,0.30222794,-0.07764356,-1.568874,-1.6952955,-4.655739,0.1421313,-0.89962727,0.09508582,0.2888056,0.19752839,0.04446275,0.039182507,0.002029495,0.24608012,0.08682535,1,1.4020982,0.7539199,False,2.5073283,Test
3409,4,-4.521801,1.5304615,-0.79792356,-1.5511541,-2.3523765,-3.9914396,-0.40760875,2.5510411,0.000575323,0.24455468,0.023832586,0.011221407,0.005035944,0.0009777885,0.03521136,0.67859095,7,5.2911544,0.99496406,False,1.3020451,Test
3410,4,-3.7105012,14.318608,-7.652564,-4.914667,-5.5048656,-2.3358157,-4.204146,-7.994554,1.4793026e-08,1.0,2.8710523e-10,4.437049e-09,2.459089e-09,5.8489146e-08,9.029628e-09,2.0394682e-10,1,19.823475,1.0,False,2.412498e-06,Test
3411,5,-4.8457503,53.36698,-37.113678,-12.781394,-19.63007,2.853513,-9.640744,-38.284275,5.2303697e-26,1.0,5.06698e-40,1.8712212e-29,1.9850973e-32,1.1541941e-22,4.326063e-28,1.57168e-40,1,50.51347,1.0,False,8.415685e-21,Test
3412,5,-4.237903,47.482056,-33.590885,-10.875722,-17.822182,2.5785174,-7.9522586,-34.33189,3.453879e-23,1.0,6.172638e-36,4.5241774e-26,4.3524127e-29,3.1524002e-20,8.417498e-25,2.942071e-36,1,44.903538,1.0,False,2.0448397e-18,Test
3413,4,-3.4456313,17.236105,-10.89094,-5.055613,-6.972536,-1.9422474,-3.9012454,-10.25448,1.0424043e-09,1.0,6.089473e-13,2.0836755e-10,3.064226e-11,4.687566e-09,6.609453e-10,1.1507752e-12,1,24.208641,1.0,False,1.887977e-07,Test
3414,6,-3.6123626,1.3862342,0.09664894,-1.8422897,-1.9270622,-4.8714056,-0.17952465,0.12303459,0.0036438259,0.54003334,0.14871708,0.021393929,0.019655056,0.0010345753,0.11282885,0.15269329,1,2.1818833,0.88717115,False,1.9279231,Test
3415,4,-2.7571013,31.47133,-22.084648,-7.33363,-12.002818,1.3798028,-5.275479,-23.055641,1.3638952e-15,1.0,5.5072498e-24,1.4035215e-17,1.3164899e-19,8.539166e-14,1.09916474e-16,2.0856329e-24,1,43.474148,1.0,False,3.7810714e-12,Test
3416,6,-5.082006,49.59516,-34.989353,-11.770569,-18.700596,2.7737236,-8.541101,-35.646557,1.7947688e-24,1.0,1.8425123e-37,2.234611e-27,2.1853843e-30,4.6313536e-21,5.646023e-26,9.549788e-38,1,58.13626,1.0,False,3.129901e-19,Test
3417,4,-7.9282837,64.11506,-42.252876,-15.645444,-23.235647,3.06401,-12.294221,-48.742306,5.151976e-32,1.0,0.0,2.2932559e-35,1.158963e-38,3.0610232e-27,6.54443e-34,0.0,1,87.35071,1.0,False,2.6961437e-25,Test
3418,6,-2.4925294,32.30676,-23.284258,-6.9586673,-12.773167,1.2040642,-4.4477797,-24.274836,7.706559e-16,1.0,7.1965996e-25,8.856087e-18,2.6426345e-20,3.1064974e-14,1.0907025e-16,2.6725444e-25,1,36.75454,1.0,False,1.4389158e-12,Test
3419,5,-5.3171086,32.051067,-20.161522,-8.68953,-11.710216,-0.2390876,-7.061132,-22.115997,5.904832e-17,1.0,2.1103796e-23,2.0257397e-18,9.879066e-20,9.474679e-15,1.03225804e-17,2.9891157e-24,1,32.290154,1.0,False,4.4526752e-13,Test
3420,6,-5.28054,0.39781895,1.9411353,-2.6289475,-1.6024295,-5.77103,-1.9121163,4.267393,6.344636e-05,0.018556109,0.086844176,0.0008994541,0.0025106722,3.884987e-05,0.0018420222,0.8892453,7,6.296891,0.998158,False,0.61246306,Test
