,class,class_class_logit_0_resnet,class_class_logit_1_resnet,class_class_logit_2_resnet,class_class_logit_3_resnet,class_class_prob_0_resnet,class_class_prob_1_resnet,class_class_prob_2_resnet,class_class_prob_3_resnet,class_pred_label_resnet,crossentropy_loss_resnet,incorrect_class_prob_resnet,correct_resnet,entropy_resnet,split
0,0,-4.99889,6.400842,-8.84862,-2.6366966,1.119702e-05,0.9998697,2.3833408e-07,0.000118847565,1,11.399863,0.9999888,False,0.0019269661,Test
1,1,-1.0049645,3.7339532,-7.596625,-4.1962447,0.008669047,0.99096256,1.1891861e-05,0.00035646438,1,0.009078533,0.009037435,True,0.07663876,Test
2,0,0.7017445,1.0673606,-5.8629985,-2.4287946,0.40217087,0.5796898,0.0005667337,0.017572546,1,0.91087824,0.5978291,False,1.0930814,Test
3,0,0.107383,0.80222243,-5.23122,-1.8586622,0.3176419,0.6363598,0.0015254999,0.044472877,1,1.1468306,0.6823581,False,1.154506,Test
4,0,-0.22527291,2.5688336,-6.615506,-3.5996292,0.05752438,0.9404094,9.6518146e-05,0.0019696436,1,2.8555465,0.9424756,False,0.33932945,Test
5,0,-0.5098386,1.8251327,-5.326213,-1.9450823,0.08639072,0.892344,0.00069942686,0.02056595,1,2.448875,0.91360927,False,0.57442844,Test
6,1,-1.1923518,1.9632728,-5.438182,-2.0184991,0.04012882,0.9417307,0.00057479856,0.017565686,1,0.060035974,0.058269322,True,0.37634766,Test
7,0,-1.8260291,4.6628327,-7.7086625,-4.5358934,0.0015178104,0.99837685,4.230799e-06,0.000101003934,1,6.4904866,0.99848217,False,0.017968368,Test
8,0,-0.24775268,2.4382272,-6.0097027,-4.99831,0.06375777,0.9354904,0.00020051654,0.0005513054,1,2.7526643,0.9362422,False,0.35162833,Test
9,0,0.67271614,1.5273916,-5.49313,-3.9160657,0.29736444,0.69898826,0.0006244477,0.0030227797,1,1.2127967,0.7026355,False,0.9133842,Test
10,0,-0.58197564,2.1455355,-6.1219964,-2.6291466,0.060872424,0.93103,0.00023901215,0.007858608,1,2.798975,0.93912756,False,0.39961562,Test
11,0,-0.4736192,2.436943,-6.4615827,-2.6431024,0.051324505,0.9426835,0.00012876134,0.0058631375,1,2.9695868,0.9486755,False,0.3452925,Test
12,0,0.31388932,1.3131777,-6.041175,-3.7653735,0.2677372,0.72726744,0.00046530683,0.0045300955,1,1.3177494,0.7322628,False,0.88355845,Test
13,0,-0.56881154,0.44849747,-3.7823682,-0.04078676,0.18176745,0.50272185,0.007309476,0.3082012,1,1.7050271,0.81823254,False,1.5211132,Test
14,0,-0.9798678,1.8275139,-3.519708,-1.9678199,0.055500977,0.91945606,0.004377862,0.020665145,1,2.8913546,0.944499,False,0.49286208,Test
15,0,0.97892433,0.62933046,-5.904366,-3.4715714,0.58218336,0.41042435,0.0005966021,0.0067956983,0,0.5409698,0.41781664,True,1.0370127,Test
16,0,-0.14722912,0.27761212,-5.1496696,-1.4530575,0.35625008,0.5448302,0.0023945428,0.09652525,1,1.0321224,0.64374995,False,1.3542291,Test
17,0,-0.6482434,0.24464782,-3.5227509,0.06828376,0.18031223,0.440355,0.010177533,0.3691552,1,1.7130653,0.8196878,False,1.5647784,Test
18,0,-0.089022025,2.358511,-6.063428,-2.8475933,0.07920342,0.9155751,0.00020141526,0.005020091,1,2.5357358,0.9207966,False,0.4470729,Test
19,0,-1.6004174,4.351342,-7.3426657,-5.0606084,0.0025942777,0.9973158,8.32127e-06,8.15219e-05,1,5.9544473,0.9974057,False,0.027400948,Test
20,0,0.2817702,0.8754897,-4.706161,-2.393727,0.34645197,0.62732434,0.0023627188,0.023861038,1,1.060011,0.653548,False,1.1010385,Test
21,0,-0.13422225,1.8718705,-6.095146,-3.1757977,0.11786128,0.8762059,0.0003037909,0.005629005,1,2.138247,0.8821387,False,0.5762535,Test
22,0,0.13911277,3.9471629,-7.590958,-8.536155,0.02170935,0.9782774,9.539369e-06,3.7070306e-06,1,3.8300123,0.9782907,False,0.151178,Test
23,0,0.5154417,0.9716726,-5.58817,-2.901044,0.38267598,0.6039066,0.00085519726,0.0125623355,1,0.9605667,0.617324,False,1.0577621,Test
24,0,0.13000113,0.79939705,-5.025587,-1.2737707,0.3120619,0.6094747,0.0017996881,0.0766638,1,1.1645538,0.6879381,False,1.2601521,Test
25,0,-0.4809069,1.7042886,-5.5310597,-2.467573,0.09964183,0.8860536,0.00063854014,0.013666066,1,2.3061733,0.9003582,False,0.57757974,Test
26,0,-2.6409483,4.2685227,-7.3651223,-3.093417,0.0009966493,0.9983607,8.848296e-06,0.00063392485,1,6.911112,0.99900335,False,0.019183435,Test
27,0,-2.631488,3.0366502,-6.6887074,-1.4856379,0.003405327,0.9858256,5.8902155e-05,0.010710143,1,5.6824145,0.99659467,False,0.11914472,Test
28,0,1.1192389,0.3806117,-4.8043375,-2.6993244,0.66559976,0.31800318,0.0017808881,0.014616124,0,0.4070667,0.33440024,True,1.0218816,Test
29,1,0.5126171,-0.05162429,-3.2339613,-1.776613,0.5904114,0.33582097,0.013932736,0.059834927,0,1.091177,0.664179,False,1.3064986,Test
30,0,1.8652487,0.9373927,-6.6280766,-7.609763,0.7164955,0.28330272,0.0001467605,5.4988024e-05,0,0.33338326,0.2835045,True,0.8627532,Test
31,0,0.13448182,-0.63852817,-3.50084,-0.40743253,0.48317802,0.22304536,0.012744035,0.28103265,0,0.72737014,0.516822,True,1.5846717,Test
32,0,-2.0642018,3.30773,-6.918965,-1.9207237,0.0045989603,0.9900567,3.583132e-05,0.0053084963,1,5.381925,0.995401,False,0.09063015,Test
33,0,-0.99271524,1.4764683,-4.2942247,-1.0017611,0.072251104,0.8534876,0.0026608303,0.07160046,1,2.6276076,0.9277489,False,0.764084,Test
34,0,0.527658,1.0330989,-5.468155,-2.7273214,0.37053683,0.61424494,0.00092232245,0.01429591,1,0.9928025,0.6294632,False,1.0595164,Test
35,1,-0.8096586,2.703111,-6.2193966,-2.6032636,0.028808596,0.96626997,0.00012885546,0.004792579,1,0.034312014,0.03373003,True,0.23384775,Test
36,0,0.40410805,-0.86258733,-3.524287,0.017203046,0.50489956,0.1422611,0.009934013,0.34290537,0,0.6833958,0.49510044,True,1.4936132,Test
37,0,1.1140769,1.5726357,-6.638518,-6.5338345,0.3871918,0.61245716,0.00016634788,0.00018470577,1,0.948835,0.6128082,False,0.9676007,Test
38,0,-1.4607363,3.567747,-6.726533,-3.352043,0.0064995294,0.99248624,3.3571865e-05,0.0009806132,1,5.0360255,0.9935005,False,0.06832039,Test
39,0,1.3020232,-0.12105554,-5.1223,-3.6338363,0.8001428,0.1928112,0.0012975361,0.0057484517,0,0.222965,0.19985718,True,0.77048564,Test
40,0,-0.5333687,1.9121672,-5.081244,-1.8942796,0.07810213,0.90104324,0.0008270767,0.020027502,1,2.549738,0.9218979,False,0.54421526,Test
41,0,-0.331589,1.3557551,-4.789357,-1.4190226,0.14806534,0.8003089,0.0017158109,0.049909934,1,1.9101017,0.8519347,False,0.89681894,Test
42,0,0.74323046,0.07973729,-4.769067,-2.0244062,0.6321528,0.3255897,0.002551889,0.039705683,0,0.45862418,0.3678472,True,1.1521484,Test
43,0,-1.8731918,2.677051,-6.1368537,-1.8396477,0.010340879,0.9788199,0.00014550322,0.010693637,1,4.5716505,0.98965913,False,0.17030063,Test
44,0,-0.091326356,2.4043741,-6.3028316,-3.95551,0.07602705,0.92222536,0.00015252663,0.0015950504,1,2.576666,0.92397296,False,0.407098,Test
45,0,-0.08484815,0.64346164,-3.844405,-1.173625,0.29141787,0.6036944,0.006788308,0.09809942,1,1.232997,0.70858216,False,1.3354304,Test
46,0,-1.8302574,3.5106647,-6.8434916,-2.6423717,0.0047583766,0.9930976,3.1640175e-05,0.0021123325,1,5.347849,0.99524164,False,0.065881036,Test
47,0,-0.056600124,3.076396,-7.6889834,-5.877595,0.04176052,0.9580955,2.023318e-05,0.00012380551,1,3.175804,0.9582395,False,0.252428,Test
48,0,0.38761938,-0.11876498,-3.4869576,-0.74215806,0.5137323,0.3096114,0.010666684,0.16598956,0,0.6660529,0.4862677,True,1.5172758,Test
49,0,2.8214405,0.3459128,-6.3093953,-8.857992,0.92230904,0.07758333,9.9863086e-05,7.80842e-06,0,0.08087496,0.07769096,True,0.39520848,Test
50,0,1.3054943,0.6882732,-5.485156,-4.4678373,0.6478048,0.34945273,0.0007282864,0.002014272,0,0.4341659,0.3521952,True,0.9614554,Test
51,0,0.7051099,0.15081286,-3.577958,-2.8793125,0.6188008,0.35548618,0.008539609,0.017173389,0,0.47997186,0.38119918,True,1.1183039,Test
52,0,-0.9723956,1.9983252,-4.8979173,-1.9030405,0.047801133,0.9324077,0.0009432042,0.018847955,1,3.040706,0.95219886,False,0.4213048,Test
53,0,-0.6172928,3.2399137,-6.7265058,-4.125006,0.020676048,0.9786583,4.594838e-05,0.0006195653,1,3.8787792,0.9793239,False,0.15342404,Test
54,0,-2.2990897,4.025156,-7.800154,-2.298108,0.0017859002,0.9964192,7.2908024e-06,0.0017876535,1,6.3278327,0.9982141,False,0.03790209,Test
55,0,-0.52925766,-0.07982881,-3.5086114,0.13862568,0.2188975,0.34310362,0.011125613,0.42687318,3,1.5191517,0.7811025,False,1.6057147,Test
56,0,1.077563,-0.14539984,-3.857174,-2.6936188,0.75495976,0.22222748,0.0054299356,0.017382825,0,0.2810908,0.24504024,True,0.93084973,Test
57,1,0.71775645,1.8443631,-5.9962897,-4.229089,0.24429035,0.75367725,0.00029650572,0.001735876,1,0.28279105,0.24632275,True,0.82360256,Test
58,0,0.8199586,1.8726068,-5.177117,-5.157765,0.25838128,0.7403214,0.00064233894,0.0006548905,1,1.3533189,0.74161875,False,0.8393424,Test
59,0,-0.24277899,0.6293332,-3.9077897,-0.9953119,0.25715318,0.6150995,0.006584124,0.12116326,1,1.3580835,0.74284685,False,1.3517445,Test
60,0,1.1188042,-0.3595994,-4.4847507,-1.38507,0.7613516,0.17358921,0.0028053843,0.062253885,0,0.27266005,0.23864841,True,1.0111719,Test
61,0,1.0826404,0.6148533,-6.360822,-4.7574377,0.61354184,0.38431457,0.00035907864,0.0017845568,0,0.4885068,0.38645816,True,0.98302203,Test
62,0,-0.17065832,2.343767,-6.366553,-3.9158356,0.074709535,0.92337275,0.0001522416,0.0017654939,1,2.5941474,0.92529047,False,0.40388423,Test
63,0,-2.8184357,5.1766615,-9.074795,-3.3696904,0.00033693213,0.99946827,6.46309e-07,0.00019414908,1,7.995629,0.99966305,False,0.007060776,Test
64,0,-1.0571926,2.8978517,-6.0873747,-2.6079671,0.018720763,0.97718656,0.00012238922,0.003970368,1,3.978122,0.98127925,False,0.17323732,Test
65,0,0.048107445,0.1985921,-3.837678,-0.97749966,0.39346722,0.45736527,0.008078548,0.14108895,1,0.9327575,0.6065328,False,1.5004382,Test
66,1,-2.5787585,4.7375054,-8.009369,-3.3552704,0.00066399435,0.9990277,2.908577e-06,0.00030544278,1,0.00097275135,0.00097227097,True,0.012031753,Test
67,0,-0.39185524,0.01921799,-4.668923,-0.2830614,0.27493283,0.41471857,0.003816979,0.30653158,1,1.2912284,0.72506714,False,1.5923392,Test
68,0,0.70509845,1.4196177,-4.63393,-3.7031298,0.32677802,0.6676742,0.0015687082,0.0039790887,1,1.1184741,0.67322195,False,0.9627455,Test
69,0,-0.78685135,2.246285,-5.892811,-2.3481069,0.045499664,0.9446754,0.00027575184,0.009549125,1,3.0900502,0.9545003,False,0.34774336,Test
70,0,0.2200774,-0.24550854,-4.1923594,-0.54689974,0.47521573,0.29832482,0.0057622725,0.22069722,0,0.74398637,0.52478427,True,1.554616,Test
71,0,-0.21103594,2.130921,-6.1335716,-4.7277627,0.08760269,0.9112056,0.00023463515,0.0009570353,1,2.4349437,0.9123973,False,0.44240466,Test
72,0,-0.07693513,1.0171351,-4.5469823,-1.3738111,0.23412424,0.69918984,0.002679968,0.06400594,1,1.4519032,0.76587576,False,1.1280833,Test
73,0,-1.6121666,3.5059276,-7.1586666,-2.3053193,0.0059339893,0.9910759,2.3149003e-05,0.0029669788,1,5.1270585,0.994066,False,0.08197916,Test
74,0,0.8970968,-0.9463053,-3.3536525,-0.3554261,0.6857232,0.10853491,0.009773991,0.19596794,0,0.37728125,0.3142768,True,1.247002,Test
75,0,-0.8627749,3.2066405,-7.3518987,-3.1843593,0.016772224,0.98155665,2.5491769e-05,0.0016456574,1,4.0880313,0.9832278,False,0.14088674,Test
76,0,0.26249433,-1.0178673,-3.7664175,-0.33137268,0.5411495,0.15040533,0.009629044,0.29881617,0,0.61405975,0.4588505,True,1.4757105,Test
77,0,0.54026115,1.8238028,-6.404778,-2.813488,0.21527058,0.77699775,0.00020739232,0.007524365,1,1.5358596,0.7847294,False,0.8154485,Test
78,0,0.51939577,0.831286,-4.966782,-2.7182994,0.4150406,0.56694746,0.0017197838,0.016292116,1,0.87937886,0.5849594,False,1.1032829,Test
79,0,0.45182204,1.3693756,-5.940391,-4.152742,0.28450802,0.7121688,0.00047642176,0.002846805,1,1.2569938,0.715492,False,0.89403033,Test
80,0,1.0625074,-0.5761326,-3.0432162,-2.0939972,0.79789585,0.15498653,0.013147804,0.033969853,0,0.22577718,0.20210415,True,0.92469776,Test
81,0,-0.04806845,0.8511023,-5.163806,-2.2022228,0.2793634,0.6865535,0.0016766131,0.032406498,1,1.275242,0.7206366,False,1.0622545,Test
82,0,0.4060453,-0.7047621,-3.3068557,-0.06957732,0.50627846,0.16671394,0.012356546,0.31465104,0,0.6806685,0.49372154,True,1.5312611,Test
83,0,0.44454873,-1.4155852,-2.0385103,0.69426847,0.3963842,0.0616979,0.033093102,0.50882477,3,0.92537135,0.60361576,False,1.4358368,Test
84,0,0.28808457,1.2456802,-5.5094647,-2.471451,0.27234742,0.70958066,0.0008265698,0.01724536,1,1.3006767,0.72765255,False,0.97175133,Test
85,0,-1.1335142,2.6374881,-6.642284,-2.8622487,0.022418948,0.9735107,9.082116e-05,0.003979563,1,3.7978487,0.977581,False,0.193491,Test
86,0,-3.1766896,4.437776,-7.8687744,-2.9372344,0.0004927101,0.99887675,4.516944e-06,0.0006260162,1,7.6155896,0.9995073,False,0.01377495,Test
87,0,-1.7542136,3.6496367,-6.5568137,-3.5819817,0.0044756834,0.994768,3.67381e-05,0.0007195647,1,5.4090962,0.9955243,False,0.05050907,Test
88,0,0.20332831,1.0769995,-4.306214,-2.537066,0.28808165,0.69015425,0.003169905,0.018594196,1,1.2445114,0.71191835,False,1.0196878,Test
89,0,0.00969471,-0.4162736,-3.787201,-0.2148959,0.40413502,0.26395556,0.009068921,0.3228405,0,0.9060062,0.595865,True,1.6235853,Test
90,1,2.1236353,0.8794798,-5.521257,-6.5088515,0.77589095,0.22359951,0.00037124974,0.00013828004,0,1.4978987,0.7764005,False,0.77323794,Test
91,0,1.3447099,2.1464303,-6.569801,-7.1566324,0.3096031,0.6902208,0.000113129754,6.290995e-05,1,1.1724641,0.6903969,False,0.8952357,Test
92,0,-1.2201021,3.2947934,-6.76548,-2.620341,0.010796985,0.98649895,4.2167274e-05,0.0026618673,1,4.5284886,0.98920304,False,0.113265604,Test
93,0,0.9901487,0.3604008,-5.0814295,-3.0265188,0.64389575,0.34302002,0.0014858082,0.011598427,0,0.44021845,0.35610425,True,1.026972,Test
94,1,0.47982395,-0.16713826,-3.1146529,-1.6107283,0.59711194,0.3126681,0.016405685,0.07381429,0,1.1626129,0.6873319,False,1.3434631,Test
95,0,2.731909,-1.8924251,-4.032833,-5.3824186,0.98886234,0.00970092,0.0011408952,0.00029588857,0,0.011200176,0.011137664,True,0.09547648,Test
96,0,-1.0086474,2.740328,-5.957322,-2.5160134,0.022880089,0.97188985,0.00016228399,0.0050677704,1,3.7774882,0.9771199,False,0.20535193,Test
97,0,0.5220704,-0.62842774,-2.7135117,-0.4152454,0.572248,0.18110453,0.02251069,0.22413681,0,0.55818284,0.42775202,True,1.5140586,Test
98,1,-0.1481171,-0.11700936,-2.8949645,0.0542157,0.30120647,0.31072357,0.019316286,0.3687536,3,1.1688516,0.68927646,False,1.6861373,Test
99,0,-0.8398029,2.814346,-6.6647058,-2.8592834,0.025144387,0.9714441,7.425368e-05,0.003337273,1,3.6831207,0.9748556,False,0.20268598,Test
100,0,-0.8363088,2.7237096,-7.005147,-3.2318075,0.027580835,0.9698481,5.7745052e-05,0.0025133654,1,3.590634,0.97241914,False,0.20823048,Test
101,0,-1.4356816,3.493557,-7.1599236,-3.6124773,0.0071740737,0.99198896,2.3429284e-05,0.0008135708,1,4.9372816,0.9928259,False,0.07132235,Test
102,0,1.2700362,0.78318226,-4.6897974,-4.8284535,0.617519,0.3795005,0.0015934098,0.0013871068,0,0.4820454,0.38248098,True,0.9879034,Test
103,0,-2.8421774,4.215455,-7.7108736,-2.0204756,0.00085838867,0.99718285,6.595323e-06,0.0019522913,1,7.0604534,0.99914163,False,0.03048768,Test
104,0,0.23445863,-1.2027193,-1.5145764,0.7821035,0.31839883,0.075650714,0.055382833,0.55056757,3,1.1444504,0.68160117,False,1.5127017,Test
105,0,0.31573313,1.8323652,-5.9159393,-4.380403,0.17959934,0.8184077,0.0003531213,0.0016398301,1,1.7170267,0.82040066,False,0.7007238,Test
106,0,0.87386996,1.1859684,-6.4768395,-3.2214131,0.4195366,0.5732083,0.00026939978,0.0069857165,1,0.8686046,0.5804634,False,1.0391673,Test
107,0,0.38639796,1.8530582,-6.2571607,-3.07855,0.18631303,0.8076175,0.00024265115,0.005826872,1,1.680327,0.81368697,False,0.74678004,Test
108,0,-2.1338973,4.24941,-7.6282983,-2.9960573,0.0016854639,0.99759597,6.9267808e-06,0.00071168575,1,6.3857145,0.99831456,False,0.02655213,Test
109,0,-1.8638852,3.4079664,-6.753574,-2.0378597,0.005085846,0.99060214,3.8264716e-05,0.0042737294,1,5.281294,0.9949142,False,0.0864418,Test
110,0,-0.16436212,1.8681899,-6.4078307,-3.753797,0.11543215,0.88115615,0.00022429657,0.0031875353,1,2.1590724,0.88456786,False,0.5495499,Test
111,0,1.7658775,-0.22598071,-5.865653,-4.786752,0.87846214,0.11985882,0.00042598209,0.0012530034,0,0.12958248,0.121537864,True,0.54791474,Test
112,0,-0.21491353,-0.0875624,-3.8113594,-0.50170934,0.34318247,0.38979205,0.009410408,0.25761506,1,1.069493,0.65681756,False,1.6267534,Test
113,0,0.18304113,2.197861,-5.5387344,-3.79146,0.11735108,0.88005984,0.00038419492,0.0022048713,1,2.1425853,0.88264894,False,0.54877913,Test
114,1,0.53464645,1.598235,-5.3404956,-5.265695,0.25624058,0.74226433,0.0007196248,0.00077551743,1,0.2980499,0.25773567,True,0.83806276,Test
115,0,-1.2729633,4.314201,-9.046426,-5.2230544,0.0037313844,0.9961952,1.5699948e-06,7.184013e-05,1,5.5909758,0.99626863,False,0.03659539,Test
116,0,1.0697958,0.13034116,-4.80178,-2.815725,0.7071153,0.2763696,0.0019929528,0.014522117,0,0.34656152,0.2928847,True,0.9728468,Test
117,0,0.03204158,1.8850255,-6.1212616,-2.58225,0.13415308,0.85573906,0.00028526943,0.00982264,1,2.0087738,0.86584693,False,0.6499885,Test
118,0,0.09202619,2.3672605,-7.0493035,-5.873154,0.093165755,0.90652126,7.3759205e-05,0.00023911751,1,2.373375,0.90683424,False,0.45124555,Test
119,0,-2.3507853,5.5468583,-9.084642,-5.525522,0.00037147425,0.9996126,4.4203017e-07,1.5529526e-05,1,7.898031,0.99962854,False,0.0050489036,Test
120,0,0.3417534,2.522427,-8.834183,-5.909542,0.101478554,0.89831525,1.0503064e-05,0.00019564615,1,2.2879078,0.8985214,False,0.47651458,Test
121,0,-0.3356291,0.44992462,-3.6053681,-0.7856226,0.2584467,0.5669341,0.0098252,0.16479395,1,1.3530658,0.7415533,False,1.4628793,Test
122,0,0.2915699,1.0043104,-4.5698853,-1.5308672,0.31162903,0.6355902,0.0024117634,0.05036902,1,1.1659418,0.68837094,False,1.1778884,Test
123,0,-1.2182598,3.4176087,-8.139462,-3.9738045,0.009598587,0.98978174,9.470371e-06,0.00061022426,1,4.6461396,0.9904014,False,0.085679464,Test
124,0,-1.9235668,4.4898615,-7.920527,-3.641894,0.0016362243,0.99806625,4.0681402e-06,0.00029348282,1,6.415364,0.9983638,False,0.021447755,Test
125,0,-0.19498208,0.11819932,-4.617781,-0.64036673,0.33108768,0.45285168,0.003973249,0.21208744,1,1.1053721,0.6689123,False,1.5517349,Test
126,0,-1.0528729,2.5236037,-6.042612,-2.3353586,0.027004024,0.96532273,0.00018382832,0.007489488,1,3.6117694,0.972996,False,0.24502432,Test
127,1,-1.5034306,2.457075,-5.703181,-1.4870647,0.018343454,0.96273535,0.00027513952,0.01864613,1,0.037976686,0.037264645,True,0.26893902,Test
128,1,0.4862581,-1.0310841,-2.8307786,0.006496558,0.53347987,0.11698893,0.019344047,0.3301872,0,2.1456761,0.8830111,False,1.4836997,Test
129,0,-0.44416994,3.2278283,-7.2557383,-4.379486,0.024782496,0.97470593,2.7284665e-05,0.00048423823,1,3.6976178,0.9752175,False,0.17397529,Test
130,0,1.1669157,0.16287376,-5.904167,-4.51525,0.72958034,0.26731497,0.0006196419,0.0024850764,0,0.3152858,0.27041966,True,0.868767,Test
131,0,0.8579745,0.66456026,-4.9850945,-3.9115818,0.5448034,0.44899452,0.0015798911,0.004622191,0,0.6073303,0.45519662,True,1.0466024,Test
132,0,1.9810762,-1.1026429,-6.657617,-5.167184,0.95533615,0.043743543,0.00016920747,0.00075111474,0,0.045692015,0.044663846,True,0.27038372,Test
133,0,0.21649241,1.2362611,-5.1290135,-2.0479217,0.25765136,0.71435213,0.001228878,0.026767626,1,1.356148,0.7423487,False,1.0024652,Test
134,0,0.35652,1.3024476,-5.6015134,-2.4183872,0.27471462,0.7074453,0.00071013457,0.017129904,1,1.2920225,0.7252854,False,0.9732353,Test
135,0,-0.6127822,2.1332986,-6.427823,-2.7772703,0.05988296,0.9330632,0.00017859243,0.0068750833,1,2.8153632,0.94011706,False,0.38810685,Test
136,0,-0.36161917,1.1338217,-5.2775617,-1.4909952,0.17265591,0.7702704,0.0012653617,0.055808417,1,1.7564547,0.82734406,False,0.97210234,Test
137,0,-1.410598,3.3702958,-6.350733,-2.9019043,0.008302677,0.9897692,5.939433e-05,0.0018687536,1,4.7911773,0.9916973,False,0.08984566,Test
138,0,-0.16439559,0.54669976,-4.2028546,-1.1327815,0.29124454,0.5930381,0.00513307,0.11058422,1,1.233592,0.7087555,False,1.3557051,Test
139,0,-0.9686852,2.0708215,-6.193899,-2.6140628,0.045262683,0.9457608,0.00024347738,0.008732971,1,3.0952723,0.9547373,False,0.34086126,Test
140,0,0.7009402,1.2298048,-5.405705,-3.180584,0.36766714,0.6239327,0.0008191673,0.0075810645,1,1.0005773,0.63233286,False,1.0171431,Test
141,0,-1.5621607,2.4299483,-6.31281,-1.3884135,0.017740745,0.9609987,0.00015338797,0.021107139,1,4.0318913,0.9822593,False,0.2777778,Test
142,0,0.80995464,0.40224874,-4.6857142,-2.0580928,0.5793445,0.3853652,0.0023779252,0.03291241,0,0.545858,0.4206555,True,1.1692123,Test
143,0,2.51075,1.246985,-6.6345153,-8.911611,0.77960205,0.22030623,8.320216e-05,8.535027e-06,0,0.24897164,0.22039795,True,0.76209694,Test
144,0,-2.160095,3.1801553,-6.01399,-1.6393688,0.004733295,0.987199,0.0001003317,0.0079673175,1,5.3531337,0.9952667,False,0.111782454,Test
145,1,0.09737213,1.8641635,-6.043002,-3.3857827,0.14524516,0.84998137,0.00031287514,0.004460533,1,0.16254085,0.15001863,True,0.64207166,Test
146,0,0.51672834,1.7352661,-6.415137,-4.5632915,0.22781979,0.7705409,0.00022239276,0.0014169901,1,1.4792004,0.7721802,False,0.79205,Test
147,0,0.5136094,1.5455766,-5.6092467,-2.9888883,0.26049158,0.73109084,0.00057104597,0.007846542,1,1.3451847,0.7395084,False,0.8969262,Test
148,1,0.8324592,-0.29359877,-4.3796663,-1.7006831,0.7096384,0.23014225,0.003867583,0.056351747,0,1.4690577,0.76985776,False,1.1037462,Test
149,0,0.5132248,0.1648324,-3.849034,-0.99781567,0.51566285,0.3639661,0.0065744715,0.11379661,0,0.66230214,0.48433715,True,1.4278872,Test
150,0,1.4644408,1.580967,-6.6389937,-5.5030417,0.4706256,0.52878875,0.00014236342,0.0004433394,1,0.7536924,0.52937436,False,1.0045736,Test
151,0,-1.6158853,3.0945225,-6.921442,-2.4423053,0.008885726,0.98718154,4.4108157e-05,0.0038885095,1,4.723309,0.99111426,False,0.110695675,Test
152,0,1.5817022,-1.0270065,-4.863933,-2.167043,0.9101134,0.06701124,0.0014447465,0.02143069,0,0.094186075,0.089886606,True,0.51742184,Test
153,0,-0.86523044,2.4994226,-5.1779456,-2.644532,0.03321639,0.96073306,0.0004450042,0.005605467,1,3.4047117,0.9667836,False,0.2655583,Test
154,0,-0.29387164,0.7915614,-4.842678,-1.379332,0.23206985,0.6870942,0.0024552578,0.07838072,1,1.460717,0.76793015,False,1.1702707,Test
155,0,-0.9259085,1.8622358,-4.69207,-1.4941943,0.056052327,0.9108972,0.0012970909,0.031753406,1,2.8814695,0.9439477,False,0.52613187,Test
156,0,-1.345247,3.5425365,-7.1170235,-3.9626374,0.007477456,0.99195343,2.328644e-05,0.0005458028,1,4.8958626,0.99252254,False,0.070651464,Test
157,0,0.58769125,-0.00046689808,-4.5560317,-2.122629,0.6143636,0.34118634,0.0035853784,0.040864706,0,0.4871683,0.3856364,True,1.1787374,Test
158,0,0.010893017,1.1229609,-5.3745503,-2.217084,0.24079162,0.73216057,0.0011035017,0.025944376,1,1.4238234,0.7592084,False,0.9714496,Test
159,0,-0.14425567,1.1974539,-5.0804243,-2.8028953,0.20396495,0.78028375,0.0014648888,0.014286407,1,1.5898072,0.79603505,False,0.8484581,Test
160,0,0.26697895,-0.73347646,-2.7682505,0.2553812,0.41593102,0.1529428,0.019991158,0.41113502,0,0.8772359,0.584069,True,1.5807527,Test
161,0,1.4661429,1.1246083,-6.712916,-5.690632,0.5842013,0.41517952,0.00016384844,0.00045542285,0,0.53750974,0.41579872,True,0.9866698,Test
162,0,-0.6707259,2.8265789,-7.2003975,-3.214582,0.029320061,0.9683336,4.279218e-05,0.0023034685,1,3.5294833,0.97067994,False,0.21505454,Test
163,0,-0.17941517,0.03649708,-4.2340736,-0.54154915,0.338464,0.42003158,0.0058694393,0.23563494,1,1.0833377,0.661536,False,1.589529,Test
164,0,0.47768116,2.4104724,-6.175045,-4.693018,0.1263306,0.8727887,0.00016302946,0.00071763305,1,2.068853,0.8736694,False,0.5579332,Test
165,0,-0.7422642,1.9739408,-5.6541495,-1.8798473,0.060787413,0.91927737,0.00044731042,0.019488016,1,2.8003726,0.93921256,False,0.4729059,Test
166,0,-0.48666131,1.627469,-5.510225,-1.4523098,0.103415854,0.85652936,0.0006805832,0.039374165,1,2.268997,0.89658415,False,0.72080326,Test
167,0,-0.6929352,0.31320179,-4.2739735,-0.2981026,0.19058517,0.52125335,0.0053071813,0.28285426,1,1.6576561,0.80941486,False,1.5011659,Test
168,0,-0.40796375,0.10413228,-3.7729402,-0.09861829,0.24594913,0.41043633,0.0085007,0.33511382,1,1.4026306,0.75405085,False,1.6120477,Test
169,0,-0.91878957,0.5203948,-4.61221,-0.45554513,0.14638366,0.61733717,0.003643012,0.23263608,1,1.9215243,0.85361636,False,1.35433,Test
170,0,0.43255848,0.6431737,-4.595301,-1.6499332,0.42272404,0.5218263,0.002770035,0.052679576,1,0.8610357,0.577276,False,1.2620167,Test
171,0,0.5254045,0.13042425,-3.3390849,-2.2675622,0.56950647,0.3836727,0.011944618,0.03487616,0,0.5629852,0.43049353,True,1.2379711,Test
172,0,-2.7582347,3.250162,-6.513308,-1.2306439,0.0024244722,0.9863492,5.6729597e-05,0.011169698,1,6.0221415,0.9975755,False,0.11385062,Test
173,0,-0.18387829,3.4447312,-7.022048,-5.4991736,0.02586225,0.97398293,2.7725964e-05,0.00012713432,1,3.654971,0.9741377,False,0.17547901,Test
174,0,0.110441744,-0.5539495,-3.3223002,0.20429339,0.37803155,0.19453003,0.012209761,0.41522866,3,0.97277755,0.62196845,False,1.5941272,Test
175,1,-1.070411,2.601967,-5.9263206,-2.6608353,0.02465667,0.97012556,0.00019188436,0.0050259945,1,0.030329749,0.029874444,True,0.21491215,Test
176,1,-2.1340802,3.1054163,-6.7609034,-2.1110888,0.005246366,0.9893339,5.1339866e-05,0.0053683836,1,0.010723349,0.010666072,True,0.0962601,Test
177,1,0.6702892,1.190417,-6.446194,-3.9938312,0.3714046,0.62479264,0.00030143792,0.0035014316,1,0.4703355,0.37520736,True,0.98675674,Test
178,0,-1.3255427,2.0152297,-5.9727187,-1.3840295,0.033119477,0.93532497,0.00031757084,0.03123799,1,3.4076335,0.9668805,False,0.41294065,Test
179,0,-0.8387831,2.449467,-6.561403,-2.9548116,0.035816994,0.95974964,0.000117162024,0.004316279,1,3.3293328,0.96418303,False,0.26435983,Test
180,0,1.2904503,0.706305,-6.952566,-5.4193006,0.6414104,0.357639,0.00016874836,0.00078185846,0,0.44408575,0.3585896,True,0.9516536,Test
181,0,-2.9682446,3.1417222,-6.4342327,-0.9766741,0.0021801593,0.98177755,6.811283e-05,0.015974097,1,6.1283574,0.99781984,False,0.14160207,Test
182,0,0.5093028,3.3908422,-7.340073,-6.642091,0.053070415,0.9468673,2.0697214e-05,4.1595045e-05,1,2.9361358,0.9469296,False,0.30031174,Test
183,0,0.78170294,2.0832565,-8.036709,-6.7703533,0.21387288,0.78598315,3.1649586e-05,0.00011228953,1,1.5423734,0.7861271,False,0.75092465,Test
184,0,-0.9954917,2.4737957,-6.018742,-2.3420851,0.029957557,0.96205246,0.00019721346,0.0077927066,1,3.5079737,0.97004247,False,0.26231256,Test
185,0,0.13582481,1.871551,-6.5380907,-2.9851942,0.14884448,0.8444016,0.00018805645,0.0065658567,1,1.9048533,0.8511555,False,0.66501105,Test
186,0,-0.3016098,-0.0014112182,-3.52738,-0.31826445,0.2964425,0.400235,0.01177623,0.29154626,1,1.215902,0.7035575,False,1.6426454,Test
187,0,0.9246275,0.20177189,-4.7550397,-2.3799357,0.6555252,0.31816852,0.002238419,0.024067767,0,0.42231852,0.3444748,True,1.0741662,Test
188,0,-1.0439839,3.5383873,-7.30564,-3.8752413,0.010120766,0.98926336,1.9311261e-05,0.0005965048,1,4.593166,0.98987925,False,0.0891635,Test
189,0,-0.45539868,1.8033533,-6.1413236,-2.3722305,0.093269646,0.89269644,0.00031650055,0.013717368,1,2.3722606,0.90673035,False,0.5539576,Test
190,0,0.48542094,0.8322861,-5.1458306,-2.6052675,0.40589675,0.5741921,0.0014547688,0.018456386,1,0.90165645,0.5941032,False,1.1075921,Test
191,0,-0.66837174,2.0584624,-5.643216,-3.149083,0.061068654,0.933399,0.00042195967,0.00511045,1,2.7957566,0.93893135,False,0.3827605,Test
192,0,-0.12401231,1.2055187,-5.250491,-1.6391768,0.199801,0.75510204,0.0011863045,0.04391067,1,1.6104335,0.80019903,False,0.9797563,Test
193,0,0.6997493,-0.2852026,-3.5577524,-0.82614124,0.62303656,0.23267749,0.008820721,0.13546517,0,0.47315007,0.37696344,True,1.3656341,Test
194,0,-1.7349958,3.4524353,-6.9142613,-2.800089,0.0055445135,0.99251306,3.1227497e-05,0.0019111703,1,5.1949463,0.99445546,False,0.07004321,Test
195,0,0.8160587,-1.0700413,-3.119367,-0.67744654,0.7164435,0.10865734,0.013997431,0.16090178,0,0.33345595,0.28355652,True,1.2029018,Test
196,0,0.91434413,0.9148229,-5.6257987,-3.2300222,0.49559504,0.49583235,0.0007157789,0.007856905,1,0.70199615,0.50440496,False,1.0661545,Test
197,0,0.7182811,1.9506384,-5.7738385,-4.2208543,0.22532775,0.7727173,0.00034144675,0.001613524,1,1.4901993,0.77467227,False,0.79077244,Test
198,0,-0.37925246,2.8171527,-6.6609297,-3.7716868,0.03924647,0.9593603,7.340113e-05,0.00131973,1,3.2378938,0.96075356,False,0.25438648,Test
199,0,-0.61065763,2.2444162,-6.0945506,-2.9293826,0.054117605,0.9403325,0.00022475758,0.0053251185,1,2.9165957,0.9458824,False,0.35411942,Test
200,0,0.076476276,0.6232351,-4.5226555,-1.1297836,0.32927018,0.5688618,0.0033126445,0.09855539,1,1.1108766,0.6707298,False,1.347427,Test
201,0,0.21613139,0.44035515,-3.9277716,-1.7514033,0.41545272,0.5198772,0.006589423,0.058080748,1,0.8783865,0.5845473,False,1.3033301,Test
202,0,1.2814279,-0.6658321,-3.7437758,-0.8962926,0.7920578,0.11299849,0.0052040163,0.089739755,0,0.23312092,0.20794219,True,0.9734408,Test
203,1,1.0787671,0.80288166,-5.4082932,-3.0369651,0.5628295,0.42713127,0.0008572002,0.009181995,0,0.8506639,0.5728687,False,1.0617789,Test
204,0,-0.922702,2.0733922,-5.866834,-2.2244058,0.046978284,0.93990576,0.0003347247,0.012781278,1,3.05807,0.9530217,False,0.37555698,Test
205,0,0.6974021,2.05264,-5.3387733,-5.4141603,0.20482188,0.79423434,0.0004896646,0.00045410736,1,1.5856146,0.7951781,False,0.7429434,Test
206,0,0.61669,1.2968063,-5.2508492,-3.44331,0.33398053,0.65931344,0.0009451076,0.005760838,1,1.0966725,0.66601944,False,0.9769888,Test
207,0,-0.29804063,-0.085424304,-3.2323556,-0.31939748,0.30590892,0.3783818,0.0162643,0.2994449,1,1.1844678,0.6940911,False,1.6708392,Test
208,0,-1.3121107,2.897743,-6.2537045,-2.431991,0.014560248,0.9805844,0.00010400684,0.0047512837,1,4.2294602,0.9854398,False,0.15462498,Test
209,0,-0.3818456,0.3680886,-4.69487,-0.6348835,0.25597104,0.54185504,0.0034282152,0.19874574,1,1.3626909,0.7440289,False,1.4735855,Test
210,0,1.0746799,1.4872429,-5.6093206,-4.117009,0.39721975,0.6000739,0.0004968284,0.0022095765,1,0.9232656,0.6027802,False,0.99616593,Test
211,0,0.7518869,1.9942783,-6.5521817,-4.48123,0.22371884,0.7749368,0.00015051708,0.0011939573,1,1.4973651,0.7762812,False,0.7818515,Test
212,0,-1.5220678,1.5816344,-4.418434,-0.65533984,0.038888384,0.8664441,0.0021475526,0.092519864,1,3.2470598,0.9611116,False,0.6981282,Test
213,0,0.86332774,1.8242233,-5.957326,-4.436771,0.27623406,0.7220859,0.00030137337,0.0013787126,1,1.2865068,0.72376597,False,0.868532,Test
214,0,0.21005338,2.1004484,-6.3056893,-2.5326164,0.13007519,0.8613557,0.00019250563,0.008376607,1,2.0396426,0.8699248,False,0.6283929,Test
215,0,0.7696956,0.89076483,-5.2961535,-4.367337,0.46796787,0.52819675,0.0010860536,0.0027493564,1,0.75935566,0.53203213,False,1.0331409,Test
216,0,-0.4342599,0.037074916,-3.115293,0.2898385,0.21126045,0.33846697,0.014469724,0.4358029,3,1.5546637,0.78873956,False,1.6134552,Test
217,0,1.0412078,-0.49589786,-3.8779447,-2.7503572,0.803298,0.17271107,0.00586835,0.018122619,0,0.21902953,0.196702,True,0.83977133,Test
218,0,0.78025055,1.4064381,-6.0377927,-4.879841,0.34782097,0.6505873,0.00038046713,0.001211182,1,1.0560672,0.652179,False,0.9494766,Test
219,0,1.1786907,0.048530553,-4.112042,-1.9160461,0.72816956,0.23518533,0.0036685686,0.032976564,0,0.31722134,0.27183044,True,1.016352,Test
220,0,-0.29179418,2.2500756,-6.3581777,-3.506403,0.07274901,0.9241597,0.00016874466,0.002922404,1,2.62074,0.927251,False,0.40693253,Test
221,0,3.3174355,-2.288345,-5.364192,-6.149485,0.9960918,0.0036621809,0.0001690116,7.70669e-05,0,0.0039158585,0.003908217,True,0.038436484,Test
222,0,0.08103642,2.295632,-5.8400927,-4.1701107,0.09828363,0.9000525,0.00026361333,0.0014003336,1,2.3198977,0.90171635,False,0.48209044,Test
223,0,-0.0976153,1.1454595,-4.5866666,-1.6028035,0.21279028,0.7375855,0.0023899102,0.04723424,1,1.5474482,0.78720975,False,1.0277743,Test
224,0,0.15520537,0.3978211,-4.600734,-3.092002,0.43065172,0.54889953,0.0037038033,0.016744876,1,0.8424555,0.5693483,False,1.1271387,Test
225,0,-0.67544657,1.8715664,-5.265189,-4.0515184,0.07239429,0.9243959,0.0007351983,0.002474543,1,2.625628,0.9276057,False,0.40814975,Test
226,0,-0.5451786,1.3762085,-5.5396976,-1.610838,0.12222394,0.8348417,0.0008280648,0.04210622,1,2.1019003,0.877776,False,0.7889417,Test
227,1,0.1149852,-1.136409,-3.3566966,0.47070026,0.36438224,0.104251795,0.01131944,0.5200466,3,2.2609463,0.8957482,False,1.4345021,Test
228,0,-0.29295856,0.20062089,-3.50614,-0.30122325,0.27246717,0.4463474,0.010960924,0.27022457,1,1.3002372,0.72753286,False,1.6120416,Test
229,0,-1.8107817,3.667877,-6.987935,-3.15103,0.004152951,0.9947364,2.3439456e-05,0.0010871624,1,5.4839363,0.99584705,False,0.051494256,Test
230,0,-0.7914755,0.20129336,-4.1678715,-0.122761145,0.17591406,0.4747387,0.0060110507,0.34333616,1,1.7377596,0.82408595,False,1.5251532,Test
231,1,0.4896592,-1.1418825,-2.6649692,0.31921783,0.4804056,0.093980655,0.020491343,0.40512246,0,2.3646662,0.90601933,False,1.4717656,Test
232,0,0.8106838,-0.116523474,-4.165539,-0.7877026,0.6231384,0.24654917,0.004299704,0.12601264,0,0.47298658,0.37686157,True,1.33363,Test
233,0,-0.3119107,1.8319442,-5.2594047,-2.6013756,0.10372704,0.88502663,0.00073658477,0.01050969,1,2.2659924,0.89627296,False,0.57178247,Test
234,0,-0.6245226,3.0728383,-7.1768923,-3.9960537,0.024168326,0.9749673,3.448168e-05,0.0008298685,1,3.7227123,0.9758317,False,0.1744652,Test
235,0,-0.53273183,0.5007702,-3.3349438,-0.39673203,0.19931236,0.56024563,0.012093419,0.22834854,1,1.612882,0.8006877,False,1.4956418,Test
236,0,-0.019611701,0.9630218,-4.767122,-1.169573,0.25019985,0.66840446,0.0021700494,0.07922553,1,1.3854953,0.74980015,False,1.1975914,Test
237,0,-0.3556585,-0.17016946,-2.5894291,0.3930578,0.22597773,0.27203357,0.02420758,0.47778115,3,1.4873188,0.7740223,False,1.6348783,Test
238,0,-0.99070066,2.3484607,-6.0991797,-2.6756463,0.034028683,0.9594548,0.0002057126,0.006310773,1,3.3805516,0.9659713,False,0.2718919,Test
239,0,-1.9689198,3.7893775,-7.3856063,-2.792414,0.0031421676,0.99546486,1.3956999e-05,0.0013790826,1,5.7628427,0.9968578,False,0.045981444,Test
240,1,0.70809346,-0.23597817,-3.989197,-1.3057163,0.65289503,0.25400266,0.005954373,0.0871479,0,1.3704106,0.7459973,False,1.2545737,Test
241,1,-0.8135254,2.239054,-5.522474,-2.1474786,0.04455866,0.94330144,0.0004016629,0.011738254,1,0.05836939,0.05669856,True,0.35922524,Test
242,0,0.13445999,-1.2906003,-2.382909,0.8515136,0.29677513,0.07137263,0.023941316,0.60791093,3,1.2147806,0.7032249,False,1.3573672,Test
243,0,-0.4398348,2.4434395,-5.896967,-3.3574517,0.052823342,0.9440957,0.00022533233,0.0028557559,1,2.940802,0.94717664,False,0.32933462,Test
244,0,-0.001459375,0.9818041,-5.262691,-1.3174992,0.25338587,0.6773425,0.0013147967,0.0679569,1,1.3728417,0.7466141,False,1.1587541,Test
245,0,1.0138924,-0.35023776,-3.8904636,-2.2527716,0.7685506,0.19644378,0.0056982003,0.029307468,0,0.26324892,0.23144943,True,0.94483167,Test
246,0,0.18346465,2.9335258,-6.6768365,-4.853113,0.060055986,0.939491,6.29746e-05,0.00039011997,1,2.812478,0.939944,False,0.33357668,Test
247,0,-2.6158876,4.38417,-7.751136,-2.492579,0.00091005594,0.9980551,5.356219e-06,0.0010294857,1,7.0020046,0.99908996,False,0.022306593,Test
248,0,-0.2856777,4.120569,-7.740426,-7.083206,0.012053569,0.9879261,6.975248e-06,1.345819e-05,1,4.4183946,0.98794645,False,0.09448498,Test
249,0,1.2645397,0.51823694,-6.3782797,-5.3146477,0.6775138,0.32122028,0.00032485073,0.0009410514,0,0.38932535,0.32248622,True,0.9200456,Test
250,0,1.4318812,2.2761314,-6.261113,-7.852281,0.3005908,0.69924426,0.00013707258,2.7919998e-05,1,1.2020054,0.6994092,False,0.88434625,Test
251,0,-1.4668334,3.562771,-7.3571663,-3.5202014,0.006493355,0.99265563,1.7960985e-05,0.0008331107,1,5.036976,0.99350667,False,0.06654792,Test
252,0,-0.46070063,2.0460064,-6.596847,-3.2660315,0.07503491,0.9202641,0.0001623188,0.004538619,1,2.5898018,0.9249651,False,0.4280437,Test
253,0,-1.0127263,5.0582123,-9.675557,-6.547938,0.0023036643,0.997687,3.9829013e-07,9.088821e-06,1,6.073254,0.99769634,False,0.02367834,Test
254,0,-0.13504598,-0.12439072,-3.1341994,-0.32821947,0.3466348,0.35034803,0.017272549,0.28574458,1,1.0594835,0.6533652,False,1.6774961,Test
255,0,-3.9570181,5.941358,-8.594731,-3.016321,5.0247192e-05,0.99982053,4.863835e-07,0.00012872164,1,9.898556,0.99994975,False,0.0026501855,Test
256,0,-0.64709425,3.5787086,-7.0777006,-4.716555,0.014399236,0.9853314,2.3203986e-05,0.0002460341,1,4.24058,0.98560077,False,0.11240561,Test
257,0,0.21372253,-1.1598663,-2.6498144,0.44642746,0.3887613,0.098433055,0.02218527,0.4906203,3,0.9447897,0.6112387,False,1.4850451,Test
258,0,0.5098974,1.2800602,-5.0228596,-2.7292445,0.31218097,0.67434764,0.0012346974,0.012236719,1,1.1641723,0.687819,False,0.9973099,Test
259,0,-0.5409652,1.856863,-5.283674,-1.9086176,0.08154824,0.89697033,0.00071069354,0.020770678,1,2.5065606,0.9184518,False,0.5591271,Test
260,1,1.9435272,-1.448037,-5.563338,-3.0805182,0.96081495,0.032337174,0.0005277761,0.0063201087,0,3.4315379,0.9676628,False,0.2674201,Test
261,0,0.69055814,0.713228,-4.6617546,-2.347086,0.4817852,0.49283195,0.0022823038,0.0231005,1,0.73025686,0.5182148,False,1.1562785,Test
262,0,-0.22208905,2.373563,-6.183107,-2.881362,0.06907078,0.92591625,0.0001780152,0.004834893,1,2.6726236,0.93092924,False,0.4085501,Test
263,0,0.9555786,1.4348726,-5.6136537,-4.9607368,0.3818205,0.6166149,0.0005356461,0.0010290492,1,0.9628047,0.6181795,False,0.9765197,Test
264,0,-0.44144577,3.3536055,-6.972321,-4.184959,0.021975292,0.9774725,3.2034026e-05,0.0005201726,1,3.8178365,0.9780247,False,0.15932342,Test
265,0,0.10032374,2.0123515,-6.000808,-4.5152926,0.12855233,0.86988753,0.00028799998,0.0012721644,1,2.0514193,0.8714477,False,0.5710173,Test
266,0,-2.0160067,4.514157,-7.7599854,-3.61728,0.0014562076,0.9982456,4.6627824e-06,0.00029362907,1,6.53192,0.9985438,False,0.01977963,Test
267,0,0.19360238,-1.4522449,-2.8914392,0.9253938,0.30144283,0.058132976,0.013784419,0.6266398,3,1.1991749,0.69855714,False,1.267853,Test
268,0,-1.1007278,2.4907293,-6.7446632,-2.2848008,0.026598237,0.9651679,9.412887e-05,0.008139853,1,3.6269104,0.9734018,False,0.24629861,Test
269,0,-0.080392405,2.1034222,-5.800877,-3.3216004,0.10078094,0.8949464,0.0003303722,0.0039422093,1,2.294806,0.89921904,False,0.5122667,Test
270,0,-0.2837679,1.7483956,-5.3118463,-3.3168194,0.11513713,0.8785626,0.000754308,0.005545973,1,2.1616316,0.8848629,False,0.57255185,Test
271,0,1.4343724,0.20593491,-4.189712,-5.1426377,0.77056354,0.2255822,0.0027816317,0.0010726283,0,0.2606332,0.22943646,True,0.8085521,Test
272,0,0.817629,-0.52012044,-2.9571176,-1.1935573,0.70461816,0.1849169,0.01616599,0.09429894,0,0.35009927,0.29538184,True,1.2236174,Test
273,0,-1.9293649,4.020803,-7.91473,-4.014791,0.0025977772,0.9970728,6.5341715e-06,0.00032278456,1,5.9530993,0.99740225,False,0.03038362,Test
274,0,-0.6588542,3.2808967,-7.8996425,-4.1756897,0.019070793,0.9803493,1.3668926e-05,0.00056627387,1,3.959597,0.9809292,False,0.14334013,Test
275,0,0.38659737,0.41555914,-4.444994,-1.9652668,0.46892202,0.4827014,0.0037391,0.044637408,1,0.7573188,0.531078,False,1.2499305,Test
276,0,-0.721569,2.3083467,-5.988415,-2.260041,0.0456301,0.9443373,0.00023544495,0.009797188,1,3.0871875,0.9543699,False,0.3494756,Test
277,0,-0.7519638,2.0514896,-5.715743,-1.8943412,0.056092855,0.92561823,0.0003918912,0.017896963,1,2.8807468,0.94390714,False,0.4446521,Test
278,0,0.5855052,2.324084,-6.144216,-4.7297206,0.1493571,0.84973013,0.00017846173,0.0007342648,1,1.9014152,0.8506429,False,0.61919916,Test
279,0,-0.6006774,1.5308676,-4.2186265,-2.4081235,0.1039632,0.8761892,0.0027901293,0.017057516,1,2.2637184,0.8960368,False,0.6304675,Test
280,1,0.6303524,-0.08414265,-3.669932,-1.1195613,0.5963766,0.29189008,0.00808967,0.103643656,0,1.231378,0.7081099,False,1.3584305,Test
281,0,0.6666729,0.16234878,-4.4299216,-1.4236546,0.57680845,0.3483425,0.003528652,0.07132042,0,0.5502451,0.42319155,True,1.2883117,Test
282,0,1.3054776,0.585672,-5.667924,-3.8406403,0.6695209,0.32595417,0.00062698097,0.0038979247,0,0.4011929,0.3304791,True,0.9525363,Test
283,0,-1.1025636,3.436473,-6.6930494,-3.8654423,0.010563294,0.9887306,3.9435043e-05,0.00066664786,1,4.55037,0.9894367,False,0.09312281,Test
284,0,-1.3423989,2.5294747,-6.0856085,-2.242567,0.020223469,0.97137964,0.00017615934,0.008220866,1,3.9009116,0.9797765,False,0.2136468,Test
285,0,0.8158358,0.095050156,-4.5437245,-2.1591465,0.64845747,0.31539026,0.0030496777,0.033102676,0,0.43315884,0.35154253,True,1.1185395,Test
286,0,-0.20622538,-0.02315611,-2.6633723,-0.16769893,0.30067462,0.3610794,0.025761517,0.31248456,1,1.2017267,0.6993254,False,1.7123133,Test
287,0,-2.7621531,4.6933913,-7.622182,-3.3477972,0.00057770405,0.99909604,4.4773597e-06,0.0003216352,1,7.456449,0.9994223,False,0.011329145,Test
288,0,0.4155339,1.6376005,-5.2553687,-3.0659368,0.22581509,0.7664605,0.00077787763,0.006946554,1,1.4880388,0.77418494,False,0.83671767,Test
289,0,-0.48434782,3.4555998,-8.145605,-5.4690876,0.019075517,0.980785,8.979136e-06,0.00013050626,1,3.9593496,0.9809245,False,0.13824975,Test
290,0,0.6357426,1.494904,-5.9767895,-4.111439,0.29663032,0.70039755,0.00039850094,0.002573598,1,1.2152686,0.7033697,False,0.9065413,Test
291,0,-1.3386614,1.7260464,-5.760783,-0.8183693,0.041454688,0.8882993,0.0004978179,0.0697483,1,3.1831543,0.9585453,False,0.615582,Test
292,0,-0.7311761,2.981845,-7.263349,-3.3471162,0.0237801,0.974447,3.4620014e-05,0.0017383021,1,3.7389061,0.9762199,False,0.1811123,Test
293,0,-2.575775,3.8384235,-7.1452494,-2.3223412,0.0016319869,0.9962484,1.6912938e-05,0.0021027203,1,6.417957,0.998368,False,0.03948173,Test
294,0,0.48672616,0.70738167,-4.7283387,-2.0325024,0.42866033,0.5344939,0.002329375,0.034516454,1,0.8470905,0.57133967,False,1.1949183,Test
295,1,-1.126632,2.8677049,-7.076198,-4.0224986,0.018067604,0.98088706,4.7101727e-05,0.0009982553,1,0.019297946,0.019112945,True,0.14255646,Test
296,1,0.43929785,1.4810749,-5.6027384,-3.472343,0.2592935,0.73490244,0.00061626674,0.0051878532,1,0.3080175,0.26509756,True,0.8774568,Test
297,0,-1.332602,1.8504186,-5.3201594,-0.9147307,0.037513923,0.904817,0.00069569406,0.056973338,1,3.2830431,0.9624861,False,0.55104953,Test
298,0,-1.9655757,2.5090034,-5.047608,-1.3177549,0.011023552,0.9674008,0.00050560565,0.02107009,1,4.5077214,0.9889764,False,0.24081331,Test
299,0,1.4588356,-0.014812868,-5.457246,-3.158981,0.80648136,0.18475531,0.00079979433,0.007963463,0,0.21507446,0.19351864,True,0.76411486,Test
300,0,3.4627624,-3.7161577,-6.23643,-7.012415,0.9991487,0.00076184195,6.1280814e-05,2.820449e-05,0,0.00085162604,0.00085127354,True,0.010402954,Test
301,0,-0.43271187,2.3062985,-6.4276114,-3.5596626,0.060539976,0.9366543,0.000150831,0.0026547571,1,2.8044512,0.93946004,False,0.35800555,Test
302,0,-0.111902684,1.1118767,-4.0668244,-1.7366909,0.21663181,0.7365511,0.004150701,0.042666376,1,1.529556,0.7833682,False,1.0299681,Test
303,1,-2.3822775,4.669807,-8.126391,-3.7003016,0.0008646516,0.9989011,2.7682443e-06,0.00023143578,1,0.0010994587,0.0010988712,True,0.013228904,Test
304,0,0.8471772,-0.27727446,-4.7835445,-1.3391882,0.69408745,0.2254608,0.0024889885,0.07796286,0,0.36515737,0.30591255,True,1.1586965,Test
305,0,0.44098735,0.10754515,-3.4654546,-1.9437387,0.5468427,0.39178726,0.010998064,0.050371982,0,0.60359406,0.4531573,True,1.2945579,Test
306,0,-0.076657966,0.9075958,-4.9786954,-1.3033742,0.25147745,0.67290694,0.0018688365,0.07374676,1,1.380402,0.7485225,False,1.1797181,Test
307,0,0.7751662,0.8718039,-4.8242793,-2.0375097,0.46185,0.50870985,0.0017088058,0.027731366,1,0.77251506,0.53815,False,1.1699135,Test
308,0,-1.6614978,3.4324205,-6.847259,-2.4987872,0.006080289,0.9912537,3.4023327e-05,0.0026320494,1,5.102703,0.99391973,False,0.08038448,Test
309,0,0.15584017,0.52484643,-3.6302516,-2.4295332,0.3930279,0.56843495,0.008915478,0.029621704,1,0.9338747,0.6069721,False,1.2038665,Test
310,0,0.22151792,0.17747295,-4.322798,-0.98410565,0.44110316,0.42209643,0.0046877977,0.13211268,0,0.8184765,0.55889684,True,1.4681569,Test
311,0,-1.7963061,2.653864,-6.603599,-1.8832669,0.011419908,0.9780181,9.33e-05,0.010468778,1,4.4723973,0.9885801,False,0.17515698,Test
312,0,-0.34062386,-0.08359564,-3.9259784,-0.17939846,0.28606096,0.36990017,0.007931566,0.33610725,1,1.2515503,0.7139391,False,1.6312898,Test
313,0,-0.5936771,2.4510574,-5.966998,-3.0236526,0.045254745,0.95055115,0.0002099232,0.0039841817,1,3.0954478,0.95474523,False,0.30596873,Test
314,0,3.7979052,-2.728391,-5.989237,-8.340934,0.99847645,0.0014621887,5.6083634e-05,5.33958e-06,0,0.0015247159,0.0015235543,True,0.016852275,Test
315,0,0.25014693,2.3882227,-6.9474735,-5.08251,0.10538876,0.8940233,7.886921e-05,0.000509156,1,2.2500992,0.89461124,False,0.493247,Test
316,0,0.84762114,1.8141012,-4.7880588,-6.1718607,0.27524415,0.72352755,0.0009821401,0.00024614777,1,1.2900968,0.7247559,False,0.8628537,Test
317,0,-1.0267413,3.9596872,-7.6313286,-5.343187,0.0067830067,0.9931172,9.185152e-06,9.053444e-05,1,4.993335,0.993217,False,0.060128924,Test
318,0,0.8117495,1.9822491,-6.134338,-5.371868,0.23659524,0.76268905,0.00022769773,0.0004880844,1,1.4414043,0.7634047,False,0.7982101,Test
319,0,-0.18065554,-0.009777248,-3.346718,0.13022538,0.27830794,0.33016962,0.011736054,0.37978643,3,1.2790271,0.7216921,False,1.6471207,Test
320,0,0.2158885,2.0594392,-6.075536,-3.9857228,0.13631856,0.8613881,0.00025247823,0.0020408838,1,1.9927608,0.86368144,False,0.5985911,Test
321,0,-0.88653034,2.0502546,-5.1848764,-2.1698513,0.049638048,0.9359318,0.00067463156,0.01375547,1,3.0029976,0.95036197,False,0.39662492,Test
322,0,1.002372,-0.8008535,-4.2412925,-1.4133627,0.794061,0.13083471,0.0041933316,0.070911,0,0.23059501,0.205939,True,0.9519047,Test
323,0,-2.1147597,4.2599506,-8.24455,-3.0791,0.0017001058,0.99764806,3.701194e-06,0.0006481393,1,6.3770647,0.9982999,False,0.025961874,Test
324,0,0.010326803,1.6369634,-4.919219,-1.9070814,0.1602319,0.8150575,0.0011584423,0.023552075,1,1.8311331,0.8397681,False,0.8024272,Test
325,0,-0.7038472,1.0173013,-3.8070714,-2.0950143,0.14525098,0.81209034,0.0065223766,0.03613623,1,1.9292922,0.854749,False,0.8686118,Test
326,0,0.014486581,2.3937976,-6.5871787,-3.6464179,0.08456996,0.9131409,0.000114854876,0.0021742303,1,2.4701762,0.91543007,False,0.44182193,Test
327,1,-1.3970461,4.623792,-8.04703,-5.732768,0.0024216704,0.9975435,3.1337454e-06,3.170554e-05,1,0.0024594793,0.0024564862,True,0.025114525,Test
328,0,-0.022815108,1.53211,-5.216487,-1.8609991,0.16950907,0.80257994,0.0009410437,0.026969926,1,1.7748489,0.83049095,False,0.83872557,Test
329,0,0.19690031,-0.23910734,-3.811072,-0.5221891,0.4646886,0.30047357,0.008443486,0.22639428,0,0.76638776,0.5353114,True,1.5783596,Test
330,0,-1.1594098,3.471113,-6.8461795,-4.465788,0.009651793,0.98996186,3.2724678e-05,0.00035372528,1,4.6406116,0.9903482,False,0.083570905,Test
331,0,0.15068576,-0.5080059,-3.3258626,0.09386499,0.40109012,0.20757537,0.012399271,0.37893525,0,0.91356915,0.59890985,True,1.6085118,Test
332,0,0.34797382,-1.2140749,-2.1701226,0.6284372,0.38254637,0.08022227,0.030838175,0.50639313,3,0.9609054,0.61745363,False,1.474211,Test
333,0,-1.5475452,4.5735908,-7.746623,-5.446644,0.002191042,0.9977602,4.450671e-06,4.439084e-05,1,6.123378,0.99780893,False,0.02330495,Test
334,0,-0.549406,1.5016634,-5.2987223,-2.3555615,0.11174239,0.8689327,0.0009674226,0.018357547,1,2.191559,0.8882576,False,0.64498436,Test
335,0,-0.1616729,1.6092968,-5.8548756,-1.9849161,0.14201683,0.83456886,0.00047842436,0.022935875,1,1.9518098,0.8579832,False,0.7478281,Test
336,0,1.295919,-1.2225043,-3.6429625,-1.4838585,0.86971533,0.07008739,0.006229428,0.053967845,0,0.13958931,0.13028467,True,0.71685207,Test
337,0,1.8603601,0.75182235,-6.183458,-5.654917,0.7513674,0.24798219,0.0002412497,0.00040926918,0,0.28586057,0.24863261,True,0.81624025,Test
338,1,0.7616966,-0.29029268,-3.6875906,-1.1186789,0.66073674,0.23075722,0.007721959,0.10078403,0,1.4663891,0.76924276,False,1.2710474,Test
339,0,-0.13501614,0.5032354,-4.2050104,-1.1295776,0.30486587,0.57716227,0.0052063433,0.1127655,1,1.1878834,0.69513416,False,1.3746729,Test
340,0,-0.10250935,-0.44467768,-3.0581388,0.32203877,0.30384293,0.21579798,0.01581378,0.4645453,3,1.1912442,0.6961571,False,1.6080298,Test
341,0,-0.8377238,1.723246,-4.6108327,-1.9250504,0.06988869,0.90494454,0.0016060774,0.023560636,1,2.6608515,0.9301113,False,0.54100144,Test
342,1,1.2658648,1.2226741,-5.2030687,-4.4614854,0.50954497,0.48800588,0.00079024245,0.0016589218,0,0.7174279,0.5119941,False,1.0242093,Test
343,1,0.6893205,0.39051452,-4.5099044,-2.5019615,0.5591768,0.41474327,0.0030871266,0.022992859,0,0.8800956,0.5852567,False,1.14643,Test
344,0,1.4349737,0.83595324,-5.3638096,-3.7194216,0.64257497,0.35299823,0.00071655534,0.0037102096,0,0.4422718,0.35742503,True,0.977744,Test
345,0,-0.22800523,2.3334177,-5.952985,-3.4438386,0.07144071,0.92545986,0.00023314098,0.0028663366,1,2.6388874,0.9285593,False,0.4024338,Test
346,0,-0.8895671,1.4298762,-4.500465,-1.1972481,0.08380693,0.85231733,0.0022650973,0.06161064,1,2.4792395,0.91619307,False,0.7638686,Test
347,0,-0.3590462,0.40572488,-4.2891374,-0.6495916,0.25536257,0.54864717,0.005015801,0.19097434,1,1.3650708,0.7446374,False,1.4725306,Test
348,1,-1.9804528,3.8488584,-7.285062,-2.900334,0.0029280183,0.99589044,1.4548266e-05,0.0011670102,1,0.004118058,0.0041095614,True,0.04216235,Test
349,0,0.18425965,-0.92053056,-3.8615081,-0.25714687,0.50203127,0.16631311,0.008783672,0.32287198,0,0.6890929,0.49796873,True,1.5161117,Test
350,0,0.6374771,1.8118293,-5.9371204,-4.9929147,0.23579186,0.7630333,0.00032901615,0.00084582553,1,1.4448057,0.76420814,False,0.80165,Test
351,0,-0.47922438,2.4114027,-6.4162993,-2.536622,0.052260194,0.94092375,0.00013795338,0.006678126,1,2.9515204,0.9477398,False,0.3552193,Test
352,1,-0.38251367,0.21614958,-4.019313,-2.0234451,0.3289668,0.5986158,0.008663834,0.06375358,1,0.51313525,0.40138417,True,1.2833539,Test
353,0,0.5620362,3.9462793,-7.583668,-8.149724,0.03279107,0.96719414,9.508701e-06,5.3986614e-06,1,3.417599,0.9672089,False,0.20847526,Test
354,1,0.4836415,-0.87403834,-3.4603806,-0.3678581,0.58706063,0.15102543,0.011371451,0.25054246,0,1.890307,0.8489746,False,1.4367186,Test
355,0,-1.0256813,3.1968656,-7.0572658,-3.9455554,0.014437661,0.9847489,3.467471e-05,0.00077877427,1,4.237915,0.9855623,False,0.118661925,Test
356,0,-0.30505008,2.3579068,-6.6636147,-3.6111772,0.06503213,0.93247133,0.000112625945,0.0023839402,1,2.732874,0.9349679,False,0.37270677,Test
357,0,0.4435842,1.2725495,-4.330244,-4.028033,0.30203962,0.6919568,0.0025516236,0.0034519564,1,1.197197,0.6979604,False,0.9394913,Test
358,0,-1.2567909,3.064447,-6.7746906,-2.698741,0.0130681,0.98378927,5.2458843e-05,0.003090163,1,4.337581,0.9869319,False,0.13148612,Test
359,0,-0.7520196,0.45353296,-3.0480897,-1.45374,0.2026347,0.6765169,0.020395918,0.10045245,1,1.5963504,0.7973653,False,1.2956753,Test
360,0,-0.87256044,1.6654055,-5.6937366,-1.8137064,0.07116352,0.90049654,0.0005733861,0.027766615,1,2.642775,0.92883646,False,0.55723006,Test
361,0,-0.3221029,2.8133512,-6.2088532,-6.097642,0.041658055,0.9580969,0.00011564207,0.0001292451,1,3.1782606,0.95834196,False,0.25336343,Test
362,0,0.30306244,-1.5944786,-2.6429546,1.1133069,0.28977588,0.043448076,0.015227315,0.65154874,3,1.2386475,0.71022415,False,1.2090336,Test
363,0,0.44923544,0.9197021,-4.440149,-3.2378812,0.37975004,0.6078815,0.00285802,0.009510502,1,0.96824205,0.62025,False,1.0550348,Test
364,0,2.0712492,-1.001831,-3.4641511,-2.763167,0.94502383,0.043734174,0.0037277683,0.007514194,0,0.05654513,0.054976165,True,0.3576516,Test
365,0,-0.832748,2.0014517,-5.9723706,-1.9816145,0.05452672,0.92786896,0.0003195211,0.017284747,1,2.9090645,0.94547325,False,0.43396047,Test
366,0,-1.04825,2.460072,-5.5727415,-1.7660092,0.02866079,0.95704645,0.0003106892,0.013981997,1,3.5522254,0.9713392,False,0.29725194,Test
367,0,0.0024413913,0.04933987,-3.9258022,-1.3492951,0.4298331,0.45047182,0.008458345,0.111236714,1,0.8443582,0.5701669,False,1.4525357,Test
368,0,0.65241224,0.83150494,-4.8635817,-1.7760544,0.43700078,0.52271044,0.0017575858,0.038531203,1,0.8278203,0.56299925,False,1.2082186,Test
369,0,1.762166,-0.86056066,-3.5614152,-2.6731303,0.9179942,0.06665063,0.004475463,0.01087966,0,0.08556421,0.0820058,True,0.47962475,Test
370,0,0.6404061,0.90737164,-5.3113747,-2.423202,0.42457157,0.55448854,0.0011043975,0.019835485,1,0.8566747,0.5754284,False,1.1195121,Test
371,0,0.021844104,-0.1159938,-2.8660452,-0.5497641,0.40135655,0.34967783,0.022353007,0.2266126,0,0.9129051,0.5986434,True,1.6665877,Test
372,0,0.7450855,0.3624775,-4.1059604,-2.1000164,0.5720729,0.39019966,0.0044737225,0.03325365,0,0.5584888,0.42792708,True,1.188917,Test
373,0,-0.6476392,2.6888163,-6.54565,-3.2569976,0.034251727,0.963134,9.401753e-05,0.0025203011,1,3.3740184,0.96574825,False,0.24193354,Test
374,0,0.47812927,1.54935,-6.0898323,-3.593151,0.25397462,0.7413369,0.00035674754,0.004331675,1,1.3705208,0.7460254,False,0.8603712,Test
375,0,-0.018518686,-0.32315782,-3.2163854,0.045091294,0.35162792,0.25928667,0.014363737,0.37472165,3,1.0451818,0.64837205,False,1.653715,Test
376,0,-2.103274,5.3232355,-8.926362,-5.4297643,0.0005948943,0.9993832,6.474563e-07,2.1367976e-05,1,7.427127,0.9994051,False,0.007608892,Test
377,0,0.36492336,-1.6733817,-1.9882537,1.2117229,0.28109735,0.036612723,0.026722986,0.655567,3,1.2690543,0.71890265,False,1.2283572,Test
378,0,0.80105525,0.2663511,-7.283414,-4.5271726,0.62853414,0.3682221,0.00019377095,0.0030500633,0,0.46436498,0.37146586,True,0.97969496,Test
379,0,0.057347834,-1.076382,-3.6422098,0.4893862,0.34638518,0.11147737,0.008567653,0.53356975,3,1.0602038,0.6536148,False,1.4250407,Test
380,0,-1.300195,1.7238053,-5.427741,-1.019024,0.04364101,0.897845,0.0007035973,0.057810366,1,3.131758,0.95635897,False,0.58187354,Test
381,0,0.59821355,-0.40314466,-3.5029528,-1.3258257,0.6536163,0.24012561,0.010819546,0.09543842,0,0.42523476,0.3463837,True,1.2893171,Test
382,0,-0.23594339,2.7966866,-6.4737773,-4.1574183,0.045927383,0.95307297,8.974594e-05,0.0009099065,1,3.0806937,0.9540726,False,0.28061017,Test
383,0,0.029564872,0.42488563,-3.6173923,-1.0100919,0.34910023,0.51836514,0.009101162,0.12343348,1,1.052396,0.65089977,False,1.455673,Test
384,0,-0.075583085,2.6409414,-6.1723204,-3.867067,0.061910056,0.93655384,0.0001393098,0.0013968204,1,2.7820725,0.93808997,False,0.35208502,Test
385,0,-0.29374874,1.4045341,-5.4705753,-2.0217936,0.15042496,0.82200557,0.0008492833,0.02672019,1,1.8942909,0.84957504,False,0.79184234,Test
386,0,-1.0414505,2.7465549,-7.022943,-4.1169376,0.022115622,0.97680753,5.584316e-05,0.0010210149,1,3.811471,0.97788435,False,0.16561133,Test
387,0,-2.4760318,4.2076545,-7.150101,-2.5290086,0.0012481003,0.99755657,1.1650027e-05,0.0011837011,1,6.6861324,0.9987519,False,0.027259503,Test
388,0,-0.6736128,1.8327508,-5.785658,-2.6177762,0.074574575,0.9143041,0.00044921867,0.010672134,1,2.5959558,0.9254254,False,0.47237012,Test
389,0,-1.165648,1.0240484,-4.030002,-0.47380367,0.08342429,0.7451875,0.0047568493,0.16663134,1,2.4838157,0.91657573,False,1.0826325,Test
390,0,-0.41534543,1.8499879,-5.23296,-2.6988962,0.09307224,0.89668906,0.00075258675,0.009486078,1,2.3743792,0.90692776,False,0.5314417,Test
391,0,1.2085524,-0.13274056,-3.9695134,-2.9084923,0.7791567,0.20375521,0.0043935888,0.0126944855,0,0.24954313,0.22084332,True,0.86251885,Test
392,0,0.3192505,1.018639,-5.2388983,-3.2540932,0.32846767,0.6610483,0.001266541,0.009217415,1,1.1133168,0.67153233,False,0.9968501,Test
393,1,0.30156532,-0.7232804,-3.1527195,0.008241156,0.46811178,0.16798277,0.014796967,0.34910858,0,1.7838938,0.83201724,False,1.5649195,Test
394,1,-0.71271867,1.9679793,-5.1226206,-2.7759318,0.0635547,0.92759836,0.00077259436,0.008074312,1,0.07515641,0.07240164,True,0.41738513,Test
395,0,0.91759723,-0.09528278,-3.2769983,-2.7179399,0.7119372,0.25855532,0.010733765,0.018773617,0,0.33976558,0.2880628,True,1.0314217,Test
396,0,-1.3353562,2.3067112,-5.8663797,-1.5173341,0.02499059,0.9539076,0.00026913985,0.020832654,1,3.689256,0.9750094,False,0.31749472,Test
397,0,-1.4945526,3.2857108,-6.0675855,-2.548233,0.008299121,0.9887217,8.5701635e-05,0.0028935063,1,4.791606,0.9917009,False,0.09910808,Test
398,1,-2.3965323,3.112853,-6.5382385,-2.1884062,0.004012093,0.9909837,6.3775035e-05,0.0049403645,1,0.009057151,0.009016275,True,0.083628684,Test
399,0,-0.46456707,-0.049955223,-4.3705835,-0.24728376,0.26478845,0.4008323,0.005327675,0.3290516,1,1.328824,0.73521155,False,1.6042001,Test
400,0,2.6414073,1.3473811,-6.420542,-7.5803013,0.7847341,0.21514641,9.1026566e-05,2.8542432e-05,0,0.24241038,0.21526593,True,0.7529889,Test
401,0,0.781383,-0.63243794,-2.7359722,-0.82193005,0.67837137,0.16498819,0.020132586,0.13650782,0,0.38806042,0.32162863,True,1.3142986,Test
402,0,-0.26715046,-1.1920902,-3.7921033,0.69576854,0.24719803,0.0980277,0.007280773,0.6474935,3,1.3975655,0.75280195,False,1.2845985,Test
403,0,1.0424705,0.16860466,-4.8286195,-2.3494313,0.68785274,0.2870651,0.0019396059,0.023142552,0,0.37418047,0.31214726,True,1.0314142,Test
404,0,-1.322721,2.5676477,-6.6492944,-2.397938,0.0198906,0.9732256,9.6682204e-05,0.006787144,1,3.9175081,0.9801094,False,0.20069964,Test
405,0,0.40419924,-1.3821357,-1.7757401,0.92532885,0.33731925,0.05652567,0.0381334,0.5680216,3,1.0867255,0.66268075,False,1.4063604,Test
406,0,0.858895,1.4407042,-4.3665805,-4.986633,0.35745648,0.6395871,0.0019223299,0.0010340526,1,1.0287416,0.64254355,False,0.97052056,Test
407,0,-0.36402094,1.4132754,-5.161036,-2.0493767,0.14069687,0.83205956,0.0011613611,0.026082167,1,1.9611475,0.8593031,False,0.7673116,Test
408,0,-2.60524,4.935175,-8.255248,-4.4950123,0.0005308516,0.999387,1.8672642e-06,8.021497e-05,1,7.541028,0.99946916,False,0.0077862483,Test
409,0,-0.14477435,-0.21526568,-3.6687095,-0.57093227,0.3824922,0.3564582,0.01127709,0.24977247,0,0.961047,0.6175078,True,1.6336449,Test
410,1,-0.7656353,2.7628863,-5.6074505,-2.752821,0.028394148,0.9674895,0.00022410693,0.0038922897,1,0.033050712,0.03251052,True,0.22590391,Test
411,0,0.3264962,2.9453855,-6.856511,-7.8941536,0.06792785,0.9320024,5.1583076e-05,1.827533e-05,1,2.6893091,0.93207216,False,0.35925874,Test
412,1,2.2836733,0.27282152,-5.4857674,-5.530084,0.8812893,0.11798224,0.00037230022,0.00035616136,0,2.137221,0.88201773,False,0.5327723,Test
413,0,0.1879656,-0.71151733,-2.7981946,0.35921976,0.37820724,0.15384711,0.019092241,0.44885346,3,0.972313,0.6217928,False,1.5737499,Test
414,1,-1.0054083,3.0556295,-6.225909,-3.3947766,0.016911428,0.9814466,9.139985e-05,0.0015505684,1,0.018727629,0.018553376,True,0.14175306,Test
415,0,1.5838373,-0.482487,-5.988274,-5.427984,0.8864727,0.11227218,0.00045618322,0.0007988585,0,0.12050493,0.1135273,True,0.52160835,Test
416,0,-2.9127996,4.3435907,-6.300809,-3.0169117,0.0007046883,0.99863654,2.380145e-05,0.000635012,1,7.257755,0.9992953,False,0.016454283,Test
417,0,0.11569069,1.9082803,-5.506156,-4.3023553,0.14243679,0.85533047,0.00051532965,0.0017174699,1,1.948857,0.8575632,False,0.6147116,Test
418,0,0.8815281,1.4549428,-5.595503,-4.4131927,0.35959944,0.63804287,0.0005531976,0.0018044757,1,1.0227646,0.6404005,False,0.96666133,Test
419,1,-0.26401258,1.3615454,-5.309952,-1.6496973,0.15778244,0.80173254,0.001015395,0.039469656,1,0.22098018,0.19826746,True,0.8700773,Test
420,0,0.21274513,-0.7544007,-2.5365374,0.38560247,0.3798185,0.14439428,0.024298409,0.4514889,3,0.9680618,0.6201815,False,1.5818751,Test
421,0,1.4695802,0.5458271,-5.1101165,-4.0184665,0.7129868,0.28307444,0.0009898185,0.002948853,0,0.33829233,0.28701317,True,0.8980479,Test
422,0,0.020483017,0.65762866,-5.34989,-2.0088594,0.33034375,0.62470496,0.0015368897,0.043414406,1,1.1076214,0.6696563,False,1.1627398,Test
423,0,0.1904096,-0.45964926,-2.4840405,-0.5494592,0.48352715,0.25240844,0.03333665,0.2307278,0,0.7266478,0.5164728,True,1.6599559,Test
424,0,-1.0427,0.33506423,-3.9316492,0.27219424,0.11433777,0.45346642,0.00636114,0.4258347,1,2.1685982,0.8856622,False,1.4459815,Test
425,1,-1.8441589,4.80105,-8.058517,-4.3119354,0.0012984014,0.99858886,2.5974516e-06,0.00011006959,1,0.0014121095,0.00141114,True,0.01598037,Test
426,1,-0.74534017,0.18795727,-3.6102817,0.15372874,0.16509332,0.41981256,0.009408085,0.40568614,1,0.867947,0.58018744,True,1.5460618,Test
427,0,0.8089322,0.6743385,-5.007213,-2.3975103,0.5214987,0.45582688,0.001553579,0.021120928,0,0.65104854,0.47850132,True,1.1385156,Test
428,1,0.04989186,0.022866592,-3.691188,-0.3776094,0.3774722,0.3674075,0.008956835,0.24616341,0,1.0012836,0.6325925,False,1.620047,Test
429,0,1.3649359,0.7499704,-6.919054,-5.330283,0.64844584,0.35058844,0.00016375049,0.0008020049,0,0.4331768,0.35155416,True,0.9456904,Test
430,0,1.3613405,0.18939444,-4.1225657,-2.6529372,0.7507661,0.23255998,0.0031179877,0.013555829,0,0.2866611,0.2492339,True,0.9099429,Test
431,0,0.18521196,0.23975284,-3.6078591,-1.3849732,0.43733272,0.4618477,0.009851496,0.090968125,1,0.827061,0.56266725,False,1.4168358,Test
432,0,0.14997536,2.3245454,-6.477784,-3.257999,0.1017001,0.89479834,0.00013456181,0.0033671074,1,2.285727,0.89829993,False,0.5082506,Test
433,0,-0.51181155,0.62510884,-4.6067514,-0.6461011,0.1996746,0.62241656,0.00332593,0.17458288,1,1.6110661,0.8003254,False,1.3568434,Test
434,0,-0.6269947,1.6052912,-4.661835,-2.0733213,0.09456917,0.88149333,0.0016727867,0.022264749,1,2.3584237,0.90543085,False,0.61982536,Test
435,0,-0.62038696,0.121132374,-3.4339907,-0.4486688,0.2300726,0.48295057,0.013801692,0.27317515,1,1.4693604,0.7699274,False,1.5915328,Test
436,0,0.56422454,-0.27271408,-4.007544,-1.0480859,0.6087168,0.26359516,0.0062939217,0.12139415,0,0.49640214,0.3912832,True,1.3583183,Test
437,0,-2.2122307,2.8480635,-6.972431,-1.5072446,0.006223966,0.9811265,5.330137e-05,0.012596177,1,5.079348,0.993776,False,0.15282845,Test
438,0,-0.7310106,2.2416778,-5.036711,-3.0488188,0.048411205,0.94616765,0.00065313646,0.004767981,1,3.028024,0.9515888,False,0.33070272,Test
439,0,0.5609092,0.13866569,-5.7198143,-1.9379559,0.5748367,0.3768482,0.0010761204,0.047239047,0,0.55366933,0.42516333,True,1.2083925,Test
440,0,0.1297965,2.0580978,-5.6435843,-3.7688496,0.12656312,0.87047803,0.00039351365,0.0025653508,1,2.067014,0.87343687,False,0.57815063,Test
441,0,-2.9741185,3.276438,-7.080161,-1.2181426,0.0019043747,0.9870396,3.137046e-05,0.011024604,1,6.263602,0.99809563,False,0.10794865,Test
442,0,0.22275192,1.2588532,-5.706811,-2.4801998,0.25720987,0.724871,0.000684087,0.017234974,1,1.357863,0.7427901,False,0.94852084,Test
443,1,0.5469114,1.2367426,-5.4356403,-2.3018284,0.32745886,0.6527496,0.00082597625,0.018965522,1,0.42656165,0.3472504,True,1.0460621,Test
444,1,1.0046871,0.7752004,-5.9827433,-3.7574327,0.554197,0.44055426,0.0005117545,0.004736983,0,0.8197217,0.55944574,False,1.0350908,Test
445,0,-0.18723832,3.4133947,-6.985424,-5.0316305,0.026574261,0.97318685,2.965149e-05,0.00020920318,1,3.6278121,0.97342575,False,0.18024795,Test
446,0,0.13234892,-1.0429648,-2.4612179,0.8536162,0.2906543,0.08973141,0.02172726,0.59788704,3,1.2356207,0.7093457,False,1.393929,Test
447,0,0.88051873,1.2930765,-6.001804,-3.7591133,0.39661074,0.59915066,0.00040682696,0.0038317563,1,0.9247999,0.60338926,False,1.0072802,Test
448,0,1.0695906,-0.96445173,-4.3784595,-1.7392268,0.8365494,0.10942542,0.0036010866,0.050424047,0,0.17846969,0.1634506,True,0.8112223,Test
449,0,-0.10211414,0.5277021,-3.9193783,-1.3889753,0.314922,0.59119225,0.006924464,0.08696136,1,1.1554303,0.685078,False,1.329339,Test
450,0,0.045310467,1.6579322,-6.7686152,-4.066321,0.16574337,0.8313595,0.00018204802,0.0027150468,1,1.7973146,0.83425665,False,0.676696,Test
451,0,0.2153677,2.0689306,-6.4315524,-4.141865,0.13519667,0.8628954,0.00017548722,0.0017323834,1,2.0010247,0.8648033,False,0.59195006,Test
452,0,-0.2800187,1.6318928,-5.106175,-2.4070735,0.12669109,0.8571932,0.001015718,0.015100036,1,2.0660036,0.8733089,False,0.66962206,Test
453,1,-0.24046133,2.7240264,-6.3342714,-3.0332065,0.048903864,0.94799024,0.00011036592,0.002995501,1,0.053411104,0.05200976,True,0.3125332,Test
454,0,1.91294,0.1579393,-4.5881114,-4.015368,0.8495657,0.14689595,0.0012759281,0.0022623797,0,0.16303004,0.15043432,True,0.63844943,Test
455,0,-1.3489945,1.8082243,-6.5598993,-2.4119346,0.040231686,0.94565123,0.00021953355,0.01389758,1,3.2131004,0.9597683,False,0.3511358,Test
456,0,1.64856,-1.3650634,-4.8329706,-2.1941295,0.9327656,0.045811284,0.0014284976,0.019994644,0,0.06960137,0.0672344,True,0.4237936,Test
457,0,0.18820053,2.1131098,-5.1254,-3.8363516,0.12694669,0.8701595,0.0006251063,0.0022687183,1,2.0639882,0.8730533,False,0.57918745,Test
458,0,0.46287024,-1.4081182,-3.165622,0.24683487,0.50346524,0.07751924,0.013370119,0.40564537,0,0.6862406,0.49653476,True,1.3956997,Test
459,0,1.267719,0.58652985,-5.9789925,-3.4333627,0.6597121,0.33382413,0.00047005372,0.005993777,0,0.41595176,0.34028792,True,0.9737221,Test
460,0,0.21523666,1.7593105,-5.460378,-2.9313827,0.1745183,0.8173795,0.0005983467,0.0075038075,1,1.7457256,0.8254817,False,0.7366961,Test
461,0,0.58077264,0.21494104,-3.820994,-1.4162214,0.5430008,0.37663603,0.0066548376,0.0737084,0,0.6106445,0.45699918,True,1.3343748,Test
462,0,-0.055200413,0.6851092,-4.0041533,-1.2217252,0.29177427,0.61172944,0.0056239134,0.09087235,1,1.2317748,0.7082257,False,1.3086962,Test
463,0,0.80450916,-0.14028607,-4.114702,-3.7820117,0.71110994,0.2764505,0.0051945793,0.007244959,0,0.3409282,0.28889006,True,0.9534768,Test
464,0,-1.2945514,1.2141427,-4.538955,-0.7068817,0.06610411,0.8123449,0.002577518,0.11897349,1,2.7165244,0.9338959,False,0.89020765,Test
465,0,-0.63433194,0.96059126,-4.3013453,-0.8666329,0.14823134,0.7304768,0.003787707,0.117504105,1,1.9089811,0.8517687,False,1.1326778,Test
466,0,0.8519147,2.1268601,-5.9946084,-5.394436,0.2182688,0.7810763,0.00023205156,0.00042289848,1,1.522028,0.7817312,False,0.76524675,Test
467,0,1.1316435,1.002454,-5.677595,-4.395334,0.53081685,0.4664858,0.0005857739,0.0021115865,0,0.6333382,0.46918315,True,1.0232497,Test
468,0,0.7822201,1.1219947,-5.720286,-3.5326746,0.41330877,0.5805463,0.0006198295,0.0055250945,1,0.8835603,0.58669126,False,1.0303383,Test
469,1,0.047895715,0.43600807,-5.816888,-2.557333,0.39201555,0.5779075,0.0011123979,0.028964557,1,0.5483415,0.4220925,True,1.1457076,Test
470,0,1.2212384,-0.24601766,-4.1560674,-2.5049698,0.7941163,0.18308927,0.0036690177,0.019125486,0,0.23052533,0.20588368,True,0.85141987,Test
471,0,0.8812233,0.80921644,-5.335047,-2.5351696,0.5088148,0.47346464,0.0010159399,0.01670472,0,0.6756712,0.4911852,True,1.1154186,Test
472,0,2.925064,0.686627,-5.9082174,-8.719972,0.90352225,0.09633807,0.00013173265,7.917063e-06,0,0.10145452,0.09647775,True,0.45929214,Test
473,0,0.06784871,-0.5829143,-3.2257462,0.030361773,0.39651465,0.2068409,0.01471869,0.3819257,0,0.9250423,0.60348535,True,1.6193405,Test
474,0,-0.7248786,3.0437698,-7.224665,-4.0848126,0.022543997,0.9766391,3.390078e-05,0.0007831232,1,3.7922864,0.977456,False,0.16523081,Test
475,0,-1.1667745,3.2952375,-6.9103765,-3.558754,0.011395184,0.98752624,3.6501166e-05,0.0010420725,1,4.4745646,0.98860484,False,0.10230509,Test
476,0,-0.4248293,1.2767354,-4.2519937,-1.5853497,0.1466789,0.8041699,0.0031933854,0.045957886,1,1.9195095,0.8533211,False,0.8897377,Test
477,0,0.8213261,1.2181762,-4.8338175,-4.011098,0.40022418,0.5951866,0.0014005726,0.0031886597,1,0.9157305,0.5997758,False,1.0140126,Test
478,0,-0.42362687,1.4990171,-4.902297,-1.731278,0.12314028,0.84215844,0.0013974567,0.03330385,1,2.0944312,0.8768597,False,0.75751424,Test
479,0,0.031690724,-0.6800486,-2.9402795,0.48176166,0.32150045,0.15778916,0.016461574,0.50424886,3,1.1347563,0.6784996,False,1.542294,Test
480,0,0.6419278,0.07161954,-3.7770157,-1.8722799,0.60301805,0.34091696,0.007264531,0.04880045,0,0.5058082,0.39698195,True,1.2335503,Test
481,0,-0.5203999,1.3855549,-4.8774624,-1.902583,0.12516159,0.8418152,0.0016040687,0.031419307,1,2.0781496,0.8748384,False,0.756123,Test
482,0,-0.064038366,0.21456152,-4.2070546,-1.1560137,0.3741526,0.49435982,0.005939634,0.12554803,1,0.9830915,0.6258474,False,1.4528897,Test
483,0,-1.8040395,4.4147997,-8.0739155,-4.7038026,0.0019873725,0.99789953,3.7610296e-06,0.00010937749,1,6.220942,0.9980126,False,0.022370841,Test
484,0,1.6121485,-0.9224454,-3.9573073,-2.1472542,0.9038289,0.07166812,0.003445896,0.02105709,0,0.101115175,0.09617108,True,0.5498379,Test
485,0,-0.91378933,2.256565,-4.85875,-3.1479802,0.040092446,0.95483863,0.0007758682,0.0042930488,1,3.2165673,0.95990753,False,0.29148602,Test
486,1,0.30112243,1.0153747,-5.124502,-2.0105083,0.31784776,0.6492545,0.0013992661,0.03149856,1,0.43193054,0.3507455,True,1.1005689,Test
487,0,-1.0722172,3.5416324,-6.557855,-3.6987398,0.009808903,0.989441,4.066664e-05,0.0007094735,1,4.624465,0.9901911,False,0.08860966,Test
488,0,-0.60316485,2.90941,-7.072738,-3.4641938,0.028907359,0.96939397,4.480314e-05,0.001653786,1,3.5436592,0.97109264,False,0.20718718,Test
489,0,0.48191398,1.3229651,-5.8494387,-3.8631024,0.2999801,0.69559485,0.0005338521,0.003891131,1,1.2040391,0.7000199,False,0.92230785,Test
490,0,0.24984235,1.6512762,-4.4091744,-3.8017595,0.19654515,0.7981736,0.0018624178,0.0034188023,1,1.6268631,0.8034549,False,0.7657885,Test
491,0,-0.42049858,3.0793612,-7.077659,-4.235022,0.029296177,0.9700201,3.7639405e-05,0.0006459283,1,3.5302982,0.97070384,False,0.199204,Test
492,0,-0.5305686,2.201626,-6.2972274,-2.022051,0.060260043,0.9259904,0.00018862585,0.013560846,1,2.809086,0.93973994,False,0.43340474,Test
493,0,-2.059705,3.8889387,-7.3383927,-3.1953592,0.0026003777,0.99655104,1.3259635e-05,0.0008352721,1,5.9520984,0.9973996,False,0.036052622,Test
494,0,0.94046515,2.9068935,-6.7232623,-8.117347,0.12276421,0.8771638,5.7644425e-05,1.429927e-05,1,2.0974898,0.8772358,False,0.53838676,Test
495,0,1.3837688,-1.1316961,-3.4233358,-3.4376986,0.911534,0.073675044,0.007448587,0.007342369,0,0.09262635,0.08846599,True,0.5037321,Test
496,0,0.27780604,-0.5099428,-2.9269621,-1.1393641,0.57542866,0.26174384,0.023344167,0.13948333,0,0.55264,0.42457134,True,1.4878697,Test
497,0,-1.4391184,2.7820446,-6.1041846,-2.6464188,0.014404849,0.9811523,0.00013567379,0.0043070978,1,4.2401905,0.98559517,False,0.15064512,Test
498,0,-1.0155854,4.2892485,-8.098764,-5.518255,0.0049426774,0.99499834,4.1474073e-06,5.4761786e-05,1,5.3098483,0.99505734,False,0.04591044,Test
499,0,-0.37536275,1.4985843,-4.5737185,-2.1829376,0.12998782,0.846735,0.0019524499,0.021324696,1,2.0403144,0.87001216,False,0.72181064,Test
500,0,0.43089586,2.0769956,-6.890515,-4.8098845,0.16148128,0.8375567,0.0001067761,0.00085522473,1,1.823366,0.83851874,False,0.64910877,Test
501,0,-0.4476608,0.06882149,-3.0863502,-0.054593936,0.23645729,0.39633107,0.016896022,0.3503156,1,1.4419876,0.7635427,False,1.6506964,Test
502,0,0.43184727,-0.34456614,-3.0117743,-0.63927853,0.54507065,0.25076142,0.017414335,0.18675351,0,0.60683984,0.45492935,True,1.5314773,Test
503,0,2.2146807,-1.5434663,-5.9006233,-4.9334025,0.97616947,0.022771033,0.0002918055,0.00076763035,0,0.024119057,0.023830533,True,0.16959044,Test
504,0,1.0802991,0.6189716,-5.3695817,-3.7622967,0.6097883,0.38443866,0.000963899,0.0048091277,0,0.49464345,0.3902117,True,1.0120524,Test
505,0,0.72531235,1.2851813,-4.9696803,-3.8685544,0.36180502,0.6333191,0.0012166637,0.003659179,1,1.0166497,0.638195,False,0.9894187,Test
506,0,0.005927913,-0.84614635,-3.6491594,0.054187313,0.39970717,0.17048681,0.010336123,0.41946983,3,0.91702306,0.6002928,False,1.5578605,Test
507,0,-0.019926831,-0.45846114,-3.2724402,-0.13775153,0.38872543,0.25072056,0.015034684,0.34551933,0,0.944882,0.6112746,True,1.6510819,Test
508,0,-1.3658049,2.7062788,-6.3525915,-2.299366,0.016644731,0.97669774,0.00011364303,0.0065438943,1,4.0956616,0.9833553,False,0.18054272,Test
509,0,0.07036796,0.982184,-3.8407893,-1.8751488,0.2738399,0.6815432,0.0054815416,0.039135378,1,1.2952117,0.7261601,False,1.1128191,Test
510,0,1.6336777,-0.17036243,-3.8334708,-3.5748847,0.85155284,0.14019318,0.0035963259,0.0046575945,0,0.1606937,0.14844716,True,0.6600745,Test
511,0,0.20108175,2.147036,-5.683746,-3.4575925,0.124550715,0.8718935,0.0003464161,0.0032092547,1,2.0830424,0.8754493,False,0.57730484,Test
512,0,0.15497427,1.7674315,-5.688143,-3.4618216,0.16542904,0.8296464,0.00047970956,0.004444853,1,1.7992129,0.83457094,False,0.6929592,Test
513,0,1.8760107,0.08131394,-5.183253,-3.1480029,0.85206795,0.14159483,0.00073227665,0.0056049647,0,0.16008902,0.14793205,True,0.64566016,Test
514,0,-1.023742,2.5640874,-5.8127193,-2.8863597,0.026795931,0.9688205,0.00022296802,0.0041604876,1,3.6195052,0.9732041,False,0.21980801,Test
515,1,-0.45878878,1.2685232,-4.606234,-1.5981519,0.14365052,0.8081077,0.0022703593,0.045971435,1,0.21305995,0.19189233,True,0.87472355,Test
516,1,1.7807255,-0.18982087,-4.625774,-3.9908602,0.8740141,0.12182067,0.0014428166,0.0027223923,0,2.105205,0.8781793,False,0.576599,Test
517,0,-0.06975213,-0.018075893,-3.859267,-0.70057636,0.3834658,0.4038028,0.0086688455,0.20406248,1,0.9585048,0.61653423,False,1.5858337,Test
518,0,0.14797905,-0.3020974,-2.807943,-0.21637961,0.41941875,0.26741275,0.021822635,0.2913459,0,0.86888546,0.58058125,True,1.673385,Test
519,0,0.09102026,1.1809963,-4.8550773,-3.6325064,0.24965906,0.74253666,0.0017753518,0.0060289293,1,1.3876591,0.75034094,False,0.8793831,Test
520,0,-0.4200807,3.0078654,-6.2811155,-4.4196796,0.0314125,0.9679225,8.9472094e-05,0.0005755708,1,3.4605494,0.9685875,False,0.20975311,Test
521,0,0.5432827,0.96397096,-5.822923,-3.5853426,0.3935717,0.5994134,0.00067641883,0.0063384734,1,0.932492,0.60642827,False,1.0254694,Test
522,0,-1.0801756,4.552344,-8.035433,-6.0792284,0.0035666788,0.99640584,3.4012185e-06,2.4054863e-05,1,5.6361203,0.9964333,False,0.0346082,Test
523,0,-2.2397041,5.0564313,-8.933317,-4.509338,0.0006776469,0.9992514,8.3946856e-07,7.003482e-05,1,7.296884,0.99932235,False,0.009196719,Test
524,0,-1.6536374,3.2130864,-7.412834,-3.173612,0.0076268017,0.990681,2.4052226e-05,0.0016681143,1,4.8760867,0.9923732,False,0.082795635,Test
525,0,-0.37653828,3.127185,-6.88059,-4.2758656,0.029187927,0.97017705,4.3704826e-05,0.0005912172,1,3.5340002,0.9708121,False,0.19816454,Test
526,0,-0.6984857,0.21462712,-3.5002508,0.22455621,0.16475263,0.41057473,0.01000095,0.41467166,3,1.8033102,0.8352474,False,1.5489786,Test
527,0,-1.1936445,1.7401828,-5.435969,-1.1273693,0.047887348,0.9002556,0.0006883396,0.05116863,1,3.038904,0.9521127,False,0.5730933,Test
528,0,-1.3714247,2.8495817,-5.933717,-2.183357,0.014376816,0.97908974,0.00015006673,0.0063832942,1,4.2421384,0.9856232,False,0.166287,Test
529,0,-0.83709663,2.7368004,-7.1722975,-3.1033409,0.027202927,0.96992785,4.8225083e-05,0.0028209686,1,3.6044307,0.9727971,False,0.20876768,Test
530,0,0.22316825,1.4639057,-5.3360486,-2.292299,0.22012664,0.76123375,0.0008478819,0.017791769,1,1.5135522,0.7798734,False,0.8923492,Test
531,0,-2.450325,3.9589338,-7.2872715,-2.4044816,0.0016406939,0.99662846,1.3012728e-05,0.001717659,1,6.4126363,0.9983593,False,0.036022957,Test
532,0,-0.10334779,2.1638527,-6.781608,-5.769873,0.09383453,0.9057228,0.00011804045,0.00032465492,1,2.3662224,0.9061655,False,0.45501927,Test
533,0,-3.1375709,5.78347,-8.92741,-5.134933,0.00013352878,0.999848,4.0839447e-07,1.8118888e-05,1,8.921193,0.9998665,False,0.0022319306,Test
534,0,-3.196422,4.5417457,-8.237688,-2.623545,0.000435342,0.99878985,2.8147276e-06,0.00077201874,1,7.7393785,0.99956465,False,0.014639523,Test
535,1,0.4715702,0.53639966,-4.7130747,-1.9554144,0.46277404,0.4937693,0.0025924253,0.040864196,1,0.70568687,0.5062307,True,1.2279111,Test
536,0,0.85067815,1.2827307,-6.349152,-3.523862,0.39158,0.6031961,0.00029239772,0.004931533,1,0.9375655,0.60842,False,1.0107976,Test
537,0,-0.76035684,1.43051,-5.6724224,-1.5000308,0.09589944,0.8576251,0.0007055587,0.045769885,1,2.3444552,0.90410054,False,0.72543484,Test
538,0,1.2148647,0.41096517,-6.092939,-5.340189,0.6898105,0.30874553,0.00046237145,0.0009815358,0,0.3713383,0.3101895,True,0.9079624,Test
539,0,1.7959025,-1.5025338,-3.4440227,-2.3369138,0.94493014,0.034906562,0.005008746,0.015154458,0,0.056644265,0.055069864,True,0.3760491,Test
540,0,-0.09539759,0.073633134,-3.1149998,-0.56928295,0.35019454,0.41468516,0.01709672,0.21802363,1,1.0492665,0.6498054,False,1.6361828,Test
541,1,-0.9641164,1.2059273,-4.386415,-1.1598588,0.09421937,0.82523614,0.0030750686,0.07746944,1,0.19208568,0.17476386,True,0.8613161,Test
542,0,-0.38235354,0.77086866,-4.319817,-1.0657175,0.21309245,0.67515904,0.004154792,0.10759371,1,1.5460292,0.78690755,False,1.2368308,Test
543,0,0.7363615,-1.1334729,-3.3627687,0.13638075,0.58154464,0.08964463,0.009646137,0.31916457,0,0.5420676,0.41845536,True,1.3571743,Test
544,0,0.071097314,1.6032413,-4.881408,-3.9203613,0.17687759,0.81860524,0.001249761,0.003267416,1,1.7322974,0.8231224,False,0.71746296,Test
545,0,-0.2133623,0.03844353,-3.5243907,-0.2742104,0.30639213,0.3941264,0.011176769,0.28830463,1,1.1828895,0.69360787,False,1.6420689,Test
546,0,-0.066835664,-0.17078385,-2.840934,-0.30736145,0.36365062,0.32774812,0.022693878,0.28590733,0,1.0115618,0.6363494,True,1.6985623,Test
547,1,0.25493872,3.0499039,-6.6057906,-5.818564,0.05758573,0.9422212,6.0358416e-05,0.00013262533,1,0.059515163,0.057778776,True,0.3206018,Test
548,0,1.6030018,-0.23486291,-4.3519726,-3.2450345,0.8549979,0.13607882,0.0022169333,0.0067064026,0,0.15665631,0.14500213,True,0.6527697,Test
549,0,-0.015315399,-0.10223092,-4.1044526,-0.8181795,0.41989425,0.38493997,0.007034776,0.18813105,0,0.8677524,0.5801058,True,1.5595815,Test
550,0,0.28868705,1.0179833,-5.2528744,-2.1612241,0.31607136,0.65541214,0.0012391262,0.027277356,1,1.1517873,0.6839286,False,1.0784023,Test
551,0,0.60055715,0.65965813,-5.2128096,-1.7446886,0.46302867,0.49121895,0.0013832315,0.044369098,1,0.7699663,0.53697133,False,1.2306657,Test
552,0,-0.59258634,0.66614497,-3.7888958,-1.3881619,0.19947396,0.7023382,0.0081610605,0.09002686,1,1.6120716,0.800526,False,1.1912695,Test
553,0,-2.1039762,5.239127,-8.356239,-5.7117248,0.0006466089,0.99933463,1.245427e-06,1.75314e-05,1,7.343769,0.9993534,False,0.008111726,Test
554,0,0.3210667,2.414354,-6.27533,-4.5931973,0.10964618,0.8893991,0.00014969762,0.00080492586,1,2.2104967,0.8903538,False,0.5102401,Test
555,0,1.9058807,-0.654654,-5.496566,-4.0009046,0.9254169,0.07150087,0.0005642813,0.0025179859,0,0.077510945,0.07458311,True,0.40343767,Test
556,0,-4.037383,6.5807366,-10.153556,-4.5981865,2.4467654e-05,0.9999616,5.3997326e-08,1.3964935e-05,1,10.618158,0.99997556,False,0.0006568912,Test
557,1,-1.8780401,3.7369926,-6.583379,-3.0197334,0.00362515,0.9951847,3.279618e-05,0.0011574301,1,0.0048269173,0.0048152804,True,0.048101284,Test
558,0,-0.7183502,1.1560516,-5.6669135,-0.9550439,0.12028996,0.78392,0.000853288,0.09493681,1,2.11785,0.87971,False,0.9740539,Test
559,0,2.1136808,0.3784424,-5.0814996,-6.5696044,0.84941727,0.14980166,0.0006372267,0.00014388596,0,0.16320473,0.15058273,True,0.61888844,Test
560,0,0.23828417,-0.39610893,-3.1715426,-0.8825359,0.5292919,0.28066087,0.01749147,0.1725557,0,0.63621515,0.47070807,True,1.5398046,Test
561,0,0.034941792,1.9831511,-5.7908316,-4.003294,0.124429315,0.8730101,0.0003671314,0.0021935082,1,2.0840175,0.87557065,False,0.56872183,Test
562,0,0.4478532,2.2835052,-6.518274,-4.1109834,0.1373506,0.86108124,0.00012956274,0.0014386433,1,1.9852184,0.8626494,False,0.5944397,Test
563,0,-2.5485246,4.0087657,-7.7893004,-2.0185432,0.001414298,0.9961754,7.4903273e-06,0.0024027512,1,6.561122,0.9985857,False,0.039928496,Test
564,0,0.20035753,-0.8340835,-2.871857,0.39979893,0.38132074,0.13553093,0.017662195,0.4654861,3,0.9641144,0.6186793,False,1.5375351,Test
565,0,-3.3960443,5.944095,-9.110556,-3.7264578,8.781392e-05,0.99984884,2.8958922e-07,6.310539e-05,1,9.34029,0.9999122,False,0.0022880952,Test
566,0,0.13215853,1.9034578,-6.3327084,-4.3710694,0.14511438,0.8530528,0.0002259719,0.0016068799,1,1.9302331,0.85488564,False,0.61735576,Test
567,0,-0.99203295,2.0607047,-5.40926,-2.143193,0.044441346,0.9409669,0.0005363027,0.014055453,1,3.113585,0.95555866,False,0.3745365,Test
568,0,0.41430065,0.90656435,-6.023846,-2.4089458,0.37077856,0.60659945,0.0005930114,0.02202897,1,0.9921503,0.62922144,False,1.0958055,Test
569,1,0.21312067,1.9644564,-5.924817,-3.1259282,0.14706044,0.8474056,0.0003175582,0.005216335,1,0.16557582,0.15259439,True,0.6523672,Test
570,1,-2.6800091,4.439946,-7.787243,-3.387857,0.00080782385,0.99878925,4.8895977e-06,0.0003980175,1,0.0012115052,0.0012107491,True,0.014626822,Test
571,0,-0.03933549,1.9314163,-5.914019,-2.8873415,0.1214058,0.8712165,0.0003411119,0.007036652,1,2.1086166,0.8785942,False,0.5968568,Test
572,0,-2.5319,4.679322,-7.780712,-3.7465882,0.00073754566,0.9990396,3.8748863e-06,0.0002189054,1,7.2121825,0.99926245,False,0.011789958,Test
573,0,1.4316051,0.1600085,-4.466261,-3.4088721,0.77457404,0.21717787,0.0021264353,0.0061216783,0,0.25544205,0.22542596,True,0.82778656,Test
574,1,-2.3328335,4.677262,-7.9451404,-3.9135091,0.00090173766,0.99890924,3.293718e-06,0.00018561014,1,0.0010913614,0.001090765,True,0.013054397,Test
575,0,0.51475716,-0.12510051,-3.5923908,-0.76639044,0.5489859,0.2895173,0.009033361,0.15246348,0,0.59968257,0.4510141,True,1.4677432,Test
576,0,-0.47537607,2.1764193,-6.0955396,-2.6238916,0.06536053,0.92677784,0.00023686963,0.0076247747,1,2.7278368,0.93463945,False,0.41538766,Test
577,1,0.6807994,0.3634831,-5.0252676,-2.6725318,0.56612515,0.41219595,0.0018827774,0.019796079,0,0.88625634,0.5878041,False,1.1207758,Test
578,0,0.040028006,1.9688175,-6.781396,-4.482791,0.12669255,0.8717937,0.00013811607,0.0013756745,1,2.0659919,0.87330747,False,0.5650309,Test
579,0,1.0389163,-0.683115,-3.8504333,-1.4277915,0.78672457,0.14058986,0.0059211357,0.06676444,0,0.23987707,0.21327543,True,0.97470796,Test
580,0,-0.83726996,0.8670037,-4.916864,-1.182767,0.13846247,0.76118237,0.0023419997,0.09801319,1,1.977156,0.8615375,False,1.0435166,Test
581,0,0.63131815,2.0002038,-6.4166274,-4.203527,0.20243792,0.7957771,0.00017595766,0.0016089609,1,1.5973219,0.79756206,False,0.7458923,Test
582,0,0.36247438,-0.028954796,-3.4464872,-1.1896658,0.523545,0.35396352,0.011607615,0.1108838,0,0.6471322,0.47645497,True,1.4455862,Test
583,0,0.07474725,0.5982354,-4.2735763,-1.2146,0.33598945,0.5671183,0.004343828,0.09254846,1,1.0906756,0.6640105,False,1.3446082,Test
584,0,0.032660976,2.2998028,-6.6581244,-4.1977363,0.09374211,0.90477777,0.000116456395,0.00136363,1,2.3672078,0.90625787,False,0.46526343,Test
585,0,-0.67390376,1.9864317,-5.070814,-1.9186758,0.064096786,0.91665363,0.00078937324,0.018460294,1,2.7473612,0.9359032,False,0.48359844,Test
586,0,-1.6540546,4.2939043,-7.7937555,-4.2717743,0.0026038548,0.9972006,5.612787e-06,0.00019000086,1,5.9507623,0.9973962,False,0.028834095,Test
587,1,-1.6394479,4.273202,-7.6869617,-3.9728334,0.0026969889,0.99703515,6.3749626e-06,0.00026151867,1,0.0029692631,0.0029648542,True,0.030510617,Test
588,0,-1.3796222,1.9371253,-4.874066,-1.1590002,0.033503357,0.9237056,0.0010173512,0.041773733,1,3.3961096,0.96649665,False,0.4714009,Test
589,0,-0.4313123,1.8426435,-5.524063,-3.0342915,0.09261008,0.89996314,0.00056872796,0.00685802,1,2.3793573,0.90738994,False,0.51017797,Test
590,1,0.5946639,0.17174013,-4.102708,-2.3836195,0.583047,0.3819707,0.005316928,0.029665487,0,0.96241134,0.6180293,False,1.174873,Test
591,0,0.173202,1.8763424,-5.7787647,-3.3421228,0.15329185,0.8417508,0.0003986693,0.004558614,1,1.8754116,0.8467082,False,0.6639133,Test
592,0,0.059655815,-0.58954364,-2.7459753,0.21170405,0.36401376,0.19018403,0.022011403,0.42379078,3,1.0105636,0.6359862,False,1.6321932,Test
593,0,-0.95805556,-0.21462196,-3.793795,0.6749809,0.12075524,0.25396568,0.007085329,0.6181938,3,2.1139896,0.87924474,False,1.3499908,Test
594,0,-0.36080408,2.8631482,-6.0238466,-4.7784724,0.038251497,0.96115434,0.00013280673,0.000461402,1,3.2635727,0.9617485,False,0.24186423,Test
595,0,-1.3302803,3.0559604,-6.491555,-2.8139331,0.012259348,0.9848898,7.029981e-05,0.002780515,1,4.4014664,0.98774064,False,0.12405798,Test
596,1,-0.8616816,1.3698332,-5.4591794,-1.3259888,0.09130242,0.8503876,0.0009200561,0.057390004,1,0.16206309,0.14961243,True,0.7600147,Test
597,0,-2.4896514,4.5941195,-7.5172386,-3.0886805,0.00083751226,0.998697,5.48956e-06,0.00046008278,1,7.0850744,0.9991625,False,0.015635673,Test
598,0,-1.0756438,1.9825739,-5.26853,-1.5277565,0.043590154,0.9280158,0.0006583259,0.02773565,1,3.132924,0.9564099,False,0.44745114,Test
599,0,-0.058803663,-0.6592841,-3.6127071,0.23112583,0.3432305,0.18827842,0.009820762,0.45867035,3,1.0693531,0.6567695,False,1.5643584,Test
600,0,1.6352723,-0.7566271,-4.258407,-2.2743566,0.89745617,0.082077585,0.0024741197,0.017992148,0,0.108191006,0.10254383,True,0.5618382,Test
601,0,-0.23730694,0.27727887,-4.448739,-0.8004318,0.30701244,0.513615,0.0045514964,0.17482114,1,1.1808672,0.69298756,False,1.49201,Test
602,0,-3.0324824,4.071781,-7.1188927,-2.2139747,0.000819384,0.9973092,1.3765181e-05,0.001857636,1,7.106958,0.9991806,False,0.029353403,Test
603,0,0.040616967,-1.0997581,-2.7097487,0.72987306,0.29622287,0.09470217,0.018929966,0.59014493,3,1.2166432,0.70377713,False,1.3993312,Test
604,0,-2.2260215,2.9369957,-6.2585306,-1.4945552,0.005624721,0.9825867,9.9725126e-05,0.011688876,1,5.180584,0.9943753,False,0.14329441,Test
605,0,-1.0305624,0.95608515,-4.3720655,-0.31246212,0.096367255,0.70261854,0.0034098332,0.19760434,1,2.3395886,0.90363276,False,1.1732392,Test
606,0,0.046335742,1.5359998,-5.4311085,-2.5301714,0.18129656,0.80416,0.0007578195,0.013785634,1,1.7076211,0.8187034,False,0.7925626,Test
607,1,-3.8507187,6.844404,-9.570705,-4.760834,2.2654443e-05,0.9999682,7.4301e-08,9.117912e-06,1,3.1828375e-05,3.182888e-05,True,0.0005498928,Test
608,0,-2.163412,4.2819896,-7.1739154,-2.833615,0.0015839883,0.99759513,1.0561315e-05,0.000810376,1,6.447809,0.998416,False,0.026696367,Test
609,0,0.35097164,1.3923135,-6.865614,-4.5319276,0.26032683,0.73751,0.00019115949,0.001971981,1,1.3458173,0.73967314,False,0.84949607,Test
610,0,-0.27466187,1.7029669,-5.8611555,-2.79382,0.1203389,0.86951953,0.00045104808,0.009690574,1,2.1174433,0.8796611,False,0.6128401,Test
611,0,-0.7506867,3.635633,-7.5979576,-5.3062763,0.012291694,0.9875661,1.30580875e-05,0.00012916478,1,4.3988314,0.98770833,False,0.09771201,Test
612,0,-0.6112432,2.5547926,-6.6229453,-3.4152002,0.040361125,0.95709527,9.888128e-05,0.0024446703,1,3.2098882,0.9596389,False,0.26998487,Test
613,0,0.7163618,1.6630367,-5.455519,-5.627071,0.2792538,0.7196723,0.00058288814,0.0004909997,1,1.2756342,0.72074616,False,0.8671327,Test
614,0,-1.4668877,3.5606675,-7.121607,-3.4997995,0.006506431,0.9926186,2.2778746e-05,0.0008520413,1,5.034964,0.99349356,False,0.06691107,Test
615,0,-2.1937683,3.2898884,-7.2988286,-2.7911682,0.004127427,0.9935766,2.5036878e-05,0.002271078,1,5.490101,0.99587256,False,0.06225706,Test
616,0,-0.22861433,1.0854992,-6.1495633,-4.175928,0.21081749,0.78454685,0.0005655502,0.004070146,1,1.5567625,0.78918254,False,0.7865482,Test
617,1,1.0552537,0.41386113,-4.358752,-2.3085883,0.63872683,0.33632714,0.0028447397,0.022101264,0,1.0896709,0.66367286,False,1.0874208,Test
618,0,0.18309203,2.2748497,-6.018098,-4.689343,0.10978373,0.8891535,0.00022253345,0.00084036204,1,2.209243,0.8902163,False,0.5119032,Test
619,0,-0.1831668,1.4416335,-5.527224,-1.6909229,0.15863983,0.80547863,0.00075773534,0.035123844,1,1.8411188,0.84136015,False,0.85030234,Test
620,0,-0.47081965,0.5812632,-3.6973956,-0.26647767,0.19493102,0.55820626,0.0077374303,0.23912528,1,1.6351095,0.80506897,False,1.4772223,Test
621,1,2.1550474,-0.08387387,-5.1832767,-4.991178,0.90251774,0.0961844,0.00058676215,0.00071103254,0,2.3414881,0.9038156,False,0.47219875,Test
622,0,-0.7870021,1.0638295,-3.8323505,-0.6489969,0.11681326,0.7435293,0.0055579427,0.13409947,1,2.1471786,0.88318676,False,1.1100825,Test
623,0,0.34910452,-0.048873186,-3.4219463,-1.20122,0.52441573,0.35223797,0.012076167,0.111270055,0,0.6454705,0.47558427,True,1.44803,Test
624,0,1.1955607,0.9265824,-5.3521547,-4.480372,0.5652845,0.4319677,0.0008102714,0.0019374957,0,0.57042617,0.4347155,True,1.0140972,Test
625,1,-0.4741243,2.5427797,-6.300789,-3.540315,0.04656037,0.9511327,0.00013725493,0.0021696351,1,0.050101697,0.048867285,True,0.2957261,Test
626,0,-0.9618071,3.0365353,-6.872004,-3.7052624,0.017993774,0.98079956,4.879289e-05,0.0011578568,1,4.0177293,0.98200625,False,0.14372407,Test
627,0,1.9887106,-0.18519382,-6.647591,-5.9769044,0.8974587,0.102070384,0.00015933682,0.00031159588,0,0.10818823,0.10254133,True,0.48177013,Test
628,1,-1.1851313,2.2541645,-6.5201793,-2.3079522,0.03077379,0.95906526,0.00014831981,0.010012582,1,0.041796174,0.04093474,True,0.28077188,Test
629,0,-0.44076458,2.792609,-6.575437,-3.934307,0.037882168,0.96088445,8.2069266e-05,0.001151353,1,3.2732747,0.96211785,False,0.24655977,Test
630,1,1.4645293,-0.23599464,-4.1617084,-2.2240093,0.82562846,0.15074973,0.0029739975,0.02064775,0,1.8921343,0.84925026,False,0.7802907,Test
631,1,0.15958996,1.6041663,-4.9800735,-3.511625,0.18970434,0.8043569,0.0011116029,0.0048271283,1,0.21771224,0.19564313,True,0.7556378,Test
632,1,0.3352769,1.1502904,-5.4069796,-2.9724677,0.303121,0.68481284,0.00097226736,0.011093814,1,0.37860972,0.31518716,True,0.9778153,Test
633,0,-3.9567122,5.933077,-9.128489,-3.2025003,5.0681567e-05,0.99984133,2.875917e-07,0.00010774579,1,9.889948,0.99994934,False,0.002378372,Test
634,0,1.2593703,-0.6850556,-5.0924206,-1.9558986,0.8439121,0.12073794,0.0014714635,0.033878453,0,0.16970691,0.15608788,True,0.7541654,Test
635,0,0.13273154,-0.9406309,-1.8292617,-0.12431873,0.44330874,0.15154824,0.06231943,0.34282365,0,0.81348884,0.5566913,True,1.7118273,Test
636,0,0.40891227,-0.26973853,-3.489251,-0.42375028,0.50956196,0.25850126,0.010333472,0.2216033,0,0.6742039,0.49043804,True,1.5500869,Test
637,1,-0.9076073,1.3543675,-5.083813,-1.2056412,0.08803076,0.8452742,0.0013518584,0.06534314,1,0.16809417,0.15472579,True,0.783672,Test
638,0,0.03625886,-0.90498596,-2.3718688,0.74871165,0.28416258,0.11086373,0.02556998,0.57940364,3,1.2582086,0.7158374,False,1.4590503,Test
639,0,-3.2285438,4.0273724,-6.683223,-1.7227832,0.0007032353,0.9961047,2.222044e-05,0.00316989,1,7.259819,0.9992968,False,0.039632075,Test
640,0,0.22682089,-0.1163377,-3.7955613,-0.38849077,0.44093493,0.31285468,0.007897254,0.23831318,0,0.81885797,0.5590651,True,1.5936289,Test
641,0,-1.8010225,3.4548855,-5.947736,-2.5710118,0.005176672,0.99234456,8.187588e-05,0.002396893,1,5.2635927,0.99482334,False,0.07228808,Test
642,0,-2.4962223,4.616086,-8.73963,-3.393839,0.0008140762,0.9988526,1.5819319e-06,0.00033176856,1,7.1134567,0.9991859,False,0.013873962,Test
643,0,1.24595,1.1671137,-6.668193,-4.7808576,0.51894945,0.4796085,0.0001896953,0.0012523211,0,0.65594876,0.48105055,True,1.0139377,Test
644,0,0.3072552,-1.3340378,-2.5294824,0.8698828,0.33248833,0.06441276,0.019489331,0.58360964,3,1.1011505,0.6675117,False,1.3471916,Test
645,0,1.3572128,0.013797041,-5.609872,-4.4120193,0.79050297,0.20628396,0.0007449669,0.0024680728,0,0.23508587,0.20949703,True,0.7669945,Test
646,0,-3.6322997,5.1437583,-8.260712,-2.5359604,0.00015429009,0.9993824,1.5074542e-06,0.00046181935,1,8.776676,0.9998457,False,0.007990687,Test
647,1,-0.12903294,-0.6242606,-3.4255607,0.1713519,0.3336868,0.20335945,0.012350233,0.45060343,3,1.5927801,0.7966405,False,1.5921872,Test
648,0,0.18118131,-1.5205328,-2.828866,0.99679893,0.28634986,0.052221805,0.014113996,0.6473143,3,1.2505409,0.7136501,False,1.2319611,Test
649,0,-1.3345268,3.5866647,-6.5852103,-4.054725,0.0072339517,0.9922516,3.7934347e-05,0.00047644015,1,4.92897,0.992766,False,0.06839049,Test
650,0,-0.2738098,1.0766087,-5.2476807,-1.2232693,0.19037081,0.7346485,0.0013166661,0.07366399,1,1.6587815,0.8096292,False,1.0721943,Test
651,0,-2.1219711,3.0152383,-6.3796086,-1.5214916,0.0057777693,0.9836076,8.178839e-05,0.010532832,1,5.1537375,0.9942222,False,0.1367139,Test
652,0,1.19119,-1.1897404,-5.7684026,-3.5200298,0.90710545,0.08387506,0.0008612813,0.008158325,0,0.0974966,0.092894554,True,0.49286383,Test
653,0,1.353328,0.9298737,-5.9220185,-4.4470315,0.6029545,0.39480323,0.0004174857,0.0018248212,0,0.50591356,0.3970455,True,0.99072266,Test
654,0,-1.267555,3.9208348,-7.2180376,-4.2815475,0.00554842,0.99416476,1.4451324e-05,0.00027240126,1,5.194242,0.9944516,False,0.053430215,Test
655,0,-0.20352088,0.033188384,-3.5037348,-0.46962783,0.32570052,0.41268623,0.012010298,0.24960293,1,1.1217769,0.6742995,False,1.6304588,Test
656,0,0.2211526,1.2575511,-4.9332457,-4.11669,0.26056024,0.7345312,0.0015044624,0.003404136,1,1.3449212,0.7394397,False,0.8745264,Test
657,0,-1.6270435,4.9586744,-8.418554,-5.5438275,0.0013779944,0.99859303,1.5478608e-06,2.7428981e-05,1,6.5871263,0.998622,False,0.015569304,Test
658,0,0.39923993,1.1691395,-4.9698844,-2.6139953,0.31120268,0.67205757,0.0014496472,0.015290154,1,1.1673108,0.68879735,False,1.015297,Test
659,1,0.38763398,-1.0016793,-2.881223,0.22611217,0.4676953,0.116571374,0.017795755,0.3979376,0,2.1492515,0.88342863,False,1.5066638,Test
660,0,-0.16576353,2.1560862,-6.1016765,-3.0492184,0.088864416,0.90592957,0.00023485164,0.0049711787,1,2.4206436,0.91113555,False,0.48033,Test
661,0,0.71465945,-0.86420476,-3.4212606,-0.5931865,0.6699723,0.13815445,0.010711484,0.18116178,0,0.4005189,0.3300277,True,1.2982517,Test
662,0,-0.00034490228,0.9353414,-4.6291766,-1.3835088,0.2625008,0.66910464,0.0025636256,0.06583095,1,1.3375012,0.73749924,False,1.1748596,Test
663,0,-0.5060247,1.2628356,-5.738705,-1.7275952,0.1395815,0.8185292,0.00074525294,0.041144002,1,1.9691066,0.8604185,False,0.8301305,Test
664,0,-2.1347883,2.7986882,-6.607745,-1.7471573,0.007074822,0.98241985,8.074862e-05,0.01042465,1,4.951213,0.99292517,False,0.14540708,Test
665,0,-0.8788091,4.0100408,-7.6581893,-6.1786547,0.0074734585,0.99248075,8.497167e-06,3.731021e-05,1,4.8963976,0.99252653,False,0.064291626,Test
666,0,-0.018739164,2.442928,-6.0540533,-3.9657395,0.07845569,0.9198414,0.00018772439,0.0015151792,1,2.5452213,0.9215443,False,0.4154834,Test
667,0,1.7014804,-0.74365,-3.3199468,-2.884634,0.90620553,0.07858146,0.0059765233,0.009236395,0,0.09848911,0.093794465,True,0.52369946,Test
668,0,-0.8968705,1.86741,-4.7976294,-1.4280967,0.057222225,0.9079803,0.0011574087,0.033640012,1,2.860813,0.94277775,False,0.53853774,Test
669,0,0.5182916,2.0428371,-6.2263165,-4.782015,0.1785962,0.8203023,0.00021024523,0.0008912065,1,1.7226279,0.8214038,False,0.68986964,Test
670,0,2.6048937,-0.6916962,-6.1129155,-7.239589,0.9641102,0.035680905,0.00015777204,5.1135474e-05,0,0.03654969,0.035889804,True,0.22513805,Test
671,0,0.36979967,1.1028069,-6.3984895,-3.5061762,0.32224652,0.67070144,0.00037047386,0.00668149,1,1.1324384,0.67775345,False,0.96547174,Test
672,0,0.8063667,1.0671856,-5.3292036,-3.8081691,0.43288848,0.5618861,0.0009369832,0.0042885314,1,0.8372752,0.5671115,False,1.0333494,Test
673,0,0.6157247,-0.22820355,-3.7287974,-1.4383211,0.63645184,0.27368575,0.008259688,0.08160276,0,0.45184657,0.36354816,True,1.2786864,Test
674,0,0.72950786,1.7001256,-6.6520224,-4.2988048,0.27421698,0.72381616,0.00017074046,0.0017960808,1,1.2938355,0.725783,False,0.8678941,Test
675,0,1.9249892,-2.4125981,-2.7389297,-2.8155925,0.9697149,0.012672252,0.009143865,0.008469068,0,0.030753164,0.03028512,True,0.24311553,Test
676,0,-0.31774613,1.6491641,-4.9612765,-2.342881,0.120625004,0.8622945,0.0011608541,0.015919615,1,2.1150687,0.879375,False,0.65879595,Test
677,0,-0.5541055,1.9002453,-5.489426,-2.2661033,0.07796317,0.9074037,0.00056041154,0.014072731,1,2.5515187,0.9220368,False,0.50680435,Test
678,0,-1.3514557,2.6225257,-5.628971,-2.1035833,0.018287841,0.9728382,0.00025378205,0.008620204,1,4.0015187,0.98171216,False,0.20637353,Test
679,0,0.019166082,-0.38990635,-3.0890753,-0.22371837,0.40107366,0.26641965,0.017919756,0.314587,0,0.91361016,0.5989263,True,1.6658834,Test
680,0,0.9049461,-0.26354212,-3.5519726,-2.2284427,0.73206204,0.2275516,0.008490489,0.03189587,0,0.31189004,0.26793796,True,1.0323421,Test
681,0,-3.7244399,5.9654975,-9.373772,-3.3054657,6.189359e-05,0.9998437,2.1785722e-07,9.410306e-05,1,9.690094,0.99993813,False,0.002354116,Test
682,0,-0.03538674,1.8867491,-4.665949,-5.2973943,0.12738082,0.8707169,0.0012418706,0.0006604548,1,2.060574,0.87261915,False,0.57154393,Test
683,1,-1.1040812,3.4207823,-7.374928,-3.460127,0.010708932,0.9882556,2.0246585e-05,0.0010151456,1,0.011813914,0.01174438,True,0.09734438,Test
684,1,-3.5669968,5.9557347,-9.365685,-3.788161,7.315985e-05,0.9998679,2.2178602e-07,5.8643865e-05,1,0.00013207518,0.0001320839,True,0.0020248692,Test
685,0,0.3402844,-0.10081749,-4.4747815,-1.5479296,0.5547002,0.35685366,0.0044967816,0.08394936,0,0.5893275,0.4452998,True,1.3372384,Test
686,0,0.3046636,1.6751851,-5.689169,-3.1599464,0.20115936,0.7920456,0.00050170894,0.006293311,1,1.6036578,0.79884064,False,0.78331596,Test
687,0,-0.21508041,0.67435193,-3.9023743,-1.3241315,0.26394564,0.6423771,0.0066091134,0.08706822,1,1.3320122,0.73605436,False,1.2718713,Test
688,0,0.0878672,-1.0060751,-3.5579152,-0.66980755,0.54652286,0.18302701,0.014264781,0.25618538,0,0.6041792,0.45347714,True,1.5155679,Test
689,0,0.4948871,1.9620131,-5.7635546,-4.5121284,0.1870782,0.81131196,0.00035810997,0.0012517105,1,1.6762286,0.8129218,False,0.7133264,Test
690,0,0.35632178,1.7069545,-5.306833,-3.5855787,0.20480263,0.7905109,0.0007109822,0.003975484,1,1.5857085,0.79519737,False,0.77576023,Test
691,0,-0.03756798,-0.36355487,-3.2231,0.0391607,0.351751,0.25389904,0.014547099,0.37980282,3,1.0448316,0.64824903,False,1.6515943,Test
692,0,-0.8108517,3.0334208,-7.100492,-2.9676847,0.020902036,0.976641,3.87822e-05,0.0024181767,1,3.8679087,0.97909796,False,0.1715278,Test
693,0,-1.1935244,2.5047238,-6.0931225,-2.030539,0.023913743,0.9655534,0.00017814728,0.010354678,1,3.733302,0.97608626,False,0.2481229,Test
694,0,0.4252554,0.324697,-3.9150803,-2.1755025,0.50211346,0.45407742,0.006543618,0.037265513,0,0.6889292,0.49788654,True,1.2405887,Test
695,0,-0.008511618,0.78447866,-4.437296,-1.892198,0.29638827,0.6550166,0.0035356104,0.045059502,1,1.216085,0.70361173,False,1.150116,Test
696,0,-1.963923,4.191763,-7.795446,-4.086919,0.0021163456,0.9976242,6.2085205e-06,0.0002532685,1,6.1580644,0.9978837,False,0.02535871,Test
697,0,-0.10193077,2.2240527,-6.656461,-3.780882,0.088782996,0.90884876,0.00012639612,0.0022417223,1,2.42156,0.911217,False,0.45685562,Test
698,0,0.3591227,-1.0339727,-2.9457827,0.037217006,0.49756822,0.12354892,0.01826209,0.3606208,0,0.6980226,0.50243175,True,1.5098934,Test
699,0,0.35898614,-1.012064,-2.6036448,0.41376686,0.42340016,0.107476,0.021882491,0.4472414,3,0.8594375,0.57659984,False,1.5106779,Test
700,0,-1.158175,3.6554654,-7.602957,-4.184819,0.008049631,0.9915474,1.2789189e-05,0.00039023056,1,4.8221292,0.9919504,False,0.07276961,Test
701,0,0.93499357,1.0055425,-4.32091,-4.8767524,0.48046756,0.51558834,0.0025064223,0.001437656,1,0.73299557,0.51953244,False,1.0360717,Test
702,0,0.93663734,0.4654283,-4.1316338,-3.1206634,0.6068565,0.3788284,0.0038191245,0.010495975,0,0.4994629,0.39314348,True,1.0674673,Test
703,0,0.6710057,1.4117517,-6.46791,-4.3647118,0.32208246,0.67556787,0.00025560858,0.0020940294,1,1.1329477,0.67791754,False,0.930384,Test
704,0,0.71599287,0.8895798,-5.5621066,-3.2819395,0.4525308,0.53831434,0.0008493842,0.008305545,1,0.79289955,0.5474692,False,1.0646985,Test
705,0,-1.0997736,3.0269086,-6.058036,-3.8231108,0.015861774,0.98298544,0.00011143092,0.0010414092,1,4.143843,0.98413825,False,0.13094403,Test
706,0,1.2105832,0.082582,-3.6571848,-3.1381748,0.74388546,0.24078052,0.005720858,0.009613125,0,0.29586822,0.25611454,True,0.9191725,Test
707,0,-0.54431576,1.4749724,-4.694303,-0.99170816,0.10883742,0.8198679,0.0017157804,0.069579,1,2.2179,0.8911626,False,0.86648333,Test
708,0,-0.13240576,2.511152,-6.139107,-3.3632538,0.066202655,0.9310177,0.00016300396,0.002616591,1,2.7150347,0.93379736,False,0.37981603,Test
709,0,0.8477749,0.37265846,-5.5135474,-3.197004,0.60936475,0.3789107,0.0010524224,0.010672157,0,0.4953383,0.39063525,True,1.0462804,Test
710,0,0.64147633,2.447138,-6.102071,-4.789948,0.14105265,0.8581637,0.00016622487,0.0006173671,1,1.958622,0.85894734,False,0.5966161,Test
711,0,0.4776621,0.3663382,-4.3243284,-1.3007327,0.48267874,0.43182802,0.003964425,0.08152881,0,0.728404,0.5173212,True,1.3568609,Test
712,1,1.3080263,-0.21441688,-4.695342,-2.0755923,0.797084,0.17390633,0.0019691298,0.027040655,0,1.7492385,0.8260937,False,0.8582225,Test
713,0,0.3684481,0.66489196,-4.623407,-1.6122456,0.40163326,0.54022366,0.002728316,0.055414747,1,0.9122158,0.59836674,False,1.2630057,Test
714,0,-0.8650828,2.9091787,-6.6509023,-4.1267853,0.02241815,0.976654,6.8841466e-05,0.00085913297,1,3.7978842,0.97758186,False,0.1658203,Test
715,1,1.2853134,0.20212422,-6.127127,-2.8626938,0.7380544,0.24984193,0.00044556026,0.011658204,0,1.3869269,0.7501581,False,0.90316296,Test
716,0,0.7683503,0.43208382,-5.871811,-2.9767818,0.5749201,0.41074175,0.0007513152,0.013586802,0,0.55352414,0.42507988,True,1.0784377,Test
717,0,-0.66670185,1.7150853,-5.9079685,-1.9668077,0.0826308,0.89441466,0.0004374101,0.022517137,1,2.493373,0.9173692,False,0.5693377,Test
718,0,-1.758707,3.921581,-8.230386,-5.019257,0.0034005072,0.99646384,5.259317e-06,0.0001304683,1,5.6838307,0.9965995,False,0.03475265,Test
719,0,-0.6954345,0.47115722,-4.630794,-1.0052581,0.20144455,0.6468445,0.00393596,0.14777498,1,1.6022412,0.79855543,False,1.3112817,Test
720,0,1.4373834,-0.12036799,-5.0053697,-2.8761966,0.8159358,0.17184351,0.0012989845,0.010921744,0,0.20341963,0.18406421,True,0.75970876,Test
721,0,-1.0786293,3.1020179,-7.0933347,-3.131509,0.01502879,0.98300534,3.670883e-05,0.0019291653,1,4.197788,0.9849712,False,0.13326253,Test
722,0,-0.6988686,2.472114,-6.5565124,-2.6518009,0.04003907,0.9541666,0.00011443044,0.005679843,1,3.2178996,0.95996094,False,0.29433334,Test
723,0,-1.0864458,3.400119,-8.201922,-4.412082,0.011129343,0.9884615,9.04185e-06,0.00040009557,1,4.4981704,0.9888707,False,0.093441315,Test
724,0,-0.15337837,0.5111866,-2.8605382,-2.0830789,0.3169007,0.6159424,0.021145532,0.046011347,1,1.1491668,0.68309927,False,1.2780337,Test
725,0,-0.42247283,0.20372847,-4.12706,-0.38971856,0.25455663,0.47614607,0.0062647336,0.2630325,1,1.3682319,0.74544334,False,1.5648355,Test
726,0,0.2844356,1.6600137,-5.887233,-3.0632942,0.20021561,0.792326,0.0004180001,0.007040402,1,1.6083604,0.7997844,False,0.7856964,Test
727,0,0.26235753,0.62143886,-3.6662927,-1.6646206,0.38501948,0.55135304,0.007573412,0.056054026,1,0.9544612,0.6149805,False,1.2901284,Test
728,0,0.12782086,-0.35154423,-3.5986762,-0.2946946,0.43503803,0.26936528,0.010474422,0.28512222,0,0.8323218,0.56496197,True,1.6171856,Test
729,0,3.081224,-2.848354,-4.709883,-3.860441,0.9959766,0.0026489038,0.0004117317,0.00096276985,0,0.0040315078,0.004023373,True,0.042746246,Test
730,0,-0.6483399,2.4098096,-6.1833506,-2.474292,0.0445372,0.9481136,0.00017575113,0.007173348,1,3.1114304,0.9554628,False,0.32608935,Test
731,0,1.207777,-0.09587082,-3.617461,-2.347825,0.76445097,0.2075786,0.0061344453,0.021835908,0,0.2685974,0.23554903,True,0.93262535,Test
732,0,-1.0321968,1.1486094,-4.3799453,-0.7710433,0.08938922,0.79140216,0.0031432312,0.11606537,1,2.414755,0.9106108,False,0.96526724,Test
733,0,0.4802739,-0.6831731,-3.0725625,0.20082651,0.47681433,0.14896034,0.013657526,0.36056772,0,0.74062806,0.5231857,True,1.5338997,Test
734,0,0.470699,1.5832883,-5.648628,-3.2142107,0.24572892,0.7475628,0.0005405879,0.0061676577,1,1.4035263,0.7542711,False,0.8624881,Test
735,0,0.46495163,2.3685417,-6.1651287,-4.4688344,0.12955955,0.8693368,0.00017102598,0.0009327244,1,2.0436149,0.8704405,False,0.5691286,Test
736,0,2.9537656,-0.5841114,-5.689316,-6.01219,0.9714595,0.028245172,0.00017130973,0.00012403939,0,0.028955719,0.028540492,True,0.18968037,Test
737,0,0.46354407,-1.2622391,-2.7641,-0.00010992773,0.5415166,0.096408136,0.021471566,0.3406037,0,0.61338156,0.4584834,True,1.4527737,Test
738,0,1.0811551,0.008387055,-4.1024246,-2.774434,0.7305513,0.24989267,0.004096857,0.0154592935,0,0.3139558,0.2694487,True,0.95632476,Test
739,0,0.71387714,-0.53634864,-4.0684223,-1.2397392,0.696099,0.19939068,0.0058310227,0.09867933,0,0.3622634,0.30390102,True,1.200631,Test
740,0,0.2976535,0.24267901,-4.67723,-0.90742284,0.44383535,0.42009428,0.003066602,0.13300374,0,0.81230164,0.5561646,True,1.4584662,Test
741,0,0.24972731,2.0486515,-6.0379343,-3.144388,0.14127141,0.85372335,0.00026263797,0.004742516,1,1.9570723,0.8587286,False,0.6333958,Test
742,0,-1.4151733,4.5564423,-7.681143,-5.2977457,0.0025434853,0.9973992,4.832294e-06,5.2390144e-05,1,5.97422,0.9974565,False,0.02649976,Test
743,0,1.2818143,-0.7149263,-3.4281633,-1.2024802,0.81422186,0.1105527,0.007332051,0.06789337,0,0.20552237,0.18577814,True,0.9081308,Test
744,0,-0.14830467,1.1786807,-5.5638943,-1.6720204,0.20032015,0.7551393,0.00089076697,0.043649904,1,1.6078384,0.7996799,False,0.9768689,Test
745,0,0.23098743,0.025124688,-3.6225252,-0.5292493,0.43427178,0.35347328,0.0092087835,0.20304626,0,0.83408475,0.5657282,True,1.5822053,Test
746,0,0.7342483,0.22177354,-4.9272895,-2.494882,0.6089836,0.36478806,0.0021175372,0.024110826,0,0.495964,0.39101642,True,1.1148486,Test
747,0,-1.3587346,3.685805,-7.3219476,-2.9693105,0.006394877,0.9923111,1.6445298e-05,0.0012775206,1,5.052258,0.99360514,False,0.07020272,Test
748,0,0.9903191,1.567952,-6.228218,-4.198948,0.358664,0.6390732,0.00026285538,0.0019999435,1,1.0253692,0.64133596,False,0.9644347,Test
749,1,-1.2343676,1.4890922,-5.138247,-0.9570832,0.056906648,0.8668552,0.001147439,0.07509068,1,0.14288333,0.1331448,True,0.70570254,Test
750,0,-1.3645477,1.7484113,-4.984639,-1.9107945,0.041505173,0.93334687,0.0011115179,0.02403644,1,3.1819372,0.95849484,False,0.4236048,Test
751,1,0.98282343,-1.1186281,-3.1759477,-0.61792564,0.74646306,0.0912766,0.011664792,0.15059546,0,2.3938608,0.9087234,False,1.1163563,Test
752,0,-0.9371726,2.5041502,-5.871802,-2.649329,0.030849053,0.9633616,0.00022190122,0.0055675204,1,3.4786491,0.96915096,False,0.25108492,Test
753,0,1.1126659,0.28409088,-5.4481483,-2.814103,0.68596846,0.29954258,0.0009704627,0.01351855,0,0.37692365,0.31403154,True,0.9876235,Test
754,1,0.79627764,1.1386075,-4.6905875,-3.640649,0.41250762,0.5809034,0.0017081134,0.0048808907,1,0.5431708,0.4190966,True,1.0353767,Test
755,0,-1.1903031,0.90989906,-3.8448148,-0.19735026,0.08377071,0.6842241,0.0058918586,0.22611332,1,2.4796717,0.9162293,False,1.2028947,Test
756,0,0.10335773,-0.9835678,-2.5003054,0.12970893,0.4101798,0.13833386,0.030354124,0.4211322,3,0.8911597,0.5898202,False,1.6006019,Test
757,0,0.29942286,-1.3677272,-2.5613055,0.8141045,0.34256932,0.06467173,0.019604236,0.57315475,3,1.0712812,0.65743065,False,1.3564059,Test
758,0,-1.7249653,3.2546463,-6.1249847,-2.8771734,0.006814493,0.990949,8.3662206e-05,0.0021529594,1,4.9887037,0.9931855,False,0.082251154,Test
759,0,-0.08876781,-0.41334167,-3.062077,0.30143183,0.30757454,0.22232573,0.015727459,0.45437238,3,1.1790379,0.6924255,False,1.616779,Test
760,0,-0.6597559,1.2362583,-5.6657267,-1.316407,0.12218096,0.8136395,0.0008183479,0.06336123,1,2.102252,0.87781906,False,0.87323874,Test
761,0,-0.15844734,0.17597027,-2.7743888,-0.5423315,0.31731567,0.44333014,0.023195438,0.21615872,1,1.1478581,0.6826843,False,1.6493734,Test
762,0,-0.12338081,1.5065014,-4.823287,-3.4062483,0.16260453,0.8298154,0.0014790723,0.006101005,1,1.8164343,0.8373955,False,0.70823795,Test
763,0,-0.44597298,1.7672887,-7.312311,-4.414914,0.09837259,0.89966625,0.00010253249,0.0018585954,1,2.318993,0.9016274,False,0.4845678,Test
764,1,-1.2556818,2.680364,-5.0475516,-2.2469907,0.01900804,0.97350955,0.0004286956,0.0070537035,1,0.026847662,0.02649045,True,0.20159237,Test
765,0,1.5679631,-2.372424,-3.722047,-1.0814329,0.91309506,0.017751198,0.004603558,0.06455025,0,0.090915285,0.08690494,True,0.51393706,Test
766,1,-0.42153913,0.3217982,-3.088811,0.005637722,0.21252598,0.4469298,0.0147581035,0.3257861,1,0.8053537,0.5530702,True,1.61101,Test
767,0,1.3659556,-0.5259386,-3.3900712,-2.1593158,0.84116346,0.12683561,0.007233762,0.024767062,0,0.17296925,0.15883654,True,0.7713273,Test
768,0,0.43539876,1.5656339,-4.9663696,-3.9054825,0.24307725,0.7526607,0.0010959386,0.0031660919,1,1.414376,0.7569227,False,0.84160465,Test
769,0,0.6812665,-1.5474858,-2.7824612,0.13824639,0.5814067,0.0625958,0.018205484,0.337792,0,0.54230475,0.4185933,True,1.3392568,Test
770,1,0.011257812,-0.018005379,-3.2048938,-0.7531654,0.40373495,0.39209157,0.016193451,0.18797997,0,0.93625987,0.6079084,False,1.607519,Test
771,0,2.8797731,-0.78339005,-7.267165,-7.7892814,0.97493094,0.025008192,3.82133e-05,2.2670576e-05,0,0.025388645,0.025069058,True,0.1697004,Test
772,0,-0.06363708,3.5072174,-7.8285522,-5.640696,0.027358912,0.97252595,1.1610181e-05,0.00010351733,1,3.598713,0.9726411,False,0.18269104,Test
773,0,0.29614747,1.5624361,-4.706584,-4.928074,0.2193095,0.7780359,0.0014736651,0.0011808833,1,1.5172713,0.7806905,False,0.78712684,Test
774,0,-2.5985482,4.6021705,-8.083165,-3.9502218,0.000745347,0.99905866,3.0932852e-06,0.00019290094,1,7.2016606,0.99925464,False,0.0115384115,Test
775,0,-0.7973611,1.6707667,-5.5671787,-1.7682613,0.07582905,0.89480805,0.0006431764,0.028719641,1,2.5792737,0.924171,False,0.57956624,Test
776,0,-0.6022226,2.0109794,-5.653499,-2.3676891,0.067475595,0.920547,0.000431922,0.011545541,1,2.6959894,0.9325244,False,0.45153356,Test
777,0,-0.48369288,2.7457159,-5.946978,-4.848053,0.03804932,0.9613052,0.00016131412,0.00048409353,1,3.268872,0.96195066,False,0.24153377,Test
778,0,0.21798116,0.7599439,-4.331496,-1.6532887,0.34675518,0.59620327,0.0036661497,0.053375356,1,1.0591364,0.65324485,False,1.2300059,Test
779,0,0.5755022,1.0366024,-4.436555,-3.2795343,0.382607,0.606745,0.0025470892,0.008100872,1,0.96074677,0.617393,False,1.0459133,Test
780,0,-2.6775544,3.979666,-7.687323,-2.6956797,0.0012814385,0.9974516,8.550328e-06,0.0012584216,1,6.659772,0.99871856,False,0.02825175,Test
781,0,-0.13224791,1.8217894,-6.614378,-3.5664132,0.12359558,0.87222904,0.00018916877,0.0039862436,1,2.0907404,0.8764044,False,0.5789366,Test
782,0,-0.33858198,3.3122213,-7.2340517,-4.2650013,0.025299601,0.974176,2.5612333e-05,0.00049875973,1,3.6769667,0.9747004,False,0.1768405,Test
783,0,1.372519,-1.0243758,-2.8935926,-1.60003,0.86489546,0.07870556,0.012139897,0.04425904,0,0.14514665,0.13510454,True,0.7460867,Test
784,0,0.014229,0.31451428,-4.414985,-1.3978671,0.38375932,0.5181687,0.0045758914,0.09349608,1,0.9577397,0.6162407,False,1.3769575,Test
785,0,-0.98439425,2.361996,-5.907751,-2.9624429,0.03384593,0.96122557,0.00024621806,0.004682209,1,3.3859365,0.9661541,False,0.25935924,Test
786,0,-1.2444332,1.3680336,-4.6734033,-1.5854602,0.065036,0.8866123,0.002108487,0.046243176,1,2.7328143,0.934964,False,0.63416415,Test
787,0,-0.5842337,0.83300656,-4.218803,-0.68048346,0.16500694,0.68077224,0.0043554087,0.14986545,1,1.8017678,0.83499306,False,1.2511117,Test
788,0,-1.0993433,1.4468583,-4.8139296,-1.1136283,0.067710616,0.86388934,0.0016498043,0.06675026,1,2.6925123,0.93228936,False,0.72128654,Test
789,0,0.6735022,0.6724547,-4.6388416,-3.5091376,0.49526,0.4947415,0.0024418093,0.007556762,0,0.70267236,0.50474,True,1.0788035,Test
790,1,1.0563192,-0.40469557,-4.4461174,-1.7790331,0.77233475,0.17918223,0.003148674,0.045334376,0,1.719352,0.82081777,False,0.9608196,Test
791,0,0.28058207,0.8728528,-4.015259,-2.9064987,0.34928313,0.6315351,0.0047590206,0.014422681,1,1.0518725,0.6507169,False,1.0737154,Test
792,0,0.019330263,2.7822242,-8.293835,-4.5408998,0.059324864,0.94004005,1.4550399e-05,0.00062051753,1,2.8247268,0.94067514,False,0.33246386,Test
793,0,0.64535326,2.1092606,-6.144665,-4.7323046,0.18766794,0.81125414,0.00021111676,0.0008667682,1,1.6730812,0.81233203,False,0.70919275,Test
794,1,-2.1218677,3.5425909,-7.4936814,-2.644269,0.003447926,0.9944911,1.601802e-05,0.0020449453,1,0.005524131,0.0055088997,True,0.05465409,Test
795,0,1.1148603,1.6780806,-6.3776493,-4.804736,0.36237624,0.6364483,0.00020193151,0.0009734455,1,1.0150723,0.6376238,False,0.9577865,Test
796,0,-0.07376821,2.2051363,-5.798403,-4.8365717,0.092783466,0.9061211,0.00030289587,0.0007925219,1,2.3774867,0.90721655,False,0.45882306,Test
797,0,0.07345629,0.3402724,-3.3831844,-0.53971326,0.3473468,0.45356557,0.010953763,0.18813394,1,1.0574316,0.6526532,False,1.57201,Test
798,0,-0.8055269,2.6536915,-7.1724577,-4.3619466,0.030467017,0.9686111,5.232475e-05,0.00086955377,1,3.4911106,0.96953297,False,0.20760202,Test
799,0,-1.0691073,3.2004502,-6.5248556,-3.5401921,0.013778136,0.9849989,5.885579e-05,0.0011641579,1,4.2846723,0.98622185,False,0.11882163,Test
800,0,-1.1342516,3.2278516,-6.8801694,-2.8688684,0.012562564,0.9851804,4.0147464e-05,0.0022168893,1,4.377034,0.9874374,False,0.12068331,Test
801,0,-0.41106075,3.0063136,-6.145607,-3.4635954,0.031706046,0.96669376,0.00010248503,0.0014977636,1,3.451248,0.96829396,False,0.22052069,Test
802,0,-0.2938817,0.13760772,-2.829514,-1.6617144,0.34801745,0.5357899,0.027567025,0.088625535,1,1.0555025,0.65198255,False,1.4649698,Test
803,0,0.15591705,1.8176079,-5.3746276,-3.121606,0.1584812,0.8349124,0.0006281925,0.0059781615,1,1.8421192,0.8415188,False,0.6893496,Test
804,1,1.3215985,-0.081771895,-3.9836798,-3.3624609,0.7936672,0.19505739,0.0039408086,0.007334616,0,1.6344614,0.8049426,False,0.80804145,Test
805,0,-0.14215565,0.086685404,-4.5246634,-1.0979007,0.3767668,0.47364944,0.0047073206,0.14487645,1,0.9761289,0.6232332,False,1.4814072,Test
806,0,-1.9600716,2.3004384,-5.9702516,-1.4629483,0.013603921,0.96378475,0.00024664088,0.022364644,1,4.297397,0.9863961,False,0.2612051,Test
807,0,0.08128931,-0.5400447,-3.227396,-2.5760999,0.60830116,0.32679597,0.022242052,0.04266082,0,0.49708518,0.39169884,True,1.2798047,Test
808,0,-0.7550231,3.3828106,-6.277369,-4.9636807,0.015702093,0.98400176,6.275284e-05,0.00023343229,1,4.153961,0.98429793,False,0.12068835,Test
809,0,-0.7571568,0.9307342,-3.9960577,-0.820747,0.13539752,0.73223835,0.0053085247,0.1270556,1,1.9995402,0.86460245,False,1.138106,Test
810,1,-0.9552761,1.1908609,-3.9209316,-0.6696898,0.091459274,0.7821377,0.004712593,0.1216904,1,0.2457245,0.21786231,True,0.99908006,Test
811,0,0.24785402,-0.1999582,-2.8346195,-1.4115804,0.53330004,0.34079188,0.024449524,0.1014585,0,0.6286711,0.46669996,True,1.4787776,Test
812,0,-0.72733366,2.5258958,-6.5835085,-3.5089025,0.037121493,0.9604729,0.00010624805,0.0022993516,1,3.293559,0.9628785,False,0.25382525,Test
813,0,0.6581605,2.2205265,-6.6489925,-5.1984406,0.1732014,0.82618695,0.00011617028,0.0004955207,1,1.7533002,0.8267986,False,0.672649,Test
814,0,0.94952744,0.21852225,-4.5290327,-2.0190363,0.65062773,0.31322834,0.0027165907,0.033427328,0,0.42981762,0.34937227,True,1.1150639,Test
815,0,-1.9456856,3.285081,-6.448731,-2.0034764,0.0052940613,0.9896506,5.863284e-05,0.004996786,1,5.2411695,0.9947059,False,0.09390782,Test
816,0,-1.4830348,2.9970324,-5.520255,-2.915659,0.011173568,0.98596233,0.00019717391,0.0026669274,1,4.4942045,0.98882645,False,0.117786765,Test
817,0,-1.0792341,2.8365734,-6.8504157,-4.49009,0.019521449,0.9797733,6.0830276e-05,0.00064446044,1,3.9362416,0.9804785,False,0.1474253,Test
818,0,-1.48825,1.5715594,-5.2121134,-1.1751659,0.042166922,0.89914614,0.0010179316,0.05766903,1,3.166119,0.95783305,False,0.57799953,Test
819,0,-0.09816733,2.6682293,-6.009703,-4.7867303,0.059125617,0.94017035,0.00016011362,0.00054394954,1,2.828091,0.9408744,False,0.33283508,Test
820,0,0.19771713,-1.2528739,-2.791621,0.46900904,0.38514715,0.0902907,0.019380886,0.5051813,3,0.9541298,0.61485285,False,1.4513354,Test
821,0,-0.11750102,1.4662977,-4.7698317,-2.318516,0.16684286,0.81309766,0.0015915716,0.01846796,1,1.7907028,0.8331571,False,0.7948855,Test
822,0,-1.1880093,5.1348486,-10.011483,-6.5080004,0.0017915751,0.99819934,2.6378433e-07,8.765814e-06,1,6.3246603,0.9982084,False,0.019095728,Test
823,0,0.019638687,2.2038565,-6.18057,-3.0380745,0.100677356,0.894387,0.00020427513,0.0047313357,1,2.2958343,0.8993226,False,0.51653105,Test
824,0,-0.019652426,-0.5043251,-2.6942682,-0.10706391,0.384448,0.23678105,0.026501268,0.3522697,0,0.9559468,0.615552,True,1.6913885,Test
825,0,-0.0754863,2.4094718,-7.6479278,-5.739801,0.076895855,0.92279786,3.9557915e-05,0.00026663815,1,2.5653033,0.92310417,False,0.39529657,Test
826,0,-0.6375416,2.0926602,-5.3390584,-3.638449,0.060994938,0.9354172,0.0005539249,0.003034005,1,2.7969644,0.9390051,False,0.36759287,Test
827,0,0.700485,-1.0312245,-3.4361277,-0.53222954,0.6736462,0.11922298,0.010762762,0.19636801,0,0.3950502,0.3263538,True,1.281253,Test
828,0,-0.10439204,2.233512,-5.8888435,-3.3145506,0.08769679,0.90849495,0.00026966733,0.0035385853,1,2.4338698,0.9123032,False,0.465724,Test
829,1,1.0101237,-0.32895374,-4.7527914,-2.6207795,0.7741607,0.20289771,0.0024323657,0.020509254,0,1.5950532,0.7971023,False,0.8889255,Test
830,0,0.14517173,-1.2704947,-2.9851093,0.8185431,0.30794758,0.07475851,0.013459007,0.6038349,3,1.1778257,0.6920524,False,1.3261025,Test
831,0,1.1016684,1.5368693,-5.554474,-4.8879976,0.39230084,0.6062121,0.00050453754,0.0009825178,1,0.93572634,0.60769916,False,0.9826852,Test
832,0,-0.18444379,0.8355728,-4.184802,-1.4973216,0.24626936,0.6829642,0.004508965,0.06625746,1,1.4013294,0.75373065,False,1.168179,Test
833,0,-0.5455896,1.6589003,-5.3401628,-2.6730177,0.098106116,0.8893934,0.000811782,0.011688692,1,2.3217056,0.90189385,False,0.5623708,Test
834,0,-0.87648004,0.6752669,-3.6777809,-0.5646375,0.13993101,0.66043353,0.008498151,0.1911373,1,1.9666058,0.860069,False,1.3070545,Test
835,0,0.37502065,0.15910836,-3.8460367,-2.6307657,0.5347625,0.43091482,0.007851977,0.026470643,0,0.6259325,0.4652375,True,1.1998621,Test
836,0,-0.84015644,1.4298506,-5.3564463,-1.6367174,0.08975632,0.8687936,0.0009809918,0.040469058,1,2.410657,0.9102437,False,0.68550456,Test
837,0,1.004704,0.9090885,-4.4070244,-4.9958405,0.5219875,0.47438923,0.0023301095,0.0012931733,0,0.6501116,0.4780125,True,1.0327393,Test
838,0,-0.021845609,0.7377641,-5.01898,-1.5581332,0.29767418,0.6362612,0.002011468,0.06405305,1,1.2117558,0.7023258,False,1.2073928,Test
839,0,-1.4683182,1.8985616,-5.476397,-0.79195464,0.03127656,0.9066431,0.00056824106,0.06151202,1,3.4648864,0.9687234,False,0.5381262,Test
840,0,-1.0554302,1.6322163,-4.410575,-1.8345988,0.061763722,0.90774417,0.0021558201,0.028336411,1,2.784439,0.9382363,False,0.5396489,Test
841,0,0.21715903,1.6569444,-5.641421,-3.0506227,0.19008745,0.80212915,0.00054275594,0.007240588,1,1.660271,0.80991256,False,0.7678276,Test
842,0,-0.2929079,1.0471203,-5.3085847,-1.7023686,0.19723634,0.7532755,0.0013082963,0.048179913,1,1.6233525,0.80276364,False,0.9931684,Test
843,0,-2.5769367,4.4985776,-7.064272,-3.9883153,0.0008446612,0.99893993,9.502937e-06,0.00020593431,1,7.076575,0.99915534,False,0.012832292,Test
844,0,-1.2577987,3.6906178,-7.614016,-3.798771,0.00704066,0.9923924,1.2222027e-05,0.00055473216,1,4.9560533,0.9929593,False,0.0674742,Test
845,0,-0.38004377,0.9897608,-4.350124,-1.3133548,0.18703115,0.7358894,0.0035296371,0.073549904,1,1.6764802,0.81296885,False,1.0836276,Test
846,0,0.6914168,1.3179199,-6.4963164,-4.575306,0.34758765,0.650356,0.00026270692,0.0017937246,1,1.0567385,0.65241235,False,0.95307857,Test
847,0,-0.012007698,0.7119635,-4.669024,-1.083026,0.29284617,0.60402685,0.0027805006,0.10034649,1,1.2281079,0.7071538,False,1.3146293,Test
848,0,-0.6769349,3.102538,-6.584639,-3.9955206,0.022305554,0.9768262,6.063585e-05,0.00080755027,1,3.8029196,0.97769445,False,0.16456693,Test
849,0,-0.081606045,2.912206,-6.898793,-4.529229,0.047677092,0.9517126,5.219671e-05,0.0005581253,1,3.0433042,0.9523229,False,0.28405768,Test
850,0,-0.52225435,0.3245977,-3.4301493,-0.4804845,0.22575717,0.52653193,0.012324204,0.23538671,1,1.4882953,0.7742428,False,1.5413842,Test
851,0,2.649719,0.34127012,-5.3427367,-8.102962,0.9092772,0.090396106,0.00030733852,1.9447616e-05,0,0.095105246,0.0907228,True,0.44210768,Test
852,0,-2.1234963,4.0112777,-7.3549547,-3.5017238,0.00216033,0.9972836,1.15485345e-05,0.000544457,1,6.137494,0.9978397,False,0.029135091,Test
853,0,1.0585437,0.017825019,-4.3087707,-2.2315779,0.71678585,0.2531693,0.0033449868,0.026699785,0,0.33297816,0.28321415,True,1.0131402,Test
854,0,-0.076006144,2.7459378,-6.766375,-3.2725987,0.05601726,0.94162196,6.961961e-05,0.0022911807,1,2.8820953,0.9439827,False,0.3356874,Test
855,0,-0.30697858,1.8450276,-5.2948523,-2.047249,0.10220359,0.87916535,0.000697044,0.017933961,1,2.2807884,0.8977964,False,0.61098963,Test
856,0,0.6890382,0.079521954,-3.1367865,-1.1300219,0.57884026,0.31466556,0.012618978,0.09387522,0,0.54672873,0.42115974,True,1.3814745,Test
857,0,1.4793944,-0.36942995,-6.6401024,-5.679622,0.86318696,0.13588473,0.000256952,0.0006714033,0,0.14712396,0.13681304,True,0.5846435,Test
858,0,0.57248527,0.03281118,-4.4401793,-2.727316,0.61482394,0.35840437,0.0040905164,0.022681164,0,0.48641932,0.38517606,True,1.1183606,Test
859,0,0.44811553,-0.7635269,-4.2931695,-0.5137343,0.5921993,0.1763024,0.0051683756,0.22632986,0,0.52391195,0.40780067,True,1.413448,Test
860,0,-0.02474282,-0.3612648,-3.5868113,-0.3899123,0.41038957,0.29312083,0.011646881,0.2848428,0,0.8906484,0.58961046,True,1.6371601,Test
861,0,-0.20529048,2.4154787,-5.7487445,-3.6866558,0.06765455,0.92999935,0.00026473159,0.0020814177,1,2.6933408,0.93234545,False,0.3819402,Test
862,0,-0.3545095,0.83465767,-4.8090177,-1.2893986,0.21328329,0.70049584,0.0024796394,0.083741285,1,1.545134,0.7867167,False,1.156265,Test
863,1,0.22924173,0.30504826,-3.5604799,-1.2119901,0.4277175,0.4614019,0.009667226,0.101213396,1,0.7734858,0.53859806,True,1.4381118,Test
864,0,-1.9827092,5.046993,-7.9371276,-5.0754714,0.0008843749,0.99907315,2.2943807e-06,4.01298e-05,1,7.0306296,0.99911565,False,0.010935713,Test
865,0,-0.09805775,2.0073464,-5.271139,-2.9663432,0.10784131,0.8854225,0.00061114546,0.0061249794,1,2.2270944,0.8921587,False,0.55349255,Test
866,0,-0.014877647,0.5579505,-4.626628,-0.8459337,0.3106749,0.5509121,0.003086374,0.1353266,1,1.1690083,0.6893251,False,1.4140254,Test
867,0,-1.0096955,2.9538038,-6.280672,-2.8287137,0.018584413,0.978306,9.549766e-05,0.0030141114,1,3.9854321,0.98141557,False,0.16432746,Test
868,0,1.73437,-0.6044979,-3.9239492,-4.794881,0.90794754,0.087559514,0.003167261,0.0013256932,0,0.096568696,0.09205246,True,0.4731116,Test
869,0,-2.892807,4.9418497,-7.355807,-3.1955183,0.00039550418,0.99930775,4.5592633e-06,0.00029220333,1,7.835349,0.9996045,False,0.0089806365,Test
870,0,-0.995874,2.2097619,-6.211448,-2.0119748,0.038404502,0.9474844,0.00020858685,0.013902567,1,3.2595806,0.9615955,False,0.34264773,Test
871,0,-1.1360114,2.9171479,-6.632221,-2.9732137,0.017023467,0.98019546,6.9835216e-05,0.0027111971,1,4.0731626,0.98297656,False,0.15240465,Test
872,1,2.0120292,2.366567,-7.7237425,-8.598142,0.41226822,0.5876972,2.4377438e-05,1.0168135e-05,1,0.5315434,0.4123028,True,0.9782417,Test
873,0,0.71952677,0.68455416,-4.5090766,-2.227269,0.4941931,0.4772086,0.002649373,0.025948938,0,0.7048289,0.5058069,True,1.171233,Test
874,0,-0.49739078,2.5961578,-6.932133,-4.9667106,0.043349605,0.9560843,6.9568414e-05,0.0004965744,1,3.1384578,0.9566504,False,0.26463613,Test
875,0,0.8279097,-0.16063915,-3.9512002,-1.5126125,0.6771411,0.2519752,0.0056903386,0.06519334,0,0.38987562,0.32285893,True,1.1812018,Test
876,1,-1.6115613,4.4718003,-7.6604857,-4.869696,0.0022750974,0.997632,5.3701388e-06,8.75004e-05,1,0.0023707636,0.0023679733,True,0.02466079,Test
877,0,-0.30034795,0.8438484,-5.4220786,-1.838506,0.22932312,0.7200556,0.0013680707,0.049253184,1,1.4726232,0.77067685,False,1.0553375,Test
878,0,-0.7581664,1.3899355,-6.0730634,-2.6377063,0.102815546,0.88098305,0.00050562475,0.015695855,1,2.2748187,0.89718443,False,0.59809226,Test
879,0,-0.5585451,2.975714,-7.025658,-4.5966682,0.028337605,0.97111875,4.402826e-05,0.0004996071,1,3.5635657,0.9716624,False,0.1928631,Test
880,0,-0.6745672,1.172418,-4.264503,-1.8223528,0.13011323,0.82500565,0.0035911382,0.041289963,1,2.0393503,0.86988676,False,0.8307918,Test
881,0,-1.634351,4.34799,-7.5008535,-4.2544823,0.0025160855,0.99729353,7.1274735e-06,0.00018315414,1,5.985051,0.9974839,False,0.028020298,Test
882,0,-1.456245,3.0028934,-6.407384,-2.86938,0.011407258,0.9857357,8.07103e-05,0.002776288,1,4.4735055,0.98859274,False,0.1187282,Test
883,0,-0.6248444,1.8390456,-5.4165025,-2.0802822,0.07697027,0.90443397,0.0006387522,0.017957028,1,2.564336,0.9230297,False,0.526737,Test
884,0,-0.68838984,0.7898424,-3.779639,-0.8897593,0.160045,0.7018273,0.00727327,0.13085446,1,1.8323002,0.839955,False,1.2171587,Test
885,0,-1.3872905,3.2649765,-6.318192,-2.7535,0.0094264345,0.988101,6.8058805e-05,0.0024044192,1,4.6642375,0.9905736,False,0.10235588,Test
886,0,-1.4643536,3.296851,-6.139358,-2.4695098,0.008455805,0.98837066,7.88545e-05,0.0030947186,1,4.772902,0.9915442,False,0.101777315,Test
887,0,-0.0948337,1.8851668,-5.5484514,-3.0558527,0.12049945,0.87274694,0.00051583286,0.006237791,1,2.11611,0.87950057,False,0.59057313,Test
888,0,0.46656233,0.63951325,-4.763564,-2.3565853,0.44373855,0.5275198,0.0023752658,0.026366333,1,0.8125197,0.5562614,False,1.1659049,Test
889,1,0.50379354,0.6928424,-4.7272925,-2.467528,0.44156286,0.5334521,0.0023613519,0.022623716,1,0.628386,0.4665479,True,1.1486177,Test
890,0,0.20810816,1.5312488,-6.067726,-2.8088448,0.20807205,0.78135145,0.0003914294,0.010185157,1,1.5698708,0.79192793,False,0.82120776,Test
891,0,0.4017862,0.78482157,-3.2884364,-3.85276,0.39905885,0.58531153,0.00996308,0.0056664473,1,0.91864634,0.6009412,False,1.0897043,Test
892,0,0.9576749,-1.128353,-3.4572895,-0.5990718,0.74233806,0.092183106,0.00897857,0.15650032,0,0.2979505,0.25766194,True,1.1159513,Test
893,0,-0.55238396,3.3364058,-7.1168785,-4.1860514,0.020048294,0.9793937,2.8258795e-05,0.0005296582,1,3.9096112,0.9799517,False,0.14869112,Test
894,0,1.3077745,1.1890357,-5.604877,-3.867906,0.5277916,0.46869987,0.0005252137,0.0029832728,0,0.63905376,0.47220838,True,1.0297636,Test
895,0,0.5995807,-0.444821,-2.7432945,-0.4254876,0.5727346,0.20154662,0.0202377,0.20548113,0,0.5573328,0.4272654,True,1.5092217,Test
896,0,0.50835294,-0.23777872,-4.494319,-1.2983857,0.60786355,0.2882473,0.004084824,0.09980435,0,0.49780488,0.39213645,True,1.3180906,Test
897,1,-1.6117613,2.076337,-5.6503296,-1.1715223,0.023507578,0.939569,0.00041426675,0.036509108,1,0.062334053,0.060431004,True,0.39069566,Test
898,0,1.5934839,-1.6683441,-3.0989227,-1.3178475,0.9075348,0.034775183,0.008317197,0.04937284,0,0.0970234,0.09246522,True,0.5673,Test
899,0,-1.0732834,2.9043958,-6.1448636,-3.382951,0.018349113,0.97971386,0.00011509486,0.0018219616,1,3.998174,0.9816509,False,0.15289457,Test
900,0,0.6042051,1.5864272,-5.594046,-3.146107,0.27056813,0.72252065,0.00055006036,0.0063611655,1,1.3072314,0.72943187,False,0.9014267,Test
901,0,-0.38763443,1.4047549,-5.1464853,-1.8536149,0.13806039,0.8288842,0.0011839313,0.031871445,1,1.9800642,0.8619396,False,0.78877604,Test
902,0,0.14887264,1.3852394,-5.5802884,-3.6426454,0.2237691,0.7704551,0.00072720554,0.005048529,1,1.4971406,0.77623093,False,0.8192823,Test
903,0,0.0041041225,0.08233401,-4.278564,-0.38970253,0.36105496,0.39043444,0.0049846442,0.24352595,1,1.0187252,0.63894504,False,1.5947999,Test
904,1,0.98840123,0.15013942,-4.471361,-2.9726834,0.6869271,0.29706955,0.0029225764,0.013080774,0,1.213789,0.70293045,False,0.99880636,Test
905,0,-1.9599664,3.1792808,-6.6657467,-2.0878232,0.005797899,0.9890476,5.242952e-05,0.005102029,1,5.15026,0.9942021,False,0.098390006,Test
906,0,0.9184186,0.4491001,-5.6637874,-3.1719146,0.6084402,0.38053578,0.0008425628,0.010181433,0,0.4968566,0.39155978,True,1.0425498,Test
907,0,1.2630813,1.4381685,-5.693075,-4.224184,0.45528173,0.54239994,0.00043377033,0.0018844785,1,0.7868388,0.54471827,False,1.017431,Test
908,0,0.043333374,-0.67306834,-2.5539865,0.46868232,0.32329983,0.15793419,0.024077076,0.4946889,3,1.1291752,0.6767002,False,1.5789431,Test
909,0,0.22897124,0.6364721,-3.9810414,-2.8800857,0.39023688,0.5865482,0.005793527,0.017421363,1,0.94100124,0.60976315,False,1.1260772,Test
910,1,-0.26048243,2.4602242,-6.3017797,-4.464929,0.061696567,0.93723565,0.00014674349,0.0009210707,1,0.0648205,0.06276435,True,0.34674194,Test
911,0,1.8713515,-0.35990506,-5.9872947,-4.0220017,0.90046495,0.096704,0.00034793656,0.002483224,0,0.10484405,0.09953505,True,0.4876084,Test
912,0,0.06853181,1.1935929,-4.6638236,-2.2903066,0.23902057,0.73628014,0.0021047443,0.022594603,1,1.4312056,0.7609794,False,0.9609836,Test
913,1,-0.2984148,2.7282486,-6.578692,-3.729464,0.046162687,0.9522572,8.645727e-05,0.0014935003,1,0.048920106,0.047742784,True,0.2872235,Test
914,0,1.0943267,1.2277403,-5.484989,-3.0095682,0.46283022,0.5288865,0.0006427782,0.007640518,1,0.770395,0.5371698,False,1.0609857,Test
915,0,-1.4856057,3.178826,-6.7528024,-3.3287807,0.009322382,0.9891537,4.8085312e-05,0.0014758634,1,4.6753373,0.9906776,False,0.09301211,Test
916,0,0.29324687,-1.2557349,-3.225685,0.61020976,0.38240233,0.08124681,0.011330991,0.5250199,3,0.9612821,0.6175977,False,1.3858427,Test
917,0,1.9273577,-1.0317414,-4.8708415,-4.124377,0.9475663,0.049146116,0.001057278,0.0022303588,0,0.053858407,0.05243373,True,0.31735218,Test
918,0,0.066869795,1.2055207,-5.195908,-1.4438144,0.22996473,0.71807706,0.0011914228,0.05076676,1,1.4698293,0.77003527,False,1.0606014,Test
919,0,0.6109021,1.9346969,-5.634087,-6.397385,0.21006201,0.78934044,0.0004075523,0.00018997096,1,1.5603524,0.789938,False,0.74919754,Test
920,0,0.615697,0.2621755,-4.387419,-1.3572562,0.5411333,0.37998968,0.0036347832,0.075242214,0,0.6140896,0.45886672,True,1.3201507,Test
921,0,0.98483926,0.2454613,-4.900537,-1.3679123,0.6348006,0.30306065,0.0017646184,0.060374055,0,0.4544443,0.3651994,True,1.1988093,Test
922,0,-0.44047832,-0.1292551,-4.585146,-0.13608004,0.26761213,0.36531568,0.004241306,0.3628309,1,1.3182166,0.7323879,False,1.6037802,Test
923,1,0.12585093,1.543384,-4.898493,-2.5827806,0.19230287,0.7936199,0.0012645643,0.012812742,1,0.23115069,0.20638013,True,0.8147766,Test
924,0,-0.3343675,0.17172737,-3.2299228,-1.9066433,0.34227335,0.56776327,0.018916875,0.07104646,1,1.0721456,0.65772665,False,1.3724113,Test
925,0,0.45322734,-1.2567858,-2.7002516,0.5551448,0.42902642,0.07759518,0.018320847,0.47505754,3,0.84623677,0.5709736,False,1.4257914,Test
926,0,-0.3313384,2.6182566,-5.801899,-3.9400463,0.0496783,0.948767,0.00020908963,0.0013456274,1,3.002187,0.9503217,False,0.3025454,Test
927,1,0.0076513737,0.79806256,-4.9349623,-1.3563988,0.2884287,0.6357841,0.0020582054,0.073729105,1,0.4528963,0.3642159,True,1.2284834,Test
928,0,0.7345517,-0.853328,-2.3957903,-1.2172314,0.7193821,0.14701182,0.031439047,0.10216708,0,0.32936266,0.2806179,True,1.241616,Test
929,0,0.83975136,0.2523148,-6.130559,-2.6327863,0.62983096,0.3500286,0.0005916389,0.0195488,0,0.46230385,0.37016904,True,1.0674952,Test
930,0,0.5022045,0.8528725,-5.088481,-2.6097264,0.4051432,0.57530975,0.0015121845,0.018034918,1,0.90351474,0.5948568,False,1.1056086,Test
931,0,-0.7441382,1.8670962,-6.2396016,-2.298834,0.06742539,0.91805387,0.000276805,0.014243858,1,2.6967337,0.9325746,False,0.4662004,Test
932,0,0.22801527,0.35124364,-4.6359944,-2.3362672,0.45129678,0.51048106,0.003483772,0.03473829,1,0.7956301,0.5487032,False,1.2100579,Test
933,0,0.38100213,1.8630146,-6.3873887,-3.094946,0.18403064,0.81006527,0.00021155112,0.0056925267,1,1.692653,0.81596935,False,0.7406001,Test
934,0,-2.0989008,3.8159084,-7.131914,-2.9571874,0.0026887935,0.9961539,1.7528611e-05,0.0011397463,1,5.9186625,0.99731123,False,0.03991746,Test
935,0,-2.6268892,5.862658,-9.178904,-6.115137,0.00020556261,0.99978787,2.9338702e-07,6.28084e-06,1,8.489759,0.9997944,False,0.0029386727,Test
936,0,-0.9400094,3.1385524,-6.722155,-3.7944462,0.016633084,0.98235774,5.1264757e-05,0.0009578701,1,4.0963616,0.9833669,False,0.1338607,Test
937,0,1.131686,0.78917575,-8.164705,-6.3852344,0.58458287,0.41504556,5.3638243e-05,0.000317899,0,0.5368567,0.41541713,True,0.98377705,Test
938,0,-0.3676956,2.9099834,-7.509107,-4.2216477,0.036315903,0.9628857,2.8748906e-05,0.00076974486,1,3.3154995,0.9636841,False,0.2346423,Test
939,0,-1.1984866,4.5633073,-8.272686,-5.6105022,0.003135473,0.9968239,2.6547132e-06,3.8035516e-05,1,5.764975,0.9968645,False,0.031260688,Test
940,1,1.6908324,-0.9136824,-5.4819727,-2.5028324,0.9176022,0.06784659,0.000703955,0.0138474265,0,2.6905062,0.9321534,False,0.47005847,Test
941,0,1.6474135,-1.1103058,-4.0765376,-1.859632,0.91183597,0.057843488,0.002978765,0.027341744,0,0.09229519,0.08816403,True,0.52622336,Test
942,0,2.2775025,-1.20864,-4.040142,-3.694766,0.9662102,0.02958415,0.0017432249,0.0024623417,0,0.03437387,0.033789814,True,0.23548704,Test
943,0,-0.22724915,0.6751904,-4.585742,-1.1246854,0.25733256,0.6344819,0.0032932546,0.10489219,1,1.357386,0.74266744,False,1.288748,Test
944,0,-1.2990742,3.0912213,-6.668185,-2.9835794,0.012216807,0.9854596,5.6909164e-05,0.0022666606,1,4.4049425,0.9877832,False,0.11917731,Test
945,0,-3.3215728,5.312653,-8.077105,-3.1065993,0.00017784009,0.99960023,1.5301313e-06,0.00022049132,1,8.634625,0.99982214,False,0.005500042,Test
946,0,-1.6947591,4.9119606,-8.200322,-5.317592,0.0013493822,0.9986125,2.0174602e-06,3.603782e-05,1,6.6081085,0.9986506,False,0.015434724,Test
947,0,1.0138886,-0.16647144,-3.3713412,-1.674353,0.72065395,0.22136192,0.008979363,0.049004767,0,0.32759622,0.27934605,True,1.0964428,Test
948,0,0.1508036,0.4079363,-4.7581925,-1.2137454,0.39122215,0.505935,0.0028871782,0.09995565,1,0.9384797,0.6087779,False,1.3834794,Test
949,1,-2.44331,4.475897,-8.217,-3.3960662,0.0009872585,0.998629,3.0686624e-06,0.0003807624,1,0.0013719918,0.001371026,True,0.016214896,Test
950,0,-0.68622804,2.626031,-6.350696,-2.8953078,0.0350136,0.96102035,0.00012139192,0.0038445524,1,3.3520186,0.9649864,False,0.25687265,Test
951,1,0.15775666,1.5714474,-5.9469447,-2.7937593,0.19358861,0.7958622,0.0004321571,0.010117021,1,0.22832923,0.2041378,True,0.79263926,Test
952,0,-0.29563373,1.80339,-5.629505,-2.3992167,0.10770006,0.8786388,0.0005196908,0.0131413955,1,2.2284052,0.89229995,False,0.5980508,Test
953,0,0.27438894,-0.5861862,-2.5317054,-1.1687233,0.5815472,0.24594724,0.035149056,0.13735652,0,0.5420631,0.4184528,True,1.5156546,Test
954,0,-2.2545512,4.309955,-8.155911,-3.2881021,0.0014068255,0.9980889,3.848685e-06,0.0005004663,1,6.5664196,0.99859315,False,0.02163857,Test
955,0,0.9790233,0.8184341,-4.8985953,-4.8338604,0.5383777,0.458505,0.0015082372,0.0016091024,0,0.619195,0.4616223,True,1.02582,Test
956,0,-2.051029,3.295356,-6.52666,-1.9898963,0.0047187,0.9902113,5.3713153e-05,0.005016166,1,5.3562217,0.9952813,False,0.08959722,Test
957,0,0.59713304,0.6904318,-4.9347672,-1.7053455,0.45418236,0.4985967,0.0017978629,0.045423076,1,0.7892565,0.5458176,False,1.2367783,Test
958,0,-1.7884903,3.5723953,-7.4089904,-2.4327111,0.004663263,0.99287134,1.6894197e-05,0.0024485467,1,5.3680396,0.9953367,False,0.067868285,Test
959,0,-0.19065148,1.9584832,-5.9086905,-2.6467683,0.10345021,0.8873372,0.0003399528,0.008872652,1,2.2686648,0.8965498,False,0.55600584,Test
960,0,-1.3953733,3.232095,-6.2053037,-2.7410507,0.009659658,0.9877467,7.871098e-05,0.00251502,1,4.639797,0.99034035,False,0.10501991,Test
961,0,-0.09873293,0.17883575,-4.547377,-0.9399021,0.36194938,0.4777431,0.0042327847,0.15607476,1,1.0162508,0.6380506,False,1.4914001,Test
962,0,0.17948774,0.007776715,-4.2657404,-1.1086888,0.46954304,0.3954597,0.00550982,0.12948738,0,0.75599533,0.53045696,True,1.464617,Test
963,0,0.5971505,0.7774897,-4.7598553,-2.220125,0.44206572,0.5294283,0.0020843411,0.026421633,1,0.81629676,0.5579343,False,1.1634222,Test
964,0,-1.0430257,1.2434641,-4.623514,-0.7483886,0.08189445,0.805869,0.0022817508,0.10995469,1,2.502324,0.91810554,False,0.91681165,Test
965,0,3.0917518,-2.059189,-4.4836183,-4.6606607,0.9933084,0.00575518,0.00050949835,0.0004268291,0,0.0067140465,0.006691575,True,0.06279646,Test
966,0,-0.56461453,3.3629313,-7.364791,-5.499123,0.01930856,0.98053104,2.15016e-05,0.00013890563,1,3.9472067,0.98069143,False,0.13988066,Test
967,0,0.45847434,0.9276659,-4.9732647,-3.3409786,0.38088566,0.60892236,0.0016665579,0.008525371,1,0.9652561,0.61911434,False,1.0401814,Test
968,0,1.5156765,-0.7408632,-5.118686,-2.6703377,0.891875,0.09339018,0.001172295,0.013562543,0,0.11442928,0.10812497,True,0.5622447,Test
969,0,0.13706204,-0.8699259,-3.3486557,0.1713369,0.41138405,0.15028587,0.01260142,0.42572862,3,0.88822806,0.58861595,False,1.5420928,Test
970,0,-0.7663882,0.5141492,-3.3610904,0.02881668,0.14517716,0.5224306,0.010840104,0.32155213,1,1.9298005,0.8548229,False,1.4906439,Test
971,0,-0.07117243,1.2381705,-4.935359,-2.264172,0.20733815,0.7679265,0.0016002574,0.023135109,1,1.5734042,0.79266185,False,0.9037681,Test
972,0,-1.6537526,1.7332348,-4.3930507,-0.60295856,0.029849637,0.88285404,0.0019287544,0.0853676,1,3.5115826,0.97015035,False,0.63038135,Test
973,0,-0.30143166,2.6114016,-7.086321,-2.908378,0.051324762,0.9448315,5.8034606e-05,0.0037856873,1,2.9695818,0.9486752,False,0.32851338,Test
974,0,0.24438146,-1.3418833,-2.980302,0.79446906,0.33581138,0.068736814,0.013354667,0.58209705,3,1.0912056,0.6641886,False,1.3317527,Test
975,0,0.25809026,1.7315257,-5.850424,-3.3837938,0.1854383,0.80929023,0.00041238757,0.0048590275,1,1.6850331,0.8145617,False,0.73983014,Test
976,0,0.1433376,0.5984965,-3.9562008,-1.5902724,0.3610565,0.56917804,0.005986433,0.063779026,1,1.0187209,0.6389435,False,1.2908716,Test
977,0,0.34785366,0.28874376,-4.322396,-1.9957813,0.48829287,0.4602664,0.004575271,0.046865426,0,0.7168399,0.5117071,True,1.2627178,Test
978,1,-1.3847969,3.1321192,-5.959983,-2.94154,0.010778886,0.98683757,0.000111069785,0.0022724227,1,0.013249802,0.013162434,True,0.110725224,Test
979,0,-3.846908,5.7403874,-9.007947,-2.5079365,6.8572015e-05,0.99966955,3.9331093e-07,0.00026161046,1,9.587626,0.99993145,False,0.004546928,Test
980,0,-1.7232852,1.9026381,-5.6190124,-1.285775,0.02491991,0.9359764,0.00050658657,0.0385971,1,3.6920881,0.9750801,False,0.40885484,Test
981,0,0.22479782,1.3438439,-5.4174933,-2.3618014,0.24150202,0.73946273,0.00085606123,0.018179208,1,1.4208775,0.75849795,False,0.93088037,Test
982,0,0.14989503,0.9243309,-4.871003,-1.6423041,0.2991719,0.64901394,0.0019741151,0.04984007,1,1.206737,0.7008281,False,1.1589925,Test
983,0,-1.3650157,2.174486,-5.2019124,-2.3669324,0.027902966,0.9612501,0.00060159946,0.010245275,1,3.5790222,0.97209704,False,0.2730284,Test
984,0,2.4756193,-2.3023272,-4.7160573,-2.9870648,0.9867691,0.008301943,0.0007428653,0.0041860263,0,0.013319207,0.01323092,True,0.11713924,Test
985,1,-1.1323767,1.8731825,-5.78173,-2.0831902,0.046310227,0.93535113,0.0004430862,0.0178955,1,0.06683325,0.06464887,True,0.404264,Test
986,0,0.57298625,1.3647169,-5.8523135,-3.052526,0.30907425,0.68219274,0.00050071493,0.008232332,1,1.1741737,0.6909257,False,0.96245724,Test
987,0,1.1385427,1.7138168,-7.183148,-5.765353,0.3598592,0.63969207,8.7512104e-05,0.00036125074,1,1.0220425,0.6401408,False,0.9482351,Test
988,0,0.57413477,-0.6967471,-3.7724447,-0.41979393,0.60108626,0.16865523,0.0077846893,0.22247389,0,0.5090169,0.39891374,True,1.411414,Test
989,0,0.41043586,1.8147885,-5.1447716,-4.4294796,0.1966698,0.80101436,0.0007605746,0.0015552106,1,1.626229,0.8033302,False,0.74021,Test
990,0,1.7668746,1.3214598,-6.1370544,-6.1850705,0.60928065,0.39027992,0.00022500115,0.00021445264,0,0.4954763,0.39071935,True,0.9706402,Test
991,0,-0.37677175,-0.8718282,-3.4475925,0.6249994,0.22836159,0.13919473,0.010592114,0.6218516,3,1.476825,0.7716384,False,1.3782177,Test
992,0,0.00321351,1.1676255,-5.1295037,-2.00962,0.23022652,0.73765457,0.001358453,0.030760458,1,1.4686916,0.7697735,False,0.97907925,Test
993,0,-4.51395,6.478523,-9.23854,-3.2502499,1.6826607e-05,0.99992347,1.4932533e-07,5.9540747e-05,1,10.992549,0.9999832,False,0.0012163458,Test
994,1,0.547093,-1.2956659,-2.9586978,0.3685627,0.49385116,0.07821608,0.014826905,0.41310588,0,2.54828,0.9217839,False,1.4071851,Test
995,0,-0.60758585,2.1461422,-6.2809052,-2.7244446,0.0594357,0.93320346,0.00020424715,0.00715661,1,2.8228602,0.9405643,False,0.388633,Test
996,0,-0.97600824,2.74379,-6.3650002,-2.6562755,0.023558818,0.97194403,0.00010758305,0.0043895766,1,3.748255,0.9764412,False,0.20309547,Test
997,0,-0.38244042,1.7366157,-5.8644567,-2.9564714,0.10634152,0.88510984,0.00044247977,0.008106163,1,2.2410996,0.89365846,False,0.56091034,Test
998,0,-1.3866847,1.3389276,-4.745165,-0.39503157,0.052642025,0.8036203,0.0018313149,0.1419064,1,2.9442406,0.94735795,False,0.8934783,Test
999,1,-2.6555665,4.568128,-7.595338,-3.1540546,0.0007282463,0.9988242,5.2115042e-06,0.00044237208,1,0.0011764994,0.0011758208,True,0.014306643,Test
