,class,class_class_logit_0_resnet,class_class_logit_1_resnet,class_class_logit_2_resnet,class_class_logit_3_resnet,class_class_logit_4_resnet,class_class_logit_5_resnet,class_class_logit_6_resnet,class_class_logit_7_resnet,class_class_prob_0_resnet,class_class_prob_1_resnet,class_class_prob_2_resnet,class_class_prob_3_resnet,class_class_prob_4_resnet,class_class_prob_5_resnet,class_class_prob_6_resnet,class_class_prob_7_resnet,class_pred_label_resnet,crossentropy_loss_resnet,incorrect_class_prob_resnet,correct_resnet,entropy_resnet,split
0,20,3.5704198,-13.813139,-5.085302,13.429871,-8.347984,-0.21473677,-5.413065,-24.530813,5.2248222e-05,1.4739681e-12,9.097863e-09,0.9999466,3.4831693e-10,1.1863124e-06,6.55532e-09,3.2648293e-17,3,,,,0.00084419514,Test
1,13,8.156222,-10.505323,-8.891126,12.126934,-8.787051,-1.6397463,-3.4969504,-21.194439,0.018510867,1.4548573e-10,7.3090006e-10,0.9814879,8.110659e-10,1.0306031e-06,1.60886e-07,3.3158625e-15,3,,,,0.13302171,Test
2,20,0.30334637,-5.888879,-4.256511,6.5122256,-4.764127,0.103673145,-1.0574573,-10.442571,0.0020030518,4.096786e-06,2.0959036e-05,0.995805,1.2615861e-05,0.0016404963,0.0005136919,4.3132044e-08,3,,,,0.045389634,Test
3,1,-0.73596555,-2.9584508,-0.8355122,1.871602,-1.6206217,0.84840053,-1.6813823,-6.315124,0.04703459,0.005095705,0.04257796,0.63807184,0.019418517,0.22935005,0.018273769,0.00017759053,3,,,,1.5591084,Test
4,13,-2.2210984,-5.5973964,-1.982406,4.5086555,-2.70074,-0.48636818,-1.3538129,-7.1008143,0.0011793573,4.0303024e-05,0.0014972977,0.98705286,0.00073002843,0.006683888,0.002807389,8.962135e-06,3,,,,0.12451391,Test
5,16,-11.549169,-6.7102823,14.226408,-2.265454,1.2205449,-2.550182,-7.60812,-3.8850126,6.394519e-12,8.0781043e-10,0.9999976,6.881365e-08,2.24711e-06,5.176287e-08,3.291425e-10,1.3624147e-08,2,,,,4.8884394e-05,Test
6,1,-0.889994,-1.9846944,-2.1197603,-0.08627814,-2.1843848,1.8537539,-0.1805736,-6.3458805,0.046046633,0.015409041,0.013462239,0.10286019,0.012619761,0.71580136,0.09360419,0.00019666925,5,,,,1.4656034,Test
7,1,3.342041,-8.748492,-5.172492,7.919004,-3.7658882,1.4272854,-4.5772,-16.834648,0.010165964,5.7055423e-08,2.0386096e-06,0.9883217,8.3217365e-06,0.0014982383,3.6971385e-06,1.7559964e-11,3,,,,0.09835353,Test
8,1,-5.3656,-6.6245856,5.0040975,3.5437472,-2.296737,0.039193105,-4.0694056,-10.936174,2.5298143e-05,7.1832037e-06,0.80647534,0.18722723,0.0005443508,0.005628084,9.2473776e-05,9.634278e-08,2,,,,0.75251406,Test
9,11,-5.4588633,-5.631759,10.380913,1.144578,-1.352213,1.9323758,-7.322295,-11.719405,1.320486e-07,1.1108255e-07,0.9996803,9.74029e-05,8.021016e-06,0.00021414513,2.0485906e-08,2.5224034e-10,2,,,,0.004511449,Test
10,1,1.5621413,-12.567784,-7.1713147,11.218486,-5.2837486,3.202538,-5.039093,-20.531773,6.3992884e-05,4.6728618e-11,1.030955e-08,0.99960583,6.807678e-08,0.00033002518,8.694639e-08,1.6250485e-14,3,,,,0.005280801,Test
11,1,-5.527107,-3.7962642,7.259861,-0.6848811,1.0500119,-0.44749963,-5.207055,-3.7221394,2.7890287e-06,1.5745207e-05,0.9971551,0.00035351267,0.0020038232,0.00044822745,3.841049e-06,1.695667e-05,2,,,,0.031738557,Test
12,1,-4.6506205,-5.0577793,5.047731,0.35964987,2.2546997,-0.83803856,-4.7402353,-4.3826656,5.7184072e-05,3.8058162e-05,0.9315697,0.008574475,0.057044964,0.0025885596,5.2282438e-05,7.475599e-05,2,,,,0.41521057,Test
13,7,-4.3509655,-6.8481264,1.7771012,1.0106311,3.8706408,0.8516772,-5.5566297,-7.160829,0.0002185658,1.7991983e-05,0.100223064,0.046568688,0.8131683,0.039724756,6.54589e-05,1.3160554e-05,4,,,,0.9702193,Test
14,3,0.18005188,-3.4315248,4.090078,1.0144188,-1.3919013,-0.16247503,-4.474107,-8.911504,0.01846454,0.000498713,0.9213851,0.0425304,0.0038339617,0.013109341,0.00017581796,2.0793434e-06,2,,,,0.5293721,Test
15,20,6.1565914,-14.2802105,-10.87643,15.446377,-9.36866,-0.5657086,-3.8979025,-25.456415,9.235434e-05,1.229892e-13,3.6992176e-12,0.9999075,1.670807e-11,1.1117309e-07,3.9705044e-09,1.7222736e-18,3,,,,0.0013738216,Test
16,16,-3.500487,-7.6149125,1.7455281,-1.5786095,7.198917,-0.9135458,-7.1383185,-7.7549963,2.2451524e-05,3.6675286e-07,0.0042614876,0.00015342861,0.995263,0.00029835955,5.906845e-07,3.1881305e-07,4,,,,0.046186242,Test
17,1,-0.8635284,-5.5384,0.56172734,4.1386065,-1.6026407,-0.7276148,-3.08722,-8.430417,0.006425478,5.9928636e-05,0.026723053,0.9556635,0.0030684075,0.007360916,0.0006952941,3.3238975e-06,3,,,,0.3349327,Test
18,1,-0.6924566,-3.6000838,-2.6165268,3.4775927,-3.7859418,-1.3735821,-0.026315968,-5.0365696,0.014613402,0.00079796655,0.0021337236,0.9457594,0.0006626248,0.0073950686,0.028448049,0.0001897261,3,,,,0.40011567,Test
19,16,-10.625715,-7.4456396,14.948435,-1.5471675,2.8336852,-1.9978936,-9.3682375,-7.0452247,7.8214145e-12,1.8809404e-10,0.9999944,6.8556524e-08,5.4780826e-06,4.368178e-08,2.7504296e-11,2.8071936e-10,2,,,,0.00010654423,Test
20,19,3.010275,-11.426894,-7.476927,12.095565,-7.586364,-0.22608171,-2.6104171,-19.710606,0.00011330717,6.0851955e-11,3.1602685e-09,0.99988186,2.832668e-09,4.453747e-06,4.1041363e-07,1.5371065e-14,3,,,,0.0017436468,Test
21,3,0.55037075,-4.620722,-1.7057197,4.3181596,-3.3052244,1.0578685,-2.606167,-10.116854,0.021682767,0.00012312265,0.0022714708,0.9385223,0.0004588291,0.03601788,0.00092309754,5.051242e-07,3,,,,0.41442007,Test
22,20,0.62014985,-5.1799636,1.8452548,4.2320013,-4.258538,0.44298336,-3.8917115,-11.787863,0.023641588,7.1568116e-05,0.08048835,0.87555575,0.00017984126,0.019803148,0.0002595376,9.6593e-08,3,,,,0.70654047,Test
23,20,3.10521,-13.316281,-9.164638,13.659338,-7.856551,1.2858559,-3.5257654,-22.622593,2.6084796e-05,1.925856e-12,1.2236596e-10,0.9999697,4.5264248e-10,4.2291394e-06,3.4402568e-08,1.7496262e-16,3,,,,0.0005173996,Test
24,13,-6.033138,-4.7479672,7.896822,-0.6876021,0.3947193,3.0668647,-6.443249,-9.368125,8.841378e-07,3.196413e-06,0.99134505,0.00018537743,0.00054714567,0.007917739,5.8669343e-07,3.148865e-08,2,,,,0.07601958,Test
25,19,-6.3692584,-4.3678455,10.162264,-0.3593583,-0.712294,1.3081847,-6.1774187,-9.817106,6.612545e-08,4.892958e-07,0.99981076,2.6942354e-05,1.89303e-05,0.00014277101,8.010939e-08,2.1037185e-09,2,,,,0.002816513,Test
26,20,-3.0875845,-6.768316,-2.799807,5.061562,-3.1443434,3.2898178,-1.649426,-11.207087,0.0002465276,6.213617e-06,0.00032873498,0.8530906,0.00023292468,0.14505623,0.0010386042,7.3385635e-08,3,,,,0.61955297,Test
27,20,-0.04018395,-3.146754,3.0200927,1.8048708,-2.3299553,-0.4827116,-3.4611301,-7.6035957,0.033917204,0.0015179374,0.72357136,0.21464324,0.0034354609,0.021788774,0.0011084649,1.7606457e-05,2,,,,1.1536152,Test
28,1,-2.756029,-3.1493914,0.04059802,1.9098699,-1.8204356,-1.7013452,-1.0337445,-1.415753,0.007185855,0.0048489007,0.11777093,0.7635765,0.018314768,0.020631071,0.040221386,0.027450662,3,,,,1.2990862,Test
29,19,-2.5025952,-4.9427204,1.4068443,4.001751,-3.3501675,1.3737091,-2.4241686,-9.626601,0.0013008077,0.000113365284,0.06487255,0.8689897,0.000557336,0.062758215,0.0014069325,1.0478437e-06,3,,,,0.7160397,Test
30,13,-2.5335443,-3.167138,0.041346096,1.7565038,-2.512862,-1.3073514,-0.581789,-3.6430955,0.010057285,0.0053372113,0.13205093,0.7338799,0.01026746,0.034277536,0.07081371,0.0033159573,3,,,,1.3527685,Test
31,11,-2.9372878,-3.342745,1.7815379,-0.16477734,0.5635067,-0.46148103,-2.6286058,-2.6757913,0.005637118,0.0037581092,0.63156366,0.090186834,0.18682411,0.06703265,0.0076756645,0.007321897,2,,,,1.623532,Test
32,13,-1.534329,-4.2003746,-1.5326637,3.8976502,-3.1862414,0.6681929,-1.1446432,-7.554452,0.004142659,0.00028802519,0.0041495627,0.94701695,0.000794077,0.037481956,0.0061167045,1.0064049e-05,3,,,,0.374287,Test
33,1,4.3802814,-6.945119,-5.470631,6.3037963,-2.8422074,-1.1190292,-3.5543935,-13.95997,0.12738499,1.5365957e-06,6.7130723e-06,0.87194717,9.298893e-05,0.00052095245,4.5617642e-05,1.3805365e-09,3,,,,0.5587845,Test
34,20,-3.2978928,-11.000547,-3.1156578,9.955329,-5.5660386,1.1225734,-2.2066731,-16.516502,1.7544121e-06,7.923399e-10,2.105112e-06,0.9998448,1.815884e-07,0.000145853,5.2244673e-06,3.186852e-12,3,,,,0.0022513692,Test
35,1,6.4683924,-11.46474,-9.532062,12.859155,-8.164597,-0.13095178,-3.7646692,-21.53309,0.001674166,2.7260772e-11,1.8831704e-10,0.9983235,7.39218e-10,2.2789757e-06,6.0205565e-08,1.1558688e-15,3,,,,0.01790057,Test
36,11,-12.273223,-7.09642,18.204473,-1.6536403,-0.30351207,1.4684814,-9.612903,-13.718898,5.803701e-14,1.02792505e-11,1.0,2.3753661e-09,9.163973e-09,5.3907705e-08,8.299797e-13,1.3672767e-14,2,,,,1.7867353e-06,Test
37,3,2.806987,-6.571263,-1.8712873,6.5466013,-5.398364,0.42259306,-3.7798932,-14.505763,0.023156226,1.9576967e-06,0.00021523803,0.9744546,6.325998e-06,0.002133726,3.1917007e-05,7.0119033e-10,3,,,,0.184351,Test
38,13,-4.923128,-3.6265318,5.5914683,-0.107069835,0.14101452,-0.6105072,-3.5029545,-6.324235,2.687097e-05,9.826256e-05,0.9901814,0.003317959,0.004252191,0.002005539,0.00011118774,6.6189755e-06,2,,,,0.09618117,Test
39,13,-1.0116256,-7.044513,-3.4256766,5.807727,-2.9046211,2.4106476,-2.719426,-11.624452,0.0010554591,2.5315817e-06,9.441317e-05,0.9661591,0.00015897323,0.032338202,0.00019131682,2.5962692e-08,3,,,,0.22419609,Test
40,19,5.9803257,-5.5063705,-3.6850603,5.6999874,-4.9508667,-1.0764501,-3.3649974,-14.846952,0.5692917,5.8442133e-06,3.611694e-05,0.43011588,1.0185406e-05,0.00049047393,4.974076e-05,5.1305377e-10,0,,,,0.9931423,Test
41,1,-9.660142,-5.2058377,11.738996,-2.2428555,0.766184,-3.3089786,-5.592646,-2.5407228,5.0870314e-10,4.3746567e-08,0.99998105,8.467414e-07,1.7161696e-05,2.91568e-07,2.9713597e-08,6.2862097e-07,2,,,,0.0003372108,Test
42,13,-5.324461,-4.720033,2.9120622,-0.09937185,-0.3148135,5.3168316,-4.2995634,-8.9846115,2.1765361e-05,3.9835046e-05,0.08219444,0.004045696,0.0032615804,0.9103754,6.0655926e-05,5.5999317e-07,5,,,,0.48050395,Test
43,16,-6.9895477,-8.183472,14.110304,1.3133116,-2.1627986,1.7202423,-9.661876,-16.825106,6.8619543e-10,2.0793771e-10,0.99999297,2.769069e-06,8.564039e-08,4.159697e-06,4.7410107e-11,3.6721406e-14,2,,,,0.00013757873,Test
44,3,1.8249488,-11.659014,-6.757929,11.415947,-6.029269,2.071619,-3.9151628,-19.874731,6.833054e-05,9.5192805e-11,1.27972966e-08,0.99984396,2.6519828e-08,8.7446446e-05,2.1964219e-07,2.5737326e-14,3,,,,0.00235527,Test
45,19,-5.2267976,-3.790538,4.505195,1.8395603,-1.7360721,-1.2438977,-2.0128558,-5.0984006,5.513389e-05,0.00023183452,0.92890084,0.06460986,0.0018089287,0.0029591704,0.0013715628,6.268747e-05,2,,,,0.41302046,Test
46,1,-4.914648,-5.3052897,11.602966,-0.22764583,-1.2409911,1.9439396,-8.092366,-13.430852,6.705932e-08,4.5373824e-08,0.9999261,7.27777e-06,2.6418481e-06,6.3841886e-05,2.795079e-09,1.3425152e-11,2,,,,0.0011721406,Test
47,1,-2.0317388,-2.888074,4.1879807,0.6133962,-0.34606418,-1.5694269,-3.6875784,-6.5165863,0.0019038253,0.00080858456,0.9567906,0.026816037,0.0102732135,0.00302278,0.0003635006,2.1472497e-05,2,,,,0.324123,Test
48,19,1.2414707,-8.184567,-6.3206487,9.089147,-6.6773167,0.40639094,-1.1854419,-14.380276,0.0003904266,3.1467554e-08,2.0293288e-07,0.9994054,1.4205408e-07,0.00016938265,3.44782e-05,6.413595e-11,3,,,,0.007919824,Test
49,1,-5.154349,-5.4049315,-0.67362773,3.38518,-3.190853,-1.3793237,-0.2782631,-2.4735365,0.0001852041,0.00014415309,0.01635321,0.94693655,0.0013194289,0.008074643,0.024283303,0.0027034143,3,,,,0.39774182,Test
50,16,0.92556113,-3.1107836,3.1034858,-0.9303799,1.3288329,-2.2678232,-4.109676,-6.454958,0.08660403,0.0015295923,0.7645374,0.013536707,0.12962142,0.003553602,0.0005633295,5.3978303e-05,2,,,,1.1179614,Test
51,3,4.5932636,-6.0997496,-4.0021386,6.51661,-5.5966587,-0.49883652,-3.1515357,-13.854158,0.12737805,2.8918646e-06,2.3559094e-05,0.8717528,4.7826384e-06,0.0007827509,5.5153214e-05,1.2401682e-09,3,,,,0.5606434,Test
52,1,12.9570055,-13.011921,-7.689901,13.86495,-10.916103,-2.726749,-5.9326744,-28.253695,0.28742057,1.514804e-12,3.102274e-10,0.71257937,1.2318517e-11,4.4376154e-08,1.7981839e-09,3.638633e-19,3,,,,0.86536705,Test
53,20,10.079737,-17.559792,-12.347479,18.677298,-10.7841015,-0.31175685,-6.498344,-32.411564,0.00018452134,1.829579e-16,3.3576132e-14,0.9998155,1.6032336e-13,5.663418e-09,1.16487e-11,6.490977e-23,3,,,,0.002555063,Test
54,19,4.498243,-8.488598,-6.1686907,9.293847,-6.5069575,-0.68353075,-2.6321077,-16.283712,0.008197801,1.8775198e-08,1.910324e-07,0.99174917,1.3620712e-07,4.6055517e-05,6.5618374e-06,7.730516e-12,3,,,,0.06945368,Test
55,1,9.117565,-17.366003,-13.017374,18.819508,-11.503171,-1.2928163,-5.0913014,-30.296062,6.1160834e-05,1.9266671e-16,1.4907041e-14,0.99993885,6.776444e-14,1.8420534e-09,4.127064e-11,4.6703817e-22,3,,,,0.00094434945,Test
56,1,-0.6345253,-9.480967,-0.056875285,7.406682,-3.7040095,1.5713778,-5.758028,-17.66213,0.00032069022,4.6145e-08,0.0005714207,0.9961797,1.4894497e-05,0.002911369,1.909751e-06,1.291488e-11,3,,,,0.040180955,Test
57,1,-0.57756877,-3.863403,5.3651485,0.6795589,-1.3692005,-0.4954847,-5.001092,-8.347916,0.0025834946,9.664689e-05,0.98423094,0.009081785,0.001170594,0.0028045052,3.098104e-05,1.0904077e-06,2,,,,0.14332974,Test
58,1,1.7323425,-4.7346406,-3.4455707,4.2837963,-3.15431,-0.31558684,-1.8996812,-10.702376,0.071449265,0.00011102554,0.00040295685,0.91638947,0.00053920195,0.009217078,0.001890732,2.8422875e-07,3,,,,0.47872695,Test
59,1,-1.9623736,-4.473216,4.398682,-0.37058705,2.3253162,-0.30299816,-5.7670445,-7.257274,0.0015084493,0.00012248574,0.8731768,0.0074102865,0.10981225,0.007928452,3.3587927e-05,7.5680623e-06,2,,,,0.64492583,Test
60,1,5.826205,-12.697345,-10.14533,13.500071,-8.277723,0.65291375,-4.0439696,-23.773018,0.0004646003,4.1918383e-12,5.3793508e-11,0.9995328,3.4819403e-10,2.6323758e-06,2.4016904e-08,6.4908446e-17,3,,,,0.0058673522,Test
61,20,1.2231034,-10.017585,-3.213799,9.408426,-5.2222505,2.130316,-4.555755,-17.562706,0.0002784433,3.6556809e-09,3.2946912e-06,0.99902713,4.4213542e-07,0.00068981724,8.6101386e-07,1.932695e-12,3,,,,0.012022273,Test
62,13,-13.37757,-8.315255,20.263367,-2.5227973,1.1572624,-0.7859273,-11.003353,-12.010649,2.4542926e-15,3.876704e-13,1.0,1.270852e-10,5.0387694e-09,7.217852e-10,2.6365506e-14,9.6288046e-15,2,,,,1.650045e-07,Test
63,3,4.5508456,-14.806172,-10.861342,15.636643,-9.376883,0.73526436,-3.6915529,-25.335066,1.5328234e-05,6.009609e-14,3.1050182e-12,0.99998426,1.3701131e-11,3.3760327e-07,4.0351944e-09,1.6077018e-18,3,,,,0.00027513786,Test
64,3,13.048661,-18.577732,-15.336547,20.818996,-13.778711,-1.9490623,-5.6718235,-34.650097,0.0004218937,7.763095e-18,1.9845558e-16,0.99957806,9.423719e-16,1.2935239e-10,3.126078e-12,8.126351e-25,3,,,,0.0053383023,Test
65,19,-4.8264694,-5.2806587,4.298338,0.08512317,3.0309086,1.0559508,-5.588311,-6.2320065,8.1553815e-05,5.1783616e-05,0.7486827,0.011079542,0.21079494,0.029251413,3.80698e-05,1.9999885e-05,2,,,,1.0098286,Test
66,16,4.611875,-5.6031685,-0.534129,3.6083565,-2.718729,-1.9748793,-4.7891254,-12.546303,0.727504,2.6637787e-05,0.004235983,0.2666937,0.0004766444,0.0010028693,6.0121878e-05,2.5711843e-08,0,,,,0.8923123,Test
67,6,-0.25758648,-6.7641325,0.66760063,4.7269244,-2.628359,2.339673,-5.1060114,-13.024386,0.006128049,9.153041e-06,0.015457025,0.8955046,0.0005724119,0.08228065,4.8048325e-05,1.748927e-08,3,,,,0.58410555,Test
68,19,2.2697425,-6.595024,4.598349,3.7804673,-4.0998454,-0.495641,-6.384174,-16.406202,0.06305718,8.908723e-06,0.6471955,0.2856498,0.00010800842,0.003969571,1.099984e-05,4.885117e-10,2,,,,1.2074649,Test
69,1,-0.83804274,-12.130495,-7.396205,10.85568,-4.7774158,2.1664479,-2.9581163,-18.048199,8.344552e-06,1.04028786e-10,1.1836683e-08,0.9998221,1.6238845e-07,0.0001683592,1.0015368e-06,2.7998033e-13,3,,,,0.0025318714,Test
70,1,-4.0803294,-2.6690993,2.1533265,0.4983145,-1.3973792,-2.2937968,-1.3279723,0.29616106,0.0013737524,0.005633754,0.7000851,0.1337791,0.020095507,0.008199543,0.021539813,0.109293446,2,,,,1.4419324,Test
71,20,4.2803884,-6.6003604,-0.72837925,6.4676223,-5.2776403,-0.8760829,-4.0872793,-14.148427,0.10077299,1.8962475e-06,0.00067307585,0.89794093,7.117791e-06,0.0005806536,2.3405206e-05,9.995661e-10,3,,,,0.48695022,Test
72,19,12.145856,-16.250658,-13.180599,18.338158,-12.880196,-2.1576705,-4.962814,-30.933355,0.00204094,9.492525e-16,2.0449869e-14,0.997959,2.7615578e-14,1.2528164e-09,7.579301e-11,3.9880968e-22,3,,,,0.021180427,Test
73,1,0.22556457,-10.241359,-6.7541637,7.462647,-2.5340161,4.751284,-4.071182,-17.51189,0.0006740939,1.9186386e-08,6.272825e-07,0.9370125,4.268249e-05,0.06226091,9.176291e-06,1.3348787e-11,3,,,,0.34522372,Test
74,1,2.1493342,-5.8925037,-1.863726,5.8577113,-5.2055635,-0.80777144,-2.8858223,-12.706976,0.023886262,7.684615e-06,0.00043181548,0.9742623,1.5274145e-05,0.0012413482,0.00015538435,8.435959e-09,3,,,,0.18449263,Test
75,19,-3.2492356,-5.5363045,6.428356,2.7841592,-2.208677,0.86345285,-5.2832317,-10.783305,6.083346e-05,6.17847e-06,0.9706598,0.025375372,0.0001722071,0.0037175794,7.957728e-06,3.2518994e-08,2,,,,0.2094559,Test
76,13,2.8724737,-8.087377,1.2658957,6.5637517,-5.052278,-1.3194292,-5.6749167,-16.599367,0.024205858,4.2084073e-07,0.004855037,0.9705594,8.754766e-06,0.00036593192,4.697167e-06,8.460726e-11,3,,,,0.2135256,Test
77,1,1.2341202,-3.5876307,-3.0476646,3.617149,-3.7293808,-1.1772532,-0.8946156,-6.94342,0.08281231,0.0006668608,0.0011442984,0.8974933,0.00057872705,0.007427606,0.009853642,2.3261326e-05,3,,,,0.5806709,Test
78,20,3.5818222,-5.671839,0.42127413,4.628027,-4.7818556,-0.86516255,-4.4170947,-15.028794,0.2563046,2.454384e-05,0.010867955,0.72965467,5.976643e-05,0.0030023102,8.607375e-05,2.1196684e-09,3,,,,0.9336196,Test
79,3,7.0835743,-10.946287,-8.861686,11.2630415,-7.361554,-0.0067372806,-4.18206,-22.138132,0.015075707,2.2284802e-10,1.7920051e-09,0.98491156,8.032266e-09,1.2560135e-05,1.930524e-07,3.0722196e-15,3,,,,0.113044634,Test
80,3,-11.44151,-7.966499,16.461777,-2.821695,3.7309155,-2.1599126,-10.397908,-7.8763103,7.6165024e-13,2.4599893e-11,0.999997,4.219813e-09,2.958392e-06,8.179034e-09,2.1626496e-12,2.6921658e-11,2,,,,5.8974678e-05,Test
81,1,-1.8796391,-3.6182196,-0.3835449,-0.052538857,0.8792214,-0.5360512,-2.2027788,-5.0350475,0.031020314,0.0054524336,0.13848147,0.1928172,0.48955795,0.11889376,0.022454761,0.0013221166,4,,,,2.0546522,Test
82,19,-0.19307649,-6.8363776,3.8168151,4.3293867,-3.2578762,-0.9308532,-4.9930015,-13.35977,0.0067232596,8.758529e-06,0.37072662,0.6189574,0.0003137287,0.0032149004,5.5334913e-05,1.28634685e-08,3,,,,1.038818,Test
83,1,-2.9818494,-7.633523,-5.888899,7.8454714,-6.521584,0.59708047,1.2052699,-11.571686,1.9809306e-05,1.8909202e-07,1.0823154e-06,0.9979644,5.748863e-07,0.0007098699,0.0013041038,3.6842682e-09,3,,,,0.023203187,Test
84,20,10.446866,-9.642746,-6.0793552,10.2558975,-8.981067,-2.516982,-4.437626,-22.845179,0.54759675,1.0319381e-09,3.6409418e-08,0.45240176,1.9999395e-09,1.2833146e-06,1.8802177e-07,1.9050622e-15,0,,,,0.9934842,Test
85,1,-1.3805661,-3.1596174,5.6993046,0.2389577,-1.8603885,-0.8087825,-4.624287,-9.070564,0.0008357959,0.00014108085,0.99277085,0.0042213425,0.0005172684,0.0014805486,3.2611464e-05,3.8227552e-07,2,,,,0.074097715,Test
86,3,-8.037564,-7.596317,11.3258095,-2.3452878,5.5979576,-1.6936724,-9.595582,-6.059499,3.883127e-09,6.036877e-09,0.99675304,1.1516106e-06,0.003243494,2.209523e-06,8.176042e-10,2.8070136e-08,2,,,,0.0315598,Test
87,3,-1.2632751,-5.685731,2.6516342,-1.4108906,5.1757035,-1.7813597,-6.248974,-8.241302,0.0014740782,1.7695878e-05,0.07391695,0.0012717798,0.92243,0.00087805,1.007533e-05,1.3740481e-06,4,,,,0.42071575,Test
88,20,2.783426,-10.800717,-7.6619844,10.873331,-6.3878136,1.3081363,-3.132472,-19.253563,0.00030650324,3.8629225e-10,8.913544e-09,0.9996226,3.1872506e-08,7.0101065e-05,8.2640526e-07,8.239336e-14,3,,,,0.005106994,Test
89,3,-4.915326,-3.625038,8.227391,0.03268656,-0.6532295,-0.088241085,-5.123407,-6.804599,1.95839e-06,7.116462e-06,0.9993297,0.00027592664,0.00013896456,0.00024449825,1.5904903e-06,2.9607278e-07,2,,,,0.009139034,Test
90,3,1.4674486,-7.020767,-4.4008546,4.7149777,-0.824799,2.3508658,-4.133265,-12.850952,0.034183815,7.037775e-06,9.666044e-05,0.87943643,0.0034539015,0.08269585,0.0001263169,2.0673701e-08,3,,,,0.6581644,Test
91,1,-0.45361114,-4.215652,-0.93810314,-0.32177085,2.7393494,-0.39718655,-3.6105735,-5.6556854,0.03540234,0.0008226183,0.021808196,0.040391453,0.86241657,0.037457336,0.0015065394,0.0001948946,4,,,,0.86461717,Test
92,3,-0.0599494,-3.291413,7.0661244,-0.44406825,-1.9435359,0.18100037,-5.66829,-11.542989,0.00080183963,3.1672385e-05,0.9974751,0.00054609316,0.00012191471,0.0010203064,2.940464e-06,8.261647e-09,2,,,,0.030054532,Test
93,20,6.7371116,-12.669046,-9.445719,13.173717,-6.7257085,0.28540537,-5.131606,-23.248083,0.0015992699,5.9694576e-12,1.499023e-10,0.99839824,2.2755853e-09,2.523372e-06,1.1204777e-08,1.5188595e-16,3,,,,0.017210897,Test
94,1,4.9679656,-6.1770477,-3.3480282,5.2534084,-2.9790752,-1.5459133,-3.7563803,-13.268095,0.4287045,6.1935584e-06,0.00010484985,0.57032746,0.00015163588,0.0006356476,6.9698406e-05,5.1562927e-09,3,,,,0.9970267,Test
95,1,9.045933,-11.538016,-6.8977385,12.452241,-9.575215,-2.0991993,-4.4219446,-23.275597,0.032098886,3.6897287e-11,3.821567e-09,0.96790063,2.6268066e-10,4.636824e-07,4.5442803e-08,2.9473282e-16,3,,,,0.2048225,Test
96,20,10.788765,-14.632215,-12.387267,16.58739,-11.647791,-2.146679,-4.602548,-28.334211,0.003022554,2.7553919e-14,2.6010628e-13,0.99697745,5.44881e-13,7.2875608e-09,6.2518934e-10,3.086613e-20,3,,,,0.029653063,Test
97,3,-1.2130827,-4.859999,7.2007265,1.8321993,-2.5252008,0.69042546,-5.922949,-11.836788,0.00022036475,5.7452116e-06,0.99360293,0.0046311733,5.9332997e-05,0.0014785125,1.9846004e-06,5.3619864e-09,2,,,,0.06265967,Test
98,19,-1.4062456,-6.062909,3.2981331,4.1419435,-1.8511114,0.22848852,-4.6554484,-9.890473,0.0026736588,2.5394665e-05,0.29525125,0.6865211,0.0017135754,0.0137107745,0.000103751685,5.526529e-07,3,,,,1.01738,Test
99,1,10.524145,-16.104845,-13.745647,17.980034,-11.775064,-1.5479344,-4.5863943,-29.566748,0.00057769375,1.57353e-15,1.6651782e-14,0.9994223,1.1947416e-13,3.3026348e-09,1.5822438e-10,2.2410078e-21,3,,,,0.0070477724,Test
100,8,1.3624555,-3.1937099,-1.7713032,1.4207399,-1.15568,-1.753642,-2.3110337,-5.9068575,0.44148228,0.0046365606,0.019228226,0.46797848,0.035587784,0.019570837,0.011208234,0.00030753226,3,,,,1.5375254,Test
101,1,-2.640176,-4.1124916,0.32221156,3.1522806,-2.4501169,-1.2545629,-1.192717,-6.6535583,0.002794328,0.0006410011,0.054053765,0.9160292,0.00337924,0.011169704,0.011882312,5.0499577e-05,3,,,,0.5508275,Test
102,1,-2.668508,-2.436084,2.5878534,0.88986766,-1.7160413,-1.1330595,-1.8938384,-4.532477,0.0041891723,0.00528529,0.80340964,0.14706562,0.010858734,0.019452037,0.009089981,0.0006495564,2,,,,0.98342234,Test
103,19,-6.830199,-6.357159,9.796977,0.63925004,1.890247,0.37552208,-7.3558292,-8.770721,6.007146e-08,9.640658e-08,0.9994455,0.00010534373,0.00036805257,8.092319e-05,3.551325e-08,8.627991e-09,2,,,,0.0074950843,Test
104,19,4.7261043,-11.14313,-1.104931,10.203351,-7.0855174,-0.26905435,-6.368648,-22.344124,0.00416325,5.339634e-10,1.2219293e-05,0.9957963,3.0882365e-08,2.8187895e-05,6.324744e-08,7.294276e-15,3,,,,0.039603088,Test
105,1,-1.7844524,-11.010595,-6.910115,5.917341,-0.33678633,7.518466,-4.863031,-17.370068,7.582878e-05,7.463997e-09,4.5059565e-07,0.16775696,0.0003225132,0.83184075,3.4899936e-06,1.29147795e-11,5,,,,0.6578729,Test
106,1,-1.7745212,-4.674908,-1.2600981,0.30013806,2.1168244,1.8464723,-3.2997544,-7.2563252,0.010281439,0.00056549883,0.017197484,0.08185909,0.50355136,0.38426545,0.0022369358,4.278943e-05,4,,,,1.5193172,Test
107,3,4.4759927,-4.2506337,-4.26623,3.578462,-2.8326964,-0.6768546,-2.629403,-11.489959,0.7066288,0.00011462138,0.00011284756,0.2880041,0.00047322534,0.004086375,0.0005799054,8.227474e-08,0,,,,0.91808206,Test
108,1,1.348636,-3.3989599,-3.88386,3.6656108,-4.0359893,-0.36205712,-0.40099648,-8.192479,0.08681923,0.0007529416,0.00046363022,0.8807756,0.00039820146,0.015691746,0.015092461,6.236809e-06,3,,,,0.6703436,Test
109,3,-5.9495673,-6.670831,2.0937445,-0.41587424,2.726124,5.252713,-5.1311564,-8.896193,1.2117407e-05,5.8907253e-06,0.037720326,0.0030666327,0.07099281,0.8881741,2.7468885e-05,6.363652e-07,5,,,,0.62756974,Test
110,19,-9.86063,-6.841379,16.75518,-1.5039678,0.8890534,0.07323237,-9.988697,-12.056702,2.7599444e-12,5.6512472e-11,0.99999976,1.1753111e-08,1.2865554e-07,5.6901282e-08,2.4281835e-12,3.0701423e-13,2,,,,4.8840798e-06,Test
111,20,14.227191,-17.81586,-13.525425,19.500834,-13.741553,-2.1924815,-6.572919,-35.00553,0.005098778,6.1850716e-17,4.514995e-15,0.9949012,3.6374348e-15,3.7713144e-10,4.7216384e-12,2.1182016e-24,3,,,,0.046167605,Test
112,13,-1.6874542,-3.142847,3.3307562,1.4970984,-2.0849125,0.7862168,-3.4469707,-7.3420324,0.0052841846,0.0012328462,0.79865474,0.1276473,0.00355111,0.06270174,0.0009095563,1.8502307e-05,2,,,,0.9789075,Test
113,1,-2.537042,-6.840074,2.423066,-1.594379,6.6954694,-1.5588819,-7.0825424,-8.577074,9.6403666e-05,1.3040989e-06,0.013748047,0.00024744973,0.98564917,0.00025639113,1.0233119e-06,2.2958379e-07,4,,,,0.11294135,Test
114,3,8.86986,-16.287596,-12.895334,17.55387,-10.275698,0.13476078,-5.547133,-30.085312,0.00016924235,2.008006e-15,5.970427e-14,0.9998307,8.197834e-13,2.722096e-08,9.274465e-11,2.044053e-21,3,,,,0.0023651696,Test
115,20,2.9621701,-7.341771,-2.9048226,7.0298033,-4.5460377,-0.99796766,-3.6476023,-12.463519,0.016823022,5.6358465e-07,4.7632297e-05,0.98277617,9.228493e-06,0.00032065497,2.2662947e-05,3.3621128e-09,3,,,,0.12869999,Test
116,19,1.1819656,-9.759935,-1.8596232,8.9441395,-4.9478707,1.0519143,-4.9922304,-17.074171,0.00042518144,7.526048e-09,2.0306219e-05,0.9991794,9.255935e-07,0.00037333058,8.8543146e-07,5.0122736e-12,3,,,,0.010549531,Test
117,16,-16.328043,-10.200152,21.787714,-3.4482114,2.374448,-3.6637478,-11.497846,-7.3567424,2.7959995e-17,1.28187755e-14,1.0,1.0969245e-11,3.706176e-09,8.842409e-12,3.5015853e-15,2.2015229e-13,2,,,,1.0453449e-07,Test
118,20,-4.111665,-3.4136653,5.5811076,1.0127168,-1.7115626,2.0012233,-4.0456905,-7.9127564,5.9400336e-05,0.00011937847,0.96229064,0.00998342,0.00065484695,0.026827628,6.3451334e-05,1.3273809e-06,2,,,,0.26998693,Test
119,20,9.767893,-11.99882,-9.058585,13.180334,-9.5572195,-2.3083692,-4.343943,-24.531466,0.031908892,1.1239544e-11,2.1265549e-10,0.96809083,1.2915835e-10,1.8165944e-07,2.3725722e-08,4.054055e-17,3,,,,0.20388123,Test
120,13,4.493918,-8.458003,-6.5408244,9.362085,-6.8175726,-0.17446029,-3.0483053,-16.900724,0.0076282155,1.809154e-08,1.230538e-07,0.99229586,9.330511e-08,7.160972e-05,4.0446125e-06,3.8980538e-12,3,,,,0.06579598,Test
121,13,8.184359,-9.016232,-7.3726354,10.257665,-8.040254,-2.0746326,-3.2873,-19.559774,0.11171795,3.7844434e-09,1.9579703e-08,0.8882769,1.0042998e-08,3.9147108e-06,1.1642464e-06,9.97697e-14,3,,,,0.5051767,Test
122,11,2.7740514,-12.7734,-9.743886,13.646199,-8.70045,0.06901641,-2.0733569,-21.402163,1.897918e-05,3.3581868e-12,6.947143e-11,0.9999796,1.9722625e-10,1.2690992e-06,1.4896175e-07,6.007318e-16,3,,,,0.00035534732,Test
123,13,-6.504754,-6.9223313,15.690796,-0.07943064,-1.396204,2.396613,-10.523471,-16.878613,2.294007e-10,1.5109256e-10,0.9999982,1.4160445e-07,3.7949796e-08,1.6842596e-06,4.123703e-12,7.166133e-15,2,,,,3.9052593e-05,Test
124,1,3.8431492,-11.192879,-7.84951,11.29117,-6.016332,1.1061437,-3.9046273,-20.0059,0.0005822321,1.7180356e-10,4.864505e-09,0.99937963,3.0421287e-08,3.7707683e-05,2.5135049e-07,2.5561474e-14,3,,,,0.007711714,Test
125,13,-5.442616,-6.467656,9.739362,2.2143118,-2.1505964,0.5000532,-6.326717,-13.627413,2.5484204e-07,9.143279e-08,0.99935645,0.00053905445,6.854521e-06,9.7082244e-05,1.0527162e-07,7.1065494e-11,2,,,,0.008202626,Test
126,11,-5.660043,-4.396415,9.275192,0.40633455,-1.0552514,0.20579788,-5.894683,-8.380246,3.2627506e-07,1.1544365e-06,0.9997099,0.00014066245,3.2615153e-05,0.00011510287,2.5803638e-07,2.1488937e-08,2,,,,0.004246494,Test
127,20,-5.3230596,-3.79625,8.588569,0.03515192,-2.1316824,2.2807293,-5.074562,-11.030587,9.065045e-07,4.173063e-06,0.9979609,0.00019249154,2.2047921e-05,0.0018182504,1.1622278e-06,3.0103875e-09,2,,,,0.02232337,Test
128,1,-2.9085732,-6.2314296,0.69864964,-1.537689,6.0424566,-0.5146254,-5.7782564,-6.936915,0.00012872163,4.6403798e-06,0.0047451328,0.0005070127,0.9931946,0.0014103592,7.30069e-06,2.2917366e-06,4,,,,0.0672325,Test
129,20,9.5222845,-18.450043,-13.746731,19.525509,-10.742585,-0.58323544,-5.9551115,-33.07345,4.525173e-05,3.2166797e-17,3.5483809e-15,0.9999547,7.1567284e-14,1.8486893e-09,8.587902e-12,1.4339814e-23,3,,,,0.0007183778,Test
130,20,0.86525923,-8.602009,-4.709094,8.685899,-6.1693516,-1.4219615,-1.6179771,-13.117569,0.00040117328,3.1027742e-08,1.5220229e-06,0.9995227,3.5337794e-07,4.0738458e-05,3.3486995e-05,3.3936523e-10,3,,,,0.006344778,Test
131,13,8.5706835,-10.487862,-7.7851014,11.627348,-8.89674,-1.7206252,-4.102498,-22.12452,0.044930547,2.374219e-10,3.54254e-09,0.9550678,1.1655639e-09,1.524345e-06,1.4081499e-07,2.0978946e-15,3,,,,0.2644939,Test
132,1,-6.3063664,-7.122937,-3.088277,2.6643765,-1.2581412,5.4246154,-1.2969768,-9.25239,7.543343e-06,3.3337415e-06,0.00018843528,0.05936193,0.0011748443,0.9381333,0.0011300931,3.963893e-07,5,,,,0.3533214,Test
133,1,5.114915,-7.0707984,-6.906783,7.7986827,-6.2940536,-1.4091886,-1.7182938,-15.427871,0.0639275,3.2621182e-07,3.843535e-07,0.9359083,7.093094e-07,9.3822186e-05,6.887522e-05,7.6571915e-11,3,,,,0.34530067,Test
134,11,-4.636294,-5.7737956,11.255888,1.0765533,-2.7551675,1.7550044,-7.742937,-14.97159,1.2533256e-07,4.0183966e-08,0.9998863,3.7942133e-05,8.222933e-07,7.477725e-05,5.6087455e-09,4.0691304e-12,2,,,,0.0017668856,Test
135,19,-6.468064,-9.831717,12.286417,3.8700745,-3.0314558,1.2469888,-9.728494,-19.089228,7.1602724e-09,2.47807e-10,0.9997626,0.00022116973,2.225508e-07,1.6052176e-05,2.7475286e-10,2.3638914e-14,2,,,,0.0032889901,Test
136,20,1.3006098,-5.842447,-4.468984,6.1393795,-5.0849094,0.7282159,-1.6965669,-11.636012,0.007816556,6.1776777e-06,2.4395657e-05,0.9873395,1.3177098e-05,0.0044098916,0.0003902637,1.8824023e-08,3,,,,0.11248063,Test
137,3,1.7609622,-5.959235,-1.0926546,2.3476849,1.2252864,-0.41129595,-5.464312,-11.9215145,0.28120792,0.00012479247,0.016207552,0.5056359,0.16458356,0.032035224,0.00020470608,3.212206e-07,3,,,,1.7001327,Test
138,13,-4.7416625,-4.8818603,4.84829,2.0928397,0.01474767,-0.6071418,-3.852958,-5.1930676,6.3571715e-05,5.5255663e-05,0.92923886,0.059081364,0.007395143,0.0039706663,0.00015460492,4.0478222e-05,2,,,,0.4277456,Test
139,20,2.0889847,-4.7590313,-1.2987605,4.5754733,-3.8568223,-0.16884524,-2.7722976,-10.48531,0.075937174,8.0611804e-05,0.00256552,0.91268873,0.00019871157,0.007941295,0.00058779574,2.6272872e-07,3,,,,0.49004734,Test
140,20,-4.0320487,-8.359335,-1.2645507,6.898349,-4.6888313,0.7574884,-1.6070673,-13.736295,1.7857958e-05,2.3578437e-07,0.00028427647,0.9973392,9.259648e-06,0.0021473411,0.00020183092,1.0897605e-09,3,,,,0.02913402,Test
141,13,1.2023821,-4.913929,0.7766314,3.8744447,-3.4313376,-0.09353827,-3.2799363,-12.195597,0.060901552,0.00013438417,0.039785713,0.8812323,0.0005918743,0.016665459,0.0006886243,9.2461306e-08,3,,,,0.7054447,Test
142,20,1.5403455,-5.2526975,1.4368408,4.438394,-3.763319,-0.10392706,-4.048387,-11.388955,0.049398888,5.5403347e-05,0.04454157,0.89603215,0.0002456771,0.009541542,0.00018474019,1.1983768e-07,3,,,,0.6262678,Test
143,20,-1.8725629,-6.902182,6.8013535,1.9868927,-1.3943996,-1.1967158,-6.999382,-14.2054,0.0001694804,1.1086223e-06,0.99118173,0.008040065,0.0002733902,0.00033314704,1.0059352e-06,7.465106e-10,2,,,,0.077862576,Test
144,1,4.876686,-6.316561,-5.677977,7.206106,-5.863049,-0.7455848,-2.6388247,-14.268871,0.08868231,1.2208764e-06,2.3120926e-06,0.9109432,1.9214517e-06,0.00032071237,4.8293896e-05,4.2956322e-10,3,,,,0.43706468,Test
145,20,2.9224286,-8.748055,-6.708673,9.197417,-6.068344,-0.58088416,-1.8835199,-15.698329,0.0018791383,1.60521e-08,1.2337428e-07,0.99804854,2.3405383e-07,5.6557397e-05,1.5373109e-05,1.5383899e-11,3,,,,0.020881774,Test
146,1,4.1696577,-9.599899,-6.6998305,10.467945,-6.951672,-0.061748717,-3.0433168,-17.983887,0.0018360234,1.922364e-09,3.4939706e-08,0.9981359,2.7161033e-08,2.6680986e-05,1.3530791e-06,4.392544e-13,3,,,,0.019808136,Test
147,13,5.2114434,-5.473805,6.486365,1.1242824,-4.235005,-1.6291969,-6.6673784,-18.14463,0.21756227,4.97782e-06,0.7785292,0.0036521794,1.7180793e-05,0.00023266516,1.508956e-06,1.5637588e-11,2,,,,0.79270124,Test
148,1,3.2026029,-6.732313,-4.1692295,7.1832743,-5.0252943,-0.88513356,-2.637228,-12.173163,0.018323876,8.87847e-07,1.15204975e-05,0.9812981,4.8942597e-06,0.00030742266,5.3310287e-05,3.849523e-09,3,,,,0.13709533,Test
149,20,2.6762676,-12.622769,-7.4263277,12.930362,-8.016911,-0.25320116,-2.9000156,-21.839933,3.5211724e-05,7.987299e-12,1.4427327e-09,0.9999627,7.9927936e-10,1.8812003e-06,1.3333316e-07,7.93299e-16,3,,,,0.00061354344,Test
150,1,-4.3672547,-5.334659,6.588971,0.1398637,2.5228884,-0.689503,-5.9783144,-8.898927,1.711622e-05,6.5053378e-06,0.9809265,0.0015517601,0.016817408,0.0006770726,3.4176983e-06,1.8421623e-07,2,,,,0.1484318,Test
151,1,1.4148004,-9.552304,-5.861989,4.1962185,1.2834984,2.7303271,-5.164037,-15.113478,0.04598196,7.9365986e-07,3.179201e-05,0.74223596,0.040324006,0.17136158,6.389022e-05,3.051037e-09,3,,,,1.1477532,Test
152,1,-5.833827,-3.7224627,-0.27900577,1.027462,-2.8395784,-1.1018269,0.85809237,0.6528292,0.00035485876,0.002930957,0.091724165,0.33874702,0.0070866537,0.040284418,0.28596914,0.23290269,3,,,,2.1172442,Test
153,13,2.607355,-8.42937,-4.5073824,8.599611,-5.577217,-0.7694598,-2.710488,-14.705735,0.0024915477,4.01126e-08,2.0257132e-06,0.99740833,6.949518e-07,8.5101485e-05,1.2216848e-05,7.542046e-11,3,,,,0.026686326,Test
154,1,1.4981312,-5.3734026,-2.6544025,4.3918533,-1.9773033,0.27736062,-2.9649258,-10.435747,0.05150749,5.3407366e-05,0.00080993056,0.93024623,0.0015940733,0.015194847,0.0005937305,3.38106e-07,3,,,,0.439485,Test
155,1,2.5291994,-5.7549286,-5.4525137,6.4127474,-5.471542,-0.34699306,-0.98057264,-11.4758215,0.020127403,5.0820236e-06,6.8766003e-06,0.9781179,6.7469914e-06,0.0011341573,0.0006018844,1.6652692e-08,3,,,,0.16249256,Test
156,19,1.0030541,-9.166044,2.080669,7.3287234,-4.669647,0.53544503,-6.3548994,-17.855684,0.0017752531,6.805762e-08,0.0052150977,0.9918901,6.1043183e-06,0.0011121933,1.1317275e-06,1.14555e-11,3,,,,0.07846387,Test
157,1,1.504686,-6.922272,-6.0076923,6.3597717,-4.721357,0.6275138,-1.2415802,-13.183656,0.0076997364,1.6853678e-06,4.2062147e-06,0.9885824,1.5224382e-05,0.0032027639,0.0004940691,3.2167002e-09,3,,,,0.10275471,Test
158,1,-0.3128733,-6.4070783,-3.4312155,1.8136165,1.7101872,2.436538,-3.8991535,-9.446314,0.03062362,6.90839e-05,0.001354496,0.25679073,0.23155841,0.4787521,0.00084831053,3.3071494e-06,5,,,,1.6777031,Test
159,3,-1.934751,-5.3335576,3.878281,3.2347846,-2.42288,-0.42641622,-4.4297996,-9.721703,0.001935304,6.466455e-05,0.64761513,0.34029064,0.0011878391,0.008746023,0.00015964797,8.0337685e-07,2,,,,1.0268401,Test
160,19,-0.21914521,-3.7865176,1.6597924,2.9970846,-2.1120565,-0.23504756,-3.3504224,-7.638546,0.029684305,0.00083798607,0.19432971,0.7401467,0.0044714245,0.02921599,0.0012960762,1.779599e-05,3,,,,1.1363095,Test
161,13,-3.7791612,-3.9833379,4.7401767,1.5222325,-1.3031164,2.1576886,-4.4745173,-7.9960203,0.00017843401,0.00014548047,0.89408535,0.03579675,0.0021223167,0.067580074,8.9020126e-05,2.6309895e-06,2,,,,0.6032478,Test
162,1,9.290784,-16.401096,-13.318963,17.855667,-10.575742,-0.5205769,-5.063271,-29.321459,0.00019064949,1.325543e-15,2.890332e-14,0.9998093,4.4906955e-13,1.04524e-08,1.11262555e-10,3.2445356e-21,3,,,,0.0026311565,Test
163,20,-5.0182333,-4.9471545,2.1691089,3.366156,-1.8313445,-0.36349773,-1.3496484,-5.9271502,0.00017030734,0.00018285325,0.22524576,0.7456373,0.0041236496,0.017896147,0.0066754376,6.8627145e-05,3,,,,0.9902526,Test
164,1,-2.5863912,-4.8917017,-1.5867445,2.9873476,-0.9769559,0.94310695,-2.060687,-6.453195,0.0032461877,0.00032373532,0.00882094,0.85510164,0.0162309,0.11071725,0.005491413,6.792699e-05,3,,,,0.77410096,Test
165,1,-0.5963723,-4.478152,-2.3293655,3.8460143,-3.5720398,-0.8167946,-0.88868904,-6.3830996,0.011392418,0.00023484451,0.002013662,0.96809936,0.00058116566,0.00913877,0.008504808,3.4952027e-05,3,,,,0.2668536,Test
166,20,3.556627,-9.896087,-7.261519,10.807077,-7.495222,-1.0290325,-2.0129023,-17.939648,0.0007093441,1.0195721e-09,1.4210062e-08,0.99928063,1.1248634e-08,7.233195e-06,2.7042138e-06,3.2744876e-13,3,,,,0.008632217,Test
167,1,-0.3304315,-3.7018857,2.4550025,2.5954134,-3.005022,-0.59788203,-2.9139044,-9.481765,0.02717314,0.0009331162,0.440391,0.5067784,0.001873182,0.020796368,0.002051879,2.8824804e-06,3,,,,1.3202628,Test
168,1,1.274291,-4.905616,-1.3620056,3.2802052,-1.9095869,0.8596215,-3.77701,-10.657134,0.10851904,0.00022470165,0.007772788,0.80660963,0.004495369,0.071683176,0.0006946304,7.1409113e-07,3,,,,0.96988773,Test
169,16,1.2123471,-8.107416,-5.4742317,8.336372,-5.0831404,-0.7419292,-1.8215327,-13.433489,0.00080474437,7.213337e-08,1.0039538e-06,0.99903995,1.4844395e-06,0.00011400572,3.873116e-05,3.507941e-10,3,,,,0.011767943,Test
170,19,2.1600704,-5.5507426,0.27653533,4.787174,-3.2801201,-1.0964605,-3.761505,-11.388591,0.066526115,2.9800836e-05,0.010115407,0.9202989,0.00028863407,0.0025627064,0.00017835472,8.687263e-08,3,,,,0.4655511,Test
171,13,-9.435847,-5.587543,14.36943,-1.308605,-0.6359926,2.2889488,-8.125239,-12.054313,4.586664e-11,2.151763e-09,0.9999938,1.5527921e-07,3.0424616e-07,5.669063e-06,1.700931e-10,3.3443508e-12,2,,,,0.00011782789,Test
172,1,-1.8006244,-3.8573632,0.26268113,3.0599701,-2.6795237,-1.8823962,-0.8681497,-4.8352695,0.007040945,0.0009003277,0.055425968,0.90899277,0.0029236805,0.0064881053,0.01788956,0.00033861122,3,,,,0.59540653,Test
173,13,-1.5942136,-4.228309,3.2178605,2.6146758,-2.9822073,-0.9366398,-2.8051953,-7.3319693,0.005159404,0.00037036193,0.6345368,0.3471339,0.0012876615,0.00995819,0.0015370104,1.6623562e-05,2,,,,1.082914,Test
174,3,-4.182731,-4.3375635,6.5958605,-0.3759941,1.7292819,-1.4067687,-5.1719294,-5.6667113,2.065457e-05,1.7691844e-05,0.9910574,0.00092952437,0.007630809,0.00033158975,7.680909e-06,4.683082e-06,2,,,,0.08052652,Test
175,20,1.2954981,-6.682062,-2.944058,5.64894,-3.0813062,1.8806415,-3.7404685,-12.733623,0.012410845,4.2578567e-06,0.00017888974,0.9648888,0.00015594784,0.022280553,8.066946e-05,1.0023785e-08,3,,,,0.25599307,Test
176,20,9.722777,-10.156294,-6.0525346,10.680439,-8.767695,-2.0944002,-4.9888744,-22.909052,0.277346,6.4513556e-10,3.9074298e-08,0.7226518,2.5864924e-09,2.0459113e-06,1.1319643e-07,1.8672295e-15,3,,,,0.8518538,Test
177,3,7.014218,-7.1553607,-5.9438324,6.780814,-4.8002267,-1.9599915,-3.4153411,-17.400625,0.55803555,3.9164456e-07,1.3153833e-06,0.44187146,4.127754e-06,7.066632e-05,1.6487775e-05,1.391331e-11,0,,,,0.9916286,Test
178,19,0.44207755,-7.351927,-4.6241555,6.8648734,-4.0403886,2.2578833,-2.6146438,-13.667117,0.0016053085,6.6170617e-07,1.0123284e-05,0.988424,1.8148812e-05,0.009866271,7.5516415e-05,1.1967772e-09,3,,,,0.098748915,Test
179,3,0.89103216,-5.0330443,-2.08015,3.6406512,-1.2603768,0.30782557,-3.1493766,-8.866685,0.05752858,0.0001538473,0.0029479193,0.8995556,0.006691732,0.032107037,0.001011944,3.3278302e-06,3,,,,0.6188458,Test
180,1,-4.2497582,-6.1521544,6.2745147,3.2157524,-3.258798,0.5835935,-4.5413113,-12.678904,2.5585436e-05,3.8176195e-06,0.951977,0.04469129,6.892255e-05,0.003214332,1.9114932e-05,5.5880633e-09,2,,,,0.29631162,Test
181,3,2.62324,-9.562792,-5.554068,9.206259,-4.3305917,-0.23927741,-4.0668855,-15.703088,0.0013816402,7.0480444e-09,3.8818203e-07,0.998536,1.3194243e-06,7.8925856e-05,1.7175549e-06,1.5183488e-11,3,,,,0.016378144,Test
182,13,-4.2369394,-5.3747473,-1.7166213,-0.63268715,0.11026711,5.9973583,-2.526773,-10.071039,3.5745925e-05,1.1457317e-05,0.00044441302,0.0013138128,0.0027618138,0.9952349,0.00019767066,1.0459459e-07,5,,,,0.051009495,Test
183,19,-4.896798,-5.625927,13.486774,-0.47254354,-1.2121319,0.79559815,-8.550503,-14.768073,1.0378017e-08,5.0056137e-09,0.9999956,8.660505e-07,4.1337512e-07,3.078153e-06,2.6873867e-10,5.358871e-13,2,,,,8.9352114e-05,Test
184,16,-13.765663,-8.41173,17.371832,-2.9961464,2.3115237,-3.9276986,-9.266841,-4.343786,3.0002513e-14,6.3436812e-12,0.99999976,1.4265894e-09,2.8799906e-07,5.6199384e-10,2.6975637e-12,3.7070358e-10,2,,,,6.6725893e-06,Test
185,1,2.8589735,-5.494863,-5.1069746,6.61055,-5.7130384,-1.1969037,-1.0845186,-10.716955,0.022922302,5.398e-06,7.9559295e-06,0.97621876,4.33991e-06,0.0003970207,0.00044424384,2.9127772e-08,3,,,,0.16849828,Test
186,3,-3.1336794,-8.01907,2.834064,-2.390509,8.246502,-0.72101355,-8.544517,-10.060715,1.13670185e-05,8.589117e-08,0.004440221,2.3900198e-05,0.9953974,0.00012689772,5.0786632e-08,1.114996e-08,4,,,,0.043525524,Test
187,3,-0.42816743,-6.63954,-2.4432323,6.613298,-3.9850862,0.024257582,-2.098945,-11.704533,0.00087261153,1.7508784e-06,0.00011632939,0.99744844,2.4892632e-05,0.0013718499,0.00016413884,1.10549685e-08,3,,,,0.02958858,Test
188,3,4.0185575,-3.357386,1.0655885,1.4566598,-2.6442444,-1.1831025,-3.8126817,-11.6254015,0.8793906,0.0005506177,0.045890592,0.06785218,0.001123476,0.0048431675,0.00034923508,1.4128523e-07,0,,,,0.68866533,Test
189,1,-3.8805225,-4.6652102,10.607926,0.43130594,-2.4252274,1.0488111,-6.903233,-13.557446,5.1015013e-07,2.3276237e-07,0.9998884,3.8045335e-05,2.1863762e-06,7.054731e-05,2.4828553e-08,3.1993685e-11,2,,,,0.001749912,Test
190,3,1.7453053,-2.620464,2.2835908,0.8143489,-2.1392913,-0.38124198,-3.565963,-9.412734,0.30630657,0.003891588,0.52472377,0.12073887,0.0062964745,0.036526542,0.0015118256,4.3679856e-06,2,,,,1.6451386,Test
191,19,-6.03822,-4.64852,10.889814,-0.2756341,-1.8829924,1.0291532,-5.818794,-12.776124,4.448547e-08,1.785489e-07,0.9999306,1.4153939e-05,2.836679e-06,5.2184198e-05,5.5400456e-08,5.2720925e-11,2,,,,0.0011293327,Test
192,3,-0.7956509,-2.5567596,2.7499819,0.8896003,-1.6157109,-0.22948448,-3.2644687,-5.8904943,0.022977944,0.003948856,0.79645264,0.123938575,0.010119609,0.040475678,0.0019458855,0.00014081497,2,,,,1.0651169,Test
193,1,-1.0130295,-6.493049,-2.0381894,0.0472579,4.1831427,1.552898,-5.1054564,-9.043335,0.0050540906,2.1071764e-05,0.0018130998,0.014592173,0.9126661,0.06576747,8.439653e-05,1.6448477e-06,4,,,,0.5241221,Test
194,19,-2.5497894,-6.895667,-1.8850324,4.522185,-2.6892967,3.9458618,-3.177451,-11.738518,0.00054197945,7.02412e-06,0.0010536182,0.6387078,0.0004714065,0.3589288,0.0002893297,5.538205e-08,3,,,,0.9687108,Test
195,3,-0.71399426,-7.623498,4.0312905,-2.584623,7.876667,-1.906993,-9.374102,-12.785262,0.00018189529,1.8157749e-07,0.020925332,2.8016731e-05,0.9788094,5.5170716e-05,3.1534395e-08,1.0407248e-09,4,,,,0.15044867,Test
196,20,1.9929302,-4.467533,-3.8761938,3.8492193,-3.6792812,-0.67162466,-1.1428827,-10.084088,0.13296328,0.00020796401,0.00037566738,0.8509575,0.00045742682,0.009258279,0.0057791695,7.5639605e-07,3,,,,0.7025967,Test
197,11,-4.744933,-7.09022,-1.2818105,5.6322193,-2.7739346,-0.8284532,-0.8443905,-6.738726,3.100068e-05,2.9704777e-06,0.0009894324,0.9956605,0.00022251799,0.0015569581,0.001532341,4.22161e-06,3,,,,0.04826605,Test
198,1,-4.1880045,-8.3128805,-2.3143966,-0.82979554,4.4029455,5.5163627,-4.7480206,-10.135897,4.5853514e-05,7.4124495e-07,0.00029858644,0.001317723,0.24681675,0.75149405,2.6191508e-05,1.1973897e-07,5,,,,0.8251185,Test
199,19,-6.539207,-5.7048135,12.920887,-0.102868214,-0.6579528,0.84532535,-8.240799,-11.007088,3.5365872e-09,8.146242e-09,0.9999908,2.2072477e-06,1.2670117e-06,5.6970007e-06,6.450488e-10,4.0570342e-11,2,,,,0.00017912505,Test
200,19,0.25511953,-6.7714562,-1.4291043,5.9259205,-3.2613513,0.88861597,-3.4606762,-11.536787,0.0034084127,3.0265608e-06,0.0006325621,0.9893497,0.000101243764,0.006422089,8.294739e-05,2.5786496e-08,3,,,,0.099237196,Test
201,19,11.142734,-13.034731,-10.943605,14.686842,-10.796305,-2.4991894,-4.201965,-26.62859,0.028082935,8.8777537e-13,7.1856713e-12,0.97191703,8.326053e-12,3.3406472e-08,6.0858945e-09,1.1080671e-18,3,,,,0.18468584,Test
202,3,-0.22696699,-2.6044295,5.3277507,-0.29311815,-1.6473811,-0.2628675,-4.379507,-9.359437,0.0038210975,0.00035454315,0.98757774,0.0035765069,0.0009232301,0.003686351,6.008452e-05,4.130541e-07,2,,,,0.121588185,Test
203,20,4.3914185,-6.456926,0.72864413,5.582681,-5.170356,-0.9945149,-4.765099,-14.9724655,0.23139197,4.497511e-06,0.005937799,0.7615652,1.628256e-05,0.0010599054,2.441874e-05,9.009903e-10,3,,,,0.8429719,Test
204,13,-12.1892805,-8.339154,17.169888,-2.056821,3.1422327,-2.3162513,-10.230793,-8.495367,1.7761292e-13,8.347645e-12,0.99999917,4.4662793e-09,8.0884746e-07,3.4456953e-09,1.2590276e-12,7.1403777e-12,2,,,,1.7794417e-05,Test
205,3,-1.6260047,-3.052623,7.0224237,-0.14754435,-2.0015547,0.8749771,-5.1992173,-10.184472,0.00017483396,4.198104e-05,0.99675936,0.00076685403,0.0001200954,0.0021320046,4.9068053e-06,3.3552926e-08,2,,,,0.035966404,Test
206,11,0.3675534,-6.6202126,0.08370206,6.1440997,-4.728805,0.22871768,-3.3900626,-12.721877,0.0030741175,2.837737e-06,0.0023144376,0.9918425,1.8810493e-05,0.0026756234,7.1747796e-05,6.3540893e-09,3,,,,0.0818405,Test
207,16,-12.688503,-8.007922,16.7704,-3.333799,2.976315,-3.2058122,-9.64154,-5.1550865,1.6075363e-13,1.7334518e-11,0.9999989,1.8571932e-09,1.0216561e-06,2.110771e-09,3.3840808e-12,3.0052605e-10,2,,,,2.1918442e-05,Test
208,3,-1.9115514,-4.1039524,7.788951,-0.7309157,1.1485426,-1.4474721,-6.330125,-8.447402,6.115046e-05,6.8273484e-06,0.99833053,0.00019913295,0.0013043123,9.726276e-05,7.369494e-07,8.869842e-08,2,,,,0.019639704,Test
209,16,1.9756482,-9.958069,-6.967757,10.34035,-6.2379303,-0.57324743,-2.003194,-16.214293,0.00023288687,1.5289638e-09,3.0413997e-08,0.9997445,6.310051e-08,1.82043e-05,4.356683e-06,2.9332877e-12,3,,,,0.003545628,Test
210,1,2.7727997,-3.9569166,-1.0567696,2.9999712,-2.2248425,-0.41728428,-3.3045452,-9.963295,0.42952037,0.00051322184,0.009328739,0.5390674,0.0029009175,0.017682672,0.0009854314,1.2640609e-06,3,,,,1.2100117,Test
211,3,9.97348,-17.798927,-13.481112,18.482388,-10.679675,0.7365535,-6.626153,-32.531353,0.00020162339,1.7504011e-16,1.3132311e-14,0.99979836,2.1626644e-13,1.9633353e-08,1.2456964e-11,6.997234e-23,3,,,,0.0027665212,Test
212,3,1.0951117,-4.9112244,0.35989016,-1.5042994,4.345842,-1.5022128,-5.6985807,-9.637472,0.03644186,8.975976e-05,0.0174702,0.0027082607,0.94053435,0.0027139178,4.0844872e-05,7.952402e-07,4,,,,0.40737706,Test
213,1,-0.597676,-4.9601912,-2.6821659,2.248222,-0.09754964,1.3345188,-2.5706348,-7.8397894,0.03697203,0.00047125627,0.004598232,0.63654804,0.06096428,0.2552789,0.0051407693,2.6464479e-05,3,,,,1.4200145,Test
214,1,-2.2351246,-1.6427804,1.9538108,-0.665266,-1.5723016,-2.645897,-0.33705118,-2.709447,0.011981005,0.021664316,0.7901776,0.05758033,0.02324628,0.007945058,0.079949535,0.0074558584,2,,,,1.2275115,Test
215,1,-2.476979,-2.6463964,1.0636636,1.850518,-2.1003168,-2.0628068,-1.1014893,-2.191131,0.008309368,0.007014407,0.2865824,0.6294715,0.012110173,0.012573051,0.032880284,0.011058858,3,,,,1.4350227,Test
216,3,-1.0748345,-3.4225295,4.074804,1.5885246,-2.5280747,0.994547,-4.191264,-9.051157,0.005101846,0.00048768145,0.8794007,0.07318287,0.0011928699,0.040406216,0.00022608893,1.7524846e-06,2,,,,0.6847412,Test
217,1,0.9331914,-4.386539,-0.4045471,3.715397,-3.496185,0.8231798,-3.3680396,-10.818068,0.05451597,0.00026680503,0.014307089,0.8806843,0.000649935,0.0488367,0.00073879317,4.295531e-07,3,,,,0.708377,Test
218,20,-1.2663682,-3.8415797,8.531035,-0.47101903,-2.0910423,0.6562647,-6.33594,-13.464893,5.556311e-05,4.230448e-06,0.9994124,0.00012308419,2.4357623e-05,0.00037999277,3.4922007e-07,2.7991995e-10,2,,,,0.008005174,Test
219,1,-6.0438027,-3.1785438,7.188573,-0.34349462,-0.5639994,-1.7908828,-3.5832453,-4.341339,1.7895779e-06,3.141354e-05,0.99884605,0.0005350117,0.0004291403,0.000125826,2.0958365e-05,9.8202245e-06,2,,,,0.014902291,Test
220,20,7.1998973,-7.671535,-5.9016523,8.093888,-6.127944,-1.4667965,-3.6010125,-18.035116,0.29027033,1.0097686e-07,5.9275055e-07,0.7096726,4.7270996e-07,4.9992545e-05,5.9159875e-06,3.1869494e-12,3,,,,0.8699659,Test
221,19,-4.4087048,-6.5886416,13.617912,-0.63167584,0.055355094,0.68969166,-10.0869055,-15.082577,1.4829884e-08,1.6764978e-09,0.9999956,6.478592e-07,1.2878176e-06,2.4285282e-06,5.0713798e-11,3.4318956e-13,2,,,,9.052615e-05,Test
222,1,0.507229,-4.8002124,-1.7470015,5.004095,-3.8874354,-0.039806966,-2.3229878,-8.738315,0.010929501,5.415115e-05,0.0011470979,0.98076403,0.00013490302,0.006324494,0.0006448415,1.0551443e-06,3,,,,0.16545694,Test
223,19,-0.42804694,-4.75267,-0.15074101,4.3106303,-3.0272481,-0.5891572,-2.1062655,-8.370475,0.008494134,0.000112449925,0.0112086,0.97073436,0.00063139386,0.0072301906,0.0015859078,3.0183294e-06,3,,,,0.2470655,Test
224,20,-4.5625205,-4.3233743,6.2547984,1.5828893,-1.6631849,0.66088134,-4.23382,-8.502819,1.9781939e-05,2.5126312e-05,0.98666745,0.009229674,0.00035928114,0.003670824,2.7480302e-05,3.846084e-07,2,,,,0.11641845,Test
225,3,5.387769,-8.642086,-6.738385,7.029484,-2.7346635,-0.9361183,-4.384394,-17.00565,0.16217525,1.3088682e-07,8.783399e-07,0.8374756,4.813457e-05,0.00029077375,9.24673e-06,3.0524347e-11,3,,,,0.6441844,Test
226,1,-3.3169959,-4.0213566,-0.4116829,-0.6646957,0.61292005,3.0927656,-2.445555,-7.2403135,0.0014388207,0.0007113882,0.02628864,0.020412022,0.07323986,0.87444144,0.0034392893,2.8453218e-05,5,,,,0.7476671,Test
227,19,-14.049527,-9.931564,26.406305,-2.3995678,-0.1735567,1.6363132,-14.178521,-22.020508,2.6931142e-18,1.6544916e-16,1.0,3.0886445e-13,2.8609636e-12,1.7479492e-11,2.3671916e-18,9.300432e-22,2,,,,7.4719225e-10,Test
228,11,-7.3477383,-5.0839877,7.325246,0.94652647,0.26296565,-1.8812551,-4.0132995,-3.3352108,4.2309256e-07,4.0697705e-06,0.99731284,0.0016927343,0.0008545198,0.00010011492,1.1873095e-05,2.3391274e-05,2,,,,0.030131342,Test
229,1,12.012847,-8.274436,-8.802204,4.911323,-2.5983353,-4.193992,-5.307047,-23.379326,0.9991762,1.5452083e-09,9.115486e-10,0.00082316983,4.5090627e-07,9.1432696e-08,3.004057e-08,4.256144e-16,0,,,,0.009635091,Test
230,3,-8.034496,-6.258257,11.338017,-1.6442049,2.5145738,-2.2762337,-7.4838104,-4.707716,3.8597485e-09,2.2801801e-08,0.9998491,2.3005243e-06,0.00014721825,1.2227575e-06,6.694511e-09,1.0748814e-07,2,,,,0.0021621415,Test
231,1,6.54274,-10.9778595,-8.611188,11.113229,-6.579231,0.020773958,-4.413556,-21.761078,0.010246656,2.520478e-10,2.6872924e-09,0.98973805,2.0501371e-08,1.5070522e-05,1.7878178e-07,5.2286632e-15,3,,,,0.082691684,Test
232,3,-0.87207055,-8.30644,0.62713075,6.317309,-3.6068063,-0.86627495,-4.003485,-13.666315,0.0007508218,4.4343648e-07,0.003362265,0.9950498,4.8736725e-05,0.00075518613,3.277788e-05,2.0848143e-09,3,,,,0.05157026,Test
233,7,-7.111489,-6.5780206,12.160544,-1.1453078,3.1039014,-1.5210801,-8.764086,-7.7405357,4.2678607e-09,7.2759976e-09,0.99988055,1.664524e-06,0.00011659992,1.143126e-06,8.175176e-10,2.275194e-09,2,,,,0.001750664,Test
234,20,9.143775,-9.767215,-6.2131853,10.490945,-8.509477,-1.7042463,-4.49067,-21.933483,0.20633258,1.2636573e-09,4.4169724e-08,0.7936632,4.444859e-09,4.011732e-06,2.4728826e-07,6.57486e-15,3,,,,0.73449725,Test
235,1,-3.5108643,-1.0165198,2.6424904,-0.8457515,-2.7119122,-0.67912656,-0.37253463,-5.1457186,0.0018510491,0.022423219,0.8705343,0.026598778,0.0041152705,0.031421434,0.04269501,0.00036091896,2,,,,0.8408175,Test
236,19,-4.7213798,-3.8198733,9.443587,-0.9410202,-0.3687229,0.6293933,-6.170205,-10.505513,7.0490466e-07,1.7363994e-06,0.9997633,3.0897227e-05,5.4760196e-05,0.00014857356,1.6554395e-07,2.1682678e-09,2,,,,0.0035204883,Test
237,3,-0.9106089,-6.987332,-2.7290766,4.9473295,-1.0950912,1.736279,-3.1716096,-10.453019,0.0027306566,6.2687304e-06,0.00044311522,0.9557347,0.002270635,0.03852972,0.00028466023,1.9590743e-07,3,,,,0.29503456,Test
238,3,0.70214343,-10.309618,-6.642054,10.066811,-5.45624,1.2802285,-2.6628003,-16.654366,8.56785e-05,1.4142445e-09,5.5376756e-08,0.9997583,1.812675e-07,0.00015273232,2.9613889e-06,2.483337e-12,3,,,,0.0035020239,Test
239,11,-1.3682777,-4.4194036,2.3786042,2.836569,-2.14889,-1.4066122,-3.352013,-6.671131,0.008927823,0.00042233628,0.37843886,0.5982564,0.004090062,0.008592057,0.0012280616,4.4437103e-05,3,,,,1.1433692,Test
240,16,-7.7698555,-5.8168187,11.354082,-1.6855109,2.7320664,-2.1964703,-7.532115,-5.1696644,4.9487974e-09,3.4889357e-08,0.99981636,2.1721862e-06,0.00018006375,1.3031372e-06,6.2769616e-09,6.6642045e-08,2,,,,0.0025738652,Test
241,1,-4.456455,-3.4908767,7.4997907,0.33778933,-1.516709,0.53195775,-4.9091983,-8.331798,6.4070623e-06,1.6826902e-05,0.9981375,0.00077405677,0.000121164216,0.00093993737,4.07413e-06,1.3292869e-07,2,,,,0.022165831,Test
242,20,5.6342993,-7.2560487,-4.3758802,7.7848864,-6.559555,-1.5405958,-2.937476,-16.155415,0.10426543,2.629863e-07,4.6857012e-06,0.8956296,5.2773595e-07,7.982206e-05,1.9745383e-05,3.5891224e-11,3,,,,0.48400247,Test
243,3,3.5614014,-9.335672,-5.4211116,9.325495,-5.162796,-0.18982379,-4.281909,-16.354498,0.0031281854,7.837265e-09,3.9285877e-07,0.9967963,5.0865305e-07,7.3477764e-05,1.2273998e-06,7.013379e-12,3,,,,0.03169497,Test
244,1,-0.02583474,-2.0805378,-0.14091787,0.5487957,-1.8017143,0.3824433,-1.477722,-6.911696,0.17529692,0.022460947,0.15624073,0.3114104,0.029683802,0.26368606,0.04104191,0.00017917721,3,,,,2.3549674,Test
245,1,-2.7862508,-3.5148032,3.7929487,0.67165554,-0.12330666,0.81903154,-4.325804,-5.9441166,0.001242879,0.0005998225,0.8948268,0.03946196,0.017820949,0.0457281,0.0002665687,5.2842734e-05,2,,,,0.6568873,Test
246,13,-2.1527488,-5.646639,-1.0100536,5.34032,-3.8102717,0.85038805,-1.800435,-9.581502,0.00054900366,1.6680066e-05,0.0017212396,0.9857655,0.000104645864,0.011061676,0.0007808778,3.2606852e-07,3,,,,0.12373841,Test
247,3,-2.4742033,-3.4627807,2.6118922,-0.47336096,1.87385,0.67280215,-3.9575706,-4.9244576,0.0036841678,0.0013709004,0.5959403,0.02724547,0.28488863,0.08571694,0.0008358364,0.00031783932,2,,,,1.4615927,Test
248,1,4.9206214,-9.832421,-8.418341,11.1034775,-7.624302,-0.80891764,-2.4237807,-18.541327,0.002060253,8.067815e-10,3.3180498e-09,0.9979317,7.340567e-09,6.6928824e-06,1.331335e-06,1.3320669e-13,3,,,,0.021505715,Test
249,13,9.994787,-11.651256,-7.27893,12.5778,-9.977886,-1.9813428,-4.94105,-24.60726,0.0702397,2.7914235e-11,2.2115803e-09,0.9297598,1.4878543e-10,4.4199285e-07,2.2910298e-08,6.593333e-17,3,,,,0.3668282,Test
250,1,1.0160182,-5.6632304,-4.675561,5.96704,-4.742909,-0.8584854,-0.7707026,-9.896377,0.0070102587,8.809952e-06,2.3654446e-05,0.99068516,2.2113816e-05,0.0010755924,0.001174279,1.2780309e-07,3,,,,0.08643616,Test
251,3,2.8669536,-6.683816,3.3133802,4.4339232,-3.197364,-1.3152319,-5.71265,-13.870031,0.13563605,9.6500335e-06,0.2119609,0.6499821,0.00031526468,0.0020704994,2.5485942e-05,7.3045707e-09,3,,,,1.2919835,Test
252,20,6.9546666,-15.494266,-9.823955,16.338717,-9.3468275,0.2181692,-5.5324235,-27.46836,8.404699e-05,1.4964955e-14,4.3417036e-12,0.99991584,6.996387e-12,9.974664e-08,3.1728406e-10,9.4360945e-20,3,,,,0.0012616103,Test
253,1,-3.0198343,-2.8754714,3.0621488,0.9309137,-1.5017928,1.8561581,-2.998078,-7.316703,0.0015905095,0.0018375209,0.6964789,0.0826655,0.0072579402,0.20852248,0.0016254921,2.1648602e-05,2,,,,1.2308466,Test
254,1,1.090299,-6.5438294,-4.0339727,4.6753135,-1.3095449,1.1079265,-3.2999532,-11.854675,0.02619088,1.26674795e-05,0.0001558502,0.94428277,0.0023763536,0.026656648,0.00032470416,6.254879e-08,3,,,,0.38178197,Test
255,1,0.2218135,-6.1242347,-4.3988023,4.338354,-3.2005556,3.3610132,-2.32037,-12.862585,0.0116883945,2.0497499e-05,0.000115092516,0.71704376,0.00038145095,0.26983103,0.000919811,2.4281341e-08,3,,,,0.9444921,Test
256,20,15.315642,-27.296715,-21.488733,29.708956,-17.650845,-1.810626,-7.579915,-47.62241,5.611296e-07,1.7488494e-25,5.82272e-23,0.9999994,2.7033292e-21,2.0474802e-14,6.3921725e-17,2.6026368e-34,3,,,,1.2425871e-05,Test
257,3,-2.4478393,-4.0657845,5.1375284,1.6187999,-1.1524285,0.23737524,-4.361617,-8.384223,0.0004884737,9.686715e-05,0.961888,0.028507566,0.001784148,0.007161682,7.206063e-05,1.290335e-06,2,,,,0.27524024,Test
258,13,-5.4313793,-4.0631213,9.616012,-0.62032026,-0.7628715,1.8160579,-6.4569616,-9.625644,2.91604e-07,1.1455672e-06,0.999522,3.5826954e-05,3.106709e-05,0.00040955818,1.0456558e-07,4.397923e-09,2,,,,0.006324228,Test
259,3,1.8130723,-4.165909,4.292992,1.3918386,-2.746317,-0.94063216,-5.2914176,-12.284258,0.07313118,0.00018512468,0.8732088,0.047991365,0.00076557026,0.0046578324,6.0070586e-05,5.5170904e-08,2,,,,0.7041497,Test
260,1,-5.221489,-4.022364,7.130864,-0.7725102,0.5858001,0.47166622,-5.363317,-4.782608,4.306151e-06,1.428441e-05,0.9968918,0.00036834623,0.001432725,0.0012781892,3.7367522e-06,6.6787134e-06,2,,,,0.034988377,Test
261,1,6.5778847,-7.4893346,-6.5489807,4.609955,-1.2711058,-0.1736612,-4.9719706,-17.645103,0.8761803,6.812052e-07,1.7444892e-06,0.12244256,0.0003418379,0.0010243169,8.4441335e-06,2.6465703e-11,0,,,,0.55236536,Test
262,1,7.272634,-12.044939,-9.539847,13.386416,-8.785867,-0.5417933,-4.148277,-22.986624,0.002207283,9.002084e-12,1.10227535e-10,0.9977919,2.3428243e-10,8.9144703e-07,2.4200238e-08,1.5937849e-16,3,,,,0.022676816,Test
263,1,-5.0531163,-3.0840483,1.9368888,-0.23335314,-1.3189499,-2.774962,-1.0565476,2.7034063,0.0002731782,0.0019570475,0.2965969,0.033856537,0.011433362,0.002665851,0.014863932,0.6383531,7,,,,1.3064547,Test
264,1,-2.8876884,-4.2426953,-0.51919794,-0.9545179,1.9104525,2.4032006,-2.9277742,-5.783741,0.0029440252,0.0007593979,0.03144588,0.020347297,0.3570652,0.58444726,0.0028283456,0.00016263049,5,,,,1.3132601,Test
265,20,10.095838,-7.986886,-6.560961,8.789381,-8.381935,-3.0245204,-3.3842537,-20.189108,0.7869175,1.1033216e-08,4.5916963e-08,0.21307983,7.4325e-09,1.576995e-06,1.1005252e-06,5.537887e-14,0,,,,0.74738544,Test
266,1,-3.143418,-4.576133,0.31843027,-0.62561095,2.0462425,0.62535655,-3.2625296,-3.9509377,0.003709417,0.00088528986,0.118240796,0.04600186,0.6654978,0.1607177,0.0032928821,0.0016542625,4,,,,1.4647756,Test
267,1,-5.0103936,-5.3223643,10.773898,0.6821608,-1.4445035,0.9939738,-7.358844,-12.0238085,1.3961245e-07,1.0219683e-07,0.99989676,4.1416097e-05,4.9382224e-06,5.6570236e-05,1.3335381e-08,1.2561369e-10,2,,,,0.0016429767,Test
268,3,-1.8636127,-5.2667675,3.7333143,-1.6986496,5.257168,-1.6918111,-6.6226234,-7.280576,0.0006620651,2.202568e-05,0.17849053,0.0007808064,0.81924987,0.0007861641,5.676604e-06,2.9399714e-06,4,,,,0.7030316,Test
269,19,-0.642304,-3.813489,6.308834,-1.7292523,1.0165875,-2.3163426,-5.61658,-10.09915,0.0009513256,3.991177e-05,0.993505,0.00032082904,0.004997772,0.00017836249,6.5770105e-06,7.434868e-08,2,,,,0.06373714,Test
270,13,-3.412535,-5.7895527,0.6389439,0.3461298,2.6882834,3.3951666,-4.8948097,-7.933644,0.00068836584,6.389895e-05,0.039568923,0.02952478,0.30716452,0.6228257,0.00015634198,7.487323e-06,5,,,,1.2931668,Test
271,1,-3.6696823,-7.0332875,-2.0204446,0.78790355,0.8375612,6.1982884,-4.3680487,-14.180801,5.1319403e-05,1.7761771e-06,0.00026701542,0.0044277827,0.004653207,0.99057347,2.5526106e-05,1.3975283e-09,5,,,,0.08853263,Test
272,3,2.760752,-4.9226317,2.4370859,2.8309293,-3.3411953,-0.7405026,-5.080134,-13.935294,0.35342658,0.00016272267,0.25570124,0.3791201,0.0007911467,0.010659177,0.0001390099,1.9828885e-08,3,,,,1.6457173,Test
273,1,-0.30571103,-4.3014016,-2.0249448,0.019795291,1.1825279,0.16701123,-2.8266745,-5.8548713,0.114939265,0.0021142773,0.020597504,0.15916002,0.5090991,0.18440346,0.009239062,0.0004471968,4,,,,1.9279366,Test
274,13,-1.4969007,-9.66195,-5.782192,9.53163,-6.0995326,1.5848908,-1.2081001,-15.754599,1.6225571e-05,4.6149142e-09,2.234197e-07,0.9996081,1.6266799e-07,0.0003536755,2.16583e-05,1.0427025e-11,3,,,,0.0052227657,Test
275,1,-0.5934196,-5.2387476,-3.217447,4.3928175,-2.1540596,1.4580774,-2.173291,-9.184238,0.006424159,6.17129e-05,0.0004658172,0.9403976,0.001349084,0.04997699,0.0013233867,1.1936337e-06,3,,,,0.37774324,Test
276,3,-4.5903087,-6.5157466,14.096853,-0.5179761,-0.45267785,0.8515052,-9.872772,-15.456294,7.660679e-09,1.1170181e-09,0.99999726,4.4963406e-07,4.799741e-07,1.7685496e-06,3.891551e-11,1.462953e-13,2,,,,5.7547248e-05,Test
277,20,6.5177875,-19.651613,-14.629176,21.140642,-13.160489,-1.9192069,-3.1185703,-32.240658,4.4604113e-07,1.923749e-18,2.9198835e-16,0.9999995,1.2682572e-15,9.665731e-11,2.9131152e-11,6.5583553e-24,3,,,,1.0016001e-05,Test
278,20,0.15520036,-11.238433,-1.5119886,9.665475,-6.2871513,-1.3319767,-4.3914447,-20.344744,7.407885e-05,8.34646e-10,1.3984386e-05,0.9998944,1.17982225e-07,1.6742546e-05,7.8543763e-07,9.2615e-14,3,,,,0.0016787633,Test
279,11,-15.17578,-9.656639,20.262196,-3.3984098,3.1873825,-3.3128364,-11.553724,-6.804018,4.0689485e-16,1.0148811e-13,1.0,5.300651e-11,3.8415152e-08,5.774229e-11,1.5223747e-14,1.7591091e-12,2,,,,9.501563e-07,Test
280,1,2.6806908,-9.333261,-3.108974,8.819044,-6.1156936,1.5305291,-5.115514,-18.682066,0.0021523417,1.3041214e-08,6.5840263e-06,0.9971585,3.2560408e-07,0.0006814003,8.852432e-07,1.1354914e-12,3,,,,0.03046948,Test
281,3,1.2924172,-8.294883,-4.309528,2.3328993,3.780883,1.8623452,-6.2310233,-13.477818,0.056670688,3.8872913e-06,0.0002091532,0.16041099,0.68247294,0.10020169,3.061749e-05,2.1813566e-08,4,,,,1.3700043,Test
282,3,2.5611305,-5.302549,-0.067062154,2.8213093,-1.1937143,-0.16594999,-4.796401,-12.788968,0.4066351,0.00015633355,0.029362652,0.5274716,0.009516921,0.02659799,0.00025934004,8.764797e-08,3,,,,1.3722641,Test
283,3,5.9315085,-9.8641,-7.6773014,10.141395,-6.023293,-1.4825294,-3.677313,-18.655005,0.014630676,2.0198474e-09,1.7990107e-08,0.98535943,9.405022e-08,8.818374e-06,9.822144e-07,3.0724007e-13,3,,,,0.1103088,Test
284,1,-2.170018,-3.2925756,1.0035609,2.2030838,-1.7824492,-2.6741858,-0.92540705,-2.6604023,0.009035967,0.0029407225,0.21589492,0.71645445,0.013313542,0.005457795,0.031369112,0.0055335434,3,,,,1.2303576,Test
285,19,-5.4508734,-4.180735,5.7689,1.2110667,-2.0302002,-0.21075962,-2.523195,-8.250234,1.3224799e-05,4.7098092e-05,0.9864492,0.010342676,0.0004045467,0.0024954078,0.00024709478,8.047155e-07,2,,,,0.11763396,Test
286,11,-5.4751353,-4.704366,9.519128,0.94560474,-2.1246285,0.61212826,-5.6496835,-10.6324005,3.0755953e-07,6.647678e-07,0.9996656,0.00018898216,8.770723e-06,0.00013539231,2.5829945e-07,1.7707514e-09,2,,,,0.0047331434,Test
287,1,5.1671114,-16.710829,-12.780133,18.01435,-10.928139,-0.53877383,-3.0641122,-27.727087,2.6333807e-06,8.2993506e-16,4.2279002e-14,0.9999974,2.694234e-13,8.759491e-09,7.010337e-10,1.3637788e-20,3,,,,5.2848198e-05,Test
288,3,-0.3405318,-4.957701,3.8710046,-1.526089,4.5742097,-2.0571463,-6.5768504,-8.858005,0.0048723095,4.8141952e-05,0.32868654,0.00148886,0.6640182,0.00087542424,9.535338e-06,9.741891e-07,4,,,,0.98102105,Test
289,3,3.2404084,-2.7924476,-0.14006506,1.0177228,-2.0038133,-0.912477,-3.066318,-10.125557,0.8564796,0.0020543807,0.02914715,0.09277201,0.0045204377,0.013462998,0.001562214,1.3426172e-06,0,,,,0.81013054,Test
290,1,8.891601,-8.764244,-1.9441792,7.960409,-7.4072375,-2.5948,-5.0240088,-20.999088,0.71730095,1.5412216e-08,1.4118283e-05,0.28267676,5.986957e-08,7.365818e-06,6.4897665e-07,7.4875503e-14,0,,,,0.85946214,Test
291,13,2.6390638,-7.2459416,-2.927996,7.278167,-4.559879,-0.05895907,-3.5573168,-14.181296,0.009567044,4.8727514e-07,3.6562386e-05,0.9897251,7.1501795e-06,0.0006442306,1.9486053e-05,4.740107e-10,3,,,,0.086725436,Test
292,3,2.5075834,-8.522686,-6.5815835,8.889171,-5.877364,1.1324297,-2.516687,-15.878999,0.0016888344,2.7365376e-08,1.9063899e-07,0.9978726,3.8552318e-07,0.00042693844,1.1106425e-05,1.747414e-11,3,,,,0.023594655,Test
293,20,4.0176616,-7.8670783,-0.29776737,7.060226,-5.675565,-0.50943094,-5.1624155,-17.026869,0.045489147,3.1363956e-07,0.0006077723,0.9534035,2.8066827e-06,0.0004918317,4.688686e-06,3.2990142e-11,3,,,,0.2804795,Test
294,3,5.3036137,-7.059556,-1.3892763,6.671326,-5.4338145,-1.4934936,-4.12887,-15.841451,0.20288824,8.6696247e-07,0.0002515196,0.796612,4.406066e-06,0.00022662651,1.624731e-05,1.3306746e-10,3,,,,0.7343299,Test
295,1,-2.2945824,-10.03246,-1.1236616,-1.6935601,9.709364,-0.17494996,-8.823156,-13.039823,6.119475e-06,2.668063e-09,1.9735058e-05,1.1161819e-05,0.999912,5.0963463e-05,8.9410905e-09,1.3186065e-10,4,,,,0.0014520236,Test
296,19,-2.2827942,-6.471949,3.7825644,4.419691,-3.5393834,0.64295334,-4.9137664,-13.174381,0.0007904363,1.1982298e-05,0.34042272,0.6437528,0.00022497642,0.01474018,5.6918027e-05,1.4713317e-08,3,,,,1.039827,Test
297,19,-7.045099,-5.7083697,13.611182,-0.9331767,0.19738844,0.6794939,-8.7894125,-11.37624,1.0692751e-09,4.0702726e-09,0.9999956,4.8246204e-07,1.4943818e-06,2.4201217e-06,1.8687164e-10,1.4063654e-11,2,,,,9.070902e-05,Test
298,3,2.568812,-6.4983826,-3.610842,5.6759415,-2.7097366,1.0467021,-3.8102162,-13.797575,0.042401608,4.892713e-06,8.781988e-05,0.9479633,0.00021624083,0.009254193,7.194585e-05,3.3078877e-09,3,,,,0.33383626,Test
299,1,-6.7636294,-3.7653444,1.7890855,-0.47160208,-2.3028846,-3.489462,-0.023285482,4.2439713,1.49182715e-05,0.00029912812,0.07728859,0.00805956,0.0012912056,0.00039415897,0.012618646,0.9000338,7,,,,0.5784798,Test
300,3,11.810038,-17.427357,-14.066907,19.511805,-12.637868,-1.5824001,-5.576443,-32.729225,0.00045182352,9.0641896e-17,2.6106832e-15,0.99954814,1.08987806e-14,6.8977485e-10,1.2709145e-11,2.050282e-23,3,,,,0.0056723305,Test
301,16,-12.658337,-7.707879,15.905537,-2.7650998,2.2710974,-3.7439582,-8.564369,-4.042856,3.934295e-13,5.556787e-11,0.9999988,7.788339e-09,1.1984989e-06,2.9263925e-09,2.3596871e-11,2.1703137e-09,2,,,,2.5652655e-05,Test
302,20,7.582669,-15.128099,-9.866784,16.048798,-9.152521,0.06627078,-5.795871,-27.191587,0.0002104337,2.883727e-14,5.5579525e-12,0.9997894,1.135311e-11,1.1449469e-07,3.2575356e-10,1.662827e-19,3,,,,0.0028766503,Test
303,3,-5.2748814,-5.589962,8.8426285,-1.2295475,3.4704585,-0.080725804,-7.7674947,-7.0998893,7.357913e-07,5.36929e-07,0.99520206,4.2035947e-05,0.004621761,0.0001326013,6.0845245e-08,1.1862154e-07,2,,,,0.0451072,Test
304,3,-1.9444203,-3.1000056,4.210866,0.44237244,-0.3126147,1.0246863,-4.2339416,-7.144393,0.0019681568,0.00061971974,0.9273988,0.021410683,0.010063376,0.038328897,0.0001994038,1.085776e-05,2,,,,0.4936242,Test
305,1,0.2743334,-5.385035,-2.4733727,5.5322385,-4.2775044,0.3170708,-1.5904934,-10.452697,0.0051452136,1.7929611e-05,0.0003296778,0.9882858,5.4270688e-05,0.0053698737,0.0007971119,1.1290499e-07,3,,,,0.10948319,Test
306,3,1.8614902,-5.06263,0.79540956,3.9123867,-3.4740887,0.07213123,-4.3252764,-11.958012,0.10759457,0.00010584813,0.03705078,0.83653355,0.0005182959,0.017975526,0.00022126446,1.0716596e-07,3,,,,0.8515851,Test
307,1,-4.5823965,-5.970391,4.156464,-1.8947289,5.3654833,-1.1659745,-6.149229,-4.705529,3.676994e-05,9.176867e-06,0.22947313,0.000540421,0.76878023,0.0011200208,7.674077e-06,3.2510005e-05,4,,,,0.7971063,Test
308,3,-3.1049802,-3.579047,7.0686936,-0.42098972,0.3220096,0.19037299,-5.437841,-7.3397756,3.8054193e-05,2.368743e-05,0.9971783,0.0005572432,0.0011714539,0.0010269661,3.6919337e-06,5.5113014e-07,2,,,,0.03269141,Test
309,3,6.018533,-9.846566,-7.219061,10.896898,-7.0152946,-0.25754482,-3.9538946,-19.46052,0.0075518684,9.725879e-10,1.3459854e-08,0.99243355,1.650193e-08,1.4203274e-05,3.5243906e-07,6.4959445e-14,3,,,,0.06434443,Test
310,16,-1.861305,-4.8004227,1.3494949,0.92774624,1.9957796,-0.576059,-4.652742,-5.8502607,0.010736526,0.0005680954,0.26625425,0.17463583,0.5081295,0.038818527,0.0006585037,0.00019883022,4,,,,1.7119851,Test
311,3,3.6686726,-6.2683144,-3.8412142,6.1642895,-4.2210484,0.8202966,-3.6496239,-14.334958,0.07582199,3.6662034e-06,4.1523388e-05,0.9196611,2.8400953e-05,0.0043930006,5.029206e-05,1.1505813e-09,3,,,,0.42948806,Test
312,3,-6.6930017,-6.376697,9.467789,0.18306634,0.37175155,3.5162752,-7.9169703,-13.276626,9.555225e-08,1.3110211e-07,0.99720085,9.257185e-05,0.000111795416,0.002594617,2.8098178e-08,1.3213218e-10,2,,,,0.02903511,Test
313,3,1.3945774,-12.013498,-8.866219,12.426899,-7.8774714,0.44156408,-1.555318,-19.7533,1.6170125e-05,2.430302e-11,5.655962e-10,0.99997675,1.5202454e-09,6.23484e-06,8.464285e-07,1.0575654e-14,3,,,,0.00041584994,Test
314,3,-1.7146225,-3.8172407,6.5371313,0.19000372,0.5344638,-1.0416871,-5.431862,-7.837797,0.0002594943,3.1693653e-05,0.9949905,0.0017429965,0.002459765,0.0005086042,6.3059606e-06,5.686785e-07,2,,,,0.05375178,Test
315,1,1.3016877,-5.4881296,-4.966494,6.344708,-5.490009,-1.0784116,-0.21865387,-9.7242155,0.0063998937,7.2009925e-06,1.21321e-05,0.991582,7.187476e-06,0.0005922551,0.001399255,1.04155845e-07,3,,,,0.078796856,Test
316,1,1.196461,-9.102268,-6.3663087,9.081248,-5.7497463,1.0103711,-2.0038528,-16.166368,0.0003761614,1.26675515e-08,1.9539121e-07,0.9992956,3.6197193e-07,0.00031228893,1.5328362e-05,1.0834123e-11,3,,,,0.009189287,Test
317,20,9.842726,-12.160485,-9.196073,13.36671,-10.024216,-1.4519424,-4.834906,-25.106544,0.028637454,7.962717e-12,1.5434386e-10,0.9713622,6.742656e-11,3.5622332e-07,1.20926e-08,1.8995852e-17,3,,,,0.18752053,Test
318,3,-3.3407614,-4.169523,5.6486125,0.88855743,0.3204319,-0.6818053,-4.954528,-6.8739567,0.00012283563,5.3628784e-05,0.9848269,0.008435179,0.0047792573,0.001754262,2.4461033e-05,3.588203e-06,2,,,,0.135536,Test
319,20,15.334894,-21.165077,-17.018517,23.486649,-15.219731,-2.352497,-6.8928723,-39.995823,0.0002881462,4.0539343e-20,2.5627435e-18,0.9997118,1.5484887e-17,5.9989665e-12,6.400542e-14,2.6902198e-28,3,,,,0.003804485,Test
320,20,2.911581,-10.369066,2.184331,8.005362,-6.5001016,-0.030950744,-7.290092,-22.28798,0.0060775112,1.0375617e-08,0.0029368724,0.99066436,4.969173e-07,0.0003204797,2.255253e-07,6.913466e-14,3,,,,0.08658903,Test
321,1,-4.6387625,-6.7427874,-1.2648157,1.9879827,0.57249707,4.6625,-3.2405996,-9.259957,8.3860614e-05,1.0228023e-05,0.0024481853,0.06331648,0.015373722,0.9184273,0.00033944723,8.252749e-07,5,,,,0.48390028,Test
322,3,-2.4958024,-2.598107,3.0330994,0.6419041,-1.674062,-0.6709309,-2.2679136,-4.8859735,0.0034886366,0.0031493828,0.8786732,0.08041637,0.007934748,0.021636521,0.004381539,0.000319608,2,,,,0.7240984,Test
323,20,2.3101165,-10.087937,1.7780586,8.000359,-5.538687,0.12843381,-6.7176476,-20.435633,0.0033594707,1.3863241e-08,0.0019733354,0.99428636,1.3109278e-06,0.0003791211,4.032391e-07,4.445467e-13,3,,,,0.057900056,Test
324,1,-6.3986845,-5.8892703,9.255367,-0.34985405,1.4114987,-1.3339473,-6.773562,-6.3922205,1.5897211e-07,2.6457968e-07,0.9995148,6.73433e-05,0.00039195872,2.5171461e-05,1.09273266e-07,1.6000304e-07,2,,,,0.006468927,Test
325,3,12.321766,-11.886142,-9.498812,12.860791,-10.811011,-3.0433724,-4.762792,-26.919306,0.36841434,1.129733e-11,1.2296449e-10,0.63158566,3.3105418e-11,7.822433e-08,1.4015464e-08,3.3431452e-18,3,,,,0.9494491,Test
326,1,6.326326,-4.895666,-4.7083583,3.2583616,-1.6444757,-2.352403,-3.6094077,-13.847903,0.9550103,1.2774933e-05,1.5406556e-05,0.044423018,0.00032986255,0.00016251142,4.6235302e-05,1.6536815e-09,0,,,,0.2699772,Test
327,13,14.007828,-18.94838,-15.7383375,21.342146,-13.936211,-1.8208464,-6.4102917,-36.15354,0.00065232295,3.17514e-18,7.86806e-17,0.9993476,4.7700195e-16,8.71278e-11,8.8508725e-13,1.0706709e-25,3,,,,0.007843749,Test
328,1,-4.682704,-3.8804014,6.7768273,0.100775555,0.22024262,-1.0663397,-4.7090964,-5.3150563,1.05156005e-05,2.3456863e-05,0.99688596,0.00125682,0.0014163052,0.0003912021,1.0241703e-05,5.587366e-06,2,,,,0.035230167,Test
329,19,-2.20832,-2.9192894,4.194616,-1.0663471,1.1493185,-0.44565314,-4.1814303,-5.167506,0.0015552611,0.0007638945,0.93877834,0.004872545,0.044669103,0.009064001,0.00021621828,8.06576e-05,2,,,,0.41096458,Test
330,1,-0.63896143,-8.39465,1.1047347,6.5936213,-4.2098083,0.73895395,-5.114333,-16.14802,0.0007170944,3.071308e-07,0.00410066,0.9923092,2.0173311e-05,0.0028444438,8.164828e-06,1.3184917e-10,3,,,,0.07557781,Test
331,1,5.0291967,-3.228762,0.8371335,2.0620737,-4.0954514,-1.9327002,-3.2817411,-11.411358,0.9362178,0.00024265604,0.014150993,0.048169453,0.000101998216,0.0008868772,0.00023013487,6.781634e-08,0,,,,0.40276635,Test
332,20,4.818361,-3.6686826,-3.9476156,3.4173114,-4.059114,-1.0429292,-1.9464283,-11.425742,0.79946196,0.00016478653,0.00012467598,0.19693811,0.00011152173,0.0022765223,0.0009223319,7.048128e-08,0,,,,0.7542435,Test
333,1,-4.386283,-2.8507328,5.773316,0.4676347,-1.1999909,-0.619836,-3.4232152,-4.775232,3.8398695e-05,0.00017831908,0.9921433,0.0049243206,0.0009291927,0.0016598309,0.00010059388,2.6025455e-05,2,,,,0.078242056,Test
334,19,-1.2522047,-3.863437,3.5583613,2.4751556,-2.5686822,-0.4478557,-3.3585792,-8.277451,0.0059499135,0.00043698537,0.7306559,0.24733333,0.0015950401,0.013299489,0.0007239753,5.29036e-06,2,,,,0.98350686,Test
335,3,4.993092,-3.345126,-1.1273783,1.7977428,-1.3108968,-2.7762673,-3.2998981,-10.617491,0.95612276,0.0002287029,0.002101005,0.03915535,0.0017487432,0.00040394632,0.00023928417,1.5882684e-07,0,,,,0.28983653,Test
336,1,-6.481167,-3.880683,0.045403656,1.3549075,-2.8565857,-2.4588227,0.80627644,1.9735805,0.0001054823,0.0014208735,0.072049856,0.2668968,0.003956536,0.00588927,0.15419702,0.49548402,7,,,,1.7899314,Test
337,1,0.51094097,-4.577352,-3.090413,3.3029838,-2.6961882,2.2977645,-2.3048286,-10.43712,0.042701147,0.00026340375,0.0011651755,0.69663984,0.0017282275,0.2549454,0.0025560323,7.5120187e-07,3,,,,1.11264,Test
338,3,-4.69533,-4.770648,10.358871,0.1409421,-1.5182711,2.4660358,-7.102719,-11.954585,2.896425e-07,2.6862838e-07,0.9995827,3.6494563e-05,6.9445023e-06,0.0003732534,2.6082345e-08,2.0380145e-10,2,,,,0.0055220765,Test
339,20,5.385272,-11.013725,-9.031054,11.757215,-7.34513,-0.30051416,-3.1931014,-21.026892,0.0017059108,1.2881389e-10,9.3546e-10,0.99828786,5.0490883e-09,5.7896286e-06,3.2093442e-07,5.771636e-15,3,,,,0.0182619,Test
340,11,-9.33791,-5.3101854,12.428615,-1.4923868,0.50827205,-1.1811256,-6.8035975,-5.726177,3.5230138e-10,1.9775761e-08,0.9999912,8.9987475e-07,6.653608e-06,1.2284602e-06,4.4417345e-09,1.3045773e-08,2,,,,0.00017032707,Test
341,3,-5.3006053,-4.194224,9.803457,-1.1027989,0.6087811,-0.017915327,-6.5844626,-7.759873,2.756212e-07,8.333135e-07,0.9998247,1.833991e-05,0.00010156092,5.4269494e-05,7.633794e-08,2.3564958e-08,2,,,,0.002683073,Test
342,17,4.9274707,-8.096122,-7.2966905,9.326091,-6.6675014,-1.2381309,-2.3018157,-15.84122,0.012144559,2.6810655e-08,5.963425e-08,0.9878209,1.118792e-07,2.5509104e-05,8.805266e-06,1.16052385e-11,3,,,,0.0952875,Test
343,13,-0.42130384,-4.9628277,-1.9861888,4.835678,-4.1744885,-0.02408566,-0.94343495,-9.284742,0.005122276,5.458888e-05,0.0010711295,0.9829721,0.00012008139,0.0076203104,0.0030388157,7.24637e-07,3,,,,0.15527873,Test
344,11,-2.4782171,-3.3042402,0.25306585,2.1531613,-1.6102674,-0.41136023,-0.8591599,-5.7894316,0.007417707,0.0032473742,0.113880835,0.76146793,0.017669136,0.058599517,0.03744701,0.0002705375,3,,,,1.2590336,Test
345,1,1.7618631,-6.699443,-5.770937,6.1503043,-4.2644353,1.4849393,-1.9677567,-12.92691,0.012150656,2.5698123e-06,6.5034824e-06,0.9783077,2.933672e-05,0.009211559,0.0002916395,5.07395e-09,3,,,,0.174584,Test
346,19,1.1313869,-5.738571,0.32644913,4.6628575,-4.0333,1.2279677,-4.1524553,-12.844276,0.02722234,2.827098e-05,0.012171537,0.93030155,0.00015557167,0.029982653,0.00013809622,2.319382e-08,3,,,,0.47178143,Test
347,3,4.478572,-7.9916186,-6.832215,8.662182,-6.5581956,-1.6772807,-1.5442703,-15.626386,0.015013477,5.7642943e-08,1.8376771e-07,0.9849178,2.4169867e-07,3.1844073e-05,3.637425e-05,2.7861824e-11,3,,,,0.11356259,Test
348,13,7.125344,-8.207392,-5.974091,8.876088,-7.1272163,-1.7971606,-3.683228,-18.2724,0.14794992,3.2448295e-08,3.0276263e-07,0.85202694,9.556677e-08,1.9729701e-05,2.9923433e-06,1.3804326e-12,3,,,,0.60508704,Test
349,16,-9.110784,-5.1930084,10.687319,-1.5769944,0.8534494,-1.8896005,-5.8812947,-2.9018078,2.5221185e-09,1.2683351e-07,0.9999367,4.7168182e-06,5.3601565e-05,3.4505294e-06,6.37258e-08,1.2539778e-06,2,,,,0.0010267657,Test
350,3,4.5145664,-6.8566365,-5.7558465,7.7418637,-5.9528418,-0.3684653,-2.513279,-14.404001,0.038138885,4.3945792e-07,1.321248e-06,0.96153563,1.085001e-06,0.00028886463,3.3823122e-05,2.3181346e-10,3,,,,0.23809956,Test
351,1,8.216122,-13.069762,-10.939117,13.608288,-8.705443,-1.3431592,-3.921019,-25.930817,0.004531473,2.581648e-12,2.1738259e-11,0.99546814,2.029068e-10,3.1966616e-07,2.4274277e-08,6.7052112e-18,3,,,,0.041811936,Test
352,3,2.4736962,-9.164185,-4.8166165,8.809509,-5.202393,2.2586029,-4.4697113,-17.428068,0.0017660458,1.5585996e-08,1.2046463e-06,0.9968059,8.190661e-07,0.0014242564,1.7041914e-06,4.0158315e-12,3,,,,0.034292076,Test
353,1,0.2665396,-5.3867373,-2.9021301,3.3859043,-1.7177159,1.8390015,-2.9648201,-9.779968,0.034875903,0.00012227517,0.0014668636,0.7893114,0.0047948426,0.16804942,0.0013777293,1.5114109e-06,3,,,,0.936133,Test
354,3,2.49718,-3.5053256,4.848792,0.44411772,-2.4388332,-1.4137139,-4.9913,-11.63212,0.085755445,0.00021203462,0.90064543,0.011005961,0.00061599666,0.0017170465,4.7979567e-05,6.2659225e-08,2,,,,0.5370742,Test
355,13,1.1289552,-5.816253,-0.39576697,5.3182015,-3.7947626,-0.096116975,-3.468544,-11.428265,0.014814206,1.4269627e-05,0.0032247792,0.9773382,0.000107729495,0.0043514725,0.00014928286,5.2137146e-08,3,,,,0.18671739,Test
356,16,-20.939753,-13.548067,29.614925,-4.6741366,3.6627877,-3.6291547,-16.07667,-12.593961,1.1075963e-22,1.7970067e-19,1.0,1.2836581e-15,5.359572e-12,3.649889e-15,1.4334798e-20,4.6656704e-19,2,,,,2.0090642e-10,Test
357,1,-3.6111042,-7.33752,-1.416385,-1.7057941,5.675506,2.0615084,-5.050226,-8.09349,9.0087604e-05,2.1692183e-06,0.0008087597,0.0006055234,0.97227424,0.026196878,2.1363e-05,1.0185682e-06,4,,,,0.19347423,Test
358,20,-7.020856,-5.6186876,10.919358,0.002959501,-1.0994004,4.0577235,-7.6872454,-14.374208,1.6150981e-08,6.563762e-08,0.9989297,1.8138571e-05,6.0235748e-06,0.0010460798,8.2944895e-09,1.0343751e-11,2,,,,0.012292692,Test
359,20,0.14343898,-6.1091413,-2.799089,5.100061,-2.9614801,2.3062975,-3.0687008,-11.403484,0.006581169,1.2671913e-05,0.00034703995,0.9352693,0.00029502177,0.057229593,0.0002650259,6.361182e-08,3,,,,0.38498983,Test
360,20,3.6857347,-12.264648,-6.208735,12.522453,-7.294214,0.6028847,-4.5892277,-22.029907,0.00014527666,1.7180368e-11,7.3296373e-09,0.999848,2.4755096e-09,6.6578027e-06,3.7019056e-08,9.863578e-16,3,,,,0.002186969,Test
361,3,3.3194833,-5.536032,-2.8327155,5.713117,-5.0865874,-0.8311003,-3.0239372,-12.847436,0.08351964,1.1909323e-05,0.00017779626,0.9148093,1.866717e-05,0.00131587,0.00014685064,7.9539895e-09,3,,,,0.43382508,Test
362,19,-8.370715,-6.204081,12.463979,-0.68465394,0.9439939,0.9720554,-8.032231,-9.918417,8.9453606e-10,7.8082705e-09,0.99997795,1.948102e-06,9.929432e-06,1.0212017e-05,1.2548722e-09,1.9030012e-10,2,,,,0.00040338593,Test
363,20,-4.415443,-3.729954,4.605529,1.7201335,-1.8727306,0.9663589,-2.879526,-6.323097,0.00011142406,0.00022114796,0.922013,0.051478487,0.0014166568,0.024225103,0.00051762944,1.6538459e-05,2,,,,0.4818201,Test
364,1,-4.836222,-9.596397,0.32312995,-3.1405394,8.9295845,1.7676431,-7.7613583,-10.055375,1.0499468e-06,8.991854e-09,0.00018274483,5.722593e-06,0.9990356,0.0007747994,5.6337377e-08,5.682222e-09,4,,,,0.011788927,Test
365,1,-0.7358827,-5.0258026,-0.9888027,-0.7868694,3.4890757,-0.18820214,-4.0971155,-6.6603594,0.013721414,0.00018806603,0.010655089,0.01303934,0.9381559,0.023727585,0.0004760297,3.6680176e-05,4,,,,0.45894602,Test
366,19,-3.7792413,-5.437138,10.446422,0.3274397,-0.38924894,1.0831861,-7.7484336,-11.795686,6.6345166e-07,1.2641358e-07,0.9998534,4.0301213e-05,1.9681782e-05,8.5809384e-05,1.2531738e-08,2.1893329e-10,2,,,,0.0022834742,Test
367,1,13.317478,-16.602844,-14.204717,18.862984,-13.344373,-2.413084,-5.1830416,-32.24937,0.0038897793,3.9417951e-16,4.336986e-15,0.99611026,1.0252521e-14,5.7309757e-10,3.5913005e-11,6.3167545e-23,3,,,,0.036742743,Test
368,13,-9.644008,-6.718048,14.1061735,-0.27638227,0.31092885,1.24524,-8.405333,-10.714101,4.8464698e-11,9.039683e-10,0.9999957,5.6719637e-07,1.0204686e-06,2.5975612e-06,1.6725368e-10,1.6622256e-11,2,,,,8.6415275e-05,Test
369,1,-8.189307,-5.7082105,10.563046,-1.541342,2.407006,-2.0437546,-7.005872,-3.75285,7.175092e-09,8.577365e-08,0.99970347,5.533529e-06,0.0002869115,3.3481667e-06,2.3430792e-08,6.0611654e-07,2,,,,0.003976713,Test
370,13,-18.863829,-11.112683,30.654171,-3.2892866,0.35465327,-0.9780422,-15.146162,-20.844366,3.1232505e-22,7.259155e-19,1.0,1.8136072e-15,6.935636e-14,1.8293811e-14,1.2857867e-20,4.3099315e-23,2,,,,3.9554787e-12,Test
371,16,-13.009714,-7.4012613,17.647474,-3.0588496,1.5098406,-3.2122977,-8.888613,-6.8953,4.8501168e-14,1.322732e-11,0.9999999,1.0170864e-09,9.806509e-08,8.7240104e-10,2.9889851e-12,2.1938581e-11,2,,,,2.5131121e-06,Test
372,19,-1.7045665,-8.279545,-2.9396365,7.4235396,-2.916112,-0.15437289,-2.094867,-11.781844,0.00010848881,1.5132404e-07,3.1550102e-05,0.9992429,3.2301126e-05,0.00051124085,7.343101e-05,4.5590998e-09,3,,,,0.010076202,Test
373,20,5.102603,-12.581091,-5.6411686,12.761469,-8.242373,-0.40322214,-5.124001,-23.646204,0.00047161878,9.855086e-12,1.0177249e-08,0.9995265,7.5499124e-10,1.9162037e-06,1.7070004e-08,1.5422077e-16,3,,,,0.005931513,Test
374,20,7.7789884,-12.476319,-9.826214,14.125024,-9.738893,-1.3879414,-3.6603255,-23.46127,0.0017506154,2.7952614e-12,3.956845e-11,0.9982492,4.317892e-11,1.8282844e-07,1.8843435e-08,4.739359e-17,3,,,,0.01856019,Test
375,11,-3.1684196,-5.075081,-3.210108,5.7906737,-4.7862296,-0.5158406,0.5651075,-7.847927,0.00012760585,1.8959103e-05,0.00012239546,0.9925565,2.5308387e-05,0.0018108018,0.005337287,1.1846388e-06,3,,,,0.07143687,Test
376,16,-2.2120502,-5.689189,0.6651818,-1.2543063,5.1302156,-1.2155002,-5.1880403,-6.7016506,0.0006376005,1.969911e-05,0.011326994,0.0016614667,0.98458743,0.0017272088,3.2515654e-05,7.157149e-06,4,,,,0.13415751,Test
377,1,-2.444644,-9.097701,-6.2614217,6.3290553,-3.4207122,5.2146554,-2.0171268,-15.2167015,0.00011647907,1.502664e-07,2.562372e-06,0.7526912,4.3888092e-05,0.2469671,0.00017861425,3.3068412e-10,3,,,,0.81122094,Test
378,3,-5.2216334,-4.173928,6.2597437,-1.6735106,2.074528,-2.311161,-4.9966903,-0.5850452,1.0149152e-05,2.8936243e-05,0.9833957,0.0003526629,0.01496622,0.00018639388,1.2709292e-05,0.0010473074,2,,,,0.13201539,Test
379,3,-0.6372243,-6.821495,-1.7402219,4.705433,-1.3007249,2.955943,-4.409398,-11.737373,0.0040438594,8.336837e-06,0.0013420546,0.8454395,0.00208277,0.14699034,9.3016875e-05,6.1102995e-08,3,,,,0.67628706,Test
380,1,2.5079648,-3.272423,-3.2309637,2.5747137,-2.211112,-1.1805581,-1.6038407,-7.671837,0.47043744,0.0014524842,0.0015139687,0.5029103,0.004197907,0.011765129,0.0077049066,1.7843095e-05,3,,,,1.201299,Test
381,13,-1.4199729,-8.343144,1.0299937,6.753373,-4.048543,0.12718047,-4.378766,-15.166287,0.00028069422,2.7640002e-07,0.0032526709,0.99511284,2.0260948e-05,0.0013187227,1.4562827e-05,3.0080477e-10,3,,,,0.050397504,Test
382,1,-2.5989463,-5.9043784,0.7781685,1.744931,2.0229034,0.2655617,-4.117643,-8.857094,0.004409721,0.00016176343,0.1291438,0.33957303,0.44838917,0.077348396,0.0009657167,8.443691e-06,4,,,,1.761312,Test
383,1,-3.2687113,-4.836855,-0.8728142,4.5646453,-4.114456,0.6607293,-0.5159726,-8.136575,0.00038423506,8.008677e-05,0.00421815,0.9695733,0.00016492807,0.019549316,0.0060269325,2.9546843e-06,3,,,,0.23949648,Test
384,1,-1.2878907,-4.049823,0.47054985,0.18987653,1.6757482,1.2685413,-3.9557781,-6.7588496,0.022945585,0.001449463,0.13316193,0.10057389,0.44441745,0.2957627,0.0015923928,9.653655e-05,4,,,,1.915087,Test
385,1,-2.908573,-3.8335547,-1.5522131,2.5307288,-3.2047462,3.3250802,-1.1076791,-8.485741,0.0013298295,0.0005273286,0.0051624468,0.30623487,0.0009889392,0.6776993,0.008052193,5.0310987e-06,5,,,,1.0268576,Test
386,20,3.6300924,-8.150868,-5.5014443,8.865376,-6.60181,-0.009139139,-2.7643576,-16.121655,0.0052963155,4.051049e-08,5.730566e-07,0.9945549,1.9068443e-07,0.00013914757,8.849107e-06,1.3992634e-11,3,,,,0.049826894,Test
387,20,5.7068725,-13.580537,-9.254505,14.459788,-8.547438,0.20755504,-4.5110993,-24.373676,0.00015797482,6.64007e-13,5.0227773e-11,0.99984145,1.0186389e-10,6.4604797e-07,5.767387e-09,1.3638647e-17,3,,,,0.0022370745,Test
388,3,-1.9959043,-8.400918,7.366514,3.63006,-2.644932,1.5352006,-8.544352,-17.966497,8.364186e-05,1.3828065e-07,0.9738011,0.023213936,4.370735e-05,0.0028573466,1.1980337e-07,9.693555e-12,2,,,,0.18924247,Test
389,1,-3.4512897,-3.1808186,-2.1025767,3.0538495,-3.7143226,-0.7589961,1.1837299,-3.2780633,0.0012586768,0.0016495996,0.004849007,0.8415121,0.0009675658,0.018584998,0.12968141,0.0014967369,3,,,,0.7869013,Test
390,11,-6.505816,-6.291664,1.7721161,4.267789,-3.8867776,1.8460588,-1.4366084,-9.500595,1.7827513e-05,2.2084925e-05,0.070169955,0.8511539,0.00024463845,0.07555516,0.0028354363,8.922261e-07,3,,,,0.77597463,Test
391,1,6.201443,-15.548134,-11.141339,16.656797,-10.402227,-0.55835754,-3.908936,-27.158209,2.8792847e-05,1.0317221e-14,8.4607657e-13,0.99997115,1.7717495e-12,3.3384186e-08,1.1705855e-09,9.362073e-20,3,,,,0.0004767925,Test
392,1,-12.559052,-8.500915,17.403881,-2.6689346,3.1375926,-2.754271,-10.383342,-6.9560456,9.710989e-14,5.6193947e-12,0.9999994,1.9164037e-09,6.3713173e-07,1.7596478e-09,8.553853e-13,2.6340147e-11,2,,,,1.40811435e-05,Test
393,13,-7.2739477,-4.0886364,7.074264,0.42979184,-1.2270958,-0.44323337,-3.0786273,-6.267722,5.8575904e-07,1.4160603e-05,0.9978563,0.0012984058,0.00024764703,0.00054232584,3.8879745e-05,1.6022019e-06,2,,,,0.025230546,Test
394,3,1.6775694,-2.4954338,-1.3124746,2.542934,-3.7020538,-0.26588938,-1.6475818,-8.217817,0.2758318,0.0042494433,0.013870262,0.655341,0.001271463,0.039501254,0.009920866,1.390376e-05,3,,,,1.293803,Test
395,3,-1.0201839,-3.000923,1.380592,0.53155166,0.13679019,0.5925566,-3.3606532,-5.619497,0.039694306,0.005476513,0.43789697,0.1873434,0.12623961,0.19912809,0.0038218645,0.00039927496,2,,,,2.0760074,Test
396,1,-4.697473,-2.4260566,3.8378367,-0.77214396,-0.42723122,-1.230081,-2.5319548,-0.37145194,0.0001872405,0.0018149451,0.9533179,0.009487431,0.013394984,0.0060016266,0.0016325723,0.0141633805,2,,,,0.37809256,Test
397,1,-2.6690457,-5.167047,6.9094276,-1.6218135,4.2733006,-0.6667389,-7.767266,-9.706775,6.452912e-05,5.3074664e-06,0.9324676,0.00018389193,0.06680029,0.00047791027,3.9411864e-07,5.6664145e-08,2,,,,0.36340535,Test
398,1,-4.758566,-2.369343,4.963171,-0.09818336,-1.1434705,0.58200103,-2.8645377,-4.397653,5.865917e-05,0.0006396794,0.97821116,0.0061988975,0.0021794746,0.012238122,0.00038985393,8.415466e-05,2,,,,0.1867298,Test
399,1,-2.120056,-3.0619996,-0.7635869,2.0931041,-2.4917338,-1.7109603,-0.46187615,-2.6054735,0.012360591,0.0048190155,0.047989514,0.8352018,0.008523571,0.018608326,0.06488997,0.0076072025,3,,,,1.0178139,Test
400,13,-1.6462747,-4.969416,0.12846929,3.5071425,-0.9710135,-1.5538261,-2.275471,-7.1702185,0.0054479605,0.00019634143,0.032136265,0.9426155,0.010702768,0.005975633,0.002903871,2.1737813e-05,3,,,,0.42214695,Test
401,20,8.775411,-13.781708,-10.883934,15.523209,-10.426479,-1.3874257,-4.13401,-25.677593,0.0011720853,1.8729542e-13,3.3963646e-12,0.9988279,5.3664165e-12,4.5216318e-08,2.9004739e-09,1.2770554e-18,3,,,,0.013103465,Test
402,3,0.95980996,-9.280686,-3.4635723,7.397563,-2.508855,2.569776,-5.0297713,-15.780742,0.0015846621,5.6564726e-08,1.90058e-05,0.99041533,4.9375867e-05,0.007927498,3.969126e-06,8.503692e-11,3,,,,0.0849034,Test
403,20,1.538747,-10.507726,-5.603939,10.755231,-6.742752,0.5432143,-3.0440729,-18.474905,9.937388e-05,5.828485e-10,7.8567616e-08,0.9998628,2.5157263e-08,3.6721274e-05,1.0161991e-06,2.0204739e-13,3,,,,0.002083044,Test
404,1,5.9128175,-9.165855,-8.134316,10.495459,-7.340423,-1.3924255,-3.1049948,-17.752918,0.010124216,2.8627074e-09,8.030974e-09,0.9898677,1.7764458e-08,6.8035356e-06,1.2273694e-06,5.3390376e-13,3,,,,0.08176861,Test
405,20,4.7781997,-11.3725605,-6.278835,10.732007,-6.083517,-0.22674377,-4.743084,-21.513382,0.0025891708,2.5059607e-10,4.0846217e-08,0.99739313,4.965656e-08,1.7359667e-05,1.897229e-07,9.882624e-15,3,,,,0.026286408,Test
406,3,-1.9112576,-7.8149533,1.8524384,1.6087782,4.001047,1.1541022,-7.277036,-11.444547,0.0021326523,5.820735e-06,0.09193323,0.07205303,0.7881365,0.045728717,9.967629e-06,1.544064e-07,4,,,,1.0834099,Test
407,16,-12.849109,-8.756771,18.112385,-2.779086,3.3422284,-3.0247843,-10.555517,-7.8954616,3.5776154e-14,2.1422675e-12,0.99999964,8.451794e-10,3.8494812e-07,6.610648e-10,3.5455875e-13,5.0691543e-12,2,,,,8.764665e-06,Test
408,13,-2.310287,-5.961704,5.588892,3.7897646,-2.975495,1.1325994,-5.287926,-11.864221,0.00031507798,8.177634e-06,0.8491568,0.14048721,0.00016200251,0.009854727,1.6041537e-05,2.2345855e-08,2,,,,0.6698823,Test
409,13,-4.6721463,-4.82627,5.4073267,1.7780805,0.0077305045,0.21024384,-4.4240637,-6.6148796,4.044611e-05,3.466904e-05,0.964576,0.02559616,0.004358345,0.00533669,5.1834377e-05,5.7964035e-06,2,,,,0.2619525,Test
410,20,11.41751,-18.873653,-14.590534,20.910408,-12.631691,-1.1162591,-6.0921736,-34.29621,7.537964e-05,5.2719215e-18,3.820357e-16,0.99992466,2.7090608e-15,2.715861e-10,1.87454e-12,1.056908e-24,3,,,,0.0011410569,Test
411,3,-0.44942752,-4.867084,1.4724115,2.8256965,-0.37795547,-0.19224513,-3.9447305,-8.392249,0.02725527,0.00032876583,0.1862493,0.7208067,0.029274566,0.035248734,0.0008269131,9.681155e-06,3,,,,1.2653841,Test
412,3,4.525854,-3.9313145,-1.9885355,2.5041585,-1.4427469,-1.544563,-3.7192287,-11.135068,0.87776595,0.00018641338,0.0013008143,0.116243176,0.0022451645,0.0020278227,0.00023045424,1.3865218e-07,0,,,,0.58147335,Test
413,20,14.384294,-11.752778,-9.242879,12.838352,-11.584554,-4.0720477,-4.7488775,-27.845924,0.82432675,3.672091e-12,4.5180266e-11,0.17567323,4.3448253e-12,7.954491e-09,4.042674e-09,3.7648632e-19,0,,,,0.67052,Test
414,1,0.1162698,-5.1469297,-3.1788213,5.261484,-4.35179,-1.871273,-0.64097977,-7.000467,0.005771379,2.9888297e-05,0.00021391423,0.9904165,6.6195156e-05,0.00079086213,0.0027065147,4.6829555e-06,3,,,,0.09197342,Test
415,1,-2.544467,-3.054898,2.4432673,0.68341374,0.363111,-2.1792026,-2.3684623,-2.680232,0.0051216646,0.0030742122,0.7508559,0.12919982,0.09378993,0.007379781,0.0061072977,0.0044714576,2,,,,1.2087893,Test
416,13,1.559269,-5.6561127,0.87375647,4.493899,-3.931857,0.60393924,-4.608146,-14.104906,0.048285827,3.5499274e-05,0.024327941,0.9084756,0.00019909196,0.018574849,0.00010123841,7.602477e-09,3,,,,0.5784828,Test
417,3,-1.0831447,-4.4163985,9.691164,-0.4237831,-1.4057263,0.37062496,-7.0939612,-13.545244,2.0926882e-05,7.4660477e-07,0.9998331,4.0463336e-05,1.5156859e-05,8.955064e-05,5.131449e-08,8.099974e-11,2,,,,0.0026198106,Test
418,3,7.654992,-7.9238033,-5.947842,7.1514144,-4.6423025,-1.7027206,-4.456414,-18.171116,0.62326175,1.0687733e-07,7.7096456e-07,0.37667733,2.8446136e-06,5.378578e-05,3.4257332e-06,3.789088e-12,0,,,,0.95660347,Test
419,1,-4.119994,-7.9284534,-0.33207986,-1.7439399,6.824622,2.4567173,-6.3333015,-8.908981,1.7414783e-05,3.8630043e-07,0.0007691097,0.00018742413,0.98651683,0.01250684,1.9041047e-06,1.4490632e-07,4,,,,0.108977504,Test
420,3,0.6948346,-7.5762467,-4.9257355,6.4136243,-3.5356276,0.47084868,-2.0500994,-13.336958,0.003263515,8.3483485e-07,1.1822333e-05,0.99385804,4.746998e-05,0.0026086129,0.00020968901,2.6287887e-09,3,,,,0.06163119,Test
421,3,-3.3249848,-4.529046,6.79011,0.78755116,-0.24830638,1.0293119,-5.702648,-9.155155,4.0200597e-05,1.2059109e-05,0.9934877,0.0024563167,0.00087180047,0.003128092,3.729295e-06,1.1809241e-07,2,,,,0.06640116,Test
422,1,9.917463,-15.824693,-13.524968,17.836052,-11.405521,-0.9098845,-4.7790346,-29.14137,0.00036378318,2.405286e-15,2.3984153e-14,0.9996362,1.9970458e-13,7.2207915e-09,1.507423e-10,3.9610077e-21,3,,,,0.0046809996,Test
423,1,-1.2473214,-5.3574166,0.76057273,0.32371596,3.424172,-1.9390097,-4.6509495,-6.793979,0.008287011,0.00013595849,0.06171849,0.03987409,0.8855269,0.0041495557,0.00027556324,3.2323256e-05,4,,,,0.6842854,Test
424,1,-2.0386539,-2.3360863,3.2213585,0.07093224,-0.8886505,-0.18037355,-3.1366177,-5.063324,0.004707555,0.0034964099,0.90612864,0.038812984,0.014867418,0.030188145,0.0015702037,0.00022866415,2,,,,0.63582355,Test
425,1,-4.0677447,-4.243077,0.21230611,-0.31050247,1.3330975,0.31325835,-2.2564137,-2.3583245,0.0023252086,0.0019512648,0.16798265,0.099589035,0.5152499,0.18582642,0.014226991,0.012848538,4,,,,1.91375,Test
426,1,-0.10056692,-6.920666,-2.2475915,4.2386246,-0.61043525,0.29243442,-4.0464525,-9.667852,0.01252115,1.3668249e-05,0.0014628618,0.95969033,0.007519883,0.018549087,0.00024208499,8.762437e-07,3,,,,0.31277293,Test
427,13,1.4176884,-9.433192,-6.491216,10.198287,-6.4006577,-0.015171308,-1.964111,-15.98476,0.00015365597,2.9790095e-09,5.6461975e-08,0.9998043,6.1813665e-08,3.6666253e-05,5.222188e-06,4.2536486e-12,3,,,,0.0028636388,Test
428,3,6.8221254,-9.720327,-7.948315,10.049243,-6.7732983,-1.9071517,-3.0773115,-20.529991,0.03815759,2.4962346e-09,1.4684525e-08,0.9618343,4.755146e-08,6.1731134e-06,1.9156232e-06,5.0432118e-14,3,,,,0.23393616,Test
429,1,-8.559354,-5.8907623,15.046192,-1.4538691,-0.2868811,3.3022993,-9.456281,-14.035012,5.6006505e-11,8.075931e-10,0.9999918,6.82513e-08,2.1924372e-07,7.9375895e-06,2.284063e-11,2.345256e-13,2,,,,0.00015285397,Test
430,20,12.20372,-16.360857,-13.844579,18.53375,-12.637957,-2.0016139,-5.109762,-31.281252,0.0017788098,6.993447e-16,8.659576e-15,0.9982212,2.8941855e-14,1.2045683e-09,5.3824462e-11,2.3165737e-22,3,,,,0.018813193,Test
431,20,3.4426706,-6.073317,1.8783052,4.4711885,-4.165276,-0.9929839,-4.9627757,-14.071795,0.24883178,1.8330096e-05,0.052060775,0.695962,0.0001235425,0.0029479875,5.5650253e-05,6.1584284e-09,3,,,,1.1127064,Test
432,13,-5.594601,-5.692618,1.0249456,4.6336927,-4.271622,-0.260216,-0.28588188,-8.177644,3.467401e-05,3.1436626e-05,0.025991835,0.95961237,0.00013018667,0.0071894946,0.0070073153,2.6194077e-06,3,,,,0.297994,Test
433,3,10.20667,-11.6368,-9.961879,13.33146,-9.829041,-1.8919467,-4.207963,-24.257574,0.04209618,1.3732334e-11,7.330833e-11,0.9579036,8.372297e-11,2.3435827e-07,2.312316e-08,4.5353552e-17,3,,,,0.25182807,Test
434,1,-4.0181894,-2.7348642,4.3387866,0.7042375,-1.5307568,1.0142455,-3.0689926,-5.439504,0.00022002187,0.00079397485,0.9372474,0.024739424,0.0026469387,0.033730626,0.00056845567,5.3112475e-05,2,,,,0.42499655,Test
435,20,10.050333,-7.726278,-6.0165763,8.392443,-8.096624,-2.9946938,-3.479731,-19.861109,0.83995205,1.5994486e-08,8.840651e-08,0.16004491,1.1044118e-08,1.814978e-06,1.1174357e-06,8.5877696e-14,0,,,,0.63448,Test
436,13,4.210788,-13.5545,-10.091254,14.4030485,-8.767554,0.10943575,-3.1099777,-23.235481,3.7457678e-05,7.2139744e-13,2.3027297e-11,0.999962,8.65204e-11,6.199354e-07,2.4784057e-08,4.5058556e-17,3,,,,0.0006190672,Test
437,20,-0.9542443,-5.542985,7.510021,1.6654932,-2.364155,0.8053389,-6.862114,-13.275739,0.00020994978,2.134277e-06,0.9956332,0.0028830555,5.1262432e-05,0.0012198117,5.7063755e-07,9.353173e-10,2,,,,0.04576842,Test
438,1,-1.5521394,-3.5250065,-1.1015375,2.6730084,-2.7828462,-1.7675226,-0.82323086,-4.2924027,0.0134537695,0.001870848,0.021112412,0.9200307,0.0039296593,0.010846867,0.027887201,0.0008684857,3,,,,0.5837618,Test
439,13,-8.53917,-5.9502487,12.001706,-0.5803012,-0.109964006,3.622365,-8.184796,-11.307494,1.1997953e-09,1.5975774e-08,0.9997615,3.4324169e-06,5.4936972e-06,0.0002295064,1.7100539e-09,7.53077e-11,2,,,,0.003277358,Test
440,7,-5.9555435,-5.936203,8.601511,-1.5248954,4.364716,-1.0470237,-7.7927103,-6.4834332,4.6954142e-07,4.78711e-07,0.98564917,3.9434817e-05,0.014246418,6.359412e-05,7.478286e-08,2.769584e-07,2,,,,0.10942267,Test
441,11,-4.853507,-5.063441,7.4827037,1.7133896,-1.2812378,0.7771068,-5.61688,-8.7693815,4.3701534e-06,3.5426106e-06,0.99550796,0.0031078754,0.00015556547,0.0012185434,2.0368914e-06,8.706709e-08,2,,,,0.046300836,Test
442,11,1.2843053,-7.176388,0.9945909,6.356232,-4.374808,0.2039193,-4.652476,-13.698429,0.0061890515,1.309761e-06,0.0046323645,0.9870384,2.1572605e-05,0.0021009638,1.634229e-05,1.9262183e-09,3,,,,0.1192081,Test
443,3,12.034826,-19.172983,-15.628594,21.073383,-12.668996,-0.6454902,-6.5471444,-35.771564,0.00011872795,3.3202647e-18,1.1494298e-16,0.99988127,2.217276e-15,3.6945477e-10,1.010429e-12,2.053531e-25,3,,,,0.0017195148,Test
444,3,5.4113793,-12.679177,-9.320215,13.676423,-8.773096,-1.1351987,-3.1091375,-21.486443,0.00025729145,3.579285e-12,1.0293772e-10,0.9997423,1.7790386e-10,3.6921773e-07,5.1287522e-08,5.356116e-16,3,,,,0.0034490277,Test
445,1,-2.658894,-1.6569663,3.4529166,-0.66394854,-2.1748173,1.4591471,-2.4201088,-6.971929,0.0018990657,0.005172157,0.8567727,0.013961556,0.0030815678,0.11667626,0.002411255,2.5433883e-05,2,,,,0.74225307,Test
446,13,0.48125234,-8.873213,3.3924787,6.8885527,-5.4117236,0.41793472,-6.182079,-18.324162,0.001595973,1.3817613e-07,0.029332912,0.9675665,4.402901e-06,0.0014980532,2.0378766e-06,1.08627e-11,3,,,,0.22437273,Test
447,11,-4.4502864,-5.372917,9.784166,1.2703025,-1.8023887,0.814073,-6.7776036,-12.027088,6.575196e-07,2.6134575e-07,0.99966204,0.00020059923,9.287014e-06,0.00012711331,6.414578e-08,3.3677955e-10,2,,,,0.0047724983,Test
448,1,-0.75038695,-6.678594,1.2587737,5.61097,-4.2748604,0.01024605,-3.519942,-12.780795,0.0016957116,4.5161073e-06,0.012645015,0.9818703,4.9968086e-05,0.0036281957,0.000106303974,1.0106756e-08,3,,,,0.15286437,Test
449,1,-7.829546,-4.9677258,12.106999,-0.9303333,-0.03139863,0.4462596,-7.2602754,-9.267936,2.1961446e-09,3.84179e-08,0.9999838,2.177466e-06,5.349998e-06,8.625771e-06,3.8805403e-09,5.211666e-10,2,,,,0.0003042792,Test
450,1,4.2646613,-5.2819405,-5.221551,5.300377,-4.3687716,-0.1587989,-2.248224,-12.211601,0.26103365,1.8649192e-05,1.981011e-05,0.7353635,4.647766e-05,0.0031304893,0.00038742376,1.8245116e-08,3,,,,0.86362165,Test
451,11,4.2936444,-8.187789,-6.055732,8.742229,-5.5954113,0.12645775,-3.0913286,-16.595812,0.011557744,4.3878824e-08,3.699952e-07,0.9882549,5.8628757e-07,0.00017909647,7.1716654e-06,9.788079e-12,3,,,,0.093591526,Test
452,1,-3.3843355,-3.6443071,7.749502,-0.6851489,0.29473823,-0.22386424,-5.407075,-7.4555655,1.4592461e-05,1.1251859e-05,0.9988329,0.0002169553,0.0005780029,0.0003441152,1.9304741e-06,2.4889482e-07,2,,,,0.014961077,Test
453,20,-2.6011667,-3.967147,6.177891,1.3965976,-2.6424284,1.353698,-4.6759787,-10.614319,0.00015138311,3.8622446e-05,0.9834984,0.008246782,0.00014526391,0.0079004755,1.9010698e-05,5.011984e-08,2,,,,0.14050733,Test
454,19,-9.595964,-8.392921,17.002344,-0.6248488,1.9257659,-0.24474184,-11.105355,-12.275031,2.8086736e-12,9.353543e-12,0.99999976,2.2110932e-08,2.833513e-07,3.2335965e-08,6.208415e-13,1.9275152e-13,2,,,,8.046467e-06,Test
455,1,-1.2580545,-6.3033824,-1.373761,5.768432,-4.5930095,0.07763395,-1.7264787,-11.569507,0.00088305795,5.6863164e-06,0.0007865717,0.9943825,3.1451153e-05,0.0033579266,0.00055278355,2.9361791e-08,3,,,,0.059299614,Test
456,1,-0.6012788,-11.157957,-4.9901915,9.803538,-5.2692304,3.1071832,-3.7105885,-18.460485,3.024788e-05,7.8702483e-10,3.7550404e-07,0.99873394,2.840726e-07,0.0012338428,1.3500168e-06,5.3032324e-13,3,,,,0.014242193,Test
457,20,-1.7124736,-5.706571,-2.244976,5.6470923,-3.238549,-0.06398782,-1.4000589,-8.779175,0.00063309417,1.1664167e-05,0.00037171095,0.9946885,0.00013762654,0.0032915205,0.0008652633,5.4005585e-07,3,,,,0.056520894,Test
458,16,-6.0066915,-2.575931,6.847352,-1.2707348,-0.7757,-2.1191785,-2.907723,-2.8125415,2.6126036e-06,8.0729864e-05,0.9988813,0.00029776493,0.0004884998,0.00012746737,5.7934656e-05,6.3719985e-05,2,,,,0.014972917,Test
459,1,-1.7543434,-9.205669,-6.0652905,9.48964,-5.8750277,-2.0741987,0.23922525,-12.588771,1.3084237e-05,7.5976425e-09,1.7560129e-07,0.9998809,2.124016e-07,9.502477e-06,9.606035e-05,2.578791e-10,3,,,,0.0018334375,Test
460,19,0.61817217,-4.8482857,2.5873137,2.2770278,-1.1170914,-0.5574091,-4.691562,-10.009652,0.071880355,0.000303779,0.5149885,0.3776088,0.0126763685,0.02218512,0.00035532186,1.741826e-06,2,,,,1.5060459,Test
461,3,-1.1455923,-5.469863,-1.2565148,4.5467906,-2.3348298,-0.5638644,-1.9526153,-7.4938917,0.0033217152,4.3990174e-05,0.0029729612,0.9852191,0.0010113071,0.0059429714,0.0014820974,5.812074e-06,3,,,,0.14214572,Test
462,1,-2.7601223,-1.3828464,2.6474996,-1.8692942,-1.717625,-1.9882519,-0.8587417,-2.6528144,0.004109981,0.016292328,0.91693836,0.010016629,0.011657101,0.008893214,0.02751686,0.0045755473,2,,,,0.62424123,Test
463,1,2.1962593,-7.921113,-5.5376925,8.231227,-5.080569,-1.650528,-1.7597029,-14.635923,0.0023876214,9.639321e-08,1.0450883e-06,0.99751294,1.650741e-06,5.097144e-05,4.5699657e-05,1.1690734e-10,3,,,,0.02582074,Test
464,11,-4.7064943,-4.6543345,4.9042587,1.2858381,-1.4509059,1.7799726,-3.9749832,-9.30675,6.2456944e-05,6.580111e-05,0.9321328,0.025004473,0.0016198131,0.040984303,0.00012979918,6.276463e-07,2,,,,0.4349556,Test
465,19,-3.4046605,-4.097726,10.016805,-1.0047395,-0.619218,-0.03441723,-6.6967325,-11.751402,1.4828411e-06,7.41481e-07,0.9999143,1.634432e-05,2.4032384e-05,4.312932e-05,5.512718e-08,3.5168218e-10,2,,,,0.0014228765,Test
466,20,1.5055776,-14.576599,-8.950219,14.3914175,-7.605805,1.9852016,-3.727953,-23.460821,2.5336592e-06,2.6263158e-13,7.292109e-11,0.99999344,2.7972072e-10,4.0930413e-06,1.351621e-08,3.638976e-17,3,,,,0.00013035611,Test
467,1,5.069925,-6.292101,-2.3388517,5.32568,-4.4816294,-1.1600897,-4.0773087,-15.931931,0.43588164,5.068781e-06,0.00026410568,0.56291336,3.0987125e-05,0.00085843564,4.642753e-05,3.2989725e-10,3,,,,1.0019513,Test
468,19,5.122991,-2.8501024,-0.6907407,1.8207932,-2.5948606,-2.6976345,-2.673883,-10.436612,0.9602548,0.00033091463,0.0028675755,0.03533948,0.00042713594,0.00038541807,0.00039468182,1.67856e-07,0,,,,0.26827648,Test
469,11,-5.1926317,-2.9036856,6.6667714,-0.70367116,-1.9888433,2.661928,-3.9465353,-9.409061,6.9389835e-06,6.844986e-05,0.9812268,0.0006177702,0.00017087701,0.017884957,2.4125078e-05,1.0235855e-07,2,,,,0.14081495,Test
470,11,-3.4374325,-2.1305912,2.5607693,-0.6123632,-1.4902607,0.32890767,-1.3861451,-5.114073,0.002072728,0.0076576644,0.83469594,0.034950584,0.014527411,0.089586616,0.016121488,0.00038760272,2,,,,0.95989573,Test
471,13,1.6989553,-7.4095106,-4.515452,7.588319,-4.94181,0.19163054,-2.2637763,-13.037298,0.0027592361,3.055148e-07,5.519577e-06,0.9965677,3.603638e-06,0.0006111754,5.2456155e-05,1.0987902e-09,3,,,,0.03583996,Test
472,20,7.256363,-15.318218,-11.390707,16.403011,-9.727266,-0.09467398,-4.634693,-27.257446,0.000106565036,1.673396e-14,8.4975776e-13,0.9998933,4.484544e-12,6.840697e-08,7.301208e-10,1.0925916e-19,3,,,,0.0015617108,Test
473,1,2.2682045,-3.4501371,-3.8075845,3.1526577,-3.3723824,-0.28833783,-1.0308498,-8.798473,0.2820636,0.00092662266,0.0006481349,0.68306214,0.0010015469,0.021880373,0.010413243,4.4070707e-06,3,,,,1.106133,Test
474,1,-7.0878716,-4.065224,7.714627,-0.29568368,-0.6882233,-2.6888795,-3.3185582,-2.2559829,3.7245292e-07,7.652269e-06,0.99934286,0.00033180352,0.00022407998,3.0306037e-05,1.6145932e-05,4.672333e-05,2,,,,0.009021263,Test
475,20,-6.978926,-4.7028637,1.076148,2.083081,-2.327534,5.122494,-1.5619918,-8.680686,5.201843e-06,5.0656927e-05,0.016384438,0.04484737,0.0005447925,0.9369952,0.0011713913,9.4861974e-07,5,,,,0.404166,Test
476,13,0.16982123,-3.7260928,3.3564014,2.2037773,-2.8934572,-0.24163683,-3.7011054,-9.834304,0.02976155,0.0006048972,0.7203934,0.22750525,0.0013908828,0.019722482,0.0006202026,1.34561e-06,2,,,,1.1157191,Test
477,17,0.44578436,-7.123391,-2.1692662,2.6161659,2.016482,1.6886768,-5.5891256,-12.321837,0.055207957,2.8493803e-05,0.004039241,0.4837115,0.2655505,0.19132999,0.00013215192,1.5743232e-07,3,,,,1.7362626,Test
478,19,6.536232,-7.40573,-6.227784,8.728295,-6.910322,-1.4378873,-2.8682473,-16.122782,0.10046112,8.852801e-08,2.875122e-07,0.89949554,1.4528933e-07,3.4584544e-05,8.273412e-06,1.4498162e-11,3,,,,0.4711753,Test
479,19,9.663517,-11.062739,-8.764997,12.541159,-9.5258,-2.031228,-4.099892,-22.907202,0.05326992,5.31109e-11,5.2854243e-10,0.94672954,2.469831e-10,4.4413886e-07,5.6118957e-08,3.8124013e-16,3,,,,0.30013964,Test
480,19,-1.9456052,-5.0094814,-1.0064113,4.562188,-3.1180143,0.51580757,-1.6390544,-8.196364,0.0014548801,6.795207e-05,0.0037214642,0.9752725,0.00045046018,0.017053174,0.0019767901,2.806448e-06,3,,,,0.20289747,Test
481,13,-9.672479,-7.1771293,16.593073,-0.17584446,-0.4813215,2.2179632,-10.117519,-13.959786,3.9175564e-12,4.7504188e-11,0.9999994,5.216168e-08,3.8431253e-08,5.7143774e-07,2.5103652e-12,5.3834558e-14,2,,,,1.5093362e-05,Test
482,13,-1.6811751,-4.002871,6.2855277,1.082416,-1.6203213,0.14176819,-5.3375998,-9.305003,0.00034392992,3.3741962e-05,0.9916653,0.0054535894,0.00036550936,0.0021289436,8.881886e-06,1.6806753e-07,2,,,,0.08065766,Test
483,20,-1.01254,-7.154739,-0.19545653,6.1732974,-3.8904984,0.28573292,-3.173359,-12.696437,0.0007531851,1.6194911e-06,0.0017051261,0.99465203,4.2366253e-05,0.0027588897,8.679e-05,6.34819e-09,3,,,,0.056462064,Test
484,16,0.235208,-3.7359471,0.2885837,2.3438194,-2.4497495,-0.71069366,-2.975023,-7.5961056,0.09252602,0.0017442679,0.097598836,0.76211786,0.006312505,0.035930563,0.0037331737,3.6742396e-05,3,,,,1.2092382,Test
485,1,11.808386,-14.579129,-12.848584,16.73435,-11.918121,-2.119972,-4.601179,-28.464764,0.0072034597,2.4979776e-14,1.409791e-13,0.9927966,3.5747856e-13,6.4347563e-09,5.382173e-10,2.3288172e-20,3,,,,0.061622683,Test
486,1,3.831052,-5.424472,-5.2391744,4.8677692,-3.307929,0.90518993,-3.014445,-13.333138,0.2580225,2.4662359e-05,2.9683048e-05,0.7276091,0.00020475639,0.013834765,0.00027459703,9.064502e-09,3,,,,0.9301077,Test
487,3,4.1438475,-6.3509426,-1.9265213,5.577486,-3.6341474,-0.92939764,-4.3884916,-13.920862,0.19219136,5.319912e-06,0.00044402375,0.80603737,8.049956e-05,0.001203515,3.7860475e-05,2.743659e-09,3,,,,0.726402,Test
488,3,4.360326,-4.064245,-2.7049425,3.1026058,-2.1014454,-1.4266163,-3.0117755,-11.325418,0.7748135,0.00017000138,0.0006618964,0.22028062,0.0012102795,0.0023766223,0.00048700592,1.1938918e-07,0,,,,0.81289953,Test
489,3,-9.433179,-6.1500196,14.722799,-1.7064703,1.614425,-2.0962908,-8.389577,-8.301375,3.2299115e-11,8.610917e-10,0.99999785,7.325848e-08,2.0281698e-06,4.9609078e-08,9.171096e-11,1.00167645e-10,2,,,,4.4424796e-05,Test
490,16,1.6828603,-9.223963,-5.4575872,9.709727,-5.997534,-0.73599344,-2.1259196,-15.2978525,0.00032645115,5.984743e-09,2.5867902e-07,0.99963677,1.507528e-07,2.906186e-05,7.239127e-06,1.3778067e-11,3,,,,0.004875262,Test
491,13,0.494504,-5.106703,-1.7123451,5.1430674,-3.335262,-0.85257655,-1.9978698,-9.114094,0.009441705,3.487203e-05,0.0010390299,0.986043,0.00020502368,0.002454826,0.0007809553,6.340003e-07,3,,,,0.12619026,Test
492,1,-1.6698062,-2.8988795,0.029100187,1.3722365,-1.4853367,-2.0724313,-1.3634983,-2.1775985,0.031705886,0.009275984,0.17336665,0.66417456,0.03812888,0.021197371,0.04306928,0.019081324,3,,,,1.652853,Test
493,1,-3.6569493,-9.134483,-4.782657,0.016487919,3.5784988,7.4670696,-4.6141586,-14.054736,1.4449068e-05,6.0391656e-08,4.687603e-06,0.0005691062,0.020051872,0.97935414,5.5479045e-06,4.406956e-10,5,,,,0.14911889,Test
494,3,5.2342434,-6.6012063,-4.9514422,6.6132812,-4.1951323,-0.9543138,-3.4783475,-14.606916,0.2010688,1.4563791e-06,7.58154e-06,0.7984601,1.6151724e-05,0.00041275134,3.307611e-05,4.857787e-10,3,,,,0.7301343,Test
495,13,3.7116706,-6.0696125,-1.9567597,6.163128,-5.2936296,-1.0155002,-3.3334575,-13.861744,0.07924808,4.477457e-06,0.00027366597,0.91969347,9.72829e-06,0.00070146273,6.907617e-05,1.8490633e-09,3,,,,0.4127089,Test
496,1,-5.9832625,-4.53875,8.50856,0.12108368,-0.5258068,-1.1846868,-5.312491,-5.670713,5.082786e-07,2.1549934e-06,0.9995871,0.00022760704,0.00011919145,6.167328e-05,9.940646e-07,6.9476886e-07,2,,,,0.00585117,Test
497,13,-0.52324075,-4.8134613,7.149631,1.3034873,-2.4950972,0.30055165,-6.238687,-12.377808,0.00046320033,6.3467214e-06,0.99553066,0.0028781053,6.447668e-05,0.0010556923,1.5260965e-06,3.291513e-09,2,,,,0.04733201,Test
498,3,2.8293433,-4.610835,-2.1936908,0.66917497,1.4150107,-1.4137499,-4.015613,-9.997623,0.7241152,0.00042518627,0.00476795,0.08349461,0.17602356,0.010400532,0.000771047,1.9459271e-06,0,,,,1.1955171,Test
499,16,-3.3921523,-8.195812,0.39133447,-1.8060801,8.0984125,-0.60211223,-7.2576795,-9.196223,1.0219214e-05,8.379434e-08,0.00044932932,4.9916005e-05,0.9993237,0.00016638589,2.141115e-07,3.081352e-08,4,,,,0.008950549,Test
500,20,-2.493706,-8.224492,5.553016,4.3658943,-2.9770057,-0.58311546,-6.743275,-15.019551,0.00024480297,7.942701e-07,0.76465195,0.23329388,0.00015098105,0.0016541529,3.4934321e-06,8.8901986e-10,2,,,,0.806098,Test
501,1,-4.439896,-6.2943306,7.070755,-2.258265,6.0599303,-1.5093781,-8.253648,-7.2581224,7.3469555e-06,1.1501025e-06,0.73302615,6.509951e-05,0.26676193,0.00013766225,1.6211227e-07,4.3869943e-07,2,,,,0.8398225,Test
502,20,9.923448,-20.98664,-15.431202,22.635021,-12.882595,-0.5994421,-6.124029,-36.323032,3.0160077e-06,1.1359299e-19,2.9379748e-17,0.999997,3.7574564e-16,8.1170785e-11,3.2366953e-13,2.4822263e-26,3,,,,5.9612645e-05,Test
503,1,14.01057,-21.390244,-17.617332,23.602108,-14.559518,-1.516113,-6.846335,-39.56038,6.8299596e-05,2.8842993e-20,1.2548586e-18,0.9999317,2.6704669e-17,1.2338587e-11,5.975576e-14,3.7055338e-28,3,,,,0.0010436567,Test
504,20,-5.7246175,-5.041288,9.802013,0.87955713,-1.3676754,2.5585036,-6.6210284,-10.657786,1.8050758e-07,3.5748786e-07,0.99913776,0.00013324522,1.4082864e-05,0.0007141823,7.3652714e-08,1.3003097e-09,2,,,,0.01066325,Test
505,1,-0.4891973,-3.6759753,-0.19883837,0.7739868,1.6116499,-0.37662697,-3.4479592,-5.9974174,0.06551768,0.0027061906,0.08759107,0.23171408,0.535482,0.07332418,0.0033992617,0.0002655638,4,,,,1.8671782,Test
506,1,-4.8744254,-3.6813397,0.8951812,0.18598521,-1.606936,4.139061,-2.1131089,-7.397283,0.000114447634,0.00037736146,0.036670372,0.018043276,0.0030037214,0.9399709,0.0018106381,9.182135e-06,5,,,,0.4109595,Test
507,1,-3.0723078,-5.9443984,-1.6916224,3.1037545,-1.027942,5.029207,-3.3692565,-10.348213,0.00026357,1.4912917e-05,0.0010483831,0.12680188,0.002035883,0.86963934,0.00019585402,1.823939e-07,5,,,,0.58739614,Test
508,19,0.5955914,-8.161367,-0.90334094,7.356418,-4.577997,-0.8604904,-3.3090584,-13.647046,0.0011562859,1.8195587e-07,0.00025827787,0.99828583,6.5494373e-06,0.00026958575,2.3296849e-05,7.5433887e-10,3,,,,0.020502195,Test
509,1,1.8682075,-10.371574,-6.4597616,10.980296,-6.8108234,0.42120442,-2.6406407,-17.721773,0.000110308814,5.3326155e-10,2.66575e-08,0.99986243,1.8765304e-08,2.595285e-05,1.2146253e-06,3.4260236e-13,3,,,,0.0020689028,Test
510,1,-3.227312,-1.7797568,0.75048316,0.32361558,-2.9985032,-0.39644957,0.46134654,-4.4354744,0.0065787486,0.027977472,0.3512997,0.22924061,0.008270157,0.11157612,0.26309183,0.0019653735,2,,,,2.144085,Test
511,3,1.4175726,-7.4478784,-3.193672,7.138178,-4.4844365,0.053805288,-2.654379,-12.817793,0.0032639727,4.6081897e-07,3.2442058e-05,0.995804,8.923532e-06,0.0008345838,5.5631466e-05,2.1448943e-09,3,,,,0.042962965,Test
512,1,2.117318,-11.473709,-7.9947724,12.09934,-7.161193,-0.21040718,-2.0800455,-18.399302,4.6221117e-05,5.7853854e-11,1.8759252e-09,0.9999485,4.3175232e-09,4.5073593e-06,6.9494183e-07,5.6831056e-14,3,,,,0.00083419704,Test
513,1,-1.1205953,-2.6135402,-0.75102985,1.2804978,-0.94767475,-0.8389235,-1.4878855,-3.460123,0.058788445,0.013210347,0.0850731,0.6487441,0.069886036,0.07791489,0.040717382,0.005665628,3,,,,1.8157412,Test
514,11,-10.181588,-5.6822877,14.611109,-2.200049,0.64031714,-0.84125036,-7.9753237,-8.074833,1.7087071e-11,1.5370558e-09,0.9999989,5.000423e-08,8.561734e-07,1.9459209e-07,1.5518015e-10,1.4048186e-10,2,,,,2.4410614e-05,Test
515,3,-1.879499,-4.7837214,2.2904,1.4102197,1.0676191,0.68736595,-4.4904184,-7.6491137,0.008015935,0.00043920416,0.5187025,0.21511014,0.15271136,0.104406975,0.00058890646,2.50174e-05,2,,,,1.7898588,Test
516,13,-9.004969,-6.757139,15.6885195,-0.49412438,-0.701743,3.4880602,-9.953554,-14.306996,1.8869122e-11,1.7863706e-10,0.99999475,9.3748596e-08,7.617231e-08,5.0281183e-06,7.307793e-12,9.399629e-14,2,,,,0.000100066514,Test
517,3,1.4440838,-6.2816353,0.53368765,-1.4780881,5.2822666,-1.0857972,-7.428428,-12.740457,0.02084313,9.198687e-06,0.008386542,0.0011217077,0.96797603,0.0016605409,2.921997e-06,1.4411028e-08,4,,,,0.2462294,Test
518,1,0.55479455,-5.4867992,-4.1319304,5.89704,-4.9886303,-1.6662624,-0.24762775,-8.141488,0.0047493805,1.1292919e-05,4.377417e-05,0.9925321,1.8584815e-05,0.0005152811,0.002128871,7.9412547e-07,3,,,,0.07304042,Test
519,3,6.0602837,-8.04201,-5.0126433,8.765306,-6.892162,-1.1103656,-3.6255414,-17.036116,0.06267428,4.7048015e-08,9.731461e-07,0.9372724,1.48564e-07,4.818544e-05,3.89573e-06,5.8405078e-12,3,,,,0.33882737,Test
520,3,-3.9711754,-3.3796446,6.138143,-0.06811331,0.4441975,-0.5086024,-4.522056,-4.7150655,4.0422103e-05,7.303272e-05,0.9932081,0.0020030758,0.003343422,0.0012894226,2.3301001e-05,1.9211077e-05,2,,,,0.069848046,Test
521,1,-7.162523,-5.516957,10.882062,-1.9344025,1.4573208,2.744944,-7.7362595,-10.952136,1.4560402e-08,7.548022e-08,0.99962413,2.7146696e-06,8.067219e-05,0.00029236916,8.20357e-09,3.2912814e-10,2,,,,0.005124088,Test
522,19,19.885136,-27.32102,-22.020233,30.305046,-19.648237,-2.8192804,-8.664978,-50.98749,2.9831663e-05,9.4038056e-26,1.8854153e-23,0.9999702,2.0209285e-22,4.1141068e-15,1.18992785e-17,4.95547e-36,3,,,,0.0004914483,Test
523,1,-13.236891,-7.5323925,17.065979,-3.4142478,1.8626888,-3.8116424,-8.717945,-4.4655643,6.9124306e-14,2.075214e-11,0.99999976,1.2751185e-09,2.4962895e-07,8.5696766e-10,6.3413827e-12,4.456247e-10,2,,,,5.89756e-06,Test
524,13,-2.098426,-8.199509,-4.1575165,7.6164603,-5.0708303,1.3831922,-1.2761654,-13.202498,6.02471e-05,1.3498004e-07,7.685719e-06,0.99783295,3.0834558e-06,0.0019587716,0.00013710065,9.0677416e-10,3,,,,0.023537844,Test
525,1,-5.2725196,-2.7087321,4.138524,-0.12928954,-0.8968872,-2.2690992,-1.662722,-0.26763022,7.87798e-05,0.0010229476,0.9628951,0.013492457,0.0062622097,0.0015877552,0.002911587,0.01174926,2,,,,0.30802464,Test
526,16,-13.275669,-7.776806,16.673079,-2.84768,1.5049276,-3.7236042,-8.361736,-4.1942515,9.849724e-14,2.4074099e-11,0.99999976,3.3284475e-09,2.585566e-07,1.386223e-09,1.34127535e-11,8.658315e-10,2,,,,6.163896e-06,Test
527,1,-3.3698647,-6.2648754,3.300677,-1.2577178,5.806189,-1.1707083,-6.6873994,-7.2212253,9.5509466e-05,5.2815276e-06,0.07534007,0.0007894786,0.92290294,0.00086124765,3.4614616e-06,2.0296534e-06,4,,,,0.40625158,Test
528,1,-2.062299,-2.5837286,-0.2469879,1.898799,-2.384714,-2.0488696,-0.76613545,-1.8824131,0.014960685,0.008881726,0.0919033,0.7856597,0.010837481,0.015162953,0.054684993,0.017909147,3,,,,1.236737,Test
529,3,2.0548687,-6.38766,3.5744958,3.4762588,-2.8521922,-1.2512676,-6.1630855,-15.529394,0.102480724,2.2085049e-05,0.46839026,0.42456484,0.00075776165,0.0037566912,2.7645856e-05,2.3653428e-09,2,,,,1.4129496,Test
530,1,-3.4456453,-2.8906837,4.4712696,-1.149219,1.6056424,-1.4333245,-3.9238892,-2.1003923,0.0003419811,0.000595688,0.93815494,0.0033988138,0.053425483,0.0025582442,0.00021198418,0.0013129193,2,,,,0.38757515,Test
531,20,2.1842868,-10.757291,-8.053233,10.721135,-5.8249497,1.8353524,-3.0342681,-18.975498,0.00019604161,4.697777e-10,7.018588e-09,0.99966455,6.515995e-08,0.00013829551,1.061594e-06,1.2669828e-13,3,,,,0.0046942052,Test
532,1,-2.1743207,-5.752041,-3.5239713,2.2271056,-1.0045565,3.804366,-1.8381035,-9.2247925,0.0020729788,5.7917627e-05,0.0005375872,0.16908693,0.006677547,0.8186638,0.002901431,1.7972724e-06,5,,,,0.7677579,Test
533,1,-4.2451024,-3.2053998,4.428976,0.51931286,-1.0741767,-1.240332,-2.8127964,-3.211689,0.00016607418,0.00046972014,0.97141844,0.01947427,0.003957468,0.0033516379,0.0006955757,0.0004667751,2,,,,0.23017626,Test
534,1,-6.3989844,-6.570714,8.614809,-1.8290648,5.4211516,-1.4268814,-8.29552,-6.248556,2.8980222e-07,2.4407353e-07,0.960527,2.7976448e-05,0.039402317,4.182719e-05,4.3495817e-08,3.3684654e-07,2,,,,0.24069445,Test
535,13,13.922755,-16.56728,-13.903066,18.846127,-13.347848,-2.3397043,-5.7745156,-32.916466,0.0072220275,4.140046e-16,5.9437297e-15,0.992778,1.03558816e-14,6.2511885e-10,2.0148527e-11,3.2858212e-23,3,,,,0.061754476,Test
536,1,4.134205,-9.932467,-7.6956906,10.610372,-6.9085984,-0.9302446,-2.6549594,-16.840765,0.0015373167,1.1958732e-09,1.119708e-08,0.9984511,2.4599972e-08,9.711827e-06,1.7308787e-06,1.1952239e-12,3,,,,0.016795265,Test
537,1,11.036942,-8.07607,-3.733163,7.8885503,-8.1871195,-3.3822062,-4.4707484,-21.110577,0.95884424,4.798142e-09,3.691248e-07,0.04115467,4.2938297e-09,5.243145e-07,1.7654024e-07,1.04775155e-14,0,,,,0.24758606,Test
538,1,0.83564675,-3.5019624,-2.066776,-0.25349775,1.4250761,-0.016154867,-2.7857206,-6.869662,0.27312976,0.0035691864,0.01499211,0.09190933,0.49244183,0.11652961,0.0073051495,0.00012302576,4,,,,1.8658504,Test
539,19,-0.48285654,-5.376357,3.6311436,3.5936036,-2.7314084,0.43906087,-5.028857,-11.300547,0.008079811,6.0559323e-05,0.4944118,0.47619566,0.00085284037,0.020313509,8.572318e-05,1.6193404e-07,2,,,,1.1931986,Test
540,7,-2.018071,-6.148989,-2.0007937,2.1592596,1.5055901,3.4777083,-4.0868764,-9.054165,0.0028992067,4.6584784e-05,0.0029497307,0.18900387,0.09830727,0.7064244,0.00036627587,2.5500112e-06,5,,,,1.1915928,Test
541,1,1.0151935,-12.894604,1.9292197,9.971952,-6.769094,-0.03042071,-8.432654,-25.350431,0.00012879945,1.1721027e-10,0.00032127026,0.99950457,5.360934e-08,4.5269895e-05,1.0157013e-08,4.56529e-16,3,,,,0.006761863,Test
542,1,-4.593471,-2.6351714,1.1588366,-0.8313914,-2.202986,-1.7965616,0.549773,0.33508202,0.0014228709,0.010084267,0.4480857,0.061237305,0.015536031,0.023326416,0.24369584,0.19661155,2,,,,2.02359,Test
543,11,-7.4337926,-3.2387266,7.9590745,-0.8048144,-1.3172872,1.4859186,-3.7906537,-7.6628675,2.0614591e-07,1.3679447e-05,0.9981871,0.00015599231,9.3441406e-05,0.0015415445,7.877163e-06,1.6394137e-07,2,,,,0.020599581,Test
544,19,2.2990239,-8.049395,-3.3671932,8.226348,-5.3455796,0.37246338,-3.460997,-15.030605,0.002657439,8.515355e-08,9.19722e-06,0.99693656,1.2719033e-06,0.0003870515,8.373709e-06,7.912262e-11,3,,,,0.031858444,Test
545,16,-2.9105372,-4.0720167,1.1819993,1.6787586,-1.609906,-0.65589064,-2.4062867,-3.9376678,0.005719285,0.0017902661,0.3425372,0.56292117,0.020999005,0.054515783,0.009469672,0.0020476915,3,,,,1.4828537,Test
546,7,-10.738017,-7.751347,16.460073,-1.9409814,2.4680161,-0.60383093,-10.248721,-10.236999,1.5417693e-12,3.05572e-11,0.99999917,1.0198193e-08,8.381585e-07,3.8836525e-08,2.514884e-12,2.5445384e-12,2,,,,1.935131e-05,Test
547,3,5.928355,-6.007531,-3.4078867,6.190724,-5.7917323,-1.3397284,-3.2349553,-14.950014,0.4346105,2.8471502e-06,3.8319668e-05,0.5649961,3.532896e-06,0.00030311794,4.5553843e-05,3.7216868e-10,3,,,,0.9927494,Test
548,19,2.4856617,-7.070749,-1.906803,6.9638796,-4.5368824,-0.50977594,-3.536447,-13.729227,0.011217887,7.936243e-07,0.00013876754,0.9880443,1.0001358e-05,0.0005610596,2.7198359e-05,1.0182959e-09,3,,,,0.09824719,Test
549,19,0.94237375,-5.601589,-2.114952,6.0229244,-4.93194,-0.76610065,-1.4507923,-10.342647,0.006165746,8.871124e-06,0.00028987176,0.99183804,1.73302e-05,0.001116875,0.0005631795,7.743976e-08,3,,,,0.07785583,Test
550,1,-1.7887093,-3.9603724,2.0062623,-1.3935602,3.4487576,-1.5754532,-4.3861804,-5.365812,0.004226391,0.00048175736,0.18797706,0.006274525,0.7953763,0.00523101,0.00031470403,0.00011815545,4,,,,0.84538037,Test
551,3,0.38848498,-2.817011,1.0408391,1.7616544,-1.7626222,-2.195475,-2.0410836,-5.564063,0.13906385,0.0056374785,0.26701033,0.5490023,0.016180808,0.010495778,0.012248024,0.00036145604,3,,,,1.6687235,Test
552,1,-4.4465885,-2.3479464,4.3033314,-0.6674835,-1.6339777,-1.0555351,-1.5067292,-3.8895965,0.000155518,0.0012682634,0.98134696,0.006808088,0.0025898938,0.004618451,0.002941341,0.00027144325,2,,,,0.17587496,Test
553,3,3.7021585,-6.8219595,-3.5638578,3.9440076,0.23631795,-1.113882,-4.985906,-13.737939,0.43218166,1.1617157e-05,0.00030204773,0.55042744,0.013504263,0.0035001496,7.285979e-05,1.1522019e-08,3,,,,1.114337,Test
554,1,-3.5714247,-5.2060623,-1.5212172,3.965465,-2.748917,1.7899908,-1.2124789,-7.727973,0.00047374296,9.239077e-05,0.0036807524,0.8887355,0.0010783343,0.10091973,0.0050121024,7.419542e-06,3,,,,0.5704364,Test
555,20,-2.4586186,-3.2600427,2.9256275,-0.41561243,1.076686,0.9905529,-4.0282474,-7.893934,0.0034118006,0.0015308392,0.7435872,0.026317814,0.11704338,0.10738403,0.0007100723,1.4874976e-05,2,,,,1.2138025,Test
556,20,-9.152747,-5.13562,13.042639,-0.97784984,-0.5975095,-0.7741939,-6.5150323,-8.473296,2.2943808e-10,1.2743278e-08,0.999997,8.1466266e-07,1.1916744e-06,9.986759e-07,3.2078222e-09,4.5263412e-10,2,,,,6.458163e-05,Test
557,13,5.132306,-7.9293385,-6.2720685,9.088384,-6.664591,-1.1331646,-2.7206602,-15.935901,0.018777832,3.9906613e-08,2.0930919e-07,0.9811787,1.4135729e-07,3.5693258e-05,7.2970197e-06,1.3299628e-11,3,,,,0.13524446,Test
558,1,-6.7542334,-4.0107045,7.9781218,-1.5079944,1.115051,-2.8222623,-4.556765,-1.1915115,3.9927687e-07,6.205452e-06,0.9987452,7.580306e-05,0.0010443861,2.0366073e-05,3.594366e-06,0.000104024046,2,,,,0.01506392,Test
559,11,-8.900371,-4.581302,11.916112,-0.5078254,-1.653652,0.04689486,-5.3942585,-8.522984,9.109848e-10,6.843195e-08,0.9999876,4.0211235e-06,1.2785596e-06,7.002598e-06,3.0352595e-08,1.3286441e-09,2,,,,0.00023726854,Test
560,16,-7.3885093,-5.1004972,10.300152,-0.392237,0.73499,1.1526736,-6.783337,-7.55072,2.07886e-08,2.0487852e-07,0.9998005,2.2712662e-05,7.011588e-05,0.000106466774,3.8075758e-08,1.767576e-08,2,,,,0.003017468,Test
561,1,1.4362073,-9.417627,-6.4989066,6.8900185,-1.9069095,4.012053,-4.569298,-16.980759,0.004035064,7.799917e-08,1.4443553e-06,0.9427804,0.00014254535,0.05303054,9.947014e-06,4.0500815e-11,3,,,,0.3389424,Test
562,3,2.7742774,-8.715095,-6.5203214,7.9360547,-5.265884,1.6693345,-2.8138082,-17.118803,0.0056879683,5.8235283e-08,5.228345e-07,0.9924043,1.8329877e-06,0.0018840247,2.1285437e-05,1.3046751e-11,3,,,,0.07076843,Test
563,19,2.0881963,-5.993534,-0.13385914,5.602318,-4.7954307,0.19435216,-3.9336028,-12.964446,0.028695192,8.870707e-06,0.00311016,0.9637685,2.9395966e-05,0.0043184017,6.9594484e-05,8.327779e-09,3,,,,0.25969836,Test
564,1,1.3014019,-4.2080793,-3.4674828,1.9890835,-0.5009241,1.3000987,-2.618218,-9.134734,0.23894136,0.00096728426,0.0020285747,0.47527793,0.039404973,0.23863016,0.0047426596,7.013505e-06,3,,,,1.7452204,Test
565,19,6.159513,-9.467415,1.4917849,7.3788185,-6.439536,-1.201659,-6.867623,-21.383644,0.22753797,3.718479e-08,0.0021373979,0.77017874,7.679914e-07,0.00014458972,5.005424e-07,2.4843495e-13,3,,,,0.7969633,Test
566,1,-6.1003103,-3.8551319,8.259585,-1.9054244,0.7074943,-2.085886,-4.9447355,-3.0218568,5.798411e-07,5.4749175e-06,0.9993843,3.8470247e-05,0.0005246878,3.2118216e-05,1.8414877e-06,1.2596916e-05,2,,,,0.007996577,Test
567,13,-3.9001346,-6.5112367,-0.806062,0.5938393,3.794527,2.148037,-4.1144834,-8.241767,0.0003658494,2.687295e-05,0.008073115,0.032734852,0.8036213,0.15487805,0.0002952649,4.7616268e-06,4,,,,0.89595985,Test
568,20,-1.65193,-2.616103,2.1994693,1.2678113,-1.9351039,-0.92510176,-2.0168972,-5.865787,0.014182874,0.005407908,0.66743004,0.26290074,0.010685221,0.029337412,0.009846025,0.00020975365,2,,,,1.3113697,Test
569,16,5.984771,-13.163854,-10.45428,14.367822,-8.857421,-0.5124336,-3.6108038,-23.554296,0.00022865871,1.1041952e-12,1.658818e-11,0.99977094,8.1904136e-11,3.4473675e-07,1.5555441e-08,3.3926062e-17,3,,,,0.003103665,Test
570,19,13.224557,-15.940915,-12.897499,18.043327,-12.74329,-2.3748574,-5.5208845,-31.830963,0.008012002,1.7271812e-15,3.6230662e-14,0.99198806,4.2271576e-14,1.3458655e-09,5.7902703e-11,2.169588e-22,3,,,,0.06730512,Test
571,13,-14.363774,-10.934848,25.4534,-1.7701466,0.8025964,3.9836674,-15.879623,-21.079002,5.1006025e-18,1.573202e-16,1.0,1.5030166e-12,1.969212e-11,4.7403864e-10,1.1202015e-18,6.183503e-21,2,,,,1.5442367e-08,Test
572,19,0.5124888,-9.179988,-2.4958358,7.6121106,-2.983451,2.0528686,-4.8421535,-15.526342,0.0008215174,5.072562e-08,4.056187e-05,0.9952755,2.4908593e-05,0.0038334965,3.882624e-06,8.8928524e-11,3,,,,0.047035556,Test
573,20,4.3050113,-9.535241,-7.115839,10.167863,-6.453605,-0.07859415,-3.1606426,-16.88723,0.002834959,2.7656775e-09,3.10838e-08,0.99712795,6.0275276e-08,3.538108e-05,1.6227607e-06,1.773674e-12,3,,,,0.028684929,Test
574,1,-4.3046703,-3.5745785,-2.0368342,0.22799975,-2.7738163,4.686734,-0.27810076,-7.991297,0.00012194842,0.00025307605,0.0011778361,0.011342002,0.00056366064,0.9797009,0.0068374313,3.0555866e-06,5,,,,0.17366588,Test
575,1,0.6666082,-4.610015,-3.7815168,4.7232633,-3.837669,-0.5066536,-0.7648836,-8.223187,0.016847206,8.6083375e-05,0.0001971205,0.97344345,0.00018635674,0.0052117864,0.0040256763,2.3213381e-06,3,,,,0.21455021,Test
576,3,-5.9329786,-5.9257307,11.070728,0.81554395,-0.42190883,0.85951483,-7.532925,-11.0177145,4.1242764e-08,4.1542776e-08,0.99991775,3.5171783e-05,1.020412e-05,3.675283e-05,8.327228e-09,2.5531424e-10,2,,,,0.0013518378,Test
577,3,4.1687503,-10.4024105,-7.3282537,10.900827,-6.44021,-1.3305466,-3.7467802,-17.406843,0.0011906286,5.592443e-10,1.209738e-08,0.998804,2.9401077e-08,4.8692505e-06,4.3461532e-07,5.077093e-13,3,,,,0.013386326,Test
578,13,-1.8791809,-6.7859335,-3.2359624,6.6802764,-5.0707192,0.8202981,-0.7932162,-11.891814,0.00019102225,1.4128914e-06,4.918599e-05,0.9963438,7.852657e-06,0.0028408808,0.0005658647,8.563533e-09,3,,,,0.038626205,Test
579,20,4.2600746,-11.4120245,-6.3744845,11.4230175,-6.527501,-1.1630766,-3.9852202,-21.413635,0.0007741685,1.2092881e-10,1.863395e-08,0.99922216,1.5990073e-08,3.4165748e-06,2.032121e-07,5.481307e-15,3,,,,0.009190203,Test
580,17,11.093825,-16.156103,-10.243941,17.304625,-11.771414,-1.8281419,-5.9703317,-30.972265,0.0020036097,2.9330506e-15,1.0837753e-12,0.9979964,2.3526968e-13,4.8963673e-09,7.7793647e-11,1.0783063e-21,3,,,,0.020846559,Test
581,19,10.843738,-18.203604,-14.280999,20.189892,-12.367121,-1.165776,-5.611206,-32.813465,8.7292894e-05,2.1177743e-17,1.0701503e-15,0.99991274,7.254883e-15,5.312681e-10,6.2328645e-12,9.569663e-24,3,,,,0.0013029403,Test
582,13,-3.3552854,-4.83535,8.959946,0.9757374,-1.9644462,1.0597221,-6.597381,-11.593752,4.4796475e-06,1.0196709e-06,0.9992654,0.00034055192,1.8000219e-05,0.0003703883,1.7507311e-07,1.1839227e-09,2,,,,0.00959206,Test
583,13,-0.92802864,-7.954462,-2.6100895,7.5782638,-5.055017,-0.6490901,-1.7284195,-12.573219,0.00020207059,1.7945752e-07,3.758315e-05,0.99939907,3.259679e-06,0.00026708192,9.076065e-05,1.770357e-09,3,,,,0.008351701,Test
584,1,0.6670655,-5.923466,-3.378857,6.297746,-4.760804,-0.19299491,-1.2705952,-10.272194,0.0035657962,4.8969414e-06,6.237845e-05,0.9943288,1.5662563e-05,0.0015088181,0.0005136191,6.328434e-08,3,,,,0.05811682,Test
585,1,4.517233,-5.2527456,-5.2142367,3.5653737,-1.7862567,-0.089577496,-3.139601,-13.104418,0.71509,4.086137e-05,4.2465566e-05,0.27604094,0.0013085487,0.007139179,0.00033809603,1.5899191e-08,0,,,,0.92713034,Test
586,1,1.360593,-4.4444284,-2.1585796,3.5936115,-2.6529925,-1.3767258,-2.2822545,-7.222414,0.09551288,0.00028772195,0.0028294672,0.89094216,0.0017257738,0.0061838566,0.002500307,1.7885835e-05,3,,,,0.582484,Test
587,1,3.813658,-8.4118185,-7.098129,9.461417,-6.4536595,-0.6212859,-2.1916037,-15.649375,0.0035128444,1.7226697e-08,6.408117e-08,0.9964366,1.2207295e-07,4.1647363e-05,8.661777e-06,1.2387145e-11,3,,,,0.034528848,Test
588,1,-3.5565603,-2.598638,0.082952306,0.56479895,-1.9943076,0.7758163,-0.4073492,-2.7053266,0.00476469,0.012418093,0.18140735,0.29370964,0.02272544,0.36271197,0.111101426,0.011161452,5,,,,2.1606083,Test
589,16,-13.94068,-8.703799,18.163574,-2.9611118,2.1293323,-3.2352288,-9.889876,-5.4593396,1.1410347e-14,2.1460878e-12,0.9999999,6.6936917e-10,1.0874689e-07,5.0888255e-10,6.5545177e-13,5.504261e-11,2,,,,2.725669e-06,Test
590,13,-6.718496,-4.188761,9.868855,-0.87435645,0.27069122,-0.17656873,-6.0992837,-6.3041487,6.2538426e-08,7.848674e-07,0.9998661,2.158859e-05,6.7844085e-05,4.3377993e-05,1.1616276e-07,9.4644506e-08,2,,,,0.0021181607,Test
591,20,-0.26735356,-8.045764,-2.6028943,6.9487567,-3.5929537,-0.45704174,-2.8418975,-10.963271,0.000733557,3.071237e-07,7.0977614e-05,0.9985061,2.6372074e-05,0.00060681085,5.5888653e-05,1.6605657e-08,3,,,,0.018452624,Test
592,20,-2.440568,-4.8769937,9.089464,1.0653169,-1.7267764,0.3307932,-6.593432,-11.486149,9.825323e-06,8.594504e-07,0.9994848,0.0003272905,2.0060545e-05,0.00015701234,1.544476e-07,1.1585132e-09,2,,,,0.0070136017,Test
593,1,4.534932,-7.70341,-6.504092,6.7148614,-4.0780773,1.1638119,-3.4518797,-16.552092,0.101208694,4.8997407e-07,1.6256619e-06,0.89525974,1.8392278e-05,0.0034766342,3.4402452e-05,7.034609e-11,3,,,,0.5065951,Test
594,20,7.6675415,-9.351843,-6.172985,10.247625,-8.062323,-1.4853647,-4.0362277,-19.795612,0.07043067,2.8598095e-09,6.869063e-08,0.92956126,1.03840945e-08,7.459421e-06,5.8194144e-07,8.330396e-14,3,,,,0.36768085,Test
595,19,-4.993992,-6.678507,14.704536,-0.32364446,-1.5596734,1.054522,-9.883046,-17.06743,2.7863598e-09,5.169656e-10,0.99999845,2.9740156e-07,8.640578e-08,1.179976e-06,2.0977237e-11,1.5907773e-14,2,,,,3.4044137e-05,Test
596,13,-2.796309,-5.5307345,0.919947,4.5031257,-2.2134063,-0.3756709,-2.2838435,-8.680998,0.00065089134,4.2263215e-05,0.026758267,0.9629698,0.0011658964,0.0073245037,0.0010865993,1.810591e-06,3,,,,0.2737546,Test
597,3,-4.4742327,-3.9445972,8.110299,-0.047962982,-0.06738699,-0.89365155,-5.0814443,-6.8363495,3.4221785e-06,5.8119304e-06,0.9992988,0.0002861588,0.00028065423,0.00012283698,1.8646349e-06,3.224396e-07,2,,,,0.009492271,Test
598,3,-5.0038047,-3.9293234,7.8954306,-0.18827449,-0.7542544,2.7144957,-5.790424,-10.121502,2.4847618e-06,7.2765574e-06,0.9939196,0.0003066499,0.00017411687,0.005588559,1.1315152e-06,1.4883206e-08,2,,,,0.056512624,Test
599,1,8.8858795,-7.8008723,-1.2912477,7.0376267,-7.095885,-2.4231002,-5.0394683,-19.650164,0.86388344,4.892048e-08,3.285376e-05,0.13607211,9.900641e-08,1.05932095e-05,7.740218e-07,3.4946931e-13,0,,,,0.574597,Test
600,1,9.115713,-15.70987,-12.37157,15.821502,-8.043854,0.9402216,-6.548536,-29.71223,0.0012223109,2.0210069e-14,5.6934215e-13,0.99877733,4.3139596e-11,3.4404158e-07,1.9243541e-10,1.6765617e-20,3,,,,0.013597549,Test
601,1,-3.6516626,-2.6349227,1.2089152,0.67170477,-1.0951383,1.3462118,-1.4331915,-3.961008,0.0026369828,0.007289064,0.3404312,0.19893986,0.03399317,0.3905319,0.02424248,0.0019353528,5,,,,1.910143,Test
602,3,13.561002,-9.680889,-5.2823353,9.808728,-9.826912,-4.3003545,-4.912146,-24.970554,0.9770736,7.8723195e-11,6.4027947e-09,0.022926385,6.802771e-11,1.70938e-08,9.2713055e-09,1.8025424e-17,0,,,,0.15757108,Test
603,1,-2.1163924,-5.6321683,-2.7952871,2.3058667,0.2848353,2.8850121,-2.563761,-7.980665,0.0040796045,0.00012126516,0.002069083,0.33976677,0.045025453,0.6063181,0.0026081246,1.1582359e-05,5,,,,1.2432071,Test
604,20,-0.46558174,-5.818549,4.0855045,3.4185195,-2.6856906,1.0705037,-5.683748,-12.289604,0.0067058452,3.1746025e-05,0.6352801,0.32605985,0.0007282365,0.031157816,3.6327263e-05,4.9129902e-08,2,,,,1.1559265,Test
605,20,5.2233663,-11.669135,-8.105434,11.3248825,-6.6973996,2.0383835,-5.029239,-22.610935,0.0022342587,1.0299424e-10,3.6350374e-09,0.9976732,1.4859728e-08,9.24513e-05,7.879221e-08,1.8232655e-15,3,,,,0.024269076,Test
606,11,-7.283168,-3.5267808,8.493155,-1.474052,-0.068655245,-2.1087234,-3.9221792,-2.1573954,1.4070234e-07,6.0211487e-06,0.9997031,4.689948e-05,0.00019121608,2.4861874e-05,4.054713e-06,2.368078e-05,2,,,,0.0043890784,Test
607,20,4.8266373,-5.7460575,-0.6736823,5.1450496,-4.4111624,-1.6961802,-3.9590187,-14.245438,0.42003152,1.0755204e-05,0.0017160246,0.5775194,4.0865485e-05,0.0006172459,6.4227315e-05,2.1897009e-09,3,,,,1.0070829,Test
608,16,-9.651897,-5.806264,12.18219,-1.5455005,1.2280093,-2.8814893,-6.502892,-4.051864,3.2928207e-10,1.540657e-08,0.99998105,1.0917707e-06,1.7484432e-05,2.8702468e-07,7.676513e-09,8.904949e-08,2,,,,0.00033422426,Test
609,1,-1.2174428,-9.277392,-0.57884514,-1.6164575,8.941725,-1.16353,-8.604278,-12.941598,3.871257e-05,1.2230963e-08,7.331475e-05,2.59754e-05,0.9998211,4.0856936e-05,2.397677e-08,3.13412e-10,4,,,,0.0028247223,Test
610,20,2.8639998,-10.235554,-5.5617166,9.304296,-5.0897202,2.5756288,-4.7104316,-19.458912,0.0015914885,3.2564174e-09,3.4878767e-07,0.997214,5.591735e-07,0.0011927942,8.1709004e-07,3.2143008e-13,3,,,,0.030426709,Test
611,20,2.335303,-9.188064,-0.7509395,8.216764,-5.5539627,-0.057044078,-5.4219303,-17.92736,0.0027818708,2.752978e-08,0.00012705706,0.9968346,1.0424909e-06,0.0002543043,1.1896335e-06,4.4093427e-12,3,,,,0.032902915,Test
612,20,0.28577867,-5.637051,-3.7919488,6.066629,-4.8017716,1.3407797,-1.6135942,-11.339813,0.0030480179,8.161412e-06,5.165151e-05,0.9876633,1.8815792e-05,0.008753843,0.00045617393,2.7232463e-08,3,,,,0.109235235,Test
613,19,5.9862223,-12.683115,-6.818271,13.451203,-8.558758,-0.13954829,-4.8517823,-23.351799,0.0005724673,4.464369e-12,1.573367e-09,0.99942625,2.760238e-10,1.2513025e-06,1.1242551e-08,1.0385092e-16,3,,,,0.0070180865,Test
614,20,10.195648,-12.855978,-10.695311,14.163049,-10.116464,-1.9022301,-4.147323,-26.192741,0.018571142,1.8098565e-12,1.5703992e-11,0.98142874,2.8015637e-11,1.0346578e-07,1.0958863e-08,2.9212063e-18,3,,,,0.13334382,Test
615,19,-6.35264,-5.0684557,11.072208,-0.38864583,-0.0030256156,1.140324,-7.62775,-10.352174,2.7067738e-08,9.7761216e-08,0.99992526,1.0533717e-05,1.5490104e-05,4.8596474e-05,7.562731e-09,4.9599463e-10,2,,,,0.0012290105,Test
616,1,-7.538228,-3.5478632,10.577584,-0.7805586,-2.5543485,2.469624,-5.1085153,-12.071572,1.3560185e-08,7.332619e-07,0.99968445,1.1670358e-05,1.9803265e-06,0.0003010376,1.5398425e-07,1.456999e-10,2,,,,0.0042243516,Test
617,1,-4.049997,-5.192832,2.5049675,-1.0605989,4.109166,-0.8276214,-4.6320205,-5.0201774,0.00023556015,7.5123295e-05,0.16553372,0.0046814536,0.8233436,0.0059096464,0.00013162312,8.9280744e-05,4,,,,0.7471627,Test
618,1,-1.1367801,-5.029803,-3.3165894,1.9006011,-1.3710449,4.253405,-2.4614975,-10.739033,0.0041273683,8.41308e-05,0.00046665312,0.086058,0.0032653785,0.90490085,0.0010973767,2.7891264e-07,5,,,,0.5117344,Test
619,3,-5.1460695,-4.659741,6.4150953,0.7974731,0.35987088,0.32551846,-5.1019607,-6.603788,9.45078e-06,1.5370122e-05,0.9917856,0.0036034242,0.0023263083,0.002247751,9.87698e-06,2.1998287e-06,2,,,,0.081782065,Test
620,11,-6.2096777,-3.781981,5.084324,-0.47088403,0.48571184,-0.11588119,-3.5376241,-1.6882097,1.2192221e-05,0.00013817144,0.97950214,0.0037879944,0.0098594725,0.0054023797,0.00017641718,0.0011213251,2,,,,0.18129693,Test
621,16,-11.583209,-7.398762,15.065575,-2.4148142,2.353167,-2.9409347,-8.642717,-4.604256,2.670414e-12,1.7533207e-10,0.999997,2.5607216e-08,3.013492e-06,1.5131114e-08,5.0538032e-11,2.867477e-09,2,,,,6.0695147e-05,Test
622,19,9.451666,-13.095093,-11.052468,14.396683,-9.702234,-1.7884438,-4.13938,-26.46564,0.0070684743,1.1412816e-12,8.8002244e-12,0.99293137,3.3954128e-11,9.285553e-08,8.8472785e-09,1.7808984e-18,3,,,,0.060663983,Test
623,11,4.276016,-8.288172,-7.2705255,9.362449,-6.449752,-0.72032005,-2.0564911,-15.351038,0.006141746,2.146519e-08,5.9387126e-08,0.9938055,1.3494288e-07,4.1534666e-05,1.0917393e-05,1.8381074e-11,3,,,,0.054822717,Test
624,1,-10.785032,-6.996475,15.254594,-2.0733619,1.8177259,-1.7192602,-8.835045,-7.105971,4.910582e-12,2.1701174e-10,0.99999845,2.982387e-08,1.4602991e-06,4.249601e-08,3.4514582e-11,1.9450432e-10,2,,,,3.2344953e-05,Test
625,3,3.8471608,-6.624568,-1.1250951,6.0305347,-5.387719,-0.69022435,-3.824426,-14.76545,0.10106702,2.8628292e-06,0.0007001419,0.89709145,9.861706e-06,0.001081554,4.708491e-05,8.341718e-10,3,,,,0.4936271,Test
626,1,-0.20511745,-9.636259,-5.724562,2.7032952,3.9302468,3.8937817,-5.883394,-13.572268,0.0070362366,5.6421914e-07,2.8201744e-05,0.1289579,0.43985167,0.42410132,2.4060038e-05,1.1016942e-08,4,,,,1.4782162,Test
627,3,7.9418726,-10.997579,-7.977082,12.214906,-8.985046,-1.0215465,-4.2730465,-22.028347,0.013747777,8.183391e-11,1.6777152e-09,0.9862504,6.1230154e-10,1.7598234e-06,6.81334e-08,1.3253539e-15,3,,,,0.1047601,Test
628,1,-1.6686287,-4.3415465,2.4225616,-0.89484334,3.9334471,-1.8752419,-4.893546,-5.637375,0.002985892,0.0002061771,0.17858927,0.0064732847,0.8091417,0.002428527,0.00011871626,5.6424735e-05,4,,,,0.7891425,Test
629,3,0.5877632,-3.3923721,-0.671596,2.899434,-2.1835668,0.53993565,-2.3303096,-8.204194,0.080231994,0.001498983,0.022772713,0.8096428,0.0050208136,0.076485,0.004335553,1.2191272e-05,3,,,,1.0332317,Test
630,20,3.069082,-5.92745,1.2073799,4.440318,-3.9385998,0.074298516,-5.3376527,-14.596758,0.19429076,2.4060677e-05,0.03019431,0.76554793,0.0001758145,0.009723757,4.3396372e-05,4.1330983e-09,3,,,,0.97497237,Test
631,13,-0.443536,-5.3264575,2.9754047,3.9018817,-3.455091,0.7416762,-4.4193697,-11.185412,0.008927915,6.762762e-05,0.27263215,0.6885586,0.00043938804,0.029206611,0.00016752034,1.9302455e-07,3,,,,1.0994638,Test
632,1,-2.0317845,-2.4085636,1.4911435,0.78587735,-1.5990015,0.120429486,-2.0198355,-4.104949,0.015725628,0.010788843,0.5328392,0.26321036,0.024241706,0.1353015,0.01591466,0.0019780814,2,,,,1.7888815,Test
633,20,-0.6892119,-7.2581964,-3.952623,6.699829,-3.7000146,1.5073324,-2.225968,-11.695739,0.00061408035,8.6169126e-07,2.3493276e-05,0.99367625,3.0244777e-05,0.005522964,0.00013207505,1.0189453e-08,3,,,,0.059605103,Test
634,3,12.947972,-17.06826,-14.372026,19.111095,-12.897383,-2.4366038,-5.401145,-33.247734,0.002101242,1.9346034e-16,2.867811e-15,0.9978987,1.2530888e-14,4.375621e-10,2.2571233e-11,1.8194316e-23,3,,,,0.021717867,Test
635,3,-1.3881907,-3.2837858,4.721439,-0.8936203,2.0910413,-0.8277153,-5.0897465,-6.489646,0.0020526333,0.000308365,0.924038,0.0033658948,0.066576764,0.0035951973,5.0669423e-05,1.2496193e-05,2,,,,0.44524747,Test
636,1,-3.8680289,-4.300301,-3.2232773,3.7790856,-4.237727,0.6195972,1.3144404,-5.0008783,0.00042261978,0.0002742941,0.00080530765,0.8852166,0.000292006,0.03757519,0.075277925,0.00013613176,3,,,,0.6359369,Test
637,13,-13.268683,-6.2676153,16.971449,-1.6709449,-1.623326,-1.6070815,-6.65017,-10.129881,7.36e-14,8.079846e-11,1.0,8.011457e-09,8.402183e-09,8.539774e-09,5.5113948e-11,1.6984079e-12,2,,,,6.74422e-07,Test
638,19,1.0003006,-8.799492,2.6960526,6.7227974,-4.983463,0.96323365,-6.410731,-17.65358,0.0031940239,1.7715051e-07,0.017409807,0.97630835,8.046789e-06,0.0030777983,1.9309382e-06,2.5296529e-11,3,,,,0.18785138,Test
639,20,-6.072028,-4.921947,7.122003,-0.21339804,1.3380178,2.2849107,-5.982508,-7.069204,1.8402073e-06,5.812199e-06,0.98846555,0.0006445214,0.0030409459,0.007838609,2.0125403e-06,6.7888885e-07,2,,,,0.1038227,Test
640,1,-6.060636,-6.9949512,7.0244946,-2.3197184,6.47651,-1.2088659,-8.263694,-6.0915904,1.3151127e-06,5.1664864e-07,0.633524,5.5414414e-05,0.36624897,0.0001682907,1.452737e-07,1.2750279e-06,2,,,,0.9508845,Test
641,19,-1.6259032,-3.9646902,7.3013105,0.8483083,-2.3579593,0.22768553,-5.411434,-11.2451725,0.00013237847,1.2767181e-05,0.99737155,0.0015716427,6.366337e-05,0.00084492983,3.0045685e-06,8.794723e-09,2,,,,0.029906036,Test
642,19,-2.8802838,-4.749179,10.320644,-0.23442538,-0.9488804,0.8920674,-7.479189,-11.882141,1.8486608e-06,2.8523723e-07,0.99987864,2.6057854e-05,1.2754251e-05,8.0383725e-05,1.8602783e-08,2.2771941e-10,2,,,,0.0019145749,Test
643,20,3.3414788,-12.037923,-8.424788,12.447013,-7.53013,0.9524003,-3.2766352,-20.758831,0.000111036126,2.324207e-11,8.618648e-10,0.99987864,2.1085533e-09,1.01835785e-05,1.4833843e-07,3.7916833e-15,3,,,,0.0018060451,Test
644,19,-9.628784,-6.1110673,12.31255,0.22928286,-0.04586505,-0.2224298,-6.5077896,-8.806079,2.9579708e-10,9.970551e-09,0.9999864,5.653245e-06,4.2934143e-06,3.5985001e-06,6.7053993e-09,6.734259e-10,2,,,,0.00026025806,Test
645,19,-11.1911745,-5.9231133,17.139656,-2.4302819,-0.14388673,-0.2902919,-8.585099,-11.966755,4.966804e-13,9.637552e-11,1.0,3.1687182e-09,3.1178327e-08,2.693205e-08,6.727925e-12,2.2868954e-13,2,,,,1.547614e-06,Test
646,1,-13.021496,-9.991295,22.544731,-2.3503294,2.3444633,1.9258507,-14.487479,-17.182076,3.5791827e-16,7.409407e-15,1.0,1.5424538e-11,1.687078e-09,1.1100273e-09,8.262567e-17,5.582993e-18,2,,,,8.2740286e-08,Test
647,3,2.5795753,-6.327979,-4.6638894,6.6443176,-4.4756455,-0.962316,-2.1872442,-11.018244,0.016866516,2.283093e-06,1.2056709e-05,0.98247266,1.4553989e-05,0.00048842904,0.00014349005,2.0968507e-08,3,,,,0.13208091,Test
648,1,-0.0018854253,-4.8941216,-0.63078713,2.4395568,-1.4640137,-2.0780168,-2.8714266,-5.115028,0.07434845,0.0005579571,0.039640885,0.85423386,0.017229697,0.009324373,0.004217411,0.00044736543,3,,,,0.86566013,Test
649,13,3.740766,-5.4587755,-1.7773526,5.404122,-5.125871,-0.6538625,-3.4635327,-13.195415,0.15887308,1.6059796e-05,0.00063761976,0.8383717,2.2403647e-05,0.0019610445,0.000118103584,7.0106836e-09,3,,,,0.66143674,Test
650,11,-2.377169,-5.0159683,4.421901,2.6915007,-2.2663295,1.9830339,-5.1412425,-10.819271,0.0008798939,6.286576e-05,0.78927624,0.13987033,0.0009830315,0.06887196,5.5463654e-05,1.8970194e-07,2,,,,0.95264614,Test
651,19,3.504632,-8.935863,-2.3803313,8.945616,-5.9050803,-0.08406909,-4.319802,-16.930138,0.0043159276,1.7070116e-08,1.2002375e-05,0.99555075,3.5358013e-07,0.0001192672,1.7257026e-06,5.7592572e-12,3,,,,0.042102743,Test
652,3,-2.6353033,-6.3666515,-0.07985638,4.2875514,-1.835563,2.1441503,-3.30473,-10.026516,0.0008688916,2.081907e-05,0.011188761,0.8821107,0.0019332508,0.10343221,0.0004448742,5.3579964e-07,3,,,,0.6022676,Test
653,3,2.1599145,-8.081646,-4.17213,7.64845,-4.5989876,-0.28922778,-2.9263632,-15.532432,0.0041152574,1.467384e-07,7.318552e-06,0.9954917,4.775767e-06,0.000355425,2.5436348e-05,8.525281e-11,3,,,,0.043775395,Test
654,3,2.7318232,-3.4424794,0.28668362,-0.38393837,0.9926429,-1.7024376,-3.975477,-9.680588,0.7564896,0.001575206,0.06559826,0.03354632,0.13288824,0.008974865,0.00092439906,3.0772405e-06,0,,,,1.1986825,Test
655,20,1.9111462,-4.030021,0.10310602,2.1465318,-0.39870295,-1.1654583,-3.7341163,-9.530901,0.3874561,0.0010186064,0.06353318,0.49028563,0.03846518,0.017867759,0.0013693552,4.159149e-06,3,,,,1.594564,Test
656,13,-3.1157136,-8.055085,-3.3416004,7.4146166,-3.699116,0.22926293,-0.97553563,-11.297147,2.6685826e-05,1.9104648e-07,2.1290185e-05,0.9989532,1.4890611e-05,0.0007568079,0.00022685505,7.466715e-09,3,,,,0.013081124,Test
657,19,-9.942597,-7.323034,15.7656765,-0.41832414,-0.055773802,2.1912313,-9.497603,-14.665889,6.8397063e-12,9.3907375e-11,0.99999857,9.362191e-08,1.3453362e-07,1.2726017e-06,1.06732505e-11,6.077695e-14,2,,,,3.2418644e-05,Test
658,3,13.8436575,-16.893124,-13.419917,18.931353,-13.500384,-2.2421892,-5.9787936,-33.367588,0.006134367,2.7476065e-16,8.858296e-15,0.99386567,8.173418e-15,6.335418e-10,1.5100398e-11,1.9239134e-23,3,,,,0.053903457,Test
659,1,0.74479425,-1.7634276,-3.0949986,1.678987,-5.0168324,-1.2674843,1.4677211,-7.7366133,0.17106998,0.013927297,0.0036776706,0.43540013,0.0005381845,0.022869272,0.352482,3.5460554e-05,3,,,,1.7349727,Test
660,3,-2.6660914,-4.090642,6.4289484,-0.35777807,1.1502823,-0.00052751973,-5.9451222,-7.667596,0.00011133209,2.6788335e-05,0.9920779,0.0011197161,0.005058832,0.0016005156,4.193291e-06,7.4902164e-07,2,,,,0.0777671,Test
661,1,3.9602778,-7.2549324,-5.548946,8.43659,-6.660109,-1.0964587,-1.9599453,-14.021265,0.011246181,1.5146115e-07,8.340682e-07,0.9886508,2.745554e-07,7.1596616e-05,3.0191506e-05,1.7446981e-10,3,,,,0.09055815,Test
662,11,-8.010245,-4.953417,7.6880407,-0.6860815,-1.1941644,5.3341165,-5.5266023,-10.595135,1.3891847e-07,2.9534099e-06,0.9129332,0.0002106705,0.00012674952,0.08672467,1.6649158e-06,1.04750555e-08,2,,,,0.43019378,Test
663,1,-1.2630662,-3.3192794,0.50139254,2.9255993,-3.0855405,-0.52710855,-1.7261585,-5.7649536,0.013194245,0.0016880388,0.07703342,0.86995906,0.002132524,0.027542723,0.008303594,0.00014629845,3,,,,0.7785871,Test
664,11,12.552322,-17.231567,-13.857775,19.366396,-12.58144,-1.8083777,-5.921691,-33.007385,0.0010970054,1.2741795e-16,3.7191984e-15,0.99890304,1.3327678e-14,6.359687e-10,1.0400331e-11,1.7942378e-23,3,,,,0.012367728,Test
665,19,2.6391506,-8.900052,-4.2803764,7.293921,-2.6481264,0.012894865,-4.6826415,-14.689824,0.009419375,9.1750806e-08,9.309148e-06,0.9898359,4.761974e-05,0.00068148086,6.225987e-06,2.806363e-10,3,,,,0.086100385,Test
666,1,-1.4497346,-4.00211,-2.0836391,0.6428967,0.68586755,2.3338869,-2.4919205,-6.2924886,0.015996842,0.0012460967,0.008486583,0.12967385,0.13536751,0.70346117,0.0056418106,0.00012614005,5,,,,1.339302,Test
667,20,-2.9826162,-4.3902187,-0.24953178,2.7176983,-2.3384204,1.5774382,-1.4922515,-7.4606647,0.0023950397,0.00058613654,0.036836315,0.71602446,0.004561244,0.2289387,0.010630894,2.7197004e-05,3,,,,1.1401702,Test
668,3,-1.3423048,-5.0846143,1.2398679,2.203065,0.69386035,0.27236146,-4.231456,-7.744346,0.01622147,0.00038443756,0.2145426,0.56211436,0.124275476,0.08153252,0.00090229354,2.689795e-05,3,,,,1.7226573,Test
669,1,5.238124,-9.058728,-7.69619,9.085527,-5.0709233,0.15148257,-3.893733,-17.641697,0.020886626,1.2906958e-08,5.041586e-08,0.9789813,6.961554e-07,0.00012905298,2.2591923e-06,2.4170652e-12,3,,,,0.14830215,Test
670,13,-1.063064,-3.397278,5.3160906,1.3628514,-2.6256287,0.33278212,-4.230446,-9.893369,0.001649814,0.00015984492,0.9724486,0.018663654,0.00034579754,0.0066625937,6.94798e-05,2.4125836e-07,2,,,,0.21676797,Test
671,11,-5.964739,-3.5965927,7.101603,0.5851398,-1.859628,1.0239304,-3.7375176,-7.299768,2.1069288e-06,2.2496895e-05,0.9960699,0.0014730782,0.00012778402,0.002284495,1.953977e-05,5.544391e-07,2,,,,0.041916832,Test
672,1,-3.772287,-5.299918,1.9198203,-1.8415031,4.7485886,-0.12778568,-5.0535254,-5.12043,0.00018650178,4.048008e-05,0.055301122,0.001285914,0.93594944,0.0071362485,5.179027e-05,4.843866e-05,4,,,,0.38791582,Test
673,20,1.1938477,-7.232061,-3.160158,6.384222,-5.0106387,2.108589,-3.2421372,-16.05775,0.005462725,1.1969707e-06,7.0224494e-05,0.9807545,1.1036591e-05,0.013635673,6.469723e-05,1.7584717e-10,3,,,,0.1551228,Test
674,13,-7.2843328,-4.9832015,12.045965,-0.34510738,-1.0676776,0.83451355,-6.9359326,-10.461858,4.0267056e-09,4.020852e-08,0.9999802,4.155441e-06,2.0174775e-06,1.3518232e-05,5.705033e-09,1.678679e-10,2,,,,0.00036091814,Test
675,20,3.0867944,-9.630593,-7.2396207,10.683935,-7.200483,-0.9376676,-1.9856709,-16.550396,0.0005016265,1.5041418e-09,1.643144e-08,0.9994862,1.7087265e-08,8.965588e-06,3.1436687e-06,1.486131e-12,3,,,,0.006448048,Test
676,17,10.240561,-12.12057,-8.125956,12.987991,-8.981421,-1.7603806,-5.2095737,-25.471449,0.060231894,1.1708747e-11,6.35843e-10,0.9397678,2.7028715e-10,3.6972935e-07,1.1746769e-08,1.8633611e-17,3,,,,0.32837343,Test
677,16,7.416834,-5.0592947,0.2061228,3.5664034,-5.328604,-2.2816103,-4.4116087,-16.952566,0.9783927,3.7342159e-06,0.000722672,0.020810978,2.8525942e-06,6.005267e-05,7.13651e-06,2.5528028e-11,0,,,,0.15571922,Test
678,1,2.0348854,-2.6684852,-2.7100918,1.7558906,-2.2138999,-0.3852425,-1.9394131,-7.2939053,0.52732134,0.0047799954,0.0045851967,0.39894173,0.0075309793,0.046884272,0.009909675,4.684174e-05,0,,,,1.4149535,Test
679,13,2.0305996,-7.8737183,1.1994604,6.8344646,-5.1132984,-0.12161736,-5.2351007,-16.07377,0.008094919,4.0440986e-07,0.0035257654,0.98742604,6.3922957e-06,0.0009408418,5.659254e-06,1.1106681e-10,3,,,,0.112679504,Test
680,20,5.9010477,-13.052278,-10.365737,14.024528,-9.163264,-0.36373213,-3.247969,-23.831331,0.00029640703,1.7400588e-12,2.5545458e-11,0.999703,8.502389e-11,5.6380526e-07,3.1515253e-08,3.624773e-17,3,,,,0.0039148536,Test
681,3,0.7721823,-2.999049,3.7219195,-0.6185902,0.38377985,-1.1859083,-4.6660123,-7.5630302,0.047177162,0.001086193,0.90112793,0.011741592,0.031992693,0.006658002,0.00020509446,1.1318655e-05,2,,,,0.63890254,Test
682,1,4.478654,-3.575236,-4.2875195,3.7882388,-3.5825818,-1.4395643,-1.8956169,-10.383889,0.66376716,0.000210987,0.00010349397,0.33279154,0.00020944292,0.0017855264,0.0011316317,2.3296747e-07,0,,,,0.9545837,Test
683,1,0.07979575,-2.143563,-1.686691,1.9020541,-2.7499938,-1.2908401,-0.59826475,-4.176037,0.12048566,0.013041963,0.020594912,0.7453017,0.007111698,0.030596787,0.061158594,0.0017086413,3,,,,1.3478701,Test
684,1,2.3391712,-6.331758,-6.3508444,6.8092227,-5.690137,0.41343558,-0.86024415,-12.96136,0.011293251,1.9367892e-06,1.9001745e-06,0.9865925,3.679045e-06,0.0016462003,0.0004606071,2.557897e-09,3,,,,0.11272874,Test
685,1,1.2670639,-3.059329,-3.0885115,3.6939845,-4.223354,-1.8737594,-0.31313148,-6.1821003,0.07934054,0.0010484955,0.00101834,0.8984489,0.0003273686,0.003431255,0.016338985,4.6170444e-05,3,,,,0.5788825,Test
686,20,3.853002,-13.415173,-9.633663,14.192112,-8.661212,-0.021961201,-3.0712025,-22.4072,3.234204e-05,1.0239866e-12,4.4934813e-11,0.99996686,1.1882634e-10,6.71262e-07,3.1814352e-08,1.2738153e-16,3,,,,0.0005447089,Test
687,1,-5.9729424,-3.1735518,6.09413,-0.8923992,-0.0038891602,-1.8667754,-3.0496118,-1.0140219,5.7196235e-06,9.399981e-05,0.99547464,0.00092006614,0.002237145,0.00034725846,0.00010640296,0.00081470254,2,,,,0.05060169,Test
688,19,-2.3101153,-8.896096,-2.8477468,0.7217969,5.1931586,3.1920252,-6.056194,-12.218585,0.00048041498,6.6276806e-07,0.00028062498,0.009962294,0.8714591,0.11780557,1.134267e-05,2.3901384e-08,4,,,,0.6115218,Test
689,20,3.7906725,-12.774351,-9.26,13.787295,-8.542386,0.101816714,-2.8606858,-21.89838,4.555137e-05,2.9134234e-12,9.7873876e-11,0.99995315,2.00596e-10,1.1388119e-06,5.886445e-08,3.1760493e-16,3,,,,0.0007482726,Test
690,20,8.378954,-7.176171,-2.1742492,6.65101,-6.5542045,-2.7562983,-4.083072,-18.440752,0.84911674,1.4909489e-07,2.2170185e-05,0.15084499,2.7770196e-07,1.238765e-05,3.2868359e-06,1.911248e-12,0,,,,0.61261106,Test
691,19,0.20649563,-8.674263,-4.586851,6.9544697,-4.4406476,2.4156618,-3.0115557,-15.499698,0.0011594254,1.6120491e-07,9.605471e-06,0.9882131,1.1117681e-05,0.010560183,4.641526e-05,1.7503708e-10,3,,,,0.098556206,Test
692,19,-6.856873,-5.4729295,10.154806,-0.63285506,1.2912103,0.27272978,-7.185224,-6.9285192,4.090997e-08,1.6325565e-07,0.9997867,2.0648355e-05,0.00014141534,5.1071213e-05,2.9459658e-08,3.808148e-08,2,,,,0.0031719697,Test
693,3,2.5631478,-3.7649686,1.9351689,2.658831,-2.9001436,-0.9457659,-3.8915277,-10.552401,0.37430626,0.00066828396,0.19975576,0.41189045,0.0015869011,0.011202765,0.00058883964,7.5373185e-07,3,,,,1.6226444,Test
694,13,-6.2883835,-4.324343,6.15676,1.1899104,-0.7241029,-1.4617754,-3.1593225,-3.9641795,3.9030497e-06,2.7821192e-05,0.9914283,0.006905352,0.0010184516,0.00048704978,8.919446e-05,3.9883496e-05,2,,,,0.079636306,Test
695,1,-1.762864,-2.257589,2.4900818,-1.2329061,-1.5010992,1.4299662,-2.1908884,-9.640171,0.010007055,0.0061016856,0.7036184,0.017000593,0.013001378,0.2437445,0.006522554,3.7952059e-06,2,,,,1.1934067,Test
696,3,1.4605767,-3.775051,-1.1590315,2.3204846,-1.0117943,-1.348505,-3.0941672,-7.4601226,0.27805632,0.0014802277,0.020251231,0.6570313,0.023463657,0.01675576,0.002924372,3.7146878e-05,3,,,,1.2904557,Test
697,16,-3.643798,-4.5008345,5.7554398,-1.6909122,3.9204369,-1.4269577,-6.1197457,-5.654625,7.1301096e-05,3.0261464e-05,0.8612579,0.0005026014,0.137468,0.0006544217,5.995231e-06,9.545641e-06,2,,,,0.5932635,Test
698,1,4.914433,-5.647203,-4.961989,5.42642,-5.056734,-0.105714485,-2.816164,-14.340892,0.37372416,9.675885e-06,1.9198875e-05,0.6235975,1.746338e-05,0.0024679075,0.00016413286,1.6220724e-09,3,,,,0.9797163,Test
699,13,6.118273,-11.440307,-7.060732,12.485141,-7.772421,-0.48822892,-4.4328084,-21.219278,0.0017145813,4.0603545e-11,3.240332e-09,0.99828315,1.590402e-09,2.3173461e-06,4.48623e-08,2.2993808e-15,3,,,,0.018272998,Test
700,1,-0.5792539,-4.530343,-4.5331836,3.1323726,-3.563463,3.1807518,-0.6422045,-10.155431,0.011641846,0.00022391624,0.00022328111,0.47638792,0.0005888385,0.5000018,0.010931575,8.0749726e-07,5,,,,1.167409,Test
701,20,-0.15661436,-5.736175,0.27707744,4.540198,-3.7871943,0.9873552,-3.3253617,-12.84489,0.008669139,3.271926e-05,0.0133759845,0.9501136,0.00022973907,0.027214201,0.0003645914,2.6762565e-08,3,,,,0.3617122,Test
702,20,2.6085992,-10.124906,-6.625473,10.613721,-6.55553,0.7533682,-3.144126,-18.238777,0.00033361992,9.843757e-10,3.257959e-08,0.9996131,3.4939866e-08,5.2183746e-05,1.0589489e-06,2.9468068e-13,3,,,,0.0051762997,Test
703,19,-8.097653,-6.159844,12.708725,-0.37901336,-0.31611952,0.93413293,-7.628842,-10.221204,9.202374e-10,6.389688e-09,0.99998796,2.0704385e-06,2.2048387e-06,7.697581e-06,1.470625e-09,1.10066116e-10,2,,,,0.00022881676,Test
704,20,18.174181,-24.669682,-20.250347,27.57155,-17.870945,-2.3806343,-8.111231,-46.34418,8.293508e-05,2.0506163e-23,1.702852e-21,0.99991703,1.8388157e-20,9.815116e-14,3.1851435e-16,7.920796e-33,3,,,,0.0012440146,Test
705,1,6.412722,-11.426601,-10.025098,12.794257,-8.784515,-1.1970437,-2.5681477,-20.922802,0.0016896612,3.0218956e-11,1.2272842e-10,0.99830925,4.2434867e-10,8.373759e-07,2.1254822e-07,2.2705546e-15,3,,,,0.018018976,Test
706,3,1.383532,-10.692282,-0.8960653,9.406927,-6.0901494,-0.078756854,-5.2565155,-20.252127,0.000327562,1.8656683e-09,3.3517917e-05,0.99956244,1.8600102e-07,7.5897864e-05,4.2811232e-07,1.3153657e-13,3,,,,0.005973174,Test
707,1,-5.5977983,-4.002858,7.1815424,0.0772722,-0.69902927,-1.9050667,-4.208305,-4.0672097,2.8145907e-06,1.38704e-05,0.998648,0.0008204785,0.00037750573,0.00011301819,1.1294443e-05,1.3005925e-05,2,,,,0.016807001,Test
708,20,2.092529,-6.1071362,-2.8980005,5.517092,-2.8461387,1.0570762,-3.8305163,-12.432871,0.031170892,8.564062e-06,0.00021202638,0.95723397,0.00022331256,0.011067708,8.344557e-05,1.532669e-08,3,,,,0.29481164,Test
709,20,4.76237,-3.3595042,-2.8725333,2.7856998,-3.2697062,-1.4349185,-2.3771703,-10.712935,0.8753018,0.0002599398,0.00042302048,0.12125532,0.000284362,0.0017811873,0.0006942161,1.6646311e-07,0,,,,0.5720153,Test
710,20,-2.3656023,-7.9650793,-4.2855687,7.207218,-4.847198,2.6478143,-1.4217128,-13.351061,6.885576e-05,2.5475248e-07,1.009508e-05,0.98938084,5.7570082e-06,0.010357133,0.00017695643,1.1668535e-09,3,,,,0.08695632,Test
711,16,-7.6992965,-7.4598856,11.756428,-2.5227754,4.9399834,-1.3274318,-9.539927,-6.7469573,3.5482104e-09,4.508009e-09,0.9989028,6.2826666e-07,0.0010944074,2.076229e-06,5.6316296e-10,9.196127e-09,2,,,,0.012398791,Test
712,16,-12.549761,-7.602455,17.842106,-2.4823163,1.735827,-2.158014,-9.602697,-8.4815,6.323827e-14,8.903638e-12,0.9999999,1.4900994e-09,1.0118862e-07,2.0609057e-09,1.2046846e-12,3.6966107e-12,2,,,,2.6269229e-06,Test
713,20,-0.30520913,-11.751765,-8.466197,12.405021,-7.762033,-0.25113657,-0.61942,-17.968794,3.0200465e-06,3.227286e-11,8.6246527e-10,0.99999154,1.7440398e-09,3.1878433e-06,2.205736e-06,6.4389744e-14,3,,,,0.0001673204,Test
714,1,2.7376206,-9.295195,-7.5766244,9.74159,-6.522875,0.81872827,-2.241533,-16.518162,0.00090731884,5.3947877e-09,3.008432e-08,0.9989531,8.62934e-08,0.00013316674,6.2422473e-06,3.9362294e-12,3,,,,0.012504237,Test
715,1,2.8917055,-7.0386076,-6.0072083,7.511145,-5.6351657,0.23943205,-1.7713832,-13.901561,0.009754434,4.7481197e-07,1.3318426e-06,0.9894622,1.9320971e-06,0.0006875975,9.205525e-05,4.965683e-10,3,,,,0.08881026,Test
716,13,2.9431922,-6.0325904,2.166322,4.7521386,-4.5996733,-0.38902873,-4.8972397,-14.271531,0.13156824,1.6634824e-05,0.06050073,0.8030942,6.9714966e-05,0.0046987897,5.1772e-05,4.3943182e-09,3,,,,0.92219275,Test
717,3,-6.39172,-6.1234,13.6496315,-0.024718732,-0.94663453,0.97982186,-8.668585,-13.041068,1.9776512e-09,2.5863038e-09,0.99999523,1.1516044e-06,4.5805774e-07,3.1446307e-06,2.029176e-10,2.5607901e-12,2,,,,9.677511e-05,Test
718,1,-2.921409,-2.883781,-0.6061006,1.3617599,-3.828683,2.3959742,-0.0576276,-8.801587,0.0032634963,0.0033886337,0.03305283,0.23650458,0.0013172219,0.66526264,0.057201497,9.119144e-06,5,,,,1.3493416,Test
719,11,1.042505,-5.1039777,4.695616,2.7559655,-3.4069955,-0.3512813,-5.2509356,-12.865854,0.02202329,4.7151865e-05,0.8499787,0.12218802,0.0002573289,0.005464728,4.0707615e-05,2.0070514e-08,2,,,,0.7365417,Test
720,3,-4.5604863,-4.5404587,4.4741,0.4940079,0.7939654,1.6260571,-4.576629,-5.522505,0.00010815417,0.00011034202,0.90722305,0.016950477,0.02287978,0.052580502,0.000106422165,4.1327934e-05,2,,,,0.58015364,Test
721,20,8.589947,-16.211493,-11.496261,17.323902,-10.204332,0.15842398,-5.7814026,-29.66226,0.00016099834,2.7270558e-15,3.0443318e-13,0.99983895,1.1080765e-12,3.5079857e-08,9.234719e-11,3.927353e-21,3,,,,0.0022618882,Test
722,20,6.5747056,-9.010622,-5.002224,9.642315,-7.6853075,-0.6322302,-4.1134505,-19.218445,0.044461757,7.57469e-09,4.170518e-07,0.9555038,2.8506378e-08,3.2965097e-05,1.0143298e-06,2.7935968e-13,3,,,,0.262956,Test
723,1,0.47913405,-5.3759084,-3.4963818,4.6615334,-2.2524242,0.17502375,-1.9395031,-10.145746,0.014828771,4.249059e-05,0.00027833032,0.97162366,0.00096561597,0.01094036,0.0013203964,3.603946e-07,3,,,,0.22792454,Test
724,20,8.478349,-9.324884,-4.184086,9.279041,-7.5290775,-1.852264,-4.81952,-21.318466,0.3098738,5.7456466e-09,9.816561e-07,0.69011456,3.461369e-08,1.0107798e-05,5.199886e-07,3.5529783e-14,3,,,,0.8932375,Test
725,13,5.868656,-9.34825,-3.6172626,9.119858,-7.5062876,-0.25447425,-5.1504426,-21.008364,0.037280556,9.180438e-09,2.830089e-06,0.9626342,5.791866e-08,8.170346e-05,6.1086996e-07,7.923935e-14,3,,,,0.2309757,Test
726,1,-6.320056,-3.9813614,8.518738,-0.64793605,-0.008899296,-2.1514068,-4.5869513,-3.5566869,3.5929176e-07,3.7250268e-06,0.99966276,0.00010442818,0.00019785526,2.322033e-05,2.0329426e-06,5.695914e-06,2,,,,0.004871979,Test
727,19,-2.9092174,-4.5174174,3.1088605,0.99248713,1.3876182,0.5675263,-4.3201976,-6.182988,0.001761872,0.00035281086,0.7237563,0.08718929,0.12943935,0.057003953,0.0004297278,6.67104e-05,2,,,,1.2877413,Test
728,3,1.1495777,-4.1721425,0.75542516,3.2403195,-3.5228028,0.7213635,-3.6783783,-10.954269,0.095793895,0.0004678902,0.06458914,0.7750601,0.00089567114,0.062426172,0.0007666252,5.305226e-07,3,,,,1.1363795,Test
729,13,-0.11461066,-3.9514978,-1.6493791,4.2366023,-4.201173,0.46433872,-1.5169494,-8.961641,0.01236756,0.00026665223,0.0026652778,0.95938253,0.0002077365,0.022065744,0.003042679,1.7785546e-06,3,,,,0.31114715,Test
730,3,-1.5967956,-5.837991,0.2736225,-1.7323883,5.38393,0.15792418,-5.902775,-8.000127,0.000917537,1.3203695e-05,0.0059557417,0.0008011915,0.98699343,0.00530504,1.2375437e-05,1.5194701e-06,4,,,,0.12070529,Test
731,20,3.914796,-11.206496,-6.267312,11.615679,-7.1663995,1.2020946,-4.420766,-20.812817,0.00045220932,1.2253105e-10,1.7112198e-08,0.9995177,6.963663e-09,3.000741e-05,1.0845526e-07,8.246564e-15,3,,,,0.0061740307,Test
732,16,-13.190617,-7.8772864,18.114868,-2.0985715,1.0028788,-3.0025725,-8.969135,-8.829967,2.5363006e-14,5.149327e-12,1.0,1.6650012e-09,3.7013248e-08,6.7423583e-10,1.7280916e-12,1.9861248e-12,2,,,,9.83195e-07,Test
733,1,6.653264,-12.563352,-9.689206,13.743982,-8.799439,-0.82981306,-3.853025,-23.243267,0.00083210564,3.7541177e-12,6.64865e-11,0.99916744,1.6186545e-10,4.6807924e-07,2.2769573e-08,8.635334e-17,3,,,,0.009724283,Test
734,13,-0.5100459,-5.0808644,5.0064588,2.8996143,-3.2253401,1.3586591,-5.4503164,-12.412498,0.0034893954,3.611345e-05,0.8680361,0.105571546,0.00023094728,0.022610938,2.4958463e-05,2.363638e-08,2,,,,0.6754713,Test
735,13,-11.8356905,-7.236346,15.505189,-2.4617012,1.8802531,-2.4716601,-8.578532,-5.482946,1.3366152e-12,1.3288509e-10,0.9999988,1.574266e-08,1.209943e-06,1.558667e-08,3.4719404e-11,7.673059e-10,2,,,,2.6344382e-05,Test
736,20,10.569416,-21.653238,-16.28391,23.360107,-13.316289,-0.5161133,-6.347354,-37.408466,2.786584e-06,2.8245675e-20,6.0648444e-18,0.99999726,1.1793499e-16,4.2725573e-11,1.2537527e-13,4.0601542e-27,3,,,,5.5378103e-05,Test
737,3,-11.894163,-9.50771,19.114584,-2.3461337,4.1824512,-0.71592504,-12.949689,-11.50212,3.412495e-14,3.7110338e-13,0.99999964,4.783308e-10,3.2738367e-07,2.4418507e-09,1.1875794e-14,5.0505034e-14,2,,,,7.653305e-06,Test
738,13,-1.6191663,-6.626993,-1.8838183,6.2778516,-3.5275955,-1.0069071,-1.6437749,-10.062111,0.00037119607,2.4816015e-06,0.00028488302,0.9982394,5.50533e-05,0.0006847062,0.00036217296,7.996121e-08,3,,,,0.022287745,Test
739,20,6.3719373,-9.429795,-7.0668783,10.378576,-7.2051806,-0.8707571,-3.6487422,-18.853033,0.01786908,2.4518647e-09,2.6043486e-08,0.98211735,2.2679558e-08,1.2783212e-05,7.946505e-07,1.9816947e-13,3,,,,0.1295472,Test
740,1,-1.8593214,-2.5632663,3.839219,-0.27469718,-2.018607,0.27588037,-3.2555842,-9.208914,0.0031810324,0.001573435,0.9493205,0.015515353,0.0027126342,0.026907573,0.0007873701,2.0449409e-06,2,,,,0.37715313,Test
741,20,5.0670323,-15.955265,-10.999531,16.8425,-9.485196,0.2118589,-4.2240844,-26.946518,7.690869e-06,5.7030487e-15,8.0975927e-13,0.99999213,3.681482e-12,5.989638e-08,7.0940576e-10,9.60878e-20,3,,,,0.0001432934,Test
742,20,5.0910134,-13.775191,-10.301793,14.421247,-8.803768,0.37435377,-3.5235655,-24.354942,8.869366e-05,5.680725e-13,1.8318144e-11,0.9999105,8.1934314e-11,7.933648e-07,1.6092665e-08,1.444364e-17,3,,,,0.0013395397,Test
743,13,-7.9775176,-6.5526958,15.410942,-0.6510421,-1.2902873,0.6673277,-8.851347,-14.5025015,6.9585795e-11,2.8927633e-10,0.9999995,1.0577142e-07,5.5814645e-08,3.9530244e-07,2.9041667e-11,1.02036584e-13,2,,,,1.3076578e-05,Test
744,3,2.112263,-7.075489,1.8870599,5.8718233,-4.5846853,0.20830771,-5.2237597,-14.606149,0.022282202,2.2791248e-06,0.017789088,0.95656484,2.7511254e-05,0.0033195624,1.4519911e-05,1.2224867e-09,3,,,,0.31500092,Test
745,11,-4.4502053,-5.7155514,3.2705755,3.156638,-0.47448066,-1.3529835,-2.9199128,-5.387485,0.00022997204,6.488469e-05,0.51852244,0.46268463,0.012254916,0.0050907456,0.0010623623,9.0078225e-05,2,,,,1.1377627,Test
746,1,4.5965977,-9.197971,-5.474672,10.1507435,-6.9478917,-0.5780912,-3.52012,-17.523207,0.0038563544,3.937964e-09,1.6303468e-07,0.9961204,3.7365357e-08,2.1819156e-05,1.1511487e-06,9.542628e-13,3,,,,0.03687376,Test
747,20,1.9032162,-5.9873075,3.589407,4.208343,-4.2749605,0.121401474,-5.3248663,-14.476261,0.060256105,2.2552269e-05,0.32531518,0.60409445,0.00012498362,0.010143051,4.3740612e-05,4.6396385e-09,3,,,,1.2802956,Test
748,20,5.2567916,-5.7652946,0.102629274,4.9896183,-4.8773255,-1.6285362,-4.0739126,-14.458337,0.56418025,9.216938e-06,0.003258319,0.4319028,2.2398903e-05,0.0005769764,5.002012e-05,1.5461321e-09,0,,,,1.023356,Test
749,19,-4.707472,-4.570091,6.4262786,0.16981952,1.1029255,0.13590772,-5.4067817,-6.26425,1.4484903e-05,1.6618034e-05,0.9913846,0.0019015006,0.0048343646,0.0018380985,7.19796e-06,3.0536237e-06,2,,,,0.084130175,Test
750,1,2.3389869,-7.719481,-5.5315666,7.3583994,-3.9373186,1.8143598,-3.540837,-14.906038,0.0065393983,2.800274e-07,2.4968924e-06,0.9895573,1.2296256e-05,0.0038698586,1.8279428e-05,2.1189374e-10,3,,,,0.09399252,Test
751,11,-1.4536589,-3.3745031,2.6226583,0.5773363,0.038397945,0.8166065,-4.049084,-7.1719813,0.012209666,0.0017885119,0.7194919,0.093058035,0.054287013,0.11821365,0.00091101386,4.0111416e-05,2,,,,1.3565701,Test
752,1,-5.4470654,-5.9225206,-2.1107666,-0.03986961,1.2865062,5.339495,-2.021043,-8.050987,2.0206066e-05,1.2560119e-05,0.0005680906,0.004506058,0.016975967,0.97729415,0.0006214183,1.4949024e-06,5,,,,0.18062037,Test
753,1,-6.5158954,-5.427276,7.3545933,0.7498513,0.06730075,-2.095625,-4.618207,-4.905142,9.444922e-07,2.8053025e-06,0.99787295,0.0013510524,0.00068272266,7.850506e-05,6.300197e-06,4.7286803e-06,2,,,,0.02445674,Test
754,13,-1.5924358,-3.175022,2.8967092,1.6040192,-2.096504,0.5077316,-2.945831,-7.427731,0.008082157,0.0016604239,0.7196781,0.19757415,0.0048821755,0.06601134,0.0020881193,2.3620603e-05,2,,,,1.1905671,Test
755,19,-5.284413,-3.4370494,5.201892,-0.15627852,-0.96956843,1.8710608,-3.541823,-6.988198,2.6767024e-05,0.00016978536,0.95883656,0.0045156544,0.0020022278,0.034291226,0.00015289642,4.871421e-06,2,,,,0.2826946,Test
756,1,-2.7980154,-3.701226,-1.6973983,-0.5021042,-0.24417472,3.7619073,-1.8442132,-6.9020276,0.0013586397,0.000550611,0.004084098,0.013496026,0.017467197,0.9594946,0.00352643,2.242614e-05,5,,,,0.32344902,Test
757,20,3.1607265,-5.6613693,-4.5993648,6.027213,-5.9172354,-1.64548,-0.7520071,-11.615006,0.05375185,7.9251195e-06,2.2920747e-05,0.9446973,6.1359897e-06,0.00043962698,0.0010742734,2.0576621e-08,3,,,,0.3203295,Test
758,13,-2.487049,-8.605671,-3.617351,5.928351,-1.1828276,3.9261692,-3.5551333,-13.443066,0.00019488293,4.290324e-07,6.2934625e-05,0.8801068,0.00071810815,0.11884991,6.697465e-05,3.401232e-09,3,,,,0.53907746,Test
759,13,9.021674,-8.957761,-7.4144044,9.994238,-8.505027,-2.0733848,-3.599723,-20.329588,0.27436838,4.265444e-09,1.996347e-08,0.72562647,6.707875e-09,4.16688e-06,9.0558865e-07,4.911825e-14,3,,,,0.8477619,Test
760,20,5.9589467,-7.8311353,-2.987242,7.493635,-6.509256,-1.2276351,-4.496481,-18.246553,0.1772798,1.8184566e-07,2.308761e-05,0.822557,6.8200484e-07,0.00013414246,5.104165e-06,5.4493424e-12,3,,,,0.67646843,Test
761,20,-0.14150581,-10.15839,-6.636798,9.65661,-5.853077,2.1057258,-2.0953164,-16.998865,5.552347e-05,2.4785611e-09,8.387011e-08,0.9994111,1.8364238e-07,0.00052533584,7.869505e-06,2.6510517e-12,3,,,,0.007497264,Test
762,1,-13.218848,-7.5240736,16.480433,-3.0546868,1.5817177,-4.1432858,-8.007605,-3.9081903,1.2640567e-13,3.758164e-11,0.99999964,3.2809908e-09,3.3850893e-07,1.1046706e-09,2.3172903e-11,1.3974416e-09,2,,,,7.960529e-06,Test
763,1,-2.6649115,-2.6126053,2.2234032,1.3605189,-1.7708315,0.6896791,-2.6629078,-5.3679943,0.004485597,0.0047264653,0.5953719,0.2512132,0.010967668,0.12844004,0.0044945935,0.000300529,2,,,,1.5078524,Test
764,19,-5.9383,-5.245185,8.827998,0.9932074,-1.4339081,0.29382527,-5.4964724,-9.501868,3.8619356e-07,7.7236245e-07,0.99937135,0.00039547635,3.4917044e-05,0.00019650908,6.007425e-07,1.0943772e-08,2,,,,0.008350403,Test
765,1,1.3311001,-5.7982125,-4.554281,3.8337593,-1.3085378,-0.4712608,-1.992076,-10.647297,0.07412428,5.939359e-05,0.00020604965,0.90542316,0.005291518,0.012223766,0.002671305,4.6538113e-07,3,,,,0.55192393,Test
766,3,-4.513958,-4.6581564,10.605194,-0.20083266,-0.56128865,1.1993151,-7.1561174,-10.73927,2.7150935e-07,2.3504998e-07,0.9998828,2.0274561e-05,1.4138625e-05,8.222952e-05,1.9333473e-08,5.372377e-10,2,,,,0.0018402796,Test
767,1,0.5615158,-3.27213,-3.2151787,2.462089,-2.9897878,0.86202294,-0.8074774,-7.352526,0.10674391,0.0023089359,0.0024442486,0.7140877,0.0030621865,0.14416228,0.02715169,3.902279e-05,3,,,,1.3031313,Test
768,3,4.9647317,-6.795104,-5.201003,6.403106,-3.5710552,-1.246701,-3.3648968,-14.219081,0.19170563,1.4976258e-06,7.3741603e-06,0.807817,3.7634818e-05,0.00038463075,4.6251196e-05,8.937398e-10,3,,,,0.7113051,Test
769,3,-2.0127125,-5.168202,-0.78024197,2.0383317,0.03418704,2.5676877,-3.2791557,-8.188439,0.005969758,0.0002544165,0.020474436,0.343007,0.04622895,0.5823705,0.0016824702,1.2412882e-05,5,,,,1.3664802,Test
770,1,6.4187355,-7.840308,-7.176281,8.264604,-5.5132885,-1.658089,-3.5542507,-16.366747,0.13635197,8.750592e-08,1.6998898e-07,0.8635982,8.9670425e-07,4.2358566e-05,6.359874e-06,1.7340105e-11,3,,,,0.5754151,Test
771,3,-4.716954,-7.20911,8.640837,-2.2352848,6.340313,-1.4192889,-9.279635,-8.490147,1.4364348e-06,1.1883827e-07,0.908868,1.7181508e-05,0.09107434,3.885473e-05,1.498784e-08,3.3007243e-08,2,,,,0.44099396,Test
772,20,17.031008,-21.726068,-17.081673,24.185322,-16.678843,-2.863777,-7.124201,-41.75102,0.00078087515,1.14973145e-20,1.1957289e-18,0.99921906,1.78887e-18,1.7880773e-12,2.5241072e-14,2.3113832e-29,3,,,,0.009186811,Test
773,3,2.7681818,-9.982951,-6.532212,8.86991,-3.6678138,-0.18473598,-3.6374097,-16.51259,0.0022337155,6.475617e-09,2.0413525e-07,0.9976422,3.580228e-06,0.00011657135,3.6907497e-06,9.451381e-12,3,,,,0.024727676,Test
774,1,12.230186,-8.161155,0.67472273,5.8014426,-7.489576,-4.247986,-5.814035,-23.45583,0.9983784,1.3913866e-09,9.567997e-06,0.0016118595,2.7233973e-09,6.964916e-08,1.4547528e-08,3.169971e-16,0,,,,0.01745241,Test
775,16,-7.001449,-5.5717072,11.174144,-1.0515361,2.083614,-0.88408166,-7.565804,-7.225921,1.2775764e-08,5.337224e-08,0.9998765,4.9023156e-06,0.00011271445,5.795962e-06,7.2659136e-09,1.0207042e-08,2,,,,0.0018458065,Test
776,20,11.908478,-17.233341,-11.719647,18.622513,-12.328288,-1.6330096,-6.554915,-33.052227,0.0012122851,2.6759232e-16,6.638055e-14,0.9987877,3.611692e-14,1.5944535e-09,1.16159695e-11,3.6092655e-23,3,,,,0.01349265,Test
777,3,-5.473276,-4.4320383,10.702418,-0.064864844,-0.8324184,1.5551294,-6.769438,-10.445691,9.438994e-08,2.6738013e-07,0.9998622,2.1075039e-05,9.781922e-06,0.00010649345,2.5823187e-08,6.53782e-10,2,,,,0.00210298,Test
778,20,0.08657318,-11.284074,-7.9918942,11.961829,-7.7959313,-0.030875001,-0.7785888,-17.623816,6.960414e-06,8.024641e-11,2.1587425e-09,0.9999839,2.626071e-09,6.1891024e-06,2.9302184e-06,1.4161563e-13,3,,,,0.00030354763,Test
779,20,2.4709876,-7.499081,-5.3553877,8.471211,-6.147961,-0.42659056,-1.9439968,-13.795553,0.0024716556,1.1562241e-07,9.863624e-07,0.9973605,4.4650466e-07,0.0001363282,2.9894058e-05,2.1306824e-10,3,,,,0.027439745,Test
780,20,3.067347,-6.1357846,-2.2176046,5.94805,-4.3765783,-0.44206196,-3.7990706,-14.213675,0.0530124,5.339593e-06,0.00026862838,0.9450415,3.1011412e-05,0.0015858442,5.524972e-05,1.6570109e-09,3,,,,0.32098508,Test
781,20,12.359669,-14.791001,-11.3596525,16.546835,-11.8973675,-2.2158754,-5.3128347,-29.41864,0.0149620045,2.4188181e-14,7.4785924e-13,0.985038,4.3681026e-13,6.9969905e-09,3.1616915e-10,1.0737421e-20,3,,,,0.11213148,Test
782,1,-1.1770939,-6.9345274,-1.2244685,-0.110057116,4.2412505,1.2432704,-5.6623397,-8.664597,0.004138543,1.3074531e-05,0.0039470526,0.012029722,0.9332642,0.046558432,4.6658417e-05,2.317748e-06,4,,,,0.44092923,Test
783,11,-8.115164,-5.057805,11.806653,-0.5675364,-1.3967286,4.2363434,-7.657533,-12.366056,2.2276043e-09,4.7384084e-08,0.99947876,4.224073e-06,1.8433925e-06,0.00051526405,3.5203442e-09,3.1746716e-11,2,,,,0.0064917337,Test
784,20,-2.3312645,-4.83756,1.0916935,2.917108,-1.9630802,0.91497904,-3.0565064,-9.376336,0.004006061,0.00032677373,0.12282572,0.76217866,0.005789194,0.102930285,0.0019397639,3.4920627e-06,3,,,,1.1041001,Test
785,3,1.7959627,-8.333016,-4.3191667,5.981808,-1.5921718,2.4697583,-4.836454,-15.401371,0.0145458635,5.8046965e-07,3.2134572e-05,0.95637685,0.0004912374,0.028534165,1.9156561e-05,4.9434773e-10,3,,,,0.30292353,Test
786,1,-6.726488,-4.00537,8.661359,-1.6015081,0.9287196,-2.0218327,-4.9928093,-3.12639,2.0745425e-07,3.152745e-06,0.99949205,3.488774e-05,0.0004380632,2.2915447e-05,1.1744904e-06,7.5932076e-06,2,,,,0.006704195,Test
787,11,-7.337327,-2.3951545,9.008968,-1.8926928,-2.4756663,-0.10524492,-2.961972,-7.8165383,7.9584154e-08,1.1147674e-05,0.9998436,1.842472e-05,1.0285342e-05,0.00011007272,6.3243897e-06,4.9284182e-08,2,,,,0.0024288252,Test
788,1,-4.154616,-6.3124914,6.0490785,-1.7350657,5.861705,-1.3665771,-7.6079717,-7.896778,2.0234591e-05,2.3385182e-06,0.54638976,0.00022745295,0.45303026,0.00032879427,6.4020793e-07,4.796166e-07,2,,,,1.000896,Test
789,13,-8.00036,-4.809474,11.437762,-0.7880016,-1.3473731,3.7511966,-6.7699604,-12.616377,3.6135017e-09,8.7844036e-08,0.9995334,4.9002174e-06,2.8008099e-06,0.00045873763,1.23675665e-08,3.574521e-11,2,,,,0.005900986,Test
790,19,3.910609,-2.7679858,-1.7060184,2.1542435,-3.0966675,-1.6229382,-2.1602867,-10.676787,0.84407234,0.0010614583,0.0030697943,0.14574707,0.00076411397,0.0033357274,0.0019490508,3.9008012e-07,0,,,,0.7004053,Test
791,11,-4.610975,-2.971812,1.8319501,2.5898795,-3.6716087,0.17644097,-0.22970793,-6.43782,0.0004592175,0.0023653633,0.28849953,0.6156157,0.0011748435,0.055101912,0.036709495,7.3897485e-05,3,,,,1.3918703,Test
792,1,0.81389123,-2.8474615,-2.2910173,0.44896907,-0.5939689,0.8974659,-1.7513604,-7.0521135,0.31507048,0.008096595,0.014124174,0.2187379,0.07708712,0.34253404,0.024228863,0.00012084963,5,,,,2.0937607,Test
793,11,-6.938395,-3.9296849,10.106675,-0.5428012,-0.28832334,0.5119553,-5.574622,-9.365015,3.9570022e-08,8.017387e-07,0.9998766,2.3710338e-05,3.0581297e-05,6.8078894e-05,1.547553e-07,3.4954122e-09,2,,,,0.0019640925,Test
794,20,0.3436765,-12.063539,-7.823533,11.98352,-6.4202137,1.8375759,-2.6771748,-19.149675,8.807636e-06,3.601424e-11,2.499685e-09,0.9999515,1.0170435e-08,3.9233008e-05,4.2945769e-07,3.013038e-14,3,,,,0.0008016024,Test
795,1,0.6715218,-3.7847402,-3.3368928,3.3198316,-2.810643,0.4228278,-1.3493007,-7.7803316,0.06209937,0.0007207044,0.001127859,0.87747246,0.0019089838,0.048426233,0.008231048,1.3258481e-05,3,,,,0.7189946,Test
796,7,-1.1123519,-4.701807,-1.4769903,3.166757,-0.9676951,1.5130296,-2.7772233,-8.649378,0.011229217,0.00031007655,0.0077981045,0.81048113,0.012976963,0.1550737,0.0021247366,5.9849494e-06,3,,,,0.8939412,Test
797,1,-1.6745439,-4.8957186,2.527724,3.4517386,-1.4996766,-1.1343888,-3.0572166,-8.066056,0.0041766283,0.00016668158,0.27915645,0.7033024,0.004974734,0.007168236,0.0010479459,6.9988623e-06,3,,,,1.005736,Test
798,3,6.254043,-6.074846,-4.3648934,5.924849,-4.978141,-1.1226175,-3.5083723,-15.591631,0.5813181,2.5706645e-06,1.4212428e-05,0.41826034,7.697302e-06,0.00036372314,3.3469627e-05,1.8921605e-10,0,,,,0.9859738,Test
799,20,-3.0822632,-3.6894324,5.648182,0.9771839,-1.5576464,1.3739542,-4.484258,-8.120727,0.00015775421,8.5958876e-05,0.9762589,0.009140633,0.0007246254,0.013592255,3.8824153e-05,1.0228314e-06,2,,,,0.19134265,Test
800,1,-4.3962226,-6.32457,-4.268525,6.6030602,-6.0222864,-0.04288127,1.6048542,-9.060327,1.6579537e-05,2.4104697e-06,1.8837814e-05,0.99197394,3.2612318e-06,0.0012888561,0.0066958684,1.563067e-07,3,,,,0.07293303,Test
801,20,8.035396,-14.051115,-8.934155,14.728673,-9.342896,-0.6676312,-5.52294,-26.848162,0.0012376808,3.1663474e-13,5.2823388e-11,0.99876213,3.510042e-11,2.0555693e-07,1.600656e-09,8.76742e-19,3,,,,0.013743078,Test
802,1,-1.072804,-4.159877,-0.042075682,2.087285,-0.034877945,-2.3736875,-2.3336473,-4.812009,0.03244197,0.0014805002,0.0909383,0.7647446,0.091595195,0.008833657,0.009194538,0.00077124283,3,,,,1.2311646,Test
803,16,-4.67176,-4.886294,9.419093,-0.6700515,1.529079,-1.1454858,-6.7985854,-7.671144,7.589757e-07,6.1243026e-07,0.99955684,4.150951e-05,0.0003742983,2.5802936e-05,9.048142e-08,3.7810462e-08,2,,,,0.005928582,Test
804,1,-6.0325522,-3.5938246,-0.3833428,1.9635458,-3.4017098,-2.5431478,1.4393517,0.6494874,0.00017040358,0.0019525617,0.048406005,0.5059877,0.002366133,0.0055835154,0.29956105,0.13597268,3,,,,1.703278,Test
805,16,-11.726806,-7.0096664,14.79091,-3.1143978,1.8546444,-3.2393527,-7.863917,-3.8549814,3.0443983e-12,3.4050965e-10,0.9999976,1.674259e-08,2.409076e-06,1.4775958e-08,1.4492141e-10,7.983464e-09,2,,,,4.944761e-05,Test
806,3,0.24218014,-3.6375635,5.9149365,0.7229566,-1.9423618,-0.030649263,-5.36125,-10.230415,0.0033973106,7.017526e-05,0.9880569,0.0054945704,0.00038229677,0.0025861093,1.2519777e-05,9.614903e-08,2,,,,0.11398393,Test
807,19,0.74864346,-7.5291214,4.240186,4.657622,-3.7601242,1.0310705,-6.7183676,-16.055927,0.011761557,2.9886667e-06,0.38620922,0.5862902,0.00012951861,0.015599883,6.7233073e-06,5.92015e-10,3,,,,1.1525844,Test
808,1,5.5763803,-10.557092,-8.279111,10.84627,-5.656244,-0.90405303,-3.8674872,-19.863081,0.00511781,5.0397136e-10,4.917228e-09,0.9948738,6.773565e-08,7.846354e-06,4.051956e-07,4.5800108e-14,3,,,,0.046467815,Test
809,1,2.307116,-4.1993184,-1.3250993,2.8429415,-1.2702092,-0.55103034,-3.4760041,-9.714651,0.3539547,0.0005287362,0.0093647605,0.60485846,0.009893162,0.020308156,0.0010898593,2.1279463e-06,3,,,,1.2287517,Test
810,1,-4.029487,-4.1960173,3.8708556,2.1604018,-1.1910973,-1.0402528,-2.99779,-4.5619555,0.00030977034,0.00026225086,0.83582467,0.15110351,0.005293429,0.006155281,0.00086916104,0.00018188295,2,,,,0.73127747,Test
811,20,1.7874421,-5.7074337,-2.6058125,4.875572,-2.1410365,-1.791865,-2.426412,-10.413669,0.043456912,2.4158815e-05,0.0005371463,0.9532717,0.000854953,0.0012122315,0.0006426954,2.1836537e-07,3,,,,0.29590806,Test
812,3,-1.3119695,-5.6422176,-2.3041627,5.21691,-3.1187847,1.8369862,-2.3275669,-10.204451,0.0014087432,1.8545095e-05,0.00052230933,0.9644684,0.00023128207,0.032840196,0.00051022705,1.9358711e-07,3,,,,0.23989567,Test
813,19,-3.9454052,-6.0079174,6.8417306,2.6426895,-1.4840537,0.14116772,-5.921048,-10.075812,2.0328029e-05,2.5843894e-06,0.9837595,0.01476619,0.00023825752,0.0012102398,2.8189304e-06,4.422758e-08,2,,,,0.12805335,Test
814,1,-4.80505,-4.709051,0.24685758,0.43139243,0.16488613,4.140099,-2.670974,-6.858411,0.00012240498,0.00013473822,0.01913438,0.023012131,0.017628472,0.938918,0.0010342275,1.5704905e-05,5,,,,0.43634072,Test
815,3,8.355397,-11.483177,-8.689776,11.687395,-6.267053,-1.8532019,-5.41324,-22.69844,0.034489594,8.354197e-11,1.3647832e-09,0.9655091,1.5389992e-08,1.2710126e-06,3.614471e-08,1.1250674e-15,3,,,,0.21645781,Test
816,1,8.232671,-7.1960955,2.0739548,4.8129144,-5.771694,-2.8744526,-5.748111,-19.618906,0.9663215,1.9252788e-07,0.0020437378,0.03161843,8.0002434e-07,1.4499708e-05,8.1911594e-07,7.7505965e-13,0,,,,0.22384778,Test
817,20,6.291502,-5.2300506,-1.9826064,4.818916,-4.88362,-2.0576868,-3.3322453,-14.610779,0.8130654,8.060808e-06,0.00020736032,0.18646161,1.1398087e-05,0.00019236181,5.3775606e-05,6.797986e-10,0,,,,0.7005498,Test
818,20,-1.0191642,-2.70007,-0.8241899,2.4472356,-2.781492,0.21601482,-1.3292879,-6.443929,0.025792386,0.0048026773,0.03134496,0.82590437,0.0044271303,0.08869986,0.018915003,0.00011364385,3,,,,1.0119743,Test
819,20,-0.3445327,-5.3269763,0.16083348,3.567731,-1.5630401,-1.1616849,-3.2945135,-6.9753237,0.018702952,0.00012825154,0.031001866,0.93537265,0.005529923,0.008260863,0.0009789257,2.4671426e-05,3,,,,0.46333846,Test
820,3,-4.259635,-4.9226108,9.899568,-1.0451868,1.137516,-0.5470358,-7.1718426,-8.918194,7.090025e-07,3.653602e-07,0.99979573,1.7646751e-05,0.0001565311,2.9040822e-05,3.8538218e-08,6.721431e-09,2,,,,0.0030133494,Test
821,1,-6.390366,-6.9941134,-1.8220738,-1.222538,0.38820967,7.936562,-2.9029117,-11.395074,5.992191e-07,3.2762836e-07,5.7752386e-05,0.00010518289,0.00052660354,0.9992899,1.9596018e-05,4.018542e-09,5,,,,0.009288419,Test
822,20,5.455653,-15.76228,-6.971559,15.285758,-8.759842,-0.044003773,-6.6231008,-27.828743,5.3804208e-05,3.2808378e-14,2.1564867e-10,0.999946,3.6066566e-11,2.1996101e-07,3.0554828e-10,1.8861936e-19,3,,,,0.0008458356,Test
823,1,-12.242523,-7.368862,15.780838,-2.4236195,1.8054584,-2.9667919,-8.411503,-5.1179705,6.754738e-13,8.835123e-11,0.99999917,1.2413775e-08,8.5225435e-07,7.211203e-09,3.11458e-11,8.390017e-10,2,,,,1.8937642e-05,Test
824,3,2.9998221,-8.424163,-5.4346986,7.905553,-4.0010433,-0.26901653,-3.0729756,-15.367257,0.007347373,8.030793e-08,1.5961219e-06,0.9923477,6.6941407e-06,0.00027957195,1.6933602e-05,7.751949e-11,3,,,,0.06679612,Test
825,19,-5.330589,-5.143001,9.594432,1.0450993,-1.371678,0.6174171,-6.1634574,-9.814004,3.2960915e-07,3.9761943e-07,0.99966204,0.00019360885,1.7271579e-05,0.0001262366,1.4331415e-07,3.7228594e-09,2,,,,0.0048027053,Test
826,20,2.237087,-3.0703032,0.01447472,2.460964,-3.399024,-1.105813,-2.19768,-9.513185,0.41408482,0.0020517244,0.04485605,0.51798576,0.0014769209,0.014631413,0.0049101477,3.2659618e-06,3,,,,1.3782867,Test
827,16,-13.173204,-8.16377,19.96659,-1.9925632,0.63596404,-0.97692853,-10.542918,-12.148497,4.051078e-15,6.06932e-13,1.0,2.9057654e-10,4.025457e-09,8.0231516e-10,5.621965e-14,1.1287399e-14,2,,,,1.4573818e-07,Test
828,20,4.2232018,-7.5835505,-0.8935979,6.9797297,-5.5985503,-0.54258555,-4.7549233,-17.539104,0.05966666,4.4475863e-07,0.00035771224,0.9394563,3.2374212e-06,0.00050813216,7.5262965e-06,2.1109727e-11,3,,,,0.33715934,Test
829,20,-4.7454576,-4.6758237,9.923077,0.47480738,-2.2817538,2.1181247,-6.332593,-12.793949,4.259147e-07,4.5663003e-07,0.99950767,7.8787096e-05,5.0037515e-06,0.0004075104,8.710417e-08,1.3611538e-10,2,,,,0.0064817397,Test
830,16,-5.548766,-5.876531,14.019464,-2.7209716,2.4203598,-0.88670903,-9.395713,-13.360289,3.174108e-09,2.2870486e-09,0.99999046,5.3668256e-08,9.174218e-06,3.3599073e-07,6.775073e-11,1.2856423e-12,2,,,,0.00017595902,Test
831,1,2.4289052,-8.249424,-7.0878706,8.934622,-6.491161,0.31351712,-1.5248355,-15.200388,0.0014923265,3.438146e-08,1.0984516e-07,0.9982988,1.9949317e-07,0.00017995444,2.8627006e-05,3.292752e-11,3,,,,0.019141177,Test
832,1,-0.6246638,-6.244828,-0.2870663,3.456644,-0.043537825,1.375527,-4.7786016,-9.678054,0.014119822,5.117088e-05,0.01979001,0.8362165,0.025246957,0.104352064,0.00022171598,1.6519311e-06,3,,,,0.8922562,Test
833,1,-3.4056444,-9.555262,0.7275158,-2.7400253,9.784798,-0.55600536,-8.746153,-11.697557,1.8680854e-06,3.9870525e-09,0.00011652137,3.6347233e-06,0.9998456,3.2283395e-05,8.954542e-09,4.6802023e-10,4,,,,0.002328437,Test
834,19,-10.1702585,-7.7497287,15.164116,-1.562784,2.8021731,1.0233792,-10.190365,-11.014635,9.9407505e-12,1.1185137e-10,0.9999949,5.439981e-08,4.2783317e-06,7.2236037e-07,9.7428645e-12,4.2727813e-12,2,,,,9.96653e-05,Test
835,1,3.6601982,-8.284154,-6.2523394,3.8651123,0.2878095,2.3311443,-5.1376,-16.88237,0.39577913,2.5709087e-06,1.9610674e-05,0.48578706,0.013578225,0.104773656,5.978851e-05,4.741643e-10,3,,,,1.4616613,Test
836,13,7.722011,-7.210701,2.7402549,4.629504,-5.8657575,-2.9183786,-5.996294,-19.977896,0.95032036,3.1093913e-07,0.0065210992,0.043133166,1.1933755e-06,2.2740898e-05,1.047335e-06,8.870603e-13,0,,,,0.31322262,Test
837,19,2.7835448,-4.9662166,-0.034654986,1.9605095,0.5680511,-1.7622129,-4.9075127,-11.389308,0.61750877,0.00026605072,0.03687351,0.27114618,0.06736998,0.0065530823,0.0002821366,4.3196792e-07,0,,,,1.4317684,Test
838,20,5.089616,-14.358196,-9.304143,15.175501,-9.078682,0.06775023,-4.0518413,-24.667145,4.166175e-05,1.4916264e-13,2.3367225e-11,0.99995804,2.9276827e-11,2.7464327e-07,4.463268e-09,4.9721186e-18,3,,,,0.000672865,Test
839,1,1.3818395,-6.0125103,-4.699865,6.0341964,-3.6680505,-0.8223445,-1.535568,-10.899825,0.009433472,5.7989064e-06,2.1548694e-05,0.9889277,6.0468945e-05,0.0010408947,0.0005101029,4.3733344e-08,3,,,,0.096529156,Test
840,19,-0.051505838,-4.371939,5.498781,1.6680169,-3.2705252,0.7902007,-5.24318,-12.56429,0.003755551,4.9926784e-05,0.9663463,0.02096298,0.00015020055,0.008714095,2.089097e-05,1.3817842e-08,2,,,,0.25744492,Test
841,3,3.3461578,-6.098125,-3.7050498,6.608919,-5.462571,-0.50700015,-2.871648,-12.95225,0.036838014,2.9153862e-06,3.1915068e-05,0.9622667,5.5044484e-06,0.00078143174,7.344082e-05,3.0760106e-09,3,,,,0.23854497,Test
842,16,-0.13861635,-5.102573,-1.6480801,4.6548133,-3.1880887,0.74335355,-2.1456099,-9.136021,0.008029532,5.6088178e-05,0.0017747548,0.9692824,0.00038047065,0.01939657,0.0010791059,9.934981e-07,3,,,,0.24183393,Test
843,3,0.8894298,-10.272432,-6.0082555,9.965128,-5.739053,0.8837433,-2.535499,-16.44177,0.00011438622,1.6249443e-09,1.1554393e-07,0.99976796,1.5123774e-07,0.00011373758,3.723451e-06,3.4003913e-12,3,,,,0.0033961267,Test
844,19,-7.045121,-5.4205804,11.3335705,-0.27340233,0.36102855,-0.25915712,-7.311082,-8.138479,1.042845e-08,5.2935803e-08,0.9999645,9.102074e-06,1.7166045e-05,9.232662e-06,7.993086e-09,3.494466e-09,2,,,,0.0006318632,Test
845,1,-4.0872693,-3.5775027,-0.43114263,-0.022324488,-1.2090269,2.0674987,-1.2468716,-4.355744,0.0016494427,0.0027461613,0.06385177,0.096099325,0.029332027,0.77681756,0.028242711,0.0012610729,5,,,,1.2066574,Test
846,3,2.3630617,-7.413925,-5.0742126,6.758866,-2.933556,-0.80293375,-2.9547396,-13.385947,0.012170992,6.9061315e-07,7.1673544e-06,0.98718727,6.095849e-05,0.00051327696,5.9680726e-05,1.7604277e-09,3,,,,0.10321517,Test
847,19,0.9116786,-9.728517,-4.2853885,9.565027,-5.2608867,0.47831556,-3.112943,-16.221468,0.00017449039,4.176314e-09,9.654146e-07,0.999708,3.6396563e-07,0.0001131265,3.1181771e-06,6.323253e-12,3,,,,0.004167108,Test
848,20,4.100892,-8.150556,-3.0409405,8.38433,-6.2712183,-0.32865435,-4.1175747,-16.302082,0.013605028,6.5007484e-08,1.0765671e-05,0.9862178,4.2574464e-07,0.00016217053,3.6682989e-06,1.874131e-11,3,,,,0.10638933,Test
849,1,-2.139631,-3.032258,0.93505263,1.7922549,-2.2760317,-2.2121913,-1.453536,-2.5032463,0.012732479,0.0052149477,0.27556947,0.6493956,0.011108995,0.011841331,0.025286006,0.008851091,3,,,,1.3790141,Test
850,1,4.7918634,-7.444541,-6.6561637,6.07345,-3.5429754,1.555914,-3.8880062,-16.210398,0.21541978,1.0449191e-06,2.298637e-06,0.77601767,5.1702445e-05,0.00847092,3.66156e-05,1.6297443e-10,3,,,,0.8206514,Test
851,20,8.114699,-13.68637,-9.558012,14.921991,-9.206365,-1.0109509,-5.08484,-26.252882,0.0011044617,3.758954e-13,2.3334026e-11,0.9988954,3.316712e-11,1.2020736e-07,2.0448583e-09,1.3106892e-18,3,,,,0.0124440435,Test
852,16,-4.4976416,-4.294508,8.252729,0.23580897,0.32939884,-0.2693597,-5.6141753,-8.024327,2.8986394e-06,3.5515177e-06,0.99910223,0.00032953822,0.00036186873,0.00019884454,9.4905096e-07,8.52263e-08,2,,,,0.011827062,Test
853,19,1.0344652,-6.454617,-4.0966997,6.134813,-3.6412675,1.9163862,-2.9507506,-12.973644,0.0059691216,3.3376693e-06,3.5275567e-05,0.9794071,5.562443e-05,0.014418623,0.000110956586,4.923405e-09,3,,,,0.16451246,Test
854,19,-0.8232822,-4.9910893,-1.4351536,4.825271,-3.833002,0.09095658,-1.7271118,-9.036915,0.0034675528,5.3699157e-05,0.0018805756,0.98437065,0.0001709693,0.008651114,0.0014044131,9.3948006e-07,3,,,,0.14324863,Test
855,3,2.217446,-5.429497,-1.8691156,1.8825135,0.78250355,-1.3510578,-4.4191985,-9.4060755,0.499923,0.00023871401,0.00839715,0.35763806,0.1190462,0.014096834,0.00065560924,4.475811e-06,0,,,,1.5505493,Test
856,20,4.3533053,-12.841585,-9.305115,13.70708,-8.8371105,0.08951466,-3.085659,-22.504526,8.663013e-05,2.9513692e-12,1.0136599e-10,0.99991214,1.6186195e-10,1.2187887e-06,5.0929284e-08,1.8769884e-16,3,,,,0.0013209864,Test
857,16,-12.950696,-7.6607575,18.15162,-2.630324,1.3483399,-1.8362064,-9.925141,-7.9385214,3.1076707e-14,6.16349e-12,1.0,9.4301e-10,5.0399642e-08,2.0863968e-09,6.4034894e-13,4.668696e-12,2,,,,1.3106587e-06,Test
858,1,-2.6909328,-4.9332275,6.5175796,1.9975119,-2.3840373,0.99121505,-5.494287,-11.806176,9.869059e-05,1.0482366e-05,0.9851034,0.010726089,0.00013414011,0.0039211395,5.9812846e-06,1.0853655e-08,2,,,,0.12617214,Test
859,1,-1.5530132,-3.351504,-2.249031,3.1247442,-2.9361792,0.15865695,-0.32820192,-5.742358,0.008445916,0.0013982089,0.004210851,0.9081779,0.0021180941,0.046775192,0.028745871,0.00012800802,3,,,,0.60517615,Test
860,19,-5.30053,-4.662692,11.515125,-0.6716926,-0.78057677,0.3524761,-7.2380195,-11.059764,4.977869e-08,9.420031e-08,0.9999759,5.0970825e-06,4.57124e-06,1.4194255e-05,7.171369e-09,1.569782e-10,2,,,,0.000437554,Test
861,20,2.2852476,-8.148034,-5.1417184,8.624492,-6.1418543,-1.1722281,-1.2126868,-14.807021,0.0017623304,5.1876487e-08,1.0485683e-06,0.9981274,3.8569445e-07,5.5529625e-05,5.332781e-05,6.6528734e-11,3,,,,0.02039382,Test
862,3,-6.0776935,-4.1038227,8.60732,-0.8372784,0.46193126,2.3344927,-6.4301133,-8.250518,4.1821502e-07,3.0105134e-06,0.9977452,7.893739e-05,0.00028941585,0.001882632,2.9399854e-07,4.7616094e-08,2,,,,0.024842232,Test
863,19,-5.270653,-5.2847176,5.0196934,2.2147448,-0.80310833,1.3747503,-4.161189,-6.6739206,3.1161926e-05,3.072671e-05,0.9176242,0.055525333,0.0027155275,0.023970997,9.4505755e-05,7.659366e-06,2,,,,0.4998831,Test
864,16,-12.829679,-8.258438,16.381927,-1.886694,1.6265702,-2.7295914,-9.033875,-5.1229587,2.0585478e-13,1.9898715e-11,0.99999964,1.1642288e-08,3.906874e-07,5.011557e-09,9.163413e-12,4.5766346e-10,2,,,,9.292974e-06,Test
865,20,14.844082,-27.228386,-20.945179,29.502045,-16.948008,-1.1214976,-8.107165,-47.557304,4.3065296e-07,2.3029623e-25,1.2332437e-22,0.9999995,6.7142767e-21,5.0160766e-14,4.6400964e-17,3.4162506e-34,3,,,,9.708948e-06,Test
866,19,1.6480416,-4.013346,5.2586474,0.7985565,-2.5367734,-0.7976069,-5.0592527,-13.607359,0.025958732,9.027634e-05,0.9601733,0.011100861,0.0003952223,0.0022498406,3.1720694e-05,6.1510175e-09,2,,,,0.29106382,Test
867,1,1.5830998,-5.070891,-0.9394305,2.0990434,0.37251067,-0.054358993,-4.5055494,-10.711431,0.30754736,0.00039638803,0.024682604,0.51520896,0.09165576,0.05980984,0.0006976622,1.407554e-06,3,,,,1.7187785,Test
868,3,1.2442828,-7.9709077,-3.757032,6.320429,-2.0288472,0.63641214,-3.8982363,-12.63299,0.006182353,6.152444e-07,4.160162e-05,0.99013877,0.00023423498,0.0033663476,3.6123198e-05,5.8120713e-09,3,,,,0.09114954,Test
869,1,-5.9547553,-7.6603103,-1.5490626,0.2559593,0.1363513,8.715459,-3.6378675,-13.936319,4.2522257e-07,7.725083e-08,3.4832454e-05,0.00021178502,0.00018791013,0.99956065,4.3134773e-06,1.4530029e-10,5,,,,0.0061480007,Test
870,3,2.2998784,-5.4761086,-3.640553,3.74933,-1.8289886,1.6878175,-3.4853065,-12.580867,0.17166689,7.204737e-05,0.0004516375,0.73143446,0.002764028,0.09308333,0.00052748824,5.9164506e-08,3,,,,1.1205426,Test
871,19,-2.6408844,-3.645552,7.631028,-0.98591846,-0.115881346,-0.893482,-5.9384418,-9.169953,3.4561417e-05,1.2655231e-05,0.9991404,0.00018085657,0.00043170433,0.00019837124,1.2778527e-06,5.0472284e-08,2,,,,0.011497618,Test
872,1,6.5475984,-8.708602,-7.5148087,10.023429,-7.7489986,-1.4131507,-2.6563332,-17.506933,0.030007396,7.1046826e-09,2.3442404e-08,0.969979,1.8547933e-08,1.046933e-05,3.020033e-06,1.0727003e-12,3,,,,0.19467776,Test
873,1,-0.24338132,-3.494176,-1.1043091,1.7502518,-0.50789523,-1.2989469,-1.6320643,-5.9488587,0.0983093,0.003808837,0.041562185,0.72180253,0.07546014,0.034211196,0.024518684,0.00032714265,3,,,,1.4726727,Test
874,1,8.743961,-5.981284,-5.100527,2.8658938,-0.8972534,-3.8769598,-4.672857,-17.388414,0.99713683,4.0147813e-07,9.686569e-07,0.0027921738,6.480799e-05,3.2927471e-06,1.4856089e-06,4.4628077e-12,0,,,,0.0288329,Test
875,1,3.9417846,-3.6755214,-3.7055547,4.073183,-4.640196,-1.7638762,-1.2947457,-9.965544,0.4650675,0.0002287505,0.00022198245,0.5303733,8.717847e-05,0.0015473162,0.0024735455,4.242678e-07,3,,,,1.0414207,Test
876,3,9.653571,-14.815004,-10.425068,15.988246,-10.370379,-1.988945,-5.110709,-26.861538,0.001770582,4.1835903e-14,3.3734439e-12,0.99822944,3.5630737e-12,1.555375e-08,6.855997e-10,2.4536085e-19,3,,,,0.018738417,Test
877,3,-4.3642087,-2.3073907,5.725727,-1.1348746,-1.3172747,1.31657,-3.9790123,-7.493802,4.0901366e-05,0.00031989138,0.9856916,0.001033284,0.00086100225,0.011991364,6.0121e-05,1.7888442e-06,2,,,,0.12122398,Test
878,20,14.90739,-22.834007,-14.899278,24.58505,-15.38773,-1.812446,-8.5247345,-42.531147,6.266399e-05,2.5476325e-21,7.114534e-18,0.9999373,4.3653162e-18,3.4330917e-12,4.1742165e-15,7.1085224e-30,3,,,,0.00096528913,Test
879,11,11.125704,-15.038404,-11.963591,16.95247,-11.631627,-1.8034008,-4.912898,-28.648237,0.0029389285,1.2742692e-14,2.7582643e-13,0.9970611,3.844195e-13,7.131002e-09,3.1820951e-10,1.5652579e-20,3,,,,0.028951783,Test
880,1,-4.08304,-3.724777,7.720002,-0.5298231,0.724374,-0.43568856,-5.5695286,-7.014821,7.4706704e-06,1.0689348e-05,0.9985177,0.0002609168,0.0009145195,0.00028667125,1.6896078e-06,3.982019e-07,2,,,,0.018192964,Test
881,1,1.8012952,-4.0160627,-1.0160244,3.7163084,-2.7925253,0.023520585,-2.929505,-9.487901,0.12441325,0.00037018608,0.0074356734,0.84439623,0.0012583332,0.02102756,0.0010972514,1.5560769e-06,3,,,,0.7770216,Test
882,3,2.3900843,-6.980793,-3.552767,3.9638023,-0.2141327,0.7711031,-4.961675,-12.752849,0.16393535,1.3962151e-05,0.0004302543,0.7909148,0.012124826,0.032475665,0.000105158375,4.3469036e-08,3,,,,0.9395134,Test
883,1,2.4872043,-6.8323293,-5.673449,7.0009336,-4.517114,-0.91706985,-1.5603305,-12.924126,0.010832653,9.712086e-07,3.0946235e-06,0.9886043,9.835538e-06,0.00035997905,0.00018919635,2.1962347e-09,3,,,,0.09376486,Test
884,19,-4.477519,-3.848785,10.695696,-0.7192296,-1.2718757,0.6483517,-6.536195,-10.825947,2.5723486e-07,4.8237564e-07,0.9999386,1.1028948e-05,6.3463376e-06,4.3297932e-05,3.2829018e-08,4.5003126e-10,2,,,,0.0010239718,Test
885,1,4.892278,-10.320564,-6.2757235,5.7694006,1.2234441,1.271485,-7.374957,-18.890987,0.28933018,7.15385e-08,4.0850023e-06,0.69554174,0.00737971,0.0077428925,1.3608216e-06,1.3566017e-11,3,,,,0.98865765,Test
886,20,5.3707705,-3.256785,1.5645969,0.77627134,-4.126687,-1.9606824,-3.6464963,-15.123028,0.96770716,0.00017331816,0.021515122,0.009780889,7.261905e-05,0.0006334822,0.00011738013,1.2173091e-09,0,,,,0.24171223,Test
887,19,-5.932954,-4.8290906,8.398803,0.85871553,-1.7772032,0.77868515,-4.935729,-10.533371,5.961223e-07,1.7977814e-06,0.9989372,0.0005307865,3.8032493e-05,0.0004899628,1.6159377e-06,5.9896186e-09,2,,,,0.013330691,Test
888,3,3.659887,-7.526937,-2.8416836,6.163449,-3.879636,0.66026187,-4.5447083,-16.627684,0.07531205,1.0434904e-06,0.00011304935,0.92076224,4.0039722e-05,0.0037509708,2.0589898e-05,1.1643529e-10,3,,,,0.42328528,Test
889,1,-5.1504345,-4.8266487,11.143928,-0.4610232,-0.39648315,0.8298232,-7.5667486,-11.095282,8.383516e-08,1.1588952e-07,0.9999478,9.120343e-06,9.728379e-06,3.316033e-05,7.482279e-09,2.1958968e-10,2,,,,0.0008882767,Test
890,3,9.590126,-11.670181,-9.259353,13.305361,-9.756083,-1.8056862,-4.192196,-23.911259,0.023770902,1.3893497e-11,1.5481803e-10,0.9762289,9.420937e-11,2.6724365e-07,2.4573065e-08,6.707773e-17,3,,,,0.16212612,Test
891,1,12.548164,-19.442492,-16.127895,21.785995,-13.978198,-1.7803905,-5.721063,-35.700447,9.7278906e-05,1.243524e-18,3.4210873e-17,0.9999027,2.9360634e-16,5.8238026e-11,1.1318627e-12,1.0812173e-25,3,,,,0.001436819,Test
892,11,-4.058508,-5.1436253,7.980474,1.463582,-0.9940252,-0.4701149,-5.94085,-9.016372,5.8985243e-06,1.992888e-06,0.99817574,0.0014755597,0.00012636643,0.00021338445,8.9795157e-07,4.1454424e-08,2,,,,0.020903993,Test
893,1,1.4877958,-4.475766,-2.8061392,1.7002225,0.74237645,-0.6617295,-3.1735237,-8.462639,0.35045007,0.00090091553,0.004784028,0.43339297,0.16630091,0.04084126,0.0033131484,1.6718892e-05,3,,,,1.745302,Test
894,20,5.602349,-9.264412,-6.6939707,10.317396,-7.383115,-0.70182157,-3.4322677,-18.193777,0.008879729,3.10347e-09,4.056725e-08,0.99110293,2.0364984e-08,1.6238033e-05,1.0585599e-06,4.1103004e-13,3,,,,0.07357719,Test
895,3,-5.587315,-6.4337063,11.74039,1.2813687,-1.6235719,2.507886,-8.3780985,-13.742687,2.982755e-08,1.2794849e-08,0.99987197,2.8684644e-05,1.5705413e-06,9.7795506e-05,1.8306104e-09,8.566121e-12,2,,,,0.001951741,Test
896,1,-3.7743945,-5.400541,-3.003194,3.7766576,-2.9380288,2.480019,-0.1911587,-7.9918327,0.00040572573,7.980061e-05,0.00087732513,0.771992,0.0009364004,0.2111008,0.01460199,5.9789186e-06,3,,,,0.8750561,Test
897,19,7.4725723,-14.688802,-9.5686655,15.711977,-9.3859625,-0.28820395,-5.3882403,-27.123846,0.00026397165,6.266058e-14,1.048676e-11,0.9997359,1.2588938e-11,1.1248507e-07,6.8576783e-10,2.4918601e-19,3,,,,0.0035215134,Test
898,20,-4.3102083,-4.92284,1.9330579,3.4090986,-1.9806336,0.05306823,-2.1306605,-6.111153,0.00034900702,0.00018913484,0.17957678,0.7857539,0.0035855481,0.027401922,0.0030860268,5.7635963e-05,3,,,,0.92242396,Test
899,11,-5.095905,-6.333836,4.157325,4.207404,-3.665329,0.5160438,-2.941541,-11.979816,4.6082405e-05,1.3363123e-05,0.48101816,0.5057206,0.00019267533,0.012611686,0.00039734098,4.7194312e-08,3,,,,1.0926135,Test
900,16,-2.1098924,-6.327534,1.8033482,4.2218146,-1.088241,-0.79911345,-3.9123814,-8.93172,0.0016133098,2.3769453e-05,0.08076376,0.90686613,0.004481416,0.0059838663,0.00026601533,1.7580693e-06,3,,,,0.51876247,Test
901,19,-0.85397327,-2.6964173,2.854771,1.4295576,-1.6778526,-0.7889981,-2.7925355,-6.064989,0.01871697,0.0029653239,0.76369977,0.18363708,0.008211629,0.019973487,0.0026935723,0.00010212222,2,,,,1.0723572,Test
902,1,5.9918203,-10.879318,-8.104074,10.885726,-6.213462,-0.08419509,-4.320527,-20.396757,0.00743626,3.5019648e-10,5.618051e-09,0.9925464,3.72107e-08,1.7083412e-05,2.470353e-07,2.5759737e-14,3,,,,0.06357352,Test
903,3,1.7003564,-4.5674725,-2.5431285,4.9566913,-3.9740045,-0.3462419,-2.2761953,-9.690358,0.036870632,6.991926e-05,0.00052936893,0.956949,0.00012657182,0.00476271,0.0006913312,4.166355e-07,3,,,,0.28867966,Test
904,3,-7.8965216,-7.501324,12.347346,-2.349398,5.4421716,-1.3162212,-10.0868845,-7.819856,1.6134817e-09,2.3954982e-09,0.9989969,4.1385607e-07,0.0010015782,1.1629262e-06,1.805101e-10,1.742046e-09,2,,,,0.011457699,Test
905,13,3.0138383,-6.3426967,-2.7969277,6.930924,-4.950564,-0.0053094067,-3.1762576,-12.721677,0.0194901,1.6839243e-06,5.8375466e-05,0.9794511,6.7751384e-06,0.00095195154,3.99475e-05,2.8573701e-09,3,,,,0.15117247,Test
906,20,-1.7173831,-5.246043,5.083883,2.9577718,-1.9220983,-0.05246045,-5.025099,-10.408355,0.0009867772,2.8956207e-05,0.8870974,0.105831034,0.0008041044,0.005215377,3.611571e-05,1.6587397e-07,2,,,,0.5548729,Test
907,3,-8.571893,-5.768724,11.377001,-0.8031567,0.50240403,-1.582075,-6.764679,-6.0758953,2.1691704e-09,3.5784474e-08,0.99997354,5.1311326e-06,1.8932642e-05,2.354688e-06,1.3217736e-08,2.6320373e-08,2,,,,0.00047135472,Test
908,1,4.6973114,-6.206944,-4.9325743,5.340481,-2.9800446,-0.5739216,-3.5112252,-13.468033,0.3438248,6.3194525e-06,2.2601174e-05,0.65412706,0.00015925898,0.0017663215,9.363004e-05,4.4384203e-09,3,,,,0.9500106,Test
909,20,18.475546,-25.770475,-20.506187,28.374523,-18.493267,-2.793407,-8.116504,-48.15829,5.02235e-05,3.0556592e-24,5.9068415e-22,0.9999498,4.4213567e-21,2.910167e-14,1.4194699e-16,5.783615e-34,3,,,,0.0007896586,Test
910,20,-0.8880382,-5.795299,-2.4046645,2.5833342,0.2890055,2.17778,-3.456172,-8.815788,0.017187586,0.0001270628,0.0037718317,0.55311155,0.055769715,0.36870813,0.0013179186,6.1977903e-06,3,,,,1.3810257,Test
911,1,-2.453566,-6.27679,-1.2264601,-0.2829365,4.6871724,0.7919495,-4.7467413,-6.7347293,0.0007684345,1.679584e-05,0.002621394,0.0067344056,0.9700412,0.019729514,7.756991e-05,1.0624813e-05,4,,,,0.23481983,Test
912,19,-2.0638099,-4.408356,0.7198452,1.4221234,1.3451825,0.030078117,-3.2174082,-6.0109415,0.011285049,0.0010821313,0.18257003,0.36848944,0.3412008,0.09159409,0.0035604269,0.0002179144,3,,,,1.9391267,Test
913,20,1.9927013,-4.344811,-1.5278274,4.509298,-3.9695752,-0.15684171,-2.3669124,-10.245313,0.07380281,0.0001305348,0.002183367,0.9141488,0.00018997176,0.008600788,0.00094344537,3.5741368e-07,3,,,,0.48772722,Test
914,11,-3.513185,-8.732467,-4.5690284,6.9492993,-3.4963608,3.9114628,-1.8408667,-13.503646,2.727557e-05,1.4759391e-07,9.489141e-06,0.95405424,2.7738355e-05,0.045735918,0.00014522873,1.2501772e-09,3,,,,0.27113482,Test
915,1,-6.1384745,-3.2394922,7.7613454,-1.3254008,0.3434814,-1.0973058,-4.54024,-3.7199035,9.183309e-07,1.6672913e-05,0.99911267,0.00011305525,0.00059989764,0.00014202054,4.5405022e-06,1.0312678e-05,2,,,,0.011532412,Test
916,3,0.21049064,-3.0268006,5.3668733,0.18418829,-2.173174,0.23911344,-4.636973,-10.560487,0.0056600147,0.00022226946,0.98221385,0.005513084,0.0005219215,0.0058243596,4.442126e-05,1.18861514e-07,2,,,,0.16131806,Test
917,1,2.8839755,-8.903008,-4.883476,8.68824,-4.997481,0.40625083,-3.7365685,-16.637957,0.0030048327,2.2845391e-08,1.2719172e-06,0.99673647,1.1348735e-06,0.0002522076,4.004558e-06,9.9897104e-12,3,,,,0.033010866,Test
918,1,-1.1209364,-4.1136665,-0.92337936,1.0516222,1.5262923,0.42776638,-3.2376752,-6.0751395,0.033336665,0.0016718447,0.04061814,0.29271996,0.4705426,0.15686107,0.0040145246,0.00023514677,4,,,,1.8512989,Test
919,1,-0.7621769,-9.052178,-3.8630562,6.491914,-2.5945153,2.8623028,-4.171508,-12.926496,0.000688411,1.7280088e-07,3.0985113e-05,0.9733285,0.0001101725,0.025818998,2.2761153e-05,3.5888177e-09,3,,,,0.18366629,Test
920,20,6.2948914,-10.675825,-5.9546223,11.334185,-7.574763,-0.11591248,-4.7596645,-20.698029,0.006436558,2.74388e-10,3.0814668e-08,0.9935528,6.097329e-09,1.0579788e-05,1.0179374e-07,1.2183676e-14,3,,,,0.056304518,Test
921,3,-5.5972786,-5.8224397,11.416056,-1.3289604,2.2104821,0.2397197,-8.639193,-9.375077,4.0846214e-08,3.2611126e-08,0.9998826,2.916479e-06,0.00010046597,1.3999993e-05,1.950138e-09,9.342741e-10,2,,,,0.0017849453,Test
922,3,-0.5122407,-2.46214,3.5170925,0.6091384,-2.1927512,0.5153931,-3.4938333,-8.262997,0.01575631,0.0022419393,0.8858734,0.04835744,0.0029350673,0.04403015,0.000799034,6.7817823e-06,2,,,,0.7116828,Test
923,1,-4.197919,-1.654277,4.084544,-1.4515946,-1.5271201,0.21216188,-1.7666229,-4.7867107,0.0002443859,0.0031100395,0.96628267,0.0038088143,0.003531745,0.02010712,0.0027795504,0.00013563356,2,,,,0.2746968,Test
924,1,5.6480594,-8.87525,-7.315214,8.69654,-5.534561,0.15381305,-3.5774922,-18.867296,0.045274455,2.2307999e-08,1.0616357e-07,0.95453423,6.2994536e-07,0.00018609405,4.4590965e-06,1.0208689e-12,3,,,,0.2686379,Test
925,20,4.549076,-8.264349,-5.7084627,7.673525,-3.5771675,-1.22247,-3.8095732,-15.886556,0.04210343,1.1468791e-07,1.4774914e-06,0.9577415,1.2449006e-05,0.00013114953,9.867387e-06,5.6135156e-11,3,,,,0.25415823,Test
926,20,-5.7846665,-9.065431,-2.4338033,3.3595498,0.3403865,7.6513176,-4.294537,-14.1957245,1.4408469e-06,5.417517e-08,4.110351e-05,0.013486529,0.00065871,0.9858058,6.394003e-06,3.204362e-10,5,,,,0.11181452,Test
927,3,0.24895868,-5.6999507,-0.6080761,1.4157367,1.5054882,-0.82102567,-4.896713,-7.616661,0.11763205,0.0003068649,0.04992524,0.37779036,0.4132658,0.040349428,0.00068515533,4.513675e-05,4,,,,1.8347949,Test
928,3,-14.337026,-9.014643,19.367195,-2.2147334,0.77363265,-3.0668383,-9.414267,-9.47251,2.3037924e-15,4.719809e-13,1.0,4.2372847e-10,8.412366e-09,1.807272e-10,3.164973e-13,2.9858958e-13,2,,,,2.4474798e-07,Test
929,1,-9.704849,-6.178463,15.794388,-1.0344868,-0.91071886,-0.16284691,-8.295753,-11.84012,8.429892e-12,2.866237e-10,0.9999999,4.9126132e-08,5.5598655e-08,1.1745219e-07,3.4497256e-11,9.96519e-13,2,,,,5.591194e-06,Test
930,20,-4.898128,-3.666355,6.979472,0.42516366,-0.8665427,2.1437895,-4.932011,-8.035018,6.8768745e-06,2.3569104e-05,0.9903008,0.0014101559,0.00038751285,0.00786424,6.6477614e-06,2.9857736e-07,2,,,,0.08724673,Test
931,20,-1.114281,-9.07334,-5.8519864,9.078987,-5.0817184,0.4216448,-1.1830347,-14.3047285,3.741215e-05,1.3074844e-08,3.276826e-07,0.9997528,7.0790725e-07,0.00017380281,3.492634e-05,6.989941e-11,3,,,,0.003616554,Test
932,3,-1.756749,-6.45489,-2.076463,5.9638243,-3.5840533,-0.0859099,-1.225854,-10.4843645,0.00044185895,4.026307e-06,0.00032094738,0.9960614,7.1071525e-05,0.0023491997,0.0007513608,7.160255e-08,3,,,,0.043687813,Test
933,3,-5.901583,-4.110407,9.480093,-0.004858505,-1.1485858,0.31717825,-5.6099267,-8.173613,2.0880135e-07,1.2520771e-06,0.99979323,7.597101e-05,2.420658e-05,0.000104835184,2.795105e-07,2.152798e-08,2,,,,0.003130931,Test
934,1,-2.2802022,-4.050668,0.32799393,3.2141094,-2.0714526,-2.4003184,-0.8763166,-4.5319977,0.0037829515,0.0006440613,0.051351815,0.92040694,0.0046611107,0.0033547871,0.0154003445,0.0003980048,3,,,,0.5282559,Test
935,20,-2.4382439,-5.9067974,-0.46671095,5.119615,-3.1343029,-0.28323746,-1.4544492,-8.388157,0.0005165941,1.6098136e-05,0.003710012,0.9896597,0.0002575461,0.004457146,0.0013816755,1.3462783e-06,3,,,,0.10172425,Test
936,20,0.23439279,-13.302515,-9.07236,13.944379,-9.105612,-1.3185431,-0.6841963,-19.186462,1.1112918e-06,1.4683283e-12,1.00915186e-10,0.9999982,9.7614666e-11,2.3517778e-07,4.4349596e-07,4.087503e-15,3,,,,3.910535e-05,Test
937,20,2.203651,-9.291416,-6.6689897,10.147755,-7.202064,-1.1121655,-1.1882838,-16.792799,0.00035461303,3.6100274e-09,4.970683e-08,0.99962044,2.9167849e-08,1.2874013e-05,1.193043e-05,1.9938907e-12,3,,,,0.0050180885,Test
938,20,10.090972,-12.159104,-10.2250185,13.520627,-9.508423,-1.7352759,-4.6379266,-25.76697,0.031381406,6.8169025e-12,4.7157406e-11,0.9686184,9.6552565e-11,2.2940249e-07,1.2589048e-08,8.3900756e-18,3,,,,0.20127876,Test
939,1,-11.556799,-10.226491,23.643627,-0.66969067,-0.455928,3.5147698,-14.809905,-21.35803,5.1600035e-16,1.9516188e-15,1.0,2.7596883e-11,3.4174e-11,1.8119601e-09,1.9945399e-17,2.8577833e-20,2,,,,5.477526e-08,Test
940,3,-4.112389,-4.0910254,7.415902,0.6562567,-0.45799395,-0.22766604,-4.903855,-7.4790864,9.827425e-06,1.0039639e-05,0.9979602,0.0011572748,0.0003797726,0.0004781386,4.453593e-06,3.390796e-07,2,,,,0.0242349,Test
941,20,0.7457819,-10.270851,-6.1297174,7.7671065,-2.6382716,3.9003882,-4.9642253,-17.439117,0.00087355194,1.4349131e-08,9.021887e-07,0.9786137,2.9621899e-05,0.020479383,2.8937707e-06,1.1058267e-11,3,,,,0.15479784,Test
942,3,1.8182877,-4.526293,2.85084,2.9717302,-3.684317,-0.3250394,-4.173585,-12.1268635,0.14078748,0.0002472565,0.39536282,0.44616732,0.00057386945,0.01650931,0.0003518251,1.2366928e-07,3,,,,1.5579141,Test
943,13,-1.9480373,-7.957082,-4.6012506,7.342149,-4.6717787,2.6591833,-1.6677068,-13.288999,9.145897e-05,2.2466291e-07,6.440956e-06,0.9906102,6.0023367e-06,0.00916467,0.0001210521,1.0861988e-09,3,,,,0.07854731,Test
944,19,0.66682744,-6.753691,-2.1274023,6.501322,-3.8649273,-0.594127,-2.4554193,-11.618394,0.0029129728,1.7444016e-06,0.0001781632,0.99592185,3.134877e-05,0.00082548836,0.00012833998,1.3456505e-08,3,,,,0.0432441,Test
945,1,-0.015389083,-4.0878725,-1.2014071,1.0240834,0.7792477,0.8060878,-3.325966,-6.990243,0.11527222,0.0019636662,0.035208177,0.3259581,0.25517082,0.26211238,0.004206874,0.00010779142,3,,,,2.1178484,Test
946,20,-3.0172343,-3.6553462,6.2695637,0.9376275,-2.1161816,1.4184157,-4.849483,-9.272399,9.1446826e-05,4.8310383e-05,0.9871291,0.0047724727,0.00022515995,0.0077187517,1.4636362e-05,1.756246e-07,2,,,,0.114302166,Test
947,20,9.708447,-19.868992,-14.769439,21.509882,-12.600807,-0.4260362,-5.8711934,-34.84717,7.493744e-06,1.069989e-18,1.7542373e-16,0.9999925,1.5343114e-15,2.97405e-10,1.2839467e-12,3.345326e-25,3,,,,0.00013843192,Test
948,3,-2.6688433,-5.6885605,1.321956,4.068609,-2.1300616,1.0713742,-3.1754384,-8.417227,0.0010604643,5.1766587e-05,0.057369128,0.8944056,0.0018175483,0.044653125,0.00063897605,3.380686e-06,3,,,,0.6154424,Test
949,1,4.8924756,-8.128812,-0.15666842,7.26868,-5.5647755,-1.0144047,-5.357772,-16.955746,0.08493888,1.8794614e-07,0.0005448679,0.9142795,2.4410679e-06,0.0002310899,3.0024846e-06,2.757683e-11,3,,,,0.4291774,Test
950,20,-3.397745,-2.6491559,0.5988898,0.69525504,-2.1107457,2.1116562,-1.1519414,-6.0796366,0.0026483773,0.0055987127,0.14411075,0.15868916,0.009592167,0.6541577,0.025021886,0.00018123798,5,,,,1.4889673,Test
951,19,-3.6545887,-6.355803,7.4533887,2.7916691,-2.291834,0.9586792,-6.5649986,-12.62409,1.482859e-05,9.953532e-07,0.98908347,0.009347037,5.793438e-05,0.0014949148,8.074672e-07,1.8866653e-09,2,,,,0.09379422,Test
952,19,-1.1978265,-6.8177657,3.3418388,5.029192,-3.7703955,1.4846647,-5.3750424,-13.99497,0.0016243786,5.8881437e-06,0.1521384,0.8223316,0.00012400374,0.023750806,2.491986e-05,4.497366e-09,3,,,,0.79065955,Test
953,16,-1.3080198,-7.9641194,3.3683884,5.2622514,-2.6518738,-0.21246101,-5.69531,-13.626553,0.0012118093,1.5585721e-06,0.13012853,0.8647026,0.00031608637,0.0036243438,1.5068092e-05,5.4145657e-09,3,,,,0.60925984,Test
954,1,-3.8944187,-3.782477,1.9571427,1.908133,-2.3426654,2.1610177,-2.2720795,-7.857663,0.00089504104,0.0010010562,0.3112746,0.29638693,0.004224358,0.38166773,0.004533315,1.7007002e-05,5,,,,1.662388,Test
955,13,1.8452885,-11.092147,-8.729263,12.239519,-8.262432,-0.879113,-0.89888406,-17.749012,3.06075e-05,7.36498e-11,7.822733e-10,0.9999654,1.2476727e-09,2.0074067e-06,1.9681088e-06,9.465235e-14,3,,,,0.0005842174,Test
956,3,5.771832,-9.765316,-8.348828,10.822834,-7.364072,-0.4078508,-2.9809155,-19.251305,0.0063620876,1.1373706e-09,4.688946e-09,0.99362373,1.2553057e-08,1.3176417e-05,1.0053792e-06,8.6335514e-14,3,,,,0.05582335,Test
957,1,-2.2095304,-3.598126,2.312491,0.0041809753,2.3577693,-0.80649126,-4.0149283,-5.659904,0.004926887,0.0012288905,0.45337918,0.045079105,0.47437927,0.020040331,0.00081002456,0.00015634873,4,,,,1.4023345,Test
958,1,1.7646148,-3.8191245,0.6966046,3.259435,-4.360068,-0.46332002,-2.7956743,-10.784783,0.16873689,0.0006341951,0.057993464,0.7523193,0.00036922755,0.018181521,0.0017648253,5.98516e-07,3,,,,1.1125135,Test
959,20,5.1149473,-11.669394,-8.963609,12.724719,-7.6441607,0.2631311,-3.7891269,-21.067926,0.00049533753,2.5442223e-11,3.8076942e-10,0.99950075,1.4245944e-09,3.870653e-06,6.72839e-08,2.1077742e-15,3,,,,0.0062297913,Test
960,19,-5.6913047,-4.9061017,10.544695,0.10643703,0.09081281,-0.17065902,-6.7695255,-9.794776,8.8870934e-08,1.9488097e-07,0.9999193,2.9287818e-05,2.8833781e-05,2.2199636e-05,3.0233927e-08,1.4677274e-09,2,,,,0.0013426751,Test
961,1,-2.2352328,-4.9044666,-3.2018323,1.8441641,-1.3027055,4.135057,-1.7438476,-8.672615,0.0015409181,0.00010679375,0.0005861257,0.091083385,0.0039153546,0.90024614,0.0025187528,2.4663789e-06,5,,,,0.5265274,Test
962,1,8.948478,-17.04659,-13.398702,18.646843,-11.547623,-1.1720757,-4.584686,-30.175817,6.137999e-05,3.1514557e-16,1.2099587e-14,0.9999386,7.703419e-14,2.470168e-09,8.1404494e-11,6.259801e-22,3,,,,0.00094746274,Test
963,13,-7.073641,-5.295838,10.9930315,-0.13013306,-0.12537433,-0.20504843,-6.7199845,-8.404976,1.4247038e-08,8.4297525e-08,0.9999565,1.476564e-05,1.48360605e-05,1.369988e-05,2.0291575e-08,3.7629975e-09,2,,,,0.0007619191,Test
964,1,-8.8269825,-5.0732307,13.862838,-1.7252634,-0.20660667,-0.046696413,-7.517108,-9.37774,1.3993806e-10,5.972672e-09,0.9999981,1.6989193e-07,7.7574146e-07,9.1025925e-07,5.185692e-10,8.0676035e-11,2,,,,4.0685172e-05,Test
965,1,-0.06840513,-4.925024,-0.93036544,4.336425,-3.1975589,0.48207834,-3.0152512,-9.416334,0.011750084,9.1377275e-05,0.0049624518,0.9616883,0.0005141227,0.020375717,0.0006169387,1.0239694e-06,3,,,,0.29541,Test
966,16,-2.2457097,-2.6462944,3.0468633,-0.5138309,0.22572352,-3.017998,-2.834801,-0.6564843,0.0044656466,0.0029916624,0.8880135,0.025236534,0.052870583,0.0020629265,0.0024776799,0.02188145,2,,,,0.73082435,Test
967,1,2.441591,-8.250098,-1.7632023,6.8843465,-4.4469204,-0.99221116,-4.5145392,-14.580333,0.011620062,2.641598e-07,0.00017341635,0.98780847,1.1845852e-05,0.0003749101,1.10713245e-05,4.706313e-10,3,,,,0.09898133,Test
968,19,-8.876092,-5.598602,12.92369,-1.5864866,-0.06802014,1.8206025,-7.703427,-10.213359,3.4077463e-10,9.033652e-09,0.9999821,4.992322e-07,2.2791053e-06,1.5065469e-05,1.100903e-09,8.9474574e-11,2,,,,0.00032049202,Test
969,13,-1.5204613,-8.634436,-5.371475,8.8919115,-5.559437,0.139011,-0.64736867,-13.027108,3.0050422e-05,2.445064e-08,6.3881686e-07,0.99973875,5.2935343e-07,0.00015796114,7.194985e-05,3.0239683e-10,3,,,,0.0038379766,Test
970,1,-4.8670044,-7.8377852,4.4938173,-0.14272745,4.312949,2.7932312,-7.881444,-12.447516,4.2443662e-05,2.1758017e-06,0.49336243,0.0047812373,0.41173333,0.09007638,2.0828518e-06,2.1658993e-08,2,,,,1.3803449,Test
971,1,-3.5880282,-3.3202243,-0.72037214,1.0651319,-2.1737103,0.03045931,0.054947857,-2.571519,0.0048266617,0.006308887,0.08492862,0.5063941,0.01985534,0.17994344,0.1844044,0.013338631,3,,,,1.9728677,Test
972,1,0.6764391,-5.115571,-2.1755586,4.4679155,-3.2073116,-1.0645076,-1.6425699,-7.766938,0.021892816,6.68134e-05,0.0012638479,0.9703288,0.00045041216,0.0038390001,0.0021536185,4.7139984e-06,3,,,,0.23094136,Test
973,11,7.0443125,-6.6565504,-4.499244,6.1431785,-4.526043,-1.9488109,-3.741971,-17.060078,0.7110989,7.9748196e-07,6.896477e-06,0.28878355,6.714111e-06,8.8362154e-05,1.47064075e-05,2.4183926e-11,0,,,,0.8689322,Test
974,20,3.234195,-9.232228,-6.2528563,10.2646,-6.970843,-0.40570664,-2.5175228,-16.84809,0.00088376855,3.405962e-09,6.701386e-08,0.9990901,3.2684873e-08,2.3203287e-05,2.8080144e-06,1.677695e-12,3,,,,0.01068856,Test
975,13,-1.7466512,-5.0112333,0.0925089,3.6157522,-1.3282291,-0.47705996,-2.6847034,-6.194231,0.0044238325,0.00016904746,0.027831439,0.9433239,0.0067222877,0.015746178,0.0017314412,5.1789208e-05,3,,,,0.41936424,Test
976,16,-9.441173,-6.2924857,11.684935,-1.7501478,2.3094862,-2.658732,-7.0721984,-3.5360188,6.683606e-10,1.5576417e-08,0.999913,1.4627834e-06,8.477285e-05,5.896403e-07,7.1423747e-09,2.4523717e-07,2,,,,0.0013189121,Test
977,1,7.2898517,-11.453271,-8.659564,12.674752,-8.417526,-0.8258717,-4.099773,-22.199728,0.0045643607,3.3063226e-11,5.403022e-10,0.9954342,6.882605e-10,1.3638487e-06,5.16332e-08,7.115703e-16,3,,,,0.042089425,Test
978,1,1.4843955,-8.460528,-6.5296936,9.105165,-6.4300046,-0.63270086,-1.1034397,-14.017212,0.0004898775,2.3499679e-08,1.6203649e-07,0.99941397,1.7902224e-07,5.8971775e-05,3.6830286e-05,9.074554e-11,3,,,,0.007610825,Test
979,1,1.5844892,-3.1564069,-2.4635456,1.6374826,-2.4460905,0.68950766,-1.7320578,-9.079993,0.39319143,0.0034328832,0.0068638027,0.41458997,0.0069846627,0.16066396,0.014264152,9.184978e-06,3,,,,1.6950185,Test
980,16,-6.431179,-3.6584203,6.756667,-1.2671959,0.04418718,-2.4992726,-3.7213678,-0.24114685,1.868349e-06,2.989866e-05,0.9973942,0.00032669876,0.0012124777,9.529353e-05,2.8074634e-05,0.00091149594,2,,,,0.030671738,Test
981,1,-3.257776,-3.872023,1.0693984,1.6126444,-0.8049555,-2.4695175,-1.4839535,-1.6212587,0.004301112,0.0023271078,0.32572323,0.56076056,0.049983554,0.009460565,0.025347905,0.022095874,3,,,,1.5848418,Test
982,1,-4.6685147,-3.7857435,3.4924586,-0.26551613,-0.032002762,1.9702785,-3.4972572,-5.74229,0.00022433442,0.00054234883,0.78552806,0.018327113,0.023147687,0.17143019,0.0007237137,7.665867e-05,2,,,,0.9584506,Test
983,13,-1.1201441,-3.7996273,-0.69905037,3.3850205,-2.903311,1.7490375,-2.2513855,-8.5757475,0.008993664,0.00061695295,0.013702994,0.8137759,0.0015118794,0.15849167,0.0029016486,5.2000723e-06,3,,,,0.854362,Test
984,1,0.10487378,-5.5049043,2.2356682,0.34692454,3.3554559,-1.1300879,-6.0193615,-10.478174,0.027175764,9.951445e-05,0.2288622,0.03461809,0.70128036,0.007903961,5.9492253e-05,6.886882e-07,4,,,,1.2126051,Test
985,20,0.39562783,-9.568533,1.6727306,7.535456,-5.2113867,1.0755948,-6.1459155,-19.418032,0.00078878226,3.7117374e-08,0.0028287573,0.9948214,2.8964191e-06,0.0015569084,1.1376296e-06,1.958819e-12,3,,,,0.05412775,Test
986,20,-3.1821072,-11.509489,-5.8438587,11.247092,-6.2936153,0.018924247,-0.709468,-15.611664,5.413393e-07,1.3089826e-10,3.7799484e-08,0.9999796,2.4107882e-08,1.329413e-05,6.416867e-06,2.1646177e-12,3,,,,0.00036817693,Test
987,16,-5.657779,-5.2329,8.576904,-0.86087644,3.024573,-1.361743,-6.879348,-5.409529,6.549643e-07,1.001706e-06,0.9960069,7.933895e-05,0.0038629195,4.80798e-05,1.9306225e-07,8.3952125e-07,2,,,,0.038539797,Test
988,13,-1.6694083,-6.1454706,-2.7530541,4.2326574,-1.9980301,1.9522675,-2.5672438,-9.088543,0.0024650563,2.8047725e-05,0.0008340756,0.90169865,0.0017746314,0.09219359,0.001004389,1.478215e-06,3,,,,0.50824034,Test
989,3,-3.460692,-4.395467,10.402571,-0.75233227,-0.24779798,-0.16527276,-7.0518227,-11.01478,9.533085e-07,3.7433952e-07,0.9999349,1.4304041e-05,2.3690562e-05,2.5728568e-05,2.6279979e-08,4.9949883e-10,2,,,,0.0011081111,Test
990,3,-10.386783,-5.307411,13.042723,-1.6490886,-0.76950645,-2.0508199,-5.3320236,-7.2709637,6.6787444e-11,1.0730931e-08,0.99999833,4.1631935e-07,1.0032851e-06,2.7858468e-07,1.047004e-08,1.5061817e-09,2,,,,3.7898604e-05,Test
991,16,-0.83011633,-1.5688664,0.47492158,-0.6610167,-1.4381759,-0.97812194,-0.63488674,-4.5981755,0.11116919,0.05310671,0.40997297,0.13165079,0.0605212,0.09587524,0.13513617,0.0025676575,2,,,,2.4712286,Test
992,1,-2.2614014,-3.044098,-1.6038398,0.7374128,-2.2517166,1.626795,-0.6620274,-5.4816217,0.0127760675,0.0058408566,0.02465884,0.25631008,0.012900403,0.6237628,0.063240685,0.00051035616,5,,,,1.5220047,Test
993,16,-11.215028,-6.7780614,15.541385,-2.4984179,1.3396596,-1.4709862,-8.455601,-6.6250434,2.397935e-12,2.0266895e-10,0.9999993,1.4635683e-08,6.796243e-07,4.089035e-08,3.786526e-11,2.3617966e-10,2,,,,1.6356542e-05,Test
994,20,5.623048,-17.006233,-12.011396,17.913076,-10.402769,-0.23312272,-3.9910092,-28.746347,4.5973375e-06,6.834924e-16,1.0091706e-13,0.99999535,5.0417645e-13,1.31584335e-08,3.0702565e-10,5.445875e-21,3,,,,8.848986e-05,Test
995,11,-7.3979025,-4.921659,8.6489935,0.3488529,0.1588979,-1.2014172,-5.064696,-4.0407376,1.0732458e-07,1.2767865e-06,0.999488,0.00024835474,0.0002053885,5.269855e-05,1.1066181e-06,3.081039e-06,2,,,,0.00708321,Test
996,1,0.56052595,-4.087195,-3.5600398,2.1606815,-1.2714792,1.5933415,-1.9344833,-8.7184105,0.11072643,0.0010611381,0.0017976799,0.5485169,0.017726438,0.3110265,0.009134453,1.0338566e-05,3,,,,1.542887,Test
997,3,-3.8046088,-4.449671,8.581603,0.9350969,-2.3210785,1.6453445,-6.0276265,-11.705595,4.169622e-06,2.1875078e-06,0.9985273,0.00047700666,1.8381697e-05,0.00097046804,4.5149397e-07,1.5443373e-09,2,,,,0.017514084,Test
998,20,-9.53219,-8.6144495,18.724556,-0.5010639,0.7802555,2.144989,-12.292878,-15.910399,5.3487336e-13,1.3391251e-12,0.9999999,4.4711492e-09,1.6102362e-08,6.303554e-08,3.3829835e-14,9.083004e-16,2,,,,2.1347068e-06,Test
999,13,-12.358967,-9.69152,21.731352,-0.36991206,-0.61244833,1.8665509,-12.90557,-19.663956,1.5658983e-15,2.255385e-14,1.0,2.520829e-10,1.977931e-10,2.3595348e-09,9.065178e-16,1.0525567e-18,2,,,,8.203637e-08,Test
1000,1,-2.768958,-2.9506972,0.9853742,1.2231674,-1.5718604,-2.2253869,-1.6260773,-0.6356193,0.008671457,0.007230426,0.37032062,0.46973202,0.028706817,0.014933515,0.027191862,0.07321319,3,,,,1.8087765,Test
1001,20,-0.51233786,-11.55692,5.239362,8.540955,-5.756169,0.24816571,-7.745936,-22.498161,0.000112809525,1.8019594e-09,0.035503983,0.9641412,5.956334e-07,0.00024133945,8.1439325e-08,3.1917133e-14,3,,,,0.22617099,Test
1002,16,-5.696846,-6.2477083,2.8366985,4.397072,-2.022439,-1.7714803,-1.7446707,-5.649522,3.3987475e-05,1.9592166e-05,0.17273894,0.8223406,0.0013399655,0.0017221996,0.0017689957,3.563457e-05,3,,,,0.7157751,Test
1003,13,-4.0904737,-3.5471377,3.6709402,1.5507054,-1.1687659,-2.2417848,-1.6187342,-3.8315506,0.0003744195,0.0006446534,0.87922,0.10550944,0.006954085,0.0023781196,0.0044342605,0.00048507302,2,,,,0.62727815,Test
1004,13,-0.97183406,-8.506317,-5.132562,8.02576,-6.1163673,1.1247716,-0.74054754,-14.860013,0.00012354783,6.601618e-08,1.9268775e-06,0.99871254,7.204317e-07,0.0010054939,0.00015569756,1.1488827e-10,3,,,,0.0154950535,Test
1005,3,-0.42489308,-3.3575575,6.7190766,-0.5740665,-0.023637267,-0.77420014,-5.5917296,-9.57464,0.0007870514,4.191437e-05,0.9967578,0.00067798136,0.0011756179,0.0005550102,4.4882227e-06,8.36216e-08,2,,,,0.038057454,Test
1006,1,1.970876,-7.8973236,-5.171126,7.749639,-5.3174443,0.46568957,-2.416368,-14.80206,0.0030807636,1.5957082e-07,2.4373971e-06,0.99619234,2.1056248e-06,0.00068385527,3.8309143e-05,1.600534e-10,3,,,,0.039024904,Test
1007,1,-3.8468938,-5.9212346,-3.5076828,2.567775,-1.7487408,5.796515,-1.7361108,-10.562994,6.230727e-05,7.828236e-06,8.746945e-05,0.038053446,0.00050787296,0.96076673,0.000514328,7.546988e-08,5,,,,0.24829118,Test
1008,11,-2.5880203,-4.6251397,-2.4439435,3.6785944,-2.5130064,-0.19187085,-0.40343016,-6.3871655,0.0018183639,0.0002371217,0.0021001617,0.9577167,0.0019600133,0.019967116,0.016159812,4.0713006e-05,3,,,,0.32492054,Test
1009,1,-5.003767,-5.7144275,10.237463,0.66808844,-0.21841767,-0.43861175,-7.2783785,-10.757323,2.4030615e-07,1.18067064e-07,0.9998779,6.982655e-05,2.8775012e-05,2.308801e-05,2.4712307e-08,7.621274e-10,2,,,,0.0019384432,Test
1010,20,14.817014,-20.557806,-16.296385,22.908684,-15.228606,-2.3200936,-6.527943,-38.70392,0.00030598452,1.3262017e-19,9.404188e-18,0.999694,2.7355966e-17,1.1044561e-11,1.6432462e-13,1.745235e-27,3,,,,0.0040135533,Test
1011,11,-5.24798,-3.7477171,8.353003,0.34405267,-1.2477776,0.47070932,-5.083324,-7.8893137,1.2383035e-06,5.5511523e-06,0.99921477,0.00033221248,6.762275e-05,0.00037707036,1.4599439e-06,8.824907e-08,2,,,,0.0103480015,Test
1012,1,-1.0555981,-3.7467573,2.8692274,0.56651914,0.89008355,-1.9431466,-3.6612606,-5.9077435,0.015559944,0.0010549999,0.7880217,0.07879247,0.10889474,0.006405465,0.0011491673,0.00012154809,2,,,,1.07139,Test
1013,20,-2.0613892,-8.567215,0.73536503,7.1271515,-4.677264,1.1402597,-4.005794,-15.783336,0.000101765196,1.5210901e-07,0.001668069,0.9957073,7.43942e-06,0.002500677,1.4559775e-05,1.11746286e-10,3,,,,0.044900283,Test
1014,3,-2.166094,-5.763603,0.015481714,0.92886144,3.3430686,0.88877296,-4.811387,-6.608974,0.003330898,9.12395e-05,0.02951262,0.07356708,0.82254636,0.07067622,0.00023644246,3.9178085e-05,4,,,,0.961011,Test
1015,19,-2.7215037,-3.8431206,2.246279,0.87139004,0.95421773,0.8114542,-3.9113252,-5.5868993,0.0039148717,0.0012752805,0.5625981,0.14226289,0.15454793,0.13398673,0.0011912002,0.00022299342,2,,,,1.7298114,Test
1016,1,8.153066,-12.28468,-10.194205,13.855398,-9.160234,-1.1349937,-4.027751,-23.484463,0.0033270626,4.4264974e-12,3.580493e-11,0.9966725,1.006909e-10,3.0782797e-07,1.706082e-08,6.054214e-17,3,,,,0.032186326,Test
1017,3,0.22601274,-3.8173604,-0.8081208,2.5480194,-2.2519891,-1.1879915,-2.3961406,-5.016514,0.0835129,0.0014646671,0.029691705,0.85150707,0.0070076264,0.020307632,0.0060669,0.00044152286,3,,,,0.874965,Test
1018,11,-2.6330316,-8.404342,-5.5480146,8.891634,-6.4833183,-1.061922,0.8382872,-12.221855,9.879565e-06,3.0781532e-08,5.3552145e-07,0.9996239,2.1017432e-07,4.7540325e-05,0.00031791616,6.766511e-10,3,,,,0.00509997,Test
1019,3,2.4842818,-12.495518,-8.0503235,12.136974,-5.9245005,0.8403614,-3.6483426,-20.616558,6.424738e-05,2.0054474e-11,1.7089706e-09,0.9999232,1.4320832e-08,1.2413952e-05,1.3947322e-07,5.9605764e-15,3,,,,0.0012113802,Test
1020,11,-11.671719,-5.768958,18.438213,-2.4577549,-1.0974104,-0.45105237,-8.214933,-13.462147,8.383448e-14,3.0687296e-11,1.0,8.413886e-10,3.2793404e-09,6.258877e-09,2.6587985e-12,1.39910285e-14,2,,,,2.8953136e-07,Test
1021,19,5.0223775,-10.788889,-7.9711018,11.887023,-8.119463,-1.5129113,-2.3244734,-19.010977,0.0010429613,1.4174993e-10,2.3728608e-09,0.9989548,2.0456898e-09,1.5136592e-06,6.723128e-07,3.8081622e-14,3,,,,0.011880887,Test
1022,20,4.035157,-9.6194105,-6.781786,9.758174,-6.2462997,0.25328583,-3.2361689,-18.334982,0.0032589247,3.8279913e-09,6.536361e-08,0.99666435,1.1165904e-07,7.423835e-05,2.2655704e-06,6.278368e-13,3,,,,0.032792546,Test
1023,19,-4.5368204,-4.7308373,5.3767624,2.5214145,-2.0862372,-0.49779022,-3.1823497,-7.4883957,4.6643014e-05,3.8417256e-05,0.9423255,0.05421745,0.00054083095,0.0026479824,0.00018072806,2.437439e-06,2,,,,0.34081513,Test
1024,1,-9.292632,-7.247736,15.997038,-0.33035955,-0.059975542,0.5147851,-9.795877,-12.49599,1.0395278e-11,8.033833e-11,0.99999964,8.111494e-08,1.06298685e-07,1.8886121e-07,6.2846204e-12,4.2231407e-13,2,,,,9.110857e-06,Test
1025,1,-1.378125,-3.572137,4.176486,1.3920548,-3.2711127,-0.5035283,-3.949774,-10.481126,0.003595512,0.00040078693,0.92917544,0.05738979,0.0005415603,0.008621709,0.00027473117,4.002928e-07,2,,,,0.4370706,Test
1026,1,-1.7482332,-7.205671,-4.7822585,6.704535,-4.3433576,0.5976163,-0.4518485,-11.684713,0.00021261859,9.067054e-07,1.0231535e-05,0.9967629,1.5869127e-05,0.002220193,0.0007773453,1.0285915e-08,3,,,,0.03529808,Test
1027,1,-4.21583,-4.334372,-1.8755902,-0.6257706,-1.2943262,3.7468026,-0.86921376,-5.6350408,0.00033700134,0.00029932926,0.0034993284,0.01221165,0.0062578404,0.9677403,0.009573007,8.152221e-05,5,,,,0.27045527,Test
1028,19,2.1253855,-6.6726503,-3.9008029,7.250803,-4.7024217,-0.7370487,-2.1912646,-12.362685,0.0059060287,8.9198426e-07,1.4261177e-05,0.9936562,6.3975967e-06,0.00033740868,7.881304e-05,3.0144416e-09,3,,,,0.058172587,Test
1029,20,4.730323,-10.281384,-6.8328094,10.775177,-6.5100055,0.30952737,-3.8326473,-18.927225,0.0023643544,7.1484413e-10,2.2485784e-08,0.99760675,3.105273e-08,2.8430566e-05,4.5171225e-07,1.2571007e-13,3,,,,0.02451627,Test
1030,1,9.733614,-12.85014,-11.679741,14.848254,-10.545439,-1.6310589,-3.8321621,-24.756302,0.005972256,9.292626e-13,2.9952711e-12,0.9940276,9.312325e-12,6.926659e-08,7.666494e-09,6.271304e-18,3,,,,0.052712414,Test
1031,19,-0.82465315,-5.157197,5.9649186,2.1317997,-2.6104772,-0.5904466,-5.763041,-12.873883,0.001098642,1.4429662e-05,0.9761797,0.021126492,0.00018419711,0.00138858,7.873025e-06,6.426017e-09,2,,,,0.17814879,Test
1032,13,-3.3970048,-4.5523853,1.4598378,3.0761085,-2.3423624,1.0613611,-2.1267297,-8.288416,0.001149141,0.00036190773,0.14779958,0.74406457,0.0032991238,0.099224046,0.0040930477,8.630982e-06,3,,,,1.1309172,Test
1033,16,-8.478377,-5.112957,10.890491,-1.1144156,0.2214547,-1.9428271,-5.69486,-4.9138393,3.874302e-09,1.1214413e-07,0.9999676,6.1139463e-06,2.3253187e-05,2.6702187e-06,6.267003e-08,1.3685248e-07,2,,,,0.0005672563,Test
1034,1,-1.5740684,-5.695122,-0.6979483,3.6522403,-3.059066,3.1408825,-3.1501637,-11.842333,0.0033160998,5.3811702e-05,0.007963825,0.6171414,0.0007511061,0.37008786,0.0006857064,1.15126916e-07,3,,,,1.0590675,Test
1035,3,-8.62159,-6.087365,14.333455,-0.366636,-0.63261473,2.0493417,-8.644632,-12.230491,1.0733684e-10,1.3531568e-09,0.99999464,4.1288502e-07,3.164579e-07,4.624611e-06,1.04891595e-10,2.9068499e-12,2,,,,0.00010533382,Test
1036,16,-7.3847876,-5.315517,12.672535,-0.8630231,0.5713755,-0.80622524,-7.25567,-9.684009,1.9463076e-09,1.5412905e-08,0.99999166,1.3230564e-06,5.5530263e-06,1.4003783e-06,2.2145563e-09,1.9528662e-10,2,,,,0.00016249304,Test
1037,13,-6.4735303,-4.5768347,9.185814,-0.4110981,0.90404975,-0.59409326,-6.0678673,-5.465668,1.581498e-07,1.0538841e-06,0.9996207,6.7912406e-05,0.00025299433,5.6555586e-05,2.3727155e-07,4.3328893e-07,2,,,,0.005347265,Test
1038,20,12.465069,-22.27565,-17.401031,24.26057,-14.328568,-0.9741147,-6.6872463,-39.50532,7.5383355e-06,6.1598896e-21,8.0647866e-19,0.9999925,1.7415945e-17,1.098277e-11,3.626859e-14,2.0268504e-28,3,,,,0.00013911755,Test
1039,3,8.170582,-6.3969364,-5.0179424,7.0005727,-7.0607386,-2.6419702,-2.7799158,-16.523966,0.7631232,3.597509e-07,1.4285365e-06,0.23684604,1.852321e-07,1.5373163e-05,1.3392263e-05,1.43843045e-11,0,,,,0.7902905,Test
1040,20,-2.4929605,-10.594889,-4.7935867,10.394824,-6.495356,-0.92747706,-0.47841638,-15.598539,2.5286654e-06,7.660714e-10,2.5336246e-07,0.999966,4.62033e-08,1.2099639e-05,1.8958192e-05,5.142939e-12,3,,,,0.0005975967,Test
1041,20,0.9611567,-10.83866,-6.4370275,10.866251,-5.9156637,1.053609,-2.7523212,-17.540491,4.9914444e-05,3.7465472e-10,3.0565804e-08,0.999894,5.1482715e-08,5.4749184e-05,1.2175399e-06,4.6032297e-13,3,,,,0.0016671874,Test
1042,20,2.6168265,-9.250596,-6.7233057,9.336621,-6.307565,0.9935135,-2.4751053,-16.874142,0.0012050355,8.453639e-09,1.0583564e-07,0.9985495,1.603932e-07,0.0002376861,7.406311e-06,4.13219e-12,3,,,,0.016769819,Test
1043,1,-0.29812795,-5.4378505,-3.5409884,3.7527134,-1.6153766,1.1672589,-2.1286209,-9.001558,0.01581071,9.263991e-05,0.0006174401,0.9082584,0.0042352346,0.068448,0.0025350025,2.624821e-06,3,,,,0.5486207,Test
1044,16,-1.6318142,-4.0066614,2.2320766,2.0359743,-0.02002055,-1.9758058,-3.03263,-5.212256,0.010649218,0.000990683,0.50743943,0.41707873,0.05337168,0.0075496025,0.0026239236,0.0002967233,2,,,,1.4073277,Test
1045,20,-0.48300976,-7.7260723,-4.9721475,7.892949,-4.7510214,1.279958,-1.7290342,-12.839548,0.0002299606,1.6444898e-07,2.5825298e-06,0.99835724,3.2216574e-06,0.0013406033,6.614722e-05,9.891824e-10,3,,,,0.01896935,Test
1046,1,2.643392,-6.1814313,-5.4393444,5.469565,-4.273247,1.5613723,-2.2300775,-13.435173,0.05485844,8.066244e-06,1.6941653e-05,0.9260506,5.4373286e-05,0.018592091,0.00041949097,5.707048e-09,3,,,,0.44516644,Test
1047,11,-0.92374897,-4.474127,4.204812,2.6594706,-2.9621036,-0.5018206,-3.9920735,-10.084349,0.004819422,0.00013838385,0.8133935,0.17344725,0.000627695,0.007349133,0.00022409817,5.065205e-07,2,,,,0.7811122,Test
1048,1,0.057232242,-4.203368,-2.0103214,3.8287532,-2.9497995,1.0600178,-2.156394,-9.192346,0.02106531,0.00029731204,0.0026646534,0.9152055,0.0010414309,0.057421178,0.002302513,2.025476e-06,3,,,,0.5278139,Test
1049,19,2.729803,-7.462195,-5.28773,8.126924,-6.3424263,-0.1651744,-1.7405165,-14.239598,0.0045078136,1.6890296e-07,1.4859202e-06,0.9951891,5.175434e-07,0.0002492833,5.158587e-05,1.9241929e-10,3,,,,0.045816816,Test
1050,17,-6.057112,-3.2531424,8.624247,-0.8320315,-1.4396354,0.57666725,-4.406244,-7.7726164,4.205054e-07,6.942566e-06,0.9995499,7.816192e-05,4.2571224e-05,0.0003197312,2.1914634e-06,7.563761e-08,2,,,,0.0062168906,Test
1051,20,7.6836543,-4.718218,-4.0750685,3.705233,-3.8587503,-2.4490154,-3.4301991,-15.128143,0.98155516,4.0350587e-06,7.676558e-06,0.018369965,9.530425e-06,3.9025843e-05,1.46295e-05,1.2158406e-10,0,,,,0.13346225,Test
1052,1,-3.6360366,-3.4052978,-0.77365994,2.2735045,-2.537982,-0.6832733,-0.1452324,-2.6311083,0.0022421482,0.002824053,0.039244495,0.8263146,0.006722697,0.042956922,0.0735701,0.006124904,3,,,,1.0199834,Test
1053,13,-9.013154,-6.379705,15.204431,-0.82055646,-0.13770476,0.9462709,-9.108622,-11.777682,3.03694e-11,4.22794e-10,0.99999905,1.0975807e-07,2.1726753e-07,6.4233194e-07,2.7604176e-11,1.913449e-12,2,,,,2.1950533e-05,Test
1054,1,-1.7682315,-3.50998,0.3977214,1.3424299,-1.395158,2.0506191,-2.5735347,-7.238202,0.012533029,0.0021959585,0.10932447,0.28118947,0.018200349,0.5709022,0.005601665,5.278104e-05,5,,,,1.5718956,Test
1055,1,-1.4724222,-2.9910035,0.7706078,1.4636664,-0.45829368,-0.7824503,-2.6861172,-4.3579373,0.028913097,0.0063326154,0.27241448,0.5447807,0.07971224,0.057642873,0.008590008,0.0016141032,3,,,,1.7846022,Test
1056,1,-2.920664,-2.3013492,-0.34172285,0.7481987,-2.6381562,1.697782,-0.5899195,-5.9339757,0.005943685,0.011041319,0.078356646,0.23303586,0.007884014,0.6023121,0.061134364,0.0002920057,5,,,,1.6388321,Test
1057,20,11.127443,-14.377314,-10.881653,15.822959,-10.885515,-1.9415064,-5.1899996,-28.585321,0.009053442,7.5899505e-14,2.5025587e-12,0.99094653,2.4929162e-12,1.9100334e-08,7.417171e-10,5.1260108e-20,3,,,,0.074451186,Test
1058,1,-0.54298663,-1.8643523,0.29801923,1.1849322,-2.7499256,0.040505912,-1.7898779,-5.4765925,0.087632306,0.023377737,0.20319286,0.49327588,0.009642793,0.15706226,0.02518525,0.0006309957,3,,,,2.029038,Test
1059,20,5.7362003,-10.7865095,-8.383117,11.4753275,-7.254193,-1.7457907,-3.1870787,-20.23346,0.0032072486,2.1399858e-10,2.3669613e-09,0.99679047,7.319415e-09,1.8061146e-06,4.2736787e-07,1.6890911e-14,3,,,,0.031236993,Test
1060,13,-0.6011621,-11.767499,-8.322943,12.259382,-7.7859473,-0.18915287,-0.52264464,-18.057194,2.5985591e-06,3.6749687e-11,1.1513459e-09,0.9999907,1.9697892e-09,3.92343e-06,2.8108136e-06,6.818271e-14,3,,,,0.00018418799,Test
1061,1,-8.353887,-4.716582,9.9014225,-1.1396058,0.5251,-2.7272942,-4.8743486,-3.508819,1.1797049e-08,4.4816238e-07,0.99989367,1.6028625e-05,8.469711e-05,3.2762116e-06,3.8275243e-07,1.4995456e-06,2,,,,0.0016610699,Test
1062,13,-8.94507,-5.235364,11.897797,-0.68468416,0.014488077,0.5960178,-6.5889974,-8.082199,8.8725416e-10,3.62371e-08,0.99997723,3.4315337e-06,6.9045414e-06,1.2350653e-05,9.36004e-09,2.1027526e-09,2,,,,0.00041612226,Test
1063,20,6.3528895,-18.138552,-12.550263,19.054241,-10.479132,0.42105037,-5.04987,-30.632303,3.0469962e-06,7.036766e-17,1.8807764e-14,0.9999969,1.4921682e-13,8.085502e-09,3.4018597e-11,2.6387958e-22,3,,,,6.043781e-05,Test
1064,13,-3.6014886,-6.63647,-4.600282,6.281509,-5.017921,1.5952904,0.6852113,-10.935823,5.0379243e-05,2.4220117e-06,1.855586e-05,0.98714954,1.2220891e-05,0.009102993,0.003663884,3.288443e-08,3,,,,0.1110389,Test
1065,1,-5.5026855,-5.0402775,-2.6378376,-0.07421526,-2.4803855,4.296647,0.4481206,-7.254808,5.3549174e-05,8.503036e-05,0.0009395946,0.012198526,0.0010998182,0.96504784,0.020566246,9.285726e-06,5,,,,0.26464853,Test
1066,13,-11.37449,-8.378875,20.837296,-0.774161,-0.31875825,2.1607716,-12.268043,-17.44004,1.02470726e-14,2.0491703e-13,1.0,4.113997e-10,6.486982e-10,7.742639e-09,4.1930875e-15,2.378834e-17,2,,,,2.4125737e-07,Test
1067,20,-3.43247,-2.9009104,2.767384,1.6311338,-2.3703775,-0.36664572,-1.5109736,-5.0804224,0.0014600537,0.0024844038,0.71933496,0.23092128,0.0042230836,0.031321265,0.009973879,0.0002809779,2,,,,1.1248444,Test
1068,1,-4.476755,-2.644822,5.1895723,0.11582485,-2.0645635,-1.0486596,-2.0242112,-5.204085,6.27456e-05,0.00039190584,0.98995626,0.006196057,0.00070013973,0.0019336881,0.00072897016,3.031851e-05,2,,,,0.09799389,Test
1069,1,3.2481523,-3.8647635,-2.2625985,3.6579237,-4.053824,-0.321664,-2.5074892,-10.872539,0.39318502,0.0003202558,0.0015896749,0.59232277,0.00026508732,0.011072492,0.0012443817,2.8977362e-07,3,,,,1.0826344,Test
1070,1,2.968185,-9.007827,-5.983001,7.1501765,-1.9520093,1.1415293,-5.0318375,-15.131359,0.015000401,9.440332e-08,1.9438023e-06,0.9824687,0.00010946858,0.0024143294,5.0319586e-06,2.0680954e-10,3,,,,0.13851306,Test
1071,20,-3.670115,-4.074257,-0.16920349,4.0712576,-3.76818,0.032754194,-0.32360774,-6.9506416,0.00041556652,0.0002774112,0.013774226,0.95648015,0.00037674847,0.016856845,0.011803482,1.5628812e-05,3,,,,0.3339232,Test
1072,19,-5.4604807,-5.0084295,9.914074,-0.2666726,-0.09259552,-1.194876,-6.0844245,-8.982384,2.103163e-07,3.3051887e-07,0.9999014,3.788919e-05,4.5093715e-05,1.49762e-05,1.12693115e-07,6.2134085e-09,2,,,,0.0016043128,Test
1073,20,7.0067334,-8.147742,-6.0851684,9.151295,-7.1306014,-1.4410244,-3.388733,-18.107203,0.10483781,2.7479722e-08,2.1616084e-07,0.8951361,7.5989085e-08,2.247518e-05,3.2049722e-06,1.2991945e-12,3,,,,0.48459232,Test
1074,13,2.4355855,-9.728468,-6.795185,10.508855,-6.675034,-0.5682376,-1.9139022,-16.603247,0.0003116592,1.6251672e-09,3.053567e-08,0.9996687,3.4434024e-08,1.5457388e-05,4.024586e-06,1.679653e-12,3,,,,0.004428726,Test
1075,3,10.203235,-14.126126,-11.425105,15.874516,-10.463041,-1.6639597,-4.7695565,-27.10761,0.003431635,9.319536e-14,1.3881361e-12,0.9965683,3.6328837e-12,2.4079316e-08,1.0787001e-09,2.1458911e-19,3,,,,0.03303733,Test
1076,3,5.7863946,-6.6247134,3.6791565,3.9121602,-4.491311,-1.6949211,-6.33814,-17.48835,0.78391224,3.1929471e-06,0.09530278,0.12030891,2.6959782e-05,0.00044174676,4.2525458e-06,6.1118756e-11,0,,,,0.97157454,Test
1077,20,2.1984816,-9.518742,-6.0872283,10.253149,-6.71095,0.5811972,-2.4114726,-16.906853,0.00031749406,2.588274e-09,8.0038205e-08,0.99961615,4.2896144e-08,6.30025e-05,3.1597892e-06,1.6010112e-12,3,,,,0.005183082,Test
1078,3,4.606616,-2.5734036,-1.0957068,2.071867,-3.849342,-1.6208936,-2.3641443,-10.658337,0.92038006,0.0007010103,0.0030724145,0.07296921,0.00019570014,0.0018171642,0.00086418045,2.160143e-07,0,,,,0.44648367,Test
1079,20,15.507175,-22.52815,-16.312798,24.79501,-15.908042,-1.9275475,-7.793875,-42.065636,9.253471e-05,2.8039696e-21,1.4030269e-18,0.9999075,2.1030457e-18,2.4802803e-12,7.0272653e-15,9.178087e-30,3,,,,0.0013733848,Test
1080,3,2.765811,-8.942126,-5.432894,9.037078,-5.711315,1.5627729,-3.684318,-17.271698,0.0018851929,1.5511839e-08,5.184456e-07,0.9975448,3.9245214e-07,0.0005660867,2.979206e-06,3.742621e-12,3,,,,0.026781203,Test
1081,13,-2.5356042,-4.3881226,4.96884,2.209701,-2.4374871,0.42355266,-4.1436505,-9.269076,0.00051206385,8.031298e-05,0.92995685,0.05890931,0.00056485337,0.009873462,0.000102555365,6.095566e-07,2,,,,0.4180277,Test
1082,1,-16.779781,-10.922189,24.466204,-3.1842968,1.9989117,-2.538993,-13.037394,-12.289528,1.2220683e-18,4.2757866e-16,1.0,9.807084e-13,1.7481501e-10,1.8697888e-12,5.1569705e-17,1.08940514e-16,2,,,,5.778357e-09,Test
1083,3,-0.75536305,-3.929897,0.47508118,1.6287766,0.505427,1.2202111,-3.7142217,-7.88714,0.038305473,0.0016016886,0.13111004,0.41560376,0.13514966,0.2762115,0.0019872142,3.061747e-05,3,,,,2.02712,Test
1084,1,3.1364248,-14.838655,-10.35522,13.46564,-6.1808386,3.9644544,-5.402347,-24.766933,3.266121e-05,5.0998143e-13,4.5152868e-11,0.9998926,2.9349188e-09,7.475512e-05,6.3927965e-09,2.4874664e-17,3,,,,0.0016666296,Test
1085,19,1.7521728,-6.570505,-4.074992,7.2695575,-5.578649,-0.07252948,-1.8754574,-12.311899,0.0039972076,9.710985e-07,1.177745e-05,0.99523664,2.6183104e-06,0.00064461224,0.00010624216,3.117508e-09,3,,,,0.04719651,Test
1086,3,-3.9817028,-4.223382,0.8658982,-0.045923773,1.0573286,3.9348896,-3.5068407,-7.7455015,0.0003248036,0.00025507086,0.041391127,0.016630605,0.050123844,0.8907448,0.0005222168,7.5339685e-06,5,,,,0.6662229,Test
1087,1,-0.21874213,-2.40766,2.9225516,0.9263616,-1.6458765,0.11892286,-3.258129,-7.211946,0.03438904,0.0038528766,0.7955484,0.10807675,0.008253222,0.04820212,0.0016460054,3.157259e-05,2,,,,1.0912063,Test
1088,13,-0.8140543,-9.260297,-5.702341,9.42644,-6.245775,1.0215118,-1.2212029,-15.073026,3.5685065e-05,7.661786e-09,2.6886272e-07,0.99971646,1.5614215e-07,0.00022369841,2.3750034e-05,2.2903084e-11,3,,,,0.0040234467,Test
1089,3,10.746494,-11.949839,-10.917046,13.194073,-9.80138,-2.1338103,-4.0942917,-25.358765,0.079615794,1.1068967e-11,3.1091626e-11,0.920384,9.4879146e-11,2.0284025e-07,2.8558e-08,1.6622047e-17,3,,,,0.40082952,Test
1090,3,1.5367125,-7.8623385,1.2146758,6.611081,-4.7616673,0.41065946,-5.5540853,-15.982494,0.006175777,5.113706e-07,0.00447541,0.9873289,1.1358997e-05,0.0020028704,5.1427687e-06,1.5212377e-10,3,,,,0.11665504,Test
1091,1,4.023735,-4.2009325,0.63979656,3.581774,-4.6383166,-1.0423758,-3.5292542,-12.003805,0.59383804,0.00015912567,0.020139197,0.38170406,0.00010275111,0.0037452786,0.00031149175,6.501233e-08,0,,,,1.1274998,Test
1092,1,-3.992842,-7.123777,-2.1396492,6.7277546,-5.369793,-0.24023204,-0.10770816,-11.021872,2.203717e-05,9.625155e-07,0.00014060055,0.9978187,5.5610076e-06,0.00093949295,0.0010726252,1.952032e-08,3,,,,0.025428804,Test
1093,20,7.59546,-7.360021,-3.1638832,7.2227373,-6.710423,-2.0567007,-4.194208,-18.092464,0.59208375,1.8936532e-07,1.2579396e-05,0.40786058,3.6259092e-07,3.8063004e-05,4.4894728e-06,4.132946e-12,0,,,,0.9762569,Test
1094,1,-9.481397,-4.8361683,12.76553,-1.7273576,-0.47408757,-1.2053392,-5.7818303,-8.872745,2.1791226e-10,2.2681842e-08,0.9999968,5.0794597e-07,1.7787129e-06,8.561055e-07,8.810138e-09,4.0051162e-10,2,,,,6.7239445e-05,Test
1095,13,-3.8461206,-5.413099,8.563663,1.3985212,-2.3655567,-0.204055,-6.514441,-13.210803,4.074613e-06,8.502696e-07,0.999049,0.00077233475,1.7909653e-05,0.00015553048,2.826503e-07,3.4918576e-10,2,,,,0.011702328,Test
1096,1,-2.3649108,-4.329512,-3.251575,2.4302192,-2.548168,3.3409534,-0.6381431,-8.148337,0.002327988,0.00032641125,0.0009591958,0.28150046,0.0019381758,0.6998516,0.013088996,7.165898e-06,5,,,,1.0083693,Test
1097,20,-1.3590921,-6.2186775,-2.615076,4.6799183,-1.8246734,2.215602,-2.7218742,-10.2892275,0.0021865673,1.6953982e-05,0.00062272453,0.9172163,0.0013726613,0.07802481,0.0005596469,2.8937058e-07,3,,,,0.44679883,Test
1098,13,-12.821378,-8.636143,20.363651,-1.4113371,0.6527597,1.2409962,-11.692572,-14.562282,3.8719117e-15,2.5441896e-13,1.0,3.4933556e-10,2.752127e-09,4.9560542e-09,1.1971818e-14,6.789842e-16,2,,,,2.2597581e-07,Test
1099,1,-2.1841638,-8.603918,-2.977583,0.54619,4.8517528,3.1070461,-6.010148,-10.102237,0.00073957164,1.2048031e-06,0.00033450496,0.011343775,0.8406977,0.14686672,1.6120424e-05,2.6928052e-07,4,,,,0.7020465,Test
1100,3,6.269269,-8.401113,-4.9298167,8.351768,-5.3460836,-1.9875402,-4.1485605,-16.60526,0.110805705,4.7129888e-08,1.5165657e-06,0.8891597,1.000181e-06,2.8752489e-05,3.312503e-06,1.2890817e-11,3,,,,0.50293,Test
1101,1,0.81001735,-6.1631575,-0.73718214,5.2768736,-3.332027,0.17147721,-3.7921257,-12.326233,0.011254891,1.0542166e-05,0.0023955265,0.9801041,0.000178844,0.0059432876,0.0001128901,2.2199325e-08,3,,,,0.16995625,Test
1102,3,2.4936967,-4.9085855,-0.5773079,-1.4171424,4.015302,-1.8464086,-5.4679527,-11.121977,0.17667954,0.00010774971,0.008193434,0.0035377766,0.8091166,0.0023030455,6.1586514e-05,2.1576159e-07,4,,,,0.7971546,Test
1103,1,4.4522204,-7.6099105,-6.1810846,7.284643,-3.640453,-0.124968365,-3.7354062,-15.227052,0.05556339,3.2082752e-07,1.3390693e-06,0.94383115,1.698968e-05,0.00057140074,1.5450687e-05,1.578298e-10,3,,,,0.31710374,Test
1104,3,7.497697,-7.075913,-4.614415,7.643728,-7.3054514,-2.034828,-3.2948234,-17.0706,0.4635357,2.1719251e-07,2.546009e-06,0.5364183,1.7264651e-07,3.3586162e-05,9.526892e-06,9.9130435e-12,3,,,,0.9968991,Test
1105,16,-10.206597,-6.7703295,16.851505,-1.2415512,-0.084320344,0.48953173,-9.618999,-11.931944,1.7734368e-12,5.5102065e-11,0.9999999,1.3876684e-08,4.4143267e-08,7.835838e-08,3.1915805e-12,3.1586886e-13,2,,,,3.4645234e-06,Test
1106,1,-0.79619694,-4.214709,-1.0768772,3.9510112,-3.6653414,-1.01544,-1.183345,-6.9124675,0.008432332,0.00027625292,0.0063686864,0.9719278,0.00047851342,0.0067722294,0.005725475,1.8607378e-05,3,,,,0.24476448,Test
1107,11,-6.0731564,-4.802239,6.19946,0.5920382,0.43730184,1.2967167,-4.465633,-7.5343003,4.612216e-06,1.6438486e-05,0.98591435,0.0036188185,0.0031000278,0.0073215803,2.3016983e-05,1.0698986e-06,2,,,,0.12801652,Test
1108,1,-0.40676486,-4.688378,0.10717416,1.4625757,2.152314,-1.1364914,-4.085199,-7.7227473,0.044244703,0.0006114774,0.07397111,0.28688347,0.57181436,0.021327747,0.0011177323,2.9415114e-05,4,,,,1.5911634,Test
1109,1,0.7207004,-6.28107,-3.342573,5.8331413,-4.0500636,-0.43714133,-2.0038435,-10.58738,0.005970805,5.4350353e-06,0.00010265395,0.99160296,5.0596005e-05,0.001875809,0.00039154227,7.3281825e-08,3,,,,0.079776935,Test
1110,1,0.595228,-4.937513,-2.748492,4.544425,-3.4433866,0.91062737,-2.4340339,-10.181852,0.018392583,7.2745155e-05,0.000649357,0.95445883,0.0003241117,0.025212675,0.00088930555,3.838983e-07,3,,,,0.32473698,Test
1111,1,1.6897651,-5.5401235,-1.7792615,5.359662,-4.087706,-1.1854814,-2.2386675,-10.067457,0.02477767,1.7953933e-05,0.0007717584,0.9724707,7.672492e-05,0.0013975159,0.000487488,1.940724e-07,3,,,,0.19928081,Test
1112,6,5.0230026,-5.613472,-4.7652445,6.284019,-5.3392024,-1.519599,-2.5406995,-13.268277,0.22069801,5.3019544e-06,1.2382745e-05,0.7788447,6.975092e-06,0.00031796744,0.000114531336,2.5118676e-09,3,,,,0.7675431,Test
1113,20,10.503291,-10.532291,-7.1754084,11.338985,-9.4498625,-2.3409393,-4.721001,-23.22208,0.3024421,2.2131194e-10,6.3515695e-09,0.697557,6.53277e-10,7.988473e-07,7.392926e-08,6.821809e-16,3,,,,0.8842746,Test
1114,3,0.7181507,-7.435823,-6.0243235,8.113816,-5.7387004,1.0596424,-1.4870584,-13.335087,0.0006129595,1.762813e-07,7.231235e-07,0.99845505,9.621818e-07,0.00086246146,6.756496e-05,4.832687e-10,3,,,,0.018521624,Test
1115,3,-13.150916,-8.048146,17.22897,-3.0252774,2.448596,-3.76589,-9.201719,-5.4026103,6.400041e-14,1.0526606e-11,0.99999964,1.5984235e-09,3.8103525e-07,7.621635e-10,3.3212192e-12,1.4833013e-10,2,,,,8.71613e-06,Test
1116,20,3.6281207,-5.899058,0.28928983,4.9906945,-5.082096,-0.7132178,-4.0446353,-14.540655,0.20179863,1.4699994e-05,0.0071594957,0.78827274,3.3275097e-05,0.002627235,9.390368e-05,2.5960876e-09,3,,,,0.8120434,Test
1117,20,7.231381,-10.445598,-0.32340527,9.244572,-7.451694,-1.6290505,-6.8041553,-22.769623,0.117815666,2.478497e-09,6.168806e-05,0.88210577,4.9479397e-08,1.671732e-05,9.4546856e-08,1.1013685e-14,3,,,,0.5242799,Test
1118,19,4.9624977,-13.104019,-8.475439,13.879145,-7.9587684,-0.4052025,-3.8296723,-22.634897,0.00013411918,1.9111835e-12,1.9564518e-10,0.9998653,3.2798664e-10,6.2564527e-07,2.037512e-08,1.3870579e-16,3,,,,0.0019330934,Test
1119,20,-0.49790034,-7.4556103,-1.0916321,6.6670003,-4.3894978,1.0621594,-3.2815442,-13.491578,0.0007694511,7.3195815e-07,0.00042493895,0.99507976,1.5706593e-05,0.0036619,4.7561978e-05,1.750243e-09,3,,,,0.0503846,Test
1120,16,-10.609113,-6.234712,13.557978,-0.76253647,0.5166799,-2.677774,-6.364588,-6.9875655,3.1942164e-11,2.535961e-09,0.99999714,6.03502e-07,2.1688777e-06,8.889989e-08,2.2270938e-09,1.19449e-09,2,,,,5.965789e-05,Test
1121,3,1.4197642,-7.2249417,-1.5266514,1.3636401,4.061557,-0.17739575,-6.9467077,-13.262953,0.06157947,1.0841459e-05,0.0032346253,0.05821858,0.86447406,0.012468041,1.4319354e-05,2.5871016e-08,4,,,,0.7741367,Test
1122,13,0.19807138,-5.203824,-2.665831,4.448981,-2.2106652,-0.715643,-1.6938479,-8.848816,0.013913507,6.272244e-05,0.0007937057,0.97629946,0.0012512254,0.0055797594,0.0020979075,1.6384136e-06,3,,,,0.20117275,Test
1123,3,6.2034245,-3.2092304,-1.3866599,0.06592069,-0.4170724,-3.6866534,-3.660891,-12.2680235,0.9958346,8.1343554e-05,0.00050333317,0.0021513111,0.0013272172,5.0463932e-05,5.1780902e-05,9.465416e-09,0,,,,0.045821138,Test
1124,3,-2.670238,-4.463705,7.6388617,-1.6008255,2.7357852,-0.8312859,-7.091363,-7.8899016,3.3071487e-05,5.5025084e-06,0.9922901,9.635929e-05,0.007366475,0.00020801778,3.9754232e-07,1.788886e-07,2,,,,0.06770097,Test
1125,11,0.35558182,-9.135132,-7.0356736,9.887344,-6.7950273,0.032884564,-0.7770612,-15.131364,7.250097e-05,5.4774576e-09,4.4705647e-08,0.99985147,5.686876e-08,5.2504678e-05,2.3358389e-05,1.3628529e-11,3,,,,0.0023196612,Test
1126,1,-4.549012,-2.4926128,5.1891346,-0.092413396,-1.7596146,-1.6548994,-1.9936475,-4.344452,5.8494745e-05,0.00045729845,0.99160856,0.005041887,0.00095178065,0.0010568515,0.0007531779,7.17722e-05,2,,,,0.085233204,Test
1127,1,-1.4080778,-4.183298,-0.7922265,1.0373607,0.45643035,2.0913215,-3.3001297,-9.22511,0.018467678,0.0011511963,0.03418795,0.21303585,0.11916751,0.6111982,0.0027842275,7.4390678e-06,5,,,,1.5829513,Test
1128,1,1.5635606,-6.4095383,-1.4669441,5.74683,-4.384708,0.73871034,-3.8384109,-14.980609,0.014908913,5.137753e-06,0.00071997015,0.97772527,3.8917562e-05,0.0065345867,6.7204666e-05,9.736527e-10,3,,,,0.17877185,Test
1129,3,8.300292,-10.042075,-9.2145605,10.925323,-7.5660214,-1.2030922,-3.8705196,-21.664526,0.067544416,7.3046696e-10,1.6710353e-09,0.9324503,8.688341e-09,5.03874e-06,3.498429e-07,6.5468854e-15,3,,,,0.3567961,Test
1130,20,4.9720187,-13.067613,-6.9118533,13.005673,-7.6712756,-0.06423001,-5.335622,-23.850615,0.00032425456,4.7465057e-12,2.2376208e-09,0.9996736,1.0470649e-09,2.1070327e-06,1.0822682e-08,9.848619e-17,3,,,,0.004269225,Test
1131,19,-9.442587,-7.2307463,15.533314,-1.1127741,1.0286982,0.63248974,-9.94119,-11.530205,1.42266875e-11,1.2992525e-10,0.99999917,5.897876e-08,5.0202465e-07,3.3779574e-07,8.640995e-12,1.7638549e-12,2,,,,2.0564363e-05,Test
1132,3,1.1976368,-3.6249802,-0.6927897,0.71678495,0.8284017,-0.6230606,-3.5045314,-7.7403154,0.37883207,0.0030479704,0.05720644,0.23421538,0.26187253,0.06133776,0.003438119,4.974432e-05,0,,,,2.0646555,Test
1133,1,0.5030469,-4.8844147,-1.7807695,3.5346856,-0.55688745,-1.5344809,-2.621891,-8.194504,0.044725563,0.0002045555,0.004557293,0.9272135,0.015496444,0.005830001,0.001965226,7.4689187e-06,3,,,,0.49376842,Test
1134,11,-3.9470944,-2.6428928,4.9206614,-0.19312759,0.011906197,-0.08541913,-3.5974832,-4.3788147,0.00013795531,0.0005083303,0.9793905,0.005889325,0.007229538,0.0065590767,0.00019569183,8.9586894e-05,2,,,,0.18298146,Test
1135,20,0.7286433,-7.5816917,-4.4329147,7.879858,-5.6196156,1.1267828,-2.0614603,-13.89828,0.0007823424,1.9242617e-07,4.4849817e-06,0.99799854,1.3689356e-06,0.0011649483,4.8047426e-05,3.4754022e-10,3,,,,0.023111157,Test
1136,13,-2.5536,-7.190505,-3.2533805,6.234108,-2.917839,1.6773586,-1.7280015,-10.791415,0.00015091004,1.4619617e-06,7.4956166e-05,0.9889432,0.00010484103,0.01038007,0.00034456493,3.9909857e-08,3,,,,0.09258989,Test
1137,3,1.1227932,-3.0443249,1.0960747,2.3684957,-2.2237027,-0.8182623,-2.780809,-8.277491,0.17656867,0.0027362588,0.17191349,0.6136424,0.0062165433,0.025346845,0.003561237,1.46023285e-05,3,,,,1.5432037,Test
1138,1,-10.757463,-6.169311,14.771225,-2.3371325,0.51243156,-1.429949,-7.545205,-7.7409935,8.1852355e-12,8.047116e-10,0.9999993,3.7147952e-08,6.419249e-07,9.202786e-08,2.0328142e-10,1.6713501e-10,2,,,,1.751345e-05,Test
1139,13,-2.2367187,-3.9430954,1.5741764,2.6657538,-2.0614908,0.8757961,-2.738781,-7.7509294,0.0048715626,0.000884297,0.22015014,0.65582055,0.005804554,0.10950054,0.0029486646,1.9628043e-05,3,,,,1.3438522,Test
1140,13,-6.104218,-3.8654501,8.643149,-0.018460874,-0.8355187,0.40786403,-5.0648026,-6.8612523,3.9361686e-07,3.6928234e-06,0.9994802,0.00017301529,7.642595e-05,0.0002649934,1.1129766e-06,1.8462814e-07,2,,,,0.007206791,Test
1141,20,-0.49798778,-3.953952,-1.0566489,3.6145616,-3.1722472,0.20340034,-1.837873,-6.9712677,0.015371668,0.00048508143,0.008792202,0.9392441,0.0010599974,0.030997738,0.0040254667,2.3736213e-05,3,,,,0.44113335,Test
1142,1,-2.2524147,-2.5875163,4.14404,-0.43015894,0.43938002,-1.2743633,-3.6842237,-4.0121517,0.0015988627,0.0011436112,0.9588622,0.009890238,0.023596235,0.0042518056,0.0003819306,0.00027514846,2,,,,0.3186354,Test
1143,1,-0.013962047,-1.9378691,-3.11309,0.49027562,-4.4801283,1.7096688,0.99131244,-9.51694,0.08931833,0.013043628,0.00402723,0.14788638,0.0010263826,0.50061506,0.24407636,6.6657567e-06,5,,,,1.8393822,Test
1144,1,1.2257504,-5.073107,-3.8729067,1.2781639,0.40615085,2.4862041,-3.2862368,-11.212778,0.16555291,0.00030435322,0.0010106906,0.17446156,0.07294395,0.5839087,0.0018172124,6.5607355e-07,5,,,,1.627927,Test
1145,19,-4.187802,-3.4967406,6.1059656,0.69908684,-0.8609493,0.7810752,-4.3060074,-6.8517118,3.349398e-05,6.684842e-05,0.9896768,0.0044393125,0.00093282585,0.004818621,2.9759864e-05,2.333702e-06,2,,,,0.09790706,Test
1146,1,11.398816,-7.4908767,4.9821596,2.3618753,-6.50185,-4.1012278,-7.2349777,-26.175182,0.9982498,6.245254e-09,0.0016312508,0.00011872599,1.6791097e-08,1.8520629e-07,8.066513e-09,4.7979913e-17,0,,,,0.019180976,Test
1147,20,-2.5014403,-6.1780787,-0.49787274,5.230149,-2.641861,1.2510445,-2.504221,-9.947557,0.00042878775,1.0851719e-05,0.0031796608,0.97730243,0.0003726135,0.018277885,0.00042759723,2.5028515e-07,3,,,,0.17829579,Test
1148,1,-1.8875939,-3.2213557,2.129697,2.2277343,-2.6414886,0.8357083,-2.6939375,-7.782114,0.0074495366,0.0019628357,0.4138249,0.45645046,0.0035052348,0.11346044,0.0033261261,2.051973e-05,3,,,,1.526056,Test
1149,20,3.0179265,-8.55406,0.9453994,7.366226,-5.280686,-0.26922178,-5.9394946,-17.206669,0.012737154,1.2006672e-07,0.0016031915,0.9851789,3.169795e-06,0.00047586326,1.640264e-06,2.0972122e-11,3,,,,0.12163085,Test
1150,1,2.8807046,-9.519817,-7.247291,7.748604,-2.714921,2.4949172,-4.515256,-16.846382,0.007591188,3.1248657e-08,3.0323324e-07,0.9872142,2.8194234e-05,0.0051613604,4.658915e-06,2.0556288e-11,3,,,,0.11151271,Test
1151,13,-8.783933,-5.5687356,14.12215,-1.0553861,-0.316815,1.4424893,-8.433393,-11.16126,1.12723185e-10,2.8077305e-09,0.9999962,2.5614048e-07,5.360869e-07,3.1138065e-06,1.6004825e-10,1.046052e-11,2,,,,7.950084e-05,Test
1152,11,-6.226023,-4.5130444,11.122011,-0.5211209,-0.73096865,1.6413679,-7.015772,-10.659878,2.9228362e-08,1.6208452e-07,0.9999076,8.778328e-06,7.11666e-06,7.630778e-05,1.3268468e-08,3.469011e-10,2,,,,0.0014509021,Test
1153,19,2.145063,-3.459158,-0.2203719,2.0659747,-1.1320741,-0.69981974,-3.402447,-8.869351,0.47140014,0.0017358313,0.04426846,0.43555412,0.017788822,0.027407717,0.0018371163,7.7605155e-06,0,,,,1.5111976,Test
1154,3,7.176935,-8.174466,-5.941305,8.315569,-6.713295,-1.2215632,-3.7032804,-18.7715,0.24255675,5.2213647e-08,4.8711775e-07,0.7573832,2.2509353e-07,5.4625038e-05,4.566629e-06,1.304822e-12,3,,,,0.8001997,Test
1155,20,0.69288915,-3.1027155,-0.77894384,2.3132536,-2.576925,-0.15906236,-1.6799322,-7.107792,0.14566372,0.0032729649,0.033430472,0.73632026,0.0055371863,0.06213747,0.013578385,5.9642898e-05,3,,,,1.2965539,Test
1156,1,1.2944844,-4.162572,-3.4221632,3.6643662,-2.235304,-1.0540856,-1.5969062,-8.107397,0.08410613,0.00035880483,0.0007523389,0.89961004,0.002465244,0.008032609,0.0046678046,6.944527e-06,3,,,,0.56314325,Test
1157,1,9.485973,-7.472203,-7.92001,5.9533033,-3.9387343,-2.2096336,-4.3843904,-19.425987,0.971593,4.1941334e-08,2.680168e-08,0.028396532,1.4361773e-06,8.093693e-06,9.1973385e-07,2.6988543e-13,0,,,,0.18648541,Test
1158,13,-0.23306844,-3.0004807,4.34395,0.46272576,-1.1692808,-0.92253786,-4.3527193,-7.432488,0.009881116,0.0006207749,0.96068233,0.019814612,0.003874488,0.0049587623,0.00016057008,7.381386e-06,2,,,,0.3112779,Test
1159,13,-3.7278926,-4.6755776,1.6275032,0.084693655,2.3538725,2.293464,-4.196539,-6.5421414,0.00090169115,0.0003495291,0.19093108,0.04081718,0.39476156,0.37162057,0.0005643225,5.405613e-05,4,,,,1.7245237,Test
1160,20,4.9539595,-17.07993,-12.256609,17.89117,-10.206551,0.3441267,-4.0496693,-28.523663,2.4067979e-06,6.4899786e-16,8.072066e-14,0.9999976,6.2706665e-13,2.3956044e-08,2.959466e-10,6.9549346e-21,3,,,,4.897706e-05,Test
1161,20,12.153947,-16.169039,-12.458572,18.045223,-12.212327,-1.6773715,-5.8637366,-31.326387,0.002755832,1.3795439e-15,5.6386018e-14,0.99724424,7.2129816e-14,2.7126095e-09,4.1235567e-11,3.6056424e-22,3,,,,0.027404143,Test
1162,11,3.2617135,-11.425225,-6.0076394,11.905096,-7.48143,0.033278804,-3.783865,-20.070984,0.00017625716,7.3737794e-11,1.661569e-08,0.9998166,3.8059147e-09,6.983216e-06,1.5356461e-07,1.2968367e-14,3,,,,0.0025861238,Test
1163,20,0.64680046,-3.2622833,4.0260744,0.8453569,-1.4927003,-1.0315558,-4.2466817,-8.800666,0.031346865,0.00062878267,0.92001325,0.038231913,0.0036899508,0.005851851,0.0002349533,2.4729284e-06,2,,,,0.5300758,Test
1164,3,4.664544,-6.206713,-4.798115,4.253411,-1.6115696,-0.61316246,-3.7529593,-13.688341,0.5987303,1.1373759e-05,4.6521178e-05,0.39689746,0.0011260295,0.0030559932,0.00013229882,6.407285e-09,0,,,,1.0113221,Test
1165,1,2.6859367,-3.759731,-3.7367592,3.3426385,-3.219139,0.28085506,-2.4103146,-10.000197,0.32995248,0.00052376156,0.0005359325,0.6362875,0.00089931034,0.029780898,0.002019192,1.0207824e-06,3,,,,1.1325343,Test
1166,13,2.094906,-7.8174176,-4.5422187,8.008655,-5.929049,0.5307909,-2.6373615,-15.162315,0.0026931623,1.3347346e-07,3.5301746e-06,0.99671495,8.820699e-07,0.0005636065,2.3717283e-05,8.620773e-11,3,,,,0.034253716,Test
1167,16,-1.0475069,-4.8854303,0.16555683,3.9604833,-3.0736077,1.0203236,-2.9056678,-8.857171,0.0061657997,0.0001328007,0.020740364,0.92242694,0.00081295235,0.04875698,0.00096161343,2.502046e-06,3,,,,0.50092477,Test
1168,19,4.537205,-3.346387,1.9164655,0.32772604,-1.2325782,-2.5194051,-4.61358,-12.624086,0.91569376,0.00034510376,0.066615835,0.013601807,0.002857361,0.00078904803,9.7188444e-05,3.2262367e-08,0,,,,0.49856308,Test
1169,19,-7.9909678,-5.9236097,12.364562,-0.6711139,1.2641448,0.7216412,-8.295398,-9.0222025,1.444423e-09,1.1416594e-08,0.9999739,2.1810545e-06,1.51056265e-05,8.780768e-06,1.0653249e-09,5.1503274e-10,2,,,,0.00046847548,Test
1170,20,7.187319,-5.4174814,-3.647305,5.5425944,-5.3296866,-2.0265949,-3.2304468,-15.233713,0.838067,2.8124418e-06,1.6514356e-05,0.16180204,3.0705214e-06,8.3507744e-05,2.5055358e-05,1.5344342e-10,0,,,,0.64064354,Test
1171,1,-1.6293349,-2.8570116,-0.92328954,1.7283528,-1.4931269,-0.20747201,-1.2909081,-3.807074,0.025741067,0.0075414246,0.05215046,0.73935294,0.029497212,0.10669247,0.036108002,0.0029163952,3,,,,1.4253833,Test
1172,3,-2.3192382,-4.3495927,10.331838,-0.91422737,-0.4960862,0.22408928,-7.2807946,-12.563454,3.2038652e-06,4.2063178e-07,0.99992275,1.3057572e-05,1.9836221e-05,4.0759347e-05,2.243351e-08,1.1393789e-10,2,,,,0.0012956727,Test
1173,3,7.457736,-12.509363,-10.256706,13.845227,-8.974826,-1.287443,-3.668163,-23.590242,0.0016796454,3.577801e-12,3.4035608e-11,0.99832004,1.226441e-10,2.6744502e-07,2.4734398e-08,5.5112675e-17,3,,,,0.017910443,Test
1174,1,1.9903834,-9.796996,-5.76833,10.416252,-6.64154,-0.12939207,-2.5523732,-16.912706,0.00021907051,1.6649061e-09,9.35444e-08,0.9997521,3.9064936e-08,2.6301312e-05,2.3317932e-06,1.3523105e-12,3,,,,0.0034675824,Test
1175,3,3.286318,-9.125838,-4.9325247,9.025493,-5.3681064,0.5215201,-3.7700002,-17.562387,0.003206442,1.30464555e-08,8.6422233e-07,0.9965874,5.5905554e-07,0.00020196998,2.763779e-06,2.8284348e-12,3,,,,0.034038905,Test
1176,1,-11.080125,-5.7958326,13.90781,-2.4062855,0.478537,-2.4643612,-6.3153253,-5.565824,1.4056508e-11,2.7721425e-09,0.99999845,8.2201026e-08,1.471431e-06,7.756318e-08,1.6489344e-09,3.4890504e-09,2,,,,3.490796e-05,Test
1177,1,-4.963517,-4.57853,7.30164,-0.62388116,2.4234612,-1.6780391,-5.7061954,-4.3531404,4.675167e-06,6.8706086e-06,0.9919446,0.00035849013,0.0075495555,0.00012492875,2.2246222e-06,8.6075715e-06,2,,,,0.07090457,Test
1178,3,-0.29597515,-9.412478,-3.8045845,7.8342767,-2.8416522,2.974657,-4.1880503,-15.150658,0.00029213188,3.2087193e-08,8.746001e-06,0.991979,2.290896e-05,0.0076912423,5.9603535e-06,1.0334097e-10,3,,,,0.06957186,Test
1179,13,-1.650419,-4.0200562,0.3635796,-0.114827305,1.9621183,-1.0335534,-3.2885766,-6.801362,0.01910438,0.0017865397,0.14315334,0.08872214,0.70800775,0.03540253,0.0037127035,0.00011068963,4,,,,1.3916652,Test
1180,1,-3.9751587,-10.241378,-1.1197124,-0.9072606,8.5696,2.7499883,-8.120406,-12.424742,3.5524793e-06,6.747566e-09,6.174991e-05,7.636645e-05,0.9968988,0.0029595513,5.626955e-08,7.601929e-10,4,,,,0.031302392,Test
1181,13,4.536163,-10.417435,-8.362685,11.485088,-7.7105837,-0.6208624,-2.4973319,-18.767363,0.00095873966,3.0721034e-10,2.397738e-09,0.999035,4.6026365e-09,5.521197e-06,8.454596e-07,7.2628684e-14,3,,,,0.0111182695,Test
1182,3,-0.7574446,-4.460875,6.0291696,-0.5549711,2.3983967,-2.1861022,-5.985861,-7.9521537,0.0010966394,2.7019953e-05,0.9715229,0.0013427557,0.025741179,0.00026278815,5.8801966e-06,8.2307895e-07,2,,,,0.20364882,Test
1183,11,4.3638864,-5.0687013,-0.22899598,4.63539,-4.638232,-1.5324016,-3.4463243,-12.2484665,0.43003032,3.4433273e-05,0.004353471,0.56417197,5.2957614e-05,0.0011824254,0.00017440841,2.6232888e-08,3,,,,1.0385326,Test
1184,1,0.9175429,-6.573829,-3.2514207,3.2065613,0.32412937,2.1620405,-4.347243,-12.240848,0.06706874,3.7416095e-05,0.0010374382,0.6616498,0.03705134,0.23280835,0.00034677886,1.2939094e-07,3,,,,1.3362223,Test
1185,1,1.3591949,-5.186509,-3.8900335,5.806614,-4.6766768,-1.0787534,-1.4950455,-8.961775,0.011552641,1.6592743e-05,6.066949e-05,0.98666763,2.762712e-05,0.0010090062,0.000665427,3.8048816e-07,3,,,,0.11205918,Test
1186,20,0.41001168,-4.5711145,7.6182985,0.48148853,-2.560484,0.034086596,-6.4500346,-13.989515,0.00073888176,5.0734016e-06,0.9979163,0.000793628,3.7888294e-05,0.00050735596,7.749878e-07,4.1204e-10,2,,,,0.025077103,Test
1187,1,-1.209042,-3.9810445,-1.5158309,1.6644607,-0.92714524,1.1478937,-2.2048364,-5.669071,0.03148374,0.001968888,0.02316592,0.5572277,0.041736163,0.33242255,0.011631034,0.0003640158,3,,,,1.5690686,Test
1188,20,6.9095807,-14.059993,-10.22444,15.315916,-9.4893,-0.57061595,-4.3800383,-25.360214,0.00022339718,1.7462572e-13,8.088489e-12,0.99977654,1.6870757e-11,1.2602881e-07,2.792924e-09,2.1601464e-18,3,,,,0.0030348694,Test
1189,13,2.2265463,-14.517059,-10.521328,15.341382,-9.489494,-0.38514718,-1.6857868,-23.315174,2.0151078e-06,1.0780606e-13,5.8609398e-12,0.99999785,1.6447009e-11,1.4792933e-07,4.0289684e-08,1.6280602e-17,3,,,,4.5741774e-05,Test
1190,3,3.9695327,-2.343168,-1.2630229,0.5180888,-1.4523982,-1.7541598,-2.495213,-8.627029,0.95410764,0.001729921,0.0050948034,0.030245053,0.0042158267,0.0031176643,0.0014859154,3.2283442e-06,0,,,,0.34523174,Test
1191,3,6.2676377,-8.536308,-1.2659755,7.9833393,-6.6242886,-1.0785496,-5.277813,-19.078104,0.15239795,5.671619e-08,8.150275e-05,0.8474203,3.8378383e-07,9.830387e-05,1.4752092e-06,1.4978328e-12,3,,,,0.61848134,Test
1192,1,-2.2626956,-3.5255148,-1.805984,2.5416794,-4.1029854,1.2558318,0.19378684,-8.137093,0.0058663106,0.001659318,0.0092621595,0.7159431,0.0009314022,0.19789828,0.06842294,1.6487194e-05,3,,,,1.2034332,Test
1193,13,5.0176373,-7.0357137,-1.6424029,6.6887765,-5.634803,-0.80347127,-4.352341,-16.035406,0.1581632,9.213012e-07,0.00020262203,0.8411472,3.7394636e-06,0.00046884597,1.3482658e-05,1.1373263e-10,3,,,,0.6386952,Test
1194,1,-4.8215766,-3.1022015,0.30985153,0.35813332,-2.3944607,-0.5373662,0.3422633,-0.06512487,0.0013726659,0.007660903,0.23233561,0.2438284,0.015547046,0.099580385,0.23998939,0.15968554,3,,,,2.3941426,Test
1195,3,0.3793517,-2.6258013,1.3063792,1.4381657,-2.335267,0.02359454,-2.9040067,-7.972232,0.1376637,0.0068186466,0.34787434,0.39687756,0.009117495,0.09645308,0.0051626763,3.2491727e-05,3,,,,1.9288986,Test
1196,1,1.9862161,-5.081186,-3.5100293,4.584831,-4.068429,-1.5648677,-1.6519748,-9.4473505,0.06893029,5.8759248e-05,0.0002827621,0.926775,0.00016177491,0.0019778523,0.0018128586,7.462343e-07,3,,,,0.40814513,Test
1197,1,3.110836,-6.304904,-5.5944166,7.0422754,-5.4212537,-1.5005,-1.5458885,-11.745692,0.0192307,1.5659978e-06,3.1867787e-06,0.9803869,3.7892685e-06,0.00019112494,0.00018264388,6.790266e-09,3,,,,0.14242579,Test
1198,3,2.8913374,-7.0715795,-3.8832421,6.691158,-3.2516427,-0.23934023,-3.8227243,-14.750806,0.021862034,1.0300321e-06,2.4976296e-05,0.9770833,4.697083e-05,0.00095511245,2.6534495e-05,4.7621745e-10,3,,,,0.16432123,Test
1199,20,0.42922884,-10.007356,-6.661556,10.375479,-6.268611,-0.7200571,-1.0107186,-16.105545,4.790338e-05,1.4054478e-09,3.9891223e-08,0.9999255,5.9092418e-08,1.5178801e-05,1.1350241e-05,3.1579492e-12,3,,,,0.0012269135,Test
1200,13,1.0473601,-8.500655,-1.2810935,7.8187447,-5.248427,-0.12703533,-4.065463,-16.127172,0.0011442516,8.163395e-08,0.000111503105,0.9983815,2.110067e-06,0.00035358043,6.8873264e-06,3.978477e-11,3,,,,0.019191902,Test
1201,1,-0.14676107,-3.8814387,-2.8780837,3.3782625,-2.3482754,-0.5971927,-1.1120383,-6.615039,0.02764416,0.00066016655,0.0018005496,0.9386458,0.0030584263,0.01761909,0.010529044,4.290087e-05,3,,,,0.4502455,Test
1202,1,-1.153374,-1.1711762,1.3776405,-0.5445037,-1.4205164,-0.9400218,-1.876023,-3.9289188,0.052803546,0.051871844,0.66354245,0.09707159,0.040424503,0.06536132,0.025634248,0.0032904793,2,,,,1.7717338,Test
1203,7,-7.4048786,-4.8655624,9.775742,-1.3845458,1.8166429,-0.9575978,-6.5318227,-4.171319,3.454486e-08,4.3771806e-07,0.9996132,1.4222651e-05,0.00034933275,2.1797261e-05,8.2707906e-08,8.763963e-07,2,,,,0.005165546,Test
1204,7,-10.877123,-7.1627636,15.866429,-1.0829089,0.97264725,-0.7018462,-8.96298,-9.324278,2.4289704e-12,9.966621e-11,0.9999995,4.3550727e-08,3.40183e-07,6.375132e-08,1.6471144e-11,1.1476627e-11,2,,,,1.05906975e-05,Test
1205,3,3.7908142,-5.516704,0.5634529,3.9199054,-3.028741,-0.46928442,-5.174393,-14.103512,0.4560197,4.137899e-05,0.018086664,0.51885647,0.0004980677,0.0064394143,5.8269816e-05,7.719281e-09,3,,,,1.1662002,Test
1206,11,-2.3229752,-3.7107258,-1.4336252,3.249312,-2.904859,-0.9205952,0.24540521,-5.0397253,0.0035155234,0.0008776019,0.0085551925,0.9247057,0.001964631,0.01429012,0.045858875,0.00023233797,3,,,,0.51273614,Test
1207,19,5.540833,-6.1200976,-2.6624455,6.4959564,-5.81586,-1.5290248,-3.3851185,-14.313003,0.27775705,2.3954499e-06,7.60373e-05,0.7218882,3.2472528e-06,0.00023619176,3.6912512e-05,6.626031e-10,3,,,,0.85725516,Test
1208,1,-4.723611,-5.687289,-0.6186224,2.6128047,-1.752578,-0.54074305,-1.2828838,-2.82547,0.00058133743,0.00022177273,0.03525348,0.8924687,0.011343091,0.03810874,0.01814333,0.0038795418,3,,,,0.71451205,Test
1209,19,-2.289091,-5.150483,2.1620047,2.31177,-0.34849098,0.69103867,-3.5894701,-9.043512,0.004688784,0.0002681473,0.40192643,0.4668623,0.032647666,0.0923239,0.0012773582,5.465785e-06,3,,,,1.5719211,Test
1210,20,-9.512757,-6.052475,11.630596,-1.8644326,2.0570736,-2.3418975,-7.062657,-2.62779,6.569424e-10,2.09078e-08,0.99992764,1.3776921e-06,6.954094e-05,8.5465626e-07,7.613637e-09,6.421404e-07,2,,,,0.0011228928,Test
1211,20,2.912061,-6.582425,-4.0581985,6.032189,-3.1648242,-1.8386014,-2.308702,-12.825377,0.04225358,3.1802433e-06,3.9693397e-05,0.95701295,9.698529e-05,0.00036532292,0.00022830474,6.1827343e-09,3,,,,0.26240793,Test
1212,1,2.6554332,-8.5578165,-4.8101954,8.167663,-4.9191413,-0.22736923,-3.4176252,-14.28818,0.004019905,5.424545e-08,2.3010955e-06,0.9957415,2.0635741e-06,0.00022502488,9.262323e-06,1.7607509e-10,3,,,,0.041088734,Test
1213,3,2.7429562,-12.52357,-8.660435,12.781872,-7.944023,1.7977504,-3.3756397,-22.059269,4.3664448e-05,1.0231975e-11,4.8718984e-10,0.9999393,9.973139e-10,1.696799e-05,9.612932e-08,7.390239e-16,3,,,,0.0009912833,Test
1214,1,-4.344963,-7.381268,-3.9659164,6.9491887,-4.8734827,0.4325696,0.61357385,-10.245962,1.2404698e-05,5.955737e-07,1.8121911e-05,0.99672145,7.312277e-06,0.0014738118,0.0017662464,3.3948055e-08,3,,,,0.035363168,Test
1215,13,0.39309675,-7.0231256,-3.2715943,4.500637,-0.08729131,0.75249,-3.9930005,-13.2929125,0.015652724,9.413809e-06,0.0004008989,0.95163834,0.009681887,0.022421896,0.00019486426,1.7816893e-08,3,,,,0.3566408,Test
1216,20,0.15365782,-7.278696,12.6975,0.62296575,-3.2784958,0.9469413,-9.901336,-20.93794,3.5667363e-06,2.110769e-09,0.9999827,5.7028087e-06,1.15267156e-07,7.884781e-06,1.5326505e-10,2.4677784e-15,2,,,,0.000325216,Test
1217,3,-2.9907587,-4.2683525,6.841737,0.21843246,0.32361242,0.627549,-6.2099934,-9.395331,5.3418094e-05,1.4888005e-05,0.99514645,0.0013225814,0.0014692695,0.00199113,2.1359574e-06,8.835231e-08,2,,,,0.05236299,Test
1218,3,2.3677084,-4.1231294,-0.5738659,3.3604496,-3.2770455,-0.27398166,-3.0449035,-10.384762,0.26094937,0.0003959326,0.013773576,0.70420355,0.00092272175,0.018590232,0.0011638278,7.5548985e-07,3,,,,1.0792084,Test
1219,19,-5.029006,-6.7074986,10.414017,1.9677019,-1.5534394,1.5860002,-7.842039,-13.778285,1.9634538e-07,3.6648874e-08,0.99963224,0.00021461118,6.3451257e-06,0.0001465148,1.1785172e-08,3.113556e-11,2,,,,0.0051269736,Test
1220,1,-0.5540213,-5.7747006,-2.9715,5.3446755,-3.6352684,0.14640324,-1.8439268,-9.478707,0.002717446,1.4684148e-05,0.00024224973,0.99067783,0.0001247361,0.005474589,0.0007481041,3.6159204e-07,3,,,,0.09021873,Test
1221,13,15.955909,-20.919046,-17.202227,23.50484,-15.895518,-2.5007815,-6.626248,-39.60437,0.00052639504,5.0900427e-20,2.0937062e-18,0.99947363,7.734146e-18,5.077768e-12,8.203628e-14,3.906513e-28,3,,,,0.0064924564,Test
1222,13,-7.7537327,-5.1976976,12.771504,-0.4460229,-1.0093379,1.2955908,-7.570598,-11.399054,1.2189801e-09,1.5706123e-08,0.99998677,1.8184235e-06,1.035263e-06,1.0376912e-05,1.4639681e-09,3.1831267e-11,2,,,,0.0002466381,Test
1223,16,-3.302192,-3.6266353,5.9049096,-0.12826714,0.13595746,-1.6265241,-4.1728916,-6.017339,9.9698445e-05,7.2074996e-05,0.9937609,0.0023829036,0.0031035426,0.00053262536,4.1739633e-05,6.5995605e-06,2,,,,0.06442356,Test
1224,1,-5.626037,-4.113366,9.066629,-0.44547117,-0.291819,1.7292464,-6.288119,-7.5228767,4.156259e-07,1.8864594e-06,0.99918705,7.3891446e-05,8.616372e-05,0.00065022206,2.1437027e-07,6.2361394e-08,2,,,,0.010284491,Test
1225,16,-6.8607764,-4.879694,9.94301,-0.61731076,1.0631171,-0.62319094,-6.345296,-6.436139,5.036453e-08,3.6517258e-07,0.9998086,2.591957e-05,0.00013913237,2.57676e-05,8.43325e-08,7.700913e-08,2,,,,0.0028590872,Test
1226,1,-1.0903276,-5.458607,2.0600166,2.865334,-0.32761875,0.05137777,-4.6345077,-9.746161,0.012211164,0.00015475242,0.2850587,0.63779217,0.026181672,0.038246658,0.00035280874,2.1260628e-06,3,,,,1.3313061,Test
1227,3,-4.0629787,-5.1592593,1.8507301,-0.024805024,1.212318,4.6112046,-4.890169,-9.142485,0.0001544654,5.1608637e-05,0.057163928,0.0087616835,0.030190008,0.9036099,6.754403e-05,9.612355e-07,5,,,,0.5841298,Test
1228,1,2.0764742,-5.9644995,-5.435143,6.222882,-4.4860063,-0.35286456,-1.3302298,-11.669975,0.015544834,5.005361e-06,8.498303e-06,0.982535,2.1955182e-05,0.0013694229,0.0005153157,1.6656323e-08,3,,,,0.13758598,Test
1229,19,3.3089345,-11.722675,-7.41158,12.365865,-8.348525,-1.6588693,-2.4505706,-19.054737,0.00011656654,3.4548503e-11,2.5746232e-09,0.9998822,1.0087967e-09,8.11118e-07,3.6749628e-07,2.2602436e-14,3,,,,0.0017174045,Test
1230,20,3.707105,-8.706856,-2.7891147,8.473863,-6.0382833,0.10360025,-4.704108,-17.57942,0.00843408,3.425497e-08,1.2728152e-05,0.99132115,4.939346e-07,0.00022964433,1.8754017e-06,4.8019436e-12,3,,,,0.073603354,Test
1231,1,3.1184933,-8.410002,-6.5899215,9.086819,-6.526472,0.040034186,-2.5855174,-15.477621,0.00255167,2.5122498e-08,1.5506488e-07,0.997322,1.6522257e-07,0.00011745375,8.503624e-06,2.1410892e-11,3,,,,0.027523814,Test
1232,1,-3.4900248,-4.923713,-3.859344,-0.39541358,-2.4897223,5.2192054,0.15481548,-10.334522,0.00016330308,3.8936018e-05,0.000112875896,0.0036055136,0.00044403822,0.9893845,0.006250699,1.7396698e-07,5,,,,0.09931444,Test
1233,16,-0.87384725,-2.6259599,3.0175214,0.41489065,-0.07024817,-2.1816092,-2.6920426,-4.7240834,0.017709438,0.0030709442,0.8673706,0.06425347,0.039555185,0.0047890674,0.0028745672,0.0003767632,2,,,,0.81097835,Test
1234,16,-9.461315,-6.3034782,12.700792,-1.4197445,0.7314225,-0.49702042,-7.5693555,-6.0341873,2.3720026e-10,5.5788707e-09,0.99999106,7.370974e-07,6.3352654e-06,1.8546363e-06,1.5731966e-09,7.302942e-09,2,,,,0.00017302994,Test
1235,13,3.5077596,-10.756356,-6.987367,10.724827,-5.1210113,0.062143173,-4.312255,-18.335133,0.000733396,4.682871e-10,2.029377e-08,0.9992428,1.3119303e-07,2.338441e-05,2.9454347e-07,2.3938173e-13,3,,,,0.009098546,Test
1236,13,-3.9663126,-3.7202618,5.147973,0.9291909,-0.5675469,1.1392224,-4.217254,-6.175755,0.00010620385,0.00013583097,0.9647708,0.0141981,0.0031783767,0.017516436,8.263382e-05,1.1657121e-05,2,,,,0.27011156,Test
1237,1,0.24393138,-2.738659,-2.8543038,1.2710092,-2.792864,1.2908165,-0.4478282,-7.020235,0.1372339,0.006952468,0.006193196,0.38327953,0.006585638,0.39094695,0.068712234,9.608909e-05,5,,,,1.8629348,Test
1238,1,-4.0409284,-5.9994063,0.8181296,-1.8253314,5.077968,1.566726,-5.163355,-7.1461062,0.00010484147,1.4790299e-05,0.01351435,0.0009610693,0.9567964,0.02856975,3.4124732e-05,4.6986324e-06,4,,,,0.3032693,Test
1239,13,5.577358,-9.8440895,-3.332579,9.68218,-7.040621,-0.6675926,-5.204278,-19.776482,0.016224789,3.2563385e-09,2.191002e-06,0.98374116,5.373541e-08,3.1479758e-05,3.371119e-07,1.5817814e-13,3,,,,0.12025245,Test
1240,1,-2.8646371,-3.2370207,-2.0326407,1.552896,-3.1204882,2.3624005,0.21153392,-6.7393503,0.0033830758,0.0023312422,0.007773972,0.28042835,0.0026193704,0.63006485,0.07332901,7.023359e-05,5,,,,1.3367528,Test
1241,1,-4.577665,-2.536113,1.7378294,0.25243288,-2.1276202,-0.40340742,-0.5945544,-2.4199471,0.0012107756,0.009326065,0.6696503,0.15161721,0.014031517,0.078690216,0.06499899,0.010474867,2,,,,1.574852,Test
1242,13,-3.0106876,-4.940869,-1.8261561,4.168618,-3.2709012,1.8376374,-0.8638821,-8.484769,0.0006881029,9.985877e-05,0.0022495154,0.9027893,0.0005304497,0.087751456,0.005888427,2.8859595e-06,3,,,,0.5190304,Test
1243,19,2.8397927,-11.440678,-5.3285003,11.583368,-7.242154,0.9493855,-4.2844677,-20.865461,0.00015945325,1.0016227e-10,4.5205244e-08,0.99981636,6.6695924e-09,2.40791e-05,1.284123e-07,8.083e-15,3,,,,0.0026501676,Test
1244,3,5.9623017,-9.711566,-7.5818667,10.418435,-6.607656,-1.0129256,-3.3378823,-18.309256,0.011473841,1.7891e-09,1.5050517e-08,0.98851436,3.986996e-08,1.0725223e-05,1.0487944e-06,3.3014523e-13,3,,,,0.09062878,Test
1245,3,0.9059756,-8.822401,-2.7939909,0.4902948,6.66972,-0.9516472,-7.456145,-13.385996,0.0031212955,1.8593224e-07,7.717202e-05,0.0020597142,0.9942538,0.0004870566,7.2897404e-07,1.938254e-09,4,,,,0.059058875,Test
1246,1,-3.7193449,-3.1397092,5.5629444,-0.3684361,0.5371195,0.12494443,-4.615525,-4.5576644,9.178145e-05,0.00016386546,0.986284,0.0026184018,0.0064761057,0.0042885304,3.7458398e-05,3.9689647e-05,2,,,,0.12734848,Test
1247,1,-4.1709213,-2.7221026,1.7280388,0.2271497,-1.5232794,-2.9426086,-0.5446269,1.3427323,0.0013256001,0.005644513,0.48339078,0.107763216,0.018718405,0.0045275358,0.049807206,0.32882276,2,,,,1.7940024,Test
1248,13,-3.1859555,-5.8800797,9.549311,1.326416,-1.2473891,0.086911395,-7.2981873,-11.348208,2.9443122e-06,1.9904009e-07,0.99963045,0.0002683377,2.045938e-05,7.769116e-05,4.820189e-08,8.397744e-10,2,,,,0.005155737,Test
1249,20,2.8280895,-4.4597387,0.5406548,3.6609454,-3.9485576,-0.012553949,-3.9316492,-12.142495,0.28878564,0.00019747503,0.029319413,0.66417164,0.000329242,0.016861642,0.00033485625,9.0977395e-08,3,,,,1.1683099,Test
1250,1,1.5481966,-1.2017677,0.3394978,-0.048297405,-3.03104,-1.0053129,-1.9143394,-7.4253297,0.59358835,0.03794819,0.17723691,0.12026434,0.0060918364,0.046185993,0.018609092,7.521986e-05,0,,,,1.7934065,Test
1251,16,-12.568654,-7.527062,15.301824,-2.7409875,1.7944754,-3.776453,-8.052747,-2.7058063,7.8705445e-13,1.2176997e-10,0.9999987,1.4591717e-08,1.3609204e-06,5.1809423e-09,7.19844e-11,1.5114207e-08,2,,,,2.950558e-05,Test
1252,11,-7.1564145,-5.438393,12.043585,-0.20931995,-0.23565023,0.07280423,-7.442103,-9.339037,4.5871147e-09,2.5566239e-08,0.99998426,4.7711624e-06,4.647177e-06,6.326293e-06,3.4472019e-09,5.171762e-10,2,,,,0.00029968127,Test
1253,1,-10.417724,-6.66753,16.728512,-1.618043,0.07115417,1.0315796,-9.169246,-12.5110445,1.6238251e-12,6.906024e-11,0.9999999,1.0769434e-08,5.831781e-08,1.5237337e-07,5.6590865e-12,2.0018079e-13,2,,,,5.4837233e-06,Test
1254,20,-3.2143757,-6.818912,5.6962395,3.9572835,-3.1706061,0.1186824,-5.4568214,-13.497391,0.00011438478,3.11127e-06,0.847616,0.14892931,0.00011950246,0.0032055082,1.2147484e-05,3.9130144e-09,2,,,,0.6411932,Test
1255,16,-2.4904516,-3.6087298,7.018017,0.48276937,-1.1268966,0.3761849,-5.070818,-8.910221,7.3987525e-05,2.4182227e-05,0.99685943,0.001446812,0.0002892963,0.0013005377,5.604278e-06,1.2052804e-07,2,,,,0.03552655,Test
1256,20,-8.330075,-5.874847,10.894857,-0.27077588,1.2088075,0.18598877,-7.359537,-6.2274127,4.4737796e-09,5.2115496e-08,0.9999013,1.4150906e-05,6.213823e-05,2.2343664e-05,1.1807945e-08,3.663106e-08,2,,,,0.0015864829,Test
1257,20,-1.4272138,-4.597973,1.7356901,3.042431,-2.651843,1.7051061,-3.3936882,-9.920871,0.0073872725,0.00031005667,0.17462881,0.64509887,0.0021708736,0.1693688,0.0010338447,1.5126411e-06,3,,,,1.3669102,Test
1258,20,7.8149767,-9.587488,-3.8784592,9.914082,-7.836394,-1.2819256,-4.9971204,-20.536293,0.10918239,3.022443e-09,9.1150287e-07,0.89080423,1.7412011e-08,1.2229771e-05,2.9780347e-07,5.3131565e-14,3,,,,0.4976868,Test
1259,3,1.0499555,-5.4666147,-2.299034,0.18518472,3.457227,0.04412027,-4.9144382,-9.459351,0.07734129,0.00011436707,0.0027162128,0.032572135,0.8587685,0.028286729,0.00019865898,2.1099777e-06,4,,,,0.8077745,Test
1260,1,-2.5705032,-3.5061882,7.703955,-0.67259926,-0.14219423,0.28005877,-5.7797265,-8.824161,3.445953e-05,1.3519058e-05,0.9987337,0.00022991023,0.0003907602,0.00059606344,1.3917497e-06,6.6279625e-08,2,,,,0.01617172,Test
1261,1,2.2727773,-6.5677752,-1.6897956,6.245607,-4.322739,-1.1156174,-3.3866425,-12.212773,0.01845276,2.6709029e-06,0.00035086318,0.9804812,2.5215346e-05,0.00062301743,6.429931e-05,9.442061e-09,3,,,,0.14616263,Test
1262,1,-4.849659,-2.977609,-2.4709437,0.33474022,-3.8717692,3.5441823,1.1437048,-6.825448,0.0001992001,0.0012951208,0.002149573,0.035550468,0.00052964076,0.8804168,0.07983149,2.761944e-05,5,,,,0.66414946,Test
1263,1,-5.049798,-3.067705,2.537171,0.15821345,-1.6490945,-2.194505,-1.0074645,0.10500127,0.00040968508,0.0029734618,0.8080326,0.074861884,0.012284483,0.0071201315,0.023335297,0.07098245,2,,,,1.0841752,Test
1264,13,8.761567,-9.436699,-5.8657255,10.375475,-8.391625,-1.904273,-4.2675085,-20.622335,0.16604607,2.0740636e-09,7.373548e-08,0.8339497,5.8978173e-09,3.873585e-06,3.645633e-07,2.8771456e-14,3,,,,0.648664,Test
1265,1,-1.201839,-6.237532,-4.49565,5.6108875,-4.449228,2.6669455,-0.9440122,-11.776085,0.0010420927,6.7753663e-06,3.867432e-05,0.9476236,4.0511946e-05,0.049899716,0.0013485875,2.6642175e-08,3,,,,0.31381255,Test
1266,1,7.143014,-11.78723,-10.004696,12.672918,-7.7732368,0.08354719,-4.169978,-22.331114,0.0039506843,2.373406e-11,1.410966e-10,0.99604577,1.314095e-09,3.3945723e-06,4.82506e-08,6.254913e-16,3,,,,0.037297186,Test
1267,1,2.6743362,-7.4743967,-5.2955747,7.870396,-5.728689,-2.0376337,-1.5848339,-11.537259,0.0055071176,2.1546938e-07,1.9038649e-06,0.99436224,1.2346308e-06,4.9492803e-05,7.7837794e-05,3.706012e-09,3,,,,0.05127444,Test
1268,19,3.6566954,-10.299747,-4.1049013,10.348149,-6.537986,-1.0998311,-3.5741615,-18.027199,0.001239922,1.0769328e-09,5.279293e-07,0.9987478,4.633408e-08,1.0657637e-05,8.975798e-07,4.744595e-13,3,,,,0.013983554,Test
1269,20,-0.88480604,-5.3756466,2.8470411,3.8055837,-3.4830434,1.2288811,-4.6508384,-12.0815325,0.0062484676,7.00529e-05,0.26091206,0.68043065,0.00046491472,0.051729243,0.00014461273,8.57229e-08,3,,,,1.1584543,Test
1270,1,0.44934282,-8.514972,-4.3805046,8.4123,-5.473271,1.2442257,-2.5799854,-15.297292,0.0003477258,4.447175e-08,2.7775436e-06,0.9988618,9.312767e-07,0.00076992804,1.6811882e-05,5.041513e-11,3,,,,0.013937451,Test
1271,1,-1.9408836,-2.7234323,0.97195727,0.68939835,-0.82098013,-2.5198555,-1.9516906,-1.0162041,0.024462266,0.011185106,0.45032638,0.33947957,0.07496604,0.013710472,0.024199324,0.061670844,2,,,,1.9937171,Test
1272,1,2.9671311,-11.845501,-8.96572,12.37703,-7.2537026,0.8826646,-2.7867463,-20.525408,8.190168e-05,3.021681e-11,5.38172e-10,0.99990773,2.9815403e-09,1.0186391e-05,2.5966625e-07,5.1358483e-15,3,,,,0.0014198604,Test
1273,3,1.4512306,-6.985476,-1.5573744,5.7778773,-3.0159066,0.97660273,-4.556556,-13.209108,0.012923956,2.801434e-06,0.0006379328,0.978215,0.00014836872,0.008040206,3.1786803e-05,5.552531e-09,3,,,,0.1772999,Test
1274,3,3.4600546,-6.8528433,-4.4731164,4.571474,-0.99736196,0.5482724,-4.6498523,-13.004166,0.24358565,8.087552e-06,8.736138e-05,0.7401761,0.0028237107,0.013245874,7.320887e-05,1.7231843e-08,3,,,,0.9264505,Test
1275,1,-4.4684596,-8.329497,-5.5119853,0.4044157,-1.0666436,9.710666,-2.2059536,-16.836193,6.950764e-07,1.4628672e-08,2.4481332e-07,9.084381e-05,2.0865182e-05,0.9998807,6.677689e-06,2.956606e-12,5,,,,0.0018510398,Test
1276,20,2.15554,-9.327982,-6.338573,9.913791,-5.7354364,-0.44771534,-2.9922297,-15.757171,0.00042700613,4.3974846e-09,8.739527e-08,0.99953866,1.5974476e-07,3.1612184e-05,2.4819115e-06,7.0964758e-12,3,,,,0.005969661,Test
1277,1,-7.8020754,-6.96351,12.473111,-1.7180037,3.7911844,-0.8923172,-9.4540205,-7.944697,1.5650337e-09,3.619997e-09,0.9998281,6.867563e-07,0.00016959477,1.568172e-06,2.9998054e-10,1.3570123e-09,2,,,,0.002416753,Test
1278,3,2.564926,-2.8266735,-0.114228204,0.6476016,-0.47272292,-2.6635177,-2.8031285,-6.6895566,0.7823233,0.0035632334,0.053683944,0.115001336,0.037510436,0.004194711,0.0036481265,7.485411e-05,0,,,,1.1327646,Test
1279,16,1.384211,-9.110007,-2.3654928,8.667957,-6.157579,0.06735508,-3.6336298,-17.722298,0.00068599684,1.8999431e-08,1.6137878e-05,0.9991091,3.6388496e-07,0.00018383104,4.5404777e-06,3.4551808e-12,3,,,,0.011121126,Test
1280,19,0.9009928,-3.0955324,1.2882841,2.1182795,-2.6358197,-0.92079395,-2.3307312,-8.279413,0.16393955,0.003013109,0.24148056,0.5537893,0.004771618,0.026515007,0.0064738663,1.6892114e-05,3,,,,1.643105,Test
1281,1,5.168124,-16.98572,-11.824725,17.35901,-8.622914,1.1403906,-5.1367154,-28.059671,5.0764834e-06,1.2141458e-15,2.1167165e-13,0.99999475,5.202243e-12,9.043581e-08,1.6991364e-10,1.8832793e-20,3,,,,9.8886885e-05,Test
1282,19,-0.5766165,-5.7303877,3.2900405,3.34285,-1.1911504,0.067175865,-5.5463295,-11.344461,0.0098412335,5.6858484e-05,0.47023758,0.495738,0.005323054,0.018734626,6.8348774e-05,2.0731657e-07,3,,,,1.2288051,Test
1283,1,-4.023159,-2.7586102,4.888512,-0.049402706,-0.064540364,0.79170793,-3.7697897,-5.46464,0.00013066755,0.00046275818,0.96929765,0.0069494112,0.006845005,0.016115276,0.00016834657,3.0912935e-05,2,,,,0.24800625,Test
1284,3,-1.1059072,-5.468786,3.2172375,2.8627777,-1.9709562,1.0102811,-5.3458,-10.797621,0.0072417557,9.227195e-05,0.5462128,0.38319686,0.0030490037,0.06010255,0.00010434743,4.4749302e-07,2,,,,1.3302305,Test
1285,1,-4.094084,-4.136157,5.4244833,0.8304158,-1.8328452,-1.2397314,-3.4534435,-6.2842503,7.25761e-05,6.9585934e-05,0.9877676,0.009987955,0.0006963652,0.0012601526,0.00013772733,8.121129e-06,2,,,,0.10721937,Test
1286,20,8.152666,-21.649797,-16.265745,23.152222,-14.093287,-1.3365879,-4.173281,-35.40997,3.0603817e-07,3.489241e-20,7.60315e-18,0.99999964,6.675446e-17,2.315501e-11,1.3573285e-12,3.687767e-26,3,,,,7.053429e-06,Test
1287,1,5.803664,-8.480022,-3.347224,8.233008,-6.1711726,-0.7532026,-4.9043856,-19.127235,0.080952056,5.0687532e-08,8.591074e-06,0.91892195,5.1006145e-07,0.00011497855,1.8104265e-06,1.2046901e-12,3,,,,0.40738696,Test
1288,13,-3.535005,-8.527666,-4.3463383,5.8601046,-1.4481359,2.7379754,-1.8227084,-12.243448,7.952596e-05,5.3978846e-07,3.5330617e-05,0.95664984,0.0006409505,0.042153098,0.0004407069,1.31364954e-08,3,,,,0.2670589,Test
1289,1,-4.3741918,-2.6592546,1.0496892,0.5215179,-1.8558521,-2.261357,-0.50897354,1.0799931,0.0014944192,0.008303481,0.3388707,0.19982608,0.01854272,0.012361323,0.071304254,0.34929702,7,,,,2.051428,Test
1290,19,12.602703,-19.6421,-15.686593,21.533821,-13.291449,-1.9958663,-5.861417,-36.468174,0.00013219265,1.3105945e-18,6.844197e-17,0.9998678,7.507914e-16,6.04128e-11,1.2657336e-12,6.456486e-26,3,,,,0.00189403,Test
1291,3,-4.2090516,-2.8057723,7.2970567,-0.5066254,-0.97189015,0.6795879,-4.7624354,-6.9574027,1.0047718e-05,4.0879342e-05,0.99794537,0.0004073902,0.00025582846,0.0013340637,5.777446e-06,6.4338917e-07,2,,,,0.024218373,Test
1292,1,5.1936812,-9.8529415,-7.5297084,9.352241,-5.980508,-0.17233948,-3.7548337,-18.235386,0.015388377,4.4929127e-09,4.586645e-08,0.98453736,2.1592561e-07,7.1905095e-05,1.9994106e-06,1.0282005e-12,3,,,,0.11583702,Test
1293,20,-0.66864324,-6.6102424,-1.1392415,6.519531,-4.7533174,0.21760081,-1.958819,-11.752118,0.00075299526,1.9787394e-06,0.00047034226,0.99672794,1.2671875e-05,0.0018267673,0.00020724122,1.1569126e-08,3,,,,0.03712131,Test
1294,1,-5.5370045,-3.4428437,8.848174,-0.6249085,-0.5780157,-0.399915,-5.1472535,-6.7203765,5.6556615e-07,4.591621e-06,0.99974006,7.687402e-05,8.056475e-05,9.627048e-05,8.3512197e-07,1.7320151e-07,2,,,,0.003919652,Test
1295,7,-4.090008,-8.909991,0.8703155,-0.8614857,7.9953275,0.12636587,-7.823462,-8.770697,5.634122e-06,4.544997e-08,0.00080365024,0.00014221821,0.9986664,0.00038192119,1.3471237e-07,5.2243095e-08,4,,,,0.016442984,Test
1296,20,8.7942915,-10.241948,-9.127884,11.706056,-9.317918,-2.1702697,-2.9380217,-20.858078,0.051575,2.7867975e-10,8.490589e-10,0.9484236,7.021125e-10,8.92464e-07,4.141526e-07,6.8324934e-15,3,,,,0.29307872,Test
1297,3,9.237974,-16.388542,-11.95054,17.757566,-10.615102,-1.0037824,-5.562438,-29.856085,0.00019948096,1.4806281e-15,1.2526982e-13,0.9998005,4.762332e-13,7.1115314e-09,7.450142e-11,2.09685e-21,3,,,,0.0027398916,Test
1298,1,-4.368605,-8.308831,3.127218,-2.748394,8.451197,-0.42709216,-8.48485,-10.104367,2.693099e-06,5.2364058e-08,0.0048489408,1.361134e-05,0.99499595,0.00013868493,4.3912657e-08,8.694445e-09,4,,,,0.046530236,Test
1299,13,2.3705146,-11.446907,-8.172801,11.887486,-7.224811,1.1766579,-2.7414427,-20.06615,7.3585106e-05,7.344466e-11,1.9403765e-09,0.9999037,5.007178e-09,2.2299972e-05,4.4329718e-07,1.3263872e-14,3,,,,0.0015034406,Test
1300,1,-2.2461395,-3.3940272,1.7343643,1.499335,-1.6201645,-0.8261278,-2.307696,-4.0521164,0.009587522,0.0030421817,0.51335424,0.40583104,0.017929317,0.039665196,0.009015144,0.0015753622,2,,,,1.4761631,Test
1301,1,-0.018214192,-9.029829,-2.238548,-0.6774963,7.745496,-0.8011647,-7.8294854,-13.133173,0.00042450163,5.178266e-08,4.6089343e-05,0.00021956187,0.99911565,0.0001940208,1.7198366e-07,8.5531227e-10,4,,,,0.011760523,Test
1302,19,2.4121566,-8.847232,-5.3588734,9.018854,-5.8605046,1.4299821,-3.191568,-16.69055,0.0013487743,1.7379985e-08,5.6888416e-07,0.9981402,3.4448345e-07,0.0005051104,4.9690393e-06,6.8192917e-12,3,,,,0.021178715,Test
1303,20,-1.3867322,-5.7188034,3.2249434,2.9505148,-1.339716,-0.07857317,-4.58473,-8.510193,0.0054659257,7.1823946e-05,0.55016005,0.41812506,0.0057290527,0.020220414,0.00022324978,4.4053886e-06,2,,,,1.2016003,Test
1304,3,-1.907608,-5.085562,2.2173417,2.30418,0.4417238,0.5724747,-4.5034566,-7.4674616,0.00654096,0.00027256733,0.40465465,0.441365,0.0685399,0.078113824,0.00048784184,2.517838e-05,3,,,,1.6577657,Test
1305,1,-0.33640775,-3.926167,-3.000282,4.141171,-4.090932,-1.3121302,-0.0012889085,-6.008428,0.010998627,0.00030361678,0.0007663596,0.9681132,0.00025749515,0.0041456,0.01537725,3.7845242e-05,3,,,,0.2573572,Test
1306,3,-3.6688738,-6.9701004,-0.783693,6.150982,-3.956145,0.8580347,-1.3456994,-9.836681,5.4002176e-05,1.9893298e-06,0.0009670066,0.9933914,4.0518265e-05,0.004993702,0.0005512557,1.13179155e-07,3,,,,0.06473103,Test
1307,19,0.9824128,-6.1750355,4.410417,3.7419815,-3.7892823,-0.42542136,-5.830853,-13.89601,0.020892907,1.62764e-05,0.64381665,0.3299623,0.00017687971,0.0051119234,2.2963344e-05,7.2174196e-09,2,,,,1.0951487,Test
1308,3,-4.050251,-4.7535505,8.815886,-0.59556717,1.7372757,-1.0407153,-6.686232,-7.323469,2.5815582e-06,1.277741e-06,0.9990196,8.170192e-05,0.0008421177,5.2348794e-05,1.8496523e-07,9.780056e-08,2,,,,0.011948017,Test
1309,3,0.07209174,-5.5942397,-1.9007146,2.7797177,0.60329276,-0.6005298,-3.1055572,-9.579894,0.05437959,0.00018818253,0.0075623533,0.8153478,0.09249825,0.027753644,0.0022667334,3.4964862e-06,3,,,,1.0053626,Test
1310,1,-13.170348,-7.1119037,19.557163,-2.6089334,-0.6161057,0.40691897,-9.56056,-12.946206,6.118176e-15,2.616804e-12,1.0,2.3625824e-10,1.7332471e-09,4.8211963e-09,2.2611709e-13,7.655375e-15,2,,,,1.9131015e-07,Test
1311,3,12.030191,-18.2575,-14.443389,19.981236,-11.826882,-0.7629944,-6.796635,-34.360584,0.00035217006,2.4715837e-17,1.1205267e-15,0.99964786,1.53376e-14,9.78909e-10,2.346204e-12,2.5089648e-24,3,,,,0.0045478744,Test
1312,1,-4.1803155,-6.0242324,6.063509,-1.9296563,5.463273,-1.008458,-7.389483,-7.7218294,2.2953911e-05,3.6312265e-06,0.64519787,0.0002179242,0.35400856,0.00054749055,9.2711366e-07,6.649615e-07,2,,,,0.94727546,Test
1313,1,-4.873404,-4.4214864,-3.8123782,1.886905,-4.0167093,5.1751485,0.9212465,-9.477225,4.1115774e-05,6.4606145e-05,0.00011879716,0.03547916,9.684251e-05,0.950691,0.0135080675,4.1171253e-07,5,,,,0.3284863,Test
1314,19,1.2013648,-4.818037,-1.4715989,4.57788,-3.1978953,-0.027218807,-2.6524916,-9.621645,0.0326091,7.9276746e-05,0.0022515706,0.9544226,0.00040064947,0.009544908,0.0006912422,6.500779e-07,3,,,,0.3220057,Test
1315,19,-3.49116,-5.9416947,0.9366212,0.45782292,2.3081048,3.552687,-5.094519,-8.165262,0.0006200518,5.347788e-05,0.05192649,0.03216989,0.20465232,0.7104473,0.00012476648,5.7875045e-06,5,,,,1.2089694,Test
1316,20,-2.455722,-5.070653,-1.5323666,4.2039595,-3.0695276,-1.3089964,-0.9965589,-5.0244355,0.0012626878,9.2394446e-05,0.003179099,0.9852782,0.00068347645,0.003974776,0.0054325326,9.676485e-05,3,,,,0.14190719,Test
1317,19,2.2251613,-4.8898344,2.4959905,3.4730327,-3.1718225,-1.2332362,-4.281805,-11.582502,0.17145924,0.00013936618,0.22479182,0.59717906,0.0007767486,0.0053975666,0.00025598897,1.7280992e-07,3,,,,1.4179463,Test
1318,3,-2.1369708,-5.184641,1.6336806,2.8672597,-0.303216,0.006305244,-3.6034536,-6.721908,0.0047956165,0.00022764497,0.20816971,0.71475,0.03000779,0.040893793,0.0011065191,4.8936352e-05,3,,,,1.209283,Test
1319,3,-3.594496,-7.624128,7.9512496,2.8729105,-1.2493665,1.1809096,-7.8847547,-15.076859,9.605195e-06,1.7078881e-07,0.9925672,0.00618394,0.00010022665,0.0011387769,1.3160447e-07,9.903288e-11,2,,,,0.0686902,Test
1320,1,2.4651115,-9.38519,-5.510823,8.958165,-5.2896714,2.5713937,-4.139196,-18.013153,0.0015090889,1.0769465e-08,5.185735e-07,0.9968093,6.469267e-07,0.0016783116,2.044093e-06,1.9280478e-12,3,,,,0.03427413,Test
1321,7,-3.6193216,-3.042812,4.35691,-0.57866,0.52548677,-1.5756562,-3.6254883,-2.0990992,0.00033211216,0.0005910983,0.96675885,0.0069474787,0.020958109,0.0025635227,0.00033007035,0.0015188291,2,,,,0.26410976,Test
1322,20,-1.7506188,-5.4349084,-0.055673163,4.114879,-2.5922425,1.4582216,-2.9492924,-9.517635,0.0026000186,6.52995e-05,0.0141606135,0.9169167,0.0011206343,0.06435142,0.00078414986,1.101042e-06,3,,,,0.4987404,Test
1323,11,-2.060146,-7.125146,-0.08133094,5.664918,-2.909652,-0.5459816,-2.6331477,-10.564709,0.00043894764,2.7714773e-06,0.0031754216,0.9939522,0.00018770559,0.0019952909,0.00024749222,8.89055e-08,3,,,,0.06318484,Test
1324,3,1.2368336,-4.7311215,-1.5810969,1.1314347,1.7035522,0.4252261,-4.5668383,-9.841475,0.24973887,0.0006391991,0.014916761,0.22475635,0.39827174,0.11091991,0.0007533269,3.8568974e-06,4,,,,1.9699063,Test
1325,20,6.8802886,-10.179444,-7.9435196,10.899178,-7.4746404,-2.1016555,-3.1003914,-19.89181,0.017655546,6.885472e-10,6.4414416e-09,0.9823414,1.02947295e-08,2.2185652e-06,8.171973e-07,4.1677985e-14,3,,,,0.12812957,Test
1326,1,2.1962185,-5.7669,-4.4981637,6.2578025,-5.018118,-0.65069354,-1.7149453,-10.775853,0.01690715,5.884806e-06,2.0928454e-05,0.98173416,1.2442959e-05,0.0009810074,0.00033843363,3.929809e-08,3,,,,0.13996582,Test
1327,3,0.9102023,-5.3127975,-0.46778396,4.732415,-3.73011,-0.59447265,-2.4126272,-10.373848,0.021174276,4.1994663e-05,0.005337732,0.96777534,0.00020443088,0.004702583,0.00076334714,2.6619986e-07,3,,,,0.2511808,Test
1328,1,7.6496687,-7.783113,-7.4714355,8.909986,-7.8340545,-1.7721596,-2.5694857,-17.685097,0.22091357,4.3837996e-08,5.9870196e-08,0.7790603,4.166075e-08,1.7880282e-05,8.055641e-06,2.1951995e-12,3,,,,0.76228225,Test
1329,1,3.3148832,-4.2643237,-4.7835407,4.82601,-4.539586,-1.1725665,-1.4087328,-10.407283,0.18007727,9.201341e-05,5.4746743e-05,0.8160805,6.9872454e-05,0.0020257428,0.0015996261,1.9769591e-07,3,,,,0.7206357,Test
1330,1,-18.942192,-11.985767,26.036158,-4.140072,3.1911066,-3.9180405,-13.899813,-10.073409,2.9251743e-20,3.0710506e-17,1.0,7.8456705e-14,1.1981757e-10,9.79618e-14,4.5292725e-18,2.0788102e-16,2,,,,3.956662e-09,Test
1331,19,-4.7159395,-2.8707585,4.9914446,0.6915594,-2.4948783,0.3293631,-2.2183425,-6.8445563,5.9362235e-05,0.00037571814,0.9758287,0.013242109,0.0005471481,0.009218436,0.0007214442,7.064215e-06,2,,,,0.19807668,Test
1332,1,-2.2759686,-3.9241445,-1.7497809,-0.19595908,0.641887,2.2587397,-1.8621271,-6.083705,0.008056583,0.0015500905,0.013635503,0.06448927,0.14905939,0.75084376,0.012186524,0.00017884302,5,,,,1.2094891,Test
1333,20,6.4030113,-11.655147,-9.714549,13.185743,-8.702319,-0.87205505,-3.1843915,-21.335974,0.0011318913,1.6264727e-11,1.1324983e-10,0.9988673,3.1163302e-10,7.839413e-07,7.763343e-08,1.0160535e-15,3,,,,0.012728876,Test
1334,16,-10.640862,-7.024848,17.056053,-1.7526643,1.1460725,-0.18056212,-9.849527,-11.33422,9.362304e-13,3.4817458e-11,0.9999999,6.7838717e-09,1.2313545e-07,3.2676287e-08,2.0656408e-12,4.6801587e-13,2,,,,3.996337e-06,Test
1335,3,3.778351,-4.1040373,-3.2165709,3.53284,-2.587978,-1.4337084,-2.3854895,-10.054659,0.5577642,0.00021046164,0.00051120453,0.4363415,0.0009584931,0.0030400583,0.0011736235,5.480887e-07,0,,,,1.0464864,Test
1336,1,3.7339246,-7.819143,12.943569,0.37938553,-4.0112147,-0.596443,-10.47486,-24.822563,0.00010005913,9.612204e-10,0.9998951,3.4946124e-06,4.3309694e-08,1.3170486e-06,6.752419e-11,3.9658066e-17,2,,,,0.0015709711,Test
1337,19,-2.5570433,-6.9767504,1.1502825,5.724724,-3.2827425,2.6662383,-3.892504,-12.400514,0.00023927937,2.8803865e-06,0.009749364,0.9454334,0.00011580786,0.044396378,6.2939325e-05,1.2704008e-08,3,,,,0.34648106,Test
1338,19,3.1189322,-7.669154,-5.434157,8.607691,-6.157399,-0.33962718,-2.3657331,-14.811606,0.0041153515,8.495736e-08,7.940498e-07,0.9957367,3.8525422e-07,0.00012953098,1.7078395e-05,6.718516e-11,3,,,,0.040720206,Test
1339,20,-11.5778675,-7.292561,18.769756,-1.3553388,0.20433079,1.1236522,-10.218497,-14.697944,6.609893e-14,4.800424e-12,1.0,1.8187882e-09,8.652428e-09,2.1696717e-08,2.5737181e-13,2.9185164e-15,2,,,,8.371044e-07,Test
1340,1,-11.329982,-7.5073795,15.041955,-2.5061712,2.8307288,-3.0883694,-8.873095,-4.867859,3.5221773e-12,1.6104448e-10,0.999995,2.3930042e-08,4.974272e-06,1.3368959e-08,4.1098253e-11,2.2556719e-09,2,,,,9.588251e-05,Test
1341,3,3.9861605,-3.028166,-0.75124675,1.9678595,-2.432084,-1.3239703,-3.0329669,-9.5954,0.8695577,0.00078165496,0.0076184846,0.115547724,0.0014186992,0.004296727,0.00077791134,1.0987574e-06,0,,,,0.6520293,Test
1342,1,4.4253135,-7.6542244,-6.556362,8.524821,-6.3730803,-0.79727405,-2.5880058,-15.00718,0.01630871,9.254278e-08,2.7742044e-07,0.983588,3.332244e-07,8.79587e-05,1.4674849e-05,5.929183e-11,3,,,,0.12176281,Test
1343,16,-13.781041,-10.091589,20.757479,-2.0907948,3.3497543,-1.8222063,-12.568106,-11.417758,1.0002556e-15,4.0033183e-14,1.0,1.1943196e-10,2.75373e-08,1.5623103e-10,3.364206e-15,1.0628517e-14,2,,,,7.0060145e-07,Test
1344,3,-8.331281,-7.9630556,19.443062,-0.5928826,-1.1768967,2.7175293,-11.924431,-18.856174,8.664763e-13,1.2522033e-12,1.0,1.9883832e-09,1.1088317e-09,5.4474533e-08,2.3838065e-14,2.3273034e-17,2,,,,1.4050089e-06,Test
1345,11,-5.3115377,-3.1891882,6.196678,0.58468723,-0.8750854,-0.3283174,-3.4813945,-4.917304,9.985892e-06,8.338955e-05,0.99389726,0.0036314896,0.00084355543,0.0014573766,6.2259816e-05,1.4811545e-05,2,,,,0.06296068,Test
1346,1,8.014646,-8.839142,-8.582485,10.358024,-7.989435,-1.7670563,-3.248367,-19.281796,0.08759303,4.1972243e-09,5.425338e-09,0.91240084,9.817161e-09,4.9468676e-06,1.1246184e-06,1.223983e-13,3,,,,0.4285021,Test
1347,1,4.3512383,-4.501191,-3.0721817,5.1944256,-5.228094,-1.5157744,-2.0494046,-11.022171,0.30038482,4.2965195e-05,0.00017936085,0.6980228,2.0769538e-05,0.0008504854,0.00049878587,6.325446e-08,3,,,,0.90056056,Test
1348,7,-10.106152,-6.571424,14.956289,-2.987802,2.4617724,-1.1986704,-9.200687,-7.2621956,1.3047238e-11,4.4733311e-10,0.9999962,1.610565e-08,3.7471307e-06,9.6380255e-08,3.226686e-11,2.2419863e-10,2,,,,7.573432e-05,Test
1349,13,4.6728606,-7.4663987,-5.542136,8.473491,-6.6439595,-0.9905278,-2.3923755,-15.21383,0.021865696,1.1688256e-07,8.00657e-07,0.9780385,2.6602993e-07,7.589004e-05,1.8679724e-05,5.0475808e-11,3,,,,0.15328325,Test
1350,19,5.325319,-6.5692787,4.598723,3.6810257,-4.956949,-1.4491085,-6.3511086,-18.055933,0.59598535,4.068903e-06,0.28819007,0.11511401,2.0403426e-05,0.0006809875,5.060896e-06,4.177214e-11,0,,,,1.3289366,Test
1351,1,1.3413814,-3.7895722,-3.5734954,2.5048301,-2.3409703,0.57321095,-1.1867354,-8.522404,0.20907001,0.0012357966,0.0015338679,0.66922337,0.0052609807,0.09697942,0.016685706,1.0876876e-05,3,,,,1.351111,Test
1352,3,0.44804776,-7.1841908,-3.614143,6.3336096,-3.9668598,2.5763967,-3.0687592,-14.33119,0.0027080795,1.3122675e-06,4.6609526e-05,0.97438025,3.2756045e-05,0.022750538,8.041401e-05,1.0330479e-09,3,,,,0.18602929,Test
1353,1,-1.8930593,-5.4977098,3.1837962,3.767887,-3.8613605,0.09941141,-4.018814,-11.711143,0.002191494,5.9601974e-05,0.35122916,0.6298803,0.00030613845,0.016071606,0.00026153913,1.1934408e-07,3,,,,1.0728828,Test
1354,3,13.230502,-17.737827,-15.005967,19.964333,-13.427276,-2.1737523,-5.644524,-34.098732,0.0011885518,4.2232183e-17,6.4874756e-16,0.9988115,3.145516e-15,2.4268093e-10,7.545684e-12,3.3127823e-24,3,,,,0.013262313,Test
1355,20,0.7914221,-5.467243,3.8697298,3.4946783,-3.353923,-0.013988692,-5.2509813,-12.2643175,0.026235078,5.020864e-05,0.56986815,0.3916441,0.00041551032,0.011724569,6.233038e-05,5.6085035e-08,2,,,,1.2112452,Test
1356,1,-0.29149643,-3.1352968,-0.5190307,1.7962067,-2.979389,-0.33837026,-1.1300879,-8.429634,0.08790506,0.005116432,0.07001595,0.7090745,0.005979667,0.083879694,0.038003035,2.5684183e-05,3,,,,1.4913491,Test
1357,19,-1.3035257,-3.9691346,1.6859562,2.0881314,-0.83856666,0.14951722,-3.2915378,-6.9814863,0.017646477,0.0012274354,0.35073048,0.52436775,0.028092286,0.07545821,0.0024169926,6.036022e-05,3,,,,1.5811287,Test
1358,11,-7.3529696,-5.1201925,9.469757,0.3655369,0.3413119,-1.7916379,-5.1637797,-5.554451,4.941751e-08,4.6085452e-07,0.9997662,0.000111169524,0.00010850878,1.2856921e-05,4.411984e-07,2.9851608e-07,2,,,,0.0034621337,Test
1359,1,6.928314,-12.097225,-10.06033,11.571368,-5.9824004,0.96846336,-4.957361,-23.463924,0.009536194,5.2082026e-11,3.9930106e-10,0.9904392,2.3568024e-08,2.4606199e-05,6.568894e-08,6.0282763e-16,3,,,,0.07811675,Test
1360,20,5.6358595,-15.351051,-11.494118,16.600622,-10.648569,-1.5763392,-2.5918462,-25.214252,1.7300417e-05,1.329098e-14,6.2892947e-13,0.9999827,1.4649374e-12,1.2759635e-08,4.62178e-09,6.918692e-19,3,,,,0.00029907236,Test
1361,1,-7.022833,-4.005006,3.5665374,-1.1125488,-1.047023,-3.771032,-1.38878,4.9476733,5.029552e-06,0.00010283841,0.199726,0.0018549544,0.001980572,0.00012994774,0.001407238,0.7947935,7,,,,0.77857476,Test
1362,13,-2.9875114,-4.263695,-0.028781299,0.85433775,1.3552353,1.0537136,-2.9182055,-4.488518,0.004943805,0.0013798188,0.095284335,0.23043859,0.38027018,0.28128272,0.005298592,0.0011020016,4,,,,1.9581604,Test
1363,1,4.846927,-10.18242,-8.275508,11.293509,-7.460371,-1.1752347,-2.4045343,-18.287558,0.0015834157,4.703618e-10,3.166607e-09,0.99841166,7.154895e-09,3.8388685e-06,1.1228589e-06,1.4204169e-13,3,,,,0.01711134,Test
1364,3,-1.3386683,-2.8718448,1.6266521,0.99956185,-0.3344408,0.9957273,-3.292036,-5.9117947,0.022632223,0.0048851417,0.439086,0.23453504,0.0617814,0.23363742,0.0032091527,0.0002336919,2,,,,1.9409088,Test
1365,3,-5.825994,-5.3057437,11.629046,0.26219285,-1.0367407,2.168109,-7.7265635,-11.675429,2.6262267e-08,4.418492e-08,0.9999074,1.157172e-05,3.1570285e-06,7.782638e-05,3.925773e-09,7.567537e-11,2,,,,0.0014452129,Test
1366,20,-0.7218271,-4.5309644,5.731718,1.706557,-2.2926195,-0.8578858,-4.843762,-10.275335,0.0015422365,3.4187226e-05,0.97924197,0.017489802,0.00032060064,0.0013460506,2.5004469e-05,1.09424626e-07,2,,,,0.1635846,Test
1367,3,-3.7648578,-3.4176223,7.21974,-0.3204869,0.17409965,-1.1576525,-4.8123865,-6.472139,1.6932474e-05,2.3961993e-05,0.9983223,0.0005303857,0.0008697371,0.00022962296,5.939976e-06,1.1297001e-06,2,,,,0.020569446,Test
1368,3,-2.8602097,-4.771507,9.374636,0.18031624,-1.4213835,0.9081335,-6.852822,-12.009034,4.856545e-06,7.182263e-07,0.9996619,0.000101580605,2.0473939e-05,0.00021032842,8.961034e-08,5.164674e-10,2,,,,0.004825709,Test
1369,6,-5.628692,-6.081671,9.430267,1.9413614,-1.7287773,-0.092376485,-6.4759865,-11.167472,2.8820116e-07,1.8321872e-07,0.9993531,0.00055889273,1.4236643e-05,7.312859e-05,1.2351529e-07,1.1330108e-09,2,,,,0.0082190465,Test
1370,1,3.6432436,-7.525689,-6.5276704,7.571111,-5.2917385,0.028756436,-2.2725317,-14.706453,0.019294458,2.7216166e-07,7.3834747e-07,0.9801303,2.5410839e-06,0.00051961397,5.2028812e-05,2.0713824e-10,3,,,,0.1447517,Test
1371,20,0.40143046,-8.671232,-5.256831,7.2785206,-3.3488777,2.4475875,-3.3006408,-14.74456,0.0010218784,1.1727133e-07,3.5649002e-06,0.9910178,2.4024865e-05,0.007907403,2.5212154e-05,2.7013386e-10,3,,,,0.07908718,Test
1372,20,-1.5939683,-5.3721824,-1.0269108,4.5982237,-3.0908027,0.6531307,-1.5500706,-9.435152,0.001990319,4.5505658e-05,0.0035090754,0.9731002,0.00044550834,0.018828923,0.0020796354,7.826001e-07,3,,,,0.21682252,Test
1373,1,-6.2741966,-4.2916007,7.1181417,-1.4663267,2.3723464,-2.2752893,-5.1178355,-1.851318,1.5130249e-06,1.098693e-05,0.9909791,0.00018530068,0.0086097745,8.251813e-05,4.808915e-06,0.00012608914,2,,,,0.07736229,Test
1374,20,-1.0175029,-3.1213717,3.6848257,1.2103646,-2.12825,0.84747344,-3.9333498,-8.413802,0.007846498,0.0009571442,0.8647115,0.07281594,0.002583953,0.05065529,0.00042495178,4.8139755e-06,2,,,,0.7660627,Test
1375,1,-2.2439342,-5.8901706,-1.0387303,4.075838,-1.6309955,0.33863756,-2.2233384,-8.338023,0.0017363824,4.5300687e-05,0.005795072,0.96446747,0.0032050966,0.022974286,0.0017725157,3.9175643e-06,3,,,,0.27787456,Test
1376,1,0.19070973,-4.7211742,-2.7164466,4.561993,-4.0778966,-1.58535,-1.1416956,-6.3904366,0.012398385,9.123496e-05,0.0006773346,0.98127204,0.00017359332,0.0020990956,0.0032712137,1.7187378e-05,3,,,,0.1617684,Test
1377,16,-0.8649813,-3.9929452,-1.6594135,2.2599673,-1.4001446,0.2961099,-1.6242326,-5.7105646,0.035076354,0.0015365861,0.01584882,0.798293,0.020539787,0.11201337,0.016416315,0.00027580635,3,,,,1.1076087,Test
1378,1,1.9591275,-5.319723,-3.443288,2.7825682,-0.19702236,1.3797673,-3.8135698,-10.817242,0.25235564,0.00017411992,0.0011370347,0.57494825,0.029215207,0.14138393,0.0007851677,7.133563e-07,3,,,,1.5297424,Test
1379,16,-15.439389,-9.1539135,21.24948,-3.3620107,1.6533893,-3.3801022,-10.661878,-8.560736,1.1647332e-16,6.2513566e-14,1.0,2.048168e-11,3.0869252e-09,2.0114474e-11,1.3838001e-14,1.13132695e-13,2,,,,8.872125e-08,Test
1380,19,3.7606754,-11.035214,-7.8949785,11.812512,-7.3601203,-1.648684,-2.5663416,-18.18588,0.0003184142,1.1945907e-10,2.7606177e-09,0.99967957,4.7129456e-09,1.4247454e-06,5.691202e-07,9.36966e-14,3,,,,0.004200861,Test
1381,13,1.8776314,-3.8736196,-2.4284346,3.5433002,-3.416995,0.055432376,-2.2304308,-9.698152,0.15410665,0.0004898745,0.002078359,0.81510234,0.0007733825,0.024914399,0.0025334512,1.4471811e-06,3,,,,0.84268486,Test
1382,19,2.3410249,-11.020022,-6.2576284,11.336093,-7.182299,0.8526917,-3.10269,-19.505957,0.0001240011,1.9534226e-10,2.2860073e-08,0.9998474,9.067718e-09,2.7993061e-05,5.361053e-07,4.0309014e-14,3,,,,0.0022646217,Test
1383,1,5.4851456,-9.387319,-8.405707,10.850561,-7.5656533,-1.0541123,-2.3073308,-17.526539,0.004653718,1.6172251e-09,4.3159822e-09,0.9953376,9.997935e-09,6.7272317e-06,1.9211905e-06,4.720114e-13,3,,,,0.042917345,Test
1384,1,-4.2148256,-2.3070095,3.4993582,-1.334233,-0.6409212,1.1988307,-2.53406,-4.2869487,0.00039496602,0.0026614214,0.884682,0.0070402017,0.014082727,0.08865041,0.0021208355,0.00036748286,2,,,,0.65348744,Test
1385,13,-1.2450402,-4.2243657,0.08112584,4.0332346,-3.9595013,0.4909295,-1.6231608,-8.886362,0.0048245075,0.00024521557,0.01817186,0.94575465,0.00031957836,0.027376313,0.0033055,2.3166954e-06,3,,,,0.39434037,Test
1386,1,-6.0797634,-4.715576,9.784882,0.53233445,-1.3102945,0.852231,-5.970073,-9.678214,1.2881497e-07,5.03994e-07,0.9997563,9.584378e-05,1.5181705e-05,0.0001319755,1.4374872e-07,3.5251588e-09,2,,,,0.003591865,Test
1387,20,-3.979178,-6.3088408,-2.1574852,2.478808,-0.12720306,5.305461,-3.2685897,-10.277358,8.7218425e-05,8.488848e-06,0.00053921214,0.055625774,0.004106766,0.9394548,0.00017750594,1.6045144e-07,5,,,,0.35844898,Test
1388,13,-7.354733,-4.5229797,10.66548,-0.42546293,-0.63312906,1.1361952,-6.342013,-8.304889,1.4923739e-08,2.5333324e-07,0.9998994,1.5248293e-05,1.2388903e-05,7.2684306e-05,4.1086235e-08,5.7707252e-09,2,,,,0.0015976211,Test
1389,13,-1.5270066,-7.724379,-2.574231,6.972343,-4.0984325,1.9051197,-2.5159888,-13.036511,0.0002022524,4.1153714e-07,7.097249e-05,0.9933775,1.5457434e-05,0.0062581664,7.522881e-05,2.0294553e-09,3,,,,0.06007904,Test
1390,20,0.8875188,-4.7391977,3.9061892,2.8592942,-3.122704,0.033198427,-4.8079314,-11.746168,0.034366447,0.0001237322,0.7032771,0.24686855,0.0006230413,0.014625407,0.00011551326,1.12045434e-07,2,,,,1.1213955,Test
1391,19,7.6504583,-12.087261,-9.359298,13.139649,-8.0509815,-0.8854912,-4.493425,-23.500141,0.004114185,1.1023044e-11,1.6867106e-10,0.99588495,6.2407196e-10,8.075472e-07,2.1890845e-08,1.2182901e-16,3,,,,0.0385471,Test
1392,1,-1.9821637,-2.074609,1.3656663,-1.103718,1.1499901,-0.64460987,-2.6968575,-2.598415,0.016522886,0.0150639,0.4699265,0.03977315,0.378759,0.06294745,0.008085339,0.008921776,2,,,,1.7845827,Test
1393,3,4.1945186,-5.767465,0.37459168,4.5458865,-4.574068,-1.0426778,-4.2899976,-14.717502,0.40838596,1.9259112e-05,0.008955663,0.5803206,6.352166e-05,0.0021706275,8.439025e-05,2.4985327e-09,3,,,,1.0656891,Test
1394,3,-10.634075,-6.6147985,14.858707,-1.5277727,0.88680255,-2.4836142,-7.8076453,-7.5837803,8.484471e-12,4.7225224e-10,0.99999905,7.646129e-08,8.552212e-07,2.9398494e-08,1.4326082e-10,1.7920537e-10,2,,,,2.1183292e-05,Test
1395,19,4.678752,-6.129075,6.102221,2.5415633,-3.850595,-2.0258727,-6.4753413,-17.173597,0.18971945,3.840007e-06,0.7876198,0.022384254,3.7485523e-05,0.00023245046,2.7161311e-06,6.134192e-11,2,,,,0.8524103,Test
1396,1,-2.3031995,-3.6883092,-3.597606,3.2846801,-4.311186,1.8344758,0.82908726,-7.419512,0.002821539,0.0007062211,0.00077327236,0.75382644,0.00037881624,0.17678915,0.06468759,1.6923874e-05,3,,,,1.0486823,Test
1397,20,-2.5355694,-5.0811434,0.4700727,3.9466784,-2.2507923,0.45903087,-2.2506332,-8.781979,0.0014339916,0.000112465146,0.028965456,0.9370247,0.0019064427,0.028647384,0.0019067462,2.7782137e-06,3,,,,0.43228492,Test
1398,17,3.5904052,-4.799213,3.973781,2.1220634,-3.5742087,-1.4332045,-5.39923,-14.400217,0.36965263,8.399026e-05,0.5423652,0.085133605,0.00028591798,0.0024325834,4.6094065e-05,5.682842e-09,2,,,,1.3383234,Test
1399,16,-0.124469176,-5.3310237,-0.51839435,3.7634258,-2.619448,-1.3372806,-3.0369546,-7.4830656,0.019637585,0.00010762422,0.013243675,0.9584721,0.001620066,0.005839434,0.001067116,1.2510951e-05,3,,,,0.32312483,Test
1400,1,-16.448929,-10.015989,21.669601,-3.8095176,2.53314,-4.087746,-11.28229,-6.7566357,2.788256e-17,1.7342942e-14,1.0,8.601209e-12,4.888104e-09,6.5121784e-12,4.8884906e-15,4.514837e-13,2,,,,1.3552886e-07,Test
1401,13,-0.13452335,-5.931668,-2.989829,5.216321,-3.2566996,1.4940672,-2.3466,-11.018287,0.0046062353,1.3985503e-05,0.00026503464,0.9709309,0.00020295616,0.023476535,0.0005042588,8.641474e-08,3,,,,0.2155363,Test
1402,19,3.6392496,-4.7059536,-0.4916392,3.1936142,-3.1391418,-0.6204496,-4.1019125,-12.6457205,0.59793496,0.00014202937,0.009607971,0.3829279,0.00068051234,0.008446758,0.00025984232,5.0603628e-08,0,,,,1.1085668,Test
1403,20,7.0877013,-13.628599,-10.2130575,14.563519,-9.25902,-0.78645927,-3.9652402,-25.365114,0.0005663015,5.7025977e-13,1.7354944e-11,0.99943346,4.5056445e-11,2.1544844e-07,8.970489e-09,4.560035e-18,3,,,,0.0069303378,Test
1404,11,-1.2691889,-4.5948467,-0.7552883,3.9065225,-2.5795202,-0.88555133,-1.739864,-6.6046033,0.005494597,0.00019752451,0.0091858655,0.9721177,0.0014820613,0.008063947,0.0034318184,2.6472504e-05,3,,,,0.24400327,Test
1405,19,-6.933313,-4.8675175,10.728343,-1.1739311,0.8532602,-0.26680052,-6.9766693,-7.113102,2.1360323e-08,1.6856647e-07,0.9999248,6.7744704e-06,5.143672e-05,1.6781742e-05,2.0453978e-08,1.784538e-08,2,,,,0.0012291787,Test
1406,1,-3.1441236,-4.6087575,-0.6172937,-1.261431,2.1009212,2.5947025,-2.876531,-5.180283,0.0019154261,0.00044277488,0.023969203,0.0125865955,0.36321124,0.5951217,0.0025031064,0.00025001873,5,,,,1.2316023,Test
1407,1,1.8127354,-4.3638706,-3.821592,4.2448163,-3.2086937,-1.3733629,-1.3632567,-8.904945,0.08014172,0.00016649182,0.00028635276,0.9122165,0.00052854203,0.003312483,0.0033461289,1.7751261e-06,3,,,,0.47878784,Test
1408,3,-0.41235268,-2.326819,2.146235,-0.104952455,0.7563025,-1.788409,-3.1217654,-4.119246,0.052669756,0.0077646007,0.68036467,0.071624815,0.16947347,0.013302938,0.0035065347,0.0012932364,2,,,,1.4864564,Test
1409,1,2.23508,-8.60637,-5.6070614,8.940648,-5.406199,0.11665173,-2.8723795,-15.37948,0.0012223903,2.3923686e-08,4.8018796e-07,0.9986222,5.870086e-07,0.0001469563,7.3972215e-06,2.737179e-11,3,,,,0.015834367,Test
1410,19,7.9960556,-12.128613,-8.279564,13.270868,-9.318334,-1.0237032,-4.4841413,-23.870504,0.005092842,9.266742e-12,4.3505932e-10,0.9949065,1.539629e-10,6.162098e-07,1.9358868e-08,7.370366e-17,3,,,,0.046136647,Test
1411,1,2.2283545,-3.754378,1.5810012,0.8263344,-2.8802001,-2.2479289,-3.8014257,-12.239544,0.5580739,0.0014074204,0.29211223,0.13734162,0.003373452,0.006348435,0.0013427382,2.9064526e-07,0,,,,1.4817793,Test
1412,20,7.0478053,-5.1376786,-3.695529,1.8020928,-0.19641411,-2.9439955,-4.6979303,-15.348587,0.99397177,5.0732424e-06,2.1458702e-05,0.0052382974,0.0007099857,4.5497793e-05,7.875281e-06,1.8652808e-10,0,,,,0.056997683,Test
1413,3,4.173811,-6.9590306,-2.6877692,6.6352525,-3.6496136,-1.4705063,-3.9920053,-13.809055,0.078573234,1.1490607e-06,8.2286424e-05,0.9210116,3.1448824e-05,0.0002779578,2.2330862e-05,1.2173494e-09,3,,,,0.4029197,Test
1414,19,-9.082854,-5.8876195,14.413234,-1.2391684,0.44423285,-0.5515019,-8.320136,-9.740899,6.248533e-11,1.5256352e-09,0.9999987,1.5931168e-07,8.5770796e-07,3.168817e-07,1.3397457e-10,3.235883e-11,2,,,,2.9668383e-05,Test
1415,20,2.2845333,-5.703363,-3.1069555,6.1724176,-5.0133204,-0.24714933,-2.6576715,-11.935821,0.02004018,6.8046e-06,9.128677e-05,0.9781115,1.3567013e-05,0.0015936971,0.00014306362,1.3368431e-08,3,,,,0.16247576,Test
1416,13,-3.1297839,-3.8768013,2.4047537,2.2687006,-1.2076933,0.7855993,-2.7874036,-7.806862,0.0018717599,0.0008867975,0.47409916,0.41379198,0.012793913,0.093902975,0.0026359912,1.7418906e-05,2,,,,1.4869734,Test
1417,20,-2.1754806,-10.240919,4.2210326,7.194659,-4.327958,0.05013917,-6.767605,-19.44154,8.1018276e-05,2.545705e-08,0.04859074,0.95056784,9.413996e-06,0.000750166,8.2082175e-07,2.5705642e-12,3,,,,0.29059568,Test
1418,13,0.8560384,-9.554605,-6.1786966,9.725498,-5.771459,1.3441654,-2.4890027,-16.163116,0.00014056577,4.2324837e-09,1.2380356e-07,0.9996251,1.8603467e-07,0.00022901858,4.956179e-06,5.7089294e-12,3,,,,0.005203251,Test
1419,1,-4.03754,-5.981668,0.07869716,-0.98873264,4.295318,1.3118551,-4.411148,-5.3103647,0.00022455279,3.2136188e-05,0.013771382,0.004735857,0.93375456,0.04726408,0.00015454761,6.288367e-05,4,,,,0.4281869,Test
1420,11,-3.764853,-3.9316192,6.582927,0.96062785,-1.4371794,1.7276379,-5.345021,-8.845131,3.1690004e-05,2.682234e-05,0.9883394,0.0035741485,0.00032495125,0.0076962775,6.526256e-06,1.9705406e-07,2,,,,0.10457902,Test
1421,13,-3.380021,-5.9899187,2.441457,3.2341976,0.15388954,0.19097179,-4.2553062,-6.9602895,0.00086623576,6.370477e-05,0.292329,0.6458844,0.029675229,0.030796306,0.00036099783,2.4140458e-05,3,,,,1.2454377,Test
1422,1,7.551318,-8.051635,-6.954582,7.301499,-3.5775049,-2.0907621,-4.6085205,-18.20105,0.562105,9.4089486e-08,2.818285e-07,0.43784693,8.2533625e-06,3.6501875e-05,2.9435175e-06,3.6787964e-12,0,,,,0.9895941,Test
1423,13,2.1434627,-8.450189,-2.6703577,8.464995,-5.4260225,0.42826915,-3.826329,-15.685701,0.0017933476,4.496765e-08,1.4556229e-05,0.9978638,9.252921e-07,0.00032267516,4.5815964e-06,3.2400922e-11,3,,,,0.023516467,Test
1424,3,-3.4605837,-2.957063,2.8774755,-1.1141267,0.5517033,-1.3083583,-2.8499827,-0.39858726,0.0015017508,0.0024847018,0.84953666,0.015691025,0.083006494,0.012921042,0.0027655321,0.032092694,2,,,,0.891338,Test
1425,13,1.883816,-3.8510911,3.8381257,1.4793813,-2.6158125,-1.332431,-4.2598515,-10.528479,0.11385634,0.00036789064,0.8037169,0.075982474,0.0012652992,0.004566242,0.00024445364,4.6319764e-07,2,,,,0.94760996,Test
1426,20,6.950637,-13.146666,-9.950458,14.075479,-8.700691,-0.88447636,-4.1050434,-24.351713,0.0008042128,1.5039141e-12,3.6755213e-11,0.9991954,1.2825845e-10,3.181445e-07,1.2704268e-08,2.0461275e-17,3,,,,0.009434867,Test
1427,20,5.7044406,-13.355881,-9.354998,14.068343,-8.651573,-0.29039246,-4.265244,-22.91432,0.00023307814,1.2294446e-12,6.7184834e-11,0.9997663,1.3575747e-10,5.807359e-07,1.0907432e-08,8.680253e-17,3,,,,0.0031619028,Test
1428,13,-0.34795532,-6.951015,-4.7523265,5.265214,-2.291538,3.5109816,-2.6134183,-12.871396,0.0030989812,4.2028773e-06,3.7881313e-05,0.8491557,0.00044374305,0.14693792,0.00032161825,1.1281262e-08,3,,,,0.64198387,Test
1429,1,0.8467932,-8.346967,-6.065739,8.406893,-5.382675,1.5234149,-1.8602616,-15.151104,0.0005200009,5.2869414e-08,5.17523e-07,0.99842083,1.0246613e-06,0.0010229562,3.470124e-05,5.864158e-11,3,,,,0.018657044,Test
1430,3,2.784546,-6.589723,-3.8581495,5.039561,-2.3957345,-0.0052241273,-3.7768407,-11.817482,0.094292484,8.003571e-06,0.00012291105,0.8991199,0.00053053006,0.0057928907,0.00013332239,4.2943473e-08,3,,,,0.51143724,Test
1431,19,4.9136286,-6.486402,0.4921651,5.6352367,-5.411059,-1.415523,-4.4456697,-15.44511,0.3255558,3.6446418e-06,0.0039120847,0.6699091,1.068245e-05,0.0005806438,2.8050079e-05,4.6874593e-10,3,,,,0.9524615,Test
1432,1,-8.033793,-7.0271206,16.093515,-0.9112918,1.0171549,0.98232317,-10.527642,-13.299529,3.3238624e-11,9.0956784e-11,0.9999994,4.1200842e-08,2.8341282e-07,2.7371092e-07,2.7452218e-12,1.7169716e-13,2,,,,1.4006511e-05,Test
1433,3,-2.8449888,-5.4882846,3.0444255,-1.4464879,5.3589125,-1.2345462,-6.224831,-6.141654,0.0002483502,1.7664279e-05,0.08970252,0.001005601,0.90776527,0.0012429992,8.457022e-06,9.1905395e-06,4,,,,0.46434098,Test
1434,1,0.4291226,-2.3574235,1.3273424,1.1944993,-1.7203333,-0.17738429,-2.9661086,-6.438513,0.15715759,0.009686208,0.3858578,0.33785802,0.018316334,0.08569053,0.005269935,0.00016359091,2,,,,1.9947883,Test
1435,3,-0.020108987,-11.719672,-6.076938,9.772779,-3.6506953,3.986923,-5.1214404,-19.08233,5.5673165e-05,4.6194543e-10,1.3037621e-07,0.99688125,1.4753742e-06,0.0030611032,3.389735e-07,2.9310842e-13,3,,,,0.030883485,Test
1436,19,4.1396112,-11.942864,-3.0627234,11.5401125,-7.3931627,-0.7278555,-5.3611364,-21.640297,0.00061057025,6.3271076e-11,4.5478023e-07,0.9993843,5.985709e-09,4.6970113e-06,4.566814e-08,3.8874446e-15,3,,,,0.007501582,Test
1437,16,-19.716967,-12.88509,27.602575,-4.051605,3.686722,-3.692739,-15.146583,-11.50221,2.8143885e-21,2.6087428e-18,1.0,1.7896334e-14,4.106547e-11,2.5622262e-14,2.7181726e-19,1.0399376e-17,2,,,,1.4188682e-09,Test
1438,13,15.849235,-17.054054,-14.342285,19.226753,-14.409237,-3.3699849,-5.8286705,-34.962215,0.033005502,1.6938289e-16,2.5502095e-15,0.9669945,2.3850589e-15,1.4852003e-10,1.27055e-11,2.8278342e-24,3,,,,0.20924725,Test
1439,1,-1.4973475,-3.43657,-2.0268393,3.2476394,-3.046112,-1.5316045,-0.26820943,-4.5458922,0.008238347,0.001184804,0.0048515964,0.9474619,0.0017507338,0.007960906,0.028160995,0.00039072757,3,,,,0.40062094,Test
1440,3,-3.5121968,-7.9459662,0.047017563,-2.3550758,6.5378485,2.1299531,-6.693242,-8.821237,4.2592572e-05,5.055596e-07,0.0014965144,0.00013547682,0.98630893,0.012014022,1.7693891e-06,2.1069152e-07,4,,,,0.112707146,Test
1441,13,-8.751723,-4.3580213,12.693411,-1.0739241,-2.012511,2.823762,-6.5516467,-12.80343,4.8581833e-10,3.9321876e-08,0.99994683,1.0492992e-06,4.1046493e-07,5.1718132e-05,4.3848463e-09,8.449663e-12,2,,,,0.0008439413,Test
1442,20,2.690687,-8.784279,-0.04116365,7.889862,-6.3237095,-0.056090523,-5.054241,-18.628336,0.0054868925,5.699175e-08,0.0003571896,0.99380094,6.6745764e-07,0.00035189744,2.3754549e-06,3.0240734e-12,3,,,,0.058307815,Test
1443,11,-0.18254887,-4.706526,2.6053932,1.2722857,0.26721072,0.55018216,-5.472445,-10.884574,0.039688963,0.00043045857,0.6448483,0.17001855,0.062229715,0.08258301,0.00020012305,8.929748e-07,2,,,,1.5812656,Test
1444,1,-1.4089544,-3.160013,6.3533435,0.23628682,-1.9018934,0.41218212,-4.94097,-9.488447,0.0004231061,7.344702e-05,0.99442565,0.0021926449,0.0002584453,0.0026143203,1.237412e-05,1.3109008e-07,2,,,,0.058851935,Test
1445,19,4.9398484,-7.1177435,-2.204653,7.121352,-5.5084763,-1.4510874,-3.9212604,-15.140308,0.10139662,5.881361e-07,8.002138e-05,0.89833546,2.9401788e-06,0.0001700104,1.437782e-05,1.9289535e-10,3,,,,0.47726777,Test
1446,11,-0.6775366,-4.2739396,-2.1352332,3.8446562,-3.4207363,2.4882283,-2.0091133,-9.933462,0.008522765,0.0002337128,0.00198386,0.78441155,0.00054856006,0.20204812,0.0022505273,8.142979e-07,3,,,,0.84593606,Test
1447,1,-6.1796517,-4.400364,8.764877,-0.16035803,-1.2001457,2.927855,-6.196473,-9.263226,3.223513e-07,1.910135e-06,0.99690944,0.0001325791,4.6870675e-05,0.0029085001,3.169741e-07,1.4762167e-08,2,,,,0.03138951,Test
1448,1,0.850346,-1.7439239,-3.0797741,0.07740373,-3.446339,0.23664021,0.8009095,-8.135886,0.32649437,0.024389256,0.006412777,0.15072702,0.004444769,0.1767448,0.3107461,4.08512e-05,0,,,,2.1173246,Test
1449,13,5.390345,-9.852247,-5.818658,10.357273,-7.6285787,-0.47065932,-4.1795034,-19.920427,0.006916201,1.6599456e-09,9.372595e-08,0.9930635,1.5339849e-08,1.9699979e-05,4.8276434e-07,7.0394516e-14,3,,,,0.059922464,Test
1450,11,-0.40562358,-4.8672695,-0.47908866,4.476876,-3.3057866,0.70741165,-3.0042982,-9.6619215,0.007295339,8.421266e-05,0.006778598,0.9626933,0.00040134753,0.022203965,0.0005425695,6.9676463e-07,3,,,,0.28696764,Test
1451,11,2.549009,-10.682573,-7.785275,11.366806,-7.1142926,-1.150321,-1.526673,-17.266897,0.0001480514,2.6546618e-10,4.8116062e-09,0.99984574,9.412263e-09,3.662805e-06,2.5140046e-06,3.6683747e-13,3,,,,0.0022192833,Test
1452,3,-4.94384,-6.101102,14.4135685,-0.6138498,-1.432012,0.9492122,-8.9031,-16.176636,3.9190744e-09,1.2319431e-09,0.9999982,2.9762845e-07,1.3132615e-07,1.4207038e-06,7.4765e-11,5.1861174e-14,2,,,,3.9952e-05,Test
1453,1,-0.8215917,-3.089168,0.32164925,1.0954695,0.3505176,-2.0100105,-2.2633255,-4.579008,0.06740915,0.0069810846,0.21145698,0.4584457,0.21765038,0.020539746,0.01594343,0.0015735973,3,,,,2.005907,Test
1454,20,4.855596,-14.04064,-10.595364,15.089402,-9.29588,0.035139035,-3.2873225,-24.218481,3.5933415e-05,2.2334042e-13,7.0021692e-12,0.99996376,2.5679741e-11,2.8973494e-07,1.0448991e-08,8.4876415e-18,3,,,,0.0005893849,Test
1455,20,4.445843,-7.4438086,-3.489001,7.5582542,-6.142751,-0.79875374,-3.830449,-15.407702,0.042587463,2.9219422e-07,1.5248341e-05,0.95716035,1.0732809e-06,0.00022468923,1.0837614e-05,1.0162394e-10,3,,,,0.2575538,Test
1456,16,-4.956756,-4.4221816,7.0033674,-0.96871847,2.6706553,-2.1416073,-5.5817122,-3.532816,6.308189e-06,1.0766324e-05,0.9865523,0.0003403198,0.012955289,0.00010531932,3.3766783e-06,2.6200756e-05,2,,,,0.10656262,Test
1457,3,3.6184542,-7.9947443,-5.018471,7.3139253,-3.0137877,-0.8117094,-3.7831638,-15.407964,0.024225648,2.1914279e-07,4.2983993e-06,0.9754345,3.1910185e-05,0.0002885889,1.4784058e-05,1.3219252e-10,3,,,,0.16921711,Test
1458,20,4.323612,-7.1801987,-1.0090501,6.5267777,-6.1348333,-0.85971266,-4.4488797,-17.182945,0.09936148,1.002713e-06,0.00048003436,0.89958185,2.852152e-06,0.00055735087,1.539477e-05,4.539824e-11,3,,,,0.47996753,Test
1459,20,-1.337338,-6.0016108,-1.1786181,4.855697,-2.4929068,2.5202665,-3.1673114,-11.229207,0.0018541262,1.7477189e-05,0.002173054,0.9072778,0.0005838241,0.08779619,0.00029743498,9.378975e-08,3,,,,0.48158878,Test
1460,20,11.815567,-17.933174,-13.9159565,19.77603,-12.208099,-0.72710806,-6.6236367,-34.240257,0.0003488699,4.1970923e-17,2.3313356e-15,0.9996511,1.2862273e-14,1.2458017e-09,3.424674e-12,3.47434e-24,3,,,,0.0045100353,Test
1461,1,-4.631696,-4.7582536,6.638734,-1.4938335,3.8164575,-1.9479686,-6.2488523,-4.648644,1.20230025e-05,1.0593741e-05,0.9434053,0.00027718462,0.0561047,0.00017601141,2.3861105e-06,1.1820945e-05,2,,,,0.3185301,Test
1462,19,-0.38903275,-5.8521028,-3.5985906,5.7485933,-3.9511414,-1.8049848,-0.43036914,-9.506884,0.0021494809,9.114907e-06,8.678412e-05,0.99510926,6.099995e-05,0.000521667,0.0020624402,2.3577692e-07,3,,,,0.05235799,Test
1463,1,-14.454259,-8.592562,19.038391,-3.1230536,1.7753351,-3.7094743,-9.587418,-6.3636565,2.8466058e-15,1.0000683e-12,1.0,2.373594e-10,3.182366e-08,1.3204668e-10,3.6980198e-13,9.29032e-12,2,,,,8.0489684e-07,Test
1464,3,5.8763156,-6.5604186,-5.9651833,6.637698,-4.97022,-0.5301262,-3.140215,-15.125364,0.31816357,1.263123e-06,2.290619e-06,0.68126285,6.195268e-06,0.0005252526,3.8620776e-05,2.4084473e-10,3,,,,0.909347,Test
1465,19,-3.3157868,-3.396782,4.5124235,-0.1740863,1.4717289,-1.8354714,-4.1183395,-2.9262104,0.00037568284,0.00034645404,0.94312644,0.008694501,0.04508302,0.0016508753,0.00016837483,0.00055464136,2,,,,0.37239584,Test
1466,1,-2.3313105,-2.0596356,1.1123989,0.8672261,-1.9122049,-1.6425699,-0.8471043,-2.0231292,0.0148377,0.019469442,0.4644624,0.36347404,0.022562219,0.029544925,0.06545595,0.020193335,2,,,,1.8900143,Test
1467,19,-5.7810526,-5.431033,8.775966,0.102716625,0.21844426,1.3876534,-6.671609,-9.266425,4.7592727e-07,6.7538605e-07,0.99901795,0.00017093422,0.00019190609,0.0006178315,1.9533357e-07,1.4583525e-08,2,,,,0.012539703,Test
1468,1,5.266984,-8.76142,-7.295496,9.533814,-6.5039496,-0.6443159,-2.9875665,-17.082035,0.013831587,1.117927e-08,4.8423463e-08,0.98612714,1.0686135e-07,3.7465124e-05,3.5972123e-06,2.7215528e-12,3,,,,0.105917074,Test
1469,20,-4.8059936,-7.4073873,10.22679,2.9308083,-2.491821,1.4288081,-7.7938895,-15.192953,2.9579007e-07,2.1938767e-08,0.99916804,0.00067769404,2.9923726e-06,0.00015091187,1.4905854e-08,9.119785e-12,2,,,,0.010311768,Test
1470,3,-4.295857,-5.181717,6.4850593,-1.9079316,4.684284,-1.7644496,-6.83057,-5.0090737,1.7836957e-05,7.3552337e-06,0.85785365,0.00019426005,0.14169239,0.00022423171,1.4141926e-06,8.741274e-06,2,,,,0.5949031,Test
1471,7,-3.8027391,-4.4329095,5.506222,-0.40874612,2.8444386,-0.55973357,-5.687305,-5.7977576,8.4286505e-05,4.4882672e-05,0.9302258,0.002510443,0.06495171,0.0021586264,1.2802691e-05,1.1463898e-05,2,,,,0.39625388,Test
1472,3,-0.27812773,-5.3601136,-0.5615432,4.2307897,-2.7357519,2.6156645,-3.9693534,-11.3959,0.009028929,5.6047695e-05,0.006800652,0.8200383,0.00077322114,0.16307755,0.00022519428,1.3404448e-07,3,,,,0.78319526,Test
1473,1,-1.5723665,-3.2958791,1.717251,0.8421167,0.72016025,-0.62137836,-3.3621604,-6.3513665,0.0192832,0.0034408607,0.5174184,0.21566312,0.19090216,0.049910057,0.0032201898,0.00016206366,2,,,,1.8077743,Test
1474,13,-0.22479321,-6.458925,-4.1442747,6.3908925,-4.723365,1.4949002,-1.6202508,-11.713844,0.0013269987,2.6026853e-06,2.6342756e-05,0.9908922,1.47626915e-05,0.007408392,0.0003287236,1.3590621e-08,3,,,,0.08267903,Test
1475,3,-2.36992,-4.10774,4.680784,2.127963,-2.7909548,2.0411882,-4.237995,-9.814578,0.00075309974,0.00013247276,0.8688291,0.06764851,0.00049431,0.0620258,0.0001162941,4.4022883e-07,2,,,,0.7043779,Test
1476,20,-0.6547652,-5.0076976,5.8724165,2.299068,-2.6450317,0.37635684,-5.8318677,-11.77005,0.0014152118,1.8212399e-05,0.9672538,0.027142815,0.0001934014,0.003968553,7.987929e-06,2.1062705e-08,2,,,,0.23555335,Test
1477,20,9.192534,-10.409684,-8.996503,10.623333,-7.062855,-1.6464237,-4.375678,-23.06855,0.19297352,5.920559e-10,2.4327618e-09,0.80702245,1.6821778e-08,3.786153e-06,2.471143e-07,1.8822906e-15,3,,,,0.7077292,Test
1478,19,3.0760896,-5.4418974,-4.773777,5.6575813,-4.742975,0.4785465,-2.1721725,-12.191461,0.06994208,1.39773165e-05,2.7263699e-05,0.9244132,2.8116536e-05,0.005207628,0.00036766072,1.637292e-08,3,,,,0.41799548,Test
1479,1,3.2078075,-7.6106734,-6.192651,7.90972,-4.8602386,0.032470953,-2.849248,-13.384532,0.00899263,1.8008609e-07,7.435657e-07,0.9906069,2.8182455e-06,0.00037571252,2.1054298e-05,5.59661e-10,3,,,,0.07928393,Test
1480,20,4.2837963,-15.042041,-11.0212145,15.7411175,-9.634617,0.35990542,-3.1367917,-25.472792,1.0571678e-05,4.276022e-14,2.383756e-12,0.99998915,9.537925e-12,2.0893908e-07,6.3302914e-09,1.2618913e-18,3,,,,0.00019511752,Test
1481,19,-4.6327777,-4.455478,6.6854672,-0.6662104,2.0926633,-1.5718294,-5.433732,-4.8625183,1.2016242e-05,1.4347257e-05,0.98905396,0.000634493,0.010013607,0.00025652023,5.394093e-06,9.549789e-06,2,,,,0.092694685,Test
1482,11,-2.286899,-2.5065854,1.8556057,1.2696679,-3.0738857,0.32594553,-1.6277109,-6.899303,0.008632452,0.006929877,0.543502,0.3025043,0.0039296164,0.117727555,0.016688447,8.570233e-05,2,,,,1.6032608,Test
1483,1,12.157423,-9.896184,-10.542435,10.363099,-9.21028,-3.1450644,-3.661656,-24.757214,0.8574564,2.2670014e-10,1.1879252e-10,0.14254338,4.5012874e-10,1.9383234e-07,1.15630804e-07,7.9687444e-17,0,,,,0.59086853,Test
1484,3,0.27374896,-5.917364,-2.5620267,4.7451735,-1.8363808,1.6699358,-3.526866,-10.500861,0.010784538,2.2081844e-05,0.00063276105,0.94344497,0.0013073257,0.043567013,0.00024111016,2.2565652e-07,3,,,,0.36915642,Test
1485,13,-12.264994,-6.9026074,14.718379,-0.9457549,-2.3578813,3.920865,-7.4100976,-17.223831,1.911004e-12,4.0748885e-10,0.9999794,1.574505e-07,3.835886e-08,2.0449857e-05,2.4531016e-10,1.3417296e-14,2,,,,0.00035283514,Test
1486,20,14.387931,-21.29968,-17.017742,23.785194,-14.740095,-1.6090479,-7.15558,-39.533043,8.2943865e-05,2.6293637e-20,1.9031532e-18,0.99991703,1.8562757e-17,9.362355e-12,3.6522136e-14,3.1710487e-28,3,,,,0.0012442073,Test
1487,3,-5.816551,-5.3138356,8.139532,-1.1482918,3.3677816,-1.9970295,-6.6058283,-4.4550347,8.614488e-07,1.4241518e-06,0.9914697,9.175481e-05,0.008393335,3.9266914e-05,3.912468e-07,3.3614665e-06,2,,,,0.072058775,Test
1488,13,5.990206,-8.435561,-6.058454,9.206072,-6.851843,-1.4651209,-3.1518943,-17.023685,0.038571965,2.0952758e-08,2.257382e-07,0.96140116,1.0210356e-07,2.2308192e-05,4.1296003e-06,3.903604e-12,3,,,,0.23616959,Test
1489,20,3.9175003,-11.781979,-6.77278,12.011407,-6.498464,0.82428104,-4.582376,-20.655067,0.00030529697,4.6400835e-11,6.950123e-09,0.9996809,9.143801e-09,1.3846953e-05,6.212598e-08,6.501181e-15,3,,,,0.0042510135,Test
1490,20,5.2156715,-14.050458,-10.029122,15.089825,-9.248292,-0.11330728,-3.6029723,-24.388475,5.1485782e-05,2.2106195e-13,1.2329852e-11,0.99994826,2.6919574e-11,2.496556e-07,7.617265e-09,7.157623e-18,3,,,,0.00081376015,Test
1491,1,0.46843287,-4.432552,-4.2228575,3.0213957,-3.0343232,1.7164998,-0.75486505,-9.409364,0.05659391,0.00042101645,0.00051924004,0.7269547,0.0017042843,0.19715068,0.016653216,2.9033347e-06,3,,,,1.155278,Test
1492,20,2.021238,-7.938271,-4.3045506,8.206886,-5.347743,0.3909275,-2.9401531,-14.930912,0.0020536706,9.708923e-08,3.675156e-06,0.99752456,1.2948601e-06,0.00040224975,1.4382219e-05,8.91878e-11,3,,,,0.026763696,Test
1493,20,10.112078,-11.439952,-10.202266,12.839612,-9.799131,-2.5306587,-3.558277,-24.286158,0.061368022,2.6792584e-11,9.237083e-11,0.9386317,1.3823356e-10,1.982766e-07,7.095498e-08,7.062817e-17,3,,,,0.33285818,Test
1494,19,4.525528,-9.642541,-1.6246259,9.0020895,-6.602647,-0.34052408,-5.3836746,-19.455938,0.011243319,7.9027895e-09,2.3983719e-05,0.9886453,1.6519225e-07,8.661541e-05,5.589623e-07,4.3239083e-13,3,,,,0.09063854,Test
1495,1,0.47716245,-3.7262824,0.40142003,-1.6685836,2.9299788,-1.2942634,-4.107977,-8.234552,0.07214763,0.0010781747,0.06688483,0.008439885,0.83842987,0.012271613,0.0007360738,1.187879e-05,4,,,,0.9023347,Test
1496,16,7.879854,-13.714397,-11.192963,15.3678255,-9.601207,-0.8856494,-4.1861086,-24.910187,0.00055946416,2.3415766e-13,2.9144295e-12,0.9994404,1.4316734e-11,8.728956e-08,3.2180383e-09,3.2154285e-18,3,,,,0.006853464,Test
1497,1,-1.6194082,-2.8419805,2.8263016,0.10429728,1.1172943,-1.803253,-3.2890174,-3.4037814,0.009192497,0.00270693,0.7837556,0.051526323,0.14189538,0.0076487525,0.0017311362,0.001543441,2,,,,1.0650501,Test
1498,20,2.4454098,-13.755892,-8.238704,14.248038,-8.264227,-0.27153587,-3.2079947,-22.764717,7.4847985e-06,6.887231e-13,1.7144647e-10,0.999992,1.6712615e-10,4.9456753e-07,2.6238403e-08,8.424821e-17,3,,,,0.00015000266,Test
1499,20,-6.1696258,-4.7272425,6.2277217,1.0737875,0.37314233,-1.475848,-3.6439645,-3.682629,4.0918117e-06,1.731151e-05,0.99086666,0.0057238718,0.0028405578,0.00044709264,5.114421e-05,4.9204467e-05,2,,,,0.08653729,Test
1500,3,1.4589748,-2.6285243,-0.16810757,-0.59847176,-0.04103809,-0.5085736,-2.935333,-7.607404,0.582597,0.009776646,0.114481516,0.07444415,0.12999329,0.08144658,0.0071935705,6.728057e-05,0,,,,1.8857751,Test
1501,1,2.4023654,-3.7562273,-4.252456,4.7844396,-4.95558,-1.2148532,-0.68865484,-8.481653,0.08400742,0.00017769488,0.00010818458,0.90957665,5.35553e-05,0.0022562102,0.0038186035,1.5756096e-06,3,,,,0.47949538,Test
1502,20,-0.6313422,-8.72464,-2.4236367,7.4541764,-4.9154015,2.2135885,-3.5312066,-16.374315,0.00030622806,9.3577356e-08,5.101071e-05,0.99435437,4.221842e-06,0.0052672345,1.6851942e-05,4.456141e-11,3,,,,0.052634977,Test
1503,3,1.409784,-6.421446,-1.243853,4.4446406,-1.2846274,1.2069595,-4.7042537,-12.543822,0.04394637,1.7452714e-05,0.003093593,0.91399664,0.0029699907,0.03587877,9.719194e-05,3.827799e-08,3,,,,0.5412367,Test
1504,1,-8.646212,-4.2290363,10.363701,-1.680752,-0.20724641,-2.0877337,-4.6527157,-3.9511209,5.547329e-09,4.5966215e-07,0.99996316,5.876851e-06,2.5649551e-05,3.9119604e-06,3.0091036e-07,6.0692656e-07,2,,,,0.0006455905,Test
1505,3,-3.4614267,-3.3539793,7.4411144,-0.3857146,-0.48846248,-0.02481674,-5.0553374,-7.516563,1.8386127e-05,2.0471713e-05,0.9986279,0.00039834104,0.0003594448,0.0005714669,3.734766e-06,3.1868876e-07,2,,,,0.01742858,Test
1506,19,-9.5021715,-7.853416,15.660593,-0.39188164,1.4726661,0.32289895,-10.185861,-11.047425,1.1801829e-11,6.1375495e-11,0.9999989,1.06782046e-07,6.890663e-07,2.182346e-07,5.9569905e-12,2.5168318e-12,2,,,,2.287104e-05,Test
1507,13,-1.8287492,-5.106684,4.425094,2.125055,-1.3589906,0.44895172,-5.188917,-10.742554,0.0017106673,6.4502485e-05,0.88955986,0.089182764,0.0027363969,0.01668624,5.9410464e-05,2.3011728e-07,2,,,,0.60047054,Test
1508,1,-9.9424715,-7.2041593,16.431162,-0.5493662,-0.43796697,1.7208974,-9.988442,-13.777948,3.516219e-12,5.436388e-11,0.9999995,4.2213387e-08,4.718784e-08,4.0870808e-07,3.3582345e-12,7.59189e-14,2,,,,1.1546369e-05,Test
1509,19,-5.3416114,-4.496882,8.044738,-0.68654567,1.4608957,-0.59460944,-6.087676,-5.312962,1.5333196e-06,3.5685648e-06,0.9982747,0.00016117658,0.0013801416,0.00017669704,7.271445e-07,1.577882e-06,2,,,,0.019972697,Test
1510,1,6.482966,-5.4426756,-4.867826,5.4407835,-3.7562747,-1.9055538,-3.4725173,-14.318393,0.73909104,4.8916727e-06,8.691839e-06,0.26066568,2.6415097e-05,0.00016811649,3.508217e-05,6.8356915e-10,0,,,,0.8312554,Test
1511,20,3.7650578,-10.946924,-8.334917,11.412055,-6.9271727,0.006437164,-2.7202494,-19.277136,0.00047724208,1.9471824e-10,2.6533034e-09,0.9995109,1.0843317e-08,1.1127323e-05,7.281248e-07,4.695066e-14,3,,,,0.006169201,Test
1512,1,1.7027236,-4.486375,-1.9233532,4.9779906,-4.3012757,-0.3865947,-2.3405678,-9.321835,0.036202036,7.4274874e-05,0.00096371345,0.95755434,8.937772e-05,0.0044807796,0.00063497084,5.8996744e-07,3,,,,0.2868374,Test
1513,3,-3.4943964,-8.592311,10.633337,3.3801575,-2.9547875,0.517816,-9.215809,-18.205336,7.312698e-07,4.4676773e-09,0.9992501,0.0007073891,1.2543734e-06,4.0416537e-05,2.3949678e-09,2.9867428e-13,2,,,,0.009113811,Test
1514,16,-11.47136,-10.7647,19.623528,-0.3024612,0.6174921,-0.39710754,-12.485513,-16.856384,3.13085e-14,6.346883e-14,1.0,2.2194884e-09,5.569086e-09,2.0190563e-09,1.1355896e-14,1.4354088e-16,2,,,,2.7483023e-07,Test
1515,3,-5.0312653,-9.108407,1.6322774,-1.6268339,7.7441926,2.3460255,-7.964473,-9.0507555,2.8101754e-06,4.7648896e-08,0.0022012687,8.4578256e-05,0.9932168,0.004494174,1.4957436e-07,5.0476654e-08,4,,,,0.065430455,Test
1516,3,-6.4814043,-5.4357142,10.175263,-1.0183828,2.7933397,-0.08574201,-7.6585236,-8.225443,5.8318943e-08,1.6593856e-07,0.9993291,1.375212e-05,0.00062198483,3.494705e-05,1.7971887e-08,1.0194899e-08,2,,,,0.008337592,Test
1517,20,-8.982604,-7.216615,14.879151,1.1622059,-1.4442773,1.5865183,-8.397,-14.46229,4.33481e-11,2.5347172e-10,0.99999714,1.1035828e-06,8.1437335e-08,1.6868698e-06,7.7856444e-11,1.8078915e-13,2,,,,6.0246286e-05,Test
1518,19,-1.5888304,-5.2052693,0.17932816,3.9279072,-1.5972712,-0.672396,-2.4707575,-7.7385044,0.0038518286,0.00010353026,0.022571916,0.9584194,0.0038194524,0.009630954,0.0015945969,8.220486e-06,3,,,,0.32458484,Test
1519,19,-4.4754853,-5.772021,10.802675,-0.030429326,0.29951334,-0.060589094,-8.088939,-11.432947,2.3160634e-07,6.333915e-08,0.99993336,1.9733936e-05,2.7447677e-05,1.9147647e-05,6.243783e-09,2.2037532e-10,2,,,,0.0011273574,Test
1520,13,1.1206362,-2.512891,1.5811143,1.501029,-3.1722457,-0.34281182,-2.8168032,-8.5953045,0.23047985,0.0060899258,0.36527172,0.33715954,0.0031496198,0.05334154,0.0044939127,1.3901246e-05,2,,,,1.8793702,Test
1521,20,3.3513017,-6.872082,-4.016841,6.434409,-2.9453983,-1.0152712,-3.5807328,-13.618839,0.043778423,1.589647e-06,2.7625902e-05,0.9555132,8.065626e-05,0.0005557528,4.2728298e-05,1.8673303e-09,3,,,,0.2685069,Test
1522,13,0.3625859,-4.0869164,0.08026604,2.6448154,-1.736312,-1.1468198,-2.8544776,-7.8608937,0.083694674,0.0009779203,0.06310849,0.82008237,0.010260252,0.018499978,0.0033538584,2.2453609e-05,3,,,,0.9977177,Test
1523,1,1.7745612,-5.744256,-3.9244657,5.458996,-4.0107584,-1.0550262,-2.0782464,-9.488472,0.024443997,1.3267572e-05,8.186845e-05,0.97342366,7.51e-05,0.0014431056,0.00051870366,3.1383337e-07,3,,,,0.19035053,Test
1524,20,0.53260326,-10.400417,-0.8911378,8.845381,-5.783063,0.76426214,-5.176636,-19.986464,0.00024521077,4.379142e-09,5.9049544e-05,0.99938536,4.4328252e-07,0.0003091347,8.129215e-07,3.007614e-13,3,,,,0.008287234,Test
1525,1,-3.7734406,-6.745308,-2.380242,2.8692849,0.47484133,4.704764,-3.4314055,-10.207335,0.00017691395,9.059345e-06,0.00071255874,0.13572542,0.012381335,0.8507454,0.0002490612,2.8415607e-07,5,,,,0.6806901,Test
1526,20,1.2090352,-6.4560075,2.3630183,5.0775766,-4.123382,-0.097680405,-4.918566,-14.048641,0.019112602,8.962597e-06,0.06060219,0.91496825,9.2359296e-05,0.005173928,4.170001e-05,4.518513e-09,3,,,,0.5128182,Test
1527,20,5.9471507,-13.247207,-9.270175,14.415842,-8.923748,-0.6791015,-3.702963,-23.40077,0.00020989546,9.682772e-13,5.166574e-11,0.9997899,7.305561e-11,2.781364e-07,1.3521091e-08,3.7701853e-17,3,,,,0.0028740137,Test
1528,1,1.7009641,-5.173532,-4.3701987,5.917425,-4.795046,-1.0965649,-1.262569,-9.427454,0.014511553,1.5002306e-05,3.349972e-05,0.9837839,2.1904465e-05,0.0008846319,0.00074932096,2.1315886e-07,3,,,,0.1296554,Test
1529,19,-6.0501127,-5.2138476,8.632536,-1.346302,2.962806,-2.013412,-6.4144273,-4.381542,4.1867736e-07,9.661945e-07,0.9964896,4.620814e-05,0.003436689,2.3713526e-05,2.9084384e-07,2.2209074e-06,2,,,,0.034290217,Test
1530,1,-4.191667,-5.692042,2.51413,3.7606585,-2.2353737,-1.269788,-2.4034712,-7.137051,0.00027084048,6.041003e-05,0.22131169,0.7697767,0.0019156715,0.005031177,0.0016192624,1.4241296e-05,3,,,,0.847126,Test
1531,1,-4.5544653,-10.045398,0.44623405,-3.360511,10.397935,0.37720278,-8.864173,-11.112181,3.2078532e-07,1.3229177e-09,4.764205e-05,1.0586255e-06,0.9999064,4.446423e-05,4.3105453e-09,4.552337e-10,4,,,,0.0014897694,Test
1532,13,-1.4664061,-4.23033,6.384974,1.6382499,-2.1215308,0.113242894,-5.1819367,-10.075791,0.00038490552,2.4265953e-05,0.98892945,0.008583991,0.0001999112,0.0018680444,9.3695735e-06,7.020136e-08,2,,,,0.099089645,Test
1533,3,-2.463043,-6.1231,1.5033575,-1.7412014,5.6015177,-1.1740806,-6.178887,-6.7392526,0.0003087082,7.943392e-06,0.01629799,0.0006353896,0.98161787,0.0011203078,7.51238e-06,4.289571e-06,4,,,,0.14473891,Test
1534,13,-7.7466636,-6.4845467,14.170704,0.03684126,-0.5114435,1.1507283,-8.849497,-13.349157,3.029748e-10,1.070378e-09,0.99999654,7.273443e-07,4.2036163e-07,2.215618e-06,1.0056627e-10,1.1175697e-12,2,,,,7.021345e-05,Test
1535,3,7.026634,-7.696578,-6.552748,8.401946,-6.351351,-1.5686526,-3.2067127,-16.77188,0.20175387,8.139768e-08,2.5548817e-07,0.7982009,3.124905e-07,3.731955e-05,7.253302e-06,9.316639e-12,3,,,,0.7261596,Test
1536,3,-0.560471,-3.481652,3.8898027,0.42443135,0.7760745,-1.5740156,-4.495753,-5.8293962,0.010686583,0.00057568646,0.9153098,0.028613858,0.04067178,0.0038784829,0.0002088179,5.5026707e-05,2,,,,0.56203115,Test
1537,11,-5.562438,-2.8568716,4.890755,0.839462,-2.0387952,-0.32903218,-2.127127,-4.045972,2.8144625e-05,0.0004211223,0.9753484,0.016970921,0.0009543207,0.0052751503,0.0008736394,0.00012822961,2,,,,0.20009717,Test
1538,20,2.5242295,-7.6522546,-4.828237,8.105089,-5.200086,0.48966026,-2.8453934,-14.389553,0.0037532453,1.4282895e-07,2.405864e-06,0.9957344,1.6587429e-06,0.0004906872,1.747469e-05,1.6937313e-10,3,,,,0.04213333,Test
1539,19,8.9291,-10.173423,-8.074197,11.466219,-8.762499,-1.8693209,-3.888775,-21.725975,0.073296495,3.7064946e-10,3.024439e-09,0.9267017,1.5195656e-09,1.4975751e-06,1.9877002e-07,3.5624935e-15,3,,,,0.3781426,Test
1540,1,6.4153433,-7.455232,-1.6853123,7.1700644,-5.865473,-1.6979992,-4.6113396,-16.811087,0.31972957,3.0259966e-07,9.69868e-05,0.6800707,1.4835151e-06,9.5764124e-05,5.1994225e-06,2.616208e-11,3,,,,0.9069623,Test
1541,1,2.1166039,-6.3347774,-5.1656404,6.3636436,-4.3940454,0.37091464,-2.032519,-12.437303,0.014066501,3.004676e-06,9.672703e-06,0.983223,2.0924124e-05,0.002454951,0.0002219447,6.722104e-09,3,,,,0.13505144,Test
1542,3,6.923488,-9.896134,-6.951184,10.959018,-7.9500732,-0.64643234,-4.052931,-20.608551,0.01736913,8.6120955e-10,1.6371347e-08,0.98262167,6.0293717e-09,8.957845e-06,2.9701604e-07,1.917631e-14,3,,,,0.12657298,Test
1543,20,-4.5775557,-6.428618,14.062974,0.12001842,-1.701344,1.1439558,-9.484314,-16.346647,8.026373e-09,1.2607037e-09,0.99999654,8.803384e-07,1.4244328e-07,2.4509834e-06,5.936653e-11,6.212514e-14,2,,,,7.1872564e-05,Test
1544,13,-2.1404197,-4.8043313,5.1823096,2.5503674,-2.661091,0.7397034,-4.736014,-9.979326,0.0006087074,4.241177e-05,0.92178464,0.0663119,0.00036164603,0.010845017,4.54105e-05,2.3989128e-07,2,,,,0.45058888,Test
1545,1,7.6608186,-10.633736,-8.434158,12.192237,-8.728109,-1.306597,-3.4988186,-20.60514,0.0106507195,1.2082439e-10,1.0899809e-09,0.9893477,8.123785e-10,1.3579381e-06,1.5163876e-07,5.6445386e-15,3,,,,0.08510883,Test
1546,3,-0.446835,-5.8020763,-1.9982295,4.2295156,-1.6246103,1.1732253,-3.3324149,-8.502754,0.008771032,4.1428495e-05,0.0018590397,0.94181144,0.002701154,0.044323497,0.0004896201,2.7823367e-06,3,,,,0.3866078,Test
1547,1,-0.81049645,-1.5808774,-3.6554093,-1.3341737,-4.7728624,2.233712,2.7923577,-9.9458065,0.016714389,0.007736032,0.00097176316,0.009900571,0.0003178754,0.35089195,0.61346555,1.8016726e-06,6,,,,1.1949193,Test
1548,20,14.194894,-21.968048,-16.934479,24.169462,-15.050229,-1.2386882,-7.295486,-40.444546,4.656716e-05,9.177255e-21,1.4085238e-18,0.9999534,9.270087e-18,9.233376e-12,2.162351e-14,8.679076e-29,3,,,,0.00073727465,Test
1549,13,-0.2591126,-6.986902,4.830608,4.7702494,-4.1192875,0.8774343,-5.9509425,-15.172443,0.0031316387,3.7491225e-06,0.5084044,0.47862557,6.59658e-05,0.009758156,1.0564318e-05,1.0447065e-09,2,,,,1.0973582,Test
1550,1,-3.8465445,-4.261658,-1.8330564,0.0012972876,-0.3600426,4.7058115,-1.6237152,-8.417256,0.00018950531,0.00012512368,0.00141928,0.008886237,0.0061914143,0.9814368,0.0017497811,1.9614913e-06,5,,,,0.1659565,Test
1551,19,5.2664037,-3.404218,-1.2499455,2.2435184,-3.7740135,-2.155704,-2.5587454,-13.0621605,0.95108825,0.00016316146,0.0014067154,0.046280537,0.000112724345,0.00056864397,0.0003800159,1.0428618e-08,0,,,,0.30129826,Test
1552,13,-6.3355994,-6.0608735,0.7544132,4.223571,-3.3047483,-0.72426534,-0.5563108,-4.9509826,2.478124e-05,3.261629e-05,0.029735561,0.95479953,0.0005133394,0.006777887,0.008017446,9.895882e-05,3,,,,0.32697132,Test
1553,1,0.87427825,-4.209683,-2.9103615,3.3536577,-1.9919728,-0.07450813,-1.8388228,-8.313479,0.07422073,0.0004598211,0.001686076,0.88573956,0.0042240415,0.028739056,0.0049231197,7.59159e-06,3,,,,0.6725083,Test
1554,13,-11.010463,-7.420852,18.79408,-1.8043602,0.66772896,-0.5140136,-10.428744,-12.965578,1.1377626e-13,4.1209666e-12,1.0,1.132951e-09,1.3422246e-08,4.1171937e-09,2.0355827e-13,1.6104803e-14,2,,,,4.99528e-07,Test
1555,1,-0.40680724,-8.665865,-3.0054271,4.6844597,2.0938015,-0.73906964,-4.6448755,-11.866077,0.005662769,1.4661073e-06,0.00042117498,0.9207422,0.06902867,0.0040619005,8.174463e-05,5.974906e-08,3,,,,0.45630616,Test
1556,20,3.6195064,-15.523235,-11.043257,16.006859,-8.960031,1.0905875,-3.6689863,-25.781187,4.1709923e-06,2.0260591e-14,1.7876484e-12,0.99999547,1.4355428e-11,3.3261648e-07,2.8502742e-09,7.106888e-19,3,,,,8.831515e-05,Test
1557,16,-6.9264774,-5.803262,11.136861,-0.663569,1.9416989,-0.7560359,-7.6642823,-7.5802665,1.4293581e-08,4.3948884e-08,0.999884,7.5004596e-06,0.00010151765,6.838018e-06,6.8346564e-09,7.4336945e-09,2,,,,0.0017608264,Test
1558,1,-4.9977837,-7.733047,2.2540858,-2.5633526,7.78053,-0.2660949,-7.292541,-7.6459794,2.8091172e-06,1.8224696e-07,0.003962932,3.205013e-05,0.9956827,0.00031879835,2.8311936e-07,1.9882586e-07,4,,,,0.04208397,Test
1559,3,0.0443062,-8.322838,-4.510605,6.138601,-1.1376193,2.658545,-4.082142,-13.645292,0.0021819219,5.070309e-07,2.2943845e-05,0.96729213,0.0006691682,0.029798103,3.5216428e-05,2.4746958e-09,3,,,,0.2246734,Test
1560,20,5.5409946,-13.362788,-5.463033,13.399739,-8.42412,0.41387817,-5.844825,-24.671402,0.0003862085,2.3823922e-12,6.4244134e-09,0.99961156,3.3254408e-10,2.291625e-06,4.3855417e-09,2.9224367e-17,3,,,,0.0049826694,Test
1561,13,2.649952,-7.0819664,1.6495526,5.966649,-4.4760447,-0.28189704,-5.0756793,-14.532157,0.034492895,2.0474404e-06,0.012684158,0.9509396,2.7729924e-05,0.0018384161,1.5224073e-05,1.1902401e-09,3,,,,0.33389434,Test
1562,11,-5.9269133,-4.0942025,7.9503827,-0.6239383,0.5763892,-0.4793102,-5.0771995,-5.3399706,9.3910256e-07,5.8701526e-06,0.99895585,0.00018869748,0.0006267028,0.00021806052,2.1965407e-06,1.6889586e-06,2,,,,0.013354937,Test
1563,19,5.1605053,-11.079322,-4.480037,11.437012,-7.4551635,-0.22579025,-5.291782,-21.303274,0.0018764129,1.6613481e-10,1.2203763e-07,0.9981148,6.2289214e-09,8.591916e-06,5.419479e-08,6.0291238e-15,3,,,,0.01986223,Test
1564,19,-12.053677,-6.981883,16.856136,-2.9112544,1.3675243,-2.4723759,-8.801268,-7.5308785,2.7837338e-13,4.4389395e-11,0.99999976,2.6009437e-09,1.8766406e-07,4.03398e-09,7.196659e-12,2.5636228e-11,2,,,,4.6407613e-06,Test
1565,3,-3.9247339,-4.284397,8.186499,0.40702894,-0.19938883,-0.26215607,-5.7090344,-7.7440867,5.492631e-06,3.83337e-06,0.99912995,0.00041787012,0.00022786492,0.00021400192,9.222928e-07,1.2051926e-07,2,,,,0.011497092,Test
1566,1,7.292104,-14.914124,-12.237139,16.188868,-9.834397,-0.3585803,-4.084298,-26.608587,0.00013681228,3.105154e-14,4.5152605e-13,0.999863,4.99091e-12,6.508419e-08,1.568253e-09,2.589656e-19,3,,,,0.0019550784,Test
1567,19,-12.138819,-7.126452,15.604545,-1.9362817,0.5762323,-0.19342421,-8.476141,-8.347296,8.9373886e-13,1.3429297e-10,0.99999964,2.4105468e-08,2.9736276e-07,1.377302e-07,3.4825018e-11,3.961395e-11,2,,,,1.0891264e-05,Test
1568,1,-2.276948,-2.2389472,1.1422153,0.8183833,-1.452343,-2.678218,-1.436681,-0.21802117,0.014753153,0.015324573,0.45061803,0.32596436,0.033651643,0.009876783,0.03418284,0.11562864,2,,,,1.9843293,Test
1569,3,4.7241406,-8.99011,-6.840845,9.161823,-4.8498263,0.48779964,-4.023635,-17.253891,0.011683142,1.2928142e-08,1.1090476e-07,0.9881451,8.12154e-07,0.00016894296,1.8554489e-06,3.3313617e-12,3,,,,0.094172,Test
1570,20,-4.332558,-7.8732033,-3.5991848,6.695106,-4.346743,3.7432742,-1.2787772,-12.693381,1.5433354e-05,4.4748396e-07,3.2133677e-05,0.949979,1.5215978e-05,0.049630627,0.00032711506,3.6091186e-09,3,,,,0.2901268,Test
1571,16,-5.7691793,-4.9800644,9.12221,0.5790086,0.1747676,-0.9222033,-5.6349554,-7.282347,3.40872e-07,7.504117e-07,0.9996302,0.00019479335,0.00013002135,4.341166e-05,3.898379e-07,7.5063895e-08,2,,,,0.0052745803,Test
1572,3,10.977041,-12.639506,-10.733587,14.354495,-10.733117,-2.4746163,-4.1387177,-25.812582,0.03300757,1.8284254e-12,1.2297244e-11,0.96699244,1.2303015e-11,4.7493373e-08,8.99337e-09,3.4760305e-18,3,,,,0.20925875,Test
1573,1,-2.0833938,-4.734345,1.3802427,3.858573,-3.137318,1.4076567,-2.884957,-9.206444,0.0022356112,0.00015779845,0.071389556,0.8510592,0.00077926123,0.07337369,0.0010029557,1.8025822e-06,3,,,,0.7861414,Test
1574,16,-1.3098817,-4.983902,3.0933537,-0.9992197,4.5494757,-1.6160287,-6.1790667,-7.018171,0.002296999,5.8284637e-05,0.18769887,0.0031338595,0.8050955,0.0016912306,1.7640084e-05,7.622239e-06,4,,,,0.7678239,Test
1575,1,0.31162706,-3.668581,-3.4245403,2.9740088,-3.2343528,0.44251996,-0.5555167,-7.605327,0.058954947,0.0011013818,0.0014057994,0.8448467,0.001700281,0.067199536,0.024769913,2.1489712e-05,3,,,,0.88032675,Test
1576,19,-2.862437,-4.4442616,5.8728313,-0.66858906,2.9693863,-2.1753414,-5.5605364,-5.8572583,0.00015216843,3.128578e-05,0.94624484,0.0013648996,0.05188638,0.00030250073,1.0246015e-05,7.6153615e-06,2,,,,0.31612995,Test
1577,19,-3.107474,-5.036948,1.852069,-1.7258565,4.4496894,0.21945271,-5.035818,-5.64828,0.00047843708,6.948082e-05,0.06819097,0.0019048189,0.9159233,0.013325721,6.955932e-05,3.770221e-05,4,,,,0.4882173,Test
1578,19,-0.969249,-5.079194,3.0026495,2.9828713,-1.7361745,-0.30702236,-4.8447757,-10.836367,0.009210514,0.00015113238,0.48894218,0.47936675,0.004277721,0.017860156,0.00019105744,4.775834e-07,2,,,,1.2171806,Test
1579,7,-4.545454,-10.343884,-0.008171659,-2.9870343,10.281131,1.0827994,-8.650561,-11.340168,3.6377796e-07,1.1030876e-09,3.3990138e-05,1.7284199e-06,0.9998627,0.00010119419,5.998062e-09,4.0731385e-10,4,,,,0.0020865747,Test
1580,3,6.5085435,-2.9662168,-1.2244114,1.9160485,-3.4512002,-3.084305,-2.8379207,-12.441361,0.98927116,7.594153e-05,0.00043344666,0.010018903,4.675776e-05,6.748295e-05,8.633712e-05,5.827416e-09,0,,,,0.09058685,Test
1581,20,10.459944,-12.761706,-10.785504,14.407079,-10.353305,-2.0089571,-4.2327137,-25.586441,0.018944131,1.5575436e-12,1.1238124e-11,0.9810557,1.731393e-11,7.28282e-08,7.880145e-09,4.1949724e-18,3,,,,0.13547243,Test
1582,3,3.9608393,-7.7286897,-5.923267,7.9533668,-5.208931,1.01189,-3.4681165,-15.911036,0.01810124,1.5170866e-07,9.227744e-07,0.98093665,1.88507e-06,0.0009484095,1.0748649e-05,4.240944e-11,3,,,,0.14176385,Test
1583,3,-4.685289,-4.2589912,9.806315,-0.86906147,0.3848916,0.5832567,-7.0021834,-8.974323,5.0849627e-07,7.7880065e-07,0.999796,2.310224e-05,8.0954116e-05,9.8716075e-05,5.012718e-08,6.9756267e-09,2,,,,0.003092064,Test
1584,20,1.0519227,-7.7910056,-5.310552,7.583734,-4.1651483,0.8342546,-2.454255,-13.140707,0.0014524698,2.0973556e-07,2.505644e-06,0.99732494,7.87702e-06,0.0011683557,4.3590673e-05,9.961532e-10,3,,,,0.029744469,Test
1585,20,1.399261,-7.8707166,-5.433251,8.651147,-6.353941,-0.8043476,-0.7535517,-13.299348,0.0007082198,6.6721796e-08,7.6356434e-07,0.9991302,3.0408518e-07,7.819029e-05,8.226469e-05,2.9284872e-10,3,,,,0.010871496,Test
1586,16,-16.843525,-10.524652,23.233107,-3.833106,2.9334507,-3.8606076,-12.333277,-9.077016,3.934965e-18,2.1836927e-15,1.0,1.7591125e-12,1.5274657e-09,1.7113925e-12,3.5786231e-16,9.287347e-15,2,,,,4.4869832e-08,Test
1587,1,1.3862201,-7.8732615,-5.8639646,7.7073107,-5.1182313,0.75544375,-1.7267556,-13.963353,0.0017928914,1.7069166e-07,1.27303e-06,0.9971691,2.6835303e-06,0.0009541382,7.972705e-05,3.8665096e-10,3,,,,0.031172978,Test
1588,13,11.103914,-11.571683,-8.451888,12.96613,-10.252407,-2.3983192,-4.50537,-24.483551,0.13444494,1.9083487e-11,4.3208323e-10,0.86555487,7.138589e-11,1.8390729e-07,2.2362398e-08,4.710913e-17,3,,,,0.5695086,Test
1589,20,0.71391666,-3.214071,1.9991239,2.3306818,-2.6545396,-0.5209181,-2.9882503,-8.256153,0.099780545,0.001964004,0.3607483,0.5025717,0.003436718,0.029024445,0.002461587,1.2688026e-05,3,,,,1.5768133,Test
1590,20,6.685609,-8.415733,-6.9001856,9.434234,-7.035796,-1.4100018,-3.2921102,-17.831104,0.06016308,1.6630299e-08,7.569976e-08,0.9398156,6.609971e-08,1.8342183e-05,2.7929402e-06,1.3547414e-12,3,,,,0.3284647,Test
1591,19,5.549384,-7.8445864,-2.9467933,8.120494,-6.500487,-1.3319435,-3.8594193,-16.335155,0.07101439,1.08247754e-07,1.4504519e-05,0.9288919,4.1510094e-07,7.2916155e-05,5.8231067e-06,2.2233672e-11,3,,,,0.37117085,Test
1592,13,-4.485601,-7.0330777,10.265965,1.8558276,-1.5384415,1.1415699,-8.106502,-15.402052,3.9203866e-07,3.0688337e-08,0.9996606,0.00022252355,7.4690215e-06,0.00010893765,1.0490387e-08,7.1182604e-12,2,,,,0.00476018,Test
1593,19,-3.3945541,-3.952899,5.690703,-0.11046791,1.1670672,1.0844736,-5.487071,-7.891007,0.000110662215,6.331591e-05,0.9765088,0.0029529743,0.010594637,0.009754751,1.3653073e-05,1.2337141e-06,2,,,,0.19555224,Test
1594,1,6.194776,-6.653479,-6.415439,6.5702558,-4.74342,-1.5118722,-2.7948472,-16.209856,0.4071184,1.0710122e-06,1.3588574e-06,0.592638,7.2330677e-06,0.00018313278,5.076648e-05,7.5772714e-11,3,,,,0.9782992,Test
1595,20,5.699613,-13.126608,-8.774873,14.162065,-8.76122,-0.2444839,-4.1684585,-23.659113,0.00021120872,1.4079517e-12,1.0927547e-10,0.9997882,1.1077762e-10,5.5363495e-07,1.0941156e-08,3.7530028e-17,3,,,,0.002895869,Test
1596,20,0.7570042,-2.4336154,2.3921528,1.3716877,-2.5532525,-0.505362,-2.9783697,-7.861053,0.119560406,0.004919475,0.6133712,0.2210757,0.004364769,0.033833634,0.002853219,2.1617849e-05,2,,,,1.5419356,Test
1597,3,3.0410964,-7.682406,-3.5870948,6.9701896,-4.1677485,-0.2588635,-3.7119956,-15.247458,0.019267464,4.2429375e-07,2.5482244e-05,0.97995925,1.4258151e-05,0.0007106736,2.2490232e-05,2.1989041e-10,3,,,,0.14680845,Test
1598,1,2.7001255,-5.46327,-3.4871724,4.0202713,-1.0121862,-1.1263126,-3.039318,-10.511867,0.20851864,5.9405575e-05,0.00042858373,0.780687,0.0050922353,0.004543012,0.0006707122,3.812849e-07,3,,,,0.8373184,Test
1599,3,4.7191143,-6.944544,-2.1978228,6.1562204,-3.6474533,-0.93104035,-4.6469483,-14.629042,0.19181585,1.6497651e-06,0.00019006274,0.8072569,4.459954e-05,0.0006746112,1.6415534e-05,7.58729e-10,3,,,,0.7166996,Test
1600,16,-1.991257,-3.4725902,4.084854,-0.9388044,1.816162,-1.5736899,-4.3160133,-4.29718,0.002056874,0.00046759797,0.8954248,0.0058922595,0.092629366,0.0031228755,0.00020117719,0.00020500188,2,,,,0.5587792,Test
1601,3,-1.4402825,-5.3674936,1.226151,0.49926114,2.7321813,1.1424702,-5.459442,-8.70936,0.009951128,0.00019602259,0.14318241,0.06921583,0.6455804,0.13168843,0.00017880241,6.933491e-06,4,,,,1.5318464,Test
1602,13,-2.9271338,-5.320385,6.762853,1.7475948,-1.4570985,-0.9176815,-5.388975,-11.526618,6.1443076e-05,5.6117337e-06,0.9926152,0.006586913,0.0002672399,0.00045831813,5.2397277e-06,1.131787e-08,2,,,,0.067649625,Test
1603,3,-5.6044893,-6.1599627,7.965389,-1.3803337,4.5371037,-1.6139048,-7.461124,-5.258597,1.2380655e-06,7.1040273e-07,0.96842635,8.458065e-05,0.0314182,6.696261e-05,1.9338253e-07,1.7496959e-06,2,,,,0.20382145,Test
1604,7,-3.4037912,-3.285712,5.6003394,1.0285938,-1.6819232,-0.039658297,-3.6655405,-6.508503,0.000121091805,0.00013626863,0.98527825,0.010187671,0.00067750475,0.0035005729,9.320485e-05,5.429443e-06,2,,,,0.12885316,Test
1605,19,0.12254593,-10.341377,-4.233897,9.888806,-5.5629897,0.467092,-2.9008598,-16.156702,5.7346308e-05,1.6371242e-09,7.354042e-07,0.999858,1.9467437e-07,8.09356e-05,2.7890537e-06,4.8810964e-12,3,,,,0.002183804,Test
1606,11,-1.373153,-4.8718486,0.15547237,3.5814812,-2.284211,0.78911084,-2.6558514,-8.485371,0.0063757715,0.00019278287,0.02940399,0.90428025,0.0025636887,0.055410493,0.0017679258,5.1967995e-06,3,,,,0.59933585,Test
1607,1,-4.1474905,-5.212816,2.0395796,2.2552211,0.6967333,-1.6210645,-2.8125498,-3.776483,0.00080905796,0.000278814,0.39354116,0.4882498,0.10275415,0.010120284,0.0030742355,0.0011724825,3,,,,1.4875286,Test
1608,1,-9.284442,-6.811107,12.922367,-2.1544526,3.4169352,-2.911765,-8.351509,-5.202108,2.2681532e-10,2.6904705e-09,0.999925,2.8326178e-07,7.4440744e-05,1.3282848e-07,5.765545e-10,1.3446454e-08,2,,,,0.0011384967,Test
1609,3,8.606848,-9.622619,-8.089438,10.104177,-6.4941235,-2.462349,-4.271198,-20.796467,0.18282351,2.2134807e-09,1.0254807e-08,0.8171731,5.0554934e-08,2.8493184e-06,4.6683962e-07,3.1069534e-14,3,,,,0.68628275,Test
1610,20,-1.8565769,-9.83585,-5.1176386,9.380443,-4.9681234,1.4804844,-1.7485224,-14.700597,1.3171974e-05,4.511244e-09,5.0511443e-07,0.99960047,5.865748e-07,0.0003706109,1.46750035e-05,3.479877e-11,3,,,,0.0052724434,Test
1611,1,3.1157808,-10.297617,-5.912087,8.478939,-1.5876932,-0.33379006,-5.418201,-16.958857,0.0046633314,6.9715864e-09,5.596845e-07,0.9951448,4.2267195e-05,0.00014810398,9.1713827e-07,8.920557e-12,3,,,,0.045630693,Test
1612,20,-3.3730378,-4.840235,1.6698427,0.92613566,2.3324182,0.33823025,-4.1244793,-6.2527595,0.0017491052,0.00040329256,0.27096364,0.12880215,0.5256103,0.07154826,0.0008250283,9.8212935e-05,4,,,,1.6815827,Test
1613,19,-1.8604791,-4.1175046,5.766592,0.45715526,0.32507452,-0.98606044,-5.3009896,-10.01337,0.000481786,5.0424405e-05,0.9891205,0.004890915,0.004285764,0.0011550729,1.5440444e-05,1.387072e-07,2,,,,0.10441374,Test
1614,20,-7.9438505,-5.3685446,10.05798,0.24852896,0.3514032,-0.08408217,-5.882611,-6.6435924,1.5199754e-08,1.9965404e-07,0.99984443,5.4921496e-05,6.0872328e-05,3.9381368e-05,1.1940492e-07,5.578683e-08,2,,,,0.0024392928,Test
1615,3,0.6979731,-5.543936,-2.7321236,4.9005733,-2.68586,-1.3612938,-2.346418,-8.209441,0.014683534,2.857615e-05,0.0004755086,0.98174024,0.00049802416,0.001872847,0.0006993077,1.9878787e-06,3,,,,0.15099984,Test
1616,16,2.741473,-7.2229514,-3.1759365,7.179054,-4.363279,0.7902345,-3.8396466,-13.839761,0.011666275,5.4882986e-07,3.1407555e-05,0.9866182,9.580271e-06,0.0016577544,1.6172913e-05,7.3416584e-10,3,,,,0.1103015,Test
1617,1,-1.2333213,-3.7744758,-4.0169673,0.8171554,-0.6472196,3.6717565,-3.0595376,-11.38722,0.0068566576,0.00054013607,0.00042382887,0.05328724,0.01232121,0.9254666,0.0011040706,2.6688863e-07,5,,,,0.47772688,Test
1618,1,-4.785282,-3.0985017,2.0628223,-0.37093675,-0.9063631,-1.3399744,-1.5429131,1.090006,0.00066998554,0.0036193025,0.631189,0.055359382,0.032408476,0.02100601,0.017147802,0.23860012,2,,,,1.5578226,Test
1619,1,3.9409673,-9.002324,-7.5508957,10.088019,-7.2483687,-1.147735,-1.8320129,-15.886693,0.0021351695,5.107781e-09,2.1806159e-08,0.99784493,2.9509753e-08,1.3165492e-05,6.641386e-06,5.228641e-12,3,,,,0.022376796,Test
1620,3,6.8988843,-10.790074,-8.286866,11.763181,-7.862869,-1.3114095,-4.075627,-20.763817,0.007658139,1.5918644e-10,1.9455195e-09,0.9923396,2.9728673e-09,2.0817938e-06,1.3120591e-07,7.419339e-15,3,,,,0.06487898,Test
1621,1,-0.13827126,-3.981129,-1.8895307,-0.51565504,1.1556553,1.5971843,-2.896425,-8.154634,0.08878654,0.0019028964,0.015409369,0.06087675,0.32381147,0.5035538,0.005629841,2.9301164e-05,5,,,,1.733646,Test
1622,1,3.553939,-12.471022,-7.0862436,12.26134,-7.312706,-0.690525,-3.7577295,-20.423933,0.00016532966,1.8146767e-11,3.957111e-09,0.99983215,3.155197e-09,2.3713928e-06,1.1039097e-07,6.3810736e-15,3,,,,0.002366126,Test
1623,20,0.25997058,-5.2935915,-5.2886124,5.6404433,-6.698341,0.08703421,0.93411756,-13.23609,0.004526174,1.753275e-05,1.762025e-05,0.982745,4.3030354e-06,0.0038073773,0.008881977,6.2296905e-09,3,,,,0.15168707,Test
1624,1,4.438056,-7.136346,-6.110175,6.561068,-3.7457526,-0.2090344,-3.2157683,-14.412037,0.106761776,1.0039607e-06,2.8014122e-06,0.89213014,2.9801131e-05,0.0010237881,5.062932e-05,6.949038e-10,3,,,,0.502898,Test
1625,17,8.347127,-11.272784,-9.647091,12.489894,-8.119333,-1.0666662,-4.152166,-22.315283,0.015630636,4.711482e-11,2.394345e-10,0.984368,1.1032764e-09,1.2753168e-06,5.8291196e-08,7.541569e-16,3,,,,0.11617709,Test
1626,1,-2.2793932,-3.087355,3.4676812,-0.56432134,1.574518,-0.8949861,-4.3158317,-4.0410542,0.0026899981,0.0011991087,0.84270304,0.014948518,0.1269066,0.010739705,0.0003510248,0.00046203204,2,,,,0.790659,Test
1627,3,-2.291892,-6.06992,5.04114,-2.3625786,6.2709575,-1.6964817,-7.8447967,-8.759898,0.00014776815,3.3791225e-06,0.22608724,0.00013768346,0.77335507,0.00026801805,5.72776e-07,2.2938312e-07,4,,,,0.7786306,Test
1628,1,-2.8929563,-2.3516195,3.2851927,-0.3469064,0.6779305,-1.0472816,-3.1715732,-2.6772733,0.0018468865,0.00317351,0.8903819,0.023560021,0.065653324,0.011695174,0.0013977786,0.0022914486,2,,,,0.6860134,Test
1629,20,5.317844,-12.496764,-8.525344,12.475243,-6.516117,0.25707757,-4.709238,-21.75358,0.00077846815,1.4271002e-11,7.57217e-10,0.99921656,5.646988e-09,4.93603e-06,3.4398106e-08,1.3622964e-15,3,,,,0.00925717,Test
1630,1,-2.0489888,-6.2488666,-1.3224196,-0.2550421,5.0393796,0.61051893,-5.1169844,-7.930177,0.0008187418,1.2279007e-05,0.0016931364,0.004923207,0.9808131,0.011699209,3.808318e-05,2.2854897e-06,4,,,,0.16501985,Test
1631,3,-4.8497305,-5.700359,13.3715105,-0.36681697,-1.0123472,0.29909566,-8.434303,-13.646086,1.220714e-08,5.214239e-09,0.9999962,1.0802362e-06,5.6645877e-07,2.102427e-06,3.3873038e-10,1.8467367e-12,2,,,,7.87087e-05,Test
1632,16,-14.002488,-8.149525,19.107426,-2.5688417,0.75255007,-2.986896,-9.01701,-8.404282,4.173953e-15,1.4536399e-12,1.0,3.8558184e-10,1.0680186e-08,2.5383867e-10,6.1053826e-13,1.1267235e-12,2,,,,3.030926e-07,Test
1633,1,-12.198459,-7.3002324,19.121578,-2.6180544,0.88127077,-1.2014551,-10.024463,-11.429757,2.4996569e-14,3.3508396e-12,1.0,3.6190778e-10,1.1976651e-08,1.492173e-09,2.1980363e-13,5.3916795e-14,2,,,,3.704096e-07,Test
1634,16,-9.764586,-7.5634017,14.223643,-2.3995733,4.1975536,-2.4517045,-9.736582,-6.862925,3.819662e-11,3.4513384e-10,0.99995565,6.0340575e-08,4.422882e-05,5.7275514e-08,3.928146e-11,6.9534484e-10,2,,,,0.00070659036,Test
1635,1,3.6951458,-9.630737,-7.710929,8.398936,-4.0730977,2.870225,-4.38665,-18.507914,0.008944244,1.4594384e-08,9.952871e-08,0.9871291,3.7830162e-06,0.003919991,2.764804e-06,2.0364697e-12,3,,,,0.110774755,Test
1636,1,-5.7070575,-12.057799,3.0284753,-3.783833,12.784241,-0.11560574,-11.94715,-14.416735,9.317615e-09,1.626344e-11,5.7956004e-05,6.376039e-08,0.99993956,2.498284e-06,1.816631e-11,1.5372349e-12,4,,,,0.00095134537,Test
1637,1,-7.944411,-4.9159255,0.74614793,4.58338,-4.851671,-2.9799109,2.732969,-4.323102,3.072821e-06,6.350264e-05,0.018272541,0.84778905,6.771692e-05,0.00044014142,0.13324915,0.00011488188,3,,,,0.70322424,Test
1638,3,7.629864,-9.843002,-6.305843,10.301539,-7.4113116,-1.944513,-4.7656975,-20.013538,0.06466526,1.6684034e-09,5.7341694e-08,0.93532985,1.8983291e-08,4.493365e-06,2.6751428e-07,6.3869476e-14,3,,,,0.34578648,Test
1639,19,-2.2655413,-1.9775238,2.698068,0.30268446,-3.131376,0.336075,-1.5426546,-6.712617,0.005731837,0.0076450156,0.82027966,0.07475843,0.0024113853,0.07729679,0.011809717,6.7135705e-05,2,,,,0.993621,Test
1640,20,2.0227938,-13.767886,-9.743103,14.457815,-8.382778,-0.26312035,-2.2534034,-22.069984,3.976829e-06,5.5173704e-13,3.0879684e-11,0.9999956,1.2035231e-10,4.0436808e-07,5.525968e-08,1.3682814e-16,3,,,,8.763269e-05,Test
1641,1,-3.0726178,-2.6550605,-0.108668566,0.11007866,-2.4798236,4.2660193,-1.758103,-8.725791,0.0006288699,0.0009547811,0.012183935,0.015163117,0.0011376487,0.9675881,0.0023412483,2.205054e-06,5,,,,0.2629988,Test
1642,1,2.6446273,-10.493272,-8.305971,8.456989,-5.6674547,2.5403595,-2.6909235,-19.231804,0.0029734115,5.855153e-09,5.217596e-08,0.99433255,7.300684e-07,0.0026789955,1.4323678e-05,9.385158e-13,3,,,,0.05624755,Test
1643,19,-5.722046,-5.003765,11.203923,-1.1973133,1.1761069,-0.5218859,-7.6318417,-9.150206,4.457803e-08,9.142527e-08,0.9999435,4.1132666e-06,4.415196e-05,8.0820455e-06,6.602468e-09,1.4464027e-09,2,,,,0.00093394774,Test
1644,1,-2.184167,-3.6041756,-1.6491128,0.2802859,-1.4067421,2.3239274,-1.646804,-7.1029162,0.009144976,0.0022104494,0.015615418,0.10751789,0.019898202,0.8298947,0.015651513,6.6833905e-05,5,,,,0.95155394,Test
1645,1,0.51229805,-5.871342,-3.517287,4.49027,-3.1374836,3.0699296,-2.953137,-12.27857,0.014838874,2.5062316e-05,0.00026386054,0.7925237,0.0003857633,0.19149886,0.00046385435,4.1342545e-08,3,,,,0.82568836,Test
1646,19,-2.4053857,-6.382581,-0.7088597,5.352867,-3.5381825,0.30645627,-1.8154073,-9.145565,0.0004229278,7.924869e-06,0.0023070574,0.98999447,0.00013623825,0.006368018,0.0007629406,5.0008487e-07,3,,,,0.095561415,Test
1647,20,-3.4932427,-4.746015,1.7552063,3.3242984,-2.2846766,0.9070299,-2.179996,-7.1586094,0.0008376208,0.00023931799,0.1593749,0.7653638,0.0028049238,0.06824354,0.0031144635,2.1438713e-05,3,,,,1.0433327,Test
1648,20,0.98543763,-5.4681635,-1.62452,4.914673,-4.0049253,1.1162988,-2.8679407,-11.600756,0.018828493,2.9651876e-05,0.0013846034,0.95776886,0.00012809398,0.021460893,0.00039931395,6.437263e-08,3,,,,0.30622682,Test
1649,1,-5.088433,-4.115589,6.78447,-0.6645507,2.0421865,-2.1303692,-4.9472675,-3.9056907,6.911324e-06,1.8283616e-05,0.990598,0.00057653914,0.008636738,0.00013311658,7.959187e-06,2.2553795e-05,2,,,,0.08151462,Test
1650,1,-5.27066,-3.0748107,2.9773088,-1.0915933,-2.3635063,1.4191694,-1.1376764,-6.6659613,0.000209194,0.0018801586,0.79909146,0.013661386,0.003829217,0.16823067,0.013046116,5.1829535e-05,2,,,,0.9085133,Test
1651,20,-4.3574295,-5.934402,9.584294,2.022798,-2.119772,2.007758,-7.040202,-12.579382,8.8050945e-07,1.8191302e-07,0.9989592,0.0005195551,8.251565e-06,0.00051179953,6.020335e-08,2.365838e-10,2,,,,0.012926928,Test
1652,11,-2.4953067,-2.8422077,2.0340447,2.0879369,-2.2657566,-0.56070775,-1.7174962,-4.9993887,0.004934027,0.003487742,0.45737642,0.4827017,0.0062071714,0.034149714,0.0107399,0.00040335962,3,,,,1.3763565,Test
1653,20,0.8081292,-2.3341372,0.7354651,1.7218449,-2.7690036,-0.49894464,-2.2075274,-7.5771065,0.20770685,0.008969782,0.19314936,0.51793176,0.005806599,0.05620772,0.01018047,4.74012e-05,3,,,,1.8263687,Test
1654,3,1.771814,-4.784069,-1.0055437,1.3830531,1.0236094,-0.21346377,-4.5232844,-9.524319,0.42482036,0.0006039786,0.026424954,0.28798416,0.20103154,0.05834587,0.00078393286,5.2766354e-06,0,,,,1.8995057,Test
1655,3,3.779895,-6.5230927,0.1406046,5.6232357,-4.789119,-0.26866645,-4.962684,-14.966617,0.13583802,4.555025e-06,0.0035685971,0.8581713,2.5795614e-05,0.0023700278,2.1685388e-05,9.806524e-10,3,,,,0.6310781,Test
1656,1,2.565206,-5.4169545,-1.0174727,3.9745212,-1.731536,-0.46569568,-4.067555,-11.830152,0.19288279,6.586962e-05,0.0053623584,0.7894984,0.0026256822,0.009310854,0.00025393465,1.08011335e-07,3,,,,0.8568829,Test
1657,16,-1.9464616,-3.4571292,1.1538161,2.5020003,-3.1308675,-0.26688164,-1.6859696,-6.5662684,0.008628359,0.0019048189,0.1915851,0.73768455,0.0026396557,0.046276502,0.011195883,8.502989e-05,3,,,,1.1583788,Test
1658,1,-4.9567356,-6.81283,0.058423374,-0.7906297,2.6113563,5.2881927,-4.5836787,-9.593078,3.301128e-05,5.159063e-06,0.0049741436,0.002128037,0.06389148,0.92891985,4.7937872e-05,3.199813e-07,5,,,,0.41057372,Test
1659,20,5.1497154,-7.4827604,-6.0030694,7.615502,-5.1563516,-1.3076439,-3.1555955,-14.543857,0.078280315,2.555276e-07,1.1221726e-06,0.9215736,2.6168843e-06,0.00012281665,1.9350935e-05,2.1920107e-10,3,,,,0.39825916,Test
1660,20,-0.6287732,-9.869863,-4.3485003,9.719268,-5.9990697,0.8704333,-2.1701415,-16.612116,3.2049633e-05,3.107915e-09,7.769022e-07,0.9998167,1.4911897e-07,0.00014352257,6.861446e-06,3.667298e-12,3,,,,0.0027122542,Test
1661,20,-0.61440414,-10.812061,-6.12836,11.046514,-6.14754,0.75844747,-1.9903322,-17.052729,8.623994e-06,3.2130867e-10,3.4755836e-08,0.99995506,3.4095564e-08,3.403535e-05,2.1784626e-06,6.2608637e-13,3,,,,0.0007577828,Test
1662,13,-1.5616642,-6.4821444,7.211979,2.91672,-3.1844535,0.7119103,-6.4876137,-14.387463,0.00015242297,1.1120216e-06,0.9849074,0.013427283,3.0080286e-05,0.0014806468,1.1059562e-06,4.1008807e-10,2,,,,0.12145479,Test
1663,1,-3.5219462,-5.8528748,2.8763585,-0.90643376,4.2593775,-1.3978235,-5.533993,-5.470843,0.0003311608,3.2190623e-05,0.19896983,0.0045283656,0.7932767,0.0027703436,4.4281067e-05,4.7167574e-05,4,,,,0.7929373,Test
1664,20,-1.6821517,-8.321255,-5.806677,8.223755,-5.75363,1.8486143,-0.840137,-13.657071,4.9786053e-05,6.513012e-08,8.0509886e-07,0.99813277,8.489602e-07,0.0017001996,0.000115555296,3.1366548e-10,3,,,,0.02059129,Test
1665,20,14.233759,-20.435999,-16.526798,22.87686,-14.6128025,-1.7594132,-6.8142176,-38.449352,0.00017630818,1.5466356e-19,7.711398e-18,0.99982375,5.2284148e-17,1.9976817e-11,1.2742423e-13,2.3242822e-27,3,,,,0.0024527495,Test
1666,13,-3.534343,-5.1613417,7.0350194,2.0605924,-2.117111,0.14014815,-5.031455,-9.961668,2.5485568e-05,5.0083845e-06,0.9919966,0.006857154,0.00010514547,0.0010048603,5.703044e-06,4.1204327e-08,2,,,,0.07276474,Test
1667,1,0.55005616,-3.0073504,-2.7288463,2.8434541,-3.383884,-0.58993334,-0.41960028,-5.9884653,0.08550825,0.002438069,0.0032210592,0.8472626,0.0016730911,0.02734745,0.03242586,0.0001236984,3,,,,0.87322795,Test
1668,20,4.572038,-10.1778345,-8.028905,10.809871,-6.239644,0.04067741,-3.5958414,-18.81044,0.0019502334,7.6612255e-10,6.5700174e-09,0.9980282,3.932173e-08,2.0996236e-05,5.5312273e-07,1.3652271e-13,3,,,,0.020737078,Test
1669,13,6.279157,-10.149591,-6.37845,11.223397,-8.161634,-1.4267315,-3.635952,-19.210556,0.007073904,5.184942e-10,2.2518034e-08,0.99292254,3.7853205e-09,3.18445e-06,3.4960848e-07,6.0202955e-14,3,,,,0.060771514,Test
1670,1,-2.342594,-4.3397307,-2.8061917,2.1164844,-2.6041334,2.5838573,-0.5070704,-7.5294394,0.004289898,0.0005822394,0.0026984168,0.37068084,0.0033026447,0.5915311,0.026890865,2.3978871e-05,5,,,,1.2096871,Test
1671,7,-2.9079835,-3.4940667,1.1011682,-0.5348862,1.6553711,1.1039149,-3.300473,-4.386064,0.004556911,0.002535933,0.25108624,0.048898276,0.43702894,0.25177684,0.0030776167,0.0010393175,4,,,,1.829679,Test
1672,1,-4.86117,-7.0490117,9.327152,2.4948843,-1.8548142,1.5800307,-7.625178,-14.806219,6.8774614e-07,7.713664e-08,0.99847716,0.0010767675,1.390182e-05,0.00043132625,4.3354575e-08,3.2987404e-11,2,,,,0.017874194,Test
1673,20,3.3724096,-8.078001,-5.289341,8.087331,-5.737536,0.5891631,-2.8985584,-16.739588,0.008875948,9.448527e-08,1.5362581e-06,0.9905558,9.813308e-07,0.0005488658,1.6779068e-05,1.635629e-11,3,,,,0.08032048,Test
1674,1,-2.6620405,-7.3406644,-0.9685709,-1.0309746,5.6696625,1.4698236,-5.884981,-7.686752,0.00023655297,2.1980024e-06,0.0012864504,0.0012086248,0.9825194,0.014735823,9.423737e-06,1.5549766e-06,4,,,,0.14180355,Test
1675,16,-4.1553893,-4.5703864,10.206182,0.20223567,-1.795624,1.8401352,-6.5564,-12.715398,5.790626e-07,3.8237948e-07,0.99971515,4.520824e-05,6.131383e-06,0.00023256731,5.2478317e-08,1.1095857e-10,2,,,,0.003998079,Test
1676,20,7.228856,-15.586063,-10.712111,16.641422,-9.511764,0.20241962,-5.3821464,-27.659094,8.168437e-05,1.00866115e-14,1.3197003e-12,0.9999182,4.3830837e-12,7.2543116e-08,2.7242686e-10,5.76097e-20,3,,,,0.0012288583,Test
1677,20,6.835149,-12.3681965,-8.836834,13.365876,-8.545005,-0.4076568,-4.2817774,-23.389929,0.001455821,6.655806e-12,2.2743261e-10,0.99854314,3.0450337e-10,1.0413519e-06,2.163158e-08,1.087735e-16,3,,,,0.015841117,Test
1678,1,-7.231721,-4.521837,10.591789,-0.7566804,-0.9754941,2.3082774,-6.600524,-10.086567,1.816474e-08,2.7297085e-07,0.99972576,1.1784281e-05,9.468331e-06,0.00025257902,3.414709e-08,1.0456465e-09,2,,,,0.0037723228,Test
1679,13,-3.669866,-3.7251074,8.35989,-0.015010685,-0.93167436,0.19366296,-5.6879363,-8.752901,5.960384e-06,5.640057e-06,0.99938107,0.00023044003,9.214169e-05,0.0002839119,7.922048e-07,3.6960717e-08,2,,,,0.008476254,Test
1680,13,0.29623812,-3.268798,1.7242485,2.5073624,-3.3806508,-0.80966234,-2.6825557,-8.771114,0.067880176,0.0019207351,0.28308702,0.61947244,0.0017174752,0.022462416,0.0034519874,7.831442e-06,3,,,,1.3913167,Test
1681,1,-4.2041864,-2.5675519,6.228425,-0.3956812,-0.6160488,-0.4467944,-4.0061545,-4.8892174,2.9341998e-05,0.0001507548,0.9961283,0.0013228251,0.001061202,0.0012569103,3.576795e-05,1.47905575e-05,2,,,,0.043941386,Test
1682,20,6.8501353,-7.1322894,-1.2783805,6.605102,-6.454006,-1.6200677,-4.545222,-17.757412,0.56079054,4.7458147e-07,0.00016543634,0.43891868,9.351585e-07,0.00011755418,6.307539e-06,1.1531305e-11,0,,,,0.9931352,Test
1683,20,2.9559257,-11.523332,-0.99468315,10.105448,-6.942225,0.3047234,-6.612502,-22.386864,0.00078456796,4.03988e-10,1.5097422e-05,0.9991448,3.943832e-08,5.536408e-05,5.4842275e-08,7.733884e-15,3,,,,0.010353545,Test
1684,20,-1.1180384,-6.6471906,-0.25245103,5.467005,-2.956264,-0.40880263,-2.9278588,-11.088541,0.0013700171,5.4380835e-06,0.0032557102,0.99214196,0.00021796887,0.0027844738,0.00022424929,6.406069e-08,3,,,,0.08032637,Test
1685,1,1.628393,-5.681546,-5.2583976,6.599021,-5.49055,-0.64102143,-0.61344373,-10.674715,0.006880916,4.6023533e-06,7.026698e-06,0.99165934,5.5709406e-06,0.0007112989,0.00073118764,3.1223006e-08,3,,,,0.076764844,Test
1686,16,-5.502473,-5.4089236,8.144978,-0.05122236,0.7815619,-1.4295634,-5.9540677,-6.6541924,1.1818461e-06,1.2977428e-06,0.9990181,0.0002754284,0.0006334065,6.940695e-05,7.523778e-07,3.7357316e-07,2,,,,0.012433502,Test
1687,1,3.292756,-3.334433,-4.0282807,3.1804862,-2.5825102,-0.8516435,-2.4515839,-10.044513,0.5214711,0.0006903646,0.00034494064,0.4660924,0.0014643153,0.008266855,0.001669149,8.4125566e-07,0,,,,1.1007675,Test
1688,19,-7.830301,-6.254219,12.532972,-0.7503943,1.7424648,-0.17031913,-8.523529,-8.224725,1.4332818e-09,6.9313115e-09,0.9999746,1.7025361e-06,2.0593548e-05,3.0410208e-06,7.165832e-10,9.661293e-10,2,,,,0.00044586154,Test
1689,1,-1.8793714,-2.3092551,1.0787514,-0.26895595,-0.4051976,1.6370909,-2.2496407,-5.7252865,0.015465102,0.010061359,0.2978854,0.07740114,0.06754269,0.52063453,0.0106794005,0.00033044044,5,,,,1.7925903,Test
1690,13,-13.0766115,-8.333767,23.416586,-1.9071813,-0.6870793,2.163158,-12.660011,-19.606087,1.4164633e-16,1.6255374e-14,1.0,1.0046802e-11,3.4033887e-11,5.885098e-10,2.1484837e-16,2.067711e-19,2,,,,1.9596335e-08,Test
1691,1,12.332096,-20.38058,-15.965834,22.52502,-13.387624,-0.9829406,-6.752224,-36.971493,3.743285e-05,2.3244367e-19,1.921405e-17,0.99996257,2.5311674e-16,6.174558e-11,1.9276936e-13,1.4486928e-26,3,,,,0.00060446624,Test
1692,3,1.8680495,-8.553879,-0.8512755,7.627204,-5.5357738,0.7414947,-4.9525485,-17.470457,0.003139995,9.348513e-08,0.00020698603,0.9956298,1.912007e-06,0.0010178231,3.42595e-06,1.2540724e-11,3,,,,0.045151513,Test
1693,20,2.305432,-4.1773343,2.1664164,2.495635,-2.0719743,-1.1249918,-4.073231,-10.212472,0.31970626,0.0004890142,0.278213,0.38668314,0.004014835,0.010349918,0.00054266636,1.1702926e-06,3,,,,1.6810365,Test
1694,1,3.4165797,-5.755208,-5.506716,7.1023564,-6.0437016,-1.5899354,-1.3347924,-11.23419,0.024454823,2.5416018e-06,3.2585674e-06,0.9751625,1.9046558e-06,0.00016370519,0.00021128551,1.060758e-08,3,,,,0.1710905,Test
1695,19,2.9816716,-5.6255584,0.15872115,4.9000387,-3.852537,-1.3191525,-3.9191132,-12.083682,0.12682173,2.3180424e-05,0.0075370576,0.8636344,0.00013650059,0.0017193708,0.00012770883,3.6340737e-08,3,,,,0.63318545,Test
1696,3,-0.94447005,-6.061697,-1.4478426,4.827334,-3.137836,-0.23306213,-2.3435986,-8.928763,0.0030757638,1.8431883e-05,0.0018592636,0.98767835,0.00034307275,0.0062648896,0.00075913494,1.0481373e-06,3,,,,0.11817452,Test
1697,20,2.0740025,-4.0054264,6.459851,0.36021882,-2.1934707,-0.3901301,-6.0588064,-13.699318,0.012256679,2.8061477e-05,0.9842886,0.002208442,0.00017180381,0.0010428302,3.6002984e-06,1.7302423e-09,2,,,,0.13277352,Test
1698,20,0.12144193,-6.658034,7.8532624,2.5310626,-3.6152976,0.71599084,-7.6435537,-16.691645,0.0004359737,4.956458e-07,0.99391055,0.0048522735,1.0389984e-05,0.00079007755,1.8499729e-07,2.1758543e-11,2,,,,0.05925425,Test
1699,20,2.4162347,-7.398277,0.18498632,6.403184,-5.114416,-0.12024917,-5.0405464,-17.250013,0.01815609,9.922802e-07,0.0019498597,0.9784359,9.738727e-06,0.0014369489,1.0485362e-05,5.224911e-11,3,,,,0.16725408,Test
1700,20,2.5465896,-4.3734345,-1.5616723,3.7334194,-2.447397,-0.76034063,-3.1058543,-9.69896,0.23036052,0.00022755165,0.0037862791,0.75481707,0.0015615185,0.008437747,0.00080831937,1.1072184e-06,3,,,,0.90844196,Test
1701,1,-3.5341778,-2.4802258,1.2884191,0.609832,-1.6965191,-2.4809527,-0.7809404,0.36288497,0.0037691589,0.010813595,0.46845916,0.23766492,0.023677157,0.010805734,0.05915076,0.18565959,2,,,,1.996916,Test
1702,7,-2.9774501,-4.7341156,2.7082767,0.03625168,3.1347203,-0.3607329,-4.7653084,-4.5462275,0.0012795078,0.00022086795,0.37698373,0.026054151,0.57746375,0.017517358,0.00021408481,0.00026652103,4,,,,1.2481158,Test
1703,16,-2.5865533,-4.291153,4.832026,0.9493057,0.45358622,0.61210984,-4.9661436,-6.6240053,0.0005721844,0.000104049,0.953639,0.019639935,0.01196332,0.014018374,5.297766e-05,1.0094681e-05,2,,,,0.34782252,Test
1704,3,0.9982251,-3.277904,2.768744,1.8559754,-2.5601668,0.02261598,-3.5698388,-9.50203,0.1035036,0.001438322,0.6079698,0.24404599,0.0029482578,0.03901699,0.0010741635,2.8493919e-06,2,,,,1.503346,Test
1705,3,0.09488866,-3.6806824,0.20965636,1.7656195,-0.77611506,0.7386548,-3.4547224,-7.1676545,0.10191401,0.002336276,0.11430806,0.5417801,0.042654186,0.19400726,0.0029285827,7.147454e-05,3,,,,1.8716515,Test
1706,11,-2.577227,-7.5107555,4.9864616,4.788721,-3.102226,1.0804546,-6.1655216,-14.859357,0.00028180506,2.0292923e-06,0.54302156,0.44559413,0.00016670344,0.010925964,7.790624e-06,1.3058341e-09,2,,,,1.0747895,Test
1707,13,-2.3207366,-4.447615,-2.3117247,2.210151,-2.368885,3.4477777,-1.5617325,-8.717054,0.0023916466,0.00028510543,0.0024132982,0.22204277,0.0022792215,0.76547515,0.005108913,3.988519e-06,5,,,,0.8813575,Test
1708,19,4.7056775,-7.487487,-6.319451,8.32467,-5.938009,-0.78623027,-2.403052,-15.148733,0.026106287,1.322273e-07,4.2519926e-07,0.9737636,6.226602e-07,0.000107557324,2.13532e-05,6.224203e-11,3,,,,0.17642912,Test
1709,11,-4.6991286,-3.9838881,0.5456838,3.5118108,-3.8946826,-0.8871624,0.7172983,-6.2110686,0.00024117353,0.0004931223,0.045721743,0.8877595,0.0005391334,0.010910525,0.054281767,5.3174383e-05,3,,,,0.67019504,Test
1710,13,-1.2437283,-2.8936794,3.1451106,1.312186,-2.431479,1.2130319,-3.4813707,-7.9640417,0.00937192,0.0017999646,0.75487846,0.12073911,0.0028575573,0.109341726,0.0010000757,1.13040405e-05,2,,,,1.1374937,Test
1711,20,8.031852,-11.962642,-9.004113,12.988963,-8.729768,-0.33729893,-4.7142215,-24.170609,0.006984083,1.4474753e-11,2.7892266e-10,0.9930143,3.6696995e-10,1.619695e-06,2.0349807e-08,7.223675e-17,3,,,,0.060092684,Test
1712,3,2.535332,-12.645751,-8.8597555,13.339527,-7.8556695,0.020670217,-2.3964076,-21.028791,2.0313648e-05,5.184741e-12,2.2854094e-10,0.9999778,6.237832e-10,1.6431765e-06,1.4654147e-07,1.1858237e-15,3,,,,0.00038346235,Test
1713,16,1.8501253,-6.314022,-3.4056036,5.9404845,-3.1479537,-1.4675533,-2.244299,-12.011482,0.0164402,4.680182e-06,8.57774e-05,0.98248863,0.00011098622,0.0005957412,0.00027398136,1.569955e-08,3,,,,0.13480051,Test
1714,20,0.5773258,-15.771397,-4.5171313,14.583248,-8.726505,-0.77091813,-4.8323607,-25.794283,8.266178e-07,6.563641e-14,5.0676885e-09,0.9999989,7.528392e-11,2.1466931e-07,3.6974943e-09,2.9124587e-18,3,,,,2.3251681e-05,Test
1715,11,-5.5443487,-3.8617225,5.2066,-0.58408237,1.492019,-1.8585196,-3.99749,-0.5163953,2.0765088e-05,0.000111709174,0.96919584,0.0029617606,0.023615085,0.00082807377,9.752725e-05,0.0031691755,2,,,,0.23412172,Test
1716,1,-4.170608,-3.5194464,4.2683096,1.581866,-2.376441,2.0243561,-3.2285986,-7.891975,0.00018381307,0.00035251054,0.8498681,0.05789538,0.0011055364,0.0901187,0.00047150435,4.4484354e-06,2,,,,0.7727945,Test
1717,19,-10.187894,-6.2923555,14.093283,-1.2572987,-0.47894338,3.1227617,-8.49994,-11.529912,2.8497767e-11,1.401592e-09,0.9999821,2.1543663e-07,4.691964e-07,1.7201071e-05,1.5412742e-10,7.446972e-12,2,,,,0.00031272363,Test
1718,19,2.8449094,-6.380524,-0.7542828,6.1909714,-4.2168455,0.21120034,-4.253343,-13.199825,0.033907905,3.3399983e-06,0.0009272387,0.96266943,2.9068306e-05,0.0024349808,2.8026498e-05,3.6488936e-09,3,,,,0.2497896,Test
1719,1,4.940205,-6.2846804,-4.1787853,5.857055,-5.328272,-1.0897942,-3.2003179,-17.215208,0.2853675,3.806264e-06,3.126634e-05,0.7138179,9.905159e-06,0.0006864503,8.318026e-05,6.814447e-11,3,,,,0.87248355,Test
1720,1,-3.170238,-2.8555355,0.81919277,1.4476345,-1.9120595,-1.8133256,-1.5362889,-1.4654475,0.005691528,0.0077965455,0.30747977,0.5764283,0.020028515,0.022106923,0.02916378,0.031304717,3,,,,1.6180766,Test
1721,20,2.7727053,-4.1868114,4.873711,0.36873588,-1.2672813,-1.5137005,-5.8399215,-12.019541,0.10755892,0.00010213319,0.8792283,0.009718869,0.0018927909,0.0014793946,1.9553754e-05,4.050007e-08,2,,,,0.6069195,Test
1722,20,6.7770658,-12.96082,-8.556648,13.895657,-8.869225,-0.030138183,-4.474241,-24.344244,0.00080925104,2.1678475e-12,1.7731108e-10,0.9991898,1.2971367e-10,8.948541e-07,1.051242e-08,2.4675785e-17,3,,,,0.009498508,Test
1723,1,-7.818443,-4.098241,9.785037,-1.1443758,0.03888359,-0.98796135,-5.1414742,-5.100716,2.26393e-08,9.343853e-07,0.99990094,1.7921457e-05,5.851351e-05,2.0955742e-05,3.2919655e-07,3.4289118e-07,2,,,,0.0016076894,Test
1724,1,0.57091075,-5.93967,-4.0907044,2.0585918,0.44794068,2.627359,-3.306308,-10.86353,0.070616886,0.00010505076,0.0006674132,0.31260812,0.06244581,0.5520935,0.001462358,7.6382554e-07,5,,,,1.5396812,Test
1725,1,-17.427845,-10.754232,23.795923,-4.0426645,2.8667314,-3.941718,-12.542696,-8.764261,1.2495225e-18,9.886852e-16,1.0,8.125583e-13,8.138935e-10,8.9886784e-13,1.6532487e-16,7.232552e-15,2,,,,2.464406e-08,Test
1726,3,-6.7568173,-8.464142,11.164315,-2.891439,7.623934,-1.5863304,-11.137526,-9.328106,1.6015221e-08,2.9043696e-09,0.97181165,7.6426824e-07,0.028184736,2.8186885e-06,2.0045426e-10,1.224157e-09,2,,,,0.18527818,Test
1727,1,0.19983202,-7.074301,-2.356524,4.818338,-1.4476948,1.0888345,-4.2007246,-10.78905,0.009518525,6.598629e-06,0.00073851336,0.96463114,0.0018325585,0.023155732,0.00011679719,1.6075296e-07,3,,,,0.2658111,Test
1728,1,4.3783803,-8.764336,-6.5153594,8.20591,-4.262185,-0.15512426,-3.871405,-15.918566,0.021294683,4.1731322e-08,3.9553044e-07,0.97846675,3.7646214e-06,0.00022876784,5.5646146e-06,3.261516e-11,3,,,,0.1519272,Test
1729,1,5.786907,-8.665148,-4.9913383,9.043484,-6.6607375,-0.5776804,-4.2352414,-18.251598,0.037088826,1.9624352e-08,7.732329e-07,0.9628448,1.456463e-07,6.3846586e-05,1.6469463e-06,1.3472642e-12,3,,,,0.22981468,Test
1730,1,1.5105944,-1.7578917,1.194935,-0.35451448,-0.7236512,-1.1310134,-3.086397,-6.916855,0.47373796,0.018032366,0.34550077,0.07337222,0.050724488,0.033752233,0.0047762836,0.00010364384,0,,,,1.8427088,Test
1731,20,-1.489108,-4.438782,8.556381,0.6337887,-1.8053001,0.025806736,-6.373755,-11.94818,4.3353353e-05,2.2698425e-06,0.999363,0.0003622305,3.1601114e-05,0.0001972158,3.2782927e-07,1.2436695e-09,2,,,,0.00863694,Test
1732,11,4.809011,-8.668134,-3.9734132,9.358044,-6.777512,-0.702693,-3.738879,-16.856699,0.010466238,1.4680519e-08,1.6055806e-06,0.98948765,9.723615e-08,4.2275424e-05,2.0299674e-06,4.078423e-12,3,,,,0.08462033,Test
1733,20,3.2980933,-4.1211143,2.9142127,2.324624,-3.6531982,-0.99984676,-4.5458517,-12.403268,0.48203716,0.0002890411,0.3283699,0.18209927,0.0004615013,0.0065540355,0.00018901595,7.312505e-08,0,,,,1.5408878,Test
1734,1,-1.0788563,-7.772302,-4.8185444,8.036811,-6.165097,0.5534013,-0.36089608,-13.30434,0.00010983098,1.3608134e-07,2.6097507e-06,0.99909985,6.788887e-07,0.00056183076,0.00022518066,5.385974e-10,3,,,,0.011603049,Test
1735,1,2.1627417,-5.8740487,-5.903953,6.630642,-5.957537,-0.1682194,-0.5515863,-11.800872,0.011320173,3.660324e-06,3.5524813e-06,0.9868189,3.367138e-06,0.0011003463,0.0007499554,9.761854e-09,3,,,,0.110866,Test
1736,13,6.0329804,-13.652697,-8.526765,14.561067,-8.875036,-0.44822484,-4.527153,-24.283617,0.00019779411,5.5825396e-13,9.397148e-11,0.9998018,6.63351e-11,3.0301308e-07,5.1286833e-09,1.3485956e-17,3,,,,0.0027260312,Test
1737,1,-3.1128423,-2.6629746,1.4383653,0.89158434,-1.309999,-2.8036618,-1.5397435,0.35915443,0.00508629,0.007975835,0.48190948,0.27893403,0.03085787,0.006929094,0.02452388,0.16378349,2,,,,1.8789212,Test
1738,1,0.061833587,-4.0719814,-2.8958492,3.8018658,-3.085522,-0.9057393,-1.0206687,-6.368431,0.022763157,0.00036470318,0.0011822989,0.95831406,0.0009780327,0.008650093,0.0077109467,3.6694768e-05,3,,,,0.3224738,Test
1739,3,6.4280496,-4.043777,-1.8790561,3.6864293,-4.447696,-2.3065305,-2.9860082,-13.379946,0.9389651,2.659457e-05,0.00023169632,0.06053114,1.7757142e-05,0.00015110176,7.659072e-05,2.3450202e-09,0,,,,0.3366782,Test
1740,20,3.913296,-9.258295,-2.2227008,8.4887705,-5.743011,0.0048761778,-5.0529594,-18.180016,0.010194039,1.9408711e-08,2.205549e-05,0.9895773,6.526281e-07,0.00020461676,1.3012212e-06,2.5902611e-12,3,,,,0.085291296,Test
1741,20,6.614877,-10.07209,-8.481447,10.343917,-7.0676475,-0.33532512,-3.3234355,-20.38875,0.023452098,1.3277717e-09,6.515259e-09,0.97652423,2.6787792e-08,2.2477452e-05,1.1324713e-06,4.3919336e-14,3,,,,0.16081093,Test
1742,13,-1.0027702,-6.8718705,-0.13808632,5.45472,-3.1813827,2.1587663,-3.9728332,-13.51668,0.0015046477,4.2512515e-06,0.003572417,0.9591512,0.0001703238,0.03551997,7.7188524e-05,5.529846e-09,3,,,,0.27515936,Test
1743,3,0.94560826,-7.999783,-4.0260105,2.267293,3.1247866,0.91366297,-5.7299595,-11.687601,0.068654634,8.948199e-06,0.00047590834,0.25743654,0.606841,0.06649609,8.659796e-05,2.2394264e-07,4,,,,1.4732127,Test
1744,16,5.8538494,-14.066505,-10.498144,15.181233,-9.81518,-1.3458489,-3.2393024,-24.054708,8.894671e-05,1.9853182e-13,7.0396154e-12,0.99991095,1.39365915e-11,6.642638e-08,1.0000556e-08,9.120273e-18,3,,,,0.001327159,Test
1745,1,-1.8505971,-3.5951273,-2.8582473,3.8892212,-4.5098147,-0.28384796,0.80767345,-6.2745724,0.0030148413,0.00052677456,0.001100646,0.9376397,0.0002110478,0.014444255,0.043026578,3.6137368e-05,3,,,,0.415595,Test
1746,3,3.0238006,-3.6125493,3.4397967,1.2462411,-3.8124673,-1.2576435,-4.2569246,-13.121382,0.37011984,0.00048552555,0.5610572,0.062568836,0.0003975474,0.0051160506,0.00025489638,3.6022914e-08,2,,,,1.3005188,Test
1747,1,0.71542037,-4.878581,-0.59023917,-1.0402923,3.9566817,-0.9623973,-5.1129785,-8.885375,0.036760326,0.00013675264,0.009961822,0.0063515995,0.9398128,0.0068661384,0.00010817776,2.4877527e-06,4,,,,0.42452067,Test
1748,1,-1.1014689,-3.3479707,-0.3805507,1.2452617,-0.26930156,-0.45707834,-2.1220882,-3.7420187,0.054799773,0.0057960963,0.11268591,0.5727314,0.12594604,0.10438404,0.019748291,0.0039084326,3,,,,1.9479412,Test
1749,1,0.42815894,-2.2201774,-1.1991345,1.9473362,-2.9949682,0.4442219,-1.7569052,-7.1880317,0.14290899,0.010113502,0.02807599,0.6528747,0.0046603037,0.14522308,0.01607305,7.037036e-05,3,,,,1.5515655,Test
1750,20,4.923252,-3.6010456,-2.194408,2.602356,-3.3662567,-1.5915796,-2.5499148,-11.562819,0.90785664,0.00018028593,0.0007359644,0.08913841,0.00022799712,0.0013448129,0.00051577715,6.283589e-08,0,,,,0.46863303,Test
1751,13,-1.3732585,-3.9716914,3.2038727,2.7097087,-3.8473792,-0.6653637,-3.1239336,-10.178306,0.006253187,0.00046517517,0.608029,0.37094676,0.00052674994,0.012692181,0.0010859076,9.3781705e-07,2,,,,1.1144934,Test
1752,13,-3.6322584,-3.490973,5.3935347,-0.5338233,1.5236537,-0.78894836,-4.5779815,-4.780367,0.00011722707,0.0001350166,0.97472036,0.0025981313,0.020333499,0.002013083,4.5530855e-05,3.7188678e-05,2,,,,0.19509387,Test
1753,19,5.975682,-7.4940577,-6.8775845,8.433965,-6.1633677,-1.6975625,-2.5377553,-16.099058,0.07883074,1.1139407e-07,2.0634455e-07,0.921116,4.2147673e-07,3.6664696e-05,1.5825484e-05,2.0405979e-11,3,,,,0.39892498,Test
1754,20,9.464274,-5.31567,-4.3339586,5.2272596,-7.6926956,-3.381634,-2.7000146,-17.769432,0.98574626,3.7576544e-07,1.0029255e-06,0.01424469,3.488087e-08,2.5993102e-06,5.139032e-06,1.4666156e-12,0,,,,0.107952915,Test
1755,1,-5.565841,-3.8115969,-1.3736116,0.989726,-2.8045886,0.5832369,0.79697514,-1.4775546,0.0005263942,0.0030420735,0.03483159,0.37013295,0.00832737,0.24650274,0.305244,0.031392895,3,,,,1.9654659,Test
1756,20,0.64961743,-7.082623,-1.9716789,6.8632503,-4.3154764,1.008408,-3.3218699,-12.843589,0.001991861,8.733525e-07,0.00014482524,0.9949595,1.3897808e-05,0.0028515419,3.7537393e-05,2.749376e-09,3,,,,0.05187171,Test
1757,1,5.5332894,-12.182321,-9.565044,12.916261,-7.2790976,0.1671058,-4.039135,-21.717337,0.0006213626,1.2576316e-11,1.7227508e-10,0.99937576,1.6943228e-09,2.9029604e-06,4.326079e-08,9.089671e-16,3,,,,0.007573915,Test
1758,1,-13.121238,-6.9136195,20.310034,-2.6232033,-1.4463439,-0.14124481,-9.328005,-13.5478945,3.0267994e-15,1.502856e-12,1.0,1.097038e-10,3.5589756e-10,1.3125702e-09,1.3438889e-13,1.9755506e-15,2,,,,5.3592814e-08,Test
1759,1,-4.6799307,-2.7244256,3.7115762,-1.1033928,-0.03903789,-3.364231,-2.331707,2.963153,0.00015021165,0.0010616193,0.662352,0.0053700013,0.015567463,0.00055989256,0.0015722595,0.31336662,2,,,,1.0853242,Test
1760,20,2.1094751,-10.442119,-7.278197,10.530494,-6.507657,0.8140877,-2.6082246,-17.606306,0.00022012806,7.7908974e-10,1.8435761e-08,0.99971753,3.983845e-08,6.026926e-05,1.967e-06,6.0286606e-13,3,,,,0.0039654165,Test
1761,1,7.596859,-9.0570755,-7.831368,10.454911,-8.130562,-1.5980942,-3.1893816,-18.671541,0.054266214,3.1755436e-09,1.0817714e-08,0.9457271,8.020433e-09,5.510769e-06,1.1223409e-06,2.1198633e-13,3,,,,0.30437833,Test
1762,3,13.208765,-19.741207,-16.059858,21.77033,-13.63179,-1.3499566,-6.5206976,-36.811657,0.00019128296,9.368845e-19,3.7194153e-17,0.9998087,4.2166782e-16,9.097119e-11,5.167494e-13,3.614797e-26,3,,,,0.0026386506,Test
1763,1,-3.8876672,-3.845644,4.9590845,-0.16037863,1.5057108,-0.021573115,-4.417296,-5.614687,0.00013766803,0.00014357663,0.9570371,0.005722348,0.030279428,0.006574408,8.106218e-05,2.4479254e-05,2,,,,0.30876648,Test
1764,1,0.6038432,-1.5515474,-0.82158494,0.8334267,-2.9555452,-1.113957,-0.88304675,-5.775812,0.32786602,0.03798588,0.078820795,0.41248032,0.009329828,0.058838993,0.0741222,0.0005559649,3,,,,2.1102588,Test
1765,1,2.9109924,-1.7498932,1.6961688,-0.5596662,-2.203075,-1.569139,-2.7687626,-10.299634,0.73633546,0.0069643203,0.21851663,0.02289749,0.004426542,0.0083441,0.0025141395,1.3482595e-06,0,,,,1.0932393,Test
1766,1,6.8477106,-5.6804805,-6.511788,5.716349,-4.7811413,-1.2581908,-2.9104104,-15.056193,0.75587654,2.7385888e-06,1.1925983e-06,0.24384105,6.7313886e-06,0.00022808801,4.3707158e-05,2.3211662e-10,0,,,,0.8052452,Test
1767,16,-3.2324011,-3.9795055,3.9383352,-0.740945,2.7177358,-1.9825888,-4.3940105,-3.3044934,0.0005872357,0.0002781948,0.76387745,0.007093133,0.22538452,0.002049269,0.00018379421,0.00054639066,2,,,,0.86803925,Test
1768,16,-12.737237,-9.52725,21.917492,-2.1496959,2.3437607,-1.0535095,-12.705457,-14.694362,8.905183e-16,2.2065916e-14,1.0,3.529823e-11,3.1567258e-09,1.0563824e-10,9.192737e-16,1.2579796e-16,2,,,,9.387013e-08,Test
1769,20,11.538474,-15.49944,-13.148599,17.161774,-11.236097,-1.6900426,-5.242389,-30.423018,0.003599696,6.514023e-15,6.836074e-14,0.99640024,4.628019e-13,6.474319e-09,1.8553648e-10,2.1509026e-21,3,,,,0.034406107,Test
1770,20,4.574585,-11.801387,-8.788198,13.01561,-8.975325,-0.7541761,-2.3918412,-20.451273,0.00021578201,1.6673265e-11,3.3933772e-10,0.999783,2.8142605e-10,1.046559e-06,2.034862e-07,2.9202774e-15,3,,,,0.002966218,Test
1771,19,-11.252214,-6.376865,16.561375,-2.1836796,0.15461783,-0.9725651,-8.34835,-9.960181,8.331279e-13,1.09156316e-10,0.9999999,7.2298008e-09,7.4926554e-08,2.427207e-08,1.5200006e-11,3.0327327e-12,2,,,,2.7593057e-06,Test
1772,1,-0.5758847,-3.4102292,1.93816,1.9126818,-2.499893,0.2090763,-2.9083548,-7.610508,0.035850216,0.0021064524,0.4429223,0.43178,0.005234866,0.0785952,0.0034794689,3.1578664e-05,2,,,,1.591368,Test
1773,1,-6.439324,-8.055592,-5.1493196,1.0391867,-2.7079232,10.447545,-1.2191409,-16.292336,4.635382e-08,9.207675e-09,1.6839432e-07,8.202788e-05,1.9346953e-06,0.99990726,8.5739775e-06,2.4376848e-12,5,,,,0.0014334015,Test
1774,1,11.07389,-14.940807,-12.998687,16.975157,-11.524111,-1.6672273,-4.8070583,-28.83948,0.0027285106,1.3736823e-14,9.579414e-14,0.9972715,4.1854172e-13,7.989674e-09,3.4587372e-10,1.2640658e-20,3,,,,0.027171832,Test
1775,11,-0.49650782,-4.100063,1.7091949,2.5977144,-0.58214235,-1.4969605,-3.2574692,-7.624014,0.029829731,0.00081216695,0.27075338,0.6583442,0.027381595,0.010968778,0.0018861624,2.3944887e-05,3,,,,1.2978604,Test
1776,11,-3.1898866,-7.244171,0.2656559,6.0289044,-4.4100723,1.2499932,-2.477094,-12.302648,9.799447e-05,1.6999977e-06,0.0031040208,0.9882609,2.8925564e-05,0.008306477,0.00019987725,1.0803874e-08,3,,,,0.10433844,Test
1777,11,-4.2632675,-5.620724,4.7966266,1.4510722,-0.61688143,1.0742462,-5.3310623,-9.426457,0.000109237495,2.810839e-05,0.93979675,0.033119068,0.0041877166,0.022720855,3.755211e-05,6.252119e-07,2,,,,0.40656707,Test
1778,11,-8.520415,-6.202613,14.417176,-0.84809464,0.5430295,1.1907704,-9.259723,-11.52049,1.09226815e-10,1.1090167e-09,0.999997,2.3462574e-07,9.4304727e-07,1.8023683e-06,5.214974e-11,5.4376785e-12,2,,,,6.277374e-05,Test
1779,1,1.1722324,-3.5189514,-3.2396972,3.9000807,-3.9078062,-1.0058689,-0.5878755,-7.0734015,0.060193814,0.0005523275,0.0007302559,0.9209612,0.00037438553,0.0068173325,0.010354921,1.5794962e-05,3,,,,0.4888759,Test
1780,20,0.7537181,-4.100279,8.546884,-0.14116931,-2.5148633,-0.08796595,-6.5442033,-14.337232,0.00041222406,3.2141738e-06,0.9992225,0.00016845686,1.5689413e-05,0.00017766206,2.7905273e-07,1.1513762e-10,2,,,,0.010396608,Test
1781,16,-7.4972186,-4.153069,8.552197,-1.357084,0.12310194,-1.8844112,-4.611265,-1.4530176,1.07072125e-07,3.034043e-06,0.9996525,4.9693856e-05,0.0002183431,2.9328352e-05,1.9188005e-06,4.5148103e-05,2,,,,0.005055015,Test
1782,20,-3.869065,-3.0668945,4.904263,0.51539063,-1.1467687,1.9348501,-3.7923274,-7.6278996,0.00014511743,0.00032366643,0.93740535,0.011637628,0.0022079935,0.04812024,0.00015669178,3.3828157e-06,2,,,,0.3999488,Test
1783,16,8.634401,-3.7520704,-2.9739401,1.4600742,-3.5825164,-4.0162473,-2.9689097,-15.733561,0.9992041,4.1713615e-06,9.082714e-06,0.0007653915,4.9421296e-06,3.2029307e-06,9.128513e-06,2.6108555e-11,0,,,,0.00959581,Test
1784,1,-2.4147794,-4.4921966,-0.2825606,4.1313725,-3.658915,-1.1768138,-0.37325177,-7.0151196,0.0013935986,0.0001745528,0.011753001,0.9707233,0.00040162113,0.004805951,0.01073401,1.4003464e-05,3,,,,0.2443452,Test
1785,3,-6.6367416,-5.3600082,11.919094,-1.0867565,1.3005283,0.38055778,-8.078045,-9.230549,8.735486e-09,3.131593e-08,0.9999635,2.2470613e-06,2.4456807e-05,9.74679e-06,2.0669835e-09,6.528463e-10,2,,,,0.00063279766,Test
1786,1,-9.404354,-6.34429,14.179514,-0.54519945,-0.6167952,0.04036368,-7.7177734,-10.675106,5.72342e-11,1.2207442e-09,0.99999857,4.0284468e-07,3.7501084e-07,7.2350963e-07,3.0912084e-10,1.6061092e-11,2,,,,3.3605633e-05,Test
1787,3,5.409455,-3.127403,-1.2485604,1.7504492,-4.5061126,-1.3726486,-2.3135667,-12.446675,0.97194594,0.00019060398,0.0012476789,0.025035495,4.8013782e-05,0.0011020771,0.00043010697,1.709319e-08,0,,,,0.20380497,Test
1788,3,5.7206025,-5.759123,-4.0979176,4.602189,-2.231251,-2.0919094,-3.9126415,-14.003332,0.7531908,7.78617e-06,4.099927e-05,0.24614115,0.00026512996,0.00030477138,4.93447e-05,2.0460171e-09,0,,,,0.81394094,Test
1789,13,3.988293,-8.630866,-2.4399488,8.68214,-6.4590263,-0.24307133,-4.5507283,-17.83869,0.009067071,2.9994084e-08,1.4645935e-05,0.9907844,2.6318068e-07,0.00013176768,1.774261e-06,3.0069692e-12,3,,,,0.0767293,Test
1790,1,-0.87218523,-2.4450922,0.19149786,1.5026224,-1.3001488,-1.7861582,-1.6971246,-3.3746734,0.060877934,0.012628596,0.17636466,0.6543735,0.039682377,0.024407675,0.026680455,0.004984748,3,,,,1.66042,Test
1791,16,-4.449739,-5.181192,9.320832,-0.8081578,2.407104,-1.4649106,-7.1078534,-7.331295,1.0448612e-06,5.02797e-07,0.9989448,3.9863637e-05,0.0009929959,2.0670592e-05,7.322405e-08,5.8561866e-08,2,,,,0.012366242,Test
1792,3,-1.7559009,-3.364343,4.6517324,1.0359147,-1.1393542,0.62036246,-4.407033,-7.8933234,0.0015707036,0.00031445376,0.95256364,0.025619125,0.002909759,0.016907997,0.000110846544,3.393483e-06,2,,,,0.34606984,Test
1793,13,1.9848261,-6.3073854,5.2902565,2.9999967,-3.521289,-0.35695076,-6.783751,-15.507268,0.032132916,8.0480095e-06,0.8759521,0.08868153,0.00013051933,0.0030897933,4.998109e-06,8.1326235e-10,2,,,,0.66438,Test
1794,3,3.975105,-6.5183177,-4.260044,5.6682796,-3.5140047,-0.05002773,-3.7704103,-13.015182,0.15489806,4.293487e-06,4.1073916e-05,0.8421362,8.6609776e-05,0.0027666418,6.702106e-05,6.4752816e-09,3,,,,0.65179735,Test
1795,11,-3.3096566,-6.070407,-2.0289195,5.6483355,-4.406446,0.7438498,-0.39377448,-8.863691,0.0001273754,8.055773e-06,0.00045846164,0.9896744,4.253598e-05,0.0073367083,0.002352,4.931728e-07,3,,,,0.09487612,Test
1796,13,3.3056958,-7.90247,1.2123573,6.788613,-5.0584316,-0.2895625,-5.575568,-16.326273,0.029668603,4.0239496e-07,0.0036573932,0.96584797,6.915171e-06,0.0008145096,4.122997e-06,8.8357134e-11,3,,,,0.23715113,Test
1797,3,3.1276338,-5.994931,-4.9521527,6.2519054,-3.8209035,-0.063138366,-2.699348,-13.083128,0.042036604,4.5893166e-06,1.3020304e-05,0.9560521,4.0356743e-05,0.0017293895,0.00012388006,3.8316275e-09,3,,,,0.27254716,Test
1798,3,-2.3693871,-1.633039,3.8335605,-0.5757018,-0.9445055,-0.30561948,-2.7937598,-4.587923,0.0019376115,0.004046305,0.95757455,0.01164808,0.008055357,0.015259823,0.0012675468,0.00021075048,2,,,,0.34722355,Test
1799,13,-7.053575,-2.0881531,7.9226832,-1.0069494,-3.2906654,0.7300616,-2.1288207,-9.629513,3.1294314e-07,4.4866345e-05,0.9990145,0.00013227623,1.3479583e-05,0.0007513735,4.3078344e-05,2.380947e-08,2,,,,0.012421318,Test
1800,3,1.5676932,-4.017992,1.9768983,2.703482,-3.6680236,-0.1133035,-4.0561314,-12.190332,0.17187673,0.0006447404,0.25878114,0.53516024,0.0009149009,0.03200144,0.0006206135,1.820466e-07,3,,,,1.6056224,Test
1801,3,1.6631197,-3.1313937,2.3670356,1.4181614,-3.2657235,-0.46539146,-3.238299,-11.15778,0.25339845,0.0020968786,0.512284,0.19834438,0.0018333044,0.030158056,0.0018842783,6.851064e-07,2,,,,1.663859,Test
1802,19,4.8896422,-7.8131037,3.71893,5.2256417,-5.1903334,-1.121014,-6.6566315,-18.537516,0.36873272,1.1219643e-06,0.11436097,0.51598185,1.5453745e-05,0.0009043089,3.5663911e-06,2.4684624e-11,3,,,,1.3905331,Test
1803,20,-2.0774102,-2.3341148,3.6336043,0.15160541,-1.017526,0.077488154,-3.1607535,-5.8041186,0.0030758118,0.0023794384,0.9294413,0.0285765,0.0088769095,0.026535077,0.0010410459,7.4040756e-05,2,,,,0.50185937,Test
1804,1,-2.9601977,-3.6429427,2.8757918,-0.93754774,2.1480303,0.06438249,-3.828351,-5.1757445,0.0018588807,0.000939159,0.636487,0.01405003,0.3074162,0.03826573,0.0007802206,0.00020279238,2,,,,1.2414523,Test
1805,20,2.7726085,-7.077757,-5.2262316,7.1223307,-4.685374,-0.36558902,-2.2029614,-14.037598,0.01273753,6.7162335e-07,4.2779234e-06,0.9866099,7.3472424e-06,0.0005523104,8.7947265e-05,6.375375e-10,3,,,,0.10674532,Test
1806,3,-2.116342,-2.8994577,5.137694,0.34303385,-1.2963088,-0.11689004,-4.173188,-6.5999365,0.00069601595,0.00031806546,0.9840269,0.008141653,0.0015803564,0.005140084,8.899017e-05,7.85993e-06,2,,,,0.14548354,Test
1807,3,-3.49993,-6.2514186,-1.4872926,4.1048026,-1.8662242,1.3651189,-2.0164783,-6.997941,0.00046393817,2.9614454e-05,0.0034716607,0.9314369,0.0023766728,0.06016224,0.0020451022,1.4037616e-05,3,,,,0.41256285,Test
1808,13,-7.774584,-6.8372507,15.536931,0.014312141,-0.920938,1.3667598,-9.7587385,-14.340673,7.515137e-11,1.918739e-10,0.99999905,1.8138932e-07,7.119313e-08,7.014104e-07,1.03330825e-11,1.0575975e-13,2,,,,2.1476557e-05,Test
1809,1,-2.8586414,-6.6312037,2.1098175,-1.9277885,6.7517905,-1.2171628,-6.848276,-7.9194727,6.634748e-05,1.525533e-06,0.009541105,0.00016830179,0.98987854,0.0003425386,1.2278571e-06,4.2066216e-07,4,,,,0.08560081,Test
1810,11,-4.513896,-4.8886876,4.210066,2.242579,-1.2855759,0.9670206,-4.1385117,-7.257155,0.00013742666,9.44716e-05,0.84496653,0.11813289,0.0034682679,0.03299156,0.00020003149,8.8448205e-06,2,,,,0.76573426,Test
1811,19,2.1416123,-7.7066655,-2.7486212,7.5485616,-5.3496947,0.64644843,-3.7441044,-15.7502985,0.0044605928,2.3568924e-07,3.354215e-05,0.9944906,2.4886233e-06,0.0010001177,1.2395339e-05,7.568924e-11,3,,,,0.05347608,Test
1812,16,5.540032,-5.2021894,-3.794246,4.525838,-2.9373248,-2.1696925,-3.2404861,-13.033286,0.7333449,1.5849684e-05,6.478625e-05,0.26598024,0.00015262965,0.00032886487,0.00011271403,6.2953305e-09,0,,,,0.844682,Test
1813,3,-4.7471642,-8.218278,4.377205,-2.9328105,7.536443,-1.4112831,-8.294005,-7.421386,4.437826e-06,1.3793833e-07,0.04072241,2.7235426e-05,0.95912063,0.00012471684,1.2787834e-07,3.0603482e-07,4,,,,0.24793367,Test
1814,3,4.4363565,-5.2121906,-2.1463015,5.194049,-4.630175,-1.2451656,-3.4809139,-12.662105,0.31860483,2.055614e-05,0.0004410018,0.6796948,3.6788108e-05,0.0010859217,0.00011609817,1.1953222e-08,3,,,,0.9223556,Test
1815,3,-3.4378715,-3.6196828,5.617647,-1.2197392,2.4338396,-0.9128505,-5.257366,-4.736423,0.00011180069,9.321488e-05,0.95764923,0.0010274659,0.03967312,0.0013965208,1.8123754e-05,3.0513407e-05,2,,,,0.27139542,Test
1816,20,0.7536728,-6.568723,-3.0333858,4.190824,-1.1505057,2.1318698,-4.066553,-12.5726595,0.027589014,1.8224682e-05,0.0006252267,0.85796976,0.004109245,0.109466076,0.00022250431,4.4997027e-08,3,,,,0.7240879,Test
1817,1,3.0060518,-2.9844596,-2.8461828,1.8688328,-1.5579675,-1.7111715,-1.902069,-8.684069,0.73918545,0.0018497257,0.0021240273,0.23706394,0.0077023823,0.006608295,0.005459888,6.1915375e-06,0,,,,0.99330693,Test
1818,19,3.367031,-6.310167,3.1070874,4.5808234,-4.214317,-0.7731307,-5.3778687,-14.562357,0.19402508,1.2164778e-05,0.14961176,0.6531323,9.892824e-05,0.0030889323,3.0902665e-05,3.1711982e-09,3,,,,1.2981635,Test
1819,13,-9.13181,-6.292625,13.945177,-0.5746272,0.1504919,-0.10371654,-8.008954,-9.892479,9.501459e-11,1.6249239e-09,0.9999976,4.9445663e-07,1.0210412e-06,7.918481e-07,2.920388e-10,4.440547e-11,2,,,,5.005643e-05,Test
1820,13,-7.8112717,-5.4973254,11.103232,-0.4869274,1.1102768,-1.4254272,-6.805256,-6.1611648,6.1025216e-09,6.1722574e-08,0.99994123,9.256189e-06,4.5718203e-05,3.621151e-06,1.6688466e-08,3.1779148e-08,2,,,,0.0009669068,Test
1821,19,1.5730938,-5.31185,-2.069861,5.5898194,-4.7864995,-0.89141566,-1.5106534,-10.341285,0.017643286,1.8050378e-05,0.000461811,0.9795378,3.052412e-05,0.0015005711,0.0008078393,1.1809468e-07,3,,,,0.1602214,Test
1822,3,-4.8888297,-4.301762,6.8764324,-1.0944571,2.1155827,-1.73644,-5.4997015,-2.708291,7.699148e-06,1.38485175e-05,0.9909033,0.00034222988,0.00848048,0.00018009782,4.179695e-06,6.8145746e-05,2,,,,0.078975886,Test
1823,1,-4.6972194,-7.389948,11.955176,1.998107,-1.8103285,1.6487958,-9.056997,-15.496935,5.8603163e-08,3.9672003e-09,0.9999181,4.7387537e-05,1.051191e-06,3.3416454e-05,7.490206e-10,1.1958161e-12,2,,,,0.001318165,Test
1824,16,-1.6678777,-5.055895,4.1309147,-1.5847211,4.7115493,-1.5398487,-6.5948534,-7.064008,0.0010837059,3.6602778e-05,0.35751557,0.0011776761,0.6389419,0.0012317247,7.855128e-06,4.9136215e-06,4,,,,0.97823405,Test
1825,13,9.250899,-12.522278,-7.6697073,13.452763,-9.614173,-1.2187288,-5.5368237,-25.664762,0.014746927,5.160964e-12,6.609598e-10,0.98525256,9.455932e-11,4.1860048e-07,5.5779577e-09,1.0116333e-17,3,,,,0.11083936,Test
1826,19,10.688697,-15.541505,-12.549167,17.40372,-11.631167,-1.955195,-4.746281,-29.26359,0.0012110884,4.915236e-15,9.797145e-14,0.9987889,2.4534744e-13,3.908441e-09,2.3980062e-10,5.396564e-21,3,,,,0.013481133,Test
1827,7,-5.694176,-5.708973,6.3555145,-1.3113055,4.071663,0.08290391,-6.6322794,-5.2353864,5.294329e-06,5.2165647e-06,0.90557605,0.00042390378,0.092270054,0.0017090891,2.072038e-06,8.376466e-06,2,,,,0.46762985,Test
1828,19,0.6579292,-7.138894,-3.1219628,7.2395663,-4.571177,-1.4496999,-1.6669129,-11.807722,0.0013831871,5.6854384e-07,3.1571464e-05,0.99827397,7.4115505e-06,0.00016809291,0.00013527424,5.3347895e-09,3,,,,0.020081794,Test
1829,1,-4.5883536,-2.6567626,5.0822196,-1.0165879,0.57668895,-1.648788,-3.427797,-1.9916847,6.21177e-05,0.00042864197,0.9842195,0.0022101083,0.010873386,0.0011744986,0.00019826167,0.0008335554,2,,,,0.141071,Test
1830,1,-9.300094,-5.92582,-3.5738597,4.8165126,-5.8736887,0.3093672,3.534516,-2.937611,5.739989e-07,1.6762522e-05,0.00017610945,0.77566653,1.7659559e-05,0.008555525,0.21523409,0.00033273763,3,,,,0.82660306,Test
1831,1,2.0839844,-7.709252,-0.4689325,6.0901146,-4.2828803,-0.44792974,-5.071429,-16.440334,0.017827285,9.95261e-07,0.0013879297,0.9793219,3.0618987e-05,0.0014173883,1.3916467e-05,1.6072219e-10,3,,,,0.16038519,Test
1832,19,-3.9313185,-4.9932714,10.05058,-1.2556922,1.0694381,-0.17904894,-7.69966,-9.774567,8.4656955e-07,2.927265e-07,0.9998248,1.2293404e-05,0.0001257371,3.6078847e-05,1.9547556e-08,2.4545537e-09,2,,,,0.002639089,Test
1833,1,-10.200455,-6.6633353,16.52292,-2.7542167,2.0033107,0.6361753,-9.811599,-12.702398,2.4784794e-12,8.517979e-11,0.9999994,4.2466373e-09,4.945537e-07,1.2602997e-07,3.6564844e-12,2.0305094e-13,2,,,,1.4229281e-05,Test
1834,19,0.06143677,-6.1764946,9.908344,0.95994455,-2.7607212,0.5232737,-8.29919,-17.008965,5.2896277e-05,1.03353685e-07,0.99973005,0.00012990988,3.1461364e-06,8.394567e-05,1.2372312e-08,2.041005e-12,2,,,,0.0040150746,Test
1835,1,-2.528989,-3.0577347,1.0887959,2.2678192,-2.2539537,-1.6521612,-1.1304475,-3.4778275,0.005947997,0.0035054148,0.22159237,0.72044045,0.007830997,0.014294606,0.024085164,0.0023030085,3,,,,1.1871641,Test
1836,20,-0.6911168,-11.378439,2.5448093,8.818495,-5.8164277,1.1652579,-6.884859,-22.518003,7.395582e-05,1.6886013e-09,0.0018806892,0.9975714,4.396207e-07,0.00047335337,1.5103029e-07,2.4528766e-14,3,,,,0.026783941,Test
1837,13,-4.9992185,-3.4890618,6.5832205,0.034667864,-0.41735554,-1.0370715,-3.6471682,-4.427193,9.301143e-06,4.211037e-05,0.99707055,0.0014279917,0.0009086871,0.0004889621,3.5952125e-05,1.648025e-05,2,,,,0.03383646,Test
1838,3,-4.201906,-4.059992,9.3384,-0.57757676,-0.07361116,0.6468772,-6.512221,-8.947348,1.3164023e-06,1.5171246e-06,0.99969804,4.9364524e-05,8.171172e-05,0.0001679533,1.306267e-07,1.1441148e-08,2,,,,0.0044159335,Test
1839,1,6.4400663,-9.397421,-8.028934,10.031189,-6.5263677,-0.38153777,-3.6775188,-19.325626,0.026826978,3.5517178e-09,1.3956115e-08,0.9731426,6.270775e-08,2.924064e-05,1.0828301e-06,1.7325014e-13,3,,,,0.17872722,Test
1840,1,-1.0456392,-1.4130503,1.8601044,-1.0238595,-1.3465542,-2.9283159,-0.63838387,-3.674716,0.042624783,0.029518722,0.7791312,0.043563314,0.031548336,0.0064867344,0.064051725,0.003075166,2,,,,1.3055897,Test
1841,11,-9.248462,-5.7746835,12.083833,-1.7498202,1.727516,-2.5267289,-7.1917067,-3.8559384,5.438608e-10,1.7544066e-08,0.9999666,9.819889e-07,3.179028e-05,4.5154323e-07,4.253291e-09,1.1951725e-07,2,,,,0.0005555005,Test
1842,3,2.6649995,-3.9050622,-1.2834607,3.7140055,-3.4027238,-0.99965197,-2.5543087,-9.455355,0.25583008,0.00035859982,0.004933523,0.7303468,0.00059261534,0.006552601,0.0013843145,1.3936337e-06,3,,,,0.9432199,Test
1843,3,6.3443265,-8.020054,-7.0144925,9.188822,-7.1584873,-1.7948639,-2.4945667,-16.228176,0.054965228,3.174804e-08,8.678144e-08,0.94501054,7.514334e-08,1.6042892e-05,7.969029e-06,8.649175e-12,3,,,,0.30755368,Test
1844,20,-1.8559638,-5.8805614,-0.08004247,5.0796037,-3.5644672,0.94021827,-2.5162206,-9.897207,0.0009503839,1.6983944e-05,0.0056127016,0.9771871,0.00017214942,0.015569174,0.00049108104,3.059367e-07,3,,,,0.18536302,Test
1845,19,-8.82466,-6.700571,16.195583,-0.48400915,-0.89734644,2.1970356,-10.096795,-14.580747,1.3609604e-11,1.1384819e-10,0.99999917,5.7035443e-08,3.772546e-08,8.3273665e-07,3.813864e-12,4.3053628e-14,2,,,,2.0500685e-05,Test
1846,1,8.518307,-7.002439,-2.2396798,6.6680336,-6.940936,-2.817071,-4.1074543,-17.976562,0.8641316,1.5703824e-07,1.838425e-05,0.1358365,1.6699984e-07,1.03201955e-05,2.8397596e-06,2.691562e-12,0,,,,0.57378924,Test
1847,20,4.2713475,-6.2022367,-0.19566996,5.7467136,-5.244354,-0.62882835,-4.2194304,-14.522558,0.18546441,5.243738e-06,0.0021294109,0.81096846,1.36660765e-05,0.0013808331,3.808574e-05,1.2769416e-09,3,,,,0.7288552,Test
1848,3,-5.2019672,-7.7402673,0.735411,1.5692334,2.177749,3.7170424,-5.0687213,-7.61993,9.681071e-05,7.6481065e-06,0.036685478,0.08445371,0.15520069,0.72343636,0.00011060929,8.626127e-06,5,,,,1.234133,Test
1849,19,-5.8788404,-6.4040856,6.3559723,-1.0065534,4.8967953,-1.2194716,-6.783237,-5.7437997,3.9383785e-06,2.3291987e-06,0.81064194,0.0005144281,0.18841547,0.0004157724,1.5942e-06,4.5078045e-06,2,,,,0.7097351,Test
1850,11,-9.135481,-2.727765,13.530303,-2.8947647,-2.8062527,1.0261002,-4.4998426,-13.3087435,1.4334212e-10,8.693788e-08,0.99999607,7.356681e-08,8.037526e-08,3.711009e-06,1.47776555e-08,2.2077429e-12,2,,,,7.868706e-05,Test
1851,19,-1.7067826,-5.7144713,-2.2536843,5.060213,-3.5716665,2.522257,-1.9993035,-10.429251,0.0010640024,1.9338604e-05,0.0006157808,0.92429656,0.00016482896,0.07304509,0.0007941496,1.7330963e-07,3,,,,0.4083569,Test
1852,3,0.37054032,-6.946936,-2.5420935,1.0883737,4.0083017,0.45174593,-5.617937,-10.548316,0.02369738,1.573115e-05,0.0012875367,0.04857931,0.9006582,0.025702031,5.9420676e-05,4.2924106e-07,4,,,,0.6250882,Test
1853,16,-20.496494,-13.210389,29.467905,-4.38482,3.217979,-3.2914186,-15.799095,-13.553072,1.9986476e-22,2.9177757e-19,1.0,1.9858567e-15,3.9792583e-12,5.9266154e-15,2.1917572e-20,2.0712241e-19,2,,,,1.5107417e-10,Test
1854,1,-1.905452,-7.5611424,-3.839185,3.5239234,-0.4976015,4.417318,-3.6258001,-10.907213,0.0012649656,4.4242906e-06,0.00018292335,0.2884208,0.0051701185,0.7047302,0.00022643384,1.5583443e-07,5,,,,0.9296864,Test
1855,20,8.674584,-11.773037,-10.013255,13.219073,-9.66033,-2.1021628,-3.2786374,-23.211977,0.010513882,1.3850758e-11,8.0489185e-11,0.98948574,1.14554304e-10,2.1952371e-07,6.7693136e-08,1.4914403e-16,3,,,,0.08418786,Test
1856,1,1.4926875,-5.895895,-3.7946956,4.1486793,-2.0543072,2.029076,-3.1494825,-12.629388,0.05884761,3.63838e-05,0.00029747307,0.8379371,0.0016954639,0.10061888,0.00056710065,4.331015e-08,3,,,,0.81334525,Test
1857,1,4.56864,-10.102078,-4.184705,10.182219,-7.6657844,-0.6892784,-4.6577992,-20.521948,0.0036346607,1.5454369e-09,5.7402974e-07,0.99634546,1.7665283e-08,1.8922508e-05,3.576616e-07,4.610626e-14,3,,,,0.035034843,Test
1858,3,2.3213053,-10.14247,-5.4369407,9.457967,-4.5933056,1.2925575,-4.002923,-18.033054,0.0007945432,3.070213e-09,3.394332e-07,0.9989189,7.891148e-07,0.00028401293,1.4240986e-06,1.1490313e-12,3,,,,0.013137953,Test
1859,3,-6.4396653,-3.6843312,10.946006,-1.0468504,-1.3161513,0.91624343,-6.0103726,-9.831434,2.814976e-08,4.4269174e-07,0.99994457,6.187921e-06,4.727033e-06,4.4066193e-05,4.324283e-08,9.472154e-10,2,,,,0.00091960264,Test
1860,3,4.71694,-5.987936,0.045545716,5.2566986,-4.9668794,-0.87655246,-4.3486323,-14.910596,0.36645147,8.22144e-06,0.0034296962,0.6286815,2.282377e-05,0.0013639345,4.2353397e-05,1.0961914e-09,3,,,,0.99386764,Test
1861,1,-2.7700648,-4.663134,-2.655374,-0.005415112,0.7223481,3.861251,-2.0635474,-7.714671,0.0012322483,0.0001855875,0.0013819992,0.019560073,0.040498037,0.9346355,0.0024976695,8.775729e-06,5,,,,0.4385929,Test
1862,20,2.7631118,-10.875703,-7.0974092,11.600995,-7.3949885,0.25454798,-2.8432891,-19.085974,0.0001451068,1.7315128e-10,7.5738695e-09,0.9998425,5.6244613e-09,1.1809521e-05,5.3316126e-07,4.7070627e-14,3,,,,0.0022820765,Test
1863,13,-2.974379,-3.68068,3.1805372,2.2189813,-1.69008,-1.1111017,-2.4039524,-5.180792,0.0015048238,0.00074257946,0.70881325,0.2709776,0.005435626,0.009698326,0.0026620654,0.00016567338,2,,,,1.0148327,Test
1864,1,-3.9955945,-4.7476444,-2.6624396,0.5937258,-2.4353926,3.5018926,-0.032470766,-7.081996,0.0005090034,0.00023994391,0.0019306449,0.050099928,0.0024227446,0.91798997,0.026784495,2.3244133e-05,5,,,,0.5168617,Test
1865,3,-2.371842,-3.8359618,5.440787,0.76501656,-0.29764482,0.73465115,-4.9252563,-7.6408544,0.00039584123,9.1550726e-05,0.97836876,0.009116777,0.0031501662,0.008844103,3.0802592e-05,2.0380646e-06,2,,,,0.18536171,Test
1866,3,1.5458068,-3.7526603,-0.7925871,3.9657805,-3.577758,-0.16953452,-2.5346122,-8.914508,0.07968234,0.00039835201,0.0076879505,0.8960729,0.00047448903,0.014335039,0.001346662,2.282997e-06,3,,,,0.5970765,Test
1867,11,-5.7667136,-4.006175,0.896719,0.018354751,-1.2312561,1.9583279,-1.1880423,-3.200015,0.00027905876,0.0016228853,0.2185685,0.0908069,0.026026739,0.63188565,0.02717611,0.003634115,5,,,,1.5384121,Test
1868,1,-3.5192664,-4.421496,8.427431,-0.6690651,0.91030157,-0.29673553,-6.857224,-8.266804,6.475241e-06,2.626774e-06,0.99917287,0.00011196502,0.00054324133,0.0001624737,2.2993203e-07,5.615993e-08,2,,,,0.010766156,Test
1869,3,6.843029,-7.264761,-4.25456,6.8640904,-5.5904684,-2.1538286,-3.8628337,-16.756636,0.49469417,3.6931903e-07,7.494025e-06,0.50522363,1.9703223e-06,6.124222e-05,1.1087657e-05,2.7869736e-11,3,,,,1.0011688,Test
1870,20,-8.481458,-4.8033724,9.710199,-0.21461165,-1.0273771,-1.0338336,-4.6749234,-4.2453504,1.2572522e-08,4.975022e-07,0.9999058,4.894049e-05,2.1711454e-05,2.1571726e-05,5.656918e-07,8.6924274e-07,2,,,,0.0015473167,Test
1871,1,-5.425964,-1.2347908,4.496514,-1.288599,-2.4790363,-1.5255662,-0.5463922,-3.5379424,4.8262966e-05,0.0031901961,0.98376495,0.0030230738,0.0009192812,0.0023852575,0.0063501676,0.00031883892,2,,,,0.15578464,Test
1872,3,1.4969344,-7.228722,4.3329005,4.7460737,-4.560581,0.15992554,-6.459947,-17.18776,0.022685768,3.6833997e-06,0.38672113,0.58457035,5.3089414e-05,0.005957965,7.94555e-06,1.7421826e-10,3,,,,1.1517345,Test
1873,3,6.808441,-7.124586,-6.5677414,7.467427,-5.5085998,-1.5672907,-3.0839155,-16.287209,0.34093404,3.0313333e-07,5.290154e-07,0.6589678,1.5256239e-06,7.854819e-05,1.7237511e-05,3.1794893e-11,3,,,,0.92718333,Test
1874,1,-5.1459417,-3.8294854,5.810169,-0.97296125,1.9504063,-2.458604,-4.3774953,-1.661257,1.7056173e-05,6.362261e-05,0.97737247,0.0011070925,0.020596165,0.00025059798,3.6780177e-05,0.00055623846,2,,,,0.1692227,Test
1875,19,-0.88980746,-9.08243,4.7888665,5.400512,-3.1223903,0.71007997,-7.434344,-17.072824,0.0011933912,3.3019597e-07,0.3491399,0.6436264,0.00012799245,0.0059102396,1.7160372e-06,1.1183752e-10,3,,,,0.9962283,Test
1876,19,4.861683,-8.919949,-4.9298325,9.34944,-6.7354026,-0.46580756,-3.9750056,-19.039362,0.011120154,1.1503349e-08,6.2188445e-07,0.9888235,1.0222576e-07,5.4002136e-05,1.6157921e-06,4.634671e-13,3,,,,0.08902329,Test
1877,20,4.8208885,-15.040259,-10.334069,15.327567,-8.316026,-0.3578974,-4.046275,-25.79295,2.735241e-05,6.4775184e-14,7.16607e-12,0.9999726,5.3914574e-11,1.5412648e-07,3.855097e-09,1.3853967e-18,3,,,,0.00045793207,Test
1878,16,-12.339368,-8.003141,17.189735,-2.4045973,2.0638826,-1.9952064,-9.978906,-7.106318,1.4985584e-13,1.14517675e-11,0.99999976,3.092352e-09,2.6972774e-07,4.656776e-09,1.5878498e-12,2.8077483e-11,2,,,,6.447738e-06,Test
1879,19,4.7517824,-8.505772,-1.9549593,8.189645,-6.5163455,-0.4500518,-4.778286,-17.802715,0.031126292,5.4380756e-08,3.8056307e-05,0.96866155,3.9759584e-07,0.00017139546,2.2608476e-06,4.9869375e-12,3,,,,0.2030605,Test
1880,16,-6.159228,-5.327692,9.731981,-0.014697865,1.354217,-0.83419955,-6.684403,-6.5045643,1.2542931e-07,2.880914e-07,0.9996853,5.8470156e-05,0.00022985117,2.5764939e-05,7.4185394e-08,8.8801684e-08,2,,,,0.0044600335,Test
1881,1,-0.9579226,-3.14712,-2.0435927,0.20954876,-0.40577593,2.339011,-1.7694193,-7.179196,0.029519143,0.0033063402,0.00996789,0.09487026,0.05127409,0.79789144,0.013112187,5.8646106e-05,5,,,,1.128357,Test
1882,16,-6.5412464,-5.3080406,9.124156,-1.5116961,3.0746706,-2.1854475,-6.7673273,-4.2692857,1.5687802e-07,5.38439e-07,0.99760795,2.3981045e-05,0.002353433,1.2225353e-05,1.251343e-07,1.5214647e-06,2,,,,0.024609255,Test
1883,19,-13.71738,-8.124213,18.13796,-2.8800375,1.4666289,-3.275752,-9.069358,-6.8325887,1.4635313e-14,3.9308214e-12,1.0,7.447312e-10,5.7508597e-08,5.0135257e-10,1.527609e-12,1.4303046e-11,2,,,,1.4219719e-06,Test
1884,20,4.7621503,-10.465958,-8.19056,11.249329,-7.0239263,-0.108796775,-2.9693918,-19.4946,0.0015205056,3.7025827e-10,3.6032772e-09,0.99846715,1.1570716e-08,1.1656347e-05,6.671477e-07,4.4403283e-14,3,,,,0.016648686,Test
1885,3,-4.384298,-4.9306073,10.790542,-0.30622968,-0.58466953,1.0315151,-7.3422346,-12.479128,2.5681143e-07,1.4871499e-07,0.99991524,1.51599115e-05,1.1475508e-05,5.7765938e-05,1.33351685e-08,7.835641e-11,2,,,,0.0013759586,Test
1886,16,2.6767867,-7.6272182,-5.826617,7.5085826,-5.066193,1.3565669,-2.7870917,-15.092306,0.007892163,2.6437672e-07,1.600349e-06,0.98996127,3.4234383e-06,0.0021078114,3.34398e-05,1.5141774e-10,3,,,,0.08887398,Test
1887,20,0.40341645,-8.200875,-4.5608706,8.354892,-6.1337166,0.078407526,-1.6408466,-14.815485,0.00035191176,6.451152e-08,2.4573749e-06,0.99934524,5.0979185e-07,0.0002542635,4.5563982e-05,8.648668e-11,3,,,,0.008732976,Test
1888,19,-10.417743,-6.7419906,16.22601,-1.235173,0.50196356,-0.7074866,-8.8964205,-11.175648,2.6838915e-12,1.0595563e-10,0.99999976,2.610388e-08,1.4829743e-07,4.4246182e-08,1.2287617e-11,1.2577995e-12,2,,,,5.3647263e-06,Test
1889,1,-0.51126266,-3.7527826,-2.2119315,2.1995385,-1.8574127,0.88379514,-1.405954,-6.321473,0.047686804,0.0018647643,0.008705769,0.71727246,0.012410026,0.19242616,0.019491201,0.00014290781,3,,,,1.2783682,Test
1890,1,1.873542,-11.079114,-7.87052,10.911418,-6.7917013,2.2876961,-3.036837,-19.615303,0.00011878737,2.8151614e-10,6.9659074e-09,0.99970067,2.0488159e-08,0.000179736,8.754263e-07,5.5243743e-14,3,,,,0.0042354465,Test
1891,13,-2.1863885,-4.962782,5.6383295,1.526089,-1.8259842,0.3641245,-5.214708,-11.666116,0.00039093138,2.4340427e-05,0.9779854,0.016010646,0.0005605601,0.0050092665,1.8919878e-05,2.98612e-08,2,,,,0.1763366,Test
1892,1,-8.476538,-6.320464,12.836724,-1.4048855,2.193937,-0.3436166,-8.68979,-7.436537,5.543143e-10,4.7877045e-09,0.99997365,6.530345e-07,2.3871784e-05,1.8872929e-06,4.4786003e-10,1.5682768e-09,2,,,,0.0004542289,Test
1893,1,-0.7202004,-6.0104055,3.2878716,2.0031457,0.15199588,-0.8251348,-5.940138,-11.144512,0.013409344,6.759284e-05,0.7380589,0.20424041,0.032077283,0.012073549,7.251328e-05,3.982782e-07,2,,,,1.1129276,Test
1894,3,9.505679,-11.827117,-10.18977,13.168362,-9.199627,-1.2257998,-4.401531,-24.138,0.025021423,1.3601786e-11,6.9933816e-11,0.97497797,1.8823519e-10,5.4662564e-07,2.282902e-08,6.1241746e-17,3,,,,0.16878696,Test
1895,11,-8.964679,-5.1516123,11.407319,-0.47931945,-0.08360659,-1.9756632,-5.4066577,-5.799277,1.4208414e-09,6.434864e-08,0.9999813,6.881614e-06,1.0222244e-05,1.5411202e-06,4.986258e-08,3.3671466e-08,2,,,,0.00034785594,Test
1896,20,4.2015166,-11.524448,-8.8019495,12.538195,-7.8117437,0.2330811,-3.0242262,-20.366255,0.00023950847,3.5450375e-11,5.3949406e-10,0.9997558,1.4522066e-09,4.5274214e-06,1.7426912e-07,5.1247547e-15,3,,,,0.0033173324,Test
1897,19,2.8281848,-9.620038,-4.703707,8.908817,-5.667748,-2.2996156,-3.1142576,-14.077288,0.0022814649,8.954052e-09,1.222235e-06,0.9976973,4.660979e-07,1.3528142e-05,5.990232e-06,1.0381503e-10,3,,,,0.023696786,Test
1898,13,1.6857715,-5.9477196,-3.8772473,6.289436,-4.602193,-0.5123631,-1.4055706,-11.143961,0.009899797,4.7911863e-06,3.7987254e-05,0.9884901,1.839917e-05,0.001098977,0.00044985602,2.6530417e-08,3,,,,0.09916254,Test
1899,19,-3.2416914,-4.1497216,3.8818507,2.1847558,-1.4716789,-0.8787822,-2.6040332,-6.5353055,0.00067204173,0.0002710464,0.8338946,0.15278201,0.0039455076,0.0071382956,0.0012715331,2.4945815e-05,2,,,,0.7379531,Test
1900,19,-7.052414,-4.3805485,9.537273,-0.2955072,-0.25116527,0.061112415,-5.395564,-7.0406823,6.238911e-08,9.02579e-07,0.9998123,5.3653246e-05,5.608588e-05,7.664327e-05,3.2709175e-07,6.312538e-08,2,,,,0.00289993,Test
1901,20,-2.3643754,-2.3205616,5.5517135,-0.056119014,-1.5130686,-0.3481215,-3.6218326,-6.9354005,0.00036188887,0.00037809703,0.99194825,0.0036394715,0.00084779947,0.0027178356,0.00010291263,3.7445905e-06,2,,,,0.08273892,Test
1902,20,4.299213,-14.333138,-10.406372,15.059011,-8.6913185,-1.2794858,-2.9014342,-24.110163,2.123586e-05,1.7184693e-13,8.7199735e-12,0.99997866,4.8456662e-11,8.021795e-08,1.5844131e-08,9.750671e-18,3,,,,0.00036273513,Test
1903,1,-9.273717,-6.7241497,15.41983,0.16778603,-0.8812028,3.0112963,-9.185036,-14.437923,1.8868058e-11,2.415404e-10,0.9999956,2.3774929e-07,8.328166e-08,4.0835716e-06,2.0617716e-11,1.07879864e-13,2,,,,8.666551e-05,Test
1904,20,1.8591425,-10.529856,-6.098238,10.616838,-6.686712,0.5481788,-2.8884041,-17.997437,0.00015721486,6.5466643e-10,5.5036043e-08,0.99979895,3.0554563e-08,4.2378866e-05,1.3635166e-06,3.7401665e-13,3,,,,0.0029207105,Test
1905,1,2.3428283,-4.5719304,-3.3274539,4.006437,-2.4922714,0.34504035,-2.5562463,-10.072119,0.1554291,0.00015434437,0.0005357473,0.82040507,0.0012350234,0.021081623,0.0011584873,6.306511e-07,3,,,,0.8001321,Test
1906,16,-2.921472,-3.545255,5.032145,-0.910311,2.3281767,-1.521626,-4.9731364,-4.3207254,0.0003278917,0.00017572148,0.9331306,0.0024500024,0.06246316,0.0013294617,4.214091e-05,8.0917445e-05,2,,,,0.38472927,Test
1907,3,-7.0097404,-5.360174,11.737602,-0.036181808,0.081428386,1.2418174,-7.3236413,-10.468514,7.2129547e-09,3.7541437e-08,0.9999559,7.703561e-06,8.665007e-06,2.7651547e-05,5.2697278e-09,2.2697987e-10,2,,,,0.000760094,Test
1908,11,2.6633623,-5.8355775,0.099489644,5.1586895,-4.4556,-0.857831,-3.8373191,-13.268421,0.07555846,1.5390071e-05,0.005818451,0.91619927,6.1172635e-05,0.0022338205,0.00011352014,9.103271e-09,3,,,,0.46270093,Test
1909,16,4.5831537,-8.754992,-6.529154,8.910615,-4.897231,-1.3623507,-3.286027,-16.111618,0.013028497,2.09996e-08,1.9448247e-07,0.98693115,9.945246e-07,3.4103163e-05,4.9814134e-06,1.3405084e-11,3,,,,0.10093586,Test
1910,1,2.0565734,-5.646297,-2.7940829,5.044061,-3.6578994,-0.3878382,-2.430364,-11.719362,0.047743198,2.1557451e-05,0.00037350648,0.9470239,0.00015745175,0.004143019,0.0005373525,4.967049e-08,3,,,,0.32909766,Test
1911,13,-3.594138,-5.0739965,7.38995,2.0460172,-2.122938,0.86830956,-5.6201262,-10.690395,1.6862587e-05,3.8391036e-06,0.9936947,0.0047469265,7.3427414e-05,0.0014619771,2.2235583e-06,1.3965576e-08,2,,,,0.060863968,Test
1912,19,-1.7543818,-6.7776513,-0.44110465,4.7641587,-0.4454771,-0.4501002,-3.2683282,-9.1795635,0.0014494406,9.54162e-06,0.005389512,0.98212445,0.0053659976,0.0053412453,0.0003189347,8.63943e-07,3,,,,0.16450886,Test
1913,1,-2.1869068,-3.4225233,0.19388595,2.5256677,-2.32897,-0.2335849,-1.6158161,-4.7369456,0.0075069168,0.0021819274,0.08117584,0.83580834,0.0065127495,0.05293934,0.01328872,0.0005861298,3,,,,0.94349027,Test
1914,3,-2.8099248,-3.1051812,5.526748,0.53840476,-1.2349466,0.7294508,-4.2226615,-7.0932918,0.00023563173,0.00017539025,0.98356885,0.006704939,0.0011382509,0.008116428,5.737067e-05,3.250806e-06,2,,,,0.1453175,Test
1915,3,-1.5864794,-3.6200054,6.1623836,0.34463847,-0.7180462,-0.074663475,-5.2662354,-8.883373,0.00042846613,5.6074783e-05,0.99358505,0.002955224,0.0010211096,0.0019430764,1.0809827e-05,2.903459e-07,2,,,,0.06747453,Test
1916,1,-1.1809136,-5.146526,-2.8552256,4.493058,-3.8426106,1.3571286,-1.12842,-9.396538,0.0032661168,6.191393e-05,0.0006121914,0.9510565,0.00022807173,0.041332286,0.003442147,8.831438e-07,3,,,,0.32415575,Test
1917,1,-3.5003724,-10.321234,-2.1276975,-2.3896472,9.472217,2.6986504,-8.126277,-11.92356,2.3204468e-06,2.5311029e-09,9.156231e-06,7.0461765e-06,0.9988393,0.0011422816,2.2728301e-08,5.098329e-10,4,,,,0.013156151,Test
1918,13,-0.8024998,-6.0026426,2.1111479,4.7504363,-3.3887832,0.4460235,-3.985759,-11.816013,0.0035583985,1.9627341e-05,0.06555951,0.9180452,0.00026794523,0.012401704,0.00014749679,5.863355e-08,3,,,,0.48382524,Test
1919,19,10.835845,-11.29802,-9.573454,12.966154,-10.145648,-2.485939,-4.0019455,-23.949823,0.10618562,2.5908943e-11,1.453516e-10,0.8938141,8.2019946e-11,1.7397562e-07,3.8202796e-08,8.2954867e-17,3,,,,0.4883075,Test
1920,20,-7.0342765,-4.340154,9.031479,-0.060287144,-0.1715544,0.7360545,-5.434673,-7.2075114,1.05324375e-07,1.558014e-06,0.99953496,0.00011253666,0.00010068653,0.00024954043,5.2146834e-07,8.857148e-08,2,,,,0.006515893,Test
1921,1,-4.8576703,-8.123188,-4.5047183,-0.17941126,0.8614236,7.07001,-2.5710802,-11.653926,6.5865493e-06,2.514559e-07,9.3744e-06,0.0007085984,0.0020064532,0.99720395,6.482039e-05,7.363459e-09,5,,,,0.03059988,Test
1922,1,-7.9236403,-4.824424,10.360541,-0.9186526,-0.4969365,-1.1147794,-5.6919317,-5.8044868,1.1462049e-08,2.5423472e-07,0.9999572,1.2632513e-05,1.9259214e-05,1.03827615e-05,1.067778e-07,9.5411146e-08,2,,,,0.00075135636,Test
1923,3,13.49782,-13.959082,-10.228922,15.405115,-11.640483,-2.9661505,-5.6718235,-29.461708,0.12928502,1.5387474e-13,6.4143873e-12,0.87071496,1.5635883e-12,9.148224e-09,6.1133304e-10,2.847496e-20,3,,,,0.5554744,Test
1924,13,-7.955001,-7.225221,11.01177,2.3253756,-1.7663208,2.2069063,-6.927712,-13.123046,5.790241e-09,1.20125545e-08,0.9996784,0.00016881345,2.821017e-06,0.00014995346,1.6174928e-08,3.297944e-11,2,,,,0.0045372555,Test
1925,3,4.1961575,-4.928139,-2.9861794,4.2936597,-3.2800474,-0.97107285,-3.1826549,-11.333211,0.4738946,5.164759e-05,0.00036010778,0.522428,0.00026841526,0.0027013584,0.00029587228,8.538125e-08,3,,,,1.0344701,Test
1926,3,6.564595,-12.569229,-9.801074,13.525101,-8.356709,-0.7375775,-3.7232494,-23.245337,0.0009477173,4.644773e-12,7.398753e-11,0.99905163,3.1364542e-10,6.3883033e-07,3.2264477e-08,1.07247977e-16,3,,,,0.010899687,Test
1927,13,1.1162052,-2.8752046,3.4853156,0.7678602,-2.6711469,-0.736354,-3.8052666,-10.118105,0.07937137,0.0014662788,0.84831166,0.056024704,0.0017981986,0.01244823,0.00057848997,1.0487333e-06,2,,,,0.83960855,Test
1928,20,1.4701294,-3.9077423,5.02503,1.3793747,-2.136531,-0.4321896,-5.0639596,-11.373221,0.026968703,0.0001245317,0.94348234,0.024628943,0.0007319937,0.004024328,3.9186947e-05,7.1295815e-08,2,,,,0.39320686,Test
1929,11,-7.760775,-4.7453365,9.3899355,-0.35368738,0.50165224,-1.3804681,-5.314582,-4.279726,3.5599616e-08,7.261625e-07,0.9997801,5.865471e-05,0.00013796608,2.1007652e-05,4.1097343e-07,1.1567671e-06,2,,,,0.0032847389,Test
1930,1,1.8137231,-3.8592298,-4.0462837,4.1641808,-4.487183,-0.1460906,-0.59944314,-9.080225,0.08525929,0.0002930957,0.00024309334,0.89440143,0.0001564203,0.012011727,0.007633382,1.5832888e-06,3,,,,0.5855279,Test
1931,13,-1.4737246,-7.0180025,-4.274893,4.7767982,-2.824001,3.7077029,-2.3112733,-12.256527,0.0014327124,5.6015683e-06,8.7021595e-05,0.7425514,0.00037131392,0.25493196,0.00062003476,2.9733592e-08,3,,,,0.8472031,Test
1932,3,4.2348886,-5.8977537,-5.4222527,6.133436,-4.318593,-0.8714273,-2.2596288,-12.495607,0.13013959,5.1743855e-06,8.324656e-06,0.8688367,2.5100337e-05,0.00078843243,0.0001967327,7.054193e-09,3,,,,0.57025605,Test
1933,11,-8.180877,-4.2567844,11.164358,-1.2115333,-0.52418876,-1.0828369,-5.580775,-6.080961,3.967016e-09,2.0075909e-07,0.99998236,4.219013e-06,8.389205e-06,4.7984727e-06,5.341629e-08,3.239256e-08,2,,,,0.00033370743,Test
1934,3,2.9071462,-6.3931813,-4.4963427,5.5625587,-2.6261268,0.5262057,-3.1785438,-13.286721,0.06523052,5.961697e-06,3.9733488e-05,0.928286,0.0002578582,0.0060314457,0.00014841212,6.047053e-09,3,,,,0.40667498,Test
1935,1,5.535582,-9.239496,-8.57662,10.034645,-7.1704116,-0.35983518,-2.4353685,-18.39934,0.010996753,4.212399e-09,8.173592e-09,0.9889691,3.335196e-08,3.0263358e-05,3.7977347e-06,4.4305743e-13,3,,,,0.087903365,Test
1936,13,-7.3763433,-5.5980325,13.4645605,0.05127822,-1.4741634,2.2692952,-8.159765,-13.066642,8.890036e-10,5.2627662e-09,0.9999844,1.4951291e-06,3.2522806e-07,1.3738885e-05,4.06133e-10,3.0035748e-12,2,,,,0.00028047175,Test
1937,13,1.4433987,-10.949258,-7.486911,11.772399,-7.9457808,-0.84797007,-1.2139484,-18.412624,3.2670476e-05,1.3554803e-10,4.3228625e-09,0.99996173,2.732038e-09,3.3038991e-06,2.2913132e-06,7.7766745e-14,3,,,,0.0006453358,Test
1938,3,-6.204631,-4.441146,9.156322,-1.7317235,1.8552736,-1.1119871,-6.229859,-4.0601463,2.1306172e-07,1.2427313e-06,0.9992687,1.866656e-05,0.00067433785,3.4690656e-05,2.0775373e-07,1.8190441e-06,2,,,,0.009033689,Test
1939,1,-0.4753172,-2.4999187,-1.6196003,1.0885925,-2.0124924,0.94896215,-1.2529627,-6.483122,0.090417884,0.011939362,0.028793769,0.43196815,0.01943872,0.3756739,0.041545812,0.00022238113,3,,,,1.8947414,Test
1940,19,-11.6031065,-8.491665,19.115044,-2.0687907,2.0400317,1.0190022,-12.034277,-13.547592,4.5632735e-14,1.0246105e-12,1.0,6.3092503e-10,3.8407535e-08,1.3835325e-08,2.9649812e-14,6.528261e-15,2,,,,1.326659e-06,Test
1941,11,-3.9037044,-4.396088,1.8440821,2.153775,-0.33814856,-0.3085013,-2.5711699,-3.506011,0.0012203079,0.000745813,0.3825616,0.5214339,0.043148983,0.044447392,0.004625745,0.0018162905,3,,,,1.4874594,Test
1942,13,-2.8935885,-8.55562,7.8003254,4.7979484,-3.2111967,0.8339022,-7.574367,-16.102436,2.1589038e-05,7.5031636e-08,0.95179045,0.04727435,1.5714406e-05,0.0008975575,2.0016911e-07,3.96008e-11,2,,,,0.28566334,Test
1943,13,4.082638,-11.780803,-9.658791,13.112821,-8.560389,-0.30664587,-2.2129912,-20.42243,0.000119726064,1.544486e-11,1.2893256e-10,0.99987864,3.8671563e-10,1.4857552e-06,2.2081673e-07,2.7275492e-15,3,,,,0.0017686917,Test
1944,1,-9.226537,-5.7372165,12.946429,-1.6524394,0.52689254,-0.08436243,-7.683748,-6.64901,2.3463909e-10,7.687641e-09,0.9999933,4.568663e-07,4.0388795e-06,2.191777e-06,1.0975524e-09,3.088913e-09,2,,,,0.00013315942,Test
1945,19,11.8644085,-16.467815,-13.655738,18.58458,-12.334264,-1.8267312,-5.3378286,-31.223167,0.0012048784,5.976057e-16,9.946816e-15,0.99879515,3.729012e-14,1.3644482e-09,4.074799e-11,2.3347844e-22,3,,,,0.013420804,Test
1946,3,3.213627,-5.323126,-2.4686685,5.555168,-4.8885684,-0.62168944,-3.1114035,-12.12728,0.087530896,1.716709e-05,0.00029810687,0.9100803,2.651077e-05,0.0018901863,0.00015676008,1.904099e-08,3,,,,0.45454916,Test
1947,3,-0.22929934,-6.6117816,-3.639756,5.18489,-1.7464532,2.0070498,-3.1228096,-11.068269,0.0042509963,7.188102e-06,0.00014039391,0.9546481,0.00093239354,0.03978551,0.00023542652,8.3403876e-08,3,,,,0.2966237,Test
1948,16,-12.20852,-7.2510657,15.767031,-2.608216,1.5816509,-2.993226,-8.345883,-4.68682,7.0855247e-13,1.00778344e-10,0.9999993,1.0464819e-08,6.9082404e-07,7.12071e-09,3.372048e-11,1.3091989e-09,2,,,,1.568306e-05,Test
1949,11,-6.80395,-5.0586534,-0.7941249,0.055102378,-2.816056,7.4409823,-1.2076554,-11.173305,6.501702e-07,3.7239145e-06,0.0002648871,0.0006192636,3.507094e-05,0.9989011,0.00017517286,8.230773e-09,5,,,,0.014117103,Test
1950,19,8.984124,-13.708003,-11.084215,15.468456,-9.586581,-1.1704571,-4.7615027,-25.995993,0.0015248517,2.1289308e-13,2.9353412e-12,0.99847513,1.3124184e-11,5.9312832e-08,1.6352248e-09,9.807464e-19,3,,,,0.016468095,Test
1951,20,4.751815,-13.5754595,-9.955349,14.270194,-8.6026,-0.22217248,-3.134196,-23.746035,7.3483236e-05,8.0677826e-13,3.0126436e-11,0.999926,1.1653037e-10,5.0817454e-07,2.762722e-08,3.0883744e-17,3,,,,0.0011272093,Test
1952,11,-10.189755,-6.237402,14.49784,-1.2438309,0.30383602,0.2005864,-7.8506675,-10.272024,1.898073e-11,9.880948e-10,0.99999857,1.4570642e-07,6.8489146e-07,6.1770487e-07,1.9686393e-10,1.7481735e-11,2,,,,3.217614e-05,Test
1953,13,0.69442236,-3.5023851,-0.29286918,3.4620955,-3.5372314,-0.7488188,-2.1803412,-7.626633,0.05676486,0.0008539439,0.021149706,0.90378416,0.0008246995,0.013405653,0.0032032104,1.3813094e-05,3,,,,0.6118245,Test
1954,1,3.9105616,-10.050311,-6.067688,6.8297334,-0.8444035,0.8025258,-6.0317883,-16.541664,0.051074266,4.4164363e-08,2.369756e-06,0.9461987,0.00043969037,0.0022824402,2.4563735e-06,6.6975134e-11,3,,,,0.3196884,Test
1955,3,-5.756862,-3.4454916,5.22682,-0.9936049,0.36369354,-2.215089,-3.3108613,0.8761036,1.6585338e-05,0.00016731696,0.9769607,0.0019425894,0.0075482833,0.0005726604,0.0001914296,0.012600416,2,,,,0.19397157,Test
1956,1,4.171319,-12.707731,-9.423427,13.219654,-7.763809,0.8475825,-3.571135,-22.640144,0.00011757231,5.4932157e-12,1.4661608e-10,0.99987805,7.708053e-10,4.2347206e-06,5.1027016e-08,2.6682988e-16,3,,,,0.001787501,Test
1957,3,6.2903705,-8.568487,-4.2095785,9.050824,-6.9820337,-1.1720731,-4.0004654,-18.149286,0.05949671,2.0959101e-08,1.6384117e-06,0.9404653,1.02414404e-07,3.4166053e-05,2.019481e-06,1.4470532e-12,3,,,,0.32607475,Test
1958,19,6.1858454,-9.017068,-7.452117,9.989521,-6.850662,-1.122082,-3.0181377,-18.374754,0.021802371,5.44456e-09,2.6038236e-08,0.9781807,4.7513872e-08,1.4612056e-05,2.1941414e-06,4.698627e-13,3,,,,0.15174586,Test
1959,1,-3.2881207,-6.3020954,-0.15236853,-0.9096476,4.3735437,2.9884248,-4.8890004,-9.158205,0.0003714313,1.8235847e-05,0.008545125,0.0040071565,0.7894,0.1975821,7.492471e-05,1.0484151e-06,4,,,,0.8277471,Test
1960,3,-1.0147922,-7.2324767,0.12511605,1.0907495,5.0344324,-0.96252066,-6.361852,-10.492635,0.002287372,4.5606953e-06,0.007151427,0.018782875,0.9693526,0.0024101173,1.0892773e-05,1.7505002e-07,4,,,,0.2435012,Test
1961,1,-1.8660672,-6.3735785,-3.3309853,5.435979,-3.0083928,-0.09375054,-0.91204214,-8.503308,0.0006696245,7.383191e-06,0.00015474814,0.99327505,0.00021366101,0.0039403844,0.0017384372,8.7763516e-07,3,,,,0.06884921,Test
1962,11,0.87344205,-3.6941583,-0.55959076,3.7670333,-3.9528239,0.38663262,-2.283111,-8.974983,0.05006949,0.00051986385,0.011945795,0.9041572,0.00040137707,0.03077192,0.0021315706,2.645187e-06,3,,,,0.6077299,Test
1963,3,4.789894,-8.759137,-4.8282185,9.258117,-6.743764,-0.4634351,-3.8021035,-17.664307,0.011336958,1.4798816e-08,7.5405546e-07,0.9886008,1.1104333e-07,5.929316e-05,2.1039682e-06,2.0079858e-12,3,,,,0.090510786,Test
1964,13,2.2714453,-4.9038854,0.69627357,4.355201,-4.2369804,-0.3947221,-3.6018386,-11.51092,0.10734052,8.214043e-05,0.022216482,0.86243665,0.00016002591,0.007462116,0.00030201528,1.1095801e-07,3,,,,0.7111598,Test
1965,3,2.9162347,-9.175619,-0.0018821321,8.218986,-5.8456645,0.35213658,-5.760721,-18.416271,0.0049500056,2.7744735e-08,0.0002674751,0.9943997,7.7510634e-07,0.00038109382,8.438232e-07,2.6916314e-12,3,,,,0.053501867,Test
1966,1,-4.0479555,-3.6098611,-2.473798,3.5288813,-4.041295,-1.1041498,1.6095251,-3.1746264,0.00044079372,0.00068312045,0.0021275668,0.86062455,0.00044373944,0.008369779,0.12625481,0.0010556439,3,,,,0.6674276,Test
1967,3,4.73782,-7.5689116,-0.037452247,6.0009465,-4.700069,-1.6237366,-4.823631,-17.506027,0.219936,9.943756e-07,0.0018553331,0.77779496,1.7517541e-05,0.00037975825,1.5481424e-05,4.8074676e-11,3,,,,0.7842009,Test
1968,3,2.7313151,-4.9153934,-3.1468766,3.8923974,-3.0231688,1.0695016,-2.9667938,-11.7697115,0.22763588,0.000108721986,0.00063734467,0.72692955,0.00072127354,0.043204032,0.0007631037,1.1468976e-07,3,,,,1.0399786,Test
1969,1,2.1713557,-6.1470175,-5.49798,2.8752692,-0.85843945,2.256936,-3.0889359,-12.804694,0.24008287,5.857843e-05,0.00011210141,0.48536327,0.0116021335,0.26153407,0.0012469405,7.5222104e-08,3,,,,1.5953246,Test
1970,1,0.74871296,-4.9778824,-2.204643,4.100165,-1.7660455,-1.3296732,-2.5136895,-7.6706553,0.033507455,0.000109172404,0.0017478949,0.9564417,0.0027101645,0.0041928543,0.0012832108,7.390198e-06,3,,,,0.31174332,Test
1971,13,-2.7461903,-6.663309,-2.2975285,5.789155,-3.6092267,2.5086498,-1.6182488,-11.204132,0.00018906535,3.7620864e-06,0.00029611695,0.9626429,7.976268e-05,0.036204282,0.0005840776,4.0121282e-08,3,,,,0.23944856,Test
1972,1,4.510247,-10.1044445,-6.010475,10.277391,-6.324235,-0.09184866,-4.327513,-18.27635,0.0031188224,1.4025252e-09,8.411994e-08,0.99684936,6.146592e-08,3.128426e-05,4.526893e-07,3.9618425e-13,3,,,,0.030982941,Test
1973,1,1.4336734,-5.786757,-4.485858,5.716121,-3.9671836,1.1830447,-2.3611765,-11.662083,0.01347233,9.854841e-06,3.619288e-05,0.97563225,6.079674e-05,0.01048567,0.00030294273,2.7671193e-08,3,,,,0.19247761,Test
1974,11,1.6608115,-5.11294,0.61982554,4.480023,-4.0694356,0.038253274,-3.682723,-12.083539,0.054575324,6.240132e-05,0.019270897,0.9148804,0.00017716653,0.010772793,0.0002608126,5.8600396e-08,3,,,,0.5327933,Test
1975,13,-6.486911,-4.9202175,7.5915093,1.1878004,-1.647134,1.4606493,-4.626622,-8.615609,7.6579624e-07,3.6687652e-06,0.99607867,0.0016489147,9.682817e-05,0.0021661816,4.9206933e-06,9.112369e-08,2,,,,0.041523084,Test
1976,1,-4.0074854,-3.460948,4.9519114,0.6773866,-0.990852,0.6849787,-4.050894,-7.224118,0.0001246537,0.00021530958,0.96988803,0.013499544,0.0025457295,0.013602425,0.00011935833,4.997345e-06,2,,,,0.23878303,Test
1977,1,-0.9682228,-6.6998997,-1.5405908,-1.8572354,6.123713,-0.09911266,-5.6056457,-9.225133,0.000828771,2.6865753e-06,0.00046758246,0.0003406757,0.9963755,0.001976443,8.024672e-06,2.1503232e-07,4,,,,0.04074474,Test
1978,1,-5.3026257,-2.82785,4.9401927,-0.33275607,-0.8413328,-2.9043279,-2.3783073,-0.09279846,3.504303e-05,0.0004162779,0.9840142,0.005046483,0.0030347065,0.00038562872,0.0006525551,0.006415067,2,,,,0.14996871,Test
1979,20,-2.0892448,-4.3410954,7.191962,0.278658,-1.3961215,-0.33649507,-5.584134,-9.718348,9.298907e-05,9.78285e-06,0.9981792,0.0009926561,0.00018597362,0.0005365884,2.8224117e-06,4.520169e-08,2,,,,0.022123057,Test
1980,20,3.027993,-13.036778,-9.558455,13.9823675,-8.427407,-0.46189725,-2.202291,-21.598145,1.7481065e-05,1.8438525e-12,5.9750656e-11,0.999982,1.8516148e-10,5.332463e-07,9.355877e-08,3.5283504e-16,3,,,,0.00031571396,Test
1981,19,-1.8513752,-4.0677915,-0.39456844,4.0380783,-3.85361,-0.067214504,-0.89395523,-7.54852,0.0026644857,0.00029042648,0.011436588,0.962433,0.00035979392,0.015865892,0.006940896,8.940767e-06,3,,,,0.30201605,Test
1982,13,0.58222437,-4.9653068,1.6324979,3.9573226,-3.608041,-0.38366663,-3.7683368,-10.3655615,0.029852362,0.00011633665,0.08533096,0.8724996,0.00045203228,0.011363121,0.00038508268,5.253103e-07,3,,,,0.7102313,Test
1983,20,1.510111,-9.834756,-6.7942452,10.439929,-5.9778814,0.18121113,-2.179976,-16.232414,0.00013235948,1.5658206e-09,3.2750567e-08,0.9998292,7.4090295e-08,3.504462e-05,3.3049928e-06,2.6077977e-12,3,,,,0.0025331154,Test
1984,20,-6.2119884,-5.6327367,12.473299,0.23632419,-0.9523649,0.9087246,-7.985885,-12.714655,7.674957e-09,1.36975205e-08,0.99998426,4.847776e-06,1.4767311e-06,9.496474e-06,1.3022133e-09,1.1508103e-11,2,,,,0.00029610476,Test
1985,20,4.494524,-8.261963,-5.7764354,8.546331,-5.2874393,-1.0707948,-3.1110635,-15.237596,0.017092349,4.9286715e-08,5.9180763e-07,0.98283213,9.650482e-07,6.543564e-05,8.506233e-06,4.6052235e-11,3,,,,0.12598042,Test
1986,1,-0.47568586,-3.943837,-0.23161165,2.8294249,-2.2256162,-0.1286731,-2.639004,-6.086978,0.031983227,0.0009970645,0.040824637,0.87159276,0.005558237,0.045250982,0.0036762515,0.000116941614,3,,,,0.80496645,Test
1987,1,3.6125383,-4.548959,-3.8655925,3.690301,-1.7057261,-1.4858326,-2.8117256,-10.323229,0.4774757,0.00013628816,0.00026992327,0.5160873,0.0023402292,0.0029157945,0.00077433506,4.2337433e-07,3,,,,1.0597067,Test
1988,1,-5.9184856,-8.064841,6.629975,-2.7679372,7.7748094,-0.603591,-9.174743,-8.853554,8.57011e-07,1.0019258e-07,0.2413867,2.0010226e-05,0.758418,0.0001742671,3.302262e-08,4.553051e-08,4,,,,0.80005234,Test
1989,3,-5.804293,-2.9610975,6.655229,-1.1948061,-0.7424899,-2.5738947,-2.8632576,-2.389419,3.8753137e-06,6.654129e-05,0.9986393,0.0003892079,0.000611815,9.800562e-05,7.338077e-05,0.000117860385,2,,,,0.017745245,Test
1990,20,7.491481,-11.2909155,-6.782521,12.003617,-8.207819,-0.5993083,-4.972708,-22.889467,0.010855809,7.560858e-11,6.86344e-09,0.98914087,1.6502224e-09,3.3256551e-06,4.1930825e-08,6.940387e-16,3,,,,0.0864812,Test
1991,1,4.242672,-4.0394177,-3.6334832,2.3578238,-2.1099715,-1.2203774,-2.679972,-9.984488,0.8624754,0.00021821323,0.00032747345,0.13096872,0.0015025492,0.0036574171,0.0008497297,5.71439e-07,0,,,,0.6270064,Test
1992,13,2.1685371,-3.638095,0.45002156,2.1462414,-0.84023756,-1.5268455,-3.5638072,-8.803789,0.44687995,0.0013440104,0.080139935,0.43702668,0.02205447,0.011099582,0.0014476555,7.673087e-06,0,,,,1.5530494,Test
1993,19,-1.2650112,-11.792041,6.2416797,7.8388176,-5.006519,0.23652203,-8.576566,-21.823225,9.24613e-05,2.4781555e-09,0.16829619,0.8311941,2.1930246e-06,0.00041501856,6.174368e-08,1.0905386e-13,3,,,,0.6603363,Test
1994,1,5.1644626,-6.631011,-6.644042,7.645399,-6.2407136,-1.2422843,-1.684507,-14.033609,0.07718914,5.8189835e-07,5.743648e-07,0.92259955,8.5970873e-07,0.00012739172,8.186275e-05,3.5476394e-10,3,,,,0.39527795,Test
1995,3,-0.35705957,-4.591589,5.2849874,2.0718098,-2.0443995,0.76504415,-5.526105,-11.338396,0.0033595152,4.866804e-05,0.94751585,0.03811721,0.00062154746,0.010318108,1.9115634e-05,5.71667e-08,2,,,,0.3566699,Test
1996,20,1.9452376,-5.1603928,1.7799748,3.1922045,-2.3830745,-0.6617248,-5.008723,-11.507604,0.18463239,0.00015148577,0.1565075,0.6424787,0.002435262,0.013618163,0.00017629545,2.653464e-07,3,,,,1.3885252,Test
1997,11,-6.7267942,-5.111942,9.904318,-1.756221,1.4325973,1.3930049,-6.861337,-11.573762,5.984365e-08,3.0084232e-07,0.9995807,8.62403e-06,0.00020921668,0.00020109524,5.2310174e-08,4.699005e-10,2,,,,0.005785751,Test
1998,20,2.9396925,-5.637066,-1.767184,4.325066,-1.8510282,0.011714768,-4.402243,-12.819048,0.19731653,3.718132e-05,0.0017823502,0.78853965,0.0016390037,0.010557448,0.00012782072,2.826374e-08,3,,,,0.835227,Test
1999,3,-9.406592,-7.3962717,16.24012,-1.1471913,1.558108,0.44829595,-10.397852,-12.122417,7.2740065e-12,5.4305737e-11,0.9999994,2.8105164e-08,4.2041975e-07,1.3857904e-07,2.6994518e-12,4.811786e-13,2,,,,1.3543581e-05,Test
2000,13,-2.952451,-5.2071877,1.8106307,2.1453707,1.3670962,0.40785962,-4.072458,-6.8705864,0.0025894993,0.0002716416,0.3032466,0.42381045,0.19461277,0.07457275,0.00084489543,5.1474406e-05,3,,,,1.820575,Test
2001,11,-3.6447654,-2.1724162,3.8649225,-0.22818576,-1.1011949,-0.71182543,-2.420819,-3.1281,0.00052685564,0.0022968084,0.9618507,0.016050678,0.0067042513,0.00989581,0.001791615,0.0008832357,2,,,,0.31514105,Test
2002,19,6.0822706,-11.456992,-8.304949,12.60503,-8.068338,-1.0376596,-3.5281618,-21.04689,0.0014674496,3.5428906e-11,8.2846313e-10,0.9985312,1.0496194e-09,1.1869073e-06,9.835703e-08,2.4239205e-15,3,,,,0.015955482,Test
2003,13,3.7107863,-6.8076158,-2.7228365,7.2066193,-5.6040626,-0.6353764,-3.4673185,-14.297957,0.02941766,7.952878e-07,4.726299e-05,0.97012806,2.6498449e-06,0.00038114798,2.2448989e-05,4.4412954e-10,3,,,,0.19751851,Test
2004,3,5.3734913,-6.1991253,-3.914477,2.430869,1.2067713,-1.9639337,-5.183968,-14.326816,0.93544585,8.812419e-06,8.6557586e-05,0.04932352,0.014502243,0.0006087169,2.4320501e-05,2.6018634e-09,0,,,,0.400966,Test
2005,20,3.0821602,-11.646155,-1.5692536,10.474747,-6.693454,0.7685284,-6.545761,-22.168427,0.0006153808,2.470117e-10,5.875713e-06,0.99931777,3.4966202e-08,6.0862025e-05,4.053134e-08,6.6520208e-15,3,,,,0.0085039195,Test
2006,3,2.6934195,-7.7050343,-2.2117715,7.180717,-4.587663,0.88482046,-4.5622535,-15.848821,0.011104493,3.3846013e-07,8.2262406e-05,0.98697764,7.644776e-06,0.0018198441,7.841516e-06,9.833461e-11,3,,,,0.10871335,Test
2007,1,-1.2315216,-5.4881954,-3.6436083,4.683941,-3.2789624,1.3683232,-1.3284962,-8.553235,0.0025884707,3.667696e-05,0.0002319997,0.9596127,0.0003340805,0.034845088,0.0023492423,1.7110532e-06,3,,,,0.27581894,Test
2008,13,-1.7605612,-4.0833135,5.2034435,1.9827943,-1.7044232,0.27111244,-4.875759,-8.707895,0.0009009587,8.829712e-05,0.9530894,0.038056027,0.0009529834,0.006871467,3.9975283e-05,8.659961e-07,2,,,,0.31536785,Test
2009,20,-2.3960469,-6.6481576,0.057187844,5.2238297,-3.358057,2.9350667,-3.2252357,-12.007971,0.0004427839,6.3026578e-06,0.0051477603,0.9025314,0.00016919848,0.09150928,0.0001932324,2.963375e-08,3,,,,0.49791077,Test
2010,19,-10.646728,-5.9047465,15.203068,-0.69120044,-0.5188804,-0.4943865,-7.228732,-11.541023,5.937122e-12,6.807574e-10,0.99999964,1.2508549e-07,1.4860872e-07,1.5229372e-07,1.8113089e-10,2.4276646e-12,2,,,,1.0402801e-05,Test
2011,11,-12.404333,-8.196264,18.688114,-1.8918381,1.5675048,-0.6900265,-10.754907,-11.132481,3.138497e-14,2.1099045e-12,1.0,1.1540917e-09,3.669559e-08,3.838664e-09,1.6332736e-13,1.11964474e-13,2,,,,1.0480516e-06,Test
2012,1,-0.41076544,-4.26246,1.9011941,1.8145156,-0.078849845,0.36330044,-4.6616116,-9.496747,0.041757006,0.00088707334,0.42150292,0.38650632,0.058194034,0.09055279,0.0005951279,4.728653e-06,2,,,,1.814745,Test
2013,3,-1.0320815,-8.307062,-3.6416192,7.047696,-3.1101303,1.9542227,-2.7682207,-13.045481,0.0003077204,2.1314364e-07,2.2638535e-05,0.9934801,3.8518665e-05,0.006096657,5.422013e-05,1.865533e-09,3,,,,0.05951048,Test
2014,11,-7.092565,-4.6744432,11.705777,-0.6404043,-0.5596683,-0.14888977,-6.619332,-9.056774,6.8545165e-09,7.6940246e-08,0.99998367,4.3462455e-06,4.7116987e-06,7.1052045e-06,1.1002693e-08,9.614615e-10,2,,,,0.00030802088,Test
2015,11,-13.126313,-8.220849,19.938084,-2.6225247,1.1959598,-1.3612776,-10.673927,-10.783712,4.368329e-15,5.8983607e-13,1.0,1.5924012e-10,7.2510136e-09,5.6208826e-10,5.0742583e-14,4.546671e-14,2,,,,2.1854488e-07,Test
2016,1,-3.179673,-5.37563,0.20623475,1.387321,2.2593946,-0.5441082,-3.401244,-5.325535,0.0026881192,0.00029905885,0.079419956,0.25874317,0.6188789,0.03750247,0.0021538797,0.0003144218,4,,,,1.4501543,Test
2017,19,-10.206901,-8.088041,21.037445,-2.0122595,-0.15732263,1.1315057,-12.368485,-18.323195,2.6962034e-14,2.2436855e-13,1.0,9.764277e-11,6.2406474e-10,2.2644382e-09,3.1044818e-15,8.051756e-18,2,,,,8.737076e-08,Test
2018,1,4.6817665,-6.5899315,-5.9902577,6.6378713,-4.561663,0.31349176,-3.2139058,-14.780691,0.12368729,1.5743054e-06,2.8676347e-06,0.8746827,1.1966153e-05,0.0015674997,4.6055142e-05,4.3640255e-10,3,,,,0.5574539,Test
2019,20,-6.4546547,-6.826502,13.188166,0.69235885,-1.0509932,0.7304229,-8.822401,-13.909213,2.945967e-09,2.0311255e-09,0.99999166,3.742282e-06,6.546488e-07,3.8874737e-06,2.7601246e-10,1.7051192e-12,2,,,,0.00016288512,Test
2020,1,2.1445277,-4.701916,-4.254938,3.7092166,-2.2285078,0.28281075,-2.165557,-10.233012,0.16763426,0.00017823375,0.00027868274,0.8014908,0.002114354,0.026051298,0.0022517326,7.060992e-07,3,,,,0.8690087,Test
2021,3,6.4672155,-7.07358,-6.681519,8.092195,-7.216463,-1.9220997,-2.1176975,-15.927498,0.16450801,2.1651819e-07,3.2045276e-07,0.8354231,1.8768992e-07,3.738984e-05,3.0747273e-05,3.0923385e-11,3,,,,0.646094,Test
2022,3,2.4736698,-8.207852,0.07203524,7.236321,-5.6181746,-0.7445145,-4.934195,-16.999464,0.008461138,1.9431332e-07,0.0007663238,0.990426,2.5893178e-06,0.00033867976,5.131379e-06,2.9536196e-11,3,,,,0.083978616,Test
2023,19,-6.869341,-5.408642,6.844732,-0.92939806,2.4827302,-0.48258597,-5.3990417,-4.068424,1.0916311e-06,4.703807e-06,0.98633,0.00041472528,0.012578507,0.0006483486,4.749184e-06,1.7967952e-05,2,,,,0.110991456,Test
2024,19,-12.865784,-8.704946,21.488764,-1.8875413,1.0350958,0.4563135,-12.402865,-14.969565,1.2022933e-15,7.709713e-14,1.0,7.0436844e-11,1.309437e-09,7.3404577e-10,1.9100858e-15,1.4667268e-16,2,,,,6.329184e-08,Test
2025,19,-9.116958,-5.586815,13.32226,-1.0554109,0.24230374,-1.1995057,-7.3273935,-7.6587543,1.7979211e-10,6.1360907e-09,0.9999968,5.6997493e-07,2.0866319e-06,4.9348716e-07,1.0763851e-09,7.727871e-10,2,,,,6.632334e-05,Test
2026,17,-2.287736,-8.34095,7.278304,4.702009,-3.4210618,-0.4594735,-6.8266883,-16.083792,6.508386e-05,1.5296634e-07,0.92886317,0.070644945,2.0954452e-05,0.00040502104,6.9539504e-07,6.636251e-11,2,,,,0.37479633,Test
2027,20,1.7102622,-6.464391,3.7569299,4.027643,-3.5301924,-0.2921141,-6.0823708,-14.009699,0.052542754,1.4801499e-05,0.40678906,0.53325945,0.0002783635,0.007094009,2.1687789e-05,7.823848e-09,3,,,,1.2894158,Test
2028,16,-15.444467,-9.666288,20.178291,-3.3697388,2.8124852,-4.0291624,-10.871884,-6.1848645,3.3824643e-16,1.09310964e-13,1.0,5.9322595e-11,2.8716137e-08,3.0678633e-11,3.2740134e-14,3.553261e-12,2,,,,7.226697e-07,Test
2029,20,-2.075891,-6.0373588,-0.26613516,5.2833824,-3.9819288,1.0451802,-2.2300208,-11.324254,0.0006244147,1.1885825e-05,0.003814522,0.98076504,9.283066e-05,0.01415589,0.0005352239,6.011191e-08,3,,,,0.15898314,Test
2030,20,-1.0022129,-10.080857,-1.8513458,8.7759905,-4.8617654,-0.5549304,-3.8280528,-17.106941,5.666368e-05,6.4639716e-09,2.4239896e-05,0.9998259,1.1943238e-06,8.8625115e-05,3.3578249e-06,5.742624e-12,3,,,,0.0026999763,Test
2031,19,-7.5291696,-4.411767,10.14273,-0.6266087,-1.9401021,2.8404374,-5.389392,-12.592217,2.1129386e-08,4.772631e-07,0.99929905,2.1019923e-05,5.6518165e-06,0.00067351956,1.7954808e-07,1.3366983e-10,2,,,,0.008546736,Test
2032,1,4.3502088,-8.39749,-6.933958,8.0948305,-4.6442137,0.93821746,-3.6951973,-16.424387,0.023080591,6.714157e-08,2.9013196e-07,0.97614765,2.8643028e-06,0.0007610936,7.3989754e-06,2.1925739e-11,3,,,,0.16756253,Test
2033,16,3.6064703,-9.512489,-5.7507696,10.259568,-7.069082,-0.67882425,-2.8031633,-17.127153,0.0012883316,2.5854514e-09,1.1123209e-07,0.99869174,2.9764227e-08,1.7739765e-05,2.1201135e-06,1.2750551e-12,3,,,,0.01457803,Test
2034,3,0.86330825,-5.7439365,-3.0924017,5.008327,-1.9153441,-0.117243096,-2.4955153,-10.513208,0.0154771665,2.0902644e-05,0.00029631134,0.9769001,0.0009614749,0.0058055483,0.00053823605,1.7739148e-07,3,,,,0.18842213,Test
2035,13,7.8384485,-9.962494,-8.869622,11.1480465,-8.0346775,-1.4097432,-3.4176881,-20.368223,0.035243247,6.5497524e-10,1.9536763e-09,0.96475285,4.5026156e-09,3.393417e-06,4.5561478e-07,1.9818648e-14,3,,,,0.2201173,Test
2036,11,3.1838992,-4.6240935,-2.6930013,5.1605177,-5.1375713,-1.3421642,-1.6075927,-10.9286995,0.12134641,4.932408e-05,0.00034019,0.875914,2.951605e-05,0.0013133567,0.0010071833,9.01577e-08,3,,,,0.5643242,Test
2037,3,2.9061058,-2.9850626,1.4911402,1.4575465,-2.2504754,-1.5532782,-3.2354841,-9.596785,0.6666257,0.0018423833,0.16194603,0.15659602,0.0038406735,0.0077125183,0.0014342449,2.477112e-06,0,,,,1.3495033,Test
2038,20,2.5950868,-8.23856,-6.3840423,7.698459,-4.3193297,-0.2582397,-2.4664776,-16.275791,0.0060371473,1.19079985e-07,7.6075645e-07,0.9935696,5.997067e-06,0.000348055,3.824919e-05,3.8486946e-11,3,,,,0.058434654,Test
2039,19,-1.9368947,-6.9329977,6.184761,3.9923291,-3.6959233,0.22291125,-5.941279,-14.559313,0.0002665019,1.8026866e-06,0.8972025,0.100168094,4.5894853e-05,0.0023104257,4.8598004e-06,8.787264e-10,2,,,,0.4970956,Test
2040,20,1.7916954,-9.059198,-5.6851764,9.310176,-5.372166,0.08982392,-2.7027295,-15.260364,0.00054260495,1.05196385e-08,3.0712823e-07,0.99935156,4.2000838e-07,9.893962e-05,6.061497e-06,2.1323995e-11,3,,,,0.008258267,Test
2041,20,-1.6229682,-4.031384,9.452856,-0.39616245,-1.8150975,0.12738605,-6.402524,-13.369353,1.5479463e-05,1.3924981e-06,0.99982834,5.278995e-05,1.27736575e-05,8.9109766e-05,1.3002335e-07,1.2256494e-10,2,,,,0.0026817073,Test
2042,3,0.013810661,-2.8530433,2.7385166,-0.27423823,0.79658103,-1.6009455,-3.7814796,-5.31515,0.051354952,0.0029209456,0.783262,0.038502082,0.1123402,0.010216509,0.0011542735,0.0002490258,2,,,,1.1376634,Test
2043,3,-4.679472,-6.144933,13.005535,-0.9917787,1.5343072,-0.24627112,-9.250874,-12.174248,2.08686e-08,4.8200484e-09,0.9999869,8.337547e-07,1.0425658e-05,1.7571465e-06,2.1585336e-10,1.1602553e-11,2,,,,0.00024238887,Test
2044,19,14.303287,-19.13762,-15.179266,21.459164,-14.45777,-2.1933274,-6.325989,-36.421177,0.0007796565,2.3372272e-18,1.2240363e-16,0.9992204,2.5184574e-16,5.3396787e-11,8.564912e-13,7.287e-26,3,,,,0.009174185,Test
2045,1,-6.263629,-5.5720196,10.808771,-0.09145186,0.34726804,-0.28605264,-7.4410305,-9.313929,3.8505625e-08,7.689284e-08,0.99993765,1.845297e-05,2.8615405e-05,1.5189804e-05,1.1862734e-08,1.8230369e-09,2,,,,0.0010584584,Test
2046,3,5.591074,-9.703049,-7.8425455,9.609561,-6.468246,0.7740175,-3.7559206,-19.570702,0.01766002,4.0256656e-09,2.5872856e-08,0.98219544,1.0225752e-07,0.00014287955,1.540434e-06,2.0862699e-13,3,,,,0.1301552,Test
2047,19,3.5864925,-13.74367,-9.975927,14.713004,-9.471864,-1.1001863,-2.3042903,-22.050179,1.47167175e-05,4.379422e-13,1.8955152e-11,0.9999851,3.1378983e-11,1.3564762e-07,4.0688967e-08,1.0812989e-16,3,,,,0.0002618285,Test
2048,19,-0.90962875,-8.681846,2.5944526,6.4176064,-3.7775948,-0.5580073,-5.360439,-13.95091,0.0006422972,2.705859e-07,0.021356953,0.97704345,3.6491725e-05,0.0009129424,7.495035e-06,1.3930933e-09,3,,,,0.16794989,Test
2049,19,-0.11216965,-4.8032284,4.461501,2.6315086,-2.1750345,-0.6699829,-4.9829035,-10.156386,0.008759662,8.038712e-05,0.8488039,0.13616067,0.0011132598,0.0050145523,6.716679e-05,3.8048668e-07,2,,,,0.7035575,Test
2050,11,-8.057397,-6.41839,14.338974,0.25942737,-1.1411107,0.39344195,-8.236108,-12.58601,1.8766327e-10,9.664745e-10,0.9999981,7.6794413e-07,1.8927095e-07,8.7807507e-07,1.5695173e-10,2.0259428e-12,2,,,,4.0197912e-05,Test
2051,7,-4.117012,-6.563368,7.9749846,0.7528139,1.5959328,-1.0307949,-7.2824607,-10.260839,5.589896e-06,4.8413324e-07,0.99745053,0.00072835386,0.0016924054,0.00012238583,2.3586693e-07,1.19997825e-08,2,,,,0.028550345,Test
2052,20,0.32472113,-8.276963,-3.426555,7.4868436,-4.026956,2.1151826,-3.5997078,-14.796055,0.0007711922,1.4174192e-07,1.8113566e-05,0.9945642,9.936951e-06,0.0046211495,1.5233671e-05,2.090707e-10,3,,,,0.052341606,Test
2053,1,1.5535904,-7.4194164,-3.9524193,5.032753,-0.4527852,0.5252807,-3.9716704,-13.011342,0.029469997,3.7363952e-06,0.000119715536,0.9557873,0.003962985,0.010538797,0.00011743295,1.3928706e-08,3,,,,0.31619984,Test
2054,1,-1.0042208,-3.2250419,0.124302015,1.9028518,-1.8296862,-2.419368,-1.9850434,-2.3534608,0.041984864,0.0045561967,0.12977886,0.7684548,0.018390674,0.010197697,0.01574443,0.010892444,3,,,,1.2405783,Test
2055,19,-0.10950428,-7.0567846,5.575559,4.141445,-3.3549576,0.49758258,-6.629653,-14.344681,0.0027212,2.6157434e-06,0.8012206,0.19095205,0.00010599314,0.004993613,4.009554e-06,1.7885522e-09,2,,,,0.7751922,Test
2056,20,8.172504,-15.636363,-12.170808,17.28406,-10.771671,-0.5860604,-4.6404862,-28.315588,0.00011037074,5.044227e-15,1.6138578e-13,0.9998896,6.5388737e-13,1.7340353e-08,3.007759e-10,1.5713638e-20,3,,,,0.0016105663,Test
2057,20,0.23601308,-14.990077,-9.208753,14.9165125,-7.7693896,0.70065886,-2.539182,-22.33603,4.210559e-07,1.02738374e-13,3.3306576e-11,0.9999988,1.4048747e-10,6.700893e-07,2.6247491e-08,6.628674e-17,3,,,,2.4961297e-05,Test
2058,1,5.509589,-4.951365,-4.7132096,2.6216316,-0.96665025,-1.729629,-3.4415517,-12.801219,0.9450529,2.7059592e-05,3.4336088e-05,0.052629843,0.0014549938,0.00067842775,0.00012246863,1.0548074e-08,0,,,,0.32398862,Test
2059,1,-1.0753207,-3.067677,-2.3284848,3.16549,-3.9292128,-0.27441376,0.04459775,-5.921782,0.013115831,0.0017886546,0.0037458767,0.9110797,0.0007557291,0.029216297,0.040194828,0.00010303966,3,,,,0.5954267,Test
2060,16,-9.61488,-5.649564,13.249169,-2.0320768,1.0865006,-1.6981627,-7.174311,-6.1749744,1.1756217e-10,6.1998606e-09,0.99999416,2.3090672e-07,5.2217706e-06,3.224434e-07,1.3495606e-09,3.6660517e-09,2,,,,0.00011232705,Test
2061,13,-8.795084,-6.238637,15.877517,-0.6965658,-0.67095643,1.1593769,-9.101228,-13.457296,1.9267518e-11,2.4835692e-10,0.9999994,6.338213e-08,6.5026306e-08,4.055019e-07,1.418629e-11,1.8199217e-13,2,,,,1.246141e-05,Test
2062,13,-7.9242196,-5.882252,13.173916,-0.7523641,0.6163303,1.9398878,-8.712904,-11.693803,6.873671e-10,5.296682e-09,0.99998236,8.951293e-07,3.5180512e-06,1.3216487e-05,3.123685e-10,1.5851842e-11,2,,,,0.000321554,Test
2063,3,8.413274,-6.994295,-1.8322947,6.3142085,-6.8544536,-2.4604115,-4.5418262,-18.937763,0.89076686,1.8127666e-07,3.1635176e-05,0.109182134,2.0848485e-07,1.6880382e-05,2.1058895e-06,1.1785825e-12,0,,,,0.4982981,Test
2064,19,-8.09078,-4.9227386,11.169757,-0.61217254,-0.5980593,-0.73095053,-5.7826385,-7.4091954,4.317633e-09,1.0259083e-07,0.9999777,7.641235e-06,7.749836e-06,6.7854526e-06,4.3416833e-08,8.535985e-09,2,,,,0.00041390912,Test
2065,11,-4.3588824,-2.9475596,-0.8446969,0.516454,-1.3157694,3.4495807,-0.94767463,-5.450675,0.00037276428,0.0015288466,0.012520614,0.04883891,0.0078170225,0.91750133,0.011295434,0.00012510509,5,,,,0.5537686,Test
2066,20,7.90929,-14.754184,-10.85146,15.431439,-8.704423,0.111651406,-5.4285693,-26.997997,0.0005406759,7.7681114e-14,3.848103e-12,0.9994591,3.2937694e-11,2.220576e-07,8.717231e-10,3.7402034e-19,3,,,,0.0066530234,Test
2067,3,2.55937,-3.128755,2.0781088,0.6943446,-0.44975117,-1.775622,-4.3358707,-9.663737,0.5435563,0.0018404464,0.33591965,0.08419266,0.026816359,0.0071216635,0.00055040134,2.671877e-06,0,,,,1.5208476,Test
2068,3,4.158637,-4.579694,-0.794413,3.0213845,-2.6007621,-1.0043936,-4.365771,-14.021634,0.7490615,0.000120090495,0.0052897497,0.24022321,0.0008688556,0.0042878715,0.00014873527,9.52634e-09,0,,,,0.8925347,Test
2069,20,11.002216,-13.053431,-9.822059,14.4195175,-10.884475,-2.1146379,-4.773791,-26.861744,0.03175911,1.1340537e-12,2.8707817e-11,0.9682408,9.9219894e-12,6.386915e-08,4.471319e-09,1.1422451e-18,3,,,,0.20314012,Test
2070,3,-12.9253435,-7.742476,20.549599,-2.1864038,-0.52529305,-0.12966381,-10.509135,-13.714148,2.897462e-15,5.163073e-13,1.0,1.3362257e-10,7.0354306e-10,1.0449862e-09,3.2461067e-14,1.3165679e-15,2,,,,5.697266e-08,Test
2071,3,6.59413,-9.397062,-3.5023606,7.659829,-4.405209,-2.1336143,-6.184949,-22.033329,0.25620723,2.9087364e-08,1.0561882e-05,0.7437357,4.2819233e-06,4.1512612e-05,7.222838e-07,9.4589796e-14,3,,,,0.8218976,Test
2072,20,14.238968,-20.012917,-15.269882,22.28129,-14.455247,-1.7342488,-6.975904,-37.725815,0.000321458,4.28273e-19,4.9158014e-17,0.9996786,1.1101577e-16,3.715731e-11,1.9661754e-13,8.6917396e-27,3,,,,0.0041936673,Test
2073,16,-2.6002047,-6.339243,0.2635323,1.9863725,2.8528624,0.3944563,-4.674616,-7.3360696,0.0027005523,6.4210915e-05,0.047332313,0.26508045,0.63050634,0.05395321,0.00033927136,2.3696943e-05,4,,,,1.3910917,Test
2074,1,0.6914721,-4.488344,-1.915988,-0.25255758,2.274569,-0.5867023,-3.6087794,-7.1932974,0.15080887,0.0008489093,0.011117865,0.05867324,0.73444146,0.04200711,0.0020457446,5.676947e-05,4,,,,1.2706723,Test
2075,19,7.9801044,-13.649545,-7.172316,14.263559,-9.514493,-0.7262973,-5.769004,-26.306744,0.0018634597,7.5280467e-13,4.894492e-10,0.99813616,4.7044892e-11,3.08445e-07,1.9914002e-09,2.3973433e-18,3,,,,0.019590583,Test
2076,3,-6.8387537,-5.792804,8.322057,1.4182043,-0.31987122,0.79229444,-5.5036354,-7.3144755,2.600145e-07,7.400275e-07,0.9982835,0.0010021873,0.00017624321,0.0005359443,9.88171e-07,1.6158253e-07,2,,,,0.020523941,Test
2077,1,-4.9222417,-2.7459285,2.5488753,-0.53748375,-0.5759265,-1.9946978,-1.6876478,1.840962,0.00035294757,0.0031107927,0.6199763,0.028313031,0.027245255,0.0065936553,0.008963475,0.30544445,2,,,,1.3761336,Test
2078,3,-1.7934954,-2.1330073,3.5521324,0.013335705,-1.1942843,-0.68844724,-3.250826,-4.424203,0.0044916035,0.003198551,0.941842,0.027358873,0.008177782,0.013561812,0.0010459013,0.00032351885,2,,,,0.43995085,Test
2079,1,8.515231,-10.345239,-9.803973,12.1694765,-8.988,-1.5479325,-3.2781792,-20.869682,0.02522806,1.6251218e-10,2.7922514e-10,0.9747707,6.314329e-10,1.0752449e-06,1.9057715e-07,4.366953e-15,3,,,,0.16989225,Test
2080,20,6.418787,-11.968814,-5.684327,12.54399,-8.419774,-0.4360008,-5.252802,-22.891466,0.002182269,2.2556653e-11,1.209463e-08,0.9978154,7.8451834e-10,2.3009743e-06,1.8620957e-08,4.07031e-16,3,,,,0.022483302,Test
2081,1,7.8702683,-17.013065,-12.884358,18.167559,-10.69266,0.29124665,-5.2103724,-30.219711,3.3723198e-05,5.263004e-16,3.2682007e-14,0.99996626,2.9251753e-13,1.7234616e-08,7.0319965e-11,9.675242e-22,3,,,,0.0005501056,Test
2082,13,5.265992,-8.267197,-3.6162615,8.541461,-6.5518928,-0.9212527,-3.923317,-17.338955,0.036419347,4.829949e-08,5.0561325e-06,0.9634967,2.6846655e-07,7.485935e-05,3.7193404e-06,5.5478916e-12,3,,,,0.22693266,Test
2083,20,2.995899,-6.285497,0.19537802,5.582504,-5.0752177,-0.52298295,-4.3391128,-14.370335,0.06956009,6.478896e-06,0.0042277495,0.9240774,2.173295e-05,0.0020612425,4.5373785e-05,1.9966435e-09,3,,,,0.4255993,Test
2084,1,3.00534,-4.277852,-4.422742,4.4210696,-3.9294522,-1.2639933,-1.5236185,-9.876634,0.19430564,0.00013348593,0.00011548103,0.8004403,0.00018912255,0.002718551,0.0020969296,4.942146e-07,3,,,,0.76371527,Test
2085,20,-2.0339522,-6.7568293,8.091758,2.7445216,-2.9246442,0.70860106,-7.2646766,-15.6315155,3.982026e-05,3.5398466e-07,0.99458945,0.004735531,1.6341093e-05,0.000618272,2.1302439e-07,4.9517276e-11,2,,,,0.051798236,Test
2086,11,-1.1878963,-6.670013,6.112695,3.558514,-2.3945508,-0.30860877,-6.49517,-13.115412,0.0006249752,2.6002183e-06,0.92569816,0.07197848,0.00018699044,0.0015056798,3.0970132e-06,4.1286534e-09,2,,,,0.39955056,Test
2087,20,11.101909,-17.698223,-14.671265,19.613516,-12.613955,-1.744968,-4.984137,-32.346012,0.00020107989,6.24642e-17,1.2889048e-15,0.99979895,1.0085562e-14,5.297132e-10,2.0762897e-11,2.717548e-23,3,,,,0.0027592864,Test
2088,1,-0.49180874,-2.081857,-0.3113142,0.89865845,-1.7660158,-0.17196865,-1.5736718,-4.789407,0.11865808,0.024196252,0.14212978,0.476617,0.033183042,0.1633812,0.040220745,0.0016138913,3,,,,2.1959026,Test
2089,20,4.8230777,-13.386335,-1.965742,12.105851,-8.432822,-0.97254616,-7.469242,-26.439219,0.0006868027,8.483674e-12,7.73544e-07,0.99931026,1.2018986e-09,2.0884513e-06,3.1502554e-09,1.8188163e-17,3,,,,0.008266697,Test
2090,3,1.8983542,-2.8795907,0.8152058,2.0566552,-2.7736406,-1.1564022,-2.621037,-8.4775715,0.38671634,0.0032535493,0.13091433,0.45304546,0.003617188,0.018227564,0.004213527,1.2055504e-05,3,,,,1.6265507,Test
2091,13,-9.919663,-5.194021,16.147223,-1.646826,-1.7610071,1.7191484,-8.173011,-14.799499,4.778533e-12,5.39033e-10,0.9999994,1.871297e-08,1.6693766e-08,5.4195954e-07,2.7406718e-11,3.630864e-14,2,,,,1.2984408e-05,Test
2092,1,8.289023,-10.169957,-8.290568,11.035859,-7.691301,-1.3258028,-4.1130953,-21.299395,0.060265347,5.800084e-10,3.7987653e-09,0.93973035,6.9167365e-09,4.021626e-06,2.4768286e-07,8.511e-15,3,,,,0.32858104,Test
2093,1,-0.5643539,-6.0983777,-3.0410836,3.0400233,-0.23310933,1.6948752,-3.4287817,-8.158031,0.020461328,8.082354e-05,0.0017191102,0.7521336,0.028496504,0.19593164,0.0011666176,1.0304843e-05,3,,,,1.0593367,Test
2094,3,7.601542,-9.240772,-7.4396496,10.352582,-7.7320232,-2.0256927,-3.4894323,-19.350462,0.06002765,2.909562e-09,1.7621561e-08,0.93996745,1.3154312e-08,3.9563647e-06,9.1538203e-07,1.1837073e-13,3,,,,0.32765153,Test
2095,3,-4.369976,-4.202492,7.38221,-1.0933487,2.2895455,0.5999852,-6.3748846,-7.0596423,7.813476e-06,9.238082e-06,0.9925532,0.00020695006,0.0060958993,0.001125307,1.0522614e-06,5.3056294e-07,2,,,,0.069431275,Test
2096,3,-13.021281,-9.222894,23.256083,-1.1911516,-0.31710184,2.3634188,-13.188003,-19.532782,1.7576868e-16,7.844394e-15,1.0,2.4137968e-11,5.7849e-11,8.4417273e-10,1.4877685e-16,2.6123563e-19,2,,,,2.8263944e-08,Test
2097,16,2.114235,-5.4757724,-3.621205,5.0449877,-2.6601655,-1.7209927,-2.2831373,-9.580949,0.05053612,2.5544876e-05,0.0001632044,0.9471345,0.00042668366,0.0010913996,0.0006220817,4.21161e-07,3,,,,0.31644508,Test
2098,1,-2.1250625,-5.912523,-0.7325707,-1.9771807,5.3469834,0.69449544,-4.925055,-6.9573812,0.00056140503,1.2717542e-05,0.0022595804,0.0006508792,0.9870624,0.009414448,3.4139328e-05,4.4732865e-06,4,,,,0.11551771,Test
2099,20,1.8548586,-6.7711782,-3.934467,6.5311804,-4.6761837,1.2578773,-2.8246834,-13.658304,0.00917946,1.646558e-06,2.808956e-05,0.9856392,1.3378937e-05,0.005053026,8.521539e-05,1.6808798e-09,3,,,,0.12306227,Test
2100,20,6.0313115,-12.871645,-9.588816,14.0315,-8.327184,-0.017058063,-4.3044305,-23.333303,0.00033528655,2.0699824e-12,5.5167242e-11,0.99966383,1.9480526e-10,7.9184946e-07,1.0880799e-08,5.9227866e-17,3,,,,0.004371067,Test
2101,3,-4.7246184,-5.525571,4.1209626,-1.1706197,3.496307,2.4733744,-5.94845,-7.0726137,8.309019e-05,3.729927e-05,0.57694817,0.002904236,0.30892444,0.111070395,2.443693e-05,7.94014e-06,2,,,,1.36013,Test
2102,19,-2.551191,-5.752475,6.090226,2.6190088,-1.1301572,-0.6928931,-5.9447503,-9.629423,0.00017097149,6.9602356e-06,0.96792924,0.030082438,0.00070806127,0.0010964085,5.742745e-06,1.4417391e-07,2,,,,0.21813513,Test
2103,13,6.7973976,-13.532153,-8.003228,14.510315,-9.07153,0.17007057,-5.377638,-25.373468,0.00044681545,6.6239353e-13,1.6683935e-10,0.99955255,5.7324565e-11,5.914481e-07,2.304504e-09,4.769792e-18,3,,,,0.005629794,Test
2104,1,7.048852,-11.013704,-9.913885,12.88336,-8.982924,-1.1812866,-3.0210636,-20.716772,0.0029163293,4.172228e-11,1.2531799e-10,0.99708265,3.179252e-10,7.771998e-07,1.2346041e-07,2.5490552e-15,3,,,,0.028781405,Test
2105,13,3.9423068,-7.3043714,-6.2608585,6.778242,-4.8871284,0.09754515,-2.36812,-16.037485,0.055341132,7.222341e-07,2.0505465e-06,0.9433636,8.099774e-06,0.0011838299,0.00010056907,1.16395095e-10,3,,,,0.3234629,Test
2106,20,-2.3762848,-5.8738523,6.449202,2.9424453,-2.6593058,0.92408407,-5.7654757,-12.111076,0.0001420743,4.3007226e-06,0.9668874,0.029000854,0.00010705356,0.0038534321,4.793015e-06,8.409102e-09,2,,,,0.2293935,Test
2107,20,-4.368635,-4.0150256,4.5426493,1.2025943,-0.6878815,1.1341113,-3.740673,-6.0300865,0.00012551043,0.0001787519,0.9306823,0.032978736,0.0049797874,0.030795854,0.00023517992,2.3829813e-05,2,,,,0.45856348,Test
2108,3,-2.2280493,-7.985583,-3.2593994,1.969775,1.814486,4.605174,-4.6423297,-10.687068,0.00094954215,2.9995008e-06,0.00033853578,0.06318386,0.054095984,0.88134396,8.491918e-05,2.0128392e-07,5,,,,0.6546431,Test
2109,1,1.8876143,-5.063409,-4.1021066,4.8581386,-3.6893568,-0.8286718,-1.7317547,-9.12732,0.048538215,4.6482877e-05,0.000121557314,0.9465991,0.00018366915,0.0032093397,0.0013008037,7.9865407e-07,3,,,,0.3304032,Test
2110,1,2.3972757,-2.494468,-1.5980493,0.53037256,-0.20266342,-1.9777641,-2.3659403,-7.1438546,0.78370696,0.005884322,0.014421354,0.12116244,0.058212265,0.00986502,0.0066913734,5.629808e-05,0,,,,1.1299751,Test
2111,11,-9.7681465,-7.067629,18.848171,-0.8432555,-2.0215075,3.7954268,-11.165846,-19.050549,3.733284e-13,5.5579027e-12,0.99999976,2.80622e-09,8.638009e-10,2.9018588e-07,9.227369e-14,3.4737215e-17,2,,,,6.7517485e-06,Test
2112,13,-8.86535,-6.518238,14.443429,-1.3448417,1.0323653,0.11692248,-9.040917,-10.242085,7.535724e-11,7.878855e-10,0.99999774,1.3907211e-07,1.4984694e-06,5.998964e-07,6.322327e-11,1.9020254e-11,2,,,,4.7770227e-05,Test
2113,1,-6.482762,-4.4810905,10.4755125,-1.0630372,-0.25889653,0.5895833,-6.143013,-9.610894,4.315974e-08,3.1944336e-07,0.99991715,9.746208e-06,2.1780572e-05,5.088146e-05,6.062192e-08,1.8903772e-09,2,,,,0.0013542264,Test
2114,3,6.8763857,-11.21948,-8.424784,12.349709,-8.079691,-0.3535994,-4.28752,-21.614496,0.0041797054,5.7837787e-11,9.460894e-10,0.9958171,1.3359929e-09,3.0283284e-06,5.9254763e-08,1.7689423e-15,3,,,,0.039108537,Test
2115,3,-1.2228396,-3.6147652,7.041222,0.25944933,-1.7078806,-0.5906097,-5.5017905,-10.425466,0.00025708028,2.3510886e-05,0.9979419,0.0011319282,0.00015827718,0.0004837744,3.5624116e-06,2.5907111e-08,2,,,,0.02486322,Test
2116,1,4.0803375,-11.959208,-8.816071,12.033011,-6.413428,0.5502115,-3.7806695,-20.678648,0.0003515931,3.8032497e-11,8.8145685e-10,0.99963796,9.742171e-09,1.0302112e-05,1.3553408e-07,6.2136956e-15,3,,,,0.004730379,Test
2117,20,-1.8471353,-6.6032643,8.040891,3.229638,-2.6706543,0.7387059,-7.026991,-13.673561,5.0331848e-05,4.3279496e-07,0.99119276,0.00806599,2.2089873e-05,0.0006681276,2.8330894e-07,3.6786793e-10,2,,,,0.076863155,Test
2118,1,-0.13827054,-3.370274,-2.1663125,2.2193155,-2.3110008,0.21831875,-1.3879607,-6.438474,0.07370699,0.0029098287,0.009699322,0.7787451,0.008392744,0.10528668,0.021123953,0.00013532101,3,,,,1.1667306,Test
2119,1,-0.9014981,-3.005296,2.3073242,0.9701788,-1.8791641,1.1221685,-3.4527144,-8.272136,0.024757428,0.003020214,0.6127444,0.16090314,0.009313451,0.1873151,0.0019307518,1.5583973e-05,2,,,,1.5476079,Test
2120,3,2.967081,-5.5486827,-1.5734607,4.6881475,-3.203678,-0.59308004,-3.718022,-11.30381,0.1507584,3.0194824e-05,0.0016082342,0.8428129,0.0003150321,0.004286701,0.00018835535,9.561195e-08,3,,,,0.6745534,Test
2121,3,3.5763965,-4.973123,-2.0325127,2.025903,-0.3847057,-0.5245864,-4.495085,-12.394846,0.7987776,0.00015467379,0.002927572,0.16945527,0.015210413,0.013224878,0.00024947434,9.251309e-08,0,,,,0.8968586,Test
2122,3,1.5439003,-6.0493608,1.9775164,4.187344,-3.141914,-0.04463776,-5.054827,-12.825338,0.059454136,2.9955096e-05,0.09172743,0.8360171,0.0005484776,0.012141961,8.098249e-05,3.4174427e-08,3,,,,0.8590266,Test
2123,1,-0.21579804,-5.90768,-4.4564667,5.0901737,-3.4950993,2.1243055,-1.6054343,-10.442589,0.0046899104,1.5820176e-05,6.752514e-05,0.9451892,0.00017659651,0.048692103,0.0011685656,1.6971714e-07,3,,,,0.3402317,Test
2124,13,-6.7553673,-8.25221,9.269492,3.2791586,-2.4803445,3.123312,-7.3791566,-17.05399,1.09263645e-07,2.4457142e-08,0.995369,0.0024912385,7.85407e-06,0.0021317292,5.855549e-08,3.6799418e-12,2,,,,0.047266327,Test
2125,16,-11.781679,-7.0984893,13.90223,-2.1817944,1.4827031,-3.5683107,-7.302196,-2.2176094,7.008379e-12,7.5770773e-10,0.9999957,1.0346539e-07,4.0389277e-06,2.58606e-08,6.180634e-10,9.982542e-08,2,,,,8.397556e-05,Test
2126,3,5.0163527,-8.109845,-6.829874,8.977708,-5.980381,-0.50541943,-2.8776655,-16.558998,0.018680114,3.7217244e-08,1.3385316e-07,0.9812377,3.1301042e-07,7.469719e-05,6.967083e-06,7.967538e-12,3,,,,0.13523453,Test
2127,13,-2.479445,-7.03892,-1.1158557,6.1457734,-3.1597867,-0.40371293,-1.8781587,-9.871361,0.00017903173,1.8740242e-06,0.0007000504,0.9972746,9.066952e-05,0.0014269509,0.00032663686,1.10321956e-07,3,,,,0.032018643,Test
2128,3,0.6198008,-5.8477817,-2.0770981,4.613596,-1.7498001,-1.6062757,-2.399004,-9.775495,0.017992161,2.7941374e-05,0.0012129283,0.9762624,0.0016825916,0.0019422749,0.0008790895,5.501283e-07,3,,,,0.19223739,Test
2129,13,-2.9983203,-6.5792556,-5.177324,0.6047742,-2.2381165,8.225458,-1.7146456,-14.918346,1.3345107e-05,3.7165634e-07,1.5100551e-06,0.00048992113,2.8541357e-05,0.99941814,4.8174265e-05,8.882201e-11,5,,,,0.0076009706,Test
2130,3,4.300683,-3.5007777,-1.3552835,0.9969401,0.07870124,-2.020223,-3.9434724,-10.439349,0.94573194,0.00038693383,0.0033068378,0.034751277,0.013873453,0.0017007231,0.00024852876,3.7519186e-07,0,,,,0.38044664,Test
2131,1,-0.81148666,-3.8910267,-1.7476413,3.1184409,-2.7689545,-1.2509959,-0.8855247,-4.6417117,0.018492041,0.00085027155,0.007251337,0.9413058,0.002611364,0.011915396,0.017172387,0.00040136473,3,,,,0.4525952,Test
2132,19,-10.124259,-7.679344,17.47045,-0.60657185,-0.32236907,2.3554838,-10.818817,-14.33135,1.0369808e-12,1.19559284e-11,0.99999976,1.4100989e-08,1.8736012e-08,2.7268032e-07,5.1775885e-13,1.544023e-14,2,,,,7.139303e-06,Test
2133,20,9.564192,-19.913902,-13.741294,21.134054,-12.456211,-0.5400163,-6.1628103,-35.366493,9.446448e-06,1.4896837e-18,7.1420865e-16,0.9999906,2.5818432e-15,3.8642636e-10,1.3967501e-12,2.8981384e-25,3,,,,0.00017127689,Test
2134,13,-5.7018476,-4.557291,11.894296,-0.8312154,-0.78049535,0.9082187,-7.450746,-11.10701,2.2807717e-08,7.164011e-08,0.9999769,2.9742023e-06,3.1289458e-06,1.6935468e-05,3.967759e-09,1.02482633e-10,2,,,,0.00041599714,Test
2135,1,1.1330816,-5.3843107,-1.4452853,2.92813,0.9691061,-1.0115333,-4.1284804,-9.345274,0.1239429,0.00018312769,0.009407002,0.74610716,0.10519812,0.01451534,0.00064291625,3.487623e-06,3,,,,1.1914977,Test
2136,3,4.4664474,-8.298202,-5.6089935,7.884098,-4.3308673,-0.2918449,-3.6341033,-16.59095,0.031739216,9.077771e-08,1.3362504e-06,0.9679726,4.797012e-06,0.00027233028,9.628787e-06,2.2723998e-11,3,,,,0.20694102,Test
2137,13,5.818392,-8.1409,-6.5890045,9.532995,-7.3846107,-1.532775,-2.413662,-15.996302,0.023785047,2.0599694e-08,9.723895e-08,0.97619325,4.3884658e-08,1.5266269e-05,6.326573e-06,7.985518e-12,3,,,,0.16258311,Test
2138,1,1.6610146,-5.6652412,-4.0964985,6.221989,-4.807804,-0.74128574,-1.9185132,-10.945404,0.010330532,6.7978312e-06,3.263373e-05,0.9883909,1.602325e-05,0.0009350113,0.0002881069,3.461185e-08,3,,,,0.09845721,Test
2139,19,6.2378306,-8.55475,-7.0551476,9.26806,-6.195587,-1.0612448,-3.256907,-17.99645,0.04607715,1.7343984e-08,7.7699504e-08,0.95388794,1.8353582e-07,3.1155687e-05,3.4671548e-06,1.3761653e-12,3,,,,0.27007693,Test
2140,19,14.398684,-11.414991,-6.7952075,12.00845,-11.259916,-4.2588305,-4.9955807,-27.181477,0.9160795,5.638929e-12,5.721937e-10,0.083920434,6.5848342e-12,7.2289885e-09,3.46028e-09,8.0149024e-19,0,,,,0.41584495,Test
2141,13,-7.8376617,-5.4607983,10.973131,-0.0067793317,-0.42525473,2.2560503,-7.136362,-9.996846,6.7685093e-09,7.2904065e-08,0.999808,1.7037344e-05,1.1211417e-05,0.00016373307,1.364783e-08,7.812153e-10,2,,,,0.0027928383,Test
2142,3,-2.7765398,-6.8763857,1.8985139,-1.9723673,6.270356,0.3163657,-6.9498115,-8.639133,0.000115946255,1.9218357e-06,0.012433881,0.00025912208,0.9846315,0.0025555745,1.7857805e-06,3.297347e-07,4,,,,0.12739184,Test
2143,1,6.907094,-8.850833,-7.874646,9.170881,-5.9032702,-0.94828314,-3.8203466,-19.05182,0.094163164,1.3498974e-08,3.5830464e-08,0.905798,2.5728255e-07,3.6503465e-05,2.0654404e-06,5.0126526e-13,3,,,,0.45084995,Test
2144,16,-0.79899526,-5.588737,-1.2127445,2.0714571,1.6544615,0.23727097,-4.0229754,-7.2091,0.029583111,0.00024597184,0.01955937,0.521994,0.34400645,0.083385125,0.0011772995,4.8659873e-05,3,,,,1.5944043,Test
2145,16,-5.9937234,-5.2215624,8.283346,-1.2997906,2.485009,-2.100805,-6.069714,-3.6550984,6.2832663e-07,1.3599738e-06,0.9968683,6.866485e-05,0.0030230966,3.0821808e-05,5.823488e-07,6.5138443e-06,2,,,,0.031388745,Test
2146,20,4.944013,-4.8272705,-1.6492289,4.0708933,-3.7723246,-0.888793,-3.8047633,-13.979005,0.7030739,4.0122337e-05,0.0009629246,0.29363638,0.00011522423,0.002059897,0.00011154642,4.2544057e-09,0,,,,0.90804535,Test
2147,1,-1.2778692,-6.075344,0.55754745,3.7653666,-2.8599198,0.025667857,-3.5904133,-10.125704,0.0060156286,4.9632272e-05,0.03770443,0.9322459,0.0012365318,0.02215134,0.00059560174,8.6440104e-07,3,,,,0.4578523,Test
2148,20,-5.2276545,-6.6291904,5.1924133,2.6324985,-2.1782866,4.1394706,-5.6825757,-13.111719,2.0903866e-05,5.146918e-06,0.70081687,0.05418108,0.0004411134,0.24452166,1.3263466e-05,7.874461e-09,2,,,,1.0897386,Test
2149,3,4.8985763,-6.5144024,-6.0917053,6.793366,-6.017034,-0.6368081,-1.6635829,-14.492926,0.13060707,1.4433552e-06,2.2026638e-06,0.86868715,2.373435e-06,0.0005152048,0.00018452576,4.947031e-10,3,,,,0.5680059,Test
2150,20,1.4439464,-9.733613,-5.9058228,9.849267,-6.1964555,0.8410195,-2.4972117,-16.748888,0.00022359553,3.1268783e-09,1.4371403e-07,0.9996494,1.074679e-07,0.00012235327,4.3435043e-06,2.8081179e-12,3,,,,0.00489044,Test
2151,20,5.2878056,-8.031061,-6.3605356,8.225991,-6.01907,0.64128447,-3.6748207,-18.046295,0.050273225,8.2608736e-08,4.390626e-07,0.9492368,6.1776433e-07,0.00048236776,6.4404694e-06,3.6937367e-12,3,,,,0.29367614,Test
2152,20,-1.1629238,-4.3513327,1.3498408,3.3000028,-3.4866982,2.1044948,-3.3525584,-10.67618,0.007900474,0.00032579523,0.097483926,0.6852951,0.0007734829,0.20733619,0.00088451867,5.8357745e-07,3,,,,1.2476155,Test
2153,19,-13.8785515,-9.024403,20.488775,-2.1584113,1.4137708,-0.32338625,-11.549389,-12.693912,1.1870267e-15,1.5226136e-13,1.0,1.4603332e-10,5.197934e-09,9.1494023e-10,1.2189978e-14,3.880991e-15,2,,,,1.7529437e-07,Test
2154,13,-5.9553514,-6.3373747,5.309804,3.0106292,-2.033777,2.4354355,-4.609821,-11.8120775,1.1068273e-05,7.5538687e-06,0.86392266,0.08668739,0.000558725,0.048769973,4.2504682e-05,3.1661845e-08,2,,,,0.707645,Test
2155,3,2.4340355,-5.0300465,2.9695344,2.7289796,-3.112376,-1.3896767,-5.2472596,-14.405989,0.24521019,0.00014058172,0.4188926,0.32932982,0.00095667114,0.0053569973,0.00011313432,1.1912669e-08,2,,,,1.6041288,Test
2156,20,2.8062882,-10.148567,-7.8172917,11.021392,-7.4530354,-0.53904194,-2.0003562,-17.99483,0.00027046027,6.3955896e-10,6.5817423e-09,0.9997178,9.474058e-09,9.533338e-06,2.2110792e-06,2.5020337e-13,3,,,,0.003813679,Test
2157,3,8.495835,-14.084777,-10.831677,15.391962,-9.217975,-0.4450667,-5.102297,-26.173744,0.0010106737,1.5775246e-13,4.0811113e-12,0.99898916,2.0492809e-11,1.3232037e-07,1.2560798e-09,8.867573e-19,3,,,,0.01151724,Test
2158,1,7.3285513,-11.803402,-10.071842,12.903625,-8.505114,-0.58941174,-3.7854955,-22.83085,0.0037768735,1.8545148e-11,1.04770054e-10,0.99622166,5.01949e-10,1.3753232e-06,5.6281223e-08,3.013499e-16,3,,,,0.035867263,Test
2159,20,2.536206,-8.699589,-2.1172466,8.21866,-6.1490417,-0.8143148,-3.6284513,-16.064205,0.0033930955,4.4766416e-08,3.2331598e-05,0.9964478,5.736416e-07,0.00011898255,7.1337736e-06,2.834915e-11,3,,,,0.03511813,Test
2160,20,-0.30568317,-6.4443035,-3.3348637,5.8228116,-3.7040675,0.8735253,-1.7832562,-10.902129,0.0021583864,4.657582e-06,0.00010436936,0.99014926,7.2148876e-05,0.0070186383,0.00049252406,5.396982e-08,3,,,,0.09133968,Test
2161,20,2.4817188,-4.721686,-1.674145,4.2749147,-3.4792013,-0.39047468,-2.989141,-10.831774,0.14107552,0.000104966944,0.002210971,0.8476699,0.00036362768,0.007981304,0.00059359113,2.3306407e-07,3,,,,0.6877451,Test
2162,20,1.0645074,-8.364126,-5.77959,8.814547,-6.10163,-0.60005647,-1.4345938,-13.159688,0.00043048957,3.460661e-08,4.5878437e-07,0.9994518,3.3246704e-07,8.148012e-05,3.5368495e-05,2.860702e-10,3,,,,0.0072517074,Test
2163,11,-9.53927,-10.312458,18.964111,1.6370275,-1.8032159,4.0066175,-13.191312,-21.53024,4.1796357e-13,1.9290671e-13,0.99999964,2.984991e-08,9.568957e-10,3.1918526e-07,1.0841201e-14,2.591355e-18,2,,,,8.178554e-06,Test
2164,1,-7.1856065,-3.5829887,8.778896,-1.4344494,-0.5168946,0.58110106,-4.5588636,-6.9130073,1.1655388e-07,4.2768447e-06,0.9995902,3.6662528e-05,9.177225e-05,0.00027514706,1.6117825e-06,1.5307866e-07,2,,,,0.005729777,Test
2165,3,-10.615227,-8.408141,16.536364,-1.7837877,3.6797357,-0.3843461,-11.346063,-10.196276,1.6151505e-12,1.4680422e-11,0.9999974,1.1057522e-08,2.6087719e-06,4.481548e-08,7.777044e-13,2.4556197e-12,2,,,,5.3558615e-05,Test
2166,13,5.6021633,-13.138357,-10.422101,14.472661,-9.249637,-1.0910722,-2.8573577,-22.524792,0.00014045289,1.0200598e-12,1.5426988e-11,0.99985933,4.9828284e-11,1.7405861e-07,2.9758242e-08,8.5536166e-17,3,,,,0.0020049575,Test
2167,19,0.7961845,-5.959415,-0.8231703,5.748809,-3.4889061,-0.83327436,-2.692146,-10.706676,0.0069937157,8.143078e-06,0.0013849406,0.98993206,9.632008e-05,0.0013710173,0.00021367078,7.064466e-08,3,,,,0.094744615,Test
2168,1,2.7332604,-7.3110027,-1.6771165,6.877302,-4.7693067,-1.0059587,-3.7093084,-14.176532,0.015601769,6.7765075e-07,0.0001895709,0.9838037,8.606978e-06,0.0003708957,2.4842871e-05,7.068788e-10,3,,,,0.123929955,Test
2169,20,0.8427149,-7.6494017,-4.7440352,8.224204,-5.467731,-0.45708483,-1.5106046,-13.339904,0.00062214077,1.2758787e-07,2.3312784e-06,0.9991455,1.1305691e-06,0.00016958715,5.9136408e-05,4.3097856e-10,3,,,,0.010881942,Test
2170,3,5.692869,-6.6417775,-5.6438427,5.8192377,-3.0588143,-1.269056,-3.8534756,-16.46918,0.46818817,2.0585017e-06,5.584046e-06,0.5312532,7.406494e-05,0.0004435012,3.345766e-05,1.11061806e-10,3,,,,1.0039647,Test
2171,20,-5.982975,-5.108907,11.416959,0.6076843,-2.374891,2.3947387,-7.048399,-13.225894,2.7748753e-08,6.650374e-08,0.9998579,2.0208308e-05,1.023797e-06,0.000120680656,9.5616945e-09,1.9846472e-11,2,,,,0.0021137958,Test
2172,20,2.7576168,-6.134333,4.5134745,3.3793242,-3.9634736,-0.52789325,-6.3003817,-15.706534,0.11508279,1.5822876e-05,0.66614646,0.21429622,0.00013870052,0.004306571,1.3402064e-05,1.1018727e-09,2,,,,1.261722,Test
2173,19,-0.22409473,-4.7050433,1.5414702,3.9867277,-3.504276,0.15915097,-3.146202,-10.003937,0.013187967,0.00014932305,0.07708199,0.8890268,0.00049615017,0.019347258,0.00070977845,7.461849e-07,3,,,,0.64313364,Test
2174,3,-0.830168,-9.420566,-3.3564367,-0.91894054,7.849468,1.3960882,-7.4039807,-13.292559,0.00016968805,3.1541944e-08,1.3567711e-05,0.00015527364,0.998089,0.0015721787,2.3696313e-07,6.566042e-10,4,,,,0.021711439,Test
2175,20,-1.3484818,-4.6076236,0.10646914,3.225529,-2.0375452,0.905997,-2.861415,-8.337952,0.008888228,0.00034149774,0.038079605,0.8615547,0.0044623013,0.08470771,0.001957748,8.190816e-06,3,,,,0.7835251,Test
2176,19,-2.04436,-5.437671,7.1658087,2.176327,-2.1067138,-0.06627996,-6.090081,-12.330526,9.9249824e-05,3.3345227e-06,0.992328,0.006756951,9.325027e-05,0.0007174623,1.7365825e-06,3.3845813e-09,2,,,,0.069895566,Test
2177,1,-0.002529703,-5.0136495,-1.6615424,1.3523495,1.9630373,-0.86209816,-3.7942164,-6.959211,0.07899457,0.0005263756,0.015034785,0.3062061,0.56393903,0.033441935,0.0017819218,7.5222735e-05,4,,,,1.5561626,Test
2178,20,7.9999847,-13.933452,-10.391904,15.461091,-10.183517,-0.8631943,-4.3738265,-25.808094,0.0005746891,1.7134151e-13,5.9147617e-12,0.9994252,7.285154e-12,8.132108e-08,2.4297144e-09,1.1933596e-18,3,,,,0.007017451,Test
2179,19,2.9349625,-12.971344,-8.899033,13.392168,-8.004809,0.64822465,-2.8882165,-21.842,2.8739518e-05,3.5518812e-12,2.0846867e-10,0.9999683,5.097972e-10,2.91986e-06,8.50169e-08,4.988627e-16,3,,,,0.0005350314,Test
2180,1,-5.199313,-7.1205497,-5.350754,6.7006035,-6.0882115,1.0663357,2.288877,-10.10526,6.685844e-06,9.789795e-07,5.7462753e-06,0.9845196,2.7486078e-06,0.0035179767,0.011946369,4.949155e-08,3,,,,0.12742639,Test
2181,19,-2.939014,-3.3228438,7.039745,0.05227998,-1.4572028,0.19278939,-5.0576706,-8.5652075,4.6269382e-05,3.1520885e-05,0.99773127,0.00092128955,0.00020362742,0.0010602754,5.5612527e-06,1.6667448e-07,2,,,,0.026771924,Test
2182,13,-11.660964,-7.4336824,17.753637,-0.49507993,-0.37005892,0.85289603,-9.498688,-14.437676,1.6803562e-13,1.1515574e-11,1.0,1.1876356e-08,1.34579565e-08,4.571947e-08,1.4603791e-12,1.0458988e-14,2,,,,1.7798013e-06,Test
2183,11,-8.191119,-4.1399217,12.117647,-1.5348682,-0.824307,0.9591771,-6.3016486,-9.485896,1.5135873e-09,8.698012e-08,0.9999821,1.17701e-06,2.395371e-06,1.4253786e-05,1.0013675e-08,4.1466083e-10,2,,,,0.00032552995,Test
2184,1,-2.866596,-2.6299596,0.65372777,1.2905793,-2.0515828,-2.3562655,-1.1779565,-0.7631146,0.0085117305,0.010784193,0.28765702,0.5438211,0.019229744,0.014179191,0.04606643,0.06975064,3,,,,1.7931771,Test
2185,1,-0.25075576,-6.523141,-4.1129665,5.058461,-2.9329631,1.7549762,-2.1250534,-10.91924,0.004742299,8.952136e-06,9.9690114e-05,0.9588542,0.00032442997,0.03524255,0.00072776614,1.1033801e-07,3,,,,0.27765775,Test
2186,19,-2.2512658,-9.049163,-4.856703,9.1233,-5.902018,-1.4835941,0.017340142,-12.161826,1.1482189e-05,1.2815494e-08,8.481988e-07,0.9998516,2.982104e-07,2.4741168e-05,0.0001109858,5.7006305e-10,3,,,,0.0022630326,Test
2187,20,0.86068773,-4.075353,1.5460567,3.4030883,-3.1074154,0.24491802,-3.4753704,-9.263657,0.06144735,0.00044137525,0.12194252,0.78100485,0.0011619244,0.033195395,0.0008042238,2.4635206e-06,3,,,,1.0836287,Test
2188,20,0.5903345,-6.80456,0.91133153,5.196107,-4.16515,0.24749734,-4.6260924,-14.0542755,0.009693384,5.9554322e-06,0.013362347,0.9699224,8.3405466e-05,0.006879918,5.2602965e-05,4.2306056e-09,3,,,,0.2421627,Test
2189,1,-6.7103205,-3.1089456,8.71553,-1.1046402,-0.31616467,-0.8646502,-4.2828298,-6.5101156,1.9976903e-07,7.321251e-06,0.999747,5.4330572e-05,0.00011952937,6.906702e-05,2.2634674e-06,2.4404846e-07,2,,,,0.0038239295,Test
2190,20,-1.7234821,-5.4910045,-0.9076433,4.593825,-2.6550736,0.22768255,-1.9669228,-7.9563766,0.0017680974,4.0859402e-05,0.0039977944,0.97966534,0.0006965,0.012441887,0.0013860575,3.4721184e-06,3,,,,0.17691585,Test
2191,3,2.769881,-4.3133492,-2.0179484,2.4069257,0.3355519,-1.2850201,-4.010716,-9.966334,0.55220574,0.00046333298,0.004600161,0.38412398,0.048404448,0.009573698,0.0006270832,1.6249229e-06,0,,,,1.3265387,Test
2192,3,8.711913,-16.100677,-12.195344,17.877497,-10.695235,-0.68870753,-5.2631717,-29.120428,0.00010456641,1.7515472e-15,8.6993225e-14,0.99989545,3.899197e-13,8.644793e-09,8.9143526e-11,3.881639e-21,3,,,,0.0015337678,Test
2193,1,-8.852099,-9.332315,14.039356,-2.8850548,6.772576,0.74450344,-12.479856,-14.983564,1.14304365e-10,7.0714434e-11,0.9993005,4.4618755e-08,0.0006978683,1.6819564e-06,3.0377302e-12,2.4842872e-13,2,,,,0.008359349,Test
2194,19,0.78825706,-12.180766,-6.7049055,11.609097,-5.5717664,2.4059248,-3.923129,-19.786606,1.9976364e-05,4.6573728e-11,1.1124412e-08,0.9998791,3.454568e-08,0.000100707264,1.7963363e-07,2.3172196e-14,3,,,,0.0018285601,Test
2195,20,5.9903326,-9.180984,-5.4666524,9.91411,-7.4492044,-1.0579054,-3.5257168,-18.693092,0.019382792,4.9957176e-09,2.0497986e-07,0.9805987,2.8229238e-08,1.6842461e-05,1.4277384e-06,3.694376e-13,3,,,,0.13828725,Test
2196,3,-10.259564,-6.6240973,16.41862,-0.65982425,-0.4538649,1.1762612,-8.915796,-13.0328455,2.593054e-12,9.832752e-11,0.99999976,3.827596e-08,4.7029797e-08,2.4006445e-07,9.940382e-12,1.619537e-13,2,,,,7.886593e-06,Test
2197,20,11.254214,-14.020882,-10.303312,15.329788,-10.673758,-1.7184603,-5.8045297,-28.724913,0.016698878,1.7613782e-13,7.250575e-12,0.98330116,5.0059917e-12,3.879059e-08,6.518822e-10,7.2438966e-20,3,,,,0.12248197,Test
2198,3,3.0689578,-8.264112,-5.4700327,8.588062,-5.638855,-0.5082445,-2.7135763,-16.048464,0.0039929245,4.7797066e-08,7.813663e-07,0.9958817,6.599881e-07,0.000111617395,1.23017935e-05,1.9893006e-11,3,,,,0.039442867,Test
2199,19,0.71988106,-7.9875746,-1.4317356,7.1553383,-4.9319763,1.7253575,-3.880221,-15.277902,0.0015938011,2.6353248e-07,0.0001853526,0.9938427,5.5958185e-06,0.004356192,1.6019001e-05,1.7975699e-10,3,,,,0.060488135,Test
2200,1,-0.68290013,-6.057965,-2.8131914,5.896945,-3.551489,-1.4288323,-0.78690505,-9.570199,0.0013831573,6.404871e-06,0.00016432276,0.9964647,7.853427e-05,0.0006560204,0.0012465296,1.9105862e-07,3,,,,0.04044261,Test
2201,1,-1.5686111,-6.9113703,-1.3011299,5.547858,-3.871125,-1.1604817,-2.054086,-8.240021,0.00080865267,3.867508e-06,0.0010566416,0.996335,8.087101e-05,0.0012162153,0.00049764896,1.0242492e-06,3,,,,0.0424575,Test
2202,1,-1.6743898,-2.1015844,-0.4743898,1.899142,-2.8172574,-2.3643918,-0.5967826,-2.0431623,0.02219046,0.0144756455,0.073674925,0.790918,0.007076611,0.011130184,0.06518762,0.015346538,3,,,,1.2272664,Test
2203,1,-3.932332,-5.362269,-3.986044,3.9884968,-4.0404105,3.7836676,0.21305466,-9.125567,0.00019746262,4.7257574e-05,0.00018713633,0.54382247,0.0001772339,0.44309917,0.012468192,1.0967091e-06,3,,,,1.0847634,Test
2204,16,-6.3268847,-3.722992,8.487953,-0.7432398,-0.21160628,-1.0753735,-4.960733,-4.4908905,3.6800023e-07,4.973986e-06,0.9996562,9.7902695e-05,0.00016660197,7.023451e-05,1.4426478e-06,2.3078653e-06,2,,,,0.0050268103,Test
2205,1,17.800518,-26.660824,-21.996082,29.493216,-18.110632,-1.7419869,-8.554694,-48.692734,8.3545365e-06,4.0983378e-25,4.3499e-23,0.99999166,2.1179128e-21,2.7209475e-14,2.9922617e-17,1.1073099e-34,3,,,,0.00015297148,Test
2206,13,9.557217,-14.804904,-9.571612,15.991141,-10.522586,-1.0112357,-5.712426,-27.989527,0.0016035595,4.214543e-14,7.898419e-12,0.99839646,3.0516705e-12,4.1234877e-08,3.7459624e-10,7.920307e-20,3,,,,0.017200852,Test
2207,20,-0.85348225,-6.8328166,-0.30249,5.1870694,-3.7331467,2.7750514,-4.2795057,-14.051535,0.0021710412,5.493842e-06,0.0037667002,0.9121081,0.00012191185,0.08175611,7.059351e-05,4.025566e-09,3,,,,0.46859834,Test
2208,1,-0.052960407,-6.243865,-3.7725797,6.384784,-4.589214,-1.1800447,-1.7106448,-9.529433,0.0015960488,3.268667e-06,3.8693328e-05,0.9975235,1.709922e-05,0.00051708234,0.0003041745,1.2231128e-07,3,,,,0.028496746,Test
2209,1,-1.3865641,-5.5368214,-2.2442348,4.674872,-2.9321835,1.1311733,-1.7370746,-9.298875,0.0022535243,3.551638e-05,0.0009558303,0.9667419,0.0004804058,0.027944846,0.0015872219,8.25257e-07,3,,,,0.24140744,Test
2210,20,10.728898,-12.011748,-9.77277,13.639007,-10.216253,-2.2682843,-4.361615,-24.985683,0.05165611,6.8704387e-12,6.4470346e-11,0.94834375,4.137695e-11,1.17089215e-07,1.4434279e-08,1.5939534e-17,3,,,,0.29339403,Test
2211,1,0.64279854,-6.306539,-5.508584,6.6324954,-5.216004,0.025682714,-0.48725292,-11.068213,0.0024927584,2.3912296e-06,5.31091e-06,0.9953425,7.1159793e-06,0.0013448391,0.0008052027,2.044808e-08,3,,,,0.049624972,Test
2212,16,-10.759493,-5.7189837,14.144521,-2.6373625,0.5695159,-1.4492171,-7.243302,-5.55769,1.5287032e-11,2.3625935e-09,0.99999845,5.1489664e-08,1.2718906e-06,1.6893715e-07,5.145005e-10,2.7761164e-09,2,,,,3.226949e-05,Test
2213,3,3.5003254,-8.108849,-5.7344065,8.66686,-6.389971,0.45378107,-2.6386988,-16.643656,0.0056703463,5.150032e-08,5.5337125e-07,0.99404716,2.8728212e-07,0.00026947117,1.2231098e-05,1.0120208e-11,3,,,,0.054290473,Test
2214,1,5.6132035,-9.728533,-8.630487,10.583028,-7.074617,0.13498208,-3.1008856,-18.85862,0.00689627,1.4989336e-09,4.494252e-09,0.9930738,2.1299238e-08,2.8804008e-05,1.1327486e-06,1.6241903e-13,3,,,,0.059930224,Test
2215,13,-11.854966,-8.205365,18.607346,-0.9731554,0.38089883,0.7750364,-10.9065275,-13.462845,5.8936796e-14,2.2666688e-12,1.0,3.1354235e-09,1.2143811e-08,1.8010521e-08,1.5215539e-13,1.1805741e-14,2,,,,8.713421e-07,Test
2216,19,-2.375236,-4.409058,6.0996194,0.8636278,-0.8595392,0.22195213,-5.124741,-9.308191,0.00020672224,2.7046402e-05,0.99076384,0.005272395,0.00094112224,0.0027754386,1.3221853e-05,2.0157803e-07,2,,,,0.08935402,Test
2217,3,2.1990376,-4.159864,-0.08344686,2.7710407,-1.8207297,0.14542851,-3.92155,-10.143991,0.3306874,0.00057250843,0.03374017,0.5859161,0.005938202,0.042417638,0.0007265746,1.4418104e-06,3,,,,1.3958539,Test
2218,1,-0.17596202,-3.489902,-2.5245214,3.6710505,-3.7781975,-0.8008624,-0.48042694,-6.350715,0.020289348,0.000737976,0.0019377678,0.95061445,0.0005531424,0.010861187,0.01496376,4.2228618e-05,3,,,,0.3768692,Test
2219,1,3.9932892,-11.598266,-7.9519863,11.016978,-6.3781266,2.633063,-4.7746553,-21.879189,0.0008895384,1.5060471e-10,5.772952e-09,0.998882,2.7855817e-08,0.0002282581,1.3845062e-07,5.1628564e-15,3,,,,0.013392381,Test
2220,13,-15.603844,-9.080121,24.300709,-2.9463072,0.22463806,-0.27198225,-12.261557,-15.477348,4.673832e-18,3.1833927e-15,1.0,1.4681516e-12,3.4986083e-11,2.1291973e-11,1.3219369e-16,5.3040707e-18,2,,,,2.0279138e-09,Test
2221,3,9.304516,-10.424213,-8.706777,11.768237,-9.194474,-2.1913383,-3.5869472,-21.63805,0.07844084,2.1206234e-10,1.1812377e-09,0.9215582,7.2532547e-10,7.97914e-07,1.9762908e-07,2.859935e-15,3,,,,0.3966833,Test
2222,1,-3.3610601,-7.2318425,0.012080196,-1.4398503,5.907187,1.3562564,-5.838633,-9.984157,9.3065326e-05,1.9396737e-06,0.0027147157,0.00063556345,0.9861357,0.0104110055,7.812533e-06,1.2371252e-07,4,,,,0.11973763,Test
2223,3,6.597371,-9.773217,-3.9860106,9.9126625,-7.3954544,-1.3793204,-4.7970157,-20.34871,0.03504984,2.7228915e-09,8.879363e-07,0.96493673,2.9354803e-08,1.2035194e-05,3.9460863e-07,6.952678e-14,3,,,,0.21935852,Test
2224,20,-2.2956264,-4.401889,1.6930584,2.4716628,-1.9257535,-0.98408514,-2.3919344,-5.693857,0.005592634,0.0006805787,0.3019119,0.65769386,0.008095622,0.020759247,0.0050791437,0.00018697504,3,,,,1.1815578,Test
2225,1,4.5244,-5.8200917,-3.691409,5.232695,-4.1685762,-2.0245035,-3.0920804,-12.316578,0.32971522,1.0606772e-05,8.913703e-05,0.66949534,5.5312983e-05,0.00047204824,0.00016230931,1.6002776e-08,3,,,,0.92473376,Test
2226,20,6.577969,-8.2768755,-7.302574,9.466464,-7.5734425,-1.9997122,-2.334937,-17.066933,0.052724335,1.8648077e-08,4.9404598e-08,0.94725853,3.7681794e-08,9.925938e-06,7.098803e-06,2.838967e-12,3,,,,0.29817128,Test
2227,13,7.848767,-9.711246,-8.585008,11.17833,-8.551541,-1.7717475,-2.9346159,-19.810064,0.034570687,8.175071e-10,2.5212183e-09,0.96542627,2.607022e-09,2.2938852e-06,7.1704153e-07,3.362249e-14,3,,,,0.21688147,Test
2228,1,-2.4855459,-8.04045,-5.445052,2.8161592,-0.97107863,7.15088,-3.0015202,-14.460509,6.4435495e-05,2.4926484e-07,3.3406275e-06,0.012930836,0.0002929881,0.9866698,3.8462767e-05,4.0594272e-10,5,,,,0.10518469,Test
2229,13,-6.952252,-4.0656624,5.404944,1.5665143,-2.8685653,0.97542214,-2.214277,-6.932593,4.1562353e-06,7.4529846e-05,0.96685666,0.02081389,0.00024673046,0.011525116,0.00047465335,4.2387514e-06,2,,,,0.24686776,Test
2230,1,-6.497799,-3.4318597,8.515907,-1.2048907,-1.9873601,0.5508444,-4.056857,-8.15397,3.016039e-07,6.47079e-06,0.99955505,5.999535e-05,2.7434413e-05,0.0003472352,3.4635743e-06,5.7566723e-08,2,,,,0.0060715787,Test
2231,19,2.6174338,-7.1750994,1.3767054,6.0659175,-4.905263,-0.48535144,-5.052399,-15.062442,0.030499127,1.7039014e-06,0.008819542,0.95927876,1.6490048e-05,0.0013701397,1.4233814e-05,6.3975714e-10,3,,,,0.28485134,Test
2232,3,5.401677,-9.39716,-7.227562,9.841685,-6.734841,0.6712733,-3.6968052,-19.176136,0.011657106,4.3605093e-09,3.8175216e-08,0.9882386,6.248384e-08,0.00010284956,1.3036774e-06,2.4693447e-13,3,,,,0.09312788,Test
2233,11,2.8145719,-9.283328,-0.46714014,8.380878,-6.485792,-0.21785508,-5.3922772,-19.463972,0.0038087582,2.1219336e-08,0.00014307178,0.9958631,3.4808608e-07,0.00018357644,1.0389492e-06,8.0414565e-13,3,,,,0.040698987,Test
2234,1,-0.96861595,-4.9990945,-2.8320918,5.037692,-4.3699555,-1.3955386,-0.38612494,-7.1740975,0.0024412095,4.3370088e-05,0.00037871092,0.9910864,8.136205e-05,0.0015929241,0.0043709683,4.9271807e-06,3,,,,0.089176334,Test
2235,20,8.16306,-12.206799,-9.739463,13.741204,-9.285582,-0.8858707,-4.27052,-23.624563,0.0037653407,5.361514e-12,6.32175e-11,0.99623424,9.953023e-11,4.4248995e-07,1.4995775e-08,5.8967734e-17,3,,,,0.035754643,Test
2236,16,-13.0345125,-8.852834,20.119276,-2.6717596,2.5739186,-0.68521243,-12.398164,-11.251018,3.9947734e-15,2.6156052e-13,1.0,1.2646763e-10,2.3996527e-08,9.2198776e-10,7.5484e-15,2.3771414e-14,2,,,,6.392584e-07,Test
2237,3,-1.471096,-4.4004407,2.0821793,2.9551773,-1.6938022,1.4823749,-3.7334263,-8.626831,0.007159333,0.0003825378,0.25005785,0.59865785,0.005729972,0.1372615,0.00074534124,5.5869705e-06,3,,,,1.4422848,Test
2238,3,3.414604,-3.678456,-0.07446109,3.2622678,-4.2056427,-1.366756,-2.93212,-10.390369,0.5261252,0.00043713165,0.01606229,0.4517835,0.00025802272,0.0044113444,0.0009220232,5.316983e-07,0,,,,1.1528571,Test
2239,1,3.752138,-6.919207,-4.992536,3.7095156,0.55196446,-0.7994354,-4.716035,-13.810783,0.49751946,1.1542607e-05,7.925862e-05,0.47675958,0.020276474,0.005249125,0.000104503124,1.173087e-08,0,,,,1.1670285,Test
2240,20,5.258124,-11.722248,-8.380557,12.421479,-7.6925187,-0.3486413,-3.4911628,-21.764524,0.00077385,3.267197e-11,9.23534e-10,0.9992231,1.8376549e-09,2.8422976e-06,1.2271285e-07,1.4219009e-15,3,,,,0.009173807,Test
2241,20,-5.742656,-5.577828,-2.1371653,3.9931865,-2.9887938,3.4425983,-0.36559424,-7.5292926,3.712424e-05,4.3776552e-05,0.0013661622,0.6278853,0.00058296806,0.3620453,0.008033149,6.219153e-06,3,,,,1.0287105,Test
2242,1,3.1287975,-5.5295997,-4.940402,6.1081095,-5.1956444,0.16233177,-2.2135339,-12.637783,0.048236303,8.376838e-06,1.5099591e-05,0.9490143,1.1698087e-05,0.0024834434,0.00023079627,6.8554424e-09,3,,,,0.3074754,Test
2243,16,-17.216194,-11.276599,24.280539,-3.790696,3.4352574,-3.2391026,-13.601043,-10.12177,9.510364e-19,3.6118676e-16,1.0,6.438995e-13,8.851344e-10,1.1178187e-12,3.533773e-17,1.1462171e-15,2,,,,2.6689522e-08,Test
2244,3,-5.3414874,-4.468918,9.215658,-0.7549354,1.2599154,-0.6755566,-6.468237,-6.413088,4.7612002e-07,1.1393805e-06,0.9995503,4.673378e-05,0.000350485,5.0594677e-05,1.5430342e-07,1.6305214e-07,2,,,,0.006105607,Test
2245,3,-2.6721885,-3.1484354,5.522459,0.441085,-1.4173805,1.2343012,-4.255535,-8.059128,0.00027033806,0.0001679097,0.9790334,0.0060811364,0.00094812055,0.013442318,5.5496886e-05,1.2370558e-06,2,,,,0.17390725,Test
2246,13,2.2566261,-4.576579,4.1416054,2.2900443,-2.7684772,-1.1542145,-5.2406616,-11.513244,0.11545454,0.00012439064,0.76040876,0.119378015,0.0007586409,0.0038115517,6.402953e-05,1.2084608e-07,2,,,,1.0671312,Test
2247,16,-4.443989,-4.875851,4.7325807,0.23805186,2.5841973,-2.1056814,-4.511542,-3.680088,9.158353e-05,5.9465045e-05,0.88542277,0.009890121,0.103304595,0.000949142,8.560109e-05,0.00019659627,2,,,,0.5748083,Test
2248,16,-3.1834998,-6.3174567,-3.461675,4.9878106,-3.1740723,1.8671287,-0.6145934,-9.06987,0.0002695445,1.17373565e-05,0.0002040894,0.9536423,0.0002720978,0.042081445,0.0035179716,7.485358e-07,3,,,,0.29544878,Test
2249,11,4.5289855,-9.985026,-8.198079,10.958939,-7.2926087,0.045202907,-2.7298326,-18.635399,0.0016098992,8.0065055e-10,4.7808504e-09,0.9983707,1.18234915e-08,1.8176772e-05,1.1332716e-06,1.4016333e-13,3,,,,0.017595617,Test
2250,1,1.8242972,-4.19904,-3.6584153,3.4614735,-3.6883566,1.159087,-1.992484,-10.493627,0.14953457,0.00036210916,0.00062177004,0.7687024,0.0006034295,0.07688551,0.0032895354,6.685521e-07,3,,,,1.0305915,Test
2251,16,-0.9920343,-4.584413,8.027367,-0.4050086,1.2070524,-1.3187071,-6.7164965,-10.616319,0.00012085482,3.3274641e-06,0.9984812,0.00021737319,0.0010897202,8.71749e-05,3.9460403e-07,7.988968e-09,2,,,,0.01837685,Test
2252,16,0.018854447,-5.678414,-2.4064612,4.9219775,-3.8024206,-1.7398204,-1.5778154,-7.2624254,0.0073421947,2.4633926e-05,0.00064941845,0.98906565,0.00016079308,0.0012648616,0.0014873078,5.053664e-06,3,,,,0.10325705,Test
2253,3,0.28060526,-2.8768606,1.3156427,1.0909369,-0.9305376,0.111498505,-3.0821118,-7.504362,0.13729227,0.0058395052,0.38650683,0.3087228,0.040893424,0.115932174,0.004755942,5.7105495e-05,2,,,,2.0766652,Test
2254,1,9.319096,-21.047993,-16.054096,21.825901,-11.507273,1.0770392,-6.756473,-36.35423,3.7013642e-06,2.3994015e-19,3.539359e-17,0.9999963,3.3387519e-15,9.747257e-10,3.862165e-13,5.403672e-26,3,,,,7.214625e-05,Test
2255,19,-7.111687,-5.258686,8.100301,0.5935355,0.20849957,1.7881334,-5.631614,-6.350848,2.4679065e-07,1.5742622e-06,0.99726677,0.00054785365,0.00037277397,0.0018091392,1.0842181e-06,5.2814977e-07,2,,,,0.030669209,Test
2256,1,-1.7219887,-5.513521,-4.5390058,6.0342712,-5.382125,-0.7715533,0.94141644,-8.446883,0.0004247742,9.58333e-06,2.5394715e-05,0.9923366,1.0929019e-05,0.0010988213,0.006093407,5.1000393e-07,3,,,,0.072149314,Test
2257,13,2.2478018,-5.780312,-0.7881109,5.503297,-4.321313,-0.44612214,-3.628954,-12.561653,0.03696498,1.20565965e-05,0.0017754581,0.95859253,5.186331e-05,0.0024993909,0.000103644896,1.3681268e-08,3,,,,0.27448836,Test
2258,20,-2.5397096,-4.5509534,9.499524,-0.5574901,0.03964568,0.3037368,-7.3753614,-10.500625,5.9064646e-06,7.904156e-07,0.99977106,4.2874064e-05,7.789826e-05,0.0001014427,4.690627e-08,2.0603752e-09,2,,,,0.0034811567,Test
2259,3,2.4719274,-4.021866,-1.9446507,3.8513918,-3.328015,-0.5259457,-2.8293142,-9.369955,0.19824454,0.0002999043,0.0023938988,0.7875806,0.0006002306,0.00989103,0.0009883284,1.4267144e-06,3,,,,0.8406936,Test
2260,19,-6.611988,-5.2012086,10.502353,-0.47413284,1.1146344,0.7952827,-7.384249,-8.2103,3.6920323e-08,1.51342e-07,0.9998381,1.7096323e-05,8.3732775e-05,6.0841874e-05,1.705599e-08,7.466675e-09,2,,,,0.0024953808,Test
2261,20,2.6898227,-10.7326145,-8.014049,11.442161,-6.8923984,0.46424812,-2.564877,-18.604055,0.0001580634,2.3417557e-10,3.5497627e-09,0.9998241,1.08974785e-08,1.7071694e-05,8.2555164e-07,8.9334295e-14,3,,,,0.0025372698,Test
2262,1,-1.045656,-5.8299623,-0.273632,4.5052633,-3.9031606,1.5190477,-3.3127496,-12.786463,0.0036522406,3.0532436e-05,0.007903969,0.94035774,0.00020968184,0.047467478,0.00037841915,2.907986e-08,3,,,,0.38422763,Test
2263,11,-2.3096406,-3.2442987,1.1248994,1.7829995,-1.4114972,-0.3097167,-1.8112994,-4.591148,0.009624702,0.0037798143,0.2985307,0.57649857,0.023629034,0.07111204,0.015842149,0.0009829721,3,,,,1.5770754,Test
2264,1,2.5474985,-5.145127,-3.2511363,3.8627672,-1.4053322,-0.575264,-2.9122434,-11.633826,0.20847529,9.5102005e-05,0.00063203264,0.77672726,0.0040027834,0.009180284,0.0008869902,1.4460507e-07,3,,,,0.86570483,Test
2265,16,-12.952163,-8.412309,18.501534,-2.6354911,1.730194,-2.4278913,-10.179372,-8.557395,2.1869198e-14,2.0486477e-12,1.0,6.611609e-10,5.2035514e-08,8.137041e-10,3.499786e-13,1.7719695e-12,2,,,,1.3039429e-06,Test
2266,3,8.062207,-14.235065,-11.031578,15.628875,-9.727495,-0.7143738,-4.496493,-26.236923,0.0005171462,1.0715944e-13,2.6380764e-12,0.99948275,9.719506e-12,7.979813e-08,1.8173517e-09,6.5718833e-19,3,,,,0.0063936464,Test
2267,19,-12.791216,-7.535613,16.201464,-2.9715674,1.9748868,-3.460247,-8.497148,-4.448901,2.5623527e-13,4.91042e-11,0.9999993,4.712574e-09,6.6294257e-07,2.890861e-09,1.8772784e-11,1.0756243e-09,2,,,,1.4799306e-05,Test
2268,20,14.634951,-20.935337,-16.656942,23.195192,-14.758443,-1.7293222,-7.2678328,-39.563488,0.0001915363,6.827639e-20,4.9244146e-18,0.9998085,3.2874722e-17,1.4973993e-11,5.8883494e-14,5.5483957e-28,3,,,,0.0026417554,Test
2269,1,-9.29788,-4.983609,10.047027,-0.60544586,-0.30360058,-2.9200766,-4.313874,-2.6714373,3.9681427e-09,2.966545e-07,0.99993813,2.3640852e-05,3.1970758e-05,2.3357795e-06,5.7957965e-07,2.9951216e-06,2,,,,0.001047199,Test
2270,19,-7.2305026,-5.0234914,11.439794,-0.4562725,0.32153776,0.4464215,-6.982168,-8.967326,7.790706e-09,7.080586e-08,0.9999614,6.8169097e-06,1.4838369e-05,1.6812119e-05,9.9868025e-09,1.3717777e-09,2,,,,0.0006793962,Test
2271,19,-3.6964002,-5.494845,0.22736451,1.5638945,1.2015084,2.862918,-3.7486095,-8.560817,0.000921616,0.00015257914,0.046625055,0.1774463,0.12350503,0.6504676,0.0008747335,7.111492e-06,5,,,,1.4453365,Test
2272,3,6.422719,-12.450105,-9.182852,13.189821,-7.9473004,0.5097385,-4.7018585,-23.631151,0.0011496982,7.3151e-12,1.9194224e-10,0.9988471,6.603344e-10,3.1089178e-06,1.6952793e-08,1.0194217e-16,3,,,,0.012945803,Test
2273,1,-0.24365062,-6.008503,-2.6482131,4.430461,-2.7285497,0.7207027,-2.747869,-8.991918,0.00900746,2.8246115e-05,0.00081341836,0.9650352,0.0007506271,0.023627382,0.00073626486,1.4298096e-06,3,,,,0.26267916,Test
2274,1,-3.708197,-1.9501193,4.1358976,-0.7849306,-1.6763138,-0.04410683,-2.123034,-5.049937,0.00038054335,0.0022076373,0.9706243,0.007078848,0.0029029516,0.014849035,0.0018570847,9.947038e-05,2,,,,0.24893534,Test
2275,20,-4.934836,-3.617132,4.704641,1.2185204,-1.7596878,0.22854164,-2.4229672,-6.8234286,6.232278e-05,0.00023276544,0.9572346,0.02930998,0.0014914067,0.010891139,0.0007683117,9.428474e-06,2,,,,0.306426,Test
2276,11,-6.1706824,-7.2869782,-5.193127,8.111211,-6.596447,-1.5676242,2.8353734,-8.750541,6.240355e-07,2.0436559e-07,1.6586539e-06,0.99484754,4.0766355e-07,6.227187e-05,0.0050873244,4.7292346e-08,3,,,,0.047103178,Test
2277,3,-3.7832527,-3.3232882,7.7042136,-0.11453211,-0.8986088,0.5308477,-5.205693,-8.264369,1.0243703e-05,1.6226211e-05,0.9986204,0.00040157101,0.00018333364,0.0007656797,2.4700134e-06,1.159667e-07,2,,,,0.017197473,Test
2278,20,-1.6626642,-5.8466077,0.40874624,5.3578205,-3.3147054,-1.1108791,-1.9855229,-9.642623,0.00088422565,1.3474103e-05,0.007017224,0.9897397,0.00016946932,0.0015353257,0.000640247,3.0262945e-07,3,,,,0.097393505,Test
2279,20,0.84989804,-11.521755,-8.231482,11.331389,-6.2588425,0.058426898,-1.8310543,-18.846996,2.8049664e-05,1.1884649e-10,3.1910596e-09,0.9999572,2.2942478e-08,1.2711476e-05,1.9213414e-06,7.828429e-14,3,,,,0.0007297066,Test
2280,1,-5.2293587,-3.2359183,0.39641142,0.12862727,-2.026101,-0.6439632,-0.14321072,0.5178014,0.0009125393,0.0066987174,0.25321674,0.19372927,0.022459945,0.08946712,0.1476174,0.2858982,7,,,,2.3765426,Test
2281,19,0.49837092,-4.717871,5.4650407,-0.899128,0.838111,-2.0080287,-6.464652,-9.965729,0.0068358416,3.7102804e-05,0.98127145,0.0016899188,0.0096015,0.0005575405,6.4682863e-06,1.951153e-07,2,,,,0.16253756,Test
2282,19,-4.4857817,-3.9339755,4.5837216,-0.9455758,0.47595164,3.0341544,-4.5737042,-8.240891,9.33554e-05,0.00016210109,0.81091416,0.0032183372,0.013335002,0.17218938,8.5497886e-05,2.1843186e-06,2,,,,0.7964005,Test
2283,19,-2.5434015,-4.186886,5.459777,1.6228437,-1.942485,1.0063294,-4.7004213,-9.275427,0.00032332542,6.250054e-05,0.966888,0.02084574,0.0005896778,0.011253007,3.7398844e-05,3.8544152e-07,2,,,,0.24772826,Test
2284,19,3.1351247,-6.7420683,-3.9491103,6.562059,-4.088924,-1.473745,-2.399186,-13.156772,0.031448856,1.6143388e-06,2.6360922e-05,0.9680627,2.2921362e-05,0.00031332733,0.00012418938,2.6431657e-09,3,,,,0.20833239,Test
2285,1,-7.0785737,-5.4577694,5.7582097,0.79198456,-2.1342714,5.8115287,-5.047269,-11.466559,1.2904361e-06,6.5259337e-06,0.48493183,0.0033796872,0.00018114227,0.5114896,9.838325e-06,1.603462e-08,5,,,,1.0313612,Test
2286,16,-12.366556,-7.473335,16.942606,-3.0563948,2.1885002,-2.8401709,-9.338337,-6.637703,1.8672069e-13,2.4905272e-11,0.99999964,2.063214e-09,3.911769e-07,2.5612352e-09,3.8577258e-12,5.743833e-11,2,,,,8.978026e-06,Test
2287,13,4.9128914,-9.670447,-3.8984277,9.925044,-7.133172,-0.63861686,-4.360188,-18.861073,0.006612361,3.068266e-09,9.854831e-07,0.99336034,3.8798746e-08,2.5666539e-05,6.2102515e-07,3.1293547e-13,3,,,,0.05784963,Test
2288,20,0.77649856,-4.1683087,1.5231277,1.4327619,-0.3879014,0.4752863,-4.4099464,-10.147877,0.16387497,0.0011668369,0.34575585,0.3158815,0.051146995,0.12125449,0.0009163645,2.952003e-06,2,,,,2.0916657,Test
2289,1,-5.2674074,-4.006888,4.356322,1.5940943,-3.2212214,0.6160019,-2.0512412,-8.815859,6.0715e-05,0.0002141573,0.9179705,0.0579707,0.00046983294,0.021798588,0.0015137681,1.7467211e-06,2,,,,0.4947147,Test
2290,1,0.3159978,-9.632426,-5.4968057,9.124248,-5.0660114,3.0642648,-3.3339038,-17.042631,0.00014912356,7.1285378e-09,4.4573574e-07,0.9975172,6.8575537e-07,0.0023286452,3.876272e-06,4.313103e-12,3,,,,0.02593331,Test
2291,20,12.075623,-22.22925,-16.890324,24.15076,-14.034123,-0.5330437,-7.051138,-39.54474,5.699433e-06,7.201351e-21,1.4999648e-18,0.9999943,2.6092369e-17,1.9052758e-11,2.8130998e-14,2.174671e-28,3,,,,0.00010754423,Test
2292,11,-9.706605,-6.6596875,14.909789,-0.34657443,0.31292894,-0.38040572,-8.524207,-10.195093,2.0381469e-11,4.2903694e-10,0.99999905,2.3672544e-07,4.5778745e-07,2.2885082e-07,6.648817e-11,1.2505129e-11,2,,,,2.1291733e-05,Test
2293,1,-2.9713004,-2.7880483,-1.7667723,2.5605407,-3.682992,-1.5053469,0.5978926,-2.5432553,0.0033334487,0.0040038633,0.01111767,0.8420578,0.0016361012,0.01443941,0.11829725,0.005114362,3,,,,0.84696865,Test
2294,1,-1.2602094,-10.878388,-7.555405,11.213058,-6.9748588,0.03252403,-0.60570264,-16.65046,3.827523e-06,2.5456343e-10,7.062348e-09,0.99997485,1.2620506e-08,1.3942629e-05,7.364893e-06,7.925325e-13,3,,,,0.00045616992,Test
2295,13,14.024495,-19.355577,-15.822759,21.654236,-14.288402,-2.2221167,-6.123881,-36.34608,0.00048555093,1.5468717e-18,5.2934348e-17,0.99951446,2.4552716e-16,4.2699327e-11,8.627928e-13,6.465046e-26,3,,,,0.006045305,Test
2296,1,7.1073027,-8.439814,-7.890866,9.972875,-7.8671846,-1.7806406,-2.6720405,-17.608505,0.053881373,9.5369925e-09,1.6512645e-08,0.9461081,1.690836e-08,7.437962e-06,3.0501706e-06,9.942603e-13,3,,,,0.30285943,Test
2297,1,0.44246802,-6.772255,-4.203265,5.865106,-3.9975343,1.0459139,-2.0574985,-11.231827,0.0043590385,3.2068308e-06,4.185762e-05,0.98721653,5.141882e-05,0.007970104,0.00035782362,3.7094424e-08,3,,,,0.11356527,Test
2298,1,-2.354846,-7.667724,-3.2855875,7.1323047,-4.405599,0.7512265,-1.0428197,-11.447428,7.566167e-05,3.7283962e-07,2.9830444e-05,0.99791354,9.73296e-06,0.0016897633,0.000280984,8.511722e-09,3,,,,0.023537097,Test
2299,1,5.797174,-8.9954605,-7.736652,10.343813,-7.2186456,-1.2971613,-2.5626814,-17.22358,0.010491423,3.9488888e-09,1.3904914e-08,0.9894973,2.3341888e-08,8.705702e-06,2.4558137e-06,1.054504e-12,3,,,,0.08424282,Test
2300,19,1.5604129,-3.773675,3.2137878,1.8009777,-2.439446,-0.83346313,-4.379194,-10.134929,0.13134375,0.0006336426,0.68621624,0.16706495,0.0024059848,0.01198843,0.0003458367,1.0944274e-06,2,,,,1.2969017,Test
2301,19,-10.119249,-8.800587,20.32873,-0.18801063,-0.8546457,2.1139803,-12.397847,-18.434046,5.978755e-14,2.2351088e-13,1.0,1.2293985e-09,6.312139e-10,1.2286701e-08,6.123897e-15,1.4639982e-17,2,,,,3.785663e-07,Test
2302,3,0.24149835,-5.0912337,1.3161033,4.2962227,-3.2094014,-0.099545315,-3.7993064,-9.925109,0.016035074,7.746305e-05,0.0469641,0.92473084,0.00050858594,0.011401381,0.00028194961,6.162678e-07,3,,,,0.49077967,Test
2303,20,11.815131,-9.127998,-9.587346,9.762181,-8.206396,-3.1458836,-4.162902,-23.742134,0.8862451,7.113246e-10,4.49341e-10,0.113754615,1.7877855e-09,2.8188222e-07,1.0194883e-07,3.2005847e-16,0,,,,0.51114726,Test
2304,13,2.5283682,-7.5545588,-3.746564,8.08789,-5.855925,-0.40198386,-2.6592429,-14.587793,0.0038349482,1.6025074e-07,7.2208977e-06,0.9959306,8.7600597e-07,0.00020470277,2.1419475e-05,1.4135315e-10,3,,,,0.03962554,Test
2305,20,10.121283,-12.395906,-9.327284,12.891747,-8.269998,-1.5199862,-5.514519,-25.772917,0.05894119,9.802289e-12,2.1086931e-10,0.9410582,6.069982e-10,5.1841806e-07,9.547204e-09,1.5197277e-17,3,,,,0.32323924,Test
2306,1,-4.963642,-7.704269,9.469904,2.8165088,-1.7413293,0.8538585,-8.057945,-14.559444,5.382031e-07,3.4730167e-08,0.99851733,0.001287724,1.3501403e-05,0.00018090676,2.438414e-08,3.6605153e-11,2,,,,0.016981214,Test
2307,19,-5.4261975,-6.965596,7.4535007,2.6475801,-0.7074506,1.5698724,-6.5646605,-11.057738,2.5209108e-06,5.407604e-07,0.9888699,0.008090109,0.00028241184,0.0027536696,8.074746e-07,9.032555e-09,2,,,,0.0990136,Test
2308,11,-2.727903,-3.7071621,0.4208546,2.5998013,-1.9961091,0.2943153,-1.5892256,-4.8213468,0.0038985014,0.0014642355,0.090862736,0.8029534,0.00810423,0.080062754,0.012173602,0.00048053675,3,,,,1.0442805,Test
2309,3,5.1743197,-16.145786,-11.187102,16.611115,-9.185897,1.215585,-4.7676196,-27.753553,1.0790922e-05,5.940923e-15,8.460238e-13,0.9999889,6.2588576e-12,2.0596886e-07,5.1919286e-10,5.40336e-20,3,,,,0.0001984617,Test
2310,1,-2.4094164,-3.1624124,-1.1425469,2.3675458,-2.4515731,0.10855962,-0.8059801,-4.2605486,0.007029724,0.0033106727,0.024953572,0.83473116,0.0067395335,0.08719295,0.03493831,0.0011040829,3,,,,0.9633819,Test
2311,20,5.779419,-10.343203,-8.234451,11.426771,-7.8061,-1.2507311,-2.7608466,-19.810503,0.0035144344,3.4985645e-10,2.8820992e-09,0.9964818,4.4232262e-09,3.1095672e-06,6.8685495e-07,2.7057868e-14,3,,,,0.03378935,Test
2312,3,2.9131684,-7.804159,-4.534079,6.4321413,-1.6001188,-0.22874264,-4.5198774,-13.717362,0.028731417,6.366208e-07,1.675168e-05,0.96967804,0.00031496433,0.0012412019,1.6991286e-05,1.7211126e-09,3,,,,0.20641004,Test
2313,19,-4.281349,-6.380798,9.128988,1.6252561,-0.37285274,0.2546306,-7.644367,-11.212159,1.4984123e-06,1.8359133e-07,0.99923325,0.0005506015,7.465689e-05,0.00013982425,5.1890893e-08,1.4642607e-09,2,,,,0.009915358,Test
2314,20,2.0090537,-4.890709,-2.4009116,4.7626934,-3.3351579,0.4764614,-3.0766056,-10.885046,0.059032675,5.9506394e-05,0.0007175777,0.92679346,0.00028192333,0.012749585,0.00036510566,1.4833925e-07,3,,,,0.43870804,Test
2315,13,-0.91246545,-8.358176,-4.6989884,7.535432,-4.5085673,0.60093033,-1.4263204,-13.282317,0.00021406666,1.2500223e-07,4.8538086e-06,0.99867475,5.871944e-06,0.0009723179,0.0001280515,9.086373e-10,3,,,,0.016095798,Test
2316,3,0.62589,-10.963746,-6.6415377,10.199191,-5.8966403,1.9687376,-2.9406383,-18.400414,6.953785e-05,6.4403044e-10,4.8530822e-08,0.99966204,1.02216895e-07,0.00026632543,1.9647066e-06,3.7949174e-13,3,,,,0.004651239,Test
2317,1,-0.91943055,-3.3512874,-2.9737654,1.1210771,-2.3327436,2.52955,-1.0591476,-8.495102,0.02410085,0.0021178261,0.0030892002,0.18544431,0.005864598,0.75841266,0.0209582,1.2358331e-05,5,,,,1.0880287,Test
2318,3,0.71832466,-3.4641454,0.047925454,2.710347,-2.2452161,-0.25725016,-2.678339,-7.2165956,0.107301176,0.001637498,0.054885022,0.7865544,0.0055405777,0.04044993,0.0035929577,3.8416012e-05,3,,,,1.1214299,Test
2319,3,0.07508263,-9.50382,-1.8515878,1.1565564,5.8907375,0.22462597,-7.9363265,-14.210308,0.0029345537,2.0299122e-07,0.0004273657,0.008654061,0.98457503,0.0034079081,9.732647e-07,1.8343222e-09,4,,,,0.13881113,Test
2320,1,-2.2129874,-5.1620617,-3.6540644,1.0628533,-0.54029906,4.0635195,-1.4684119,-9.778591,0.0017633127,9.237675e-05,0.00041732812,0.046666894,0.00939223,0.93795425,0.0037127386,9.133335e-07,5,,,,0.40830824,Test
2321,20,-2.5319645,-5.1868896,-0.6415244,2.8243387,-0.5334366,3.0186799,-3.228442,-8.1935625,0.002062213,0.00014498207,0.013656558,0.4370654,0.015215393,0.53082055,0.0010276784,7.170226e-06,5,,,,1.2139418,Test
2322,3,0.4721088,-2.8179533,2.9131744,1.2467031,-2.351169,-1.6074342,-2.9898827,-7.418424,0.06707639,0.0024986984,0.7703906,0.14553642,0.0039850683,0.0083837,0.0021040007,2.5104691e-05,2,,,,1.0863576,Test
2323,20,9.833416,-18.12464,-14.374917,19.882334,-12.116485,-0.7643334,-5.278698,-32.289276,4.323064e-05,3.1171838e-17,1.3250914e-15,0.9999567,1.2678602e-14,1.0795617e-09,1.1821809e-11,2.1985672e-23,3,,,,0.00068911497,Test
2324,20,-2.7156034,-13.229404,-9.627937,14.009401,-9.32673,-0.9825534,1.047842,-18.809977,5.450317e-08,1.4802524e-12,5.4254164e-11,0.99999726,7.332388e-11,3.0837245e-07,2.3489033e-06,5.581155e-15,3,,,,5.5868324e-05,Test
2325,19,9.159388,-16.69434,-13.096111,18.385763,-11.739174,-1.6441034,-4.1534295,-30.142244,9.839958e-05,5.819196e-16,2.125949e-14,0.99990153,8.25778e-14,2.0003061e-09,1.6267111e-10,8.40449e-22,3,,,,0.0014518235,Test
2326,13,-5.428313,-2.4544163,6.82342,-1.4504552,-2.4493647,0.7238541,-2.1451316,-9.890461,4.763407e-06,9.321048e-05,0.99718946,0.00025437787,9.368245e-05,0.0022375348,0.00012699458,5.4958083e-08,2,,,,0.031016529,Test
2327,11,-3.2219496,-3.687104,1.430609,2.7061255,-2.5034113,-0.6924631,-1.4529954,-6.4467106,0.0019903865,0.0012500383,0.20869778,0.7472529,0.0040831435,0.024973495,0.011673048,7.914828e-05,3,,,,1.057149,Test
2328,3,7.2707744,-10.4770565,-9.139518,12.218538,-8.789284,-1.2025467,-3.268674,-20.547976,0.00704921,1.3815143e-10,5.263099e-10,0.9929491,7.4704337e-10,1.4730709e-06,1.8660197e-07,5.842663e-15,3,,,,0.060559094,Test
2329,3,0.46676722,-6.835146,-2.4113953,-0.6243803,5.5352798,-0.50720793,-5.769258,-10.71744,0.0062223873,4.195427e-06,0.00034993453,0.00208967,0.988972,0.0023494433,1.2181075e-05,8.644054e-08,4,,,,0.10483682,Test
2330,3,-3.217824,-2.9008877,4.376335,0.45854932,-1.3659059,0.9597971,-3.409552,-6.139268,0.00047598727,0.00065349025,0.94557667,0.018802863,0.0030330054,0.031039385,0.0003929424,2.5634707e-05,2,,,,0.38200924,Test
2331,20,9.611516,-16.989906,-12.743024,18.290562,-10.7393675,-1.0318383,-5.5817275,-31.835579,0.00017008439,4.762265e-16,3.3282167e-14,0.9998299,2.4682415e-13,4.0580255e-09,4.2886684e-11,1.6998863e-22,3,,,,0.002375218,Test
2332,1,-5.2129393,-6.0221963,-0.47089875,0.47192293,-0.19279642,5.83899,-3.186771,-9.327413,1.5714611e-05,6.9959638e-06,0.0018019624,0.004626024,0.00237971,0.9910501,0.000119194876,2.5669095e-07,5,,,,0.08782956,Test
2333,1,0.124534324,-7.0537343,-4.2629,1.7186279,2.0606375,3.598899,-4.6677775,-12.428021,0.022146259,1.6897315e-05,0.00027533527,0.109045155,0.15351091,0.71482164,0.00018366482,7.830593e-08,5,,,,1.2374066,Test
2334,3,4.2489443,-2.673941,-2.3333974,1.7743738,-2.7204306,-1.5556687,-2.1205945,-9.764254,0.9155528,0.00090180506,0.0012676773,0.077088766,0.00086083997,0.0027591286,0.0015682954,7.5132675e-07,0,,,,0.46972898,Test
2335,19,-10.061256,-6.8244987,17.631935,-0.6928266,-1.3216759,0.9611666,-9.42789,-15.579496,9.397226e-13,2.3916934e-11,0.9999999,1.1006692e-08,5.8688245e-09,5.7540955e-08,1.7703816e-12,3.77101e-15,2,,,,1.9223132e-06,Test
2336,20,-4.9444547,-6.7292657,6.410145,3.3084798,-2.6040645,3.1755018,-5.830881,-13.494484,1.08027725e-05,1.8130162e-06,0.92209345,0.041470468,0.0001121898,0.036306746,4.4521003e-06,2.0907616e-09,2,,,,0.47376353,Test
2337,3,2.2339742,-6.838056,-3.4246612,5.1794147,-1.5837822,0.32676277,-3.9442198,-11.675568,0.049516752,5.686162e-06,0.00017267832,0.941761,0.0010882323,0.007352934,0.0001027062,4.5072834e-08,3,,,,0.36267263,Test
2338,3,-0.41795826,-7.0421596,-3.25904,4.5397067,-0.4552469,2.852014,-4.370753,-11.119943,0.0058611785,7.782711e-06,0.00034207292,0.83381844,0.0056466474,0.1542112,0.00011254031,1.3187802e-07,3,,,,0.72571295,Test
2339,13,3.4648638,-5.9774275,-2.259541,6.3558164,-5.051632,-1.0205748,-2.946486,-12.488199,0.052557126,4.1676994e-06,0.00017161458,0.94657785,1.0518764e-05,0.00059242075,8.634113e-05,6.198756e-09,3,,,,0.30825394,Test
2340,19,-3.787017,-7.905273,6.971349,4.535289,-2.881768,1.6170781,-6.5847507,-15.817526,1.9469551e-05,3.1682558e-07,0.9154925,0.08011012,4.8139373e-05,0.004328371,1.1866314e-06,1.1603043e-10,2,,,,0.44337794,Test
2341,16,-14.471764,-8.87767,19.378551,-3.0831146,2.458259,-3.2835755,-10.556763,-7.0329247,1.9906502e-15,5.3515406e-13,1.0,1.7580142e-10,4.483432e-08,1.4386776e-10,9.982935e-14,3.3856468e-12,2,,,,1.1049984e-06,Test
2342,1,-0.6957942,-6.436363,-2.4252064,0.40789217,3.871946,0.92869896,-4.8782816,-9.296134,0.0094685005,3.0421712e-05,0.0016796045,0.028550003,0.9120647,0.048060652,0.00014449404,1.7426132e-06,4,,,,0.55951303,Test
2343,1,1.4480184,-5.2782845,-0.7056539,4.9165235,-4.2612076,-0.87661463,-2.7729857,-10.807422,0.030010376,3.5981157e-05,0.00348292,0.9629949,9.949156e-05,0.0029355946,0.00044066895,1.4282399e-07,3,,,,0.2640953,Test
2344,1,-16.617615,-10.056897,22.60552,-3.543315,2.0015101,-3.8160582,-11.330631,-8.736347,9.2386405e-18,6.5296804e-15,1.0,4.402563e-12,1.1266585e-09,3.3516195e-12,1.8269114e-15,2.4456816e-14,2,,,,3.378561e-08,Test
2345,19,-2.857566,-2.760038,4.6698093,0.3779844,-1.5683469,-1.4194976,-2.9285703,-6.016495,0.0005278268,0.00058189855,0.98081917,0.013417547,0.0019159849,0.0022234973,0.0004916484,2.241744e-05,2,,,,0.16550101,Test
2346,19,7.826197,-12.707751,-8.565671,13.931674,-9.286027,-1.0075389,-4.5842204,-24.472597,0.0022256519,2.6895322e-12,1.6926197e-10,0.99777395,8.235932e-11,3.2435042e-07,9.0715515e-09,2.0905933e-17,3,,,,0.022826556,Test
2347,20,-2.413532,-6.6319504,-0.7954274,5.7916317,-3.019964,1.4116789,-2.5906415,-10.348998,0.00026931785,3.9648744e-06,0.0013583108,0.98564965,0.00014685714,0.012346197,0.00022560451,9.636882e-08,3,,,,0.11963272,Test
2348,11,-3.7289193,-4.9003544,0.3132804,3.2016368,-1.6925783,1.3826286,-1.8442079,-7.1015096,0.00079268654,0.00024567085,0.045144685,0.8109683,0.0060739787,0.13152812,0.00521941,2.7189688e-05,3,,,,0.9276515,Test
2349,20,-0.31026986,-4.706332,-0.2883287,3.7086003,-2.2278233,0.14931484,-2.6944175,-7.9915547,0.016807925,0.00020717086,0.01718079,0.935163,0.002470196,0.026613949,0.0015491445,7.754869e-06,3,,,,0.46800694,Test
2350,13,-3.4316661,-4.03039,3.3734825,1.537281,-1.0243522,2.2077978,-3.6812418,-7.6705074,0.00074564747,0.00040974256,0.67293334,0.107280284,0.00827974,0.20975949,0.00058095733,1.0755437e-05,2,,,,1.278731,Test
2351,1,6.6611123,-14.285169,-10.541226,15.550099,-9.548088,-0.31427285,-4.1304555,-25.274565,0.0001378803,1.1031835e-13,4.662526e-12,0.99986196,1.2587403e-11,1.2886373e-07,2.8365044e-09,1.862144e-18,3,,,,0.0019703046,Test
2352,3,-0.010739107,-3.854312,3.8832114,1.8161159,-1.3395112,-0.8555677,-4.1485896,-8.502422,0.017528236,0.00037540135,0.86071503,0.108925916,0.004641515,0.007530673,0.00027969998,3.596227e-06,2,,,,0.73365295,Test
2353,19,-7.064151,-4.890629,10.19706,-1.1667504,1.2437716,-1.3166748,-6.472178,-5.2980647,3.1877583e-08,2.8017823e-07,0.9998486,1.1606318e-05,0.0001292917,9.990397e-06,5.7620436e-08,1.8641765e-07,2,,,,0.0022571518,Test
2354,19,4.482524,-7.7677183,-4.785508,8.19807,-5.5498037,-1.914047,-2.77346,-15.676797,0.023762276,1.1367774e-07,2.2430183e-06,0.976178,1.044488e-06,3.9617993e-05,1.6774691e-05,4.1764397e-11,3,,,,0.16306816,Test
2355,3,5.8099694,-4.214652,-3.3229842,2.5812154,-2.1100092,-2.142372,-3.3378153,-12.045139,0.9610017,4.256829e-05,0.000103832375,0.03806222,0.00034923773,0.00033811646,0.00010230375,1.6918005e-08,0,,,,0.2458909,Test
2356,20,4.666007,-15.398151,-10.24769,15.968724,-9.206426,0.36674505,-4.216056,-26.213129,1.2339196e-05,2.3852504e-14,4.1148122e-12,0.9999875,1.1656439e-11,1.675487e-07,1.7133889e-09,4.793448e-19,3,,,,0.00022308764,Test
2357,1,8.802947,-12.739753,-11.335336,14.644998,-9.924716,-1.1102746,-3.9436715,-24.263237,0.0028944814,1.2755429e-12,5.19548e-12,0.9971054,2.1293647e-11,1.4332218e-07,8.42917e-09,1.2621469e-17,3,,,,0.028581087,Test
2358,13,-4.6685967,-8.155082,-3.3647952,7.670911,-4.056794,-0.5936573,-0.2877209,-9.94721,4.37264e-06,1.3383902e-07,1.610564e-05,0.9993647,8.0620675e-06,0.00025731645,0.00034940912,2.229825e-08,3,,,,0.008471257,Test
2359,11,25.956966,-38.101696,-29.584274,41.86208,-25.637733,-2.9438753,-12.252073,-69.609,1.2373627e-07,1.8714293e-35,9.359321e-32,0.9999999,4.8439756e-30,3.4755328e-20,3.1515395e-24,0.0,3,,,,3.0112633e-06,Test
2360,16,-12.31207,-8.3648615,16.429918,-2.5391233,3.2368581,-3.0475147,-9.82349,-5.859977,3.2923948e-13,1.7051504e-11,0.9999981,5.77895e-09,1.8634856e-06,3.4758243e-09,3.965416e-12,2.0874744e-10,2,,,,3.8397815e-05,Test
2361,20,10.264961,-20.297976,-15.764059,22.114902,-12.955861,-0.8573232,-5.785149,-35.430595,7.138925e-06,3.8046715e-19,3.543021e-17,0.99999285,5.8743286e-16,1.05508206e-10,7.6411485e-13,1.0193063e-25,3,,,,0.00013236853,Test
2362,19,0.8318374,-4.2092085,-1.0267303,4.375111,-3.6959035,-1.0455465,-1.6610315,-9.64117,0.027786426,0.00017969421,0.004331787,0.9608529,0.000300234,0.0042510405,0.0022971726,7.860739e-07,3,,,,0.29239798,Test
2363,20,-2.2342079,-6.762766,2.249488,4.7857795,-3.717046,-0.19923238,-4.0300055,-12.805795,0.0008221052,8.875633e-06,0.07280676,0.9197484,0.00018661165,0.006290799,0.00013646539,2.1073935e-08,3,,,,0.4448375,Test
2364,11,-8.945231,-5.294867,11.73028,-0.15872082,-0.19099537,-0.6488916,-6.0361457,-6.9597435,1.0488954e-09,4.037059e-08,0.99998224,6.8653835e-06,6.647346e-06,4.2051984e-06,1.923674e-08,7.638678e-09,2,,,,0.00033453232,Test
2365,19,-8.911641,-3.9209404,12.934264,-2.0302658,-1.3747514,-0.5257551,-5.449683,-9.416218,3.2541894e-10,4.784937e-08,0.9999976,3.1694665e-07,6.104816e-07,1.4268783e-06,1.0374139e-08,1.9647511e-10,2,,,,5.2048217e-05,Test
2366,20,9.443795,-19.331705,-14.821967,20.970669,-12.00684,-0.3511646,-5.738671,-33.990692,9.86139e-06,3.1397588e-18,2.8539806e-16,0.9999901,4.7648115e-15,5.495933e-10,2.5134896e-12,1.3507653e-24,3,,,,0.00017819823,Test
2367,20,1.4513977,-10.45205,-6.702843,10.892507,-7.169599,-0.1319253,-1.9016904,-17.650726,7.938451e-05,5.3719745e-10,2.2824098e-08,0.9999014,1.4311481e-08,1.629698e-05,2.776566e-06,4.015957e-13,3,,,,0.0015347535,Test
2368,1,0.35612014,-8.78755,-6.674093,8.68057,-6.3979096,1.3959775,-1.0442816,-15.637148,0.0002422748,2.5897771e-08,2.1435113e-07,0.9990121,2.8253368e-07,0.0006853503,5.9720216e-05,2.7448575e-11,3,,,,0.0123876305,Test
2369,3,6.352705,-4.2968464,0.24181974,2.9137847,-4.0667534,-3.1117985,-3.8982332,-13.7538595,0.96666527,2.292106e-05,0.0021446303,0.031029303,2.8851131e-05,7.497121e-05,3.414681e-05,1.7910451e-09,0,,,,0.22407989,Test
2370,1,1.6084708,-2.545473,-1.7398229,2.2485492,-2.9663112,-0.81534976,-1.6003706,-6.97312,0.32394347,0.0050866776,0.011384757,0.6144008,0.0033393863,0.028695734,0.013088416,6.0747967e-05,3,,,,1.3280311,Test
2371,1,6.008971,-7.639669,-7.586827,8.848155,-6.9991975,-1.7101942,-2.096412,-15.989324,0.055240832,6.5272665e-08,6.88145e-08,0.94471776,1.2384662e-07,2.4539691e-05,1.6677737e-05,1.5435552e-11,3,,,,0.30895868,Test
2372,1,-3.8671212,-3.5548694,-1.939813,0.38056624,-2.4585974,5.3255672,-0.9171307,-8.832951,0.00010073121,0.00013764898,0.00069212273,0.0070454874,0.0004119818,0.98968667,0.0019245471,7.023143e-07,5,,,,0.09754762,Test
2373,1,5.3184533,-7.8151107,-6.2846313,9.114341,-6.540196,-0.72298324,-3.0152965,-15.7882805,0.021968193,4.3447038e-08,2.0074232e-07,0.977974,1.5547056e-07,5.2243435e-05,5.278287e-06,1.4971175e-11,3,,,,0.1532796,Test
2374,1,-0.513168,-3.8256056,1.0808252,2.1430683,-0.8976581,-0.48736668,-3.4860651,-6.6560626,0.045531917,0.0016586035,0.22417043,0.64849204,0.03099802,0.04672198,0.0023291805,9.783414e-05,3,,,,1.4905926,Test
2375,19,-9.160219,-5.8598723,12.891776,-1.1114752,0.89849544,-1.2218555,-7.4455433,-6.6279483,2.648117e-10,7.1822317e-09,0.99999225,8.288233e-07,6.1855903e-06,7.4220605e-07,1.4709959e-09,3.3318717e-09,2,,,,0.00015040248,Test
2376,3,0.7623956,-5.481528,-2.0490136,1.1101696,2.6358323,0.6585401,-5.016437,-10.623721,0.101080894,0.00019632137,0.0060770046,0.14312169,0.6581006,0.09110982,0.00031257476,1.1474696e-06,4,,,,1.4985893,Test
2377,20,0.49055555,-12.487402,-2.537428,10.603552,-4.805131,1.0967265,-6.0784583,-21.078098,4.0544386e-05,9.368613e-11,1.9628815e-06,0.9998828,2.0325591e-07,7.433396e-05,5.6891047e-08,1.740938e-14,3,,,,0.0018230659,Test
2378,16,-17.06013,-10.947867,23.35598,-3.4529953,2.9309819,-3.5493574,-12.734654,-8.748661,2.802255e-18,1.2648179e-15,1.0,2.2751497e-12,1.3475235e-09,2.0661415e-12,2.1185419e-16,1.1405953e-14,2,,,,3.987633e-08,Test
2379,1,2.414702,-6.7356267,-3.1861246,6.7853756,-5.49085,0.21723181,-3.0359094,-14.523531,0.012466272,1.3237305e-06,4.606048e-05,0.98604345,4.5961992e-06,0.0013848012,5.3526157e-05,5.4897875e-10,3,,,,0.11353413,Test
2380,13,7.315139,-14.033709,-6.467969,14.529914,-9.369828,-0.25225624,-6.177442,-26.445036,0.00073509495,3.932396e-13,7.5930423e-10,0.99926454,4.1701757e-11,3.8007167e-07,1.0152903e-09,1.60135e-18,3,,,,0.008720995,Test
2381,1,-1.2365181,-5.875626,1.0074476,4.2977123,-3.9093199,2.536159,-4.0637913,-12.681489,0.0032543852,3.145793e-05,0.030690987,0.82405204,0.00022474282,0.14155388,0.00019257494,3.483219e-08,3,,,,0.81605124,Test
2382,20,1.232047,-10.571992,-7.511457,10.938149,-6.1768794,0.78228235,-2.2004595,-17.467184,6.0904455e-05,4.552187e-10,9.713902e-09,0.9998982,3.68972e-08,3.8843555e-05,1.967571e-06,4.609733e-13,3,,,,0.0016072444,Test
2383,20,-1.6909903,-4.601208,-0.37161264,1.770596,0.6999692,1.9309037,-3.547461,-7.335526,0.011743275,0.0006395839,0.04393268,0.3742287,0.12828317,0.43929654,0.0018345693,4.153349e-05,5,,,,1.7294773,Test
2384,13,-3.8112187,-4.1770177,2.7827814,1.3214426,-0.5662608,2.0625758,-3.594076,-7.244108,0.0007785798,0.00054005586,0.5689065,0.13194397,0.019978844,0.2768596,0.0009674019,2.5143052e-05,2,,,,1.4982008,Test
2385,3,-4.3750296,-4.801743,11.895612,-0.61931,-1.1815457,1.3147868,-7.8555193,-12.84588,8.584929e-08,5.6029553e-08,0.99996877,3.6713418e-06,2.0924201e-06,2.5397596e-05,2.6434992e-09,1.798429e-11,2,,,,0.000542128,Test
2386,13,-3.625224,-4.7181225,3.708711,2.943477,-2.1649952,0.3209639,-3.3482187,-7.537079,0.00043429952,0.00014559606,0.6650844,0.30941394,0.0018705043,0.022469683,0.00057291635,8.6874525e-06,2,,,,1.0679933,Test
2387,3,-2.6477387,-8.432112,9.654644,3.3110487,-2.9985056,0.2760086,-8.497805,-18.118835,4.5325264e-06,1.3938593e-08,0.99815315,0.0017547234,3.191568e-06,8.435437e-05,1.3052356e-08,8.6562203e-13,2,,,,0.020006597,Test
2388,1,-2.534831,-7.4336286,-3.8094022,3.8334322,-0.92746806,5.669043,-3.7386937,-12.636463,0.00023558756,1.7564339e-06,6.585874e-05,0.13735807,0.0011754971,0.8610925,7.068409e-05,9.662059e-09,5,,,,0.5953838,Test
2389,3,17.022982,-25.933554,-20.841986,28.668394,-17.852789,-2.1550083,-7.892183,-47.145096,8.759067e-06,1.9349583e-24,3.1471067e-22,0.9999913,6.253212e-21,4.107359e-14,1.3241562e-16,1.1874492e-33,3,,,,0.00015971393,Test
2390,20,-0.4180586,-4.950741,3.441754,2.5587654,-2.5485291,-0.18688367,-4.5928884,-9.663655,0.014391194,0.0001547312,0.6829552,0.2824328,0.0017094065,0.018134052,0.0002213051,1.3892651e-06,2,,,,1.1042316,Test
2391,3,-9.200953,-8.415166,14.752907,-2.5224216,5.5578294,-1.1983764,-11.40829,-9.201044,3.9530008e-11,8.6734155e-11,0.9998983,3.1432315e-08,0.00010152763,1.1814122e-07,4.348025e-12,3.952639e-11,2,,,,0.001497051,Test
2392,20,4.792869,-11.219184,-7.276067,9.768319,-4.6383076,2.1099415,-5.546581,-20.604696,0.006854833,7.621679e-10,3.9311953e-08,0.9926757,5.496534e-07,0.00046861506,2.2163128e-07,6.3969656e-14,3,,,,0.06500487,Test
2393,3,-3.4925957,-4.040853,4.978742,-0.8369685,2.1714368,0.535295,-5.3728676,-5.863348,0.00019468844,0.00011252143,0.9298131,0.0027711794,0.05613044,0.010930276,2.9699453e-05,1.818593e-05,2,,,,0.4302121,Test
2394,11,-0.11816034,-2.62165,1.7564445,-0.68109196,0.8772123,-0.39469582,-3.6433256,-6.722503,0.08573007,0.007012636,0.55880934,0.048826437,0.2319626,0.06501826,0.0025244888,0.00011611905,2,,,,1.8045284,Test
2395,20,4.0277905,-12.341116,-8.1519785,12.677469,-6.7788053,0.6696761,-4.027537,-21.327168,0.00017515129,1.3629746e-11,8.9909724e-10,0.99981874,3.5495133e-09,6.095409e-06,5.5594203e-08,1.7056673e-15,3,,,,0.002554443,Test
2396,19,6.715324,-15.583867,-5.597504,14.921733,-8.571706,-0.45421576,-7.703851,-28.28078,0.0002728243,5.6424493e-14,1.225998e-09,0.99972695,6.263407e-11,2.0998662e-07,1.4918161e-10,1.726902e-19,3,,,,0.0036287429,Test
2397,3,-2.0427923,-6.35685,-0.93507075,4.3620505,-2.8775442,4.231689,-3.9664314,-13.066488,0.0008770094,1.173364e-05,0.0026551052,0.53038615,0.0003806065,0.4655613,0.00012810867,1.4304535e-08,3,,,,1.0365348,Test
2398,1,0.92718935,-3.350305,-2.2816336,0.9024324,-0.69188565,-0.17145903,-1.6677811,-6.5291824,0.37929684,0.00526365,0.015325163,0.37002188,0.07513181,0.12642771,0.028313782,0.00021913821,0,,,,1.9994872,Test
2399,11,-4.8365755,-3.6885867,2.7172031,0.9233585,-0.24200927,2.2254567,-2.8114007,-5.760689,0.00028545727,0.0008997178,0.54463494,0.09058341,0.028244633,0.33307555,0.0021630346,0.00011329319,2,,,,1.49801,Test
2400,20,9.439988,-8.976994,-6.696819,9.922141,-8.175402,-2.3803093,-3.7662873,-20.45815,0.3817425,3.8315684e-09,3.746662e-08,0.61825395,8.540914e-09,2.8072473e-06,7.0203333e-07,3.9552522e-14,3,,,,0.9593335,Test
2401,20,0.51248205,-3.385735,0.6765442,2.8751934,-3.2803311,0.40602642,-2.3839996,-9.156383,0.07248951,0.0014699453,0.08541349,0.76981735,0.0016333433,0.065169156,0.0040026647,4.582902e-06,3,,,,1.1858159,Test
2402,1,-1.621355,-5.5146585,-0.5478981,0.9773472,2.6660721,-0.7711239,-3.7489152,-6.8919883,0.0107949935,0.00021997941,0.03158048,0.14515243,0.78564847,0.025262307,0.001285981,5.549007e-05,4,,,,1.0554193,Test
2403,20,8.298352,-11.927493,-8.987007,12.815351,-8.474597,-1.136024,-4.343245,-24.285925,0.010803753,1.7766488e-11,3.3623182e-10,0.98919535,5.612745e-10,8.6352975e-07,3.4946083e-08,7.627856e-17,3,,,,0.0860952,Test
2404,20,-2.6427023,-5.564129,11.635817,-0.28810823,-1.600298,0.41445583,-8.187459,-15.341472,6.293734e-07,3.3896033e-08,0.9999776,6.6297275e-06,1.7849201e-06,1.3384897e-05,2.4595217e-09,1.9226634e-12,2,,,,0.00041103025,Test
2405,13,-5.961475,-4.190305,11.181079,-1.0782137,-0.22479805,0.31124705,-6.9789104,-10.250982,3.589785e-08,2.1099765e-07,0.99996483,4.74069e-06,1.1129489e-05,1.9022897e-05,1.2977827e-08,4.9221993e-10,2,,,,0.000621956,Test
2406,1,3.4265707,-6.916394,-6.4336205,8.070228,-6.240938,-0.70519537,-1.6071655,-13.477947,0.009528674,3.07001e-07,4.975145e-07,0.9902548,6.032351e-07,0.00015297807,6.2073836e-05,4.340034e-10,3,,,,0.080797315,Test
2407,7,-6.307237,-4.761668,10.964841,-0.19196342,-0.83483535,1.4324143,-6.970954,-10.204316,3.1534867e-08,1.4791863e-07,0.9999056,1.427646e-05,7.5062812e-06,7.2456714e-05,1.6238364e-08,6.4019295e-10,2,,,,0.0014948248,Test
2408,13,7.5065722,-9.722572,-5.469409,10.400267,-8.186509,-1.1613092,-4.3551674,-20.288012,0.052465655,1.7272399e-09,1.2147252e-07,0.94752485,8.025203e-09,9.025308e-06,3.7015792e-07,4.4549285e-14,3,,,,0.29695514,Test
2409,16,-5.958256,-3.343456,6.5229745,0.4016045,-1.3662163,-2.0740411,-2.4270835,-4.3299084,3.7860586e-06,5.173451e-05,0.99704915,0.002188968,0.00037366687,0.0001841112,0.00012934682,1.9291663e-05,2,,,,0.03290809,Test
2410,1,-1.2838236,-4.870499,0.99963427,0.12622276,2.7072034,0.53891754,-5.0410976,-8.631876,0.013287697,0.00036793936,0.13035953,0.05442833,0.7190029,0.08223488,0.0003102318,8.555221e-06,4,,,,1.3411227,Test
2411,13,-4.5070953,-2.0613496,6.5914555,-0.24941464,-2.6449196,0.24393816,-2.773262,-8.433353,1.5086063e-05,0.00017408033,0.9968167,0.0010657693,9.712e-05,0.0017455147,8.5422085e-05,2.9745667e-07,2,,,,0.035972204,Test
2412,11,-8.173442,-5.6709256,12.835797,-0.8254942,0.6391061,0.61498666,-8.108262,-9.267734,7.512743e-10,9.175449e-09,0.9999889,1.1667339e-06,5.0470703e-06,4.9267946e-06,8.0187335e-10,2.5150912e-10,2,,,,0.00021513432,Test
2413,3,5.445017,-7.982614,-2.6855767,7.5727763,-5.473222,-0.045268733,-4.9622273,-17.36913,0.10637727,1.567844e-07,3.1316762e-05,0.8931472,1.9280499e-06,0.00043898346,3.2139574e-06,1.31459175e-11,3,,,,0.4949634,Test
2414,1,-3.2723365,-3.709599,-2.763944,3.147651,-3.4184933,0.11718899,0.9724089,-4.6005454,0.0013931013,0.00089966744,0.0023161937,0.855358,0.0012036711,0.04130808,0.09715213,0.00036910412,3,,,,0.76796925,Test
2415,19,1.609165,-5.075685,-0.66421133,4.6602697,-3.347467,-0.6986646,-3.076254,-11.009953,0.044725437,5.5893503e-05,0.0046051084,0.9454369,0.00031471462,0.0044491487,0.00041276516,1.4795904e-07,3,,,,0.35662377,Test
2416,3,-2.8457155,-3.1204407,3.289889,1.560283,-2.2484398,0.28506032,-2.458715,-6.6781316,0.0017484892,0.001328469,0.8078343,0.14327285,0.0031772875,0.04002596,0.0025747519,3.7867445e-05,2,,,,0.9139395,Test
2417,20,1.0612843,-5.176414,2.683519,3.757113,-4.261614,0.65075797,-4.6082506,-13.757711,0.04639129,9.0664755e-05,0.23494378,0.6874165,0.00022632438,0.030771391,0.00016002524,1.7007034e-08,3,,,,1.2286897,Test
2418,1,0.55898505,-5.0268145,-3.6928358,4.6702394,-3.0739424,-0.10497071,-1.4858781,-8.969417,0.015945936,5.9809197e-05,0.00022704272,0.97307205,0.00042158936,0.008209136,0.0020633703,1.1601593e-06,3,,,,0.21715039,Test
2419,3,0.7430756,-4.5121655,-0.3137398,2.433741,-0.32831544,-0.7059744,-3.6079636,-8.501688,0.13575551,0.0007086556,0.047183305,0.73621416,0.046500567,0.031874478,0.001750351,1.3116195e-05,3,,,,1.3121908,Test
2420,19,-3.9729517,-3.6267772,8.043987,-0.7328302,-0.84306747,0.04406036,-5.329507,-10.275226,6.0371226e-06,8.534372e-06,0.9993563,0.00015416899,0.00013807711,0.00033527115,1.5548397e-06,1.1060808e-08,2,,,,0.008799546,Test
2421,19,-4.879811,-3.2803433,1.1880869,0.7118804,-2.1752799,1.4653705,-0.935559,-4.489059,0.0007442054,0.003684112,0.3213271,0.19958757,0.011123867,0.42400414,0.03842905,0.0011000037,5,,,,1.8163782,Test
2422,16,-0.75514984,-5.411098,0.60508823,4.690029,-3.3221898,0.562625,-3.1956506,-10.580484,0.0041589653,3.9530518e-05,0.016207993,0.96337754,0.00031925246,0.015534155,0.00036231749,2.24852e-07,3,,,,0.28291014,Test
2423,1,-17.84765,-11.169212,23.480938,-3.5717328,2.5797422,-3.8032756,-12.3893385,-7.9158263,1.125178e-18,8.946042e-16,1.0,1.7830933e-12,8.3700125e-10,1.4145438e-12,2.6408057e-16,2.315039e-14,2,,,,2.536536e-08,Test
2424,13,-4.650808,-4.5517616,7.1398454,-0.32632694,1.7637335,-1.3943019,-5.3101873,-5.422171,7.534211e-06,8.318657e-06,0.9946114,0.0005690311,0.0046008457,0.00019557815,3.8964827e-06,3.4836858e-06,2,,,,0.052418754,Test
2425,13,5.3727303,-7.451941,-2.8410423,7.6329985,-6.2305126,-1.3956114,-3.8182032,-16.19031,0.09445373,2.5441045e-07,2.558721e-05,0.90540135,8.6296814e-07,0.000108583925,9.630471e-06,4.078593e-11,3,,,,0.4533556,Test
2426,1,0.9802054,-4.918826,-4.2372003,4.8439384,-4.7642727,1.2179276,-1.0346855,-10.816754,0.019977657,5.4780736e-05,0.00010830637,0.9517927,6.393654e-05,0.02533879,0.0026637192,1.5038003e-07,3,,,,0.3408644,Test
2427,3,3.089876,-7.6720276,-3.4149835,6.0243354,-3.739081,-1.635917,-3.7961555,-12.454839,0.050444372,1.0689988e-06,7.5472424e-05,0.94892585,5.4580116e-05,0.00044712285,5.155221e-05,8.950125e-09,3,,,,0.29668018,Test
2428,1,-8.025884,-4.5511117,11.6941595,-0.46091607,-1.762759,3.255094,-6.6531773,-11.819973,2.7264477e-09,8.8038234e-08,0.999777,5.2604237e-06,1.4309934e-06,0.00021620383,1.0758617e-08,6.135426e-11,2,,,,0.0030764672,Test
2429,20,9.179461,-9.680335,-8.510175,11.090974,-8.937879,-1.9974098,-3.4879472,-21.151394,0.12881064,8.3032214e-10,2.6757208e-09,0.87118715,1.7445818e-09,1.8025971e-06,4.0603774e-07,8.658238e-15,3,,,,0.5542133,Test
2430,19,-3.914118,-6.4439225,-2.0921578,5.6778975,-4.406871,-1.5680093,-0.11376188,-5.938408,6.797854e-05,5.4161583e-06,0.00042037698,0.9957059,4.1530948e-05,0.00071002514,0.0030398027,8.97912e-06,3,,,,0.04553263,Test
2431,1,5.3950887,-6.3781624,-5.1123056,4.5109205,-1.6066185,-1.5407532,-3.8126562,-13.772381,0.70667607,5.4470656e-06,1.9315983e-05,0.29189792,0.000643306,0.000687104,7.085128e-05,3.3488397e-09,0,,,,0.88791984,Test
2432,19,9.741379,-11.035764,-8.163113,12.394516,-9.440224,-2.0681381,-4.290168,-22.824198,0.06579588,6.234488e-11,1.1024957e-09,0.9342037,3.0742178e-10,4.8909214e-07,5.3012105e-08,4.73314e-16,3,,,,0.35004744,Test
2433,3,4.080795,-4.5916314,4.5980363,1.9142919,-3.527594,-1.220029,-5.4752192,-14.949908,0.35743678,6.120859e-05,0.59956235,0.04095425,0.00017738542,0.0017827102,2.5297353e-05,1.9420914e-09,2,,,,1.1815352,Test
2434,20,4.374986,-9.584135,0.44211727,7.301441,-5.4017673,-0.7054063,-7.416404,-21.214634,0.05079435,4.3999336e-08,0.0009949291,0.94789165,2.8828708e-06,0.00031581233,3.844854e-07,3.911872e-13,3,,,,0.30521482,Test
2435,20,8.723797,-11.987399,-8.218473,13.272023,-9.062528,-0.83238083,-4.911062,-23.710459,0.010475067,1.0602266e-11,4.594327e-10,0.9895242,1.9753962e-10,7.412443e-07,1.2549117e-08,8.592869e-17,3,,,,0.083942845,Test
2436,20,7.5652037,-13.521085,-10.403688,14.763326,-9.612954,-0.6282204,-4.202436,-25.06927,0.00074742985,5.1989034e-13,1.17430085e-11,0.99925226,2.5893532e-11,2.0663863e-07,5.7936163e-09,5.0187848e-18,3,,,,0.008845658,Test
2437,16,-4.076954,-6.34801,2.6386456,-2.4278674,6.497732,-0.6499,-6.509597,-6.053222,2.5003677e-05,2.5804577e-06,0.020632494,0.0001300747,0.9784344,0.00076975854,2.1954345e-06,3.465144e-06,4,,,,0.15646984,Test
2438,1,-14.210521,-8.680646,22.224337,-3.236388,0.8938161,-0.26434112,-11.800988,-13.985619,1.5015607e-16,3.785613e-14,1.0,8.760888e-12,5.448445e-10,1.7111625e-10,1.6710475e-15,1.8802564e-16,2,,,,2.264208e-08,Test
2439,3,3.0367994,-7.3212776,-4.390967,7.0250187,-3.9274926,0.9039425,-4.1243215,-14.798167,0.018155554,5.761742e-07,1.0793737e-05,0.9796505,1.7157585e-05,0.0021514022,1.4092059e-05,3.2612368e-10,3,,,,0.15381029,Test
2440,1,-7.2500587,-9.531734,14.004977,2.0388913,-1.2918235,0.5059513,-10.194165,-16.955833,5.875596e-10,5.9997354e-11,0.999992,6.3561138e-06,2.273424e-07,1.3722838e-06,3.0934456e-11,3.5800322e-14,2,,,,0.00015301457,Test
2441,19,0.41213557,-4.9570084,2.1407125,2.7270918,-1.1471057,-0.35723698,-4.7422423,-9.108532,0.057335455,0.00026707526,0.3229495,0.5804916,0.012057391,0.026563726,0.00033105898,4.2038755e-06,3,,,,1.4415389,Test
2442,20,3.7279212,-12.145032,-8.01436,12.089162,-6.3888936,0.07169269,-4.605582,-19.753908,0.00023369816,2.9862023e-11,1.858004e-09,0.9997602,9.440133e-09,6.036361e-06,5.6164332e-08,1.4812414e-14,3,,,,0.003271335,Test
2443,13,1.2195421,-7.3671684,1.1925708,6.214193,-4.4655976,0.85901856,-5.334093,-14.990891,0.006653489,1.2413328e-06,0.0064764335,0.9821973,2.2595641e-05,0.0046395534,9.480727e-06,6.0666344e-10,3,,,,0.15715356,Test
2444,1,-4.615629,-3.6439648,6.551188,-1.3110752,1.982956,-2.5317469,-4.657141,-3.0943265,1.3981699e-05,3.6944384e-05,0.9891151,0.00038081084,0.010263344,0.000112351314,1.3413167e-05,6.401078e-05,2,,,,0.09109882,Test
2445,20,-1.9420197,-3.1273518,4.942085,1.0301235,-1.9142381,1.3560178,-4.308167,-8.2320385,0.0009749917,0.00029800096,0.95220315,0.019045237,0.0010024586,0.026382778,9.149478e-05,1.8083412e-06,2,,,,0.33896324,Test
2446,1,0.6805723,-4.3110332,-3.3482316,2.1224782,0.0076746773,-0.18577382,-2.4849417,-7.9030313,0.16060567,0.0010912745,0.0028580746,0.6791609,0.08194551,0.0675323,0.006776346,3.005724e-05,3,,,,1.4453424,Test
2447,3,-5.9953175,-4.5857763,10.157095,-0.054994896,-0.32957947,1.0021303,-6.49584,-9.07285,9.661003e-08,3.9552884e-07,0.9998292,3.671738e-05,2.790108e-05,0.00010567573,5.856633e-08,4.4510893e-09,2,,,,0.002617485,Test
2448,1,-2.3755977,-6.3665752,-2.0665655,5.8452463,-4.5169873,-0.2941004,-0.80406654,-9.285947,0.00026788327,4.950923e-06,0.00036488555,0.9958935,3.147399e-05,0.0021474771,0.0012895938,2.671894e-07,3,,,,0.04523393,Test
2449,3,-8.044208,-8.951554,13.476475,-2.8211844,7.2415934,-0.8031959,-11.895859,-11.27508,4.4960935e-10,1.8145982e-10,0.9980432,8.339999e-08,0.0019560265,6.2743266e-07,9.5517925e-12,1.7769933e-11,2,,,,0.020435123,Test
2450,20,3.3756225,-12.007002,-8.496556,12.342075,-7.326006,0.26432854,-3.1364942,-20.185518,0.00012760307,2.6623929e-11,8.9092206e-10,0.9998665,2.8721219e-09,5.6838603e-06,1.8953303e-07,7.471138e-15,3,,,,0.0019466686,Test
2451,20,3.487847,-10.591936,-7.095764,11.604189,-7.8102818,-0.8104692,-2.1764255,-18.060009,0.00029852847,2.2919941e-10,7.5610425e-09,0.9996964,3.7005872e-09,4.057424e-06,1.0351972e-06,1.3087921e-13,3,,,,0.004027264,Test
2452,3,7.1027474,-8.37361,-5.63146,8.965635,-7.1258864,-1.3569072,-3.6596742,-18.673136,0.13436253,2.5525939e-08,3.9617044e-07,0.86560565,8.889161e-08,2.8464068e-05,2.8458896e-06,8.5892323e-13,3,,,,0.56981486,Test
2453,13,-7.60839,-6.058571,5.080414,3.1247072,-2.6483364,3.078578,-3.307579,-10.254938,2.4157453e-06,1.1379651e-05,0.7829401,0.110758215,0.00034448868,0.105765074,0.00017818433,1.7126547e-07,2,,,,0.9772111,Test
2454,19,-0.82339567,-2.6976242,-0.9653261,2.2886844,-2.4372895,-0.29038545,-1.1467063,-5.0617247,0.03685925,0.0056569115,0.031982098,0.8281437,0.007339074,0.06281016,0.026676847,0.0005319412,3,,,,1.0499735,Test
2455,1,-2.315148,-2.7884827,4.261094,0.115104735,0.054074675,0.37596503,-4.25248,-6.2773595,0.0013220134,0.00082351104,0.94899017,0.015020396,0.014131115,0.019497173,0.00019048608,2.514602e-05,2,,,,0.38406873,Test
2456,20,3.0019252,-11.012414,-8.214882,11.936716,-8.085898,-0.79151183,-1.9280118,-18.93509,0.0001317076,1.07959315e-10,1.7709785e-09,0.99986434,2.0147934e-09,2.9658013e-06,9.51845e-07,3.912789e-14,3,,,,0.0019670774,Test
2457,13,-1.7071321,-5.73207,-4.483152,3.075354,-2.657554,4.571492,-1.5290903,-11.344328,0.0015264438,2.7269214e-05,9.507603e-05,0.18225871,0.00059008977,0.81367844,0.0018239102,9.9609316e-08,5,,,,0.7285528,Test
2458,3,-3.1279867,-3.2099059,3.7096531,0.8833066,-0.4124227,0.9983855,-3.5396755,-5.432108,0.00093698414,0.00086328696,0.87353736,0.05173862,0.014160763,0.05804875,0.0006207805,9.355461e-05,2,,,,0.74288553,Test
2459,1,-1.8094463,-6.3037424,-0.54589427,3.918196,-1.728208,-0.07255243,-3.2775908,-7.443634,0.003136848,3.5046567e-05,0.011098058,0.96377754,0.0034023172,0.01781627,0.0007225808,1.1209774e-05,3,,,,0.2891167,Test
2460,20,11.249667,-22.889727,-17.204416,24.542427,-13.860168,-0.69479877,-6.6191583,-39.576927,1.6866578e-06,2.5146497e-21,7.405875e-19,0.99999833,2.0987657e-17,1.0954967e-11,2.9288353e-14,1.4233691e-28,3,,,,3.4753866e-05,Test
2461,1,-1.7440429,-3.5224001,1.0678407,2.183723,-1.9155757,-0.23032884,-2.059113,-5.4370675,0.013378982,0.002259916,0.2226428,0.67956364,0.011270091,0.060788408,0.009763148,0.00033309098,3,,,,1.3519496,Test
2462,16,-12.8343725,-6.8714514,15.997496,-2.3317077,0.51391,-3.6646688,-6.9363437,-5.907349,3.009394e-13,1.169884e-10,0.99999976,1.0957925e-08,1.8860979e-07,2.8895504e-09,1.09637674e-10,3.06794e-10,2,,,,4.8600846e-06,Test
2463,20,10.182176,-12.13212,-9.294579,13.421509,-9.77454,-1.953588,-4.4882555,-25.284195,0.037712075,7.682541e-12,1.311697e-10,0.96228766,8.1168766e-11,2.0229494e-07,1.60396e-08,1.4915279e-17,3,,,,0.23170726,Test
2464,1,1.65678,-6.5894904,-5.789662,6.963372,-5.0705266,-0.633334,-1.0503638,-12.299385,0.004930193,1.2928683e-06,2.8768354e-06,0.9942316,5.9051576e-06,0.0004992061,0.0003289776,4.2833026e-09,3,,,,0.055546157,Test
2465,1,1.8265253,-3.5489163,0.918393,2.2374969,-3.64265,-0.49469972,-2.9275742,-11.51537,0.33034113,0.0015291075,0.13321888,0.4982477,0.0013922907,0.032424062,0.0028463183,5.3045824e-07,3,,,,1.6280538,Test
2466,20,8.770371,-6.9988265,-5.738011,7.709014,-7.380416,-2.2619932,-3.4184206,-18.286856,0.74293774,1.0531179e-07,3.7157102e-07,0.25704592,7.190425e-08,1.2013159e-05,3.779438e-06,1.3187047e-12,0,,,,0.8225489,Test
2467,20,0.47226116,-14.269538,2.3361063,10.950528,-6.820676,1.0778282,-9.342242,-27.589806,2.8134105e-05,1.1141688e-11,0.00018142229,0.99973875,1.9140385e-08,5.154986e-05,1.5376176e-09,1.8282376e-17,3,,,,0.0037915686,Test
2468,1,0.49746695,-7.0551214,7.1468773,3.2275424,-3.7811291,0.03139917,-7.5542383,-17.52129,0.0012669375,6.6482556e-07,0.9784922,0.019427273,1.756243e-05,0.0007949586,4.0359333e-07,1.8936883e-11,2,,,,0.16183092,Test
2469,11,-0.25766468,-5.340359,5.5872808,2.8027072,-3.017596,0.15868764,-5.676541,-12.360112,0.0027070222,1.6792124e-05,0.93523204,0.057755645,0.00017134403,0.0041049826,1.199786e-05,1.501293e-08,2,,,,0.38618824,Test
2470,20,-1.6153926,-4.915616,3.9253001,2.4307666,-0.6273714,-0.6492608,-4.58133,-8.478844,0.0031403578,0.000115800525,0.80033433,0.17955759,0.008434734,0.008252106,0.00016176666,3.2826158e-06,2,,,,0.8469648,Test
2471,20,-2.5943043,-5.2841263,1.9620646,3.5363538,-1.8699676,1.113633,-3.3651657,-7.925909,0.0016684909,0.00011327886,0.15890214,0.7670697,0.0034427005,0.06802374,0.00077186764,8.069324e-06,3,,,,1.0321013,Test
2472,1,-12.999012,-7.6392155,15.887467,-2.732665,1.6327088,-3.8743665,-8.062021,-3.391099,2.8494535e-13,6.060254e-11,0.9999994,8.191793e-09,6.4452036e-07,2.6154392e-09,3.9707137e-11,4.240575e-09,2,,,,1.4530658e-05,Test
2473,3,3.0794823,-4.5949616,-2.8167768,3.2473493,-1.1696835,-0.37189856,-3.362619,-11.265117,0.44771475,0.00020798534,0.0012310866,0.5295477,0.006391638,0.014193375,0.00071323453,2.637673e-07,3,,,,1.1603667,Test
2474,1,1.6389202,-2.6940107,-3.3311996,2.490777,-3.9537427,0.83959264,-0.9894551,-8.874244,0.25709283,0.0033753745,0.0017848196,0.60262436,0.00095769495,0.115596965,0.018560985,6.986841e-06,3,,,,1.4644495,Test
2475,20,5.571636,-13.441144,-9.454694,14.198489,-8.481857,0.06317209,-4.183857,-24.296558,0.00017919554,9.912466e-13,5.3391853e-11,0.99982005,1.4124468e-10,7.2615904e-07,1.0388908e-08,1.913087e-17,3,,,,0.002504889,Test
2476,11,-6.2102604,-4.5348487,10.627821,-0.21270207,-0.8451065,1.6301181,-6.7774343,-9.631399,4.8668426e-08,2.5993762e-07,0.999846,1.9586367e-05,1.04064875e-05,0.0001236746,2.760115e-08,1.5902508e-09,2,,,,0.0023138092,Test
2477,3,3.70009,-9.022121,-8.451596,9.771805,-8.081908,-2.2374115,-0.38615093,-17.342886,0.0023017991,6.868806e-09,1.2152275e-08,0.9976534,1.7587748e-08,6.07356e-06,3.8675455e-05,1.671934e-12,3,,,,0.02422526,Test
2478,19,-9.554149,-6.4154058,14.031836,-1.49195,1.1284281,-0.62106556,-8.273507,-8.440613,5.7113172e-11,1.3178767e-09,0.9999969,1.8117748e-07,2.489546e-06,4.3283737e-07,2.0554693e-10,1.7391552e-10,2,,,,6.407693e-05,Test
2479,3,6.259969,-9.751008,-8.593096,11.236391,-7.8816113,-0.86290544,-2.9760976,-18.68139,0.006851394,7.6260465e-10,2.427587e-09,0.99314237,4.9450284e-09,5.5252735e-06,6.6773833e-07,1.0089832e-13,3,,,,0.059227142,Test
2480,3,0.18937491,-8.057774,-4.4502406,5.432282,-1.419978,3.6264603,-4.1304646,-13.99443,0.004513882,1.1826584e-06,4.361047e-05,0.85411394,0.00090285303,0.14036454,6.004377e-05,3.1232157e-09,3,,,,0.63772553,Test
2481,1,0.20333685,-3.034466,-1.5331413,2.233409,-2.7881968,-2.360922,-0.9356662,-4.581317,0.107692406,0.004226932,0.018968904,0.8200383,0.0054072766,0.008289754,0.034476437,0.0008999872,3,,,,0.9974397,Test
2482,3,-2.3078804,-5.4019904,1.2286923,3.6670406,-1.8288704,1.0895944,-3.6789644,-7.8204474,0.0021711173,9.838494e-05,0.074575715,0.85419816,0.0035052155,0.06489152,0.0005510985,8.7620565e-06,3,,,,0.7847769,Test
2483,20,-6.3785486,-5.457898,1.8286225,4.5112443,-3.3215165,0.09598374,-0.40727383,-6.6574326,1.713522e-05,4.3025222e-05,0.06283751,0.9188971,0.00036436954,0.0111107575,0.006717097,1.2964995e-05,3,,,,0.48887134,Test
2484,13,2.392135,-4.5795307,1.5940601,3.6260133,-3.7619128,-0.43040413,-3.899684,-11.547972,0.2020574,0.00018954794,0.09096519,0.69397104,0.00042934442,0.012013281,0.00037408696,1.7838717e-07,3,,,,1.2345899,Test
2485,3,4.6072426,-7.5975375,-4.8205776,8.072772,-5.2144017,-1.4627123,-3.3978524,-14.8302555,0.03030654,1.5172877e-07,2.4382941e-06,0.9696091,1.644562e-06,7.004682e-05,1.0115039e-05,1.09632324e-10,3,,,,0.19725986,Test
2486,19,3.6138897,-6.3994145,-2.6919599,5.612252,-2.5987453,-1.7473673,-3.9503136,-12.160252,0.11924558,5.3421895e-06,0.00021769399,0.8796707,0.00023896218,0.00055985805,6.185155e-05,1.6819776e-08,3,,,,0.5410824,Test
2487,16,-7.351045,-5.126822,11.612696,-1.3806851,1.4129845,-1.2336487,-6.9943776,-7.0019836,5.8094294e-09,5.371576e-08,0.9999578,2.2752452e-06,3.71795e-05,2.6356356e-06,8.299131e-09,8.236244e-09,2,,,,0.00070129416,Test
2488,13,-8.001936,-4.269742,10.277048,-0.8107496,-0.46340212,-1.7084291,-5.0842743,-5.4411273,1.1521763e-08,4.8127157e-07,0.9999559,1.5297177e-05,2.165024e-05,6.233818e-06,2.1312935e-07,1.4916392e-07,2,,,,0.0007700233,Test
2489,19,-7.471612,-5.2752767,9.409393,-1.5539646,2.4500797,-1.8613765,-6.179731,-3.2858276,4.6585e-08,4.1889214e-07,0.9990176,1.7308015e-05,0.00094881543,1.2727406e-05,1.6955177e-07,3.0627302e-06,2,,,,0.011495067,Test
2490,13,-8.905337,-6.2732825,10.04497,-1.0277588,1.428786,2.3144808,-7.0317845,-8.53097,5.884513e-09,8.180819e-08,0.9993643,1.5520265e-05,0.00018103518,0.00043895014,3.8316337e-08,8.556496e-09,2,,,,0.008314266,Test
2491,3,5.2330194,-15.098223,-9.788472,15.535809,-8.3372,0.69092566,-4.8539033,-26.272392,3.3538265e-05,4.9635744e-14,1.0041309e-11,0.99996614,4.2861697e-11,3.57219e-07,1.3958737e-09,6.964892e-19,3,,,,0.00055521465,Test
2492,1,-2.165831,-3.1650229,6.7968245,-0.26897478,-0.901023,0.35063353,-5.1504087,-8.450697,0.00012771269,4.7020883e-05,0.99693334,0.0008511939,0.00045241133,0.0015816886,6.4572655e-06,2.380958e-07,2,,,,0.03528565,Test
2493,11,-5.0096292,-5.1252995,11.406715,-0.38174596,-0.86802495,0.97129893,-7.7404466,-11.46002,7.420862e-08,6.610267e-08,0.99995816,7.5913313e-06,4.6679893e-06,2.9372311e-05,4.835877e-09,1.1724242e-10,2,,,,0.0007176416,Test
2494,16,-6.4301786,-2.7009046,6.5698566,-1.3905649,-0.9503453,-2.2650883,-2.4939513,-0.7411354,2.2559254e-06,9.39567e-05,0.9980868,0.00034833825,0.00054098625,0.00014527825,0.000115559684,0.00066687545,2,,,,0.024328314,Test
2495,3,-3.4597194,-8.630947,1.7086725,-3.0440857,8.816741,-0.6292194,-8.530291,-10.282756,4.6559276e-06,2.6434448e-08,0.0008177309,7.055273e-06,0.9990916,7.893634e-05,2.9233824e-08,5.0675637e-09,4,,,,0.010977362,Test
2496,11,-5.3225513,-4.348278,0.24585524,-0.70145565,-2.0315542,4.6363034,-1.4706699,-8.059462,4.6339504e-05,0.00012276458,0.012141704,0.0047083395,0.0012451258,0.97955096,0.0021817363,3.0014185e-06,5,,,,0.17648377,Test
2497,19,-2.5330048,-6.2655234,8.320901,2.6715941,-2.3580773,0.55861133,-6.7683225,-13.598986,1.925218e-05,4.6075266e-07,0.99602735,0.0035059724,2.2932429e-05,0.00042379103,2.7867924e-07,3.0101285e-10,2,,,,0.03973363,Test
2498,3,2.9960494,-7.897614,-5.6202326,8.2738,-4.9754567,0.15419231,-2.936577,-14.862674,0.005076396,9.429698e-08,9.195e-07,0.99461126,1.7521631e-06,0.0002960414,1.34601105e-05,8.904512e-11,3,,,,0.050187457,Test
2499,11,-5.2336664,-4.323021,10.237918,-0.20038125,-1.1612985,1.3567383,-6.6667237,-10.485813,1.9085259e-07,4.7444553e-07,0.9998198,2.9283705e-05,1.1202239e-05,0.00013895506,4.553328e-08,9.993538e-10,2,,,,0.0026808835,Test
2500,1,-1.4230655,-2.9157786,1.364067,-0.6193539,1.7322832,-1.1982619,-2.9835482,-4.4708233,0.02238951,0.0050323126,0.36348027,0.050014064,0.5252852,0.028033387,0.004702574,0.0010627235,4,,,,1.5872926,Test
2501,1,-2.2808566,-5.853332,0.01389854,1.3888831,2.9898338,-0.37084138,-4.431051,-6.2313795,0.0039740745,0.000111616755,0.039430793,0.1559494,0.7731571,0.026837682,0.0004628268,7.647961e-05,4,,,,1.068387,Test
2502,20,8.874715,-15.21414,-10.705132,16.677057,-10.43782,-1.0096791,-5.264531,-28.254028,0.0004086093,1.41140465e-14,1.2820029e-12,0.9995914,1.6748687e-12,2.082429e-08,2.956047e-10,3.0654965e-20,3,,,,0.005189602,Test
2503,20,13.668668,-22.453768,-17.702883,24.575253,-14.48828,-1.2847779,-7.252978,-40.728317,1.8336754e-05,3.7631124e-21,4.3534174e-19,0.99998164,1.0837144e-17,5.87656e-12,1.5037215e-14,4.3552224e-29,3,,,,0.00031501232,Test
2504,13,5.124723,-8.970839,-3.0379577,9.1660795,-6.208993,-0.54011637,-4.6949596,-17.702158,0.01726898,1.3050961e-08,4.9233386e-06,0.98266506,2.0658386e-07,5.9849182e-05,9.389289e-07,2.1070684e-12,3,,,,0.12686263,Test
2505,19,1.2271893,-6.7975907,-2.268127,6.609347,-5.4662213,-0.026257072,-2.525374,-13.64683,0.0045697186,1.4954493e-06,0.00013864135,0.9938725,5.6621066e-06,0.0013047416,0.00010719433,1.5855693e-09,3,,,,0.060156617,Test
2506,3,3.171491,-11.436079,-8.181412,12.259443,-7.483549,0.4201092,-2.874247,-19.555702,0.000113005604,5.1181507e-11,1.3261636e-09,0.9998795,2.6648637e-09,7.2142307e-06,2.6758985e-07,1.5233705e-14,3,,,,0.0017846996,Test
2507,1,-0.4518148,-8.888065,-2.3478572,1.0839653,4.997358,0.14233933,-6.8622966,-10.600303,0.004163645,9.0293486e-07,0.00062522024,0.019339912,0.96832085,0.0075424337,6.8459985e-06,1.629452e-07,4,,,,0.24795915,Test
2508,16,0.8702338,-5.7669497,1.223834,4.412606,-2.9578016,0.46998757,-4.593849,-11.68802,0.02654603,3.4794233e-05,0.037806477,0.91713274,0.0005774376,0.017789956,0.00011245498,9.332955e-08,3,,,,0.5436921,Test
2509,1,-4.2728624,-3.6602943,6.631343,-0.5546461,-1.505162,0.18670921,-4.196438,-8.635422,1.8331079e-05,3.3823835e-05,0.9972963,0.00075507286,0.00029186695,0.0015847306,1.9786947e-05,2.3364288e-07,2,,,,0.030999243,Test
2510,1,-1.6225756,-11.694509,-6.5209894,7.5130105,-3.2557142,5.293437,-3.7799382,-18.253374,9.718814e-05,4.1060857e-09,7.2486773e-07,0.9018779,1.8982357e-05,0.09799393,1.1237829e-05,5.8203524e-12,3,,,,0.46456268,Test
2511,1,0.3692626,-4.3756123,-3.1862872,1.2940254,-0.23473315,1.7087282,-2.4598129,-7.9764233,0.1252903,0.0010895432,0.0035790016,0.31589073,0.06848658,0.47823352,0.007400579,2.9746257e-05,5,,,,1.7671083,Test
2512,3,-2.2676582,-5.141554,1.5768874,-0.89158386,3.9127123,0.53725076,-5.211908,-7.0206933,0.0018132007,0.00010240682,0.08474434,0.0071790568,0.87608576,0.029964171,9.544964e-05,1.5639713e-05,4,,,,0.69112,Test
2513,20,1.5814469,-12.558481,-8.245638,13.060533,-7.644679,0.5238221,-2.333616,-20.629812,1.034404e-05,7.4782e-12,5.5826593e-10,0.9999858,1.0182037e-09,3.5922749e-06,2.0625285e-07,2.335945e-15,3,,,,0.0002613726,Test
2514,13,-4.475617,-4.3826327,8.956157,0.4084419,-0.9768295,0.8721749,-6.1091495,-9.0509205,1.4669453e-06,1.6098925e-06,0.999446,0.00019388033,4.8519712e-05,0.00030826963,2.864047e-07,1.511421e-08,2,,,,0.007546982,Test
2515,11,-0.6614463,-3.8945255,-2.1518407,2.7454743,-2.1681168,1.019199,-1.4049286,-6.8962464,0.026663119,0.0010514836,0.0060067684,0.80448467,0.005909791,0.1431548,0.012677121,5.226027e-05,3,,,,0.97248226,Test
2516,1,-1.996702,-4.6968403,-3.7043748,3.971861,-3.835722,1.5888164,0.14862408,-8.141857,0.0022884866,0.00015377768,0.00041487342,0.894669,0.00036380798,0.08255043,0.019554729,4.9061573e-06,3,,,,0.5826493,Test
2517,3,-1.9894522,-3.2663136,5.5460625,0.5656558,-1.1206082,-0.15877937,-4.341541,-7.7112722,0.0005273481,0.0001470834,0.98793846,0.0067883893,0.0012572787,0.003289642,5.01878e-05,1.7264047e-06,2,,,,0.11380236,Test
2518,19,-1.832654,-6.3490753,-2.175117,6.1076307,-4.0891433,-0.17442513,-0.9341911,-9.607827,0.0003549004,3.8783737e-06,0.0002519863,0.99661714,3.7164293e-05,0.0018632286,0.00087157334,1.490705e-07,3,,,,0.03832624,Test
2519,1,-5.082893,-2.9527347,3.598237,-0.8949574,-0.23634702,-3.2635872,-2.0860465,2.9266376,0.00010954112,0.000921919,0.64527345,0.007217291,0.01394457,0.0006756028,0.0021932642,0.3296643,2,,,,1.1101208,Test
2520,20,3.657767,-10.4245825,-7.4690533,11.022977,-6.523366,0.26116687,-3.1311407,-18.728416,0.00063247856,4.8434967e-10,9.305263e-09,0.9993456,2.3957188e-08,2.117975e-05,7.12296e-07,1.1990855e-13,3,,,,0.00800922,Test
2521,13,8.06922,-11.966101,-5.6002264,12.300667,-8.817928,-1.0841594,-5.5293508,-23.94936,0.014323188,2.8497755e-11,1.6575793e-08,0.9856753,6.638111e-10,1.5162734e-06,1.7793273e-08,1.7805218e-16,3,,,,0.108284436,Test
2522,20,-1.30429,-8.064003,-3.7282555,7.7480884,-4.318707,-0.16255258,-1.9545485,-11.230965,0.00011704644,1.3572259e-07,1.0366769e-05,0.99943906,5.74399e-06,0.0003666137,6.1087834e-05,5.7181837e-09,3,,,,0.007652293,Test
2523,3,1.1256943,-3.638923,3.5555775,1.7564199,-3.1425927,-0.039138038,-4.2802405,-10.753764,0.06860813,0.00058496324,0.77922064,0.12891285,0.00096090866,0.021404019,0.0003080405,4.755459e-07,2,,,,1.0648706,Test
2524,20,-0.9271311,-7.0337133,-1.9131964,4.7396865,-2.667987,-1.540161,-2.742893,-6.544481,0.0034320424,7.647121e-06,0.0012802945,0.9922482,0.000601878,0.0018591617,0.00055844116,1.2472937e-05,3,,,,0.081211716,Test
2525,16,5.1154575,-3.231979,-1.210038,2.6276073,-3.1034238,-1.737719,-3.095944,-11.193693,0.9202064,0.00021809187,0.0016472419,0.07645848,0.00024801065,0.00097182597,0.00024987286,7.6017066e-08,0,,,,0.427566,Test
2526,1,0.65857214,-7.911798,-6.6168413,8.782409,-6.7557817,-0.4094715,-0.094101876,-13.297172,0.0002962299,5.6177786e-08,2.0509589e-07,0.99946195,1.7849075e-07,0.00010180835,0.00013955541,2.5746985e-10,3,,,,0.0073954137,Test
2527,1,6.658984,-8.742214,-4.1348987,8.970745,-7.3707128,-0.98467857,-4.3152146,-18.748348,0.09014939,1.8463215e-08,1.8502858e-06,0.9098039,7.276844e-08,4.3187927e-05,1.545002e-06,8.3310263e-13,3,,,,0.43772268,Test
2528,13,-2.4315803,-9.066281,3.8309672,6.3613863,-4.189858,1.6963875,-6.1132164,-17.134344,0.00013936209,1.8311788e-07,0.0731029,0.9180824,2.401786e-05,0.008647655,3.509381e-06,5.738722e-11,3,,,,0.45057648,Test
2529,3,1.9137769,-5.6305666,-0.33815676,4.367694,-1.9827907,-0.22910284,-4.2887635,-10.521947,0.07764452,4.108129e-05,0.008167864,0.90330297,0.0015770771,0.009108988,0.00015717429,3.0856353e-07,3,,,,0.55447173,Test
2530,1,2.9203358,-4.7661247,-4.8205223,5.82233,-5.328203,-1.7462656,-0.9774306,-9.653607,0.051971603,2.3854953e-05,2.2591963e-05,0.946425,1.3597873e-05,0.00048875,0.0010543568,1.7987558e-07,3,,,,0.31364295,Test
2531,1,-4.2290053,-3.5037203,7.1685205,0.15942633,-1.5187428,2.1289783,-5.201792,-9.010805,1.1138702e-05,2.3004968e-05,0.9924694,0.0008968218,0.00016745053,0.0064279386,4.2107454e-06,9.33524e-08,2,,,,0.06942199,Test
2532,3,6.653787,-9.062245,-5.579539,9.650517,-6.889391,-1.0762924,-4.2877197,-18.801079,0.047572758,7.111679e-09,2.3146865e-07,0.9524052,6.246409e-08,2.0903912e-05,8.424076e-07,4.1922862e-13,3,,,,0.2763743,Test
2533,3,-4.700718,-4.5052013,4.4000564,-1.2436795,2.775184,-0.1957051,-4.935527,-2.8716497,9.209244e-05,0.000111978785,0.825354,0.0029214395,0.16254257,0.008331562,7.281958e-05,0.0005735594,2,,,,0.7466199,Test
2534,3,5.371021,-5.2791057,-3.9032063,4.697653,-3.6877534,-2.4123657,-2.5874367,-13.470994,0.6618185,1.5683672e-05,6.2085935e-05,0.33751956,7.7012875e-05,0.00027571298,0.00023143271,4.3426627e-09,0,,,,0.93121225,Test
2535,19,11.312156,-9.709044,-7.3281293,10.545453,-9.373584,-3.0250094,-3.995892,-23.102888,0.6828068,5.0688165e-10,5.481819e-09,0.31719264,7.089168e-10,4.0527166e-07,1.5349596e-07,7.727422e-16,0,,,,0.9013151,Test
2536,1,-3.3557703,-4.381405,-0.610408,0.68275076,0.49010226,2.7956014,-2.4204612,-7.3545513,0.0016880548,0.000605284,0.026283445,0.09578423,0.079000145,0.79230684,0.004301166,3.0955536e-05,5,,,,1.073824,Test
2537,3,3.45404,-7.8131046,-4.8765697,8.591217,-5.891879,0.7725968,-3.3121703,-15.533243,0.0058375597,7.4640155e-08,1.4069979e-06,0.9937541,5.0974177e-07,0.00039966428,6.7251754e-06,3.3125235e-11,3,,,,0.05696699,Test
2538,20,-0.6674407,-4.1654,0.7746595,2.6267855,-1.1154726,0.50941145,-3.1870115,-8.634079,0.027639393,0.00083634205,0.11690273,0.7450626,0.017658375,0.08966624,0.0022248093,9.5865325e-06,3,,,,1.2645487,Test
2539,13,3.0284195,-8.378469,-0.9687245,8.050534,-5.689204,0.34162575,-4.965405,-16.483582,0.0065436964,7.275683e-08,0.000120194796,0.9928871,1.0710438e-06,0.0004456187,2.2087627e-06,2.1971978e-11,3,,,,0.06429434,Test
2540,20,-0.40022415,-12.794508,-8.0597515,12.759805,-7.1122384,0.94160706,-1.9940373,-19.71265,1.9260522e-06,7.97808e-12,9.081906e-10,0.99999034,2.3424855e-09,7.36916e-06,3.9127625e-07,7.895656e-15,3,,,,0.00018456625,Test
2541,20,9.945021,-5.8407664,-2.712231,5.412184,-7.11913,-3.6399379,-3.3077147,-17.632063,0.98935807,1.3793455e-07,3.1504972e-06,0.010635734,3.8413734e-08,1.245893e-06,1.7368558e-06,1.044187e-12,0,,,,0.08510714,Test
2542,11,0.2849922,-5.5897546,4.4510264,3.624731,-3.366701,0.3877898,-5.476896,-12.623879,0.010547273,2.963262e-05,0.67986995,0.2975571,0.00027367185,0.0116891945,3.3172942e-05,2.6114916e-08,2,,,,1.0472912,Test
2543,20,1.2945356,-6.8725567,-2.7369442,5.6129813,-3.253889,1.8487108,-3.5895624,-13.323041,0.012845456,3.64608e-06,0.00022798164,0.96433216,0.0001359545,0.022357577,9.718806e-05,5.7599254e-09,3,,,,0.25968653,Test
2544,1,1.9439391,-8.666353,-5.773672,8.636196,-5.002319,0.38142335,-2.679402,-15.026559,0.0012386042,3.0545067e-08,5.510824e-07,0.99848783,1.1918202e-06,0.0002596213,1.2163003e-05,5.281281e-11,3,,,,0.017467925,Test
2545,19,-5.663491,-4.64799,8.368743,0.3909363,-0.3282233,1.7542287,-5.8026404,-8.674624,8.036621e-07,2.218707e-06,0.9981489,0.000342356,0.00016678267,0.0013382839,6.9926523e-07,3.9568985e-08,2,,,,0.02155027,Test
2546,3,9.380528,-9.587979,-7.7043724,10.8423605,-9.191076,-2.7511482,-3.1170218,-20.54805,0.18818696,1.0881062e-09,7.1566695e-09,0.8118113,1.6182456e-09,1.0136063e-06,7.030278e-07,1.8913533e-14,3,,,,0.6977,Test
2547,1,-2.5706728,-6.642522,-1.6020333,-0.42920932,4.104186,2.6426933,-4.5966187,-8.722416,0.0010118952,1.7248609e-05,0.0026656955,0.008613139,0.80165964,0.18589674,0.0001334377,2.1551007e-06,4,,,,0.8009035,Test
2548,1,4.2312756,-7.165806,-5.2714787,6.451793,-2.5377557,-0.89207155,-3.69255,-14.05983,0.097850695,1.0986874e-06,7.304155e-06,0.9014102,0.00011241159,0.0005828039,3.542339e-05,1.113878e-09,3,,,,0.47150815,Test
2549,3,0.2181699,-3.175715,-1.2969227,2.0592344,-1.3694172,1.067134,-2.4901938,-7.946746,0.09837501,0.0033032345,0.02162163,0.6200817,0.020109648,0.22992449,0.00655628,2.7983808e-05,3,,,,1.552399,Test
2550,20,6.8113227,-9.750656,-5.860058,10.312587,-7.388733,-1.146845,-4.211318,-20.31749,0.029275965,1.8781694e-09,9.191792e-08,0.97071314,1.9929896e-08,1.0240543e-05,4.7801245e-07,4.837459e-14,3,,,,0.19094542,Test
2551,1,2.4468796,-2.8522968,0.35121912,1.5226989,-1.7514079,-1.2707784,-3.0272443,-8.194189,0.63760424,0.0031852843,0.0784183,0.25303733,0.009577631,0.01548791,0.002674049,1.5247333e-05,0,,,,1.4105171,Test
2552,13,2.7781537,-10.593947,-7.276489,11.448369,-7.252171,-0.847283,-2.0812504,-17.90129,0.00017159164,2.6734162e-10,7.3759967e-09,0.99982256,7.557556e-09,4.5707657e-06,1.3307117e-06,1.7927841e-13,3,,,,0.002510007,Test
2553,1,-3.4743373,-6.237307,2.1393635,4.530485,-4.078676,1.5418155,-3.2611475,-12.638892,0.00029212402,1.8434235e-05,0.08008786,0.8750193,0.000159627,0.044061057,0.00036153852,3.0581038e-08,3,,,,0.6685762,Test
2554,20,8.323468,-10.021341,-6.6662955,10.6877,-7.570673,-1.2497636,-4.8153186,-21.556278,0.08594063,9.271478e-10,2.6559913e-08,0.9140532,1.0751294e-08,5.9785634e-06,1.6908136e-07,9.069612e-15,3,,,,0.4228896,Test
2555,3,-2.8386445,-3.6551843,7.8355083,-0.06873429,-0.59650034,0.0077901,-5.5875335,-8.72561,2.3111686e-05,1.0214401e-05,0.9989807,0.0003687977,0.0002175616,0.00039812757,1.4791217e-06,6.414377e-08,2,,,,0.013374911,Test
2556,3,0.79262084,-4.832501,-0.546509,-0.88522935,3.5279622,-1.4323635,-4.8651276,-8.803573,0.058895983,0.0002123862,0.015435079,0.011000298,0.9078818,0.006364836,0.00020556868,4.0041614e-06,4,,,,0.58328146,Test
2557,13,-7.9636955,-4.2544165,9.535064,-0.42704925,-0.47764257,-0.67643726,-4.9025283,-5.134648,2.5137853e-08,1.0262378e-06,0.9998692,4.7146812e-05,4.4820834e-05,3.674046e-05,5.367559e-07,4.2556726e-07,2,,,,0.0020962353,Test
2558,11,-0.95935076,-6.5660834,0.21590114,5.2694707,-2.5332386,-0.8067909,-3.467684,-11.461573,0.0019498749,7.161988e-06,0.0063155615,0.98889333,0.0004040878,0.0022712378,0.00015872717,5.357348e-08,3,,,,0.10626397,Test
2559,3,-3.4919002,-4.195132,1.9859709,-1.32179,2.4531722,2.407787,-4.4188757,-5.948378,0.0010031475,0.0004965409,0.24008986,0.008786816,0.38306883,0.36607182,0.00039699438,8.600622e-05,4,,,,1.6363204,Test
2560,3,5.7865148,-7.429173,-5.2919946,7.308341,-5.5731373,0.46808773,-4.176266,-17.050468,0.17903309,3.261616e-07,2.7643791e-06,0.82007587,2.0868877e-06,0.0008773437,8.4363055e-06,2.1625047e-11,3,,,,0.688137,Test
2561,8,0.6984172,-4.4323654,-0.7899503,1.9143548,-1.0599867,-2.310068,-2.8671463,-5.391064,0.20587394,0.0012171126,0.046474155,0.6945065,0.035476133,0.010163259,0.005822331,0.00046663056,3,,,,1.3388051,Test
2562,11,-6.0097246,-1.5841246,6.853604,-1.2052453,-2.9697635,-2.3087485,-0.64080733,-6.4039855,2.5881154e-06,0.0002162705,0.99874914,0.0003158949,5.4103115e-05,0.00010478455,0.0005554885,1.7448517e-06,2,,,,0.016350437,Test
2563,19,-0.25958613,-7.8683767,0.85108614,6.526939,-4.297055,1.1790314,-4.7043633,-15.307922,0.001118429,5.5482104e-07,0.0033959972,0.9907381,1.9731411e-05,0.0047140275,1.3130047e-05,3.2598596e-10,3,,,,0.089085914,Test
2564,1,0.14757304,-5.646171,-1.6202462,0.8977886,3.435652,-0.47507018,-4.927736,-8.54468,0.03265253,9.9477686e-05,0.005573946,0.0691403,0.87480533,0.01751888,0.00020405072,5.4817547e-06,4,,,,0.7443659,Test
2565,1,-6.668952,-13.9064245,0.28859034,-4.579406,14.357064,1.1762501,-11.604968,-14.538861,7.387815e-10,5.312777e-13,7.764943e-07,5.9702754e-09,0.99999726,1.8864449e-06,5.306784e-12,2.822655e-13,4,,,,5.568793e-05,Test
2566,19,-6.681206,-5.9688067,9.7330475,1.0429628,-0.83965075,1.7578961,-6.857218,-11.580428,7.432703e-08,1.5154359e-07,0.9994623,0.00016815534,2.5591855e-05,0.00034371787,6.233124e-08,5.5391247e-10,2,,,,0.007236073,Test
2567,1,4.557636,-5.658325,-5.10876,5.935748,-4.736282,-0.73441684,-2.5573313,-12.963251,0.201068,7.3554197e-06,1.2743262e-05,0.7977182,1.8494646e-05,0.0010116578,0.00016343764,4.94446e-09,3,,,,0.73816,Test
2568,19,3.0848446,-11.581996,-4.1138577,11.345955,-6.36504,-0.04546966,-5.039261,-20.506725,0.0002583022,1.10255374e-10,1.9309526e-07,0.99973005,2.0328038e-08,1.1288859e-05,7.653744e-08,1.4670318e-14,3,,,,0.003660099,Test
2569,20,3.0262015,-9.9500475,-5.857819,10.164999,-6.1521726,0.10496622,-3.0926642,-17.409838,0.0007930409,1.8356163e-09,1.0990432e-07,0.9991623,8.188016e-08,4.2718824e-05,1.7454437e-06,1.0569066e-12,3,,,,0.01003455,Test
2570,1,0.5922106,-7.529712,-4.034073,6.7466993,-3.6861427,-1.1289908,-2.3163543,-10.743817,0.0021182701,6.290355e-07,2.0740148e-05,0.99733657,2.9370809e-05,0.000378855,0.00011556006,2.5281736e-08,3,,,,0.029249726,Test
2571,20,2.3795087,-12.628898,-8.299717,12.214379,-5.8172464,1.9164962,-4.299674,-20.56465,5.3546628e-05,1.6242915e-11,1.2325475e-09,0.9999126,1.4754567e-08,3.3701424e-05,6.7297634e-08,5.8104567e-15,3,,,,0.0013884573,Test
2572,19,-3.2243547,-5.844246,0.51743376,3.913582,-1.7172064,3.5121098,-3.7091591,-10.573256,0.00046516367,3.386893e-05,0.019617507,0.58556116,0.0020996744,0.39193588,0.00028645594,2.9923936e-07,3,,,,1.1207167,Test
2573,20,4.4228697,-13.18206,-10.116582,14.024008,-8.851948,0.23780037,-2.96459,-22.571232,6.764704e-05,1.5294135e-12,3.279781e-11,0.9999312,1.1616327e-10,1.0296661e-06,4.187124e-08,1.2789699e-16,3,,,,0.001057676,Test
2574,1,-1.5024904,-4.6198196,-2.0855563,4.9064264,-4.526219,-0.67892283,0.06861295,-7.4434724,0.0016234298,7.187778e-05,0.00090617355,0.98580444,7.893048e-05,0.0036991718,0.0078118723,4.2687197e-06,3,,,,0.13124686,Test
2575,13,5.0090194,-7.723378,-5.531602,8.834232,-6.5156345,-0.8602883,-2.9246511,-15.207023,0.021346638,6.3055055e-08,5.644115e-07,0.9785846,2.1097738e-07,6.0300572e-05,7.652092e-06,3.5449782e-11,3,,,,0.1500265,Test
2576,13,-1.8187615,-8.330337,1.8442647,6.1403217,-4.0186706,1.3226912,-4.8097844,-16.084768,0.00034191224,5.081283e-07,0.01332744,0.97836405,3.7888374e-05,0.007910975,1.7176315e-05,2.1790467e-10,3,,,,0.17390625,Test
2577,19,12.256149,-15.15171,-11.043696,16.80231,-12.137629,-2.2756877,-5.4325294,-29.985006,0.010496498,1.31208554e-14,7.9808577e-13,0.9895035,2.6727681e-13,5.127995e-09,2.1824728e-10,4.7418133e-21,3,,,,0.08406707,Test
2578,13,7.364585,-15.150774,-11.766609,16.657587,-9.852847,-0.16398852,-4.647849,-27.081118,9.205778e-05,1.5337846e-14,4.5236444e-13,0.999908,3.0663744e-12,4.948149e-08,5.586337e-10,1.01037346e-19,3,,,,0.0013682107,Test
2579,3,4.5283837,-5.256024,-1.3770561,4.9209423,-4.3017077,-0.9534115,-3.6437826,-13.433952,0.40190732,2.2636634e-05,0.0010950299,0.5951301,5.8784884e-05,0.0016726783,0.00011350085,6.355979e-09,3,,,,1.0029827,Test
2580,1,1.3583405,-5.568466,-2.0164201,5.1679378,-3.123142,-0.4136428,-2.822643,-10.583867,0.021568427,2.1161399e-05,0.00073820783,0.9734318,0.00024408185,0.0036665355,0.00032964043,1.404054e-07,3,,,,0.20161699,Test
2581,11,-3.8040414,-4.079826,6.031375,0.400353,0.5095793,-0.2267298,-4.767206,-6.7354417,5.30123e-05,4.0235125e-05,0.99047583,0.0035507665,0.003960577,0.0018966339,2.0233903e-05,2.8267386e-06,2,,,,0.09303365,Test
2582,16,-18.4363,-11.833294,25.286001,-3.9437985,3.291483,-3.6325898,-13.743748,-9.859589,1.027178e-19,7.573486e-17,1.0,2.0214336e-13,2.804801e-10,2.7594067e-13,1.1209758e-17,5.45084e-16,2,,,,8.92009e-09,Test
2583,7,-4.790251,-5.6676273,6.3960743,-1.3054502,4.722347,-1.4714099,-6.9408865,-5.60703,1.1664732e-05,4.851041e-06,0.841461,0.00038045587,0.1578132,0.0003222768,1.3578929e-06,5.154091e-06,2,,,,0.638373,Test
2584,19,-8.102982,-4.7964835,15.895599,-1.353554,-1.7419907,1.4618739,-10.025076,-17.363976,3.7804933e-11,1.0316731e-09,0.9999994,3.2269167e-08,2.188223e-08,5.389053e-07,5.5308705e-12,3.593767e-15,2,,,,1.34739375e-05,Test
2585,16,-2.112227,-7.2952046,8.314215,3.27983,-2.8369277,0.4881665,-7.559228,-15.476911,2.9433684e-05,1.6516043e-07,0.9930943,0.006465245,1.4259721e-05,0.00039644312,1.2683583e-07,4.6199326e-11,2,,,,0.06210981,Test
2586,3,-1.814281,-10.555192,-6.0032673,10.36967,-5.408037,0.37577945,-1.7252055,-15.260652,5.111554e-06,8.173787e-10,7.749961e-08,0.9999434,1.405414e-07,4.567555e-05,5.587761e-06,7.393809e-12,3,,,,0.0009325706,Test
2587,1,-5.9345856,-5.151067,9.453347,-0.4317438,1.5768193,-0.015208501,-6.861494,-7.5121293,2.0743636e-07,4.5411178e-07,0.9994917,5.090246e-05,0.0003793557,7.7203644e-05,8.2098126e-08,4.2831783e-08,2,,,,0.0068419185,Test
2588,3,3.0960758,-5.047454,-0.80817604,4.548578,-4.1794405,-0.5517963,-3.3100715,-12.059568,0.18787698,5.4598888e-05,0.0037868542,0.8029476,0.00013006403,0.004893536,0.00031025527,4.9188177e-08,3,,,,0.7815075,Test
2589,3,-4.853131,-4.0999293,7.993001,0.25515276,-0.5192762,1.3625708,-5.780804,-8.490971,2.6311322e-06,5.5879736e-06,0.9980379,0.00043515323,0.00020059118,0.0013170061,1.0405412e-06,6.922286e-08,2,,,,0.022921331,Test
2590,1,3.5520248,-4.8295784,-3.9053617,1.4595575,0.86557966,-0.33393478,-4.0133567,-11.270561,0.8241592,0.00018876744,0.00047567388,0.10168669,0.056143925,0.016918438,0.00042698014,3.0105357e-07,0,,,,0.9104903,Test
2591,20,4.5124617,-10.796238,-8.486242,11.4541645,-7.3473315,-0.49183077,-2.7364862,-19.046038,0.0009656819,2.1694535e-10,2.18559e-09,0.99902725,6.826391e-09,6.4788437e-06,6.8652434e-07,5.669018e-14,3,,,,0.011201275,Test
2592,19,-7.6724863,-4.4491506,10.437021,-0.9310608,-0.025942126,1.7766807,-6.3686423,-7.9442816,1.3647324e-08,3.4270866e-07,0.9997862,1.1556115e-05,2.8569326e-05,0.00017328824,5.0268966e-08,1.0399421e-08,2,,,,0.0031035764,Test
2593,20,-0.038629312,-5.014423,-2.0163667,4.381475,-3.407937,1.803548,-2.351994,-10.362671,0.0110261,7.611362e-05,0.0015258144,0.9163238,0.00037944628,0.0695776,0.0010907884,3.6203252e-07,3,,,,0.4851363,Test
2594,20,12.243744,-14.938812,-10.999254,16.45463,-12.011332,-2.308762,-5.568683,-29.975151,0.014616411,2.2887935e-14,1.1763456e-12,0.98538357,4.275583e-13,6.9946813e-09,2.6853553e-10,6.7516275e-21,3,,,,0.110037915,Test
2595,3,5.390186,-9.654297,-7.2113657,10.674205,-7.2219734,-0.1339292,-3.5779681,-18.514763,0.0050463043,1.4765128e-09,1.6989837e-08,0.99493283,1.681055e-08,2.0131714e-05,6.429155e-07,2.0950083e-13,3,,,,0.04612606,Test
2596,3,-6.4269514,-4.577965,9.036782,-0.10844676,0.26396477,-1.1993343,-5.447886,-5.985745,1.9233383e-07,1.2219695e-06,0.9997004,0.00010669578,0.00015484015,3.5841073e-05,5.119861e-07,2.989985e-07,2,,,,0.00437447,Test
2597,1,1.7634085,-3.962008,-3.6478815,4.3166904,-3.9509647,-1.1701508,-0.91729337,-8.16894,0.07152053,0.00023329964,0.00031940173,0.9189818,0.00023589014,0.003805415,0.0049002306,3.474295e-06,3,,,,0.461803,Test
2598,1,8.96277,-14.312789,-12.121905,16.045244,-10.186524,-0.6024253,-4.810601,-27.177525,0.00083898887,6.535963e-14,5.845185e-13,0.999161,4.0487665e-12,5.883622e-08,8.7509755e-10,1.6913158e-19,3,,,,0.009785195,Test
2599,20,1.8469338,-8.662613,-6.4762497,8.491643,-5.4922156,1.7391264,-2.634558,-15.979752,0.0012976623,3.5393533e-08,3.1510046e-07,0.99752134,8.4296545e-07,0.0011650416,1.4685023e-05,2.3503418e-11,3,,,,0.027630104,Test
2600,19,-6.269176,-6.535425,8.112494,-1.8375938,5.1792245,0.6860413,-8.39017,-7.80814,5.386842e-07,4.1276562e-07,0.94888633,4.528409e-05,0.050502308,0.0005648675,6.4594865e-08,1.15603385e-07,2,,,,0.2961353,Test
2601,1,-1.6355277,-9.789748,-6.4644275,9.545655,-6.6091514,-0.5399764,-0.2943911,-12.91594,1.393242e-05,4.0058397e-09,1.113941e-07,0.9998908,9.6384994e-08,4.1669522e-05,5.3269046e-05,1.7579463e-10,3,,,,0.0017495832,Test
2602,20,0.7132832,-8.102791,8.150562,3.5718498,-4.0232296,-0.26215452,-8.499364,-19.074492,0.0005824295,8.639152e-08,0.98903733,0.010155543,5.1074257e-06,0.00021959182,5.8108817e-08,1.4843013e-12,2,,,,0.09199522,Test
2603,7,-4.9605455,-5.744096,7.21478,-1.2938411,4.508404,-0.6042207,-7.5237374,-6.683688,4.8305865e-06,2.2065224e-06,0.9368639,0.00018898584,0.06256224,0.00037664102,3.7223703e-07,8.6228044e-07,2,,,,0.3450812,Test
2604,3,-0.32281557,-3.7728152,3.45258,-1.155302,3.2243974,-1.8207358,-5.3175716,-6.707019,0.01249532,0.00039667205,0.5449804,0.0054350453,0.43379292,0.0027938872,8.463552e-05,2.1092252e-05,2,,,,1.1494874,Test
2605,1,8.597136,-6.5143385,-7.4348073,6.138999,-5.097042,-2.064364,-3.391123,-17.791952,0.92112803,2.5205205e-07,1.00400506e-07,0.07884331,1.0399542e-06,2.1581905e-05,5.726451e-06,3.1892228e-12,0,,,,0.39859104,Test
2606,1,6.740453,-4.521692,-3.5952914,3.91053,-3.2560859,-2.5757568,-3.3302586,-13.563618,0.9440727,1.2131609e-05,3.0637188e-05,0.055716734,4.300947e-05,8.492331e-05,3.993477e-05,1.4356881e-09,0,,,,0.31350175,Test
2607,20,-3.405228,-8.32749,10.476612,3.9219449,-3.3570879,2.006284,-8.733416,-17.817951,9.3429526e-07,6.8041333e-09,0.9983677,0.0014211327,9.80372e-07,0.00020925395,4.534e-09,5.1418315e-13,2,,,,0.01839144,Test
2608,3,4.99465,-5.7481046,-3.7607896,5.9264107,-5.122915,-1.4885488,-2.8575172,-13.581581,0.28239706,6.1001624e-06,4.450625e-05,0.7169993,1.1398755e-05,0.00043176036,0.000109826535,2.4171607e-09,3,,,,0.8664847,Test
2609,20,5.459479,-11.615805,-8.799364,12.253354,-7.998675,-1.0598943,-2.9456549,-20.384783,0.0011193611,4.2980196e-11,7.185103e-10,0.99887866,1.6001773e-09,1.6506018e-06,2.5041885e-07,6.682663e-15,3,,,,0.012627249,Test
2610,16,-6.001695,-2.7818868,1.1334286,0.4813866,-3.3979568,-2.0685499,1.5443218,-1.7045838,0.00025210803,0.0063085794,0.3164692,0.1648744,0.0034070276,0.012874485,0.47728753,0.01852671,6,,,,1.7278589,Test
2611,1,-1.1578399,-3.0648103,-1.5892355,2.39161,-2.3886929,0.079423115,-1.0645088,-4.783699,0.024122562,0.003582918,0.015670063,0.8393246,0.0070448336,0.08313043,0.026482362,0.0006422924,3,,,,0.95900834,Test
2612,3,-3.4057193,-4.2544394,2.706067,0.85062057,-1.2236708,3.5510864,-3.9922242,-9.348241,0.0006317839,0.00027037974,0.28502545,0.044573165,0.005600414,0.6635458,0.00035144124,1.6586863e-06,5,,,,1.1646826,Test
2613,3,2.5699275,-8.238066,-5.162593,8.271695,-4.5676327,1.1800051,-3.7442725,-15.334113,0.003326144,6.7311454e-08,1.4579756e-06,0.99583507,2.64325e-06,0.0008285249,6.0217e-06,5.5759022e-11,3,,,,0.042041738,Test
2614,19,5.9472485,-7.58366,-2.6387477,7.187994,-5.683477,-1.2619164,-4.1174307,-17.246866,0.22425698,2.9808973e-07,4.1869233e-05,0.7755234,1.993361e-06,0.00016589968,9.543582e-06,1.895265e-11,3,,,,0.7709966,Test
2615,1,7.5367117,-10.405233,-9.512684,12.072785,-8.561998,-1.2697104,-3.1137288,-20.182028,0.010601776,1.7111594e-10,4.17754e-10,0.9893965,1.0809292e-09,1.5878081e-06,2.5116043e-07,9.7114165e-15,3,,,,0.0847954,Test
2616,11,-0.069772854,-5.788597,-1.5272179,4.7959948,-4.2709174,0.8811483,-2.4829547,-12.248229,0.0074794763,2.4559375e-05,0.0017414491,0.9706153,0.00011203079,0.019357575,0.000669637,3.8444554e-08,3,,,,0.2296232,Test
2617,1,-4.113537,-3.726841,6.108401,1.5372691,-1.7583426,1.584454,-4.4759245,-8.066191,3.5591747e-05,5.2394924e-05,0.97876906,0.010126583,0.00037514305,0.010615859,2.4772278e-05,6.8349215e-07,2,,,,0.17294648,Test
2618,1,10.556211,-15.9066515,-13.258989,18.016603,-11.788323,-1.3740555,-4.893504,-29.598812,0.00057509966,1.8495553e-15,2.6117571e-14,0.99942493,1.13667024e-13,3.7887316e-09,1.1220631e-10,2.0923633e-21,3,,,,0.0070198304,Test
2619,1,1.7040843,-5.650912,-4.654647,2.9976213,-1.1607419,2.128467,-2.6840608,-11.340122,0.16010003,0.00010236636,0.00027722312,0.58367,0.009124585,0.24473636,0.001989043,3.4622974e-07,3,,,,1.4578209,Test
2620,3,1.1063424,-3.3852506,1.0386487,2.652086,-3.2368937,0.53132325,-3.266025,-9.92963,0.13839807,0.001550444,0.12933946,0.64928883,0.0017984007,0.07787577,0.0017467673,2.2298102e-06,3,,,,1.5147715,Test
2621,1,2.1284108,-8.379357,-2.6355667,8.11814,-5.605706,-0.54198486,-4.213473,-16.071548,0.0024975867,6.8242485e-08,2.1308428e-05,0.99730265,1.0930403e-06,0.00017289504,4.3982027e-06,3.1144275e-11,3,,,,0.028071472,Test
2622,16,-6.6399055,-3.9550228,6.522191,-1.4818604,0.8627003,-2.531868,-4.167729,1.1527396,1.9056189e-06,2.7929655e-05,0.99142927,0.00033124283,0.0034544286,0.000115913455,2.2578146e-05,0.004616773,2,,,,0.08253276,Test
2623,1,-1.0597845,-4.8857646,-3.3866699,4.3274813,-3.5229528,0.9161551,-0.7983389,-7.8713784,0.004379766,9.546607e-05,0.00042746178,0.95743805,0.00037300133,0.031592976,0.0056884675,4.8218426e-06,3,,,,0.30467603,Test
2624,20,-1.9476056,-12.455537,-7.5909886,12.017347,-6.2601137,2.0556266,-1.8365599,-18.6558,8.611463e-07,2.352555e-11,3.0492064e-09,0.999951,1.1539256e-08,4.71692e-05,9.622836e-07,4.7730957e-14,3,,,,0.0007855635,Test
2625,20,6.915129,-12.277398,-6.6771126,12.294799,-7.827725,-0.007382322,-5.760955,-23.5876,0.0045881756,2.120466e-11,5.7359317e-09,0.99540734,1.815096e-09,4.5209677e-06,1.4337936e-08,2.5970022e-16,3,,,,0.042331908,Test
2626,1,-2.0970368,-14.039936,-9.591508,7.95117,-2.8871849,9.048153,-4.2828817,-22.947931,1.0828859e-05,7.0444525e-11,6.022481e-09,0.25030136,4.91389e-06,0.74968165,1.2169762e-06,9.5313424e-15,5,,,,0.8120622,Test
2627,3,9.025536,-14.068596,-11.362895,15.494373,-10.02839,-0.49240023,-4.8739552,-26.954746,0.0015486252,1.4464135e-13,2.164527e-12,0.99845123,8.22114e-12,1.138569e-07,1.4238832e-09,3.6636034e-19,3,,,,0.016691437,Test
2628,1,-2.1186168,-6.5263443,-2.0951037,1.1015298,2.6693752,2.2048848,-4.3542724,-8.282508,0.004490563,5.470777e-05,0.0045974026,0.11240684,0.53913724,0.33882365,0.0004801402,9.4483685e-06,4,,,,1.4409435,Test
2629,1,-2.3973126,-2.4956155,0.5642758,1.2553272,-2.1257946,-3.0310726,-0.5352429,-0.36289656,0.013203277,0.011967113,0.25520155,0.5093345,0.017322099,0.007005567,0.08499011,0.10097583,3,,,,1.9451879,Test
2630,16,-12.477375,-8.591241,19.912762,-2.9668398,3.240137,-1.7127526,-12.296295,-11.020018,8.573188e-15,4.1770472e-13,1.0,1.157486e-10,5.7434274e-08,4.0565626e-10,1.0275059e-14,3.6818378e-14,2,,,,1.3979926e-06,Test
2631,3,-1.1877056,-3.0016134,3.0370023,0.10143338,1.03188,-0.9807758,-3.8638,-4.930058,0.011951262,0.0019482457,0.81692314,0.04337902,0.10999367,0.014698818,0.00082262274,0.0002832246,2,,,,0.98009235,Test
2632,19,-6.9948745,-5.696737,9.657608,-0.1884427,1.7314523,0.6516716,-7.121024,-6.7627525,5.857136e-08,2.1451584e-07,0.99946314,5.292751e-05,0.00036097836,0.00012261348,5.162963e-08,7.387454e-08,2,,,,0.0072567803,Test
2633,3,4.6752424,-6.122303,-4.342648,3.9048407,-0.5412966,-1.3590753,-4.1547055,-13.652209,0.6798391,1.3902462e-05,8.241113e-05,0.31464797,0.003688859,0.0016283026,9.945079e-05,7.462683e-09,0,,,,0.95094496,Test
2634,16,-8.223214,-7.1713667,17.623917,-2.213453,1.5007192,-0.35177207,-10.853763,-15.19518,5.952975e-12,1.7042952e-11,0.9999999,2.4251559e-09,9.9491096e-08,1.5604773e-08,4.2884522e-13,5.582745e-15,2,,,,2.9611717e-06,Test
2635,1,-2.1893106,-5.4336896,3.0125227,0.19907662,2.868245,0.34000188,-6.0792117,-8.69806,0.0027524529,0.00010732571,0.49985883,0.02999047,0.43270138,0.034529183,5.628044e-05,4.1020967e-06,2,,,,1.3681067,Test
2636,3,2.807361,-3.6454089,0.06494738,2.884226,-2.8589761,-0.772585,-3.344831,-10.049443,0.45885104,0.0007232183,0.02955675,0.49551165,0.0015878623,0.012791486,0.0009768067,1.1968308e-06,3,,,,1.280364,Test
2637,13,-1.9257777,-7.548598,-5.184272,7.8639555,-5.603349,-1.086906,0.4556345,-11.356276,5.5979322e-05,2.023334e-07,2.1521944e-06,0.99920505,1.4153984e-06,0.00012952246,0.0006057058,4.491741e-09,3,,,,0.010156913,Test
2638,11,-6.8357134,-4.6651697,10.640034,-0.62308013,0.1430802,0.75104016,-6.665932,-8.151212,2.5724098e-08,2.2542126e-07,0.99990857,1.283666e-05,2.7617929e-05,5.0725354e-05,3.0484212e-08,6.902819e-09,2,,,,0.0014890088,Test
2639,20,3.4471307,-8.839771,-2.831493,8.469843,-5.476508,-0.20527993,-4.5060005,-16.514656,0.0065423264,3.0171613e-08,1.22732745e-05,0.99327254,8.714553e-07,0.00016963297,2.300018e-06,1.4010008e-11,3,,,,0.059530247,Test
2640,1,-0.93526363,-2.5887513,-1.0470417,1.4245205,-2.4115152,0.07701054,-0.45176354,-5.5797606,0.057850316,0.011071467,0.051732227,0.61255765,0.0132183675,0.15919553,0.09381822,0.00055619405,3,,,,1.7948103,Test
2641,3,6.900657,-8.459424,-4.612837,8.785172,-7.0056252,-1.2386706,-4.246738,-18.688334,0.13186559,2.8140574e-08,1.3179064e-06,0.8680926,1.2042302e-07,3.848278e-05,1.9005508e-06,1.0161869e-12,3,,,,0.56321394,Test
2642,20,-2.530956,-2.342968,5.238363,-0.2694044,-0.68237543,-0.38216966,-3.8556437,-5.548888,0.00041772792,0.00050412194,0.98870265,0.0040093395,0.0026529054,0.0035817844,0.00011106797,2.0427833e-05,2,,,,0.111925215,Test
2643,20,2.49337,-8.476549,-5.1123714,7.282712,-3.0924602,0.24712922,-3.4279897,-16.118624,0.008241648,1.4185305e-07,4.100931e-06,0.9908292,3.0911426e-05,0.00087193504,2.2100396e-05,6.806556e-11,3,,,,0.079969056,Test
2644,1,-1.6472402,-2.9939048,1.2379645,-1.4560935,2.7119784,-0.33778954,-3.6713002,-3.9561982,0.009755183,0.0025373856,0.17468832,0.011809988,0.76281637,0.03613455,0.0012888347,0.00096932106,4,,,,1.0955125,Test
2645,20,-10.668916,-6.743352,17.040344,-1.1913655,-0.016721169,1.3323755,-9.725468,-13.604445,9.247443e-13,4.686756e-11,0.9999999,1.2080049e-08,3.9103025e-08,1.507009e-07,2.3755028e-12,4.9106213e-14,2,,,,5.0408503e-06,Test
2646,19,-5.372765,-3.6139789,4.3805537,1.4546652,-1.9288411,1.7706606,-2.7370186,-6.652616,5.1408133e-05,0.00029844407,0.88479847,0.047440268,0.0016095667,0.06507021,0.000717335,1.4295509e-05,2,,,,0.6482501,Test
2647,20,-1.6499422,-2.5157833,0.6953024,1.280468,-1.7579914,-1.7247471,-1.5124965,-2.4065542,0.029382434,0.012361119,0.30662996,0.5504891,0.026373189,0.027264679,0.033711627,0.013787813,3,,,,1.7549913,Test
2648,19,-6.7303605,-5.259435,12.590352,-0.2784686,-1.3110906,1.5149422,-7.5391965,-13.138962,4.0654875e-09,1.7698149e-08,0.9999809,2.577117e-06,9.1763917e-07,1.548825e-05,1.8106715e-09,6.697197e-12,2,,,,0.00034169544,Test
2649,1,-1.9607934,-4.4515405,-4.1142716,2.3518972,-3.116273,3.4059584,-0.14551309,-8.591111,0.003373079,0.0002794529,0.00039154585,0.2517701,0.0010622046,0.722399,0.02072014,4.4516e-06,5,,,,1.0017639,Test
2650,1,1.3596843,-8.023906,-4.7960525,7.570198,-4.7988696,0.41560602,-3.0651636,-12.8542795,0.0020025542,1.6840029e-07,4.2479705e-06,0.99718577,4.2360202e-06,0.00077906955,2.3982651e-05,1.3444312e-09,3,,,,0.030573104,Test
2651,20,4.5304785,-6.3645015,-5.263826,6.989933,-5.0243335,-0.53077567,-3.1271727,-14.599974,0.07870679,1.4600989e-06,4.389344e-06,0.92074573,5.5771184e-06,0.0004988127,3.7182333e-05,3.870458e-10,3,,,,0.40455332,Test
2652,1,-4.9568744,-2.9523509,5.2036734,-0.6972435,-0.95246977,0.58690673,-3.070111,-5.0963554,3.8081304e-05,0.00028266056,0.98487574,0.0026955397,0.002088346,0.009735209,0.00025125945,3.3123466e-05,2,,,,0.13569939,Test
2653,11,-2.0880823,-3.9251559,-1.0459799,3.1890783,-3.4902427,1.1081069,-0.7397018,-7.618374,0.004379281,0.00069754454,0.01241601,0.8575205,0.0010775864,0.1070262,0.016865415,1.7363116e-05,3,,,,0.7656807,Test
2654,16,-3.970802,-3.0015836,4.1647787,0.08986271,-0.8153156,-0.8082825,-2.9877112,-3.21382,0.00028349916,0.00074727106,0.9678092,0.016446605,0.0066521526,0.006699105,0.0007577099,0.000604373,2,,,,0.26505587,Test
2655,1,-6.9344873,-4.9463906,13.030007,-1.0022712,-0.47408792,0.122232005,-7.8188524,-10.718853,2.13564e-09,1.5593633e-08,0.99999535,8.0511336e-07,1.36535e-06,2.4786918e-06,8.819688e-10,4.852878e-11,2,,,,9.6258715e-05,Test
2656,1,2.0136166,-4.1918693,-2.0391536,0.9344883,1.6674409,-0.82270944,-4.158581,-9.1368885,0.47005427,0.0009487237,0.008166807,0.15976754,0.33251086,0.027564317,0.0009808368,6.753753e-06,0,,,,1.6817787,Test
2657,17,7.730652,-7.393514,-3.5766861,7.6128726,-7.0121284,-1.7263927,-4.078068,-17.78757,0.52938324,1.4303033e-07,6.5021322e-06,0.47056466,2.094411e-07,4.1364514e-05,3.9382962e-06,4.3787166e-12,0,,,,0.99831885,Test
2658,1,-0.6995541,-5.499368,-3.0354338,3.3024373,-1.7240877,2.3443303,-2.4337242,-9.696314,0.012930894,0.000106437765,0.0012507453,0.70741016,0.004641723,0.27137554,0.0022829066,1.6009789e-06,3,,,,1.014521,Test
2659,1,-0.5594243,-2.5635536,0.58121425,1.7654383,-2.1351936,-1.2448254,-1.5972354,-4.598335,0.06422032,0.008655459,0.20093025,0.6566703,0.0132838655,0.032359846,0.022748707,0.0011313467,3,,,,1.5555365,Test
2660,3,2.1568863,-5.7401576,-2.9837456,5.700991,-4.4424143,0.7195153,-2.7759962,-12.506545,0.027885418,1.03689445e-05,0.00016324103,0.9650778,3.7960956e-05,0.006624222,0.00020093394,1.1943445e-08,3,,,,0.246699,Test
2661,13,-1.8358016,-7.215788,-2.7848773,6.100803,-3.061564,3.2246475,-2.907766,-12.65464,0.00033811963,1.5580158e-06,0.00013088566,0.9460061,9.9249555e-05,0.053308386,0.000115750336,6.768747e-09,3,,,,0.30967313,Test
2662,1,-2.6327782,-4.271214,-0.09120205,3.57405,-2.933538,-0.10673906,-1.3758903,-6.017439,0.0018982121,0.00036879166,0.02410667,0.94175065,0.001405162,0.02373502,0.0066712038,6.4328764e-05,3,,,,0.42298922,Test
2663,19,-12.704937,-9.05641,18.746672,-2.2598767,2.3534887,-0.7981976,-11.341271,-10.564158,2.1914918e-14,8.419282e-13,0.9999999,7.5330714e-10,7.595059e-08,3.2491623e-09,8.569823e-14,1.8640973e-13,2,,,,1.9967442e-06,Test
2664,16,-7.900024,-6.2143545,9.44818,-1.218337,2.5551765,-1.7645944,-6.7158184,-4.000064,2.9195345e-08,1.5753983e-07,0.9989477,2.328805e-05,0.0010137932,1.3486422e-05,9.541304e-08,1.4422633e-06,2,,,,0.012211675,Test
2665,1,-5.0074267,-3.219924,-1.9256586,2.9262898,-4.0970335,-0.5395769,1.844969,-3.309442,0.00025908006,0.0015478781,0.0056471466,0.72277546,0.00064389186,0.022583783,0.24512735,0.0014153353,3,,,,1.0391833,Test
2666,1,7.806273,-20.010784,-15.054958,21.112968,-11.65204,-0.30021748,-5.154228,-33.550323,1.6633156e-06,1.380958e-18,1.9609578e-16,0.99999833,5.893015e-15,5.0161575e-10,3.9111162e-12,1.8198402e-24,3,,,,3.435491e-05,Test
2667,1,2.7169893,-6.2900367,-4.1194906,3.704513,0.19380909,0.17948963,-4.085637,-11.56154,0.25999993,3.1861895e-05,0.00027920795,0.6979903,0.020853069,0.020556593,0.00028882193,1.6363913e-07,3,,,,1.106162,Test
2668,20,-0.48704657,-8.464057,-4.9396753,8.425149,-5.623904,0.8951244,-1.5571576,-14.14475,0.00013463877,4.6216645e-08,1.5682594e-06,0.9992804,7.911541e-07,0.0005363389,4.617711e-05,1.5765399e-10,3,,,,0.009308544,Test
2669,1,3.4774508,-5.4954495,-5.37232,5.5909314,-4.4375873,0.097436965,-1.8800939,-12.61304,0.107337646,1.3610402e-05,1.539379e-05,0.8884337,3.920078e-05,0.0036545228,0.0005058245,1.1034191e-08,3,,,,0.53339225,Test
2670,1,-8.86674,-5.6649494,12.318942,-0.771415,-0.031143406,-1.3634938,-6.6580133,-6.625219,6.297553e-10,1.5477198e-08,0.9999925,2.0650332e-06,4.329351e-06,1.1423266e-06,5.7333667e-09,5.9245093e-09,2,,,,0.00015026047,Test
2671,19,-2.5004191,-4.635407,11.226146,-1.5483434,-0.5094508,-0.73810065,-7.522296,-14.477166,1.0930016e-06,1.2924299e-07,0.99998164,2.8320555e-06,8.0036325e-06,6.3677453e-06,7.20522e-09,6.8736197e-12,2,,,,0.00034906977,Test
2672,3,1.7682564,-7.956614,-4.2353115,7.43126,-4.7804985,-0.43722928,-2.344248,-15.581497,0.003458496,2.0674243e-07,8.542223e-06,0.9960901,4.9522123e-06,0.00038111597,5.6604305e-05,1.0092193e-10,3,,,,0.039267972,Test
2673,1,-4.641447,-2.7748415,0.7484159,0.83322006,-2.148439,-1.5801716,-0.21301644,0.077221446,0.0014399224,0.009310983,0.31559256,0.34352374,0.017419621,0.03074922,0.12066519,0.16129865,3,,,,2.180021,Test
2674,1,-6.743512,-4.000688,9.470228,-0.6253626,-0.55135816,0.101298735,-5.397307,-7.2978973,9.08629e-08,1.4111727e-06,0.9998272,4.125396e-05,4.4422733e-05,8.531991e-05,3.4916982e-07,5.2193997e-08,2,,,,0.0026841382,Test
2675,19,-1.1772258,-9.547526,-2.6806026,8.817537,-4.927468,1.712225,-3.171527,-15.582796,4.5597993e-05,1.0562602e-08,1.0139987e-05,0.99911696,1.0721034e-06,0.0008200086,6.2062877e-06,2.5274711e-11,3,,,,0.010634855,Test
2676,20,-2.4074621,-3.3198218,7.0720587,0.26139903,-1.9064354,0.2586754,-4.9283714,-10.482761,7.621455e-05,3.0605912e-05,0.9975656,0.0010992835,0.00012578568,0.0010962933,6.1266196e-06,2.3712621e-08,2,,,,0.02833082,Test
2677,13,3.4440281,-7.302045,-5.0094934,8.165648,-6.321828,-1.2333024,-2.3682492,-13.84811,0.00882124,1.8991948e-07,1.8802335e-06,0.9910678,5.06142e-07,8.2071245e-05,2.6380916e-05,2.7267733e-10,3,,,,0.07459785,Test
2678,16,-15.450835,-9.952925,20.694223,-3.5176072,3.43399,-3.8777347,-11.609965,-7.0343,2.0063233e-16,4.899059e-14,1.0,3.0544695e-11,3.1913622e-08,2.1307574e-11,9.342638e-15,9.071004e-13,2,,,,7.965504e-07,Test
2679,1,-1.8840413,-3.3527966,4.043745,1.4531295,-3.0104172,0.13847844,-3.674114,-10.689154,0.0024228266,0.00055776344,0.909342,0.068176895,0.00078549533,0.018310135,0.00040448605,3.6333782e-07,2,,,,0.53425276,Test
2680,20,5.3222637,-11.309848,-7.490445,11.661233,-7.2025733,-0.17098866,-4.0276933,-20.893791,0.0017629949,1.0544277e-10,4.8057625e-09,0.99822956,6.4089027e-09,7.253735e-06,1.5332611e-07,7.257107e-15,3,,,,0.018806925,Test
2681,13,-1.1878308,-7.166012,5.6388593,4.1723466,-3.729803,2.0555146,-6.783261,-15.271943,0.00086088106,2.1809835e-06,0.79384744,0.1831634,6.776086e-05,0.02205516,3.1980028e-06,6.580983e-10,2,,,,0.8441009,Test
2682,13,7.735583,-14.517627,-6.539552,14.820175,-9.578516,-0.60938114,-6.3357825,-27.475973,0.0008372146,1.8129684e-13,5.287181e-10,0.99916255,2.5317406e-11,1.9891391e-07,6.4821676e-10,4.2721994e-19,3,,,,0.009770155,Test
2683,1,-3.995353,-5.3401337,-3.148729,0.2476286,-0.49773344,5.773666,-1.6441855,-9.550033,5.6817036e-05,1.4806338e-05,0.00013248384,0.003955325,0.0018770485,0.9933669,0.0005964551,2.1984276e-07,5,,,,0.067249455,Test
2684,1,-6.935143,-5.0119514,1.0737395,1.8052776,-3.39263,3.990768,-1.0820447,-8.276473,1.5326255e-05,0.00010487388,0.046094548,0.09579713,0.0005295779,0.85211635,0.0053383172,4.007781e-06,5,,,,0.7732935,Test
2685,19,-2.9495018,-5.500225,2.50997,3.519231,-1.5172571,-0.631885,-3.2396586,-6.4759455,0.0011162775,8.7097804e-05,0.26229537,0.7196265,0.0046750703,0.01133184,0.0008351388,3.2828968e-05,3,,,,0.97859806,Test
2686,3,-3.9441164,-4.529667,6.2273083,-1.2227573,3.3570423,-0.95743936,-6.147597,-4.9398766,3.6147576e-05,2.0126947e-05,0.94508934,0.0005494782,0.053571302,0.0007164347,3.9913525e-06,1.3354454e-05,2,,,,0.31777328,Test
2687,20,-1.0098039,-7.5579114,6.7046533,4.587609,-3.6170669,0.822888,-6.985711,-15.687135,0.00039720963,5.691317e-07,0.88995063,0.10713841,2.928868e-05,0.0024828338,1.0085931e-06,1.6777828e-10,2,,,,0.52138704,Test
2688,3,6.6885858,-7.1393304,-3.388346,6.471763,-5.055413,-1.4889416,-4.335969,-16.536123,0.5538875,5.470586e-07,2.328443e-05,0.44591975,4.396102e-06,0.00015558457,9.026472e-06,4.5400305e-11,0,,,,0.9942259,Test
2689,17,4.4897113,-6.0953717,-4.1254373,6.6958327,-5.077364,-1.2972399,-2.846328,-13.399758,0.099162824,2.5078743e-06,1.7981976e-05,0.900441,6.9409784e-06,0.0003041641,6.461709e-05,1.6867517e-09,3,,,,0.47174984,Test
2690,1,2.6030765,-9.531665,0.8274012,7.9418764,-5.650638,-0.10610719,-6.3508196,-18.973053,0.004773293,2.5631078e-08,0.000808448,0.99409854,1.2424405e-06,0.00031785917,6.168654e-07,2.0343447e-12,3,,,,0.05733062,Test
2691,16,-5.25508,-4.1788797,6.5013156,-1.1235793,2.8017578,-1.8484391,-5.3045716,-3.3672662,7.64374e-06,2.2423006e-05,0.97508734,0.0004759854,0.024118261,0.00023056388,7.2746457e-06,5.0486226e-05,2,,,,0.17445512,Test
2692,19,-2.6301324,-2.9512942,7.4128275,-0.6754392,-0.5188155,-0.030652512,-5.181457,-9.159246,4.3433076e-05,3.150228e-05,0.99867177,0.0003067138,0.00035871865,0.0005844676,3.3868403e-06,6.342523e-08,2,,,,0.017041106,Test
2693,20,1.6212718,-8.067181,-4.221263,7.742054,-4.6890583,1.9809738,-3.6280258,-15.291033,0.002185012,1.3546037e-07,6.3397642e-06,0.9946622,3.971112e-06,0.0031309077,1.1473941e-05,9.87491e-11,3,,,,0.05341058,Test
2694,1,2.2643507,-11.172134,-8.86915,12.252268,-8.122637,-0.18356135,-1.5190728,-19.099161,4.5949488e-05,6.712577e-11,6.715256e-10,0.9999491,1.4166717e-09,3.973433e-06,1.045107e-06,2.4222852e-14,3,,,,0.0008278366,Test
2695,1,-1.6231287,-5.145216,-1.2196008,1.316823,2.1731384,1.2203201,-3.7127151,-7.8699274,0.012008151,0.00035469327,0.017977364,0.22713336,0.53477854,0.20623873,0.0014858677,2.3255507e-05,4,,,,1.6375483,Test
2696,1,-0.8570925,-2.4792233,-1.0758982,0.22078803,-1.0651503,0.5806077,-1.6019577,-5.0230517,0.09566747,0.01889217,0.0768667,0.2811136,0.07769731,0.40285575,0.04542275,0.0014842639,5,,,,2.262624,Test
2697,13,1.3909155,-10.56623,-4.744206,10.227507,-6.917579,-0.31406048,-2.797081,-19.351877,0.000145292,9.317936e-10,3.1462437e-07,0.9998258,3.5802056e-08,2.6410708e-05,2.2050467e-06,1.4248238e-13,3,,,,0.0025544348,Test
2698,13,-8.606273,-6.1190963,14.740595,-0.5863392,-0.26437324,1.6858392,-8.809691,-12.414082,7.254099e-11,8.724687e-10,0.99999726,2.2059517e-07,3.0438562e-07,2.139884e-06,5.918884e-11,1.6101735e-12,2,,,,5.5670072e-05,Test
2699,20,3.925947,-4.321542,-1.3261486,4.151061,-4.90636,-1.7815747,-1.9831846,-11.811214,0.44166774,0.00011567961,0.0023128083,0.55317366,6.4457534e-05,0.0014667311,0.0011989259,6.464476e-08,3,,,,1.041334,Test
2700,1,-0.6356394,-4.481196,-0.53001845,-0.18350515,2.3021078,-0.033147935,-3.7854896,-6.448897,0.04089941,0.00087420456,0.045455635,0.06428009,0.7719061,0.07470948,0.0017528895,0.00012219437,4,,,,1.2402734,Test
2701,13,-0.01088253,-7.115528,-3.221491,6.7441335,-3.7890875,1.8837031,-2.8895462,-12.661392,0.0011545698,9.482263e-07,4.656616e-05,0.9910289,2.6397722e-05,0.0076776496,6.489818e-05,3.7014665e-09,3,,,,0.08008085,Test
2702,20,0.022925626,-7.963955,-4.287137,7.597213,-3.9716458,1.0028659,-2.7506154,-12.901722,0.0005124972,1.7419401e-07,6.8842237e-06,0.99807346,9.437802e-06,0.0013654444,3.2000586e-05,1.2490731e-09,3,,,,0.022129742,Test
2703,16,-4.7366095,-3.9971972,6.4751654,0.110748276,0.5427161,1.1851498,-5.253185,-5.694079,1.3387344e-05,2.8042523e-05,0.9906183,0.0017055919,0.0026270982,0.0049943817,7.9863585e-06,5.138904e-06,2,,,,0.09072595,Test
2704,1,5.149149,-6.437921,-6.441053,7.8520923,-6.369773,-1.3350295,-1.8602875,-13.584431,0.06279021,5.830306e-07,5.812075e-07,0.9370554,6.2414847e-07,9.590674e-05,5.671951e-05,4.5919954e-10,3,,,,0.3407485,Test
2705,20,6.454563,-7.687969,-4.9561925,8.211728,-6.5849714,-1.533079,-3.3639448,-17.179884,0.14713691,1.0609573e-07,1.6296458e-06,0.852803,3.196861e-07,4.997269e-05,8.009359e-06,8.0059214e-12,3,,,,0.6035919,Test
2706,13,-4.185819,-9.231768,5.0859537,5.815859,-4.009934,1.1622851,-6.0383105,-16.730574,3.0386247e-05,1.9554632e-07,0.32311496,0.67042595,3.622959e-05,0.0063874763,4.7659587e-06,1.0828283e-10,3,,,,0.96102124,Test
2707,1,-0.90718573,-5.3004584,-3.2503586,3.576721,-2.630403,1.6898515,-1.659564,-8.838579,0.009637399,0.00011912032,0.0009254069,0.8536813,0.0017201891,0.12937155,0.00454157,3.4625764e-06,3,,,,0.7031615,Test
2708,1,-4.2325177,-3.600259,2.5763717,1.572706,-1.2462552,-2.0782328,-1.7152047,-1.9517045,0.00077436026,0.0014572343,0.7014652,0.25711042,0.015341237,0.006676319,0.009598386,0.0075768316,2,,,,1.1428025,Test
2709,3,3.1567214,-6.24012,-4.849057,6.261612,-4.1644087,-1.3251203,-2.2584915,-13.31683,0.042875003,3.5580154e-06,1.4300088e-05,0.95640314,2.8358141e-05,0.00048502596,0.00019072476,3.0049125e-09,3,,,,0.2647373,Test
2710,13,-3.5549529,-5.169204,8.8755045,1.2524588,-1.197452,0.59151185,-6.711152,-10.801753,3.991891e-06,7.945447e-07,0.9992119,0.00048866455,4.2172403e-05,0.00025232788,1.7000382e-07,2.844024e-09,2,,,,0.010231716,Test
2711,1,-6.708027,-5.676408,8.589788,-0.73090285,1.9118819,0.76008636,-6.8612733,-7.263172,2.2671759e-07,6.360799e-07,0.99825615,8.9395835e-05,0.0012562153,0.00039705043,1.9450526e-07,1.3013337e-07,2,,,,0.020333188,Test
2712,19,-6.828738,-6.067766,11.603425,-0.40614766,1.5267785,0.23216327,-8.200112,-9.035668,9.885241e-09,2.1157913e-08,0.9999403,6.0853113e-06,4.204767e-05,1.1521204e-05,2.5084592e-09,1.0877516e-09,2,,,,0.0009927847,Test
2713,20,5.286804,-13.964468,-10.6839905,15.163773,-9.148153,0.21461023,-3.6148179,-24.375916,5.134104e-05,2.2373986e-13,5.9489e-12,0.99994826,2.7633906e-11,3.2183905e-07,6.9909953e-09,6.7314585e-18,3,,,,0.00081326993,Test
2714,20,3.287907,-7.178014,0.345764,5.4496236,-3.8608809,-0.83507293,-5.515756,-14.966469,0.10250156,2.9203752e-06,0.005407221,0.8903322,8.054733e-05,0.0016601337,1.5393884e-05,1.2104755e-09,3,,,,0.54350173,Test
2715,3,-2.4313042,-3.4778812,3.6712499,0.9562828,0.45161808,-1.6504859,-3.44621,-4.6631517,0.0020061664,0.00070444087,0.89675254,0.059371423,0.035843,0.00437998,0.00072710833,0.00021532168,2,,,,0.62486833,Test
2716,19,-2.4091887,-5.3350635,-1.6267176,4.8841357,-3.090663,0.3444401,-1.4924045,-7.419179,0.0006700595,3.59271e-05,0.0014653329,0.98528975,0.00033896347,0.010519599,0.0016759759,4.4699486e-06,3,,,,0.13101843,Test
2717,3,4.158283,-4.8209987,4.6214304,1.8847852,-3.4813688,-1.6637298,-5.465571,-14.899665,0.3709676,4.673945e-05,0.58949244,0.03819164,0.00017843382,0.0010986717,2.4532907e-05,1.9614366e-09,2,,,,1.174156,Test
2718,19,4.4165354,-11.146344,-3.9152865,10.579268,-6.85207,-0.30295008,-5.312595,-21.047361,0.0021020195,3.662385e-10,5.060258e-07,0.99787855,2.6837574e-08,1.8749526e-05,1.2512075e-07,1.8357237e-14,3,,,,0.022061208,Test
2719,1,2.3044245,-4.686819,1.2992412,0.76825315,2.0184734,-2.5508795,-5.1626897,-9.648594,0.4270283,0.0003928242,0.15628275,0.091897964,0.32082608,0.0033252556,0.00024407881,2.749963e-06,0,,,,1.8201854,Test
2720,1,-3.1576703,-2.2111404,2.1750069,-0.054656655,-0.9777906,-3.3716583,-1.5818173,1.2661632,0.0030235609,0.0077909636,0.62585086,0.0673194,0.02674412,0.0024410954,0.014618503,0.2522116,2,,,,1.5163267,Test
2721,1,0.28244907,-6.2708125,-3.6801383,1.978339,1.8665272,1.5546982,-4.098771,-10.564274,0.066987626,9.5488125e-05,0.001273693,0.36518273,0.326551,0.23907018,0.00083802076,1.3041351e-06,3,,,,1.8349019,Test
2722,1,-0.6639618,-5.2494717,-2.6574717,1.2568724,0.4980056,2.1866724,-2.8985481,-8.012052,0.03499475,0.0003568958,0.0047668633,0.23889697,0.11185078,0.6053655,0.0037457135,2.2530365e-05,5,,,,1.5259501,Test
2723,19,-8.464701,-4.7696223,11.66804,-1.1164675,-0.15926808,-2.0701108,-5.6290255,-6.498391,1.804917e-09,7.264558e-08,0.9999888,2.8038448e-06,7.3023098e-06,1.0804179e-06,3.0759193e-08,1.2894788e-08,2,,,,0.00021694826,Test
2724,16,-3.00831,-5.5016594,0.3404922,3.5209517,-0.5262638,-2.0928154,-1.9639277,-5.490404,0.0013664328,0.00011291201,0.038900442,0.9358593,0.016350357,0.003413363,0.0038829132,0.00011419004,3,,,,0.44379237,Test
2725,3,0.4818081,-5.1320043,-0.3623553,4.2023764,-1.8072236,-0.4637162,-3.1283202,-8.734368,0.023127591,8.434949e-05,0.009942941,0.95488846,0.002344319,0.008984511,0.0006255638,2.2993008e-06,3,,,,0.34481764,Test
2726,20,-11.224952,-9.290945,19.354906,-2.6064615,3.6884637,-1.2522396,-12.560331,-12.650749,5.240067e-14,3.62464e-13,0.9999999,2.8993374e-10,1.5709062e-07,1.1231311e-09,1.37844185e-14,1.259277e-14,2,,,,3.7651246e-06,Test
2727,13,-3.3032641,-9.167681,-5.260766,8.770897,-5.2920885,1.8914089,-0.6088027,-14.182899,5.6986505e-06,1.6176646e-08,8.04711e-07,0.9988809,7.798961e-07,0.0010275195,8.432608e-05,1.0735112e-10,3,,,,0.013086602,Test
2728,13,-0.67766875,-3.1237137,5.987001,0.15409315,-2.3198462,0.017501187,-4.809414,-10.036139,0.00126614,0.00010969271,0.9929125,0.0029087833,0.0002450718,0.0025374074,2.032766e-05,1.0918166e-07,2,,,,0.07346384,Test
2729,3,-8.030873,-5.0624456,10.128174,-1.6579807,1.6209775,-2.6713169,-6.01192,-2.5515842,1.2987713e-08,2.527575e-07,0.9997842,7.6075407e-06,0.00020196578,2.7615822e-06,9.7803e-08,3.1128436e-06,2,,,,0.003035645,Test
2730,1,-0.97323245,-2.2778056,3.591497,-1.1033707,1.2669015,-1.0189897,-3.9986377,-4.899194,0.0092077665,0.0024979583,0.8842824,0.008084178,0.08650316,0.0087959375,0.00044692782,0.00018160636,2,,,,0.6696958,Test
2731,13,1.4452821,-7.212427,3.328281,5.1765566,-4.2718673,0.23699093,-5.764106,-15.426655,0.020157892,3.503078e-06,0.1325016,0.8412345,6.6300825e-05,0.0060213096,1.4908976e-05,9.485418e-10,3,,,,0.75535846,Test
2732,1,3.9621093,-10.16176,-8.731321,10.435562,-6.7795734,-0.2719347,-2.2457812,-18.978628,0.0015414669,1.1324407e-09,4.7342064e-09,0.99843305,3.3333475e-08,2.2341495e-05,3.1037134e-06,1.6784114e-13,3,,,,0.017061396,Test
2733,19,1.1860151,-3.902176,-0.16417764,3.4186304,-3.4305933,-0.5268479,-2.210255,-10.11667,0.092478506,0.00057051546,0.023969533,0.8622899,0.00091426744,0.01667838,0.0030978436,1.1411614e-06,3,,,,0.77069736,Test
2734,13,-3.326139,-4.352348,6.89954,0.7039283,-0.41432354,-0.16222258,-5.4782195,-7.6873603,3.6097445e-05,1.2935987e-05,0.9963973,0.002031013,0.00066383794,0.0008541775,4.1960407e-06,4.607041e-07,2,,,,0.03989517,Test
2735,3,8.599359,-7.8425603,-5.5142374,8.705027,-7.775667,-2.4088745,-3.4287825,-18.461023,0.47360227,3.425937e-08,3.5152559e-07,0.5263866,3.6629455e-08,7.845108e-06,2.8291665e-06,8.379908e-13,3,,,,0.9981886,Test
2736,1,-0.34717283,-9.891412,-3.275244,0.50082487,7.573759,0.05022276,-7.7310615,-13.336108,0.0003624221,2.5953979e-08,1.9389634e-05,0.00084624364,0.9982324,0.00053926394,2.2512947e-07,8.283084e-10,4,,,,0.021491442,Test
2737,19,3.5852466,-8.769126,-0.7468828,8.277514,-5.8828053,-0.3762163,-5.055145,-17.276117,0.00907995,3.9142417e-08,0.000119306394,0.9906255,7.0171467e-07,0.00017283915,1.6054965e-06,7.908765e-12,3,,,,0.078812405,Test
2738,13,-4.0819464,-7.6122756,3.3067358,-2.185282,7.491177,-0.5272508,-7.794384,-8.051258,9.270847e-06,2.7159206e-07,0.014996274,6.177751e-05,0.98460776,0.00032426813,2.2637509e-07,1.7509335e-07,4,,,,0.11769282,Test
2739,13,0.2899664,-8.223041,-5.32168,8.403248,-5.2203856,-0.23532207,-1.4137596,-13.924171,0.00029937472,6.012605e-08,1.0942283e-06,0.99946684,1.2108758e-06,0.00017704561,5.448744e-05,2.009525e-10,3,,,,0.007298853,Test
2740,1,-4.2737646,-3.6098094,4.331545,0.8222866,-0.012577167,-2.6442215,-2.5562692,-2.4474006,0.00017498818,0.00033990756,0.9555362,0.02858878,0.012405634,0.00089271,0.00097478204,0.0010868974,2,,,,0.32347268,Test
2741,19,10.288101,-16.639881,-12.83956,18.481009,-11.813511,-1.1212867,-5.3465786,-30.74447,0.00027653202,5.5856296e-16,2.497641e-14,0.9997235,6.9684676e-14,3.0669831e-09,4.484255e-11,4.1833667e-22,3,,,,0.003667629,Test
2742,1,0.5012514,-5.8294506,-2.8198986,0.3306775,3.2170236,0.04184114,-4.27906,-8.452091,0.056697287,0.000100965546,0.002047411,0.047806058,0.8570519,0.035813175,0.0004758823,7.331196e-06,4,,,,0.8322304,Test
2743,1,3.2492383,-8.016113,-5.140592,8.269864,-5.5305476,0.15532996,-3.0878227,-15.922373,0.0065550725,8.396494e-08,1.4890895e-06,0.99313366,1.0082431e-06,0.00029710517,1.159917e-05,3.0935154e-11,3,,,,0.061139178,Test
2744,20,14.803757,-18.663647,-14.652794,20.70048,-14.048167,-2.3756056,-6.6097083,-36.210743,0.0027409038,8.001738e-18,4.41649e-16,0.997259,8.0846807e-16,9.4840094e-11,1.3744973e-12,1.9168021e-25,3,,,,0.027277086,Test
2745,13,-0.22953323,-5.1820183,2.9404101,3.6634343,-3.1794226,0.73892677,-4.671509,-11.201779,0.013060377,9.22824e-05,0.31091708,0.640693,0.0006836519,0.034399528,0.00015375538,2.2426931e-07,3,,,,1.1948832,Test
2746,1,-0.18444864,-1.6184008,3.539548,-0.16977763,-2.1981707,-0.71649915,-2.2434382,-8.784176,0.02245604,0.005352736,0.9303458,0.022787923,0.0029976773,0.013190661,0.002865005,4.1354156e-06,2,,,,0.51637125,Test
2747,20,-0.3094006,-3.5588536,3.196266,1.7691629,-2.6532733,0.33002108,-3.4186609,-10.184044,0.022537023,0.0008743335,0.75056475,0.18013795,0.0021625469,0.042716324,0.0010059165,1.1598273e-06,2,,,,1.1118463,Test
2748,20,-8.507051,-8.097851,12.35699,1.3254371,-0.40005684,2.484157,-8.917247,-14.712172,8.6862384e-10,1.3078096e-09,0.9999294,1.6181793e-05,2.8817371e-06,5.155281e-05,5.7634925e-10,1.7538091e-12,2,,,,0.0011467646,Test
2749,13,10.392645,-13.986806,-10.501335,15.665055,-10.928321,-1.4977947,-5.0476465,-27.489231,0.005105032,1.3186742e-13,4.303865e-12,0.9948949,2.8081526e-12,3.4998255e-08,1.0054607e-09,1.8034711e-19,3,,,,0.04621616,Test
2750,20,9.059552,-13.860366,-10.616744,15.592821,-10.301526,-1.3252268,-4.4143353,-25.864277,0.0014521325,1.6144059e-13,4.137136e-12,0.99854785,5.6701735e-12,4.4869747e-08,2.043484e-09,9.880505e-19,3,,,,0.015784778,Test
2751,3,-8.085604,-5.516604,15.165992,-1.7638183,-0.610447,2.953308,-9.14568,-15.112174,7.9791854e-11,1.0415027e-09,0.9999949,4.4409397e-08,1.4072701e-07,4.9670284e-06,2.7642204e-11,7.085286e-14,2,,,,9.923267e-05,Test
2752,17,4.6134195,-11.828372,-8.473883,12.441775,-6.9375134,0.27945697,-3.8274622,-20.666012,0.00039811913,2.8802731e-11,8.2465124e-10,0.99959654,3.832719e-09,5.221521e-06,8.5937884e-08,4.1811435e-15,3,,,,0.0051722066,Test
2753,13,-6.739343,-5.781177,7.019114,2.0669255,-2.3339834,2.696155,-4.917041,-11.329008,1.0375204e-06,2.7047233e-06,0.97998327,0.006926447,8.4961044e-05,0.012995155,6.418186e-06,1.0537332e-08,2,,,,0.16103177,Test
2754,1,-0.12817855,-3.211155,-1.9878583,3.612533,-3.8393655,-1.3876075,-0.509815,-5.7820134,0.022561133,0.0010338112,0.003513276,0.95045453,0.00055158563,0.0064032115,0.015403464,7.905542e-05,3,,,,0.37843075,Test
2755,20,3.797597,-12.376272,-8.809884,12.844799,-7.876097,0.49884787,-3.2230623,-21.678585,0.000117705575,1.1132044e-11,3.9394718e-10,0.9998779,1.0022505e-09,4.346789e-06,1.0513889e-07,1.0153874e-15,3,,,,0.0017925298,Test
2756,1,-0.79578066,-6.608699,-4.0082746,2.387323,0.9624671,3.0027475,-3.5204391,-10.225074,0.01321561,3.9497438e-05,0.0005320088,0.31878033,0.07668043,0.5898846,0.0008665289,1.0616887e-06,5,,,,1.356767,Test
2757,1,-7.6507096,-3.8543339,10.649833,-1.5140591,-0.93714654,0.030306261,-5.3902445,-9.004868,1.1276078e-08,5.022307e-07,0.9999604,5.215209e-06,9.285854e-06,2.443323e-05,1.0810998e-07,2.9110825e-09,2,,,,0.0006915731,Test
2758,20,1.6331979,-8.279072,-1.7153505,7.505878,-4.410371,-0.11551382,-3.7350535,-14.793724,0.0028057108,1.3905887e-07,9.857954e-05,0.99658763,6.6581656e-06,0.00048818803,1.3081001e-05,2.060256e-10,3,,,,0.035711784,Test
2759,19,-2.8447177,-5.4618382,4.192025,2.4058766,-0.87669903,0.6435401,-5.0069394,-8.750419,0.00073022983,5.331611e-05,0.8307652,0.13923994,0.005225879,0.02389961,8.4026935e-05,1.9890529e-06,2,,,,0.79616463,Test
2760,19,9.008134,-10.918771,-5.932505,11.303714,-8.584165,-2.131017,-4.9447603,-23.18613,0.09148956,2.0287419e-10,2.9698482e-08,0.908509,2.0947557e-09,1.3295354e-06,7.9745575e-08,9.54069e-16,3,,,,0.44145286,Test
2761,1,-4.309584,-4.7999144,7.6054325,-1.5488555,3.5994906,-1.5521026,-6.757343,-5.611842,6.5681397e-06,4.0224854e-06,0.981902,0.00010385114,0.01787762,0.00010351445,5.680596e-07,1.7859886e-06,2,,,,0.13263988,Test
2762,16,-6.3955245,-3.7986977,6.759736,-1.1822953,0.8191391,-2.1308362,-4.3679194,-0.17509119,1.927299e-06,2.5866433e-05,0.9958776,0.00035401818,0.0026196148,0.00013711324,1.4639519e-05,0.00096927886,2,,,,0.044589028,Test
2763,1,-6.08648,-5.6795535,9.572864,-1.9527266,4.039621,-1.84308,-7.883594,-5.9014378,1.5758347e-07,2.3672105e-07,0.99604106,9.835063e-06,0.003937499,1.0974787e-05,2.6123672e-08,1.8961538e-07,2,,,,0.037513025,Test
2764,1,6.3412557,-11.107486,-9.449983,12.041949,-7.544443,-0.11951612,-3.7406602,-20.944084,0.0033324847,8.807975e-11,4.6208357e-10,0.99666214,3.1066065e-09,5.210634e-06,1.3939511e-07,4.7086375e-15,3,,,,0.03232583,Test
2765,3,-1.0086013,-5.228519,3.9738488,-2.343962,4.8835535,-1.264081,-7.048231,-9.403217,0.0019605113,2.8819242e-05,0.28590378,0.0005157386,0.7100675,0.0015185039,4.6708014e-06,4.4323485e-07,4,,,,0.9052205,Test
2766,20,-2.5908408,-5.3189526,10.570797,0.31371453,-2.4821324,1.0882375,-7.651762,-15.778663,1.9227507e-06,1.2563751e-07,0.9998845,3.5103927e-05,2.143556e-06,7.615996e-05,1.21897e-08,3.6018406e-12,2,,,,0.0018080156,Test
2767,20,7.055397,-9.941397,-6.223772,10.933003,-8.209481,-1.5699955,-3.6957428,-20.017065,0.020280419,8.422921e-10,3.4674215e-08,0.97971547,4.7601922e-09,3.6401254e-06,4.3442648e-07,3.545321e-14,3,,,,0.14309391,Test
2768,13,-2.57395,-6.860505,3.4314892,4.579871,-3.2464204,1.8173362,-4.9306917,-13.162954,0.0005659387,7.782912e-06,0.22956118,0.72382635,0.00028888113,0.045696255,5.3610445e-05,1.425685e-08,3,,,,1.0387026,Test
2769,1,-5.6823325,-3.052486,2.582349,-0.23541829,-1.4648832,-1.5943031,-1.149706,0.8883328,0.00019741469,0.0027384658,0.7668054,0.04580832,0.013396599,0.01177032,0.018360063,0.14092346,2,,,,1.1863121,Test
2770,3,6.164129,-5.914543,-5.3762527,5.490422,-3.7077994,-1.6659719,-3.2207685,-14.474581,0.66209215,3.7602583e-06,6.4416104e-06,0.33754462,3.4166027e-05,0.00026323824,5.5604425e-05,7.2051093e-10,0,,,,0.92735976,Test
2771,13,-1.5735099,-3.3485281,5.3466125,1.1304407,-2.3680737,-0.33151385,-4.122697,-8.492144,0.00096848066,0.00016413837,0.9805321,0.014467774,0.0004375383,0.003353381,7.568211e-05,9.580015e-07,2,,,,0.16148667,Test
2772,11,-1.8359687,-5.2247205,2.6667724,3.2821045,-3.2780995,-1.3318143,-2.797866,-9.796306,0.0038375077,0.00012951896,0.34638968,0.6409148,0.00090727693,0.006353321,0.0014665697,1.3394266e-06,3,,,,1.0429902,Test
2773,1,-9.774013,-7.212288,16.924288,-1.0366132,0.42055383,1.0878835,-10.290371,-12.981746,2.541416e-12,3.293201e-11,0.99999976,1.5837244e-08,6.800158e-08,1.3253687e-07,1.516435e-12,1.027957e-13,2,,,,5.3168505e-06,Test
2774,3,4.930981,-12.796159,-8.343129,13.249816,-9.024231,0.07636778,-3.4961445,-22.826214,0.00024382005,4.8783187e-12,4.1898293e-10,0.99975425,2.1202994e-10,1.8999284e-06,5.3359916e-08,2.149177e-16,3,,,,0.00331822,Test
2775,3,-4.481368,-6.0002007,6.2747054,-1.7934878,4.988469,-1.8214024,-6.938028,-5.5775642,1.6692406e-05,3.65509e-06,0.7831088,0.0002453862,0.21637982,0.00023863124,1.4308856e-06,5.57759e-06,2,,,,0.7603298,Test
2776,3,2.5921934,-6.177796,-3.722807,6.42869,-4.308192,0.6382916,-3.1557457,-12.526712,0.021047916,3.2692742e-06,3.8074948e-05,0.9758395,2.1203627e-05,0.0029829105,6.712912e-05,5.7167835e-09,3,,,,0.1785747,Test
2777,20,1.7676573,-7.586527,-1.3279811,7.28949,-5.2481937,0.7754287,-4.0273247,-15.184324,0.0039759367,3.4432543e-07,0.00017989564,0.994354,3.5685705e-06,0.0014740766,1.20979275e-05,1.7269812e-10,3,,,,0.056201108,Test
2778,20,5.9344406,-15.466126,-11.384032,16.44598,-9.484295,0.7127649,-4.4929166,-26.92228,2.7219776e-05,1.3827281e-14,8.1953395e-13,0.9999727,5.4778838e-12,1.4693984e-07,8.060112e-10,1.4634989e-19,3,,,,0.0004557028,Test
2779,1,3.275657,-13.061696,-9.724336,13.821605,-8.196053,-0.74433106,-2.4473007,-21.913084,2.6299125e-05,2.1121228e-12,5.944514e-11,0.9999732,2.7405697e-10,4.7215292e-07,8.59988e-08,3.024201e-16,3,,,,0.00045077817,Test
2780,16,-14.061198,-8.425993,19.38029,-2.8683336,1.5877489,-1.461911,-10.228854,-9.637309,2.9960358e-15,8.39238e-13,1.0,2.1754337e-10,1.8741236e-08,8.8786684e-10,1.3832888e-13,2.4992958e-13,2,,,,5.1480276e-07,Test
2781,19,-7.2267847,-4.598622,8.448572,-0.15153158,-0.100888275,1.9695023,-5.5294514,-7.6047482,1.5539878e-07,2.1520107e-06,0.99808735,0.00018373466,0.00019327916,0.0015323019,8.483793e-07,1.064879e-07,2,,,,0.021812059,Test
2782,1,-0.13306205,-3.6887352,-1.6119485,1.9917102,-1.8632151,-0.27145475,-1.8074563,-5.549931,0.092019,0.0026282591,0.020970333,0.77029026,0.016311042,0.08012616,0.017246358,0.00040865914,3,,,,1.2404685,Test
2783,20,-1.0390259,-6.7833505,-3.2129586,6.44643,-4.5185146,1.0212624,-1.520566,-11.225931,0.0005581758,1.7866632e-06,6.348104e-05,0.9946338,1.7204742e-05,0.0043806913,0.0003448583,2.102104e-08,3,,,,0.05323281,Test
2784,1,6.7058067,-12.232668,-10.222229,13.553676,-9.087808,-0.53782946,-3.4344544,-22.903309,0.001060589,6.3193513e-12,4.7183937e-11,0.9989386,1.4671264e-10,7.580117e-07,4.1849226e-08,1.4671389e-16,3,,,,0.012026471,Test
2785,3,-7.053251,-5.7698474,9.887282,-1.6719897,3.179629,-2.2028692,-7.0198007,-4.437527,4.388166e-08,1.5836457e-07,0.99876404,9.5353125e-06,0.0012200178,5.6075955e-06,4.5374286e-08,6.001737e-07,2,,,,0.013865436,Test
2786,13,5.435655,-8.458497,-5.105548,9.332251,-7.1369257,-0.6392214,-3.4905584,-17.401146,0.019905645,1.8400188e-08,5.260051e-07,0.9800454,6.898797e-08,4.5781602e-05,2.6446664e-06,2.4048034e-12,3,,,,0.14170186,Test
2787,1,-7.09272,-4.6696706,11.762135,-0.3906659,-0.98366266,-0.2757228,-6.399569,-9.277932,6.4779044e-09,7.307213e-08,0.9999858,5.273508e-06,2.9145026e-06,5.915874e-06,1.2955865e-08,7.284662e-10,2,,,,0.0002714429,Test
2788,3,-0.5519621,-7.4561386,-2.8227575,-0.73584974,5.1617584,1.9727936,-5.6946774,-12.218202,0.0031503383,3.1616323e-06,0.0003252094,0.002621173,0.9545406,0.039340924,1.8403663e-05,2.7025521e-08,4,,,,0.3004807,Test
2789,16,-12.674011,-9.488062,19.7236,-1.470408,2.7758017,-1.7790986,-11.988324,-11.723923,8.509327e-15,2.0584307e-13,1.0,6.2453864e-10,4.3617835e-08,4.5866597e-10,1.6892182e-14,2.2004639e-14,2,,,,1.0998139e-06,Test
2790,1,0.190247,-4.1710224,-1.9940642,3.5447319,-2.4681945,-0.14457013,-1.88136,-7.3603735,0.032607064,0.000416137,0.0036700957,0.9335679,0.0022843638,0.023329338,0.0041079395,1.7144259e-05,3,,,,0.46734935,Test
2791,19,-0.41160396,-3.7941651,-0.062186126,3.079464,-2.6508434,0.040212717,-1.7317581,-7.740668,0.026868263,0.000912456,0.03810568,0.8818427,0.0028625308,0.042214442,0.007176355,1.763063e-05,3,,,,0.7573405,Test
2792,16,-8.368908,-6.8506007,14.526356,-1.4814811,0.72958523,-0.87073565,-9.171627,-10.248176,1.1394958e-10,5.2012167e-10,0.99999857,1.1165649e-07,1.0189157e-06,2.0564954e-07,5.106181e-11,1.74003e-11,2,,,,2.9427814e-05,Test
2793,3,-5.884419,-6.6278486,13.67393,0.80387557,-1.9708271,2.561786,-9.110501,-15.537372,3.2055978e-09,1.5241997e-09,0.99998236,2.5739423e-06,1.6053163e-07,1.4929639e-05,1.2730325e-10,2.0591366e-13,2,,,,0.00031635162,Test
2794,20,5.8896933,-4.383146,-1.4312203,3.06098,-4.319309,-1.8952597,-3.7421086,-14.601823,0.9431263,3.259363e-05,0.0006239325,0.05572824,3.4742126e-05,0.00039229039,6.1877334e-05,1.1890976e-09,0,,,,0.3247528,Test
2795,13,-5.2002316,-6.2366123,8.059461,2.3338091,-2.0691907,1.2956934,-5.760716,-12.506342,1.7356274e-06,6.1568994e-07,0.9955605,0.003246749,3.974204e-05,0.0011497432,9.909256e-07,1.16534e-09,2,,,,0.045104094,Test
2796,1,4.9760756,-5.64891,-5.0415373,6.641174,-5.923694,-1.0399704,-2.1780088,-13.189621,0.15899515,3.8637695e-06,7.0923484e-06,0.8404789,2.9354453e-06,0.00038783613,0.00012428095,2.0517377e-09,3,,,,0.63877976,Test
2797,3,0.4267051,-12.430424,-8.209522,12.962008,-7.567104,-0.82580966,-1.2299125,-18.44244,3.5973665e-06,9.380026e-12,6.387314e-10,0.99999464,1.2142767e-09,1.028074e-06,6.863167e-07,2.2973045e-14,3,,,,0.00010726819,Test
2798,1,-0.93399274,-4.1021085,-2.5771947,1.9043412,-1.3632905,2.8207653,-1.9929975,-8.353413,0.016117346,0.0006782634,0.0031164489,0.27540144,0.010491842,0.6885954,0.0055895075,9.662293e-06,5,,,,1.1230422,Test
2799,11,-7.774617,-6.050364,14.686755,-1.3984814,1.0175141,1.7590411,-9.405533,-13.653384,1.758524e-10,9.86238e-10,0.9999963,1.03340206e-07,1.1575039e-06,2.4297601e-06,3.442312e-11,4.9207605e-13,2,,,,7.590947e-05,Test
2800,16,0.2428892,-3.056715,3.3040657,-1.2729356,1.8239222,-2.2452576,-4.198188,-6.2092586,0.03627712,0.0013385448,0.77461314,0.007967432,0.17630583,0.0030133147,0.00042746202,5.721375e-05,2,,,,0.9995776,Test
2801,16,-5.1568108,-4.093323,6.5422206,-1.5611382,2.114048,-2.429987,-5.1724854,-0.8631399,8.195199e-06,2.3737035e-05,0.987153,0.0002986347,0.011782938,0.00012525759,8.067745e-06,0.000600174,2,,,,0.10609328,Test
2802,19,9.689836,-16.648973,-8.742614,17.315935,-11.112732,-1.1365975,-6.9691873,-31.51487,0.00048732123,1.7742546e-15,4.816202e-12,0.9995127,4.5016847e-13,9.681788e-09,2.8372256e-11,6.206404e-22,3,,,,0.0060650697,Test
2803,3,6.4357686,-5.84775,-0.44520548,4.820537,-5.3669205,-2.3339126,-4.4066157,-15.707063,0.8332925,3.8559647e-06,0.0008559104,0.16569573,6.236701e-06,0.00012947127,1.6293327e-05,2.0150592e-10,0,,,,0.65978783,Test
2804,1,-0.07149318,-5.6382155,-2.34086,1.628989,1.0461375,0.5236352,-3.5309231,-7.956837,0.087058894,0.0003328254,0.008999943,0.47678566,0.26619136,0.15786074,0.0027378006,3.2753058e-05,3,,,,1.8336082,Test
2805,19,-15.555366,-10.250898,24.159088,-2.70474,1.8735579,-1.219739,-13.423824,-14.518431,5.652382e-18,1.137449e-15,1.0,2.1537112e-12,2.096608e-10,9.508584e-12,4.763745e-17,1.5942857e-17,2,,,,7.1725275e-09,Test
2806,3,11.398141,-15.413345,-11.6853895,17.105125,-11.606059,-1.4830767,-5.715294,-29.890932,0.0033116734,7.515657e-15,3.126059e-13,0.9966883,3.3841525e-13,8.4295815e-09,1.2239881e-10,3.876428e-21,3,,,,0.032052383,Test
2807,19,5.00522,-9.986624,-4.3932757,9.83631,-5.9780173,-1.288498,-4.6902304,-18.118458,0.007914549,2.440909e-09,6.5570964e-07,0.9920695,1.3442097e-07,1.4625113e-05,4.8724297e-07,7.1769527e-13,3,,,,0.06691112,Test
2808,1,12.297181,-21.071493,-16.8907,23.370934,-13.990729,-1.2282782,-6.3768544,-37.734516,1.5513997e-05,4.9990993e-20,3.2702989e-18,0.9999845,5.9433165e-17,2.0734376e-11,1.2041853e-13,2.898903e-27,3,,,,0.00027021102,Test
2809,1,-6.5103784,-2.668437,8.200426,-1.4004295,-0.8590896,-2.2835977,-3.2714663,-3.9463377,4.083868e-07,1.9037303e-05,0.99975294,6.765408e-05,0.00011625052,2.797299e-05,1.0416292e-05,5.304204e-06,2,,,,0.0038085089,Test
2810,1,1.9214756,-5.6899176,-3.681276,5.1055884,-3.3897798,1.0580451,-2.5637417,-11.99702,0.039080877,1.9336525e-05,0.00014411866,0.9436412,0.00019289255,0.016480906,0.00044061485,3.5256463e-08,3,,,,0.36882213,Test
2811,1,-7.068584,-5.010964,10.531995,-1.0064294,1.445268,-0.42567843,-7.1249075,-6.2319417,2.2704132e-08,1.7771232e-07,0.99985945,9.746864e-06,0.000113141905,1.7421358e-05,2.1460693e-08,5.2414762e-08,2,,,,0.0021300348,Test
2812,13,-0.213684,-9.142116,5.2862563,6.1933627,-5.0810895,0.3300952,-7.008284,-19.213623,0.0011716326,1.5531846e-07,0.28667197,0.7101278,9.013721e-06,0.0020181423,1.3120009e-06,6.5648164e-12,3,,,,0.8970868,Test
2813,1,5.9988914,-4.147851,-4.357559,3.9759007,-3.9226031,-1.7020848,-2.6850724,-13.452595,0.8826117,3.4601562e-05,2.805564e-05,0.116733626,4.334304e-05,0.00039928054,0.00014940741,3.148447e-09,0,,,,0.5286973,Test
2814,20,0.40385836,-6.066152,-1.2812364,5.3056054,-3.1572258,1.2184852,-3.1817079,-11.769222,0.0072450093,1.122404e-05,0.0013434199,0.97463214,0.00020581628,0.016361646,0.00020083871,3.744014e-08,3,,,,0.20270447,Test
2815,1,-4.883337,-6.7686825,-3.2055616,4.0840077,-2.7191296,2.5019395,-0.70714736,-7.691977,0.000104874474,1.5917492e-05,0.00056145916,0.8225038,0.00091321475,0.16906528,0.006829136,6.322556e-06,3,,,,0.73157275,Test
2816,13,-2.269645,-2.8658886,1.248846,1.963299,-3.8809144,2.17283,-2.3886333,-11.925194,0.005255502,0.0028951361,0.17728645,0.3622084,0.0010491775,0.44663906,0.004665931,3.3671503e-07,5,,,,1.6032425,Test
2817,1,-12.72648,-7.8372207,18.755945,-2.273606,1.5126699,-1.8282951,-10.059747,-10.337191,2.1249868e-14,2.8231543e-12,1.0,7.36177e-10,3.2459436e-08,1.1491539e-09,3.0584655e-13,2.3174567e-13,2,,,,8.640794e-07,Test
2818,3,-3.7565029,-4.040478,6.740857,-0.87523276,1.6011213,0.561927,-6.143025,-7.2857304,2.7377186e-05,2.0609135e-05,0.9915952,0.0004883247,0.0058099926,0.0020552236,2.5173022e-06,8.029063e-07,2,,,,0.07974314,Test
2819,20,3.3225048,-9.901673,-7.3662314,10.221306,-5.8084617,1.7864034,-3.7424793,-18.240057,0.001007758,1.820409e-09,2.2977183e-08,0.99877435,1.0910072e-07,0.00021688819,8.6113755e-07,4.3536604e-13,3,,,,0.014459138,Test
2820,3,-10.881208,-7.3124847,17.099098,-1.6092646,1.0530142,0.36649776,-10.07272,-11.4885645,7.051916e-13,2.5014059e-11,0.99999976,7.5e-09,1.0746682e-07,5.4090815e-08,1.5828122e-12,3.8418124e-13,2,,,,4.2549586e-06,Test
2821,1,-6.996867,-5.61317,12.6452055,-0.9538468,0.9451493,0.24608912,-8.427163,-9.192562,2.9481546e-09,1.1762035e-08,0.9999863,1.241654e-06,8.29324e-06,4.1221724e-06,7.05311e-10,3.280739e-10,2,,,,0.0002582024,Test
2822,3,5.834694,-5.3099813,-5.2653155,6.3008924,-6.05448,-1.6860663,-2.1094358,-13.514702,0.3853778,5.5694913e-06,5.8238993e-06,0.61426264,2.6453554e-06,0.00020876712,0.00013670836,1.5224783e-09,3,,,,0.9665727,Test
2823,1,-4.6656585,-3.8223987,-0.11937043,-0.9388478,-0.7621606,1.3116964,-1.2110711,-0.96794575,0.0015264294,0.0035473157,0.1439145,0.06341766,0.075673595,0.6020174,0.048304215,0.061598916,5,,,,1.8793999,Test
2824,1,1.2855841,-4.230012,-3.9117537,2.167921,-1.9945192,1.9026296,-1.8350953,-10.903501,0.18652208,0.00075047684,0.001031704,0.45073813,0.007017775,0.3457082,0.008230692,9.485889e-07,3,,,,1.6250553,Test
2825,11,1.8984044,-5.848572,-0.5246706,5.610334,-4.3562384,0.15069832,-3.868868,-12.623822,0.023696112,1.0237829e-05,0.0021006272,0.9699461,4.5532393e-05,0.0041272226,7.412802e-05,1.1688383e-08,3,,,,0.2238595,Test
2826,19,7.0357475,-11.254128,-4.2641025,11.415162,-7.980749,-1.2244351,-5.4632974,-21.966927,0.012377527,1.4107228e-10,1.5316925e-07,0.98761904,3.7243613e-09,3.2009746e-06,4.6170804e-08,3.140024e-15,3,,,,0.09623969,Test
2827,3,0.9330112,-3.6714816,0.27828014,3.2988229,-4.3009315,-0.49660438,-2.687875,-9.5666485,0.08029683,0.00080351246,0.041720778,0.85537666,0.0004281797,0.019223139,0.0021486585,2.2118434e-06,3,,,,0.8178733,Test
2828,13,-10.53192,-6.575119,13.396622,-0.24709992,0.020169994,-0.15650974,-6.7033997,-10.74511,4.0547496e-11,2.1202224e-09,0.99999595,1.1874224e-06,1.5512406e-06,1.3000146e-06,1.8649615e-09,3.2762543e-11,2,,,,8.469333e-05,Test
2829,3,-3.7128794,-2.7783465,5.3554544,-0.84719294,0.80231816,-1.198778,-3.8476899,-2.9893255,0.00011358542,0.00028919123,0.98548454,0.0019946853,0.010381207,0.0014034043,9.926019e-05,0.00023418438,2,,,,0.12942335,Test
2830,20,9.109474,-11.247638,-7.8366675,12.319855,-9.3991785,-1.9218261,-4.361324,-22.966045,0.038776927,5.5923145e-11,1.6941714e-09,0.9612225,3.5511422e-10,6.276831e-07,5.4736866e-08,4.5535724e-16,3,,,,0.23667128,Test
2831,11,-7.4556947,-4.4146066,10.883316,-0.692757,-0.5776696,-1.2701108,-5.704338,-6.826094,1.0850705e-08,2.2708359e-07,0.9999745,9.387813e-06,1.053286e-05,5.2701453e-06,6.252624e-08,2.0365263e-08,2,,,,0.00046746657,Test
2832,1,-3.8514023,-2.2187934,1.1785113,1.2337856,-3.5390995,1.1696784,0.15306322,-6.683597,0.0018921823,0.00968269,0.28935215,0.30579618,0.0025857962,0.2868076,0.10377202,0.000111418274,3,,,,2.0019438,Test
2833,1,-5.670813,-3.3648727,-0.14192174,0.42063397,-2.401822,1.8687421,-0.33538657,-2.6262722,0.00035201377,0.003531968,0.08865978,0.15561141,0.009252613,0.6621354,0.07306441,0.0073924256,5,,,,1.5448633,Test
2834,3,-0.69936633,-3.2124083,1.4936268,2.0152252,-1.6300639,-0.3881138,-2.7305279,-6.1468205,0.036987223,0.0029967565,0.3314794,0.5584494,0.014583271,0.050492514,0.004852096,0.00015931347,3,,,,1.54426,Test
2835,1,-3.830812,-2.4142652,3.8249261,-0.2618894,-1.0733429,-1.0735921,-2.2775402,-2.1702824,0.00045561418,0.001878433,0.96259135,0.016164437,0.0071804337,0.007178647,0.0021536464,0.0023974848,2,,,,0.31342226,Test
2836,3,-2.3727875,-4.0959897,-0.9582043,2.1944757,-2.7940464,1.2373488,-1.3492676,-5.9843607,0.0070417183,0.001256902,0.028975058,0.67797834,0.0046209176,0.26034,0.019596916,0.00019019193,3,,,,1.2454625,Test
2837,3,-2.8020127,-5.1406937,9.565332,0.74531615,-1.8986853,1.7443299,-7.323691,-12.804522,4.2529027e-06,4.102127e-07,0.9994362,0.00014766271,1.0495312e-05,0.00040099307,4.6232316e-08,1.9259762e-10,2,,,,0.007476403,Test
2838,13,-8.867357,-6.8220444,13.18285,-0.34205595,1.4128907,1.521017,-9.05719,-9.706539,2.6528274e-10,2.051054e-09,0.99998224,1.3372118e-06,7.733282e-06,8.616336e-06,2.194147e-10,1.14619085e-10,2,,,,0.00032790424,Test
2839,19,1.2505572,-6.586379,-2.2573235,6.2810254,-4.3162413,-0.773548,-2.1074643,-12.594985,0.006484845,2.5607144e-06,0.00019428808,0.9922111,2.4789595e-05,0.00085672556,0.00022569882,6.2929852e-09,3,,,,0.07261529,Test
2840,20,-0.07477413,-8.094884,-4.9614706,8.116652,-4.973006,-0.44722158,-1.1241269,-13.543956,0.0002768612,9.1027395e-08,2.0892799e-06,0.9994312,2.065319e-06,0.00019076996,9.694692e-05,3.914453e-10,3,,,,0.007822716,Test
2841,20,6.6183777,-11.349033,-7.8971047,11.79822,-6.7359324,-0.7945754,-4.4732013,-21.443644,0.0055973697,8.807173e-11,2.779651e-09,0.99439925,8.877291e-09,3.3773747e-06,8.5304556e-08,3.6375e-15,3,,,,0.0499955,Test
2842,13,-5.0853634,-7.241877,-0.8201236,1.0625453,1.4894588,5.944513,-4.292535,-12.356732,1.5885866e-05,1.8384384e-06,0.001130788,0.0074304296,0.011387279,0.97999865,3.5102043e-05,1.1043223e-08,5,,,,0.16651373,Test
2843,20,-4.0496516,-8.986399,-4.120588,4.512802,0.09340764,6.090265,-3.8399148,-13.178268,3.264558e-05,2.343269e-07,3.0410052e-05,0.17078541,0.0020565162,0.8270545,4.0263538e-05,3.5425523e-09,5,,,,0.6819185,Test
2844,20,3.0735695,-5.8972306,-2.4553785,4.779498,-3.0269985,0.82754403,-3.9284792,-13.7632065,0.15106735,1.9195588e-05,0.000599762,0.83185184,0.00033863168,0.01598579,0.00013747366,7.362941e-09,3,,,,0.74063796,Test
2845,1,6.487157,-5.3476586,-3.5140703,5.1327157,-5.254128,-1.6670867,-2.9878056,-14.480183,0.7945864,5.758984e-06,3.6029916e-05,0.20507598,6.323619e-06,0.0002284537,6.09842e-05,6.225034e-10,0,,,,0.73669827,Test
2846,1,3.927822,-5.719662,-4.795376,6.100154,-4.684352,-1.5645151,-2.1503575,-11.729262,0.10219149,6.6003254e-06,1.6633285e-05,0.8971116,1.8586392e-05,0.0004208458,0.0002342583,1.6204266e-08,3,,,,0.48501563,Test
2847,3,0.4375855,-6.0907187,-3.1896627,4.765812,-2.0325842,0.5781665,-2.5282907,-9.783929,0.012800027,1.8707004e-05,0.00034034313,0.97036654,0.001082505,0.0147320945,0.00065939745,4.6565435e-07,3,,,,0.23409486,Test
2848,20,3.3793914,-3.8450177,1.029728,2.8511631,-3.7092674,-1.320332,-3.3607793,-11.278124,0.58931214,0.00042936276,0.056221135,0.34748715,0.0004917903,0.005361441,0.0006968295,2.5390267e-07,0,,,,1.2709255,Test
2849,20,6.5267186,-10.89611,-8.882877,11.871199,-8.29749,-0.64962053,-3.4921649,-21.427053,0.0047517275,1.2888839e-10,9.650483e-10,0.9952443,1.7329221e-09,3.6325134e-06,2.1169267e-07,3.4409833e-15,3,,,,0.043585647,Test
2850,19,-1.4304752,-4.9772315,-1.126111,4.687967,-4.275549,1.432142,-1.788932,-10.593771,0.0021061257,6.069426e-05,0.0028554068,0.9565109,0.000122429,0.03687255,0.0014716637,2.2075743e-07,3,,,,0.29607078,Test
2851,20,2.6562815,-8.992024,-6.13267,9.421866,-5.899563,0.7356823,-2.9868245,-16.477522,0.0011512463,1.0054795e-08,1.754587e-07,0.9986755,2.2151964e-07,0.00016867965,4.0775394e-06,5.6423937e-12,3,,,,0.015344844,Test
2852,3,-2.9817042,-4.186289,4.9196005,-0.33224374,2.5658278,-1.5510738,-5.0949244,-5.375926,0.0003358808,0.00010070261,0.9071481,0.0047515044,0.08618819,0.0014044296,4.05906e-05,3.0646992e-05,2,,,,0.4885711,Test
2853,11,0.9432496,-7.0548835,-2.5511997,6.4017067,-4.213555,0.47423074,-3.2274175,-11.926192,0.004229896,1.4216228e-06,0.00012844273,0.99290437,2.4364534e-05,0.0026462895,6.531789e-05,1.08943565e-08,3,,,,0.06918072,Test
2854,20,1.5288343,-5.825936,-0.97686076,4.4702334,-2.7560089,-0.38862544,-4.024066,-9.952424,0.049531356,3.1677006e-05,0.004042693,0.9382393,0.00068233325,0.00728011,0.00019199347,5.1124994e-07,3,,,,0.39491,Test
2855,13,-1.7906852,-7.195041,0.69117266,5.9585204,-3.388802,1.2457886,-3.6793542,-12.531739,0.0004248301,1.9104396e-06,0.005082442,0.9854907,8.593339e-05,0.008849915,6.426533e-05,9.192529e-09,3,,,,0.12671752,Test
2856,1,-3.28533,-10.111019,-3.4078267,-1.6790049,7.900971,3.7316432,-6.7522125,-12.288332,1.3650427e-05,1.4817926e-08,1.20766545e-05,6.8040004e-05,0.98468,0.015225764,4.2608733e-07,1.6795482e-09,4,,,,0.11522423,Test
2857,20,1.2645062,-9.269234,-2.0923824,8.441646,-5.3061476,1.2317126,-4.3779387,-17.02519,0.0007626803,2.0304716e-08,2.6574447e-05,0.9984688,1.0684244e-06,0.0007380746,2.7030867e-06,8.694179e-12,3,,,,0.018260576,Test
2858,20,4.145661,-15.222012,-10.050412,15.183336,-8.504928,1.6234949,-4.33383,-25.87422,1.6083875e-05,6.239039e-14,1.0992951e-11,0.9999826,5.155972e-11,1.2913033e-06,3.3403724e-09,1.4754428e-18,3,,,,0.00030658697,Test
2859,13,0.8554919,-8.065054,-5.2492185,7.9960594,-4.33938,0.97713894,-2.5598996,-14.237609,0.0007909422,1.05682005e-07,1.7656437e-06,0.9982836,4.3857162e-06,0.0008932552,2.5993175e-05,2.2044186e-10,3,,,,0.020181863,Test
2860,13,-5.426445,-4.321048,10.119671,0.26004392,-1.4148469,1.686418,-6.2677712,-10.150658,1.7712746e-07,5.35e-07,0.9997197,5.2227202e-05,9.783653e-06,0.00021745195,7.6366476e-08,1.5724847e-09,2,,,,0.0039727218,Test
2861,20,5.9127054,-5.862464,-5.0495996,6.1092877,-5.4190907,-1.4271622,-2.6119022,-14.755626,0.45083216,3.4683558e-06,7.818908e-06,0.54876894,5.4035395e-06,0.0002926516,8.950041e-05,4.762912e-10,3,,,,0.9981727,Test
2862,1,3.0616596,-9.86852,-7.152467,10.476784,-6.600143,-0.6795812,-2.5136385,-16.156958,0.00060170545,1.458407e-09,2.2051877e-08,0.99938166,3.831035e-08,1.42752415e-05,2.2806712e-06,2.7092213e-12,3,,,,0.00760322,Test
2863,3,3.365181,-3.990817,-0.88266385,3.266287,-3.4378116,-0.24226682,-3.4791744,-11.739919,0.5128022,0.00032755217,0.0073305126,0.46451613,0.0005694395,0.013907694,0.0005463664,1.4121747e-07,0,,,,1.1615688,Test
2864,1,-5.342709,-2.6394117,5.199446,-1.2190871,-0.95375234,-2.700902,-2.1197937,-0.5092962,2.6176527e-05,0.00039078624,0.99154377,0.0016172541,0.0021086847,0.00036748048,0.0006570623,0.003288794,2,,,,0.08897723,Test
2865,11,-3.166715,-4.657153,-1.8035467,3.647627,-2.7418456,2.757181,-0.9818066,-8.66114,0.000769089,0.00017325573,0.0030060282,0.70049936,0.0011762371,0.2875358,0.0068370737,3.1606617e-06,3,,,,0.972765,Test
2866,19,-5.3949637,-3.880176,4.8314295,1.4346642,-1.167858,-0.41229868,-2.5731683,-5.8525653,3.474043e-05,0.00015801529,0.9596241,0.03212956,0.0023803655,0.005067327,0.00058388215,2.1983731e-05,2,,,,0.28492147,Test
2867,1,4.024929,-7.767528,-4.425232,8.45994,-5.9661875,-0.46204215,-3.159348,-15.196695,0.011714357,8.857664e-08,2.5053025e-06,0.9881417,5.365766e-07,0.00013184139,8.8843735e-06,5.2586355e-11,3,,,,0.09406859,Test
2868,3,3.2029595,-4.80007,-2.8967211,4.257207,-2.5724003,-0.32348484,-3.342645,-11.762056,0.25599402,8.5616666e-05,0.00057434425,0.7346553,0.0007943703,0.007528604,0.00036771386,8.109715e-08,3,,,,0.90287673,Test
2869,3,-0.8677724,-4.4950695,0.9625312,2.1715493,-3.7109952,3.5253966,-3.5498857,-11.72568,0.009159482,0.00024353192,0.057116512,0.19135135,0.00053342676,0.7409688,0.0006266773,1.763362e-07,5,,,,1.0902854,Test
2870,13,-3.8941064,-5.4447093,7.438965,1.4633207,-1.0295893,-0.3214554,-5.9747086,-9.0070305,1.1932342e-05,2.5310865e-06,0.9968178,0.0025317834,0.00020930004,0.00042492087,1.489812e-06,7.181427e-08,2,,,,0.034011833,Test
2871,13,4.1924415,-6.3026433,-2.3885777,6.49599,-5.7038255,-0.7911456,-3.4364202,-14.261152,0.090756975,2.5114375e-06,0.00012582872,0.90844434,4.570731e-06,0.0006216351,4.41273e-05,8.781859e-10,3,,,,0.44905156,Test
2872,1,0.3863691,-2.2886314,-1.9679631,2.569954,-3.2892303,-0.74271965,-0.87510014,-5.9989824,0.09367222,0.0064546512,0.008894822,0.831629,0.002373112,0.030286826,0.02653149,0.00015793844,3,,,,0.9631795,Test
2873,1,-3.358024,-4.9630466,2.7553608,-1.3293707,4.513778,-1.4923712,-5.2758474,-4.7376347,0.0003236438,6.50152e-05,0.14624351,0.002460935,0.84868705,0.0020907884,4.7551846e-05,8.145351e-05,4,,,,0.65287995,Test
2874,13,0.28682092,-2.1477625,1.7752049,0.075143114,-1.7477436,-0.16624986,-3.1411328,-8.30559,0.14033432,0.012298092,0.6216714,0.1135621,0.018346947,0.08920677,0.0045543085,2.6033198e-05,2,,,,1.7110388,Test
2875,20,0.5798531,-7.1905994,-3.4268308,6.4440117,-3.4595091,1.4230497,-2.9882483,-13.392194,0.0028123548,1.1868763e-06,5.116696e-05,0.9904711,4.9521917e-05,0.0065353047,7.933469e-05,2.404848e-09,3,,,,0.087485254,Test
2876,1,-2.0884027,-5.0409684,-0.5687071,1.8299832,0.5320802,2.2916522,-3.4869003,-8.031674,0.0066766115,0.00034855647,0.030517686,0.3359615,0.09175239,0.5330768,0.0016489077,1.751565e-05,5,,,,1.5500865,Test
2877,3,1.7675548,-8.294141,-2.9603992,4.496948,-0.32380673,-0.056195352,-5.4906287,-12.373363,0.060175303,2.5685003e-06,0.00053222344,0.92210126,0.0074327844,0.009713455,4.2386666e-05,4.3460645e-08,3,,,,0.47583914,Test
2878,3,1.2770914,-7.061806,-5.1300125,6.7749147,-4.2413917,1.5145003,-2.439128,-13.697853,0.0040574856,9.698833e-07,6.6940206e-06,0.99067515,1.6278349e-05,0.0051447256,9.870142e-05,1.272687e-09,3,,,,0.086448066,Test
2879,3,0.20260423,-2.3136723,1.4493186,1.649225,-2.3811333,-0.5652131,-2.5603576,-6.6785817,0.10624697,0.008580478,0.3696219,0.45141494,0.008020723,0.04930123,0.0067046722,0.00010910773,3,,,,1.7710438,Test
2880,20,10.844256,-10.96245,-7.253082,11.892974,-9.648067,-2.3380182,-4.9672484,-24.63721,0.25947133,8.7812736e-11,3.5852168e-09,0.74052817,3.2687805e-10,4.8876507e-07,3.5256587e-08,1.0108426e-16,3,,,,0.8259593,Test
2881,1,0.4082609,-7.1432953,-0.38030827,6.5775404,-4.57236,-0.16864668,-3.431442,-12.965693,0.002083825,1.0946167e-06,0.0009470874,0.9957385,1.4315452e-05,0.0011703437,4.4802204e-05,3.2406093e-09,3,,,,0.046504427,Test
2882,20,17.14163,-21.903309,-17.596275,24.322575,-16.599466,-2.681511,-7.250329,-41.947548,0.0007603703,8.3950544e-21,6.2308093e-19,0.9992397,1.6883104e-18,1.8704424e-12,1.9396897e-14,1.655463e-29,3,,,,0.008974692,Test
2883,16,2.799426,-4.573926,-4.362177,4.990118,-4.366527,-0.5031312,-1.5697681,-10.1541,0.10006979,6.2819854e-05,7.7635144e-05,0.8947638,7.729811e-05,0.0036814634,0.0012670277,2.3695065e-07,3,,,,0.52082175,Test
2884,1,-4.5686817,-9.03258,1.4853138,-2.862082,9.146324,0.5540448,-8.058579,-10.601998,1.1049955e-06,1.2726633e-08,0.00047051924,6.0887414e-06,0.9993368,0.00018540965,3.3706804e-08,2.6492613e-09,4,,,,0.008584497,Test
2885,1,-2.2946105,-6.944723,-2.1638951,1.5641296,3.188953,2.0666318,-4.4682665,-8.250819,0.002712023,2.592835e-05,0.003090739,0.12856504,0.6527918,0.21249898,0.00030852229,7.023361e-06,4,,,,1.3099756,Test
2886,20,8.312183,-14.085613,-8.987316,14.983351,-9.640423,-1.1420848,-5.273611,-26.779385,0.0012653156,2.371152e-13,3.8825915e-11,0.99873453,2.0206033e-11,9.9143136e-08,1.5920743e-09,7.279899e-19,3,,,,0.014007088,Test
2887,20,-7.750257,-5.289111,11.266453,-0.09476045,-0.070091195,0.1937286,-6.831771,-7.985093,5.5097344e-09,6.456432e-08,0.9999609,1.1637792e-05,1.1928463e-05,1.5529587e-05,1.3804603e-08,4.3565556e-09,2,,,,0.00069250894,Test
2888,20,7.962924,-11.710782,-9.191857,13.2439165,-9.21093,-1.2771958,-3.9820027,-22.560183,0.005061626,1.44579956e-11,1.7949947e-10,0.9949379,1.7610857e-10,4.9131154e-07,3.2860495e-08,2.8071972e-16,3,,,,0.045896567,Test
2889,16,-1.1723206,-5.2917085,7.3651,1.6660745,-2.6713932,0.3440826,-6.3930516,-12.847171,0.0001951199,3.1715665e-06,0.99553394,0.003334271,4.357751e-05,0.00088892906,1.0543057e-06,1.6595044e-09,2,,,,0.045989253,Test
2890,3,-9.8001585,-8.203875,17.378777,-1.8334284,3.2434077,0.6555458,-12.064008,-13.117075,1.5715847e-12,7.755244e-12,0.9999993,4.531537e-09,7.262518e-07,5.4600047e-08,1.6336586e-13,5.6992754e-14,2,,,,1.7457616e-05,Test
2891,20,6.24797,-9.604005,-6.3980665,10.573592,-7.8707395,-0.5253482,-3.8753402,-19.642262,0.013052492,1.7032099e-09,4.2032912e-08,0.986932,9.638635e-09,1.4930655e-05,5.238362e-07,7.442319e-14,3,,,,0.10068355,Test
2892,19,-5.3181143,-6.4063687,6.9047384,2.767724,-2.1690505,1.5984138,-5.304775,-12.431479,4.815403e-06,1.6218456e-06,0.97937745,0.01564111,0.00011226742,0.004857834,4.880066e-06,3.9204635e-09,2,,,,0.16227673,Test
2893,1,-1.0323225,-3.6536367,-1.4616905,2.8558128,-1.7270845,-1.0906048,-1.6503415,-4.4290285,0.019026428,0.0013833594,0.012384689,0.92886597,0.009497867,0.017949224,0.010255462,0.00063706917,3,,,,0.54167515,Test
2894,13,-8.44192,-5.8397045,12.309157,-0.45906997,0.3929101,1.926653,-7.972196,-9.288688,9.725319e-10,1.3122973e-08,0.99995947,2.8497818e-06,6.6806992e-06,3.0968346e-05,1.5556171e-09,4.1702056e-10,2,,,,0.00069012097,Test
2895,1,3.0259416,-9.774708,-8.487211,10.077233,-6.7758236,1.0147502,-2.0189877,-18.008,0.0008654345,2.3877185e-09,8.652367e-09,0.99901307,4.7905033e-08,0.00011582035,5.575055e-06,6.343223e-13,3,,,,0.011841446,Test
2896,3,-4.993284,-5.2038274,6.275921,1.6174352,0.14851692,-1.2456104,-4.567616,-4.9215875,1.2605325e-05,1.0212134e-05,0.9878878,0.009365977,0.0021558076,0.00053474674,1.9293882e-05,1.3542279e-05,2,,,,0.10628215,Test
2897,1,-5.7254515,-4.76862,8.757369,-0.4918316,-1.0807704,-1.1908447,-5.084884,-7.5919724,5.1298423e-07,1.3355202e-06,0.9997998,9.6169235e-05,5.3365835e-05,4.78034e-05,9.734173e-07,7.933848e-08,2,,,,0.0030737552,Test
2898,3,-0.7147887,-4.1340456,-1.3002369,2.7010472,-2.9451416,1.267853,-1.9076563,-7.9655695,0.025185473,0.00082449074,0.014024686,0.7667058,0.0027071987,0.18289441,0.007640015,1.7872122e-05,3,,,,1.0477479,Test
2899,1,0.80733943,-5.8266706,-4.5959487,4.648124,-3.5710702,2.5270357,-2.2380877,-11.524712,0.018793186,2.4710791e-05,8.46023e-05,0.87504834,0.00023576606,0.10491921,0.0008941044,8.2843506e-08,3,,,,0.6309435,Test
2900,20,4.2638006,-6.5615244,0.55290866,5.7890415,-4.905487,-0.7671543,-4.8469834,-14.67528,0.17769964,3.5343344e-06,0.00434577,0.8167521,1.851465e-05,0.0011608353,1.9630144e-05,1.058153e-09,3,,,,0.7275087,Test
2901,13,-11.39287,-8.062809,14.443154,-1.3989122,2.9527845,-3.008103,-8.705394,-5.1390367,6.0193872e-12,1.6818227e-10,0.9999896,1.3178723e-07,1.0228013e-05,2.6363956e-08,8.845223e-11,3.130097e-09,2,,,,0.00018828624,Test
2902,3,-8.674987,-6.4094644,14.82146,-1.7993279,1.6138362,1.0190467,-9.678378,-10.635281,6.246283e-11,6.019014e-10,0.99999714,6.048978e-08,1.8365416e-06,1.0131808e-06,2.2900995e-11,8.795823e-12,2,,,,6.07694e-05,Test
2903,16,-2.9325154,-5.355665,8.473253,-0.4223157,1.4529086,-0.36647993,-7.111999,-9.888168,1.1117887e-05,9.855112e-07,0.99881375,0.00013683211,0.00089245744,0.00014468956,1.701748e-07,1.0597915e-08,2,,,,0.014559411,Test
2904,20,-7.9592896,-8.315622,18.10416,-0.046857208,-1.1931072,2.4285023,-11.970861,-18.743464,4.7949878e-12,3.3576401e-12,0.9999999,1.3095224e-08,4.1620085e-09,1.5564963e-07,8.6812834e-14,9.937552e-17,2,,,,4.151129e-06,Test
2905,20,-0.87565684,-6.638498,-1.40026,6.0821414,-4.0518637,0.2766718,-1.9657129,-10.696506,0.0009465623,2.9742607e-06,0.00056016614,0.9951361,3.951302e-05,0.002996395,0.00031823188,5.1405415e-08,3,,,,0.052007493,Test
2906,3,12.272451,-14.179649,-10.936581,15.866043,-11.446626,-2.3379931,-5.4091897,-28.767921,0.026763406,8.7004155e-14,2.2283674e-12,0.97323656,1.3380658e-12,1.2086644e-08,5.6040556e-10,4.017297e-20,3,,,,0.17789155,Test
2907,13,5.3911033,-9.124294,-2.4432511,8.888555,-7.7842007,-0.75205225,-4.913896,-21.060633,0.029382607,1.4592634e-08,1.16325045e-05,0.97054154,5.5735015e-08,6.311778e-05,9.833003e-07,9.555358e-14,3,,,,0.19248486,Test
2908,1,1.3276155,-3.7630327,-3.9471347,4.138737,-4.280879,0.4701292,-0.9443623,-8.614352,0.055033103,0.00033867543,0.00028172747,0.91512126,0.00020178346,0.023346536,0.0056743566,2.647781e-06,3,,,,0.5259821,Test
2909,3,-2.8390558,-2.255616,5.507725,-0.16211233,-1.004445,-0.7539924,-3.8005295,-5.694375,0.00023536802,0.00042182484,0.99244916,0.0034223888,0.0014740386,0.0018935597,8.998805e-05,1.3542478e-05,2,,,,0.07887005,Test
2910,3,7.799467,-6.7777114,-5.7096233,6.9155416,-4.9865694,-2.3247426,-3.7617102,-17.50525,0.70760787,3.3037279e-07,9.613227e-07,0.29235378,1.981014e-06,2.8372944e-05,6.7427513e-06,7.2459157e-12,0,,,,0.8723868,Test
2911,13,-5.510343,-6.1186595,-0.40471077,4.638884,-3.1374066,-1.1871351,-0.31508976,-4.8197236,3.8452086e-05,2.0928179e-05,0.0063426076,0.98327106,0.00041254662,0.0029004489,0.006937289,7.671003e-05,3,,,,0.15101305,Test
2912,16,2.9242778,-6.894346,-5.523169,7.763374,-5.8500886,-1.5151429,-1.3676142,-12.70546,0.007850465,4.2728826e-07,1.6835105e-06,0.99194616,1.2140498e-06,9.265726e-05,0.00010738666,1.2793415e-09,3,,,,0.06919318,Test
2913,1,-1.4603615,-3.4189994,0.23929346,0.792671,0.07610043,1.590429,-3.2265406,-6.759664,0.02376099,0.003351496,0.13002151,0.22612263,0.110443816,0.5021181,0.004062774,0.000118687945,5,,,,1.9073526,Test
2914,3,5.081685,-5.7749796,-3.4530673,6.1279225,-5.05568,-0.9249833,-3.3077166,-13.9332285,0.2597494,5.0068525e-06,5.104565e-05,0.7394856,1.0279049e-05,0.0006395751,5.903147e-05,1.4337794e-09,3,,,,0.8357409,Test
2915,1,2.1855369,-3.4880147,1.9814864,-0.10614401,1.0843074,-2.2138536,-4.364448,-8.618434,0.4412769,0.0015160694,0.35982656,0.044611502,0.14670785,0.0054210112,0.00063108647,8.966161e-06,0,,,,1.7196648,Test
2916,20,-2.3352668,-4.133564,3.517317,0.9186316,-0.123724796,-1.4656928,-3.7198792,-3.8914933,0.0025828688,0.00042767308,0.8991812,0.06687325,0.023581035,0.006162452,0.0006468044,0.00054480566,2,,,,0.611308,Test
2917,20,-2.861541,-6.045596,3.9415796,3.9742947,-2.9211392,1.0716214,-4.003196,-11.286924,0.0005306081,2.1976384e-05,0.47789395,0.49378684,0.0004999086,0.027097208,0.00016941797,1.1632587e-07,3,,,,1.1665456,Test
2918,1,-1.805874,-6.8559175,-4.7931113,5.0652356,-3.7327435,3.614692,-1.3123915,-11.986597,0.00083831785,5.3728245e-06,4.2273477e-05,0.80815315,0.00012206181,0.18946569,0.0013731731,3.1767062e-08,3,,,,0.72698116,Test
2919,20,5.1458893,-16.990185,-12.114691,18.012463,-10.515755,-0.7224707,-3.4626753,-28.44634,2.5829563e-06,6.2884303e-16,8.2402875e-14,0.9999974,4.0771013e-13,7.3033224e-09,4.7148196e-10,6.655763e-21,3,,,,5.1855895e-05,Test
2920,20,1.8495156,-9.661789,-6.1770473,10.045026,-5.9923964,0.55752224,-2.9120889,-16.849602,0.00027579186,2.7623943e-09,9.009269e-08,0.9996458,1.08363295e-07,7.5766206e-05,2.3585362e-06,2.0876525e-12,3,,,,0.004857748,Test
2921,20,1.7625567,-7.3851643,1.2841997,6.3157234,-4.882188,1.1845901,-5.252478,-15.810671,0.010296995,1.0962403e-06,0.0063820872,0.97752017,1.3394751e-05,0.0057770074,9.249534e-06,2.4030058e-10,3,,,,0.18992579,Test
2922,13,-12.044224,-7.258331,17.778889,-2.8175814,1.3708061,-1.312794,-9.485381,-9.404698,1.1168292e-13,1.33805345e-11,0.9999999,1.1351853e-09,7.48273e-08,5.111962e-09,1.4430373e-12,1.5642944e-12,2,,,,2.0324317e-06,Test
2923,11,-3.2964106,-5.0215235,1.9692074,0.9947029,0.39094222,1.7388976,-3.6656756,-9.6233425,0.0021637026,0.00038547,0.41881898,0.1580536,0.086416066,0.33266267,0.0014956426,3.867637e-06,2,,,,1.8176571,Test
2924,11,-6.439805,-2.205332,6.3497095,-0.6577584,-2.3982596,0.36965576,-1.8392352,-6.043574,2.7785645e-06,0.00019179129,0.9959467,0.000901429,0.00015813994,0.0025184406,0.00027658115,4.129536e-06,2,,,,0.044455823,Test
2925,20,0.028547626,-4.166942,1.5417719,3.05782,-2.4803371,-0.7408216,-3.5734906,-8.319947,0.03729845,0.0005618403,0.16938533,0.7714133,0.0030345612,0.01728057,0.0010170578,8.830503e-06,3,,,,1.0425881,Test
2926,16,1.074001,-7.693528,-5.6792192,8.422438,-5.9674897,-1.5620092,-0.921491,-12.072046,0.00064309686,1.0013514e-07,7.5056823e-07,0.9992219,5.625953e-07,4.60757e-05,8.742697e-05,1.2560897e-09,3,,,,0.009812275,Test
2927,20,4.569985,-10.47168,-8.604254,11.473418,-8.239083,-1.6536974,-1.9022427,-19.195957,0.00100332,2.9439276e-10,1.9052009e-09,0.9989931,2.7449336e-09,1.9885144e-06,1.5509106e-06,4.7865388e-14,3,,,,0.011513642,Test
2928,1,-1.5660174,-7.9736166,8.645828,3.9046674,-3.7336001,0.11001344,-7.7643094,-17.611998,3.6406207e-05,6.003299e-08,0.99111384,0.008650945,4.166831e-06,0.00019456561,7.401019e-08,3.912863e-12,2,,,,0.07506033,Test
2929,1,3.3396933,-7.767586,-6.46769,8.052444,-5.1439643,1.0081708,-3.1916733,-15.152544,0.0088922875,1.3340853e-07,4.894647e-07,0.99022853,1.83911e-06,0.000863866,1.2956185e-05,8.27822e-11,3,,,,0.0836637,Test
2930,1,-2.7448852,-4.145138,-1.6355488,3.2596831,-2.1702154,-1.1763729,-0.49552473,-3.7978969,0.002347631,0.0005787723,0.007118824,0.9514382,0.004170669,0.011267457,0.022259459,0.000819054,3,,,,0.38232845,Test
2931,1,-3.9991915,-2.723579,1.0636531,-0.14401606,-0.65372026,-0.61095756,-1.1234277,-0.5391102,0.0031505653,0.011281844,0.49791363,0.14882298,0.08939398,0.09329961,0.05588778,0.100249626,2,,,,2.2050242,Test
2932,3,1.5868019,-7.5231485,-5.003155,7.1989,-5.556805,1.6874895,-2.4313269,-15.179796,0.0036252358,4.0080673e-07,4.9814344e-06,0.9922921,2.8635666e-06,0.0040092603,6.5205626e-05,1.8953751e-10,3,,,,0.07344889,Test
2933,1,-0.7274543,-2.6814547,-3.0426252,2.588729,-3.8614457,1.2872288,0.0749343,-7.01676,0.025926858,0.0036739924,0.0025602584,0.7144139,0.0011289502,0.19440864,0.05783926,4.8121496e-05,3,,,,1.2439125,Test
2934,13,-2.4676998,-4.2600207,-2.341881,1.2299051,-0.1136111,3.2105856,-2.2676842,-7.523044,0.0028830478,0.00048023838,0.0032695984,0.116332576,0.030354256,0.8431405,0.003521419,1.8379937e-05,5,,,,0.80725163,Test
2935,3,-3.9895022,-5.0089755,9.640128,-0.13583815,0.9608928,0.20079057,-7.386863,-10.513393,1.2039075e-06,4.3435176e-07,0.9996921,5.678294e-05,0.00017002868,7.950857e-05,4.0284508e-08,1.7672689e-09,2,,,,0.004490983,Test
2936,13,1.0685446,-4.426282,-0.298218,3.6498864,-3.4123013,0.31302792,-2.5156674,-9.989242,0.06674337,0.0002741797,0.017014947,0.882004,0.0007557905,0.03135388,0.0018526973,1.0521378e-06,3,,,,0.7049519,Test
2937,1,-2.3064332,-4.5748434,-1.5352985,3.7925239,-3.3975048,1.1310711,-1.3592793,-7.142395,0.0020717224,0.00021437481,0.0044795168,0.92273074,0.0006958013,0.064449675,0.005341649,1.6447499e-05,3,,,,0.4659104,Test
2938,20,2.4283965,-5.021031,-1.7382526,4.8984613,-3.954987,-1.1512122,-2.4593701,-10.568732,0.077661365,4.5181394e-05,0.0012040716,0.91820693,0.00013120082,0.0021657122,0.00058543,1.7604502e-07,3,,,,0.43883032,Test
2939,20,-6.0155206,-8.319356,8.242631,3.1928437,-2.402214,0.97166324,-6.9013295,-14.187054,6.3778947e-07,6.369929e-08,0.9929196,0.0063653053,2.3654657e-05,0.00069051486,2.630119e-07,1.8022965e-10,2,,,,0.06425153,Test
2940,1,-1.5766674,-4.8409905,-4.119545,0.15797916,-1.5212513,5.334925,-1.3399909,-10.921558,0.0009872132,3.773405e-05,7.763427e-05,0.0055944617,0.001043465,0.9910087,0.0012508297,8.6293205e-08,5,,,,0.088639565,Test
2941,3,4.3814425,-5.3413424,-1.8822268,5.341964,-4.799429,-1.3805292,-3.4962893,-13.035923,0.2763462,1.6553959e-05,0.000526231,0.7221087,2.8461101e-05,0.0008690823,0.00010476063,7.536807e-09,3,,,,0.8685767,Test
2942,16,-12.333977,-8.879944,19.080757,-2.5974305,3.6490164,-1.3964823,-11.833804,-11.041118,2.2738108e-14,7.1915374e-13,0.99999976,3.8484188e-10,1.986461e-07,1.2789328e-09,3.7495238e-14,8.283912e-14,2,,,,4.7303456e-06,Test
2943,1,-3.6570127,-5.5251875,3.8351974,-1.281486,4.841215,-0.98146707,-5.9282947,-5.446718,0.00014865948,2.2953805e-05,0.26669705,0.0015990825,0.7293335,0.002158576,1.5338655e-05,2.482753e-05,4,,,,0.8774579,Test
2944,20,4.0651217,-10.760611,-7.7583103,11.706915,-7.955901,-1.713146,-2.239761,-17.868116,0.0004797356,1.7469008e-10,3.5168244e-09,0.9995179,2.8862803e-09,1.4843356e-06,8.7664966e-07,1.4305984e-13,3,,,,0.0060312073,Test
2945,1,-5.08078,-4.187674,7.3124685,-1.050518,2.154875,-0.9938533,-5.9246573,-4.563795,4.120698e-06,1.0065644e-05,0.9937801,0.000231895,0.0057197334,0.00024541462,1.7720655e-06,6.9102625e-06,2,,,,0.057692777,Test
2946,3,5.74038,-10.272555,-7.799197,9.8095665,-4.3216577,-0.5139426,-4.677005,-19.316944,0.016803516,1.8666821e-09,2.2142984e-08,0.9831629,7.1698986e-07,3.2298503e-05,5.0255954e-07,2.2036501e-13,3,,,,0.1236509,Test
2947,1,-3.1216123,-3.0368307,3.8031466,0.27427942,0.36264998,-1.3258663,-3.177598,-3.8507957,0.0009181649,0.0009994035,0.93391055,0.02739919,0.029930677,0.0055309944,0.0008681735,0.0004428335,2,,,,0.460294,Test
2948,20,2.344761,-9.772933,-6.1334147,9.665398,-6.1404805,1.4961426,-3.2198484,-17.699974,0.0006611141,3.6110077e-09,1.3748372e-07,0.99905306,1.3651587e-07,0.00028296068,2.5327786e-06,1.3030426e-12,3,,,,0.011737361,Test
2949,20,1.1129813,-5.9236727,-3.694593,5.716694,-3.8215382,0.43844557,-2.2531562,-11.137136,0.009860524,8.668022e-06,8.053725e-05,0.9846161,7.09358e-05,0.00502288,0.0003404121,4.7178204e-08,3,,,,0.13223727,Test
2950,3,7.0075216,-10.146735,-7.9688444,10.783797,-7.233509,-0.7590659,-3.9049132,-20.61789,0.02239461,7.945925e-10,7.0143975e-09,0.9775955,1.4633292e-08,9.487625e-06,4.082568e-07,2.2520578e-14,3,,,,0.15486383,Test
2951,7,-13.446566,-8.27467,19.37023,-2.3503416,1.0265108,-1.5904782,-10.215749,-10.144647,5.5956026e-15,9.862176e-13,1.0,3.6887196e-10,1.0800003e-08,7.8864204e-10,1.4157038e-13,1.5200281e-13,2,,,,3.212751e-07,Test
2952,20,4.5348687,-8.495098,-4.0904055,8.400177,-6.8207936,-1.0103323,-3.3200176,-18.324236,0.020524412,4.5022336e-08,3.6843574e-06,0.9793835,2.4019803e-07,8.017161e-05,7.960436e-06,2.424866e-12,3,,,,0.14580356,Test
2953,20,-0.27389437,-8.366895,3.4295437,5.956631,-4.3912764,-0.008097697,-6.373938,-16.850668,0.0018151051,5.5482514e-07,0.07366895,0.92211396,2.9562776e-05,0.0023677496,4.0708624e-06,1.14736255e-10,3,,,,0.42278245,Test
2954,11,-2.9547565,-6.5682826,0.37532902,5.144197,-3.1984098,0.35973614,-2.357627,-10.112982,0.00029849863,8.046514e-06,0.008340268,0.9823654,0.0002339511,0.008211227,0.00054234086,2.3236157e-07,3,,,,0.15204191,Test
2955,19,-2.1529267,-5.8099146,8.397212,1.7275772,-1.3084903,-0.37482178,-7.2608976,-11.679242,2.615032e-05,6.7494324e-07,0.99849045,0.0012669467,6.084308e-05,0.00015477402,1.5816606e-07,1.906561e-09,2,,,,0.017596494,Test
2956,19,-0.9579028,-5.272244,-2.662992,4.8786554,-3.6049287,-0.5332828,-1.1710231,-7.1398306,0.0028884758,3.8634385e-05,0.00052499835,0.9895866,0.00020468212,0.0044165067,0.0023340583,5.9688637e-06,3,,,,0.10316506,Test
2957,3,-6.3434825,-5.7555785,13.248262,-0.23434058,-0.71481156,1.8920656,-8.5899,-13.309818,3.1003236e-09,5.5812373e-09,0.99998605,1.3949988e-06,8.627959e-07,1.1696624e-05,3.2794492e-10,2.923924e-12,2,,,,0.00025652023,Test
2958,1,2.693839,-8.313507,-6.904101,9.061906,-6.380201,-0.35213006,-1.6105747,-14.630157,0.0017123551,2.8389943e-08,1.1621474e-07,0.9981828,1.9624045e-07,8.142285e-05,2.3131865e-05,5.1271747e-11,3,,,,0.019825578,Test
2959,13,0.75079185,-3.3161335,4.839957,0.37078583,-1.6006222,-0.0961529,-4.738866,-10.397947,0.016150098,0.00027665077,0.96400005,0.01104436,0.0015380448,0.0069239144,6.66879e-05,2.3245515e-07,2,,,,0.2871617,Test
2960,19,4.6142354,-4.232796,-1.5478446,3.3275936,-3.4815028,-2.198945,-3.25894,-11.763214,0.7811076,0.00011232951,0.0016464691,0.21573938,0.00023810928,0.00085858675,0.00029746382,6.026638e-08,0,,,,0.78754056,Test
2961,3,5.958042,-6.787775,-6.0566745,6.4403486,-3.9934232,-0.7627126,-3.400572,-15.361729,0.38151124,1.111909e-06,2.3098426e-06,0.6179742,1.818196e-05,0.00045996063,3.2893713e-05,2.1011066e-10,3,,,,0.9654283,Test
2962,1,3.386728,-7.8779593,-5.393717,8.421373,-5.950628,0.33555165,-3.158623,-15.824863,0.0064643733,8.285814e-08,9.936366e-07,0.99321896,5.6932987e-07,0.00030578562,9.28788e-06,2.9311505e-11,3,,,,0.060525995,Test
2963,3,-3.2857642,-4.4180717,-0.38455117,0.5092598,1.4527125,2.8367162,-3.019795,-6.4512806,0.001573319,0.0005070629,0.028628439,0.06998012,0.17976746,0.7174245,0.0020527013,6.6382054e-05,5,,,,1.243504,Test
2964,3,0.44326478,-7.224207,1.032439,5.766721,-4.7794957,0.024249148,-4.6258197,-15.483648,0.004794697,2.2429542e-06,0.008642438,0.9833512,2.5855015e-05,0.0031534422,3.0149899e-05,5.804839e-10,3,,,,0.14708677,Test
2965,19,-2.0473304,-4.638578,10.7339,-2.5812576,0.22112925,-1.937221,-7.4713497,-14.157442,2.8129803e-06,2.107668e-07,0.99996495,1.6492451e-06,2.7186074e-05,3.1404118e-06,1.2403529e-08,1.548147e-11,2,,,,0.0006088478,Test
2966,19,-5.1404085,-5.2177796,8.691298,0.24503192,1.5867141,-0.48242372,-6.54493,-7.939155,9.828126e-07,9.096391e-07,0.9988594,0.0002144559,0.00082039513,0.00010361146,2.412654e-07,5.983983e-08,2,,,,0.0140846,Test
2967,1,3.7507043,-5.233103,-5.213681,6.2368336,-5.355919,-1.3920867,-1.4859824,-10.768939,0.07676834,9.628626e-06,9.817457e-06,0.92234707,8.51581e-06,0.00044843167,0.00040824228,3.7964842e-08,3,,,,0.40191448,Test
2968,20,-6.8389397,-3.5515716,7.911187,-0.5562492,-0.89633584,-0.6984294,-3.9407167,-4.698625,3.9251535e-07,1.0508539e-05,0.9994368,0.0002100846,0.00014951914,0.00018224117,7.120965e-06,3.337211e-06,2,,,,0.007907247,Test
2969,19,-4.833559,-3.6436431,7.005744,-0.40954348,-1.1434753,-0.8937052,-4.244881,-4.5328574,7.205847e-06,2.3684206e-05,0.99868613,0.0006011884,0.00028858116,0.0003704604,1.2982083e-05,9.733708e-06,2,,,,0.016802642,Test
2970,20,9.565837,-14.849179,-11.232386,15.806709,-9.74263,-1.0529023,-5.2266536,-28.29338,0.0019443674,4.846988e-14,1.8039524e-12,0.9980557,8.002353e-12,4.7546497e-08,7.3194956e-10,7.026338e-20,3,,,,0.02031557,Test
2971,1,1.565602,-3.3556466,-2.6577969,3.2758098,-3.1356518,-1.4538869,-1.3449349,-6.7511287,0.15004538,0.0010938343,0.0021979804,0.8297675,0.0013629941,0.0073261405,0.008169444,3.6670124e-05,3,,,,0.78629756,Test
2972,13,-2.670477,-7.579818,-0.5880029,4.304507,-0.050652146,3.9018073,-4.860295,-11.63137,0.00055327546,4.0817044e-06,0.0044396473,0.5917501,0.007598308,0.39559263,6.193206e-05,7.100272e-08,3,,,,1.0723047,Test
2973,1,-3.9213932,-3.143571,1.4324131,0.5005591,-1.2122664,-0.7445489,-1.3680934,-1.4450557,0.002765631,0.006020025,0.5846862,0.23026282,0.04152916,0.06629493,0.0355368,0.032904405,2,,,,1.7917706,Test
2974,1,0.09552148,-3.86232,-3.036033,4.227528,-3.795542,-0.05108307,-0.8668196,-7.228413,0.015472143,0.00029558473,0.00067535724,0.9639581,0.00031599702,0.01336229,0.0059103193,1.0204837e-05,3,,,,0.2854641,Test
2975,16,-0.008188741,-5.4203844,-1.948166,3.5805128,-1.527674,-1.1599573,-2.625405,-7.1901445,0.026354704,0.00011759026,0.0037873609,0.9536992,0.005767055,0.008330124,0.0019240464,2.0034304e-05,3,,,,0.353587,Test
2976,20,4.9878454,-7.594245,-3.8373199,7.8246193,-5.7893033,-1.163028,-3.895305,-15.899136,0.05536155,1.9005348e-07,8.137433e-06,0.9445033,1.1554528e-06,0.00011800977,7.679009e-06,4.700106e-11,3,,,,0.31076887,Test
2977,1,3.6884968,-5.9903893,-4.173385,4.1468873,-0.7085472,0.029062275,-4.21828,-12.681486,0.38162065,2.3886088e-05,0.00014698057,0.60354316,0.004699157,0.009825612,0.00014052779,2.9664623e-08,3,,,,1.0759428,Test
2978,3,0.97795403,-6.432442,-1.8953704,4.1828012,-0.97785974,1.5034997,-4.236719,-12.87778,0.036301438,2.1959857e-05,0.0020514214,0.89489347,0.005134816,0.061399594,0.00019734226,3.487025e-08,3,,,,0.6243442,Test
2979,20,-1.8427811,-3.819962,3.4077003,2.0370271,-2.6668525,1.7154045,-4.080645,-9.504005,0.0036250702,0.00050192385,0.6911489,0.17550756,0.0015901093,0.12723802,0.0003867449,1.7064318e-06,2,,,,1.2414769,Test
2980,19,2.632519,-7.471552,-1.3188013,7.251212,-5.6191983,-0.63451916,-3.8173432,-14.863983,0.009763649,3.9945698e-07,0.0001877482,0.98965806,2.5464592e-06,0.0003721822,1.5433785e-05,2.46024e-10,3,,,,0.08691447,Test
2981,3,1.1838856,-4.2755957,-1.2185317,2.255745,-0.18760438,-0.44327384,-3.4494092,-7.7962804,0.22343251,0.00095087575,0.020220404,0.65260285,0.056691222,0.04390157,0.0021723604,2.8126135e-05,3,,,,1.4606141,Test
2982,3,-5.382707,-5.5605955,10.647603,1.2317257,-1.5516711,1.9320391,-7.2911234,-11.904173,1.0914808e-07,9.136082e-08,0.99974936,8.140059e-05,5.0328467e-06,0.00016397207,1.6188299e-08,1.6061234e-10,2,,,,0.0036228346,Test
2983,19,-2.5781498,-4.2978916,9.230374,0.076609254,-1.2492334,0.13168623,-6.2859807,-11.002817,7.438965e-06,1.3324106e-06,0.9997453,0.00010579372,2.809659e-05,0.00011178392,1.8248275e-07,1.6320202e-09,2,,,,0.003813527,Test
2984,3,2.1104612,-6.7143497,-3.647961,4.2162347,-0.45915705,0.35669443,-4.369771,-11.429611,0.10561919,1.5530175e-05,0.00033334334,0.8674983,0.008086709,0.01828486,0.00016196215,1.391119e-07,3,,,,0.6883323,Test
2985,11,-8.616377,-8.78531,17.558111,0.69914114,-0.9642902,1.6051223,-11.344717,-17.556456,4.2910562e-12,3.624075e-12,0.9999999,4.7669655e-08,9.032814e-09,1.1795192e-07,2.8032456e-13,5.622602e-16,2,,,,4.459789e-06,Test
2986,20,9.946614,-11.236953,-9.107364,12.678394,-9.580571,-1.8129019,-4.420606,-23.477585,0.061123904,3.8574862e-11,3.2446895e-10,0.9388757,2.0214481e-10,4.7765934e-07,3.520516e-08,1.8632274e-16,3,,,,0.33190194,Test
2987,17,-8.258907,-8.319686,15.233973,1.6565931,-0.8410793,1.7866348,-9.802373,-15.062404,6.2686016e-11,5.898958e-11,0.99999714,1.2688722e-06,1.0439802e-07,1.4450872e-06,1.3392192e-11,6.9574514e-14,2,,,,5.9357324e-05,Test
2988,1,-0.6165424,-8.881396,-5.962157,8.239688,-4.3941693,2.008392,-1.9406234,-14.805144,0.00014218525,3.659943e-08,6.7808435e-07,0.99785334,3.25276e-06,0.0019626797,3.782803e-05,9.790914e-11,3,,,,0.02319087,Test
2989,1,-3.5042014,-3.2189136,1.5467776,1.0936718,-1.2667081,-1.6324123,-1.4716852,-1.971594,0.0034975836,0.0046522934,0.5462362,0.34721553,0.032771718,0.022734,0.026698006,0.016194634,2,,,,1.5926068,Test
2990,1,1.8083979,-4.6370606,-2.2458367,3.084904,-0.91450465,-1.0950625,-3.0395446,-8.217195,0.21135224,0.00033556734,0.0036666968,0.75750655,0.013882423,0.011589109,0.0016579524,9.352926e-06,3,,,,0.98662484,Test
2991,1,1.3257748,-5.0220265,-5.0117946,4.770141,-4.70401,0.31123126,-0.54026866,-10.477251,0.030444488,5.329588e-05,5.3844e-05,0.95362586,7.3249765e-05,0.0110381935,0.004710819,2.2778207e-07,3,,,,0.32940552,Test
2992,20,-3.195134,-5.1363664,4.8844714,1.4540172,-0.24590547,2.1969047,-5.6545877,-9.5754175,0.00027992175,4.0176303e-05,0.9035757,0.029250763,0.0053440463,0.061484993,2.392817e-05,4.7436737e-07,2,,,,0.5732175,Test
2993,1,-1.1875492,-4.1231265,-1.7922448,3.4962943,-2.8261054,-0.8367818,-1.0026984,-5.304928,0.008879562,0.00047150516,0.004850379,0.96063626,0.0017249468,0.012610374,0.010682458,0.00014462286,3,,,,0.32586834,Test
2994,13,-0.15551475,-4.951649,5.546932,2.3187125,-3.0192719,0.431798,-5.4799623,-12.381985,0.003181254,2.6282327e-05,0.9531024,0.037769526,0.00018150324,0.0057235435,1.5496018e-05,1.558511e-08,2,,,,0.31649953,Test
2995,20,10.986661,-16.096428,-12.753211,17.960907,-12.221828,-2.1098528,-4.9068284,-30.347975,0.00093479693,1.6168928e-15,4.5774274e-14,0.9990652,7.787506e-14,1.9185542e-09,1.1702071e-10,1.0454716e-21,3,,,,0.010754948,Test
2996,19,1.8262361,-3.6408863,0.5322537,3.0940745,-3.4776325,-0.5893496,-2.8513126,-9.122063,0.20262726,0.0008557696,0.055555675,0.7199678,0.0010075279,0.018097658,0.001884796,3.5637906e-06,3,,,,1.1802206,Test
2997,1,3.2604516,-8.147099,-6.1088367,7.1994233,-3.514747,0.98089504,-3.7843254,-14.686846,0.019058438,2.1176368e-07,1.6257627e-06,0.97895116,2.1759852e-05,0.0019502419,1.6618036e-05,3.0596753e-10,3,,,,0.15712734,Test
2998,1,2.4464955,-8.657434,-6.6654296,7.251033,-3.423107,3.0522237,-3.9021056,-16.475328,0.008006387,1.2052054e-07,8.8344194e-07,0.97728366,2.261e-05,0.014672395,1.4004715e-05,4.8505755e-11,3,,,,0.17812055,Test
2999,1,-1.4633102,-6.378848,-2.2393074,3.559814,-0.22969401,1.6553439,-3.3962567,-8.005302,0.00556953,4.083455e-05,0.0025633462,0.84592855,0.019123673,0.12596005,0.0008060286,8.029107e-06,3,,,,0.76264316,Test
3000,19,1.2894382,-5.3868637,0.55544215,3.7680905,-2.8241978,-1.5862873,-3.3710601,-9.060074,0.07413642,9.344383e-05,0.035584524,0.88409024,0.0012119991,0.004179457,0.00070145994,2.372989e-06,3,,,,0.66008633,Test
3001,1,11.251675,-16.973555,-11.32647,18.39238,-12.269774,-1.5624199,-6.2420325,-32.072655,0.00079156633,4.3694335e-16,1.2385796e-13,0.9992085,4.822268e-14,2.1547493e-09,2.0001686e-11,1.2105149e-22,3,,,,0.00929717,Test
3002,1,-2.777551,-2.8869443,3.8337414,0.36102697,-1.1848358,0.76086193,-3.39531,-5.7866726,0.001237121,0.0011089275,0.9197292,0.02854166,0.006083025,0.042572126,0.00066699524,6.103337e-05,2,,,,0.5268448,Test
3003,20,2.975244,-11.951489,3.5474176,8.575852,-7.4535804,-0.9590803,-8.535246,-26.43416,0.0036578763,1.2040127e-09,0.0064821765,0.9897883,1.0815543e-07,7.154405e-05,3.6667927e-08,6.1785505e-16,3,,,,0.092376195,Test
3004,19,-5.285613,-4.4160676,12.300289,-1.3289673,-0.79118764,-0.035872508,-7.211825,-12.768521,2.3042839e-08,5.4976287e-08,0.9999924,1.2047194e-06,2.0627222e-06,4.3900527e-06,3.3573255e-09,1.2964359e-11,2,,,,0.00015396239,Test
3005,1,4.187102,-9.072514,-7.888322,10.005706,-7.0286317,-0.23227398,-2.176056,-17.022478,0.0029628247,5.1656834e-09,1.6881696e-08,0.9969964,3.9881787e-08,3.567758e-05,5.1076563e-06,1.8218092e-12,3,,,,0.029829433,Test
3006,13,-4.624977,-3.7949138,5.4797587,1.00593,-1.1439549,-1.6721888,-3.2189503,-4.004369,4.0325212e-05,9.248447e-05,0.9862975,0.011247313,0.0013102848,0.0007726034,0.00016451532,7.500736e-05,2,,,,0.11790868,Test
3007,1,4.6026945,-4.5599003,-2.8754628,3.7759788,-3.0821197,-2.0767875,-2.8374927,-10.443112,0.69422376,7.281739e-05,0.00039244347,0.30371162,0.0003191736,0.0008722426,0.00040763093,2.0285634e-07,0,,,,0.910284,Test
3008,1,-3.9276648,-4.2191005,8.724225,-0.24019969,0.5304012,0.1349646,-6.4480314,-8.098151,3.1995967e-06,2.390708e-06,0.9994042,0.00012780292,0.0002761905,0.00018598286,2.573439e-07,4.9416958e-08,2,,,,0.00819228,Test
3009,20,0.39934853,-9.526112,-6.7537646,9.911432,-6.694877,1.1774242,-1.4475993,-16.123167,7.393452e-05,3.616386e-09,5.7848165e-08,0.9997533,6.135699e-08,0.00016097611,1.1660793e-05,4.9341234e-12,3,,,,0.0035929184,Test
3010,16,-2.5940015,-4.3242793,7.1182055,-0.22635663,1.1814445,-1.9454241,-5.6552434,-6.6145782,6.0330156e-05,1.0692623e-05,0.99653435,0.0006438571,0.0026314175,0.000115400624,2.8252307e-06,1.0824799e-06,2,,,,0.03697311,Test
3011,1,0.8904151,-3.2740679,-0.7432938,1.8747795,-2.0413463,-1.5387291,-2.01937,-5.6492643,0.24484597,0.003804354,0.047794975,0.6552349,0.013051041,0.021573925,0.013341029,0.0003537905,3,,,,1.4251866,Test
3012,19,-4.001445,-5.0793133,3.5553753,1.3893423,1.7218955,-0.3235429,-4.326053,-5.3219695,0.00040307234,0.00013717364,0.77137965,0.08842438,0.12330991,0.015946869,0.0002913447,0.00010761832,2,,,,1.0770146,Test
3013,1,-5.606325,-4.228551,7.615532,-0.903534,0.4886954,2.0199847,-5.9093413,-7.252126,1.8020714e-06,7.1471313e-06,0.9952944,0.00019868647,0.0007994768,0.003696888,1.3309862e-06,3.4754373e-07,2,,,,0.047500495,Test
3014,3,1.058197,-5.3281226,-1.3322129,1.2357109,2.5783794,-1.653849,-4.5869026,-9.081329,0.14428858,0.00024304612,0.013215698,0.17231587,0.6598402,0.0095808795,0.0005100306,5.6975946e-06,4,,,,1.3912456,Test
3015,1,6.4439745,-6.356557,-5.6190186,6.1732044,-4.9910173,-1.4588184,-3.3798728,-15.079867,0.5671393,1.5649109e-06,3.271888e-06,0.43260926,6.1310648e-06,0.0002096768,3.07077e-05,2.5468538e-10,0,,,,0.9902316,Test
3016,3,9.692654,-11.264695,-9.289673,12.919721,-9.525887,-1.7542958,-4.119677,-23.170267,0.038159736,3.019565e-11,2.1761364e-10,0.9618398,1.7183033e-10,4.076225e-07,3.828125e-08,2.039012e-16,3,,,,0.23380026,Test
3017,19,-2.3408864,-4.658708,3.7114055,2.770567,-2.0009227,1.697792,-4.099816,-9.308292,0.0015374556,0.00015142078,0.6535511,0.25508127,0.0021599666,0.087252595,0.0002647947,1.4484266e-06,2,,,,1.249397,Test
3018,19,-10.953341,-7.8252096,18.280361,-1.7141104,1.7116839,1.0687314,-11.267963,-13.6077585,2.0135601e-13,4.5972085e-12,0.9999999,2.0725779e-09,6.372569e-08,3.3503028e-08,1.4700281e-13,1.4163348e-14,2,,,,2.587145e-06,Test
3019,16,0.097190306,-4.647702,-0.483234,2.460077,0.31625244,-0.9439701,-3.8751621,-6.6561475,0.07242244,0.00062978506,0.040532008,0.7692399,0.09015932,0.025568366,0.0013636481,8.4515406e-05,3,,,,1.2219399,Test
3020,3,5.1881547,-11.495931,-8.070411,12.125606,-7.4342666,-0.337535,-4.291017,-20.078459,0.00096979574,5.50648e-11,1.6926162e-09,0.9990263,3.1976621e-09,3.862814e-06,7.411882e-08,1.031644e-14,3,,,,0.011183114,Test
3021,13,-8.718795,-9.226624,7.875436,4.023719,-1.6916612,1.8626416,-6.251342,-14.132534,6.067622e-08,3.6515033e-08,0.97679025,0.020750182,6.836975e-05,0.00239044,7.155166e-07,2.7030986e-10,2,,,,0.1708818,Test
3022,20,7.4311304,-11.245975,-5.680843,11.808459,-8.398718,-1.2741036,-5.072822,-22.492188,0.012403066,9.597661e-11,2.5065225e-08,0.98759484,1.6546787e-09,2.0553875e-06,4.6039613e-08,1.253132e-15,3,,,,0.09637661,Test
3023,16,4.8768935,-3.3560634,-1.8411607,2.2081008,-1.6563181,-2.2439754,-3.2435367,-10.379108,0.9316447,0.000247584,0.0011262542,0.06459641,0.0013549165,0.00075282896,0.0002770718,2.2062393e-07,0,,,,0.38847277,Test
3024,19,-1.8880451,-6.2026033,2.5984702,4.433647,-2.696135,2.5582426,-4.9236116,-12.323979,0.0013658546,1.8264835e-05,0.12130353,0.76011735,0.00060877326,0.11652062,6.562583e-05,4.009926e-08,3,,,,1.0520177,Test
3025,1,-1.1059352,-2.2374344,-0.6244397,-0.27491468,-1.3534971,1.0140355,-1.2636454,-6.136964,0.06575085,0.021207897,0.10641731,0.15094163,0.051331818,0.5477634,0.056157634,0.00042949052,5,,,,2.0654879,Test
3026,1,0.6372398,-5.7968435,-3.9354775,6.3061633,-4.631155,-0.40623432,-1.4545971,-9.642548,0.0034338858,5.514411e-06,3.547152e-05,0.9948738,1.7690934e-05,0.0012095136,0.00042394805,1.17850284e-07,3,,,,0.05286048,Test
3027,1,-3.4810774,-2.8028314,1.2008148,-0.21083355,-0.8645958,3.3401608,-2.717279,-6.3512664,0.00093434093,0.0018410437,0.10088472,0.024589762,0.012788775,0.8569029,0.0020054828,5.296613e-05,5,,,,0.7814994,Test
3028,13,-3.7408507,-4.1088796,8.516531,0.5358704,-1.4665283,1.3462298,-6.0759177,-9.933177,4.744396e-06,3.2835837e-06,0.9988356,0.00034161523,4.612184e-05,0.0007681953,4.5927612e-07,9.702599e-09,2,,,,0.014378606,Test
3029,16,-15.374151,-8.997262,20.137026,-3.6033325,2.0464904,-3.8037376,-10.374682,-6.2824917,3.7817406e-16,2.2240223e-13,1.0,4.8943315e-11,1.3911693e-08,4.0055168e-11,5.6096258e-14,3.3585307e-12,2,,,,3.6628265e-07,Test
3030,1,-0.17894414,-4.6268864,-0.29254514,4.279562,-3.8508003,-0.6549672,-1.9602469,-8.728824,0.011226116,0.000131375,0.010020586,0.96946937,0.00028547135,0.0069742133,0.0018906862,2.1730211e-06,3,,,,0.2547866,Test
3031,1,0.727488,-3.4392116,-2.500297,3.6106367,-3.0233712,0.4399391,-1.7309818,-7.724142,0.050543398,0.0007835914,0.0020038038,0.9032334,0.0011876458,0.037912592,0.004324785,1.0793644e-05,3,,,,0.6009974,Test
3032,1,2.771458,-9.408242,-7.4269876,8.800515,-4.5109344,1.539152,-3.3561294,-17.096188,0.002400281,1.2322125e-08,8.935802e-08,0.9968928,1.6502875e-06,0.00069996854,5.2370256e-06,5.647468e-12,3,,,,0.03282635,Test
3033,13,-5.861648,-4.685517,6.9291453,-0.5211697,1.6874254,2.0604007,-5.930667,-6.804149,2.7490007e-06,8.911733e-06,0.9866107,0.00057347585,0.0052203024,0.007580132,2.5656684e-06,1.0711537e-06,2,,,,0.11860067,Test
3034,3,9.515846,-8.953068,-6.17208,9.512097,-7.928041,-2.8202987,-4.1915607,-20.852583,0.5009358,4.7734745e-09,7.701977e-08,0.49906138,1.3304479e-08,2.199187e-06,5.5812416e-07,3.2429544e-14,0,,,,1.000054,Test
3035,3,-0.31518427,-5.859236,4.981115,3.342303,-4.0862846,-0.21212687,-5.4800434,-14.622156,0.0041579735,1.6260372e-05,0.8299179,0.1611789,9.574439e-05,0.004609342,2.3758095e-05,2.543563e-09,2,,,,0.7182062,Test
3036,3,4.7842016,-6.6126833,-5.982173,6.5487432,-5.1022406,-1.2128834,-2.3263402,-14.523967,0.14615008,1.6413259e-06,3.0833442e-06,0.85335505,7.4331315e-06,0.00036332736,0.00011932455,6.016835e-10,3,,,,0.6066436,Test
3037,13,-0.651261,-6.5003915,4.413562,4.564636,-3.3786273,0.365763,-5.478356,-12.715385,0.0028870811,8.321738e-06,0.45717612,0.5317339,0.00018878993,0.007982647,2.3124827e-05,1.6637047e-08,3,,,,1.0835806,Test
3038,3,-12.207428,-7.945335,15.826465,-2.676441,3.1448774,-3.4673836,-9.30145,-4.7829356,6.6839524e-13,4.7428294e-11,0.9999969,9.210627e-09,3.1078162e-06,4.176254e-09,1.2220362e-11,1.1205986e-09,2,,,,6.172864e-05,Test
3039,7,-5.117716,-6.9288645,3.6152868,-1.691241,5.8024454,1.3952334,-6.8257213,-7.3109612,1.6079734e-05,2.6284943e-06,0.099763975,0.000494741,0.8888831,0.010834695,2.914082e-06,1.7937599e-06,4,,,,0.559357,Test
3040,1,-2.6928198,-6.182287,-3.534209,5.8810596,-3.5543132,0.7872825,-0.44550443,-9.626897,0.00018742637,5.719712e-06,8.0801576e-05,0.9917887,7.919333e-05,0.006084429,0.0017734844,1.825573e-07,3,,,,0.07739299,Test
3041,1,6.1710215,-7.7735257,-7.824805,8.790998,-7.2608004,-1.8255858,-1.7312189,-16.461002,0.067860484,5.964544e-08,5.6663975e-08,0.93209136,9.959795e-08,2.2842009e-05,2.5102523e-05,1.0061295e-11,3,,,,0.3586937,Test
3042,3,6.7060566,-5.60039,-4.056169,5.8065367,-4.7631145,-2.2559617,-3.3371315,-15.206943,0.7107459,3.2143466e-06,1.5057017e-05,0.28910646,7.4253417e-06,9.11086e-05,3.090389e-05,2.1628188e-10,0,,,,0.8698167,Test
3043,11,4.736942,-8.472991,-3.579288,9.004988,-6.496745,-0.591431,-3.9413323,-16.616865,0.01381458,2.5312625e-08,3.3778842e-06,0.98611253,1.826457e-07,6.7027795e-05,2.3518594e-06,7.353552e-12,3,,,,0.10627704,Test
3044,20,-1.8275491,-2.751402,6.2459536,-0.03622721,-2.0052743,0.678324,-4.513834,-8.844958,0.00030970544,0.00012294888,0.993634,0.0018574195,0.0002592767,0.0037952075,2.1101341e-05,2.775407e-07,2,,,,0.06515567,Test
3045,3,0.14944465,-2.2154636,1.4552486,1.5892165,-2.7778027,0.07762399,-2.5531077,-7.2729654,0.09944095,0.009343265,0.36700222,0.41961423,0.005324488,0.092549466,0.0066659423,5.9436556e-05,3,,,,1.8576066,Test
3046,3,5.2677746,-4.379052,-0.15684687,3.5645864,-4.8882594,-1.9369746,-3.5447865,-12.734423,0.8421023,5.442535e-05,0.0037109202,0.15334854,3.2708085e-05,0.0006257229,0.00012534823,1.27970505e-08,0,,,,0.66311425,Test
3047,20,2.497605,-10.856618,-7.017428,11.013423,-6.6773844,2.346769,-3.7517757,-20.129295,0.00020020062,3.175411e-10,1.4761781e-08,0.9996271,2.0740442e-08,0.00017217029,3.8671737e-07,2.983506e-14,3,,,,0.0051593655,Test
3048,1,-4.910934,-4.7444434,9.510203,0.42528045,-0.92114675,0.7935639,-6.3810434,-9.719911,5.455645e-07,6.443948e-07,0.9996921,0.00011332727,2.948415e-05,0.00016378639,1.2542539e-07,4.449732e-09,2,,,,0.004460659,Test
3049,1,1.5391111,-4.3697505,-3.1958623,4.7456985,-4.086334,-1.8839843,-1.0181452,-6.8673515,0.038729485,0.00010516124,0.00034014875,0.9564117,0.00013961806,0.0012630203,0.0030021989,8.652889e-06,3,,,,0.28771293,Test
3050,19,9.602724,-10.750614,-7.054837,11.810954,-9.20394,-2.2142649,-4.4082627,-22.38553,0.099013776,1.4333515e-10,5.7730944e-09,0.90098536,6.7307737e-10,7.305375e-07,8.1433136e-08,1.2687429e-15,3,,,,0.46587962,Test
3051,1,0.68757313,-2.622091,-1.3663365,2.9351263,-3.7878926,-1.1511428,-1.2740833,-6.2516584,0.091396734,0.0033385789,0.011720039,0.8650288,0.0010405445,0.014534039,0.012852693,8.8564695e-05,3,,,,0.78003186,Test
3052,20,-3.5532076,-5.5073285,10.479802,0.90913326,-1.8141711,0.64287895,-7.125274,-12.658705,8.0442493e-07,1.1397807e-07,0.9998714,6.9735725e-05,4.578672e-06,5.343459e-05,2.2602519e-08,8.933422e-11,2,,,,0.002007489,Test
3053,13,-6.9613056,-2.5566857,7.6267314,-0.43623662,-3.0029292,1.7587048,-2.919685,-9.288048,4.6035657e-07,3.767008e-05,0.9967782,0.0003139756,2.4109908e-05,0.0028193363,2.6202824e-05,4.4936893e-08,2,,,,0.03350838,Test
3054,3,4.780571,-3.5806463,-1.1092944,3.250872,-4.1101317,-1.4764272,-2.9768443,-11.365873,0.81827414,0.00019127941,0.0022644503,0.17723887,0.000112645925,0.0015686249,0.0003498615,7.9540285e-08,0,,,,0.7215615,Test
3055,16,-8.1819315,-3.805622,9.994787,-1.1174264,-1.1153778,-0.18704377,-4.3568754,-6.6594815,1.2762059e-08,1.0151452e-06,0.9999305,1.4927839e-05,1.4958451e-05,3.7849193e-05,5.849543e-07,5.849423e-08,2,,,,0.0011692167,Test
3056,1,1.5466897,-4.647292,-4.597515,5.083902,-4.8566895,-0.2131869,-0.68341804,-9.59775,0.028045451,5.7259887e-05,6.018219e-05,0.9639492,4.64419e-05,0.004825672,0.0030153592,4.0540925e-07,3,,,,0.26037675,Test
3057,1,-2.7645922,-3.7089338,-0.052418638,0.88292176,0.2530261,1.2666848,-2.3244236,-4.9916615,0.00750378,0.0029184865,0.11302174,0.2879885,0.15339632,0.4227088,0.011653135,0.00080923736,5,,,,1.973395,Test
3058,19,7.27023,-4.7941947,-3.4254136,4.665443,-5.327857,-2.2720459,-2.6771848,-14.525166,0.93103784,5.363575e-06,2.1081836e-05,0.06882128,3.1454845e-06,6.680512e-05,4.4551274e-05,3.1867473e-10,0,,,,0.3637477,Test
3059,3,5.7878,-7.619765,-5.987472,7.923053,-5.493004,-1.2206054,-3.1189075,-17.122448,0.10570548,1.5895199e-07,8.1313397e-07,0.8941823,1.333235e-06,9.5584175e-05,1.4320689e-05,1.18659605e-11,3,,,,0.48852155,Test
3060,20,-3.312073,-3.8853233,0.4523529,2.4170249,-2.4399946,2.0870278,-1.8775816,-8.024693,0.0017235439,0.0009715449,0.07435183,0.53031987,0.0041225045,0.38126066,0.007234593,1.5479529e-05,3,,,,1.4043462,Test
3061,19,2.8598268,-6.197016,3.4938831,3.2838948,-3.0840826,-1.0569369,-6.06272,-14.770246,0.22541893,2.6281712e-05,0.4249693,0.34447742,0.0005909943,0.004487057,3.0059227e-05,4.9698907e-09,2,,,,1.5809808,Test
3062,13,15.90463,-13.659179,-9.863723,14.809883,-12.963839,-4.263489,-5.4504056,-31.246893,0.7492745,1.0845313e-13,4.8260037e-12,0.25072554,2.1738224e-13,1.3053856e-09,3.9835174e-10,2.4945627e-21,0,,,,0.8124261,Test
3063,13,-4.544771,-4.916948,4.4514403,2.7219517,-0.97936237,-1.1004099,-2.793876,-6.688196,0.00010440003,7.1955925e-05,0.8427637,0.14948529,0.0036909499,0.0032701513,0.0006013189,1.224117e-05,2,,,,0.68370533,Test
3064,20,2.8996277,-10.740113,-7.5820355,10.738475,-6.154414,1.1839819,-3.2492764,-19.092024,0.00039393958,4.696403e-10,1.1048439e-08,0.99953425,4.6058435e-08,7.084906e-05,8.413847e-07,1.1080953e-13,3,,,,0.0061221025,Test
3065,1,-4.683477,-2.8768067,6.355654,-0.67675626,-0.7002602,0.22593011,-4.0673337,-6.4903717,1.5995687e-05,9.7415985e-05,0.995948,0.00087922445,0.0008588003,0.0021683609,2.9620402e-05,2.625903e-06,2,,,,0.044742163,Test
3066,1,0.7586853,-7.3821197,-4.2295637,2.8483849,1.0921116,3.7394664,-4.923164,-13.224619,0.03312142,9.651667e-06,0.00022580822,0.26770338,0.046228956,0.6525979,0.000112853035,2.8005113e-08,5,,,,1.2830416,Test
3067,20,-1.6868131,-5.086901,5.9039536,1.5834756,-1.4613048,-1.0981331,-5.278239,-12.254783,0.0004974467,1.6599972e-05,0.9848605,0.01309227,0.00062328076,0.0008962045,1.3709148e-05,1.2797801e-08,2,,,,0.12522314,Test
3068,1,-3.7812765,-4.0699854,8.585936,-0.0341463,-1.4186529,1.4371145,-6.2780094,-10.527382,4.2515326e-06,3.1853776e-06,0.9989818,0.00018026173,4.514609e-05,0.00078498997,3.5012917e-07,4.9974593e-09,2,,,,0.012600744,Test
3069,19,8.05727,-11.5214405,-8.784347,12.965888,-8.936879,-1.5046747,-4.058377,-22.425495,0.007328576,2.3019402e-11,3.554663e-10,0.9926709,3.051788e-10,5.15608e-07,4.0110752e-08,4.231774e-16,3,,,,0.0625227,Test
3070,1,2.0777261,-7.1791987,-5.579804,7.8624454,-5.381463,-0.22758792,-1.835015,-12.770562,0.0030636166,2.9241735e-07,1.4474763e-06,0.99656624,1.7650216e-06,0.00030552674,6.122838e-05,1.0906994e-09,3,,,,0.035020974,Test
3071,19,-0.6477749,-4.55336,0.803042,4.024734,-3.1934962,0.61815137,-3.0020342,-9.027244,0.008622737,0.00017356843,0.036789745,0.92233753,0.0006761644,0.030579463,0.0008188479,1.9791933e-06,3,,,,0.5135705,Test
3072,8,-3.242207,-10.159156,-1.6273313,-3.2255678,10.062935,0.95144576,-8.099829,-12.099304,1.6657026e-06,1.6504568e-09,8.373926e-06,1.6936497e-06,0.9998779,0.00011037671,1.2940736e-08,2.371422e-10,4,,,,0.0018331021,Test
3073,16,-2.992982,-4.3626304,8.5048275,-0.39228672,1.0324948,-0.84759647,-6.3738747,-9.06255,1.0144141e-05,2.5786017e-06,0.9991954,0.00013667309,0.00056814274,8.668509e-05,3.4507394e-07,2.3455003e-08,2,,,,0.010433993,Test
3074,1,1.5617175,-5.773336,-3.6035442,5.7262597,-3.7153804,-0.9677046,-1.5735348,-9.583211,0.015267668,9.958627e-06,8.720236e-05,0.98267615,7.797552e-05,0.0012169103,0.00066397217,2.2059294e-07,3,,,,0.13809337,Test
3075,20,0.17760842,-5.957395,-1.4091681,5.2632527,-3.1724203,0.70249575,-2.9139683,-10.850808,0.006073061,1.3152534e-05,0.0012424509,0.9819172,0.00021306334,0.010265101,0.00027590067,9.858865e-08,3,,,,0.15645033,Test
3076,3,2.843122,-10.159034,-6.7567096,10.557032,-6.8571877,0.10773748,-2.6215923,-17.361797,0.00044635904,1.0067468e-09,3.023641e-08,0.9995228,2.7345981e-08,2.8954892e-05,1.889683e-06,7.4954783e-13,3,,,,0.0061301314,Test
3077,19,-3.7124035,-4.95359,6.128417,1.4135668,0.16917878,1.3104461,-5.8921576,-8.419898,5.2205112e-05,1.50894275e-05,0.9806793,0.00878807,0.0025319948,0.0079270005,5.9027966e-06,4.7127463e-07,2,,,,0.16588661,Test
3078,3,-2.6196415,-9.332232,5.0137,6.0986075,-4.712793,-0.26175755,-6.078874,-18.355139,0.00012208323,1.4839358e-07,0.25221694,0.7463518,1.50526175e-05,0.001290245,3.8399935e-06,1.7898485e-11,3,,,,0.83052045,Test
3079,1,-3.8904028,-1.936846,-0.06894608,1.214078,-4.0964465,0.27490807,1.5021503,-5.6956887,0.0019855544,0.01400557,0.09068164,0.327137,0.0016158398,0.12789494,0.43635294,0.00032647976,6,,,,1.86575,Test
3080,20,1.9233856,-9.120698,-3.7333694,8.786317,-5.388499,1.0874581,-3.8636832,-16.762682,0.0010442703,1.6688924e-08,3.648511e-06,0.99849546,6.971106e-07,0.0004526622,3.2027353e-06,8.008597e-12,3,,,,0.01767839,Test
3081,1,-7.324137,-9.254043,19.76798,0.11489949,-1.1428463,2.7557545,-13.0050125,-20.355482,1.7141268e-12,2.4882608e-13,1.0,2.9159157e-09,8.289779e-10,4.0896303e-08,5.846139e-15,3.7549277e-18,2,,,,1.111499e-06,Test
3082,3,3.614021,-7.856905,-5.478644,7.9149337,-5.501891,-1.5291476,-2.5485475,-13.955574,0.013373405,1.3947039e-07,1.5043465e-06,0.9865173,1.4697786e-06,7.808944e-05,2.8175567e-05,3.1323025e-10,3,,,,0.1041146,Test
3083,20,3.560551,-2.4268856,0.5876108,1.5704648,-3.0413995,-1.4813831,-2.7071288,-9.529467,0.83328885,0.0020916306,0.04262497,0.113896966,0.0011313704,0.0053840796,0.0015804358,1.7213663e-06,0,,,,0.8552705,Test
3084,1,0.04651917,-2.694652,-0.67143995,1.9678118,-1.5288994,-1.3236908,-1.7344122,-5.49016,0.110921085,0.0071538268,0.054101393,0.75756675,0.022951892,0.028179906,0.018688112,0.00043698348,3,,,,1.3162488,Test
3085,20,5.002318,-9.162228,-4.2141614,9.543126,-7.281907,-0.3241115,-4.252241,-19.04333,0.010551682,7.442831e-09,1.04871e-06,0.98939484,4.879222e-08,5.1295894e-05,1.0095266e-06,3.8056548e-13,3,,,,0.08527823,Test
3086,19,-0.552569,-7.2116303,-3.27225,6.1904173,-3.8577666,1.5560746,-2.1970313,-12.329861,0.0011660128,1.4952351e-06,7.683529e-05,0.9888832,4.278331e-05,0.009604517,0.0002251762,8.951381e-09,3,,,,0.09610932,Test
3087,3,-1.4644569,-8.052103,-1.8259436,6.30944,-2.7719052,2.787218,-4.002266,-13.559323,0.0004081649,5.6215634e-07,0.00028434402,0.97050166,0.000110412446,0.02866254,3.226109e-05,2.2808786e-09,3,,,,0.19869909,Test
3088,3,2.0996776,-4.800838,-0.5810555,2.3053954,-1.3018261,-0.9485119,-3.895818,-9.330812,0.41995713,0.00042300843,0.02877249,0.5158781,0.013994282,0.019924762,0.0010456693,4.5604356e-06,3,,,,1.3794836,Test
3089,1,4.3430758,-9.871976,-4.2235794,10.115711,-7.3876486,-1.1191623,-4.3085604,-19.538586,0.0031018502,2.0801887e-09,5.904318e-07,0.9968838,2.494776e-08,1.3164394e-05,5.423292e-07,1.318096e-13,3,,,,0.030572893,Test
3090,3,2.4843302,-5.0149536,-2.6215582,4.895481,-3.688751,0.06526309,-2.9337366,-11.680443,0.08163982,4.518606e-05,0.00049481506,0.91002136,0.00017020287,0.0072663217,0.00036213078,5.7573057e-08,3,,,,0.48286363,Test
3091,13,-0.037595224,-7.4735336,-3.703338,7.1566806,-4.4062533,0.9901858,-2.479594,-12.283749,0.0007486675,4.414706e-07,1.9154777e-05,0.99706465,9.484293e-06,0.002092419,6.5124215e-05,3.5962675e-09,3,,,,0.03199954,Test
3092,3,5.856984,-8.7785225,-3.9093354,9.112392,-6.83311,-0.840126,-4.332196,-18.012333,0.037131198,1.6353818e-08,2.1295132e-06,0.9628193,1.14419784e-07,4.58375e-05,1.3951925e-06,1.5974461e-12,3,,,,0.22978021,Test
3093,13,-3.8783886,-6.356165,-0.43682504,4.101954,-2.9186635,2.7306118,-2.016523,-10.488854,0.00026982964,2.2646724e-05,0.008428334,0.78869396,0.0007045196,0.20014381,0.0017365519,3.632459e-07,3,,,,0.8195426,Test
3094,1,-1.9728389,-3.9940774,2.8242607,-1.2928436,3.14004,-0.26511484,-4.8398643,-6.2390733,0.0033783768,0.0004476055,0.40931907,0.006668473,0.56131047,0.018636452,0.00019212098,4.7413938e-05,4,,,,1.1861844,Test
3095,11,0.9225295,-4.949221,-3.499329,5.551423,-4.578639,-0.17916784,-1.1981131,-9.7850065,0.009627245,2.7128943e-05,0.000115641305,0.9858365,3.9298397e-05,0.0031991964,0.0011548316,2.154161e-07,3,,,,0.12506598,Test
3096,3,4.4901805,-12.070093,-7.245897,12.770366,-7.798013,-0.22027956,-3.8428447,-21.11174,0.00025342527,1.6286025e-11,2.0273874e-09,0.99974424,1.1672279e-09,2.2809895e-06,6.093449e-08,1.9278663e-15,3,,,,0.003440703,Test
3097,20,-7.56263,-6.599301,8.693131,3.134622,-1.3444163,0.54888314,-5.1688704,-10.069886,8.6775344e-08,2.2738664e-07,0.9958275,0.0038384348,4.3544405e-05,0.00028918922,9.505903e-07,7.07146e-09,2,,,,0.040868085,Test
3098,20,-0.8041942,-6.808476,-0.70603764,6.091129,-5.0188866,-0.11532579,-2.4577346,-13.810631,0.0010081176,2.4881963e-06,0.0011120902,0.9956618,1.4896809e-05,0.002007626,0.00019292462,2.2640563e-09,3,,,,0.047847148,Test
3099,20,9.031242,-6.6892004,-6.520017,6.7375846,-5.745662,-2.542108,-3.7727501,-17.964272,0.9083398,1.3519069e-07,1.601113e-07,0.09164852,3.4731218e-07,8.550784e-06,2.497728e-06,1.714927e-12,0,,,,0.44216838,Test
3100,1,-1.2535839,-4.1187997,3.577983,1.9153461,-3.2559333,-0.1500374,-3.0453744,-11.60099,0.0065119914,0.00037099363,0.8166513,0.15486835,0.00087923417,0.019632611,0.0010852983,2.0887782e-07,2,,,,0.8378341,Test
3101,20,1.4828458,-8.383167,-6.192818,8.753404,-6.1843343,-0.09983276,-1.4588578,-14.481548,0.0006951148,3.6082938e-08,3.225209e-07,0.9991247,3.2526873e-07,0.00014279337,3.668521e-05,8.1060395e-11,3,,,,0.010933712,Test
3102,3,1.1414521,-6.294051,-1.6577332,5.97398,-4.2512984,-0.23356129,-2.7957752,-11.713013,0.0078823175,4.650032e-06,0.0004797151,0.98945075,3.5860143e-05,0.0019929353,0.00015372263,2.0607764e-08,3,,,,0.09594099,Test
3103,1,-8.067089,-3.3043697,10.89293,-2.5164452,-0.89159733,-1.652742,-4.37065,-5.591158,5.8312652e-09,6.8262943e-07,0.9999863,1.5009851e-06,7.6214683e-06,3.5602272e-06,2.3502028e-07,6.9349795e-08,2,,,,0.00026379645,Test
3104,13,7.322513,-16.075115,-12.278634,17.268492,-9.576017,0.51956236,-5.4044485,-28.390966,4.7917678e-05,3.3039655e-15,1.4717196e-13,0.9999521,2.1956191e-12,5.321221e-08,1.4231373e-10,1.4802274e-20,3,,,,0.0007580006,Test
3105,19,-4.01931,-3.4538991,7.8886967,-1.7796528,0.5405069,-0.6844011,-5.581013,-8.461677,6.730087e-06,1.1846099e-05,0.9990846,6.319628e-05,0.0006431673,0.00018895268,1.4118281e-06,7.9200106e-08,2,,,,0.011696903,Test
3106,1,-0.25602046,-5.396914,-3.3226504,4.928951,-3.0344932,-2.2302096,-0.68151194,-8.431732,0.0055409186,3.2427997e-05,0.00025808412,0.9894326,0.0003442758,0.00076948875,0.0036207058,1.5592477e-06,3,,,,0.10156977,Test
3107,20,-2.8177133,-4.7135506,7.6342735,0.8786655,-1.5666071,0.38886845,-6.0712647,-10.181019,2.8832792e-05,4.3304676e-06,0.9979911,0.0011619925,0.000100747624,0.00071201177,1.1140052e-06,1.8282833e-08,2,,,,0.023540778,Test
3108,1,-5.156034,-1.3543357,-4.764951,0.85326767,-10.026033,-2.5731065,8.5615835,-12.158469,1.1022767e-06,4.9356797e-05,1.6298053e-06,0.00044884565,8.458182e-09,1.4589536e-05,0.9994844,1.002701e-09,6,,,,0.0067292843,Test
3109,1,-9.466971,-4.573241,12.441781,-2.616458,0.08817216,-2.0301301,-5.8899617,-4.6717143,3.0559588e-10,4.0781902e-08,0.9999949,2.8859426e-07,4.3141326e-06,5.187122e-07,1.09300675e-08,3.69574e-08,2,,,,0.00010376764,Test
3110,3,1.542212,-3.0659666,-2.4700503,1.9685123,-2.4037118,0.10825142,-1.8202854,-8.3146105,0.35062614,0.0034957281,0.0063436762,0.5370122,0.006778779,0.08357631,0.012148711,1.836879e-05,3,,,,1.5123663,Test
3111,20,2.9915004,-9.524644,-4.8092957,9.300379,-5.032483,0.39882818,-3.997272,-16.554293,0.0018165145,6.661102e-09,7.436973e-07,0.9980446,5.949317e-07,0.00013591137,1.6751487e-06,5.8966968e-12,3,,,,0.021162486,Test
3112,3,-2.2380595,-5.494044,-0.013634335,1.195158,1.8482366,2.58372,-4.3149576,-8.7151985,0.004442577,0.00017122962,0.041085668,0.1376139,0.2644178,0.5517052,0.000556736,6.8335917e-06,5,,,,1.6067843,Test
3113,20,-2.0584812,-6.3042293,1.2236352,4.5479455,-1.6287774,0.10450278,-3.334848,-9.020323,0.0012853554,1.8412733e-05,0.034231685,0.95095044,0.0019753368,0.011178801,0.00035867756,1.2176824e-06,3,,,,0.34263837,Test
3114,16,-7.9966135,-6.740386,12.623266,0.30413446,-0.14550848,2.1783507,-8.447282,-12.64826,1.108878e-09,3.8945496e-09,0.9999635,4.465326e-06,2.8482339e-06,2.9094766e-05,7.0657946e-10,1.0585216e-11,2,,,,0.0006229591,Test
3115,3,5.9930797,-7.7024064,-6.7368836,8.063815,-5.6529,-0.8439455,-3.2726593,-16.523958,0.1119591,1.2623657e-07,3.3151744e-07,0.8879088,9.801099e-07,0.00012016475,1.0592539e-05,1.8622352e-11,3,,,,0.50773466,Test
3116,19,-7.9073625,-7.0662155,11.126293,2.0056388,-1.1180383,0.97543436,-6.986088,-11.1436,5.416541e-09,1.256109e-08,0.9998468,0.00010936635,4.811582e-06,3.9036553e-05,1.3609004e-08,2.129323e-10,2,,,,0.0023176037,Test
3117,1,-1.6051769,-7.1768165,-5.245936,2.9664545,-2.015613,5.7567887,-2.0584564,-13.568417,0.0005973859,2.2725985e-06,1.5670883e-05,0.057768263,0.00039628244,0.9408406,0.00037966293,3.807906e-09,5,,,,0.3358905,Test
3118,1,1.5030212,-5.007548,-3.951727,3.5953066,-3.0955293,1.5618787,-2.0445814,-10.466083,0.097955965,0.00014572247,0.00041885526,0.7937777,0.0009860655,0.10389445,0.0028205041,6.207479e-07,3,,,,0.9725118,Test
3119,3,1.1028779,-6.7837768,-3.1652594,5.776503,-3.7232368,2.0966282,-3.7804236,-13.56938,0.009023923,3.3905076e-06,0.00012640569,0.96632886,7.235032e-05,0.024376739,6.8328896e-05,3.831025e-09,3,,,,0.24329917,Test
3120,1,0.30802333,-3.608294,-3.5367253,1.9787784,-2.648811,2.4841187,-1.388918,-9.273263,0.06491561,0.0012927487,0.0013886605,0.3451031,0.0033745226,0.57202554,0.011895341,4.4797066e-06,5,,,,1.3762021,Test
3121,3,-0.1396966,-2.8900707,2.3274124,-0.59795445,1.7032789,-0.6941901,-4.159505,-7.2499795,0.049036328,0.0031336152,0.5780558,0.031009808,0.3096792,0.02816466,0.0008805161,4.004621e-05,2,,,,1.5301316,Test
3122,19,-4.013995,-4.964622,9.996908,0.6376717,-1.3220607,0.13741706,-6.566873,-11.309887,8.223866e-07,3.1785117e-07,0.9998481,8.615275e-05,1.2138594e-05,5.2240986e-05,6.402875e-08,5.578411e-10,2,,,,0.0023484852,Test
3123,13,0.6641738,-9.09118,-5.1010756,8.237776,-3.8004553,2.6767395,-3.7291899,-15.828596,0.0005116011,2.9664355e-08,1.6036713e-06,0.9956464,5.8880014e-06,0.003828052,6.3229245e-06,3.5173257e-11,3,,,,0.0428395,Test
3124,13,-5.36459,-3.796827,2.8300796,1.0976124,-0.3080646,1.1973039,-2.3392527,-4.986218,0.00019400238,0.00093041774,0.702598,0.12425273,0.030466894,0.13727815,0.0039966335,0.00028322526,2,,,,1.3252848,Test
3125,19,0.8181561,-5.909854,2.74621,4.4456873,-3.3493798,-0.044345755,-4.8803673,-11.958852,0.021768432,2.6054902e-05,0.14968225,0.8189245,0.0003372014,0.009188556,7.2944036e-05,6.149546e-08,3,,,,0.83380145,Test
3126,1,0.41929746,-5.2973423,-3.5324898,5.4870253,-4.4620514,-1.2888287,-0.8682845,-8.274873,0.006238283,2.0528636e-05,0.00011990182,0.9907211,4.7328453e-05,0.0011304084,0.0017213746,1.0452858e-06,3,,,,0.08847124,Test
3127,1,1.1223317,-5.2844977,-4.096842,4.775283,-2.7879457,0.83214027,-1.9559394,-9.826271,0.024746561,4.0837996e-05,0.00013392346,0.95492977,0.000495796,0.018513406,0.0011393018,4.3510806e-07,3,,,,0.32105827,Test
3128,20,6.923036,-11.702401,-8.773871,12.05322,-6.411685,0.28868344,-5.321187,-22.944313,0.005880641,4.7918152e-11,8.96075e-10,0.9941116,9.5110595e-09,7.729691e-06,2.8302587e-08,6.283479e-16,3,,,,0.052176796,Test
3129,3,0.4390605,-7.791993,1.7840906,5.9228015,-4.2960587,0.20651168,-5.332318,-15.984547,0.0040586293,1.0806333e-06,0.015578241,0.9770972,3.5640434e-05,0.0032165074,1.2644497e-05,2.9901787e-10,3,,,,0.18582962,Test
3130,20,11.06254,-9.905384,-7.296752,10.7942,-9.349755,-2.769105,-4.4163165,-23.569717,0.56668496,4.4369847e-10,6.025636e-09,0.43331432,7.7338197e-10,5.576152e-07,1.0738893e-07,5.161123e-16,0,,,,0.9871452,Test
3131,1,1.4073964,-4.816676,-3.8285534,5.3760943,-4.8003273,-2.1102805,-0.6689662,-8.171971,0.018491114,3.6633883e-05,9.840539e-05,0.97846824,3.7237693e-05,0.0005485995,0.0023185168,1.2784884e-06,3,,,,0.16583875,Test
3132,3,6.4639683,-8.234642,-4.0147324,8.504955,-6.8446794,-0.9825737,-4.3509374,-18.186172,0.1149579,4.7534996e-08,3.2336793e-06,0.8849693,1.9083885e-07,6.7072855e-05,2.3103894e-06,2.2652635e-12,3,,,,0.51582146,Test
3133,13,-3.8627048,-4.60687,5.830762,1.7096591,-1.5547485,2.9578996,-5.468381,-9.711547,5.746246e-05,2.7302176e-05,0.9315434,0.015115792,0.000577719,0.05266655,1.15358e-05,1.6567773e-07,2,,,,0.41802314,Test
3134,20,9.037677,-10.467722,-8.121667,11.117914,-8.130629,-1.7702596,-4.1038713,-22.887993,0.11103226,3.7528583e-10,3.9195887e-09,0.8889653,3.8846233e-09,2.2470977e-06,2.1784489e-07,1.5146346e-15,3,,,,0.503072,Test
3135,19,-1.1991575,-7.2526565,6.948361,3.7008731,-3.109315,0.09181912,-7.0216217,-14.308678,0.00027825098,6.5378566e-07,0.96129984,0.037367396,4.1196996e-05,0.001011814,8.237069e-07,5.636954e-10,2,,,,0.24592002,Test
3136,19,2.1343184,-5.9696746,3.4721525,3.9655523,-3.3274803,-0.65065116,-5.6323,-13.57362,0.08993559,2.71902e-05,0.34272483,0.5613406,0.0003818586,0.0055518127,3.810061e-05,1.3553777e-08,3,,,,1.3565233,Test
3137,3,-3.2353656,-10.1705885,-2.8086941,5.382515,0.29235634,6.4212418,-5.5641193,-15.960963,4.7189795e-05,4.5911207e-08,7.230184e-05,0.26094326,0.0016066395,0.73732585,4.597093e-06,1.4034304e-10,5,,,,0.84657335,Test
3138,1,2.1233003,-5.8801928,-5.409587,5.8251643,-4.393854,-0.29049253,-1.1610622,-11.909648,0.02400842,8.025848e-06,1.2849092e-05,0.97288764,3.5481273e-05,0.0021481602,0.0008994625,1.931665e-08,3,,,,0.19676223,Test
3139,19,-3.4704475,-8.210951,7.7162504,4.005352,-1.4887313,-0.19708799,-7.8116174,-13.630641,1.3520164e-05,1.1808849e-07,0.97567046,0.02386055,9.809127e-05,0.0003569308,1.7604985e-07,5.2295707e-10,2,,,,0.16887853,Test
3140,13,-5.9322715,-7.802436,3.2632763,2.4308264,1.0457287,3.4542835,-5.633915,-11.692139,3.6844187e-05,5.677625e-06,0.3630317,0.15791237,0.03952536,0.43943828,4.9652757e-05,1.1611551e-07,5,,,,1.6580576,Test
3141,3,-2.0492382,-7.9531145,-2.8791027,4.793634,-0.3989857,2.0947409,-3.9418669,-9.610994,0.0009930206,2.709802e-06,0.0004330646,0.93063605,0.005171943,0.06261314,0.00014962367,5.163321e-07,3,,,,0.4027949,Test
3142,3,-4.9013395,-2.734984,4.580981,-0.026604744,-1.6523634,1.4433379,-3.080477,-5.4674573,7.2107185e-05,0.0006292382,0.94645107,0.009441679,0.0018577669,0.041061725,0.0004454195,4.0937088e-05,2,,,,0.35788587,Test
3143,20,13.842021,-16.46059,-13.057228,18.200075,-12.759476,-2.645567,-5.7348833,-33.04749,0.012641424,8.7405404e-16,2.6278498e-14,0.9873585,3.5392628e-14,8.7363e-10,3.977902e-11,5.469399e-23,3,,,,0.097835,Test
3144,11,-1.2221252,-11.414207,-6.4218326,11.469947,-6.8043633,0.8832337,-1.3929493,-17.996117,3.075316e-06,1.1521902e-10,1.697015e-08,0.999969,1.1575882e-08,2.52485e-05,2.592399e-06,1.5960163e-13,3,,,,0.0005354269,Test
3145,3,2.51447,-3.9413128,4.6214757,1.2845311,-3.28737,-0.9332975,-5.0451913,-12.464727,0.104681104,0.00016449686,0.86085343,0.030599378,0.00031634507,0.0033305949,5.4544264e-05,3.269533e-08,2,,,,0.71477175,Test
3146,16,2.0479527,-10.047016,-6.040593,10.417996,-6.184841,-1.2143762,-2.3336227,-16.355822,0.000231649,1.2943527e-09,7.112456e-08,0.9997565,6.157068e-08,8.871946e-06,2.8969189e-06,2.3559843e-12,3,,,,0.003353961,Test
3147,1,-3.5040998,-2.9472537,-1.0911442,2.0981593,-3.0431988,-0.7362421,0.27057484,-2.2551465,0.0028609838,0.0049928743,0.031948376,0.77543545,0.004536094,0.045559693,0.124691196,0.009975368,3,,,,1.1847532,Test
3148,16,4.3549924,-7.216466,-7.058243,8.256667,-6.326967,-0.455522,-1.7216437,-14.686641,0.019803653,1.867776e-07,2.1879644e-07,0.9799888,4.5460018e-07,0.00016127447,4.5466957e-05,1.0643124e-10,3,,,,0.14333645,Test
3149,11,-2.630962,-5.5447946,0.4558535,1.350256,2.7852886,-0.42359558,-4.24812,-5.663879,0.003216305,0.00017454033,0.07046022,0.17233682,0.72377706,0.0292418,0.0006383141,0.00015494518,4,,,,1.230936,Test
3150,20,6.7200947,-14.652765,-11.271357,15.770107,-9.359163,0.11333521,-4.481033,-26.09415,0.00011737576,6.13004e-14,1.8029779e-12,0.99988246,1.2202404e-11,1.5859862e-07,1.6032097e-09,6.584652e-19,3,,,,0.0017057206,Test
3151,1,1.436599,-7.6741548,-6.0332904,8.041132,-5.380053,0.3446052,-1.6617122,-14.129003,0.0013516847,1.4932262e-07,7.704483e-07,0.99813133,1.4806121e-06,0.00045355366,6.0995222e-05,2.3486602e-10,3,,,,0.021515403,Test
3152,13,-1.5759845,-7.46895,4.90549,5.1716967,-4.17335,1.8199372,-5.9297156,-15.536479,0.0006510646,1.7961476e-06,0.42510152,0.55475956,4.848445e-05,0.019429166,8.371878e-06,5.6319444e-10,3,,,,1.1144375,Test
3153,20,0.77634305,-10.28626,-5.024844,9.834496,-6.341491,-0.8233249,-2.1827466,-18.335957,0.00011642089,1.8264336e-09,3.5205227e-07,0.9998536,9.436141e-08,2.3512765e-05,6.0382954e-06,5.8299454e-13,3,,,,0.0022086375,Test
3154,16,1.9179753,-10.678372,-7.506257,11.057227,-6.4720225,-1.0193326,-1.5603725,-17.182178,0.00010735513,3.6332767e-10,8.668235e-09,0.99988353,2.4383342e-08,5.6907047e-06,3.3128028e-06,5.4416546e-13,3,,,,0.0017436713,Test
3155,13,8.511506,-11.593319,-6.909952,12.5331955,-8.947214,-1.42495,-5.0112705,-23.384027,0.01760708,3.2679304e-11,3.5337282e-09,0.98239213,4.6074594e-10,8.518036e-07,2.3595007e-08,2.475335e-16,3,,,,0.12780467,Test
3156,13,2.638636,-11.958251,-8.568676,12.799115,-8.106183,0.07957111,-2.3986745,-20.032095,3.8667138e-05,1.7700858e-11,5.2489013e-10,0.99995816,8.3353946e-10,2.9919468e-06,2.5099519e-07,5.5152856e-15,3,,,,0.000687789,Test
3157,16,0.8739506,-6.0168123,-4.221185,6.2312503,-4.348984,-1.4553412,-1.3989403,-9.502775,0.004686821,4.767144e-06,2.8713692e-05,0.9943152,2.5268915e-05,0.00045633077,0.00048280784,1.459901e-07,3,,,,0.05573065,Test
3158,1,-3.8451834,-3.311885,1.0631403,0.9053331,-0.9356578,3.100597,-2.2984452,-7.166667,0.00076011044,0.0012956422,0.10292826,0.0879022,0.013946574,0.7895702,0.0035695755,2.743942e-05,5,,,,1.0508312,Test
3159,1,-4.0820103,-6.175108,6.0303526,-1.6643362,5.2323623,-0.6571179,-7.756387,-8.7969675,2.7944447e-05,3.4456782e-06,0.68871397,0.0003135292,0.31008166,0.00085843494,7.088169e-07,2.503892e-07,2,,,,0.90725714,Test
3160,20,9.140236,-18.349813,-13.879872,19.609425,-11.236248,-0.8765679,-5.3246574,-32.67558,2.8397284e-05,3.269647e-17,2.8560856e-15,0.9999716,4.0168193e-14,1.2677517e-09,1.4833834e-11,1.9629041e-23,3,,,,0.00046987864,Test
3161,3,-8.777614,-5.568467,14.065453,-1.3547411,0.14987905,-0.45332402,-7.839909,-9.609245,1.2005529e-10,2.9723277e-09,0.99999833,2.0095288e-07,9.0477926e-07,4.949651e-07,3.0663505e-10,5.226472e-11,2,,,,3.533784e-05,Test
3162,1,7.621603,-14.857503,-11.808074,15.191806,-8.207069,1.4884939,-5.637179,-26.851288,0.0005153216,8.9028015e-14,1.8787838e-12,0.9994836,6.882922e-11,1.1181573e-06,8.992125e-10,5.504168e-19,3,,,,0.0063954387,Test
3163,11,12.144172,-18.853529,-15.108247,20.772348,-12.600034,-1.1561668,-6.4176774,-35.143173,0.0001789587,6.1747933e-18,2.6132285e-16,0.9998211,3.2098184e-15,2.995639e-10,1.5539761e-12,5.201405e-25,3,,,,0.0024859114,Test
3164,13,0.44316795,-10.731985,-4.4277344,10.160136,-6.1688695,1.1483892,-3.5283592,-18.651194,6.02413e-05,8.4447643e-10,4.6183666e-07,0.9998161,8.0969755e-08,0.00012194612,1.1352253e-06,3.071277e-13,3,,,,0.0027293253,Test
3165,20,6.593334,-11.013945,-9.341486,11.836356,-8.058039,-0.6128098,-3.122306,-21.405087,0.005256465,1.1856327e-10,6.313784e-10,0.99473935,2.2786824e-09,3.9003635e-06,3.1713554e-07,3.6402715e-15,3,,,,0.04744686,Test
3166,20,1.2895055,-7.5015426,-4.658846,6.0804615,-3.668994,2.8610327,-3.3396568,-14.473692,0.007920793,1.2046609e-06,2.067438e-05,0.9537937,5.5631368e-05,0.038130656,7.733019e-05,1.1295332e-09,3,,,,0.30227956,Test
3167,3,-6.2011833,-3.4823256,7.723326,-0.13849825,-0.83437234,2.6047254,-5.012827,-7.5047827,8.908704e-07,1.3508248e-05,0.99346364,0.00038265286,0.00019080548,0.005945274,2.9235543e-06,2.4191795e-07,2,,,,0.060355354,Test
3168,3,3.2952895,-5.7306013,-3.7031362,5.258105,-2.7019875,-1.0003128,-3.1368153,-12.115091,0.12287883,1.4776863e-05,0.00011222755,0.87481636,0.00030541662,0.001674637,0.0001977194,2.4936408e-08,3,,,,0.56361735,Test
3169,19,-0.52313054,-5.6749845,10.248194,0.036235824,-1.7652774,0.14878057,-8.213214,-15.307828,2.099074e-05,1.2150836e-07,0.999895,3.672463e-05,6.0613584e-06,4.109936e-05,9.599914e-09,7.963698e-12,2,,,,0.0017256181,Test
3170,16,-19.184025,-11.540162,29.127453,-4.3838363,2.1297011,-2.1302843,-14.736874,-15.5636835,1.0437389e-21,2.1791126e-18,1.0,2.7940402e-15,1.8837603e-12,2.6603431e-14,8.9117925e-20,3.8984008e-20,2,,,,7.470647e-11,Test
3171,3,-1.3208319,-6.1047063,-0.22326383,1.0560832,3.7917309,1.0195919,-5.831817,-9.410183,0.005228232,4.37265e-05,0.015668325,0.056316532,0.86838555,0.05429851,5.7445843e-05,1.6039627e-06,4,,,,0.77378845,Test
3172,1,11.205914,-16.877876,-14.536542,19.13442,-12.199329,-1.0712597,-5.3815584,-31.397648,0.00036019422,2.2903453e-16,2.3808385e-15,0.99963975,2.4647275e-14,1.6773659e-09,2.2526245e-11,1.1325201e-22,3,,,,0.004639841,Test
3173,20,0.8451303,-7.401696,-4.9601064,6.441274,-3.8606112,1.7050399,-2.4554088,-13.855325,0.0036657199,9.607451e-07,1.1040201e-05,0.9874921,3.314985e-05,0.008661902,0.00013513051,1.5129791e-09,3,,,,0.10936842,Test
3174,19,-4.6265635,-4.5208106,-4.355137,0.023822881,-5.2957206,7.0206766,1.7505437,-13.814341,8.69021e-06,9.6595795e-06,1.1400114e-05,0.0009092163,4.4506055e-06,0.9939447,0.005111784,8.8885066e-10,5,,,,0.0573793,Test
3175,13,4.095793,-4.109476,1.2479314,2.9412699,-4.176245,-1.2495687,-3.8769405,-12.450345,0.7252579,0.00019814789,0.042041868,0.22860701,0.00018534984,0.0034596436,0.00025002204,4.72711e-08,0,,,,1.0510547,Test
3176,16,-12.240906,-8.101046,15.887068,-2.508833,3.028075,-3.1899903,-9.396235,-5.2894516,6.0838037e-13,3.820266e-11,0.9999974,1.02508695e-08,2.6026114e-06,5.1872537e-09,1.046165e-11,6.355553e-10,2,,,,5.2502208e-05,Test
3177,20,-3.2855213,-7.8170433,-2.5799491,7.1806684,-3.6830347,-0.8332575,-0.9866291,-9.865206,2.8462891e-05,3.0638262e-07,5.7637495e-05,0.9992803,1.9126748e-05,0.0003305854,0.0002835797,3.9514678e-08,3,,,,0.009751006,Test
3178,13,-4.394416,-3.8202105,7.323183,0.12862526,-0.47202078,0.35946608,-4.6395717,-7.527121,8.131754e-06,1.4439711e-05,0.99786735,0.00074905914,0.00041082688,0.00094355876,6.3637667e-06,3.5454218e-07,2,,,,0.02544184,Test
3179,1,-1.7090573,-4.4980216,-1.4990067,1.1887221,0.4451714,1.1127034,-2.173665,-5.9761634,0.021505782,0.0013222801,0.026532555,0.38998228,0.18540648,0.36143515,0.013513837,0.00030156062,3,,,,1.8693565,Test
3180,20,2.816311,-9.877742,-6.2526145,10.573946,-6.7301927,-0.71378505,-2.1702516,-16.857473,0.000427277,1.3114535e-09,4.9218126e-08,0.9995572,3.0529236e-08,1.2520115e-05,2.9179164e-06,1.2203758e-12,3,,,,0.005680545,Test
3181,1,5.9136004,-11.878216,-9.436653,13.10639,-7.6909914,-0.20277579,-4.0694265,-22.491882,0.0007514222,1.4092771e-11,1.619398e-10,0.99924695,9.2786423e-10,1.6579656e-06,3.4698516e-08,3.4636882e-16,3,,,,0.008917233,Test
3182,20,11.662159,-12.824461,-10.770359,14.469508,-10.943512,-2.4444146,-4.5124025,-26.73257,0.05692832,1.3210672e-12,1.030408e-11,0.9430716,8.665823e-12,4.2552113e-08,5.3802887e-09,1.2042281e-18,3,,,,0.31513014,Test
3183,20,13.878793,-19.917585,-16.366251,21.72942,-13.454361,-1.9653027,-6.672921,-38.224564,0.00038935605,8.1802626e-19,2.8516125e-17,0.9996107,5.2445607e-16,5.120866e-11,4.6222287e-13,9.165303e-27,3,,,,0.0049717617,Test
3184,1,6.6050487,-9.681463,-7.932765,10.193227,-6.2072167,-0.8620996,-3.8726416,-19.496002,0.026904337,2.2734197e-09,1.3065621e-08,0.9730794,7.3371254e-08,1.5377333e-05,7.575639e-07,1.2424541e-13,3,,,,0.17890753,Test
3185,11,0.07794766,-2.8195548,5.0189104,0.3933941,-2.3722427,-0.7197004,-4.1384673,-9.129326,0.0069987616,0.00038605742,0.97916096,0.0095944,0.00060383324,0.0031521518,0.00010324182,7.0202594e-07,2,,,,0.18257661,Test
3186,3,1.068099,-3.949657,0.91282475,1.3766212,1.073321,-1.649899,-4.149799,-8.136197,0.23250555,0.0015390387,0.19906667,0.31653577,0.23372284,0.015346939,0.0012598796,2.339151e-05,3,,,,2.08772,Test
3187,19,-6.7058783,-3.8123736,9.424085,-0.20882702,-0.66929495,0.34749126,-5.095286,-7.9251914,9.8798196e-08,1.7839485e-06,0.9997764,6.55213e-05,4.134316e-05,0.0001142848,4.9456133e-07,2.918826e-08,2,,,,0.003379175,Test
3188,16,-10.619636,-6.344732,12.729756,-2.4242194,1.8984637,-3.577548,-6.9580226,-2.1478252,7.2356746e-11,5.2005147e-09,0.9999795,2.6224257e-07,1.977062e-05,8.2759676e-08,2.8164209e-09,3.4573196e-07,2,,,,0.00035376265,Test
3189,20,-0.25838292,-8.343768,-4.9385905,8.7901745,-6.0948567,-0.4589147,-0.945207,-13.67174,0.00011752828,3.6199665e-08,1.0903195e-06,0.99972576,3.4307905e-07,9.6172844e-05,5.9136903e-05,1.7570963e-10,3,,,,0.0040736967,Test
3190,13,-5.8527637,-4.057388,8.743017,0.12736556,-0.7973376,1.0437561,-5.671071,-7.763112,4.5795662e-07,2.7576946e-06,0.9992902,0.00018111794,7.184032e-05,0.0004528402,5.492027e-07,6.779074e-08,2,,,,0.0093678385,Test
3191,3,-4.4436727,-3.9080825,8.371515,0.268609,-0.754192,0.54657245,-5.552504,-8.141474,2.7169337e-06,4.6417576e-06,0.9991811,0.00030241042,0.000108742606,0.00039931425,8.9643675e-07,6.732001e-08,2,,,,0.010808532,Test
3192,20,4.632213,-12.18846,-9.077505,13.097081,-8.239367,-0.19772719,-3.3632371,-21.101435,0.0002106988,1.043606e-11,2.342108e-10,0.9997876,5.415092e-10,1.6828517e-06,7.1003974e-08,1.4050139e-15,3,,,,0.0029136804,Test
3193,11,-5.9568853,-1.6765637,6.4501038,-1.03319,-3.150534,1.2184551,-1.3787218,-9.560101,4.0627947e-06,0.00029359257,0.9933716,0.0005586742,6.723693e-05,0.0053092805,0.00039545406,1.1065431e-07,2,,,,0.064614035,Test
3194,20,2.8484225,-7.5224442,-3.942346,6.6485243,-4.052788,0.7332364,-3.5616233,-14.873463,0.021819698,6.836571e-07,2.452763e-05,0.9754656,2.1962976e-05,0.0026316918,3.5892284e-05,4.3886542e-10,3,,,,0.1791766,Test
3195,1,5.2379727,-10.683088,-8.896527,11.755283,-8.202847,-1.128986,-2.2316701,-18.679071,0.0014754527,1.7967858e-10,1.0724828e-09,0.99852127,2.1461084e-09,2.5339036e-06,8.4120234e-07,6.051806e-14,3,,,,0.016072214,Test
3196,20,11.247729,-15.37727,-13.070888,17.491594,-11.73316,-1.3848486,-5.173437,-29.525324,0.0019385687,5.301395e-15,5.3215783e-14,0.9980615,2.027719e-13,6.327362e-09,1.4317236e-10,3.801624e-21,3,,,,0.0202622,Test
3197,3,0.047806714,-2.5760553,2.259432,1.263324,-1.2846459,-0.706214,-3.2860224,-6.131001,0.06970033,0.005054824,0.636402,0.23503219,0.018388998,0.032791995,0.0024852566,0.00014448164,2,,,,1.5033624,Test
3198,20,-1.7051927,-8.213433,-0.589677,6.148194,-2.246619,0.08818923,-3.8299885,-10.98886,0.00038681703,5.767829e-07,0.0011802334,0.9958364,0.0002250957,0.0023246703,4.620816e-05,3.5946766e-08,3,,,,0.0456029,Test
3199,1,-4.29613,-12.781871,0.35796562,-4.222387,13.351234,-0.46304882,-11.304749,-15.421857,2.1669308e-08,4.472339e-12,2.2755876e-06,2.3327683e-08,0.99999666,1.0012246e-06,1.9590305e-11,3.1915686e-13,4,,,,6.857036e-05,Test
3200,3,-8.160321,-6.7505126,13.6818905,-1.8468027,2.941714,-0.93652546,-9.557224,-8.332036,3.2661635e-10,1.3375504e-09,0.9999777,1.8028706e-07,2.1656639e-05,4.4801547e-07,8.079249e-11,2.750826e-10,2,,,,0.00038127517,Test
3201,7,-7.572076,-6.032022,14.026547,-0.70703894,0.40963796,0.9519333,-8.94026,-11.370165,4.1671153e-10,1.9438942e-09,0.9999963,3.9928514e-07,1.2196913e-06,2.0978066e-06,1.0608166e-10,9.33998e-12,2,,,,7.742296e-05,Test
3202,20,9.370584,-18.401707,-13.569869,19.782616,-11.684624,-0.24770059,-5.809549,-32.71613,3.0067606e-05,2.6106368e-17,3.2748128e-15,0.99996996,2.157439e-14,1.9995463e-09,7.681586e-12,1.585155e-23,3,,,,0.00049505546,Test
3203,1,-3.394391,-1.7568312,1.5115893,-0.5025164,-1.8118072,-1.1147114,-0.33100817,-1.5220124,0.0049551665,0.02548246,0.66941947,0.08932712,0.02411935,0.04842954,0.10603968,0.032227144,2,,,,1.7158802,Test
3204,20,0.03304827,-4.1275606,5.7504406,1.247669,-2.1277273,0.06478487,-5.4374437,-10.819989,0.0032294816,5.037365e-05,0.9821206,0.010880179,0.00037215158,0.0033336189,1.3593409e-05,6.247671e-08,2,,,,0.15585832,Test
3205,20,3.0878246,-10.939899,-0.3069348,9.356966,-6.4206977,-0.28345835,-6.498556,-21.129486,0.0018900314,1.5286419e-09,6.340797e-05,0.99798137,1.4027165e-07,6.491412e-05,1.2976473e-07,5.741489e-14,3,,,,0.021802604,Test
3206,19,8.346047,-10.530935,-9.292997,12.254298,-8.88745,-1.6249332,-3.4563475,-21.185982,0.019680468,1.247e-10,4.3002732e-10,0.9803185,6.4509326e-10,9.1980036e-07,1.4733993e-07,2.940612e-15,3,,,,0.13966598,Test
3207,20,2.2780943,-5.101581,2.87968,3.283997,-3.7856138,-0.2293319,-4.8239846,-13.549134,0.17715935,0.0001105126,0.32331765,0.48442006,0.0004120304,0.014434532,0.0001458715,2.3696591e-08,3,,,,1.5717684,Test
3208,11,-10.425423,-5.726191,13.728487,-1.8261564,0.14883111,-2.463169,-6.4226747,-6.2106495,3.2366047e-11,3.5558236e-09,0.99999845,1.7567235e-07,1.2659887e-06,9.2907854e-08,1.7719898e-09,2.1904956e-09,2,,,,3.3366086e-05,Test
3209,19,1.8133794,-5.208713,-1.6364168,5.222549,-4.6772513,-0.49813002,-2.5785456,-11.8759365,0.03186157,2.8419157e-05,0.0010116718,0.9634978,4.8352853e-05,0.00315785,0.0003943469,3.6147032e-08,3,,,,0.251985,Test
3210,13,1.029818,-3.1333306,3.8288457,1.2314668,-2.3871212,-0.73708797,-4.072993,-9.2935915,0.052973323,0.00082418503,0.870281,0.064808525,0.001738198,0.009051065,0.00032205848,1.7404329e-06,2,,,,0.74440503,Test
3211,1,1.8486032,-4.5093412,-4.216344,4.4405727,-4.199708,-0.23214467,-1.0857704,-10.170236,0.068773545,0.00011917941,0.00015975276,0.9185429,0.00016243261,0.008585469,0.0036562765,4.1467322e-07,3,,,,0.4723499,Test
3212,19,-2.640031,-8.836146,5.143832,5.0241284,-2.2302265,0.23455177,-7.081936,-14.598217,0.00021966567,4.4753128e-07,0.5275346,0.46801984,0.00033093136,0.003892043,2.5862312e-06,1.4073026e-09,2,,,,1.0370955,Test
3213,20,-0.4629194,-8.925531,-5.1608753,8.782645,-5.2578444,1.5181746,-1.9108831,-15.439386,9.645972e-05,2.0374205e-08,8.791229e-07,0.9991798,7.9787833e-07,0.00069939764,2.2672706e-05,3.0209907e-11,3,,,,0.010184573,Test
3214,13,-4.36309,-8.107523,-0.2527338,-1.0056375,6.0403357,1.673889,-5.7964225,-7.457596,2.9866807e-05,7.0632086e-07,0.0018209318,0.00085765304,0.9847794,0.012503032,7.123615e-06,1.3528879e-06,4,,,,0.12675096,Test
3215,1,-3.3941855,-5.9312344,-4.3990436,5.959538,-4.7627316,0.26987144,1.0255638,-8.61504,8.572271e-05,6.7806263e-06,3.1382795e-05,0.9893875,2.1814443e-05,0.0033448415,0.007121453,4.6313534e-07,3,,,,0.09562974,Test
3216,3,-6.8341007,-5.377094,13.190765,-0.314164,-1.1720756,2.1614473,-8.260366,-12.843672,2.0104962e-09,8.631238e-09,0.99998176,1.3641926e-06,5.784817e-07,1.6218855e-05,4.8292964e-10,4.936051e-12,2,,,,0.0003231716,Test
3217,13,-0.6415359,-9.63309,-6.0881705,10.090986,-6.2652464,0.22249958,-1.0622061,-15.159611,2.1821603e-05,2.7158429e-09,9.406824e-08,0.9999119,7.880261e-08,5.1776482e-05,1.4328204e-05,1.0808535e-11,3,,,,0.0014368171,Test
3218,16,2.0686982,-3.4503546,-0.19943902,2.4215581,-1.296647,-2.2767901,-2.5906196,-7.519786,0.3864431,0.001549499,0.03999872,0.5499595,0.013351646,0.005010304,0.0036607466,2.647645e-05,3,,,,1.356136,Test
3219,1,5.1037426,-8.961829,-8.0622225,10.032795,-7.061181,-0.842689,-2.1742656,-16.964832,0.007181238,5.5924056e-09,1.3749716e-08,0.99279493,3.7414548e-08,1.8780065e-05,4.959072e-06,1.8704196e-12,3,,,,0.061882336,Test
3220,20,13.938078,-17.491016,-13.5391,19.426954,-13.176029,-2.1802227,-6.4607496,-34.269844,0.0041154777,9.224415e-17,4.7999206e-15,0.9958845,6.901031e-15,4.114631e-10,5.692754e-12,4.7641444e-24,3,,,,0.038539164,Test
3221,19,4.215896,-7.18835,-5.4690633,7.730814,-5.435062,-0.8036232,-2.7641966,-14.721141,0.028884333,3.2200373e-07,1.7969588e-06,0.9708939,1.8591066e-06,0.00019085908,2.6868702e-05,1.7235033e-10,3,,,,0.19191875,Test
3222,1,-2.6009676,-5.838715,-2.81962,4.2325644,-2.0593877,2.7316968,-1.9608712,-9.005419,0.00087649067,3.440421e-05,0.00070434925,0.8137907,0.0015064427,0.18142378,0.0016624086,1.4498713e-06,3,,,,0.73496956,Test
3223,19,12.44741,-20.931566,-16.576351,23.154686,-14.067009,-1.3981452,-6.2311525,-37.489544,2.2380988e-05,7.137975e-20,5.5592997e-18,0.9999776,6.8361806e-17,2.1718556e-11,1.729351e-13,4.5976493e-27,3,,,,0.0003779745,Test
3224,13,4.1806126,-6.830231,-4.0559955,7.4537516,-5.6627297,-0.7108686,-3.0229795,-14.524746,0.036492825,6.029185e-07,9.662605e-06,0.96319383,1.9377514e-06,0.00027407164,2.7147327e-05,2.7451993e-10,3,,,,0.23027456,Test
3225,1,4.971,-9.714568,-7.889199,9.803026,-6.3883905,1.0917977,-3.704729,-19.219265,0.007906029,3.3120549e-09,2.0551576e-08,0.99192905,9.2180116e-08,0.0001633963,1.3493886e-06,2.4675143e-13,3,,,,0.06888768,Test
3226,19,-0.44294965,-6.052306,-1.0271645,5.1747417,-2.8118966,0.6480809,-2.7634315,-11.386162,0.0035716374,1.3084431e-05,0.0019913435,0.98310477,0.00033423118,0.010633983,0.00035082854,6.3137996e-08,3,,,,0.14887562,Test
3227,11,-2.103841,-7.457449,-3.879838,6.9876394,-4.0581694,1.5504917,-1.4695762,-11.649951,0.000112093,5.3031755e-07,1.8978973e-05,0.99530965,1.5879046e-05,0.004331467,0.00021136657,8.012269e-09,3,,,,0.045370355,Test
3228,16,-3.6162164,-2.9537156,0.33814523,1.4918916,-2.240676,-0.60648465,-0.61689323,-2.0782743,0.003711603,0.0071991626,0.19360608,0.6137403,0.014687612,0.07527858,0.0744991,0.017277516,3,,,,1.7227093,Test
3229,1,-4.4657063,-3.0057309,-0.51108354,1.6574688,-2.3496442,-0.65631783,0.23173015,-1.6647859,0.0014422941,0.0062103095,0.07525315,0.65813506,0.011968727,0.06508042,0.15817018,0.023739861,3,,,,1.6190621,Test
3230,20,6.9453025,-13.660389,-3.1126525,12.591199,-8.707346,-1.3705359,-7.364626,-26.818615,0.0035195462,3.9586676e-12,1.5078989e-07,0.99647945,5.6056687e-10,8.6092234e-07,2.1466602e-09,7.638429e-18,3,,,,0.03377666,Test
3231,19,-3.0902052,-5.6297054,5.941555,2.8580909,-2.139299,0.7120457,-5.2513866,-10.733086,0.00011368475,8.970389e-06,0.95092404,0.043552626,0.00029422212,0.005093294,1.3095228e-05,5.4505637e-08,2,,,,0.31004256,Test
3232,20,10.184755,-18.566875,-12.227171,19.881014,-11.965824,-0.9799014,-6.360209,-33.41395,6.150943e-05,2.0057012e-17,1.13649045e-14,0.9999385,1.4759351e-14,8.7134977e-10,4.0137954e-12,7.1492894e-24,3,,,,0.0009492119,Test
3233,3,-8.239909,-6.431306,12.378557,-1.7245519,3.0656214,-0.9655908,-8.720177,-6.718293,1.1103861e-09,6.775473e-09,0.9999074,7.49993e-07,9.024084e-05,1.602028e-06,6.8690403e-10,5.0851363e-09,2,,,,0.0013925671,Test
3234,3,-1.5656887,-2.3315485,5.661174,-0.26327854,-1.2134472,-0.42561156,-3.852488,-7.684552,0.00072165957,0.00033552398,0.99293053,0.0026543727,0.0010263819,0.0022566365,7.331415e-05,1.5883409e-06,2,,,,0.07534864,Test
3235,3,2.7244039,-10.063363,-6.252885,9.560397,-4.5069795,1.1224344,-3.911456,-18.138145,0.001073012,2.9988032e-09,1.3546205e-07,0.9987085,7.763445e-07,0.00021621119,1.4082742e-06,9.334996e-13,3,,,,0.01512511,Test
3236,13,-8.92978,-5.312811,12.718359,-0.82386637,-0.010863284,0.99239695,-7.5581803,-8.96286,3.965764e-10,1.4762402e-08,0.9999876,1.3142594e-06,2.9632179e-06,8.081169e-06,1.563168e-09,3.8367262e-10,2,,,,0.00023505825,Test
3237,1,8.562398,-13.817291,-11.569362,15.563778,-9.99642,-1.003977,-4.1743217,-25.481024,0.00090979587,1.7360748e-13,1.6437335e-12,0.9990901,7.924133e-12,6.372652e-08,2.675819e-09,1.4930508e-18,3,,,,0.010504573,Test
3238,1,0.10480057,-5.437193,-3.3336313,3.4346595,-2.1299446,3.3812742,-2.9657755,-12.272296,0.017983643,7.0472604e-05,0.0005775451,0.5023624,0.0019245995,0.47624692,0.00083434087,7.5783255e-08,3,,,,1.1459706,Test
3239,20,-8.570611,-6.53697,14.477266,-1.0765495,1.143865,1.1349621,-9.575256,-10.410159,9.782101e-11,7.4753503e-10,0.99999654,1.758175e-07,1.6194805e-06,1.605127e-06,3.581959e-11,1.5542732e-11,2,,,,7.092375e-05,Test
3240,20,4.5984693,-10.845815,-5.9726987,11.155904,-7.6844773,-0.56578296,-3.4541745,-20.094944,0.0014174985,2.7807073e-10,3.635151e-08,0.9985739,6.563061e-09,8.104318e-06,4.5113197e-07,2.6749143e-14,3,,,,0.015616613,Test
3241,1,1.6796823,-5.91423,-4.714777,6.324087,-5.1259522,0.8630154,-1.6897143,-11.63928,0.009480376,4.7734375e-06,1.5839707e-05,0.9859729,1.0499685e-05,0.004189397,0.00032622344,1.5576633e-08,3,,,,0.12119187,Test
3242,1,-3.14952,-2.835467,0.21820286,1.6359758,-2.4597933,-2.0510998,-0.6558229,-1.2620081,0.0057193995,0.007829639,0.16593342,0.6849594,0.011399741,0.017154902,0.06923877,0.037764728,3,,,,1.5207399,Test
3243,1,-5.2836065,-5.2054024,11.175533,0.46427745,-1.2565593,0.9752653,-7.3033113,-11.671088,7.1098164e-08,7.68816e-08,0.99993646,2.2291179e-05,3.9882575e-06,3.7158006e-05,9.434363e-09,1.196218e-10,2,,,,0.0010582425,Test
3244,20,-1.4059047,-6.135264,-0.98994935,4.5896854,-2.5028656,1.9092445,-2.9105566,-10.469461,0.0023134176,2.0432413e-05,0.0035067212,0.9291927,0.0007724137,0.0636803,0.0005137975,2.679177e-07,3,,,,0.41422975,Test
3245,19,-1.7347761,-7.0208287,3.975983,5.0683765,-4.237017,-0.112539545,-4.5471926,-14.1332445,0.000827134,4.1867065e-06,0.2498774,0.7449849,6.7743335e-05,0.00418894,4.9677405e-05,3.4118426e-09,3,,,,0.8596214,Test
3246,1,-2.5307326,-4.7911797,-1.678998,0.04334998,1.848774,2.0407457,-2.7095191,-5.68809,0.0051564546,0.00053783803,0.012085228,0.06764895,0.4114781,0.49856183,0.0043122615,0.00021934533,5,,,,1.4492193,Test
3247,3,11.365816,-15.707932,-11.266758,17.24562,-11.85012,-1.8436637,-5.753141,-30.84625,0.002787539,4.866781e-15,4.1306555e-13,0.99721247,2.3049835e-13,5.1099494e-09,1.0245949e-10,1.2964404e-21,3,,,,0.027673354,Test
3248,3,-0.68698245,-5.213559,5.4375644,-1.9818604,4.712623,-2.1562564,-7.25048,-9.576267,0.001471079,1.591362e-05,0.6721914,0.00040297452,0.3255779,0.0003384843,2.0756074e-06,2.0280027e-07,2,,,,0.93487483,Test
3249,1,-3.734875,-8.93123,-4.9180884,3.528676,-0.951143,7.719482,-3.370184,-15.421453,1.0443034e-05,5.78201e-08,3.1986278e-06,0.014905511,0.00016896092,0.9848969,1.5038685e-05,8.778291e-11,5,,,,0.11466152,Test
3250,20,-2.9850729,-3.7343407,9.288655,-0.3542648,-1.1430793,0.7964119,-6.2728333,-10.73962,4.6714795e-06,2.2082675e-06,0.99969363,6.486341e-05,2.9472865e-05,0.00020498983,1.7442072e-07,2.0030777e-09,2,,,,0.0044276505,Test
3251,3,-0.3359425,-3.2530355,-2.1421275,2.5390775,-3.0031583,1.5677652,-1.3075279,-7.746696,0.038309164,0.002072169,0.006293419,0.6790598,0.0026603916,0.25708246,0.014499351,2.3166129e-05,3,,,,1.2394369,Test
3252,1,-1.0576369,-3.7270372,-1.90303,2.2921598,-2.0187886,1.6924853,-1.5665674,-7.712139,0.021447698,0.001486192,0.009209394,0.6111938,0.008202719,0.33553946,0.01289303,2.7629118e-05,3,,,,1.2960746,Test
3253,20,-1.4010886,-6.000888,-1.581767,2.0374236,1.3599614,2.2438755,-4.268638,-9.4087925,0.011475737,0.0001153754,0.009578842,0.3573613,0.18150535,0.43930733,0.0006522584,3.820138e-06,5,,,,1.6453743,Test
3254,19,-6.013135,-4.708035,11.642964,-0.5808694,-0.7959035,0.6283708,-7.1170545,-11.194678,2.1480405e-08,7.922093e-08,0.9999746,4.9118526e-06,3.9614797e-06,1.6459322e-05,7.122232e-09,1.2070542e-10,2,,,,0.0004585081,Test
3255,1,4.496808,-9.103284,-6.4579387,9.8222885,-6.6174436,0.1141233,-3.3462229,-17.351927,0.0048421463,6.0061125e-09,8.461584e-08,0.9950954,7.214064e-08,6.0487015e-05,1.9004344e-06,1.5712776e-12,3,,,,0.04518286,Test
3256,1,-5.0427194,-2.7622356,2.9296634,0.032766014,-1.0102736,-1.4799414,-1.3754451,-0.9425683,0.0003065845,0.0029988277,0.88902086,0.0490688,0.017290955,0.010810477,0.012001266,0.018502187,2,,,,0.7478957,Test
3257,11,5.022593,-9.617866,-7.0925093,10.7817135,-7.339875,-0.24070887,-3.1480005,-18.1743,0.0031439147,1.3778464e-09,1.7216667e-08,0.9968389,1.3443693e-08,1.6279744e-05,8.8925634e-07,2.6496497e-13,3,,,,0.030966975,Test
3258,20,5.6246367,-12.189421,-9.556965,12.961452,-8.118943,0.35884148,-3.819334,-22.59972,0.0006506953,1.1935243e-11,1.6599365e-10,0.99934596,6.992247e-10,3.3610274e-06,5.151263e-08,3.5949666e-16,3,,,,0.007893917,Test
3259,1,8.25327,-13.8385935,-10.623869,14.90782,-10.070315,-0.19382943,-4.7858014,-26.115076,0.0012864907,3.2736463e-13,8.150219e-12,0.99871325,1.41766945e-11,2.7598014e-07,2.7964693e-09,1.5255397e-18,3,,,,0.014214605,Test
3260,20,-2.4950957,-5.0697584,2.49462,3.634401,-1.6215132,0.22823814,-3.2574823,-8.154209,0.0015993032,0.00012183409,0.23492908,0.73440796,0.0038310944,0.024359006,0.0007461574,5.574538e-06,3,,,,1.0035913,Test
3261,1,-1.16218,-6.811958,7.336397,3.2906258,-2.948123,0.33148858,-6.9820056,-14.599201,0.00020002897,7.037612e-07,0.9816983,0.017175987,3.3532633e-05,0.00089080964,5.937102e-07,2.920577e-10,2,,,,0.13888057,Test
3262,13,8.253861,-10.012531,-6.677863,11.196073,-8.554759,-1.6144679,-4.045842,-20.655615,0.050105784,5.8464833e-10,1.6410517e-08,0.9498913,2.5118676e-09,2.594938e-06,2.2813633e-07,1.3952802e-14,3,,,,0.2869037,Test
3263,1,14.405581,-25.414448,-19.42243,27.618376,-16.284456,-1.3324443,-7.674599,-44.975727,1.8270715e-06,9.292604e-24,3.7190913e-21,0.9999982,8.575146e-20,2.671883e-13,4.7038593e-16,2.9701733e-32,3,,,,3.7407448e-05,Test
3264,13,-0.84652334,-7.5101967,-3.9193552,6.5609884,-3.6604161,2.0022855,-2.3540535,-12.170934,0.0005999103,7.6575475e-07,2.7769767e-05,0.9888439,3.597725e-05,0.01035877,0.00013285388,7.2436475e-09,3,,,,0.093399,Test
3265,3,6.341878,-9.299171,-3.5774977,9.2882805,-7.1916113,-0.9405641,-4.952088,-19.876108,0.049904943,8.041224e-09,2.4559165e-06,0.9500576,6.616426e-08,3.4309876e-05,6.212076e-07,2.0502976e-13,3,,,,0.28661346,Test
3266,16,-8.607728,-4.941898,10.962971,-1.112669,0.4958814,-2.180711,-5.3140163,-5.89208,3.1661982e-09,1.2376198e-07,0.9999635,5.6963995e-06,2.8456721e-05,1.9577435e-06,8.5305786e-08,4.785513e-08,2,,,,0.00062472053,Test
3267,11,-7.4377704,-6.0234747,7.3681955,1.5647614,-1.4892782,0.27191427,-4.47921,-9.241035,3.699292e-07,1.5217357e-06,0.9960192,0.003005164,0.00014174766,0.00082488236,7.1286104e-06,6.094959e-08,2,,,,0.041332457,Test
3268,1,-5.402706,-8.8374405,-7.314394,-0.24824962,-2.660613,10.866554,-0.26945153,-18.189936,8.596795e-08,2.7710885e-09,1.2708699e-08,1.4889785e-05,1.334174e-06,0.9999691,1.45774275e-05,2.403883e-13,5,,,,0.00054597197,Test
3269,1,-1.6813244,-3.5059004,-1.8361593,2.2624714,-2.472561,0.9322536,-1.3052067,-4.904125,0.014444703,0.002329729,0.012372702,0.745551,0.0065475535,0.19713832,0.021040425,0.0005755248,3,,,,1.1356584,Test
3270,3,2.0188322,-3.5478528,0.406147,2.6797094,-3.632076,-0.18218218,-3.221373,-11.268901,0.30682647,0.0011730387,0.06116635,0.5941665,0.0010782873,0.03396288,0.0016259253,5.201202e-07,3,,,,1.4186697,Test
3271,3,-3.6982281,-4.724609,0.8356,0.9480084,1.227704,2.479974,-3.775017,-5.9296002,0.0012200474,0.00043714454,0.1136039,0.12711933,0.16814418,0.5882146,0.001129868,0.00013100986,5,,,,1.647026,Test
3272,1,-5.211157,-4.7900233,6.7903547,-1.348489,3.5398948,-1.6261363,-5.9618564,-4.1562138,5.9029144e-06,8.994202e-06,0.9621809,0.00028093244,0.037290648,0.00021282437,2.786391e-06,1.6952059e-05,2,,,,0.2369458,Test
3273,1,-0.27476737,-3.4449039,-2.9346483,2.6897216,-2.7339592,1.0973411,-0.96492165,-7.1488247,0.03995454,0.0016780056,0.0027950825,0.77451056,0.003416274,0.15756701,0.020037148,4.1323852e-05,3,,,,1.0720001,Test
3274,1,-3.1512516,-6.292996,0.3949616,0.88299686,3.0013669,1.1721638,-4.4866247,-7.613482,0.0015676632,6.7734574e-05,0.054369275,0.08857365,0.73671746,0.118273705,0.00041238952,1.8085502e-05,4,,,,1.2476315,Test
3275,1,10.815063,-15.478481,-12.326915,17.227047,-12.095437,-2.417752,-4.448344,-28.94015,0.001639074,6.243917e-15,1.4593674e-13,0.99836093,1.8394796e-13,2.9353513e-09,3.8528702e-10,8.894636e-21,3,,,,0.017529026,Test
3276,20,-3.5308013,-6.1293197,-0.9536371,4.984484,-2.9208314,1.9833641,-1.7941915,-9.256779,0.0001900993,1.414029e-05,0.0025016621,0.94868493,0.00034985426,0.047179367,0.0010793955,6.1975544e-07,3,,,,0.31882414,Test
3277,13,-8.629299,-5.6875734,10.765432,0.18505672,0.1050918,-0.62187785,-5.950033,-6.6788,3.775278e-09,7.153586e-08,0.9999397,2.5408266e-05,2.3455616e-05,1.1337776e-05,5.502238e-08,2.654848e-08,2,,,,0.0010256629,Test
3278,1,0.21579492,-5.311141,-4.481143,5.166386,-4.6252947,1.1366798,-0.81145346,-10.751467,0.006889474,2.7407412e-05,6.285381e-05,0.9731963,5.4416087e-05,0.01730299,0.0024663676,1.18895386e-07,3,,,,0.21232748,Test
3279,19,12.553154,-19.826658,-16.273531,22.173288,-14.255144,-1.6299092,-5.6939235,-35.91637,6.637429e-05,5.749448e-19,2.0078426e-17,0.9999336,1.5111375e-16,4.5959327e-11,7.895773e-13,5.914964e-26,3,,,,0.0010170026,Test
3280,16,-16.727633,-9.397398,24.843489,-4.418322,2.1197863,-3.313562,-12.643862,-12.009949,8.828592e-19,1.3470132e-15,1.0,1.9577501e-13,1.3527635e-10,5.909464e-13,5.2414392e-17,9.879948e-17,2,,,,4.4671595e-09,Test
3281,19,-13.40965,-9.2545805,23.140549,-2.1256218,1.0838264,2.2205915,-13.549592,-18.019053,1.3379838e-16,8.530485e-15,1.0,1.0642449e-11,2.635646e-10,8.214449e-10,1.1632546e-16,1.3323341e-18,2,,,,3.356739e-08,Test
3282,11,-5.220516,-5.571421,3.7285507,1.3620687,1.7969443,-0.7761739,-4.2836266,-4.363668,0.00010383339,7.3104e-05,0.79959023,0.075009696,0.11587279,0.008840778,0.00026498607,0.00024460294,2,,,,0.9673594,Test
3283,13,-5.8227577,-5.308961,2.164455,4.1029744,-2.9578245,-1.771558,-0.54250443,-5.4745407,4.2250304e-05,7.062664e-05,0.12434605,0.8640131,0.00074140314,0.0024279694,0.008298785,5.984923e-05,3,,,,0.6447719,Test
3284,1,7.732852,-13.879692,-11.627197,15.640117,-10.084613,-1.0464537,-3.7483878,-25.018856,0.0003679245,1.5119927e-13,1.4381221e-12,0.999632,6.725616e-12,5.661798e-08,3.797693e-09,2.1972134e-18,3,,,,0.0047296765,Test
3285,3,0.393054,-3.9666126,5.788039,1.0730898,-2.958156,0.15341662,-4.9261656,-12.2604,0.004462045,5.7036745e-05,0.9829836,0.008807845,0.00015635871,0.003511242,2.1848733e-05,1.4262931e-08,2,,,,0.15106006,Test
3286,20,6.0159883,-15.364023,-10.840949,16.403162,-9.794226,0.18443856,-4.358253,-26.81793,3.0824376e-05,1.5983552e-14,1.4723798e-12,0.999969,4.19378e-12,9.0424166e-08,9.62539e-10,1.6955268e-19,3,,,,0.0005086945,Test
3287,20,-3.47105,-3.5483084,5.789255,0.8753935,-1.607137,1.4561889,-4.985194,-7.892824,9.3143244e-05,8.6218126e-05,0.97915375,0.0071909763,0.00060067384,0.012853584,2.0491181e-05,1.1189207e-06,2,,,,0.17087856,Test
3288,1,-4.800638,-6.326916,10.159121,0.061621964,0.41152707,0.9474924,-8.000652,-12.234072,3.1839963e-07,6.9201995e-08,0.99980015,4.11742e-05,5.842342e-05,9.9851364e-05,1.2978487e-08,1.8822328e-10,2,,,,0.0030456106,Test
3289,3,10.016051,-5.360545,-3.6203306,4.7227826,-5.8762074,-3.7061658,-3.7705626,-18.697706,0.9949962,2.0885767e-07,1.190189e-06,0.0050001615,1.2470997e-07,1.0922902e-06,1.0241682e-06,3.369732e-13,0,,,,0.04549409,Test
3290,13,-2.3462062,-5.1114345,6.8993382,2.205201,-2.3020494,0.5640697,-5.696988,-10.99337,9.547833e-05,6.0114803e-06,0.9889942,0.009048064,9.9788835e-05,0.0017531601,3.3471756e-06,1.6768317e-08,2,,,,0.09602873,Test
3291,1,0.7665057,-3.2808084,-3.4954033,3.3044457,-3.8439796,-0.06445524,-0.31978098,-7.561288,0.069116004,0.0012074034,0.0009742155,0.8745647,0.00068749633,0.030109035,0.023324387,1.6705659e-05,3,,,,0.7431035,Test
3292,13,-7.812939,-4.557088,10.544334,-1.1265366,-0.41393456,1.5442338,-6.055026,-8.5364065,1.0653015e-08,2.7635707e-07,0.9998503,8.537686e-06,1.7410817e-05,0.00012337885,6.1790814e-08,5.167424e-09,2,,,,0.0022448748,Test
3293,3,2.1548195,-9.529703,-5.333643,9.915579,-6.688169,0.3656236,-2.5455256,-16.616852,0.00042591925,3.5875964e-09,2.3830293e-07,0.9994987,6.14987e-08,7.1168746e-05,3.872517e-06,2.9984307e-12,3,,,,0.0065491092,Test
3294,1,-1.0422127,-3.9122477,1.3314393,1.6994865,0.14596717,0.22601466,-3.7175236,-6.879846,0.029227804,0.0016571267,0.3138052,0.45342034,0.09589945,0.10389157,0.0020133688,8.522054e-05,3,,,,1.8893024,Test
3295,16,-2.9315302,-2.1493158,0.9453842,-0.047510102,-3.2549076,-0.013020072,-0.46310115,-5.206553,0.009951098,0.021756167,0.48038954,0.17798567,0.0072016176,0.18423147,0.117461644,0.001022919,2,,,,2.0116081,Test
3296,20,7.8072495,-18.343906,-12.351564,19.562963,-11.584334,-0.52549183,-5.3806148,-31.979687,7.844309e-06,3.4455057e-17,1.3794096e-14,0.99999213,2.970964e-14,1.88665e-09,1.469393e-11,4.1239067e-23,3,,,,0.00014444489,Test
3297,19,-5.0495324,-3.5101745,6.533768,0.12733626,-0.04563672,-0.3417246,-4.2608075,-4.4842997,9.28181e-06,4.3268054e-05,0.99585515,0.0016440614,0.0013829197,0.0010285081,2.0425445e-05,1.6334652e-05,2,,,,0.04587607,Test
3298,1,0.62168956,-3.8973138,-2.8661757,2.4414477,-1.4657732,0.90752435,-1.7698119,-8.211979,0.11417684,0.0012445142,0.0034899355,0.7045129,0.014158084,0.15195483,0.010446289,1.6640422e-05,3,,,,1.3229657,Test
3299,1,2.3741517,-10.439125,-7.8320255,11.106454,-6.7281833,-1.1598655,-1.75355,-17.554384,0.0001612636,4.393404e-10,5.957297e-09,0.99983144,1.796563e-08,4.706868e-06,2.599548e-06,3.5701176e-13,3,,,,0.002406974,Test
3300,3,-4.779752,-5.064397,7.6644754,1.2595654,-1.0727438,1.9112248,-6.0905185,-9.741396,3.9208226e-06,2.9495611e-06,0.9950305,0.0016452023,0.00015970203,0.0031566862,1.0571063e-06,2.7451248e-08,2,,,,0.05074991,Test
3301,13,1.3199703,-10.1068735,-6.0929346,10.371307,-6.663886,0.92781645,-2.3913002,-17.481846,0.000117210795,1.2774765e-09,7.072687e-08,0.99980074,3.9959726e-08,7.9187645e-05,2.8653876e-06,8.0064997e-13,3,,,,0.0029525629,Test
3302,1,4.6766887,-7.815413,-7.0307384,8.903083,-6.5248313,-0.70942885,-2.354032,-14.970137,0.014393587,5.406522e-08,1.18494526e-07,0.9855274,1.9652188e-07,6.59186e-05,1.2728172e-05,4.2233942e-11,3,,,,0.109924816,Test
3303,20,7.0230703,-14.797177,-11.391113,15.702308,-9.255771,0.30479294,-4.87793,-26.969994,0.00017005175,5.6776415e-14,1.7116004e-12,0.99982965,1.4480058e-11,2.0552777e-07,1.153565e-09,2.9348143e-19,3,,,,0.0023795145,Test
3304,20,1.6559887,-7.8496103,-4.9180684,8.037865,-5.6228347,-1.591553,-1.9772686,-11.968546,0.0016888956,1.257111e-07,2.3579048e-06,0.99819714,1.1653323e-06,6.564678e-05,4.463745e-05,2.0442905e-09,3,,,,0.019780083,Test
3305,1,-4.514579,-4.38154,4.9550943,-0.56689245,1.8217056,0.4349329,-4.963244,-5.5395117,7.287884e-05,8.3249135e-05,0.94455713,0.0037762416,0.041154258,0.010283643,4.6531648e-05,2.6150425e-05,2,,,,0.36865324,Test
3306,16,-7.8390946,-4.2134676,9.880709,-1.5007095,0.37532666,-2.6229074,-4.9195457,-3.09802,2.0153337e-08,7.5672233e-07,0.9999069,1.14044e-05,7.444315e-05,3.712855e-06,3.7349994e-07,2.3087084e-06,2,,,,0.0014763604,Test
3307,3,6.9881372,-13.16136,-10.892483,14.671241,-9.402943,-1.0323396,-3.407584,-23.68582,0.00046033133,8.1706305e-13,7.899789e-12,0.9995396,3.5036005e-11,1.5129393e-07,1.4069093e-08,2.1955369e-17,3,,,,0.0057708025,Test
3308,1,-10.033585,-7.449232,15.836606,-1.643966,1.4045867,-0.23969589,-9.942306,-10.527858,5.8172677e-12,7.7106016e-11,0.9999993,2.5602587e-08,5.3982546e-07,1.04267905e-07,6.3732452e-12,3.5486121e-12,2,,,,1.5252775e-05,Test
3309,19,-2.0196555,-4.056022,3.473278,1.8214598,-1.1745498,-0.20017043,-3.917386,-6.9531054,0.0033407863,0.0004359792,0.811707,0.15560506,0.007778094,0.020608239,0.0005008119,2.4059038e-05,2,,,,0.870071,Test
3310,3,4.1950827,-2.9679224,-0.0991438,2.172698,-3.6719394,-1.8280748,-2.4447062,-10.699597,0.86890477,0.0006731606,0.011858049,0.11499043,0.0003329415,0.002104496,0.0011359223,2.9532134e-07,0,,,,0.65160954,Test
3311,3,-5.3388414,-6.438225,7.4179673,-2.0459824,5.6984386,-1.8567208,-7.9022355,-5.9560876,2.4442954e-06,8.141379e-07,0.8479408,6.579981e-05,0.15190907,7.950965e-05,1.8831545e-07,1.3185216e-06,2,,,,0.61686695,Test
3312,3,0.91265535,-5.2050776,0.81747574,4.4672956,-4.2198834,0.32459602,-3.8586323,-11.964559,0.026697684,5.882692e-05,0.024273792,0.93375784,0.00015755788,0.014828001,0.00022611523,6.822926e-08,3,,,,0.45774284,Test
3313,20,2.0513725,-3.160029,0.9207446,0.10576531,0.35507217,-2.4293766,-3.7487724,-7.053677,0.59915805,0.0032678228,0.19342649,0.08561995,0.109862,0.0067854207,0.0018137204,6.656851e-05,0,,,,1.6481702,Test
3314,20,8.014222,-15.54855,-11.662691,16.680801,-9.902672,0.14460249,-5.2229724,-28.572422,0.00017221762,1.0066901e-14,4.9034615e-13,0.9998276,2.850161e-12,6.5818035e-08,3.0706962e-10,2.2217742e-20,3,,,,0.0024033934,Test
3315,20,-0.84466916,-2.3980286,2.5224078,1.002217,-2.3031614,-0.7649856,-2.754563,-5.549087,0.026303388,0.0055641164,0.76263124,0.1667647,0.006117818,0.028485103,0.0038954285,0.00023818194,2,,,,1.1340743,Test
3316,20,2.6770535,-6.224993,2.147321,5.2863035,-4.6989965,-0.18429075,-4.915843,-14.117943,0.0656337,8.9334035e-06,0.038642656,0.8918869,4.1091225e-05,0.0037537108,3.3080636e-05,3.3354335e-09,3,,,,0.61798584,Test
3317,13,2.0682337,-4.7015977,0.29363084,3.9970865,-3.0994458,-1.2564478,-3.5347934,-9.909972,0.12349209,0.00014175504,0.020938179,0.84982455,0.00070363015,0.0044437367,0.0004552767,7.7547963e-07,3,,,,0.7379077,Test
3318,20,2.2263036,-4.764001,2.2636776,2.762842,-2.2536542,-0.47938925,-4.6064343,-11.832245,0.26121148,0.00024051462,0.27115873,0.44669172,0.0029605424,0.0174552,0.00028156067,2.0485291e-07,3,,,,1.6687982,Test
3319,13,-7.559721,-5.251534,9.162227,0.6211871,0.64946973,-0.35663524,-5.6523595,-6.186397,5.464449e-08,5.495138e-07,0.99952936,0.00019519524,0.0002007946,7.3418654e-05,3.6804622e-07,2.157611e-07,2,,,,0.006583935,Test
3320,1,4.0009,-12.253823,-8.576603,11.820654,-5.638574,1.5457188,-5.025881,-21.407177,0.00040154526,3.5026565e-11,1.3848236e-09,0.9995639,2.6143514e-08,3.447173e-05,4.824513e-08,3.708069e-15,3,,,,0.0056722453,Test
3321,1,6.415134,-8.941442,-6.530198,10.139026,-7.618006,-0.9672038,-3.43475,-18.581873,0.023570467,5.047684e-09,5.6270643e-08,0.97641355,1.8960622e-08,1.4664237e-05,1.2434195e-06,3.2832686e-13,3,,,,0.16132799,Test
3322,3,8.673016,-9.099903,-7.2122593,10.194147,-8.289467,-1.8780737,-3.5948696,-19.965796,0.17929398,3.4267715e-09,2.2629683e-08,0.8207005,7.706429e-09,4.69122e-06,8.4273466e-07,6.5446746e-14,3,,,,0.6786373,Test
3323,19,-6.395956,-4.7701426,9.213021,-0.7625831,1.2892735,-1.9055588,-5.9607377,-4.36898,1.6631155e-07,8.4528705e-07,0.99957436,4.650132e-05,0.00036188873,1.4827818e-05,2.5700118e-07,1.2624877e-06,2,,,,0.005709562,Test
3324,16,5.3377337,-3.6957297,0.01818372,0.74992704,-0.3516046,-2.9790502,-4.3230042,-11.924207,0.9814703,0.00011713692,0.004804254,0.009986609,0.003319166,0.00023985225,6.2556435e-05,3.1268847e-08,0,,,,0.16247375,Test
3325,13,0.12698337,-12.936059,-5.966599,12.84195,-7.9040327,-1.2285058,-2.3286257,-19.176748,3.005788e-06,6.3789763e-12,6.7849837e-09,0.99999595,9.775348e-10,7.7495525e-07,2.5792934e-07,1.24295e-14,3,,,,8.2488965e-05,Test
3326,19,-13.007483,-7.2099757,17.174255,-3.5209115,1.3338015,-2.827329,-8.574226,-5.6871166,7.8025714e-14,2.570767e-11,0.9999999,1.0284966e-09,1.3200128e-07,2.057889e-09,6.5701667e-12,1.1787786e-10,2,,,,3.2837304e-06,Test
3327,1,-2.2782884,-3.4430737,3.2856522,0.61862046,1.0206009,-1.4570928,-3.6330423,-4.8778815,0.003226152,0.0010065258,0.8415375,0.058451585,0.08737238,0.0073337397,0.00083238195,0.00023971521,2,,,,0.8562981,Test
3328,3,-4.244108,-4.992658,9.554748,-0.47995037,1.4194164,-0.60400814,-7.1369505,-7.995361,1.016411e-06,4.8081546e-07,0.99962306,4.383515e-05,0.00029289155,3.8720853e-05,5.632794e-08,2.3873781e-08,2,,,,0.005215902,Test
3329,3,13.593313,-20.060247,-16.660976,22.422222,-14.00022,-1.285298,-6.685192,-37.2982,0.0001464165,3.548421e-19,1.0624755e-17,0.9998536,1.5200933e-16,5.0569833e-11,2.284268e-13,1.157943e-26,3,,,,0.002076181,Test
3330,20,7.4753966,-13.650352,-10.941047,14.39936,-9.025125,-1.39138,-3.6007655,-25.515778,0.0009829556,6.5726125e-13,9.871295e-12,0.9990169,6.705769e-11,1.385931e-07,1.5213091e-08,4.6200697e-18,3,,,,0.011241501,Test
3331,1,-3.7742527,-3.135901,1.9831344,1.9873028,-2.0796363,-2.737067,-0.20689419,-2.9291272,0.0014635437,0.002771012,0.46324128,0.46517625,0.007968347,0.004129046,0.051842976,0.0034075256,3,,,,1.4027598,Test
3332,1,-2.6266074,-6.97473,-2.6532679,4.5259085,-2.6309226,3.9888742,-2.6689563,-11.95286,0.00049314025,6.376826e-06,0.0004801666,0.6298957,0.000491017,0.36816087,0.00047269237,4.391682e-08,3,,,,0.9722028,Test
3333,13,6.4578476,-10.664706,-7.181828,11.895974,-8.090185,-0.9556704,-3.69443,-20.049534,0.0043287883,1.5853886e-10,5.160958e-09,0.9956684,2.0808253e-09,2.6104562e-06,1.6876722e-07,1.3315494e-14,3,,,,0.0402769,Test
3334,1,1.5527698,-7.025026,-3.2056384,0.9828312,4.2189236,-1.0118946,-5.5359106,-11.877134,0.062357176,1.1738078e-05,0.0005349782,0.035266742,0.8969792,0.004798073,5.203694e-05,9.1696606e-08,4,,,,0.6042205,Test
3335,1,1.183167,-11.433218,-5.4560113,10.697695,-4.869321,0.29441908,-4.000837,-17.166607,7.3764495e-05,2.446928e-10,9.6491554e-08,0.9998952,1.7349443e-07,3.0329787e-05,4.1348818e-07,7.9184836e-13,3,,,,0.0016338471,Test
3336,1,4.747302,-9.020858,-8.167892,10.147055,-7.236806,-0.6881979,-2.0523381,-17.111713,0.00449727,4.715345e-09,1.1064995e-08,0.9954781,2.8074794e-08,1.9603844e-05,5.0107524e-06,1.4444389e-12,3,,,,0.041968904,Test
3337,1,2.6756794,-8.693064,-7.408621,9.339467,-6.6370854,0.0825138,-1.4127973,-15.715766,0.0012745269,1.4721983e-08,5.3185442e-08,0.99860865,1.1504468e-07,9.5312884e-05,2.136714e-05,1.3123385e-11,3,,,,0.01587043,Test
3338,3,-1.247936,-8.39611,-4.463459,7.9082937,-4.3318944,0.59391814,-1.9185287,-12.599911,0.00010547209,8.293261e-08,4.2330535e-06,0.99916613,4.8282677e-06,0.00066534185,5.3939013e-05,1.2389029e-09,3,,,,0.010545234,Test
3339,13,-2.0610628,-4.65154,6.6227674,1.8377688,-2.5281122,0.89191014,-5.548553,-10.853421,0.00016731175,1.2545749e-05,0.98824817,0.008255957,0.000104879204,0.003206168,5.1159814e-06,2.541287e-08,2,,,,0.1043318,Test
3340,1,-4.5419645,-5.948206,12.462807,0.5284405,-1.7601849,2.3745282,-8.460366,-14.696449,4.1200266e-08,1.0096656e-08,0.9999511,6.560688e-06,6.6529134e-07,4.156186e-05,8.1876755e-10,1.6027425e-12,2,,,,0.00080324756,Test
3341,3,-11.01156,-8.029708,17.238749,-2.1406696,3.1666358,-1.7389706,-10.9301405,-9.526852,5.383273e-13,1.0618151e-11,0.9999993,3.8337666e-09,7.7367514e-07,5.7290332e-09,5.8399216e-13,2.3760043e-12,2,,,,1.7175416e-05,Test
3342,20,16.09748,-20.519934,-15.438847,22.672976,-15.544738,-2.4791634,-7.3020844,-39.75809,0.0013921751,1.7416177e-19,2.8031096e-17,0.9986078,2.5214674e-17,1.191131e-11,9.5805843e-14,7.690002e-28,3,,,,0.015216676,Test
3343,3,0.055212807,-6.9842267,-1.6824733,6.376245,-2.8980434,-0.32535058,-3.1129963,-11.035171,0.0017917897,1.5707144e-06,0.00031522402,0.99649787,9.347688e-05,0.0012246452,7.5396485e-05,2.7339771e-08,3,,,,0.039220333,Test
3344,20,5.622798,-15.048888,-11.084572,16.01765,-9.337075,-0.123267785,-3.9627023,-25.897474,3.058859e-05,3.2207713e-14,1.6968404e-12,0.99996924,9.740237e-12,9.774053e-08,2.1019861e-09,6.258641e-19,3,,,,0.0005053482,Test
3345,1,2.6109385,-5.37479,0.2852028,4.4922833,-4.2984724,-0.6570284,-3.7419264,-12.463354,0.12984991,4.4185923e-05,0.012687835,0.8521172,0.00012963504,0.0049451757,0.00022616603,3.6877353e-08,3,,,,0.70202297,Test
3346,20,-0.79860353,-7.810344,5.2930202,5.3166547,-3.9812906,0.5711646,-6.417934,-16.132818,0.0011113184,1.0015629e-06,0.49135694,0.5031082,4.6090896e-05,0.0043724137,4.030828e-06,2.4337385e-10,3,,,,1.0482582,Test
3347,1,-0.018815797,-9.598203,-5.8125935,9.375028,-4.925334,1.837821,-2.811844,-16.089325,8.318317e-05,5.7512293e-09,2.534136e-07,0.9993783,6.1540607e-07,0.00053255283,5.0937647e-06,8.723735e-12,3,,,,0.007923392,Test
3348,1,14.890572,-19.276184,-16.039074,21.774431,-14.999818,-2.4828691,-6.000771,-36.734493,0.0010231357,1.4842279e-18,3.7788357e-17,0.99897695,1.06832064e-16,2.9157038e-11,8.6484563e-13,3.885542e-26,3,,,,0.0116379615,Test
3349,20,12.7377,-13.865735,-10.253577,15.472807,-11.6308975,-2.5783095,-5.323201,-28.718048,0.060933314,1.7026648e-13,6.307688e-12,0.9390667,1.5911355e-12,1.3589265e-08,8.7318136e-10,6.037417e-20,3,,,,0.3311391,Test
3350,19,2.4566674,-4.9838524,2.8587778,3.2053897,-3.025525,-1.1492574,-4.660006,-12.457199,0.21542467,0.00012644994,0.32205477,0.4554717,0.00089620915,0.005851432,0.00017480888,7.182661e-08,3,,,,1.5766056,Test
3351,3,3.112287,-4.13748,-1.5206963,2.0350704,-0.28259945,-0.923202,-3.8640106,-9.7229,0.71268934,0.00050625176,0.006931404,0.24270071,0.02390671,0.012598231,0.0006654766,1.8995423e-06,0,,,,1.1146287,Test
3352,1,-0.784497,-2.9558268,-2.556309,3.1855304,-3.5932238,-0.7264175,0.06664859,-5.106723,0.0173173,0.0019746204,0.0029443677,0.9175743,0.0010439163,0.018352862,0.04056281,0.00022980596,3,,,,0.5642278,Test
3353,1,-1.7888973,-3.65974,-0.276993,1.398252,-0.65650195,2.2182994,-2.668518,-7.3449903,0.011309275,0.0017415584,0.051291615,0.27390254,0.035093583,0.6219251,0.0046926723,4.3697255e-05,5,,,,1.4532684,Test
3354,1,-3.4866397,-5.6324153,4.640107,2.6140606,-3.115799,-0.27080485,-4.0650725,-11.192142,0.00025920192,3.0320756e-05,0.8770809,0.115648195,0.00037557134,0.006460374,0.00014535447,1.16729716e-07,2,,,,0.5825444,Test
3355,20,-2.9241138,-4.9687815,-2.6066797,0.69974184,-1.3988022,5.2110176,-1.8556173,-10.635959,0.00028903747,3.7408172e-05,0.00039702162,0.010833652,0.0013285831,0.98627275,0.0008413882,1.2934294e-07,5,,,,0.12012076,Test
3356,3,5.3859673,-13.567238,-9.185985,13.70723,-7.479967,1.5315638,-5.455893,-24.43791,0.00024322813,1.4280434e-12,1.1415504e-10,0.9997516,6.2865085e-10,5.1530888e-06,4.7583226e-09,2.7143611e-17,3,,,,0.003369007,Test
3357,1,0.11112131,-7.363402,-4.0303245,4.746075,-2.023051,3.278714,-3.816659,-13.201009,0.007816902,4.4349686e-06,0.00012428757,0.8053221,0.0009250721,0.18565333,0.00015389384,1.293153e-08,3,,,,0.77023876,Test
3358,1,0.13760713,-8.450611,-4.4801908,8.360287,-4.5884113,0.7678308,-2.559134,-13.933349,0.00026828126,4.997748e-08,2.649148e-06,0.9992048,2.3774228e-06,0.0005038402,1.8088833e-05,2.0780275e-10,3,,,,0.01022894,Test
3359,1,-4.7836595,-5.033661,-3.9217286,0.046142235,-3.666297,6.1247315,0.8434505,-10.850021,1.8167575e-05,1.4148908e-05,4.3015876e-05,0.0022743281,5.5534274e-05,0.99254674,0.005048005,4.2141465e-08,5,,,,0.071122676,Test
3360,3,-0.6207133,-5.91816,-2.2340245,4.50137,-2.5814528,1.9998435,-3.0627413,-10.115501,0.005468672,2.7367176e-05,0.0010895061,0.91701055,0.000769739,0.07515801,0.00047568837,4.1147928e-07,3,,,,0.4607052,Test
3361,20,2.030096,-14.821276,-8.848135,14.577073,-8.329351,1.5586821,-3.529461,-24.478735,3.5556138e-06,1.7078762e-13,6.707466e-11,0.99999416,1.12684265e-10,2.2191275e-06,1.369084e-08,1.0921319e-17,3,,,,0.00011474532,Test
3362,3,5.4574614,-5.3755903,-4.111275,4.713764,-3.47842,-1.3124716,-3.377011,-13.525762,0.67710865,1.33636095e-05,4.7316073e-05,0.32186577,8.90952e-05,0.0007771662,9.860424e-05,3.857886e-09,0,,,,0.9187376,Test
3363,1,1.4539152,-5.4682574,-4.1927514,5.6970797,-4.7105794,-1.6991132,-1.1841561,-8.936652,0.014134533,1.3932219e-05,4.9884446e-05,0.984157,2.9721814e-05,0.0006038633,0.0010106057,4.3422557e-07,3,,,,0.12743334,Test
3364,20,-5.212304,-10.2532,-3.3579319,8.727164,-4.154327,2.7335606,-1.6940972,-14.5094595,8.811846e-07,5.699461e-09,5.62873e-06,0.9974728,2.538287e-06,0.0024883535,2.9716974e-05,8.079112e-11,3,,,,0.025777102,Test
3365,1,1.4983292,-2.8467605,-0.29051542,0.76439476,0.0034412313,-1.0955133,-3.3333728,-7.412536,0.5083228,0.00659312,0.08496778,0.24400342,0.11400344,0.037988145,0.004052826,6.858036e-05,0,,,,1.9123123,Test
3366,16,-14.093512,-8.431365,18.448095,-2.9710002,1.7824242,-3.489303,-9.435364,-6.126802,7.368171e-15,2.1203087e-12,1.0,4.9866034e-10,5.7835077e-08,2.9696734e-10,7.769044e-13,2.1245037e-11,2,,,,1.4162315e-06,Test
3367,20,-2.5355818,-6.3047886,-0.6419567,4.5557704,-2.1470134,2.158998,-2.9811137,-9.356117,0.0007571928,1.7468701e-05,0.0050303414,0.9097911,0.0011167598,0.08280121,0.0004849695,8.262005e-07,3,,,,0.48453408,Test
3368,20,-1.502087,-5.9540544,-1.8195136,5.379044,-3.4990342,0.33168852,-1.4424884,-9.663119,0.0010173752,1.1858132e-05,0.00074066943,0.99064577,0.00013810772,0.0063661914,0.0010798528,2.9052907e-07,3,,,,0.09030462,Test
3369,20,6.6536336,-8.48626,-2.8072984,8.391137,-6.8555164,-1.2968949,-4.8342338,-18.768547,0.14962041,3.9794074e-08,1.1645555e-05,0.8503134,2.0325514e-07,5.273757e-05,1.5341706e-06,1.362318e-12,3,,,,0.609945,Test
3370,1,2.6653442,-4.1681147,-2.2065077,3.1127663,-1.6564375,0.038982473,-3.4473963,-10.234106,0.3758205,0.00040480602,0.0028784722,0.58788633,0.0049894713,0.027187295,0.0008322445,9.393347e-07,3,,,,1.1981101,Test
3371,1,-4.7165895,-3.8719213,-0.5768052,0.34589833,-2.041236,4.7013617,-1.1399583,-9.005868,7.948033e-05,0.0001849671,0.004990515,0.012556549,0.0011538548,0.9781919,0.0028416528,1.0900587e-06,5,,,,0.18727337,Test
3372,1,-2.679587,-1.3262603,3.4090388,-0.6789366,-1.7835759,-1.0673255,-1.3716302,-5.2008405,0.0021536762,0.008335329,0.94937336,0.015923988,0.0052761026,0.010798832,0.007965605,0.00017306684,2,,,,0.41108218,Test
3373,20,0.72706795,-9.309938,-5.6403728,9.432186,-5.998438,-0.3312163,-1.743056,-15.144754,0.00016569596,7.2492896e-09,2.8442474e-07,0.99976224,1.9882083e-07,5.7504938e-05,1.4013629e-05,2.1196642e-11,3,,,,0.0034706562,Test
3374,1,1.0495579,-5.035504,-3.8745184,5.4481697,-4.588934,-1.3832906,-0.5676158,-8.153471,0.012101068,2.7549599e-05,8.796798e-05,0.9842754,4.30584e-05,0.0010623095,0.0024015636,1.2189871e-06,3,,,,0.13321796,Test
3375,20,6.218055,-15.085462,-11.736321,16.442158,-9.973838,-0.56847286,-3.6024625,-26.264109,3.62838e-05,2.031017e-14,5.7839784e-13,0.99996376,3.3702548e-12,4.096008e-08,1.9711341e-09,2.8371845e-19,3,,,,0.0005885416,Test
3376,1,7.1543736,-11.884109,-9.851033,11.323203,-5.9067454,0.75046575,-5.10874,-23.980295,0.015234286,8.213236e-11,6.272891e-10,0.9847403,3.239294e-08,2.5213903e-05,7.194821e-08,4.58361e-16,3,,,,0.11419614,Test
3377,1,-5.7709436,-2.9383233,7.2557716,-1.4188333,0.5645816,-1.44186,-4.2243876,-2.5637035,2.1970436e-06,3.732761e-05,0.99831885,0.00017058328,0.0012397162,0.00016670006,1.0315713e-05,5.4290693e-05,2,,,,0.02015164,Test
3378,3,4.504261,-4.8239293,3.5624423,2.2832057,-3.5278056,-1.4313409,-5.3128767,-15.243187,0.6659898,5.919516e-05,0.25968143,0.07225627,0.00021636425,0.0017606309,3.6302692e-05,1.7670949e-09,0,,,,1.189698,Test
3379,3,6.869419,-9.183424,-6.4698606,7.597622,-3.8297741,-1.3891368,-4.948046,-18.100643,0.32555842,3.4751036e-08,5.241476e-07,0.674347,7.34562e-06,8.433028e-05,2.400873e-06,4.6587426e-12,3,,,,0.91172975,Test
3380,1,-1.470687,-6.012259,-3.1295612,1.9562426,-0.9074956,4.722829,-2.946858,-12.428992,0.0019101026,2.0355266e-05,0.00036359395,0.05879674,0.003354653,0.935118,0.00043647943,3.326022e-08,5,,,,0.38503888,Test
3381,3,1.6349214,-5.8693123,-3.5466404,4.735439,-4.130608,2.0417867,-2.8109016,-13.71763,0.040432516,2.2268103e-05,0.00022719918,0.8979834,0.00012670479,0.06073374,0.0004741702,8.693646e-09,3,,,,0.5819552,Test
3382,19,-12.577999,-9.133414,19.138628,-2.4321673,2.9620118,-0.85185987,-11.933809,-10.486592,1.6812945e-14,5.267547e-13,0.9999999,4.2847223e-10,9.431583e-08,2.0808526e-09,3.2019306e-14,1.3612248e-13,2,,,,2.446494e-06,Test
3383,13,-2.5722208,-3.6260746,6.89061,0.38858283,-1.1518235,0.22148845,-5.377953,-8.069068,7.743841e-05,2.6994412e-05,0.99680895,0.0014956061,0.0003204995,0.0012654621,4.6821206e-06,3.1747246e-07,2,,,,0.036091264,Test
3384,1,-4.979388,-12.186178,-1.6691505,-3.0152326,10.948984,3.1949694,-9.026717,-13.136911,1.2083913e-07,8.960629e-11,3.3099823e-06,8.6144945e-07,0.99956685,0.00042883077,2.1109376e-09,3.4629032e-11,4,,,,0.0055026785,Test
3385,3,-4.2004876,-3.5013578,7.0079556,0.63113445,-2.1235292,0.30434668,-4.231371,-8.480155,1.3517476e-05,2.7197158e-05,0.9969202,0.0016952831,0.000107871536,0.0012227002,1.3106385e-05,1.8718e-07,2,,,,0.034140266,Test
3386,1,0.4028827,-4.680291,1.025597,4.0056477,-4.0257235,-0.2622849,-3.157731,-10.6861515,0.02492255,0.00015452478,0.046455156,0.91464686,0.00029735366,0.012814863,0.0007083332,3.807905e-07,3,,,,0.54959327,Test
3387,13,-4.0360312,-4.0250773,0.12308501,1.1286592,-0.122442126,1.5509381,-2.1545773,-3.722796,0.0017669594,0.0017864209,0.11311178,0.30918837,0.08848644,0.47164643,0.011596627,0.0024169236,5,,,,1.82821,Test
3388,3,2.5782037,-8.434802,-5.2268248,8.857625,-6.3656983,0.8790143,-2.5936472,-16.302944,0.0018703162,3.0833828e-08,7.6249023e-07,0.9977761,2.4413362e-07,0.00034195313,1.0612283e-05,1.1801499e-11,3,,,,0.024288801,Test
3389,13,13.124474,-18.333334,-15.190257,20.624094,-13.748814,-2.2123733,-5.6412787,-34.64513,0.0005529884,1.2043808e-17,2.7911626e-16,0.99944705,1.1797632e-15,1.2078358e-10,3.916094e-12,9.922929e-25,3,,,,0.006781115,Test
3390,20,0.33009008,-5.309214,3.31845,3.7933333,-3.5652652,0.3524569,-4.8326526,-12.218863,0.018578496,6.605288e-05,0.36884066,0.5930318,0.00037781498,0.01899872,0.000106379965,6.5927985e-08,3,,,,1.1998575,Test
3391,13,5.167928,-5.3445582,-3.4586709,6.0762467,-5.6815915,-1.510753,-2.7687676,-12.996642,0.28719217,7.81012e-06,5.1485873e-05,0.71227926,5.575528e-06,0.00036112548,0.00010263825,3.7102206e-09,3,,,,0.8720236,Test
3392,1,11.147973,-15.951166,-13.517337,18.199097,-12.138582,-1.7139852,-4.865816,-29.991234,0.0008656849,1.4735132e-15,1.6801629e-14,0.99913436,6.670177e-14,2.2463749e-09,9.6085875e-11,1.1771432e-21,3,,,,0.010055745,Test
3393,20,5.087763,-14.334215,-10.443025,15.256422,-8.190969,0.21352471,-4.174145,-24.427507,3.835223e-05,1.4090706e-13,6.9000925e-12,0.9999614,6.5601004e-11,2.9304613e-07,3.642464e-09,5.8273575e-18,3,,,,0.00062482554,Test
3394,1,-1.1646146,-4.083305,6.3962893,0.76420414,-2.5168548,0.7412835,-5.710468,-11.672973,0.00051639235,2.7887447e-05,0.9922902,0.0035534902,0.00013357015,0.0034729685,5.4794996e-06,1.4101266e-08,2,,,,0.07624162,Test
3395,1,-0.4240384,-2.8137183,1.0768586,2.0736766,-2.0522046,-0.6724266,-2.200495,-6.332391,0.0529651,0.004854729,0.23758614,0.6437743,0.010396477,0.041315794,0.00896364,0.00014388819,3,,,,1.4847203,Test
3396,1,1.4310278,-3.2910347,-3.484134,1.3266339,-1.8875148,1.1500424,-1.522563,-9.644304,0.36225134,0.0032228811,0.002656944,0.32634154,0.013115514,0.27351403,0.018892167,5.6111844e-06,0,,,,1.8091437,Test
3397,1,-0.24494569,-6.872919,-3.2061608,4.902532,-0.26034245,0.560487,-3.6480746,-10.069339,0.0056719603,7.5030985e-06,0.00029355782,0.9755608,0.005585298,0.01269194,0.00018870049,3.069401e-07,3,,,,0.20482114,Test
3398,19,10.204345,-13.78628,-11.0857725,15.1127615,-9.899452,-0.9265847,-5.3126755,-27.471788,0.007330043,2.7932582e-13,4.158398e-12,0.9926698,1.3618774e-11,1.0740019e-07,1.3370567e-09,3.1810476e-19,3,,,,0.062523276,Test
3399,19,-4.1549387,-3.3775604,7.781364,-0.4958948,-1.6592269,0.40757695,-4.2964463,-10.044803,6.541858e-06,1.4233513e-05,0.9990133,0.0002539823,7.9355086e-05,0.0006268683,5.6786475e-06,1.810363e-08,2,,,,0.012647872,Test
3400,16,-18.018757,-10.988311,24.313812,-4.4218597,2.9494174,-4.2139945,-12.788155,-8.130725,4.1228623e-19,4.661035e-16,1.0,3.3132655e-13,5.266973e-10,4.0787843e-13,7.70585e-17,8.119254e-15,2,,,,1.6264957e-08,Test
3401,3,0.33181128,-5.1421137,6.2405267,2.0363107,-2.1619072,0.118148625,-6.285934,-12.037812,0.0026622145,1.1167279e-05,0.9803146,0.014638537,0.00021990496,0.00215006,3.557892e-06,1.1302735e-08,2,,,,0.1620706,Test
3402,1,-0.89026135,-10.758227,6.2229557,6.673052,-4.550754,-0.59857094,-8.643931,-20.944538,0.0003167892,1.6412226e-08,0.38904622,0.6102046,8.147761e-06,0.000424082,1.3595468e-07,6.184556e-13,3,,,,0.9733037,Test
3403,16,-9.781225,-4.9732065,12.54552,-2.287765,-0.49626997,-3.363796,-5.4695935,-4.4399533,2.0119494e-10,2.464408e-08,0.99999726,3.6139758e-07,2.1678109e-06,1.2321699e-07,1.5001486e-08,4.2005034e-08,2,,,,5.726824e-05,Test
3404,3,1.6351986,-7.235809,-1.276692,-1.0225301,6.206926,-1.9649303,-7.1432195,-12.808864,0.010218355,1.434668e-06,0.000555601,0.000716381,0.9882274,0.00027916758,1.5738467e-06,5.450102e-09,4,,,,0.10130109,Test
3405,7,-3.522501,-5.317605,-0.023269687,0.7686907,1.8363286,2.4945838,-3.7571702,-5.7878647,0.0013678748,0.00022721794,0.045263,0.09992803,0.2906408,0.56134933,0.0010817603,0.00014197486,5,,,,1.5481603,Test
3406,20,0.5516264,-4.4409366,5.142465,1.8388684,-2.1154232,-0.65344447,-5.10934,-11.143589,0.009654441,6.553672e-05,0.95170677,0.03497593,0.00067056715,0.0028931547,3.358928e-05,8.0456196e-08,2,,,,0.33467042,Test
3407,19,7.95989,-9.925997,-7.902911,11.399704,-8.348876,-1.6473858,-3.5751035,-20.015942,0.031074006,5.3046334e-10,4.011159e-09,0.96892357,2.5679692e-09,2.0893467e-06,3.039577e-07,2.2011417e-14,3,,,,0.1997992,Test
3408,3,10.84523,-14.734058,-11.262239,16.519093,-11.424367,-1.9378939,-4.8898134,-28.574772,0.003422818,2.663422e-14,8.574953e-13,0.9965772,7.29157e-13,9.610456e-09,5.0204385e-10,2.5971345e-20,3,,,,0.032964792,Test
3409,3,-1.0928267,-7.0637364,-2.0095656,6.2777104,-3.965403,1.4672155,-2.6257277,-12.188091,0.00062379206,1.591867e-06,0.000249405,0.9908857,3.5277342e-05,0.008069603,0.00013468193,9.471701e-09,3,,,,0.081110284,Test
3410,1,-3.2764034,-10.079676,-7.0668,10.606184,-7.7322125,-0.741082,1.4288956,-13.343935,9.350147e-07,1.037994e-09,2.111882e-08,0.9998839,1.0856389e-08,1.1800338e-05,0.000103348466,3.9677567e-11,3,,,,0.0017486211,Test
3411,1,-0.011195855,-10.844557,-6.2952414,10.79135,-5.6878614,-0.4668764,-1.9435592,-16.54427,2.0346886e-05,4.0144826e-10,3.7963982e-08,0.99996376,6.968728e-08,1.2900266e-05,2.9463445e-06,1.3436154e-12,3,,,,0.00063582306,Test
3412,3,-1.1167619,-5.770285,-1.2115189,4.608038,-2.141431,1.4768765,-2.6891494,-10.395596,0.0031033147,2.956832e-05,0.0028227572,0.95076877,0.0011138273,0.04151727,0.0006440902,2.8978752e-07,3,,,,0.32778555,Test
3413,1,-1.7938458,-6.7515574,-2.5350637,0.67405456,3.714783,1.7108482,-4.319464,-8.9603195,0.0034077852,2.3953313e-05,0.0016239232,0.040203862,0.8410839,0.113381304,0.00027265283,2.6309485e-06,4,,,,0.79913443,Test
3414,16,-16.522066,-10.910569,26.450644,-2.4982705,2.1652782,-1.5718783,-14.441593,-16.809225,2.1736487e-19,5.946084e-17,1.0,2.676989e-13,2.837916e-11,6.7604147e-13,1.7407166e-18,1.6310894e-19,2,,,,1.0328175e-09,Test
3415,13,2.4772227,-6.1920137,-0.106677204,5.8033547,-4.1688547,-0.70011103,-3.9043388,-12.285879,0.03454133,5.9338604e-06,0.002607148,0.96130204,4.4872897e-05,0.001440259,5.846047e-05,1.3390772e-08,3,,,,0.25999844,Test
3416,16,-2.206219,-4.5920796,0.5136728,0.4429114,2.4785373,-0.2946077,-3.6960773,-5.69062,0.0068626474,0.00063143065,0.10416593,0.097049735,0.74311405,0.0464188,0.0015468717,0.00021049203,4,,,,1.2634343,Test
3417,13,4.4470615,-3.3292887,0.34165397,2.4847457,-4.094422,-1.9612055,-2.9196422,-11.355164,0.8621354,0.0003617009,0.014210834,0.12115813,0.00016828933,0.0014206937,0.00054482446,1.18237786e-07,0,,,,0.666243,Test
3418,3,-1.5162882,-3.4846733,5.956252,0.69526964,-1.4581367,0.37608814,-5.058621,-8.985754,0.000562726,7.8602825e-05,0.98987424,0.0051376484,0.0005964197,0.0037337532,1.6288504e-05,3.2088485e-07,2,,,,0.09751865,Test
3419,19,-5.636032,-7.13896,12.618818,0.5684375,-0.63697785,0.26004383,-8.969793,-13.288904,1.1803588e-08,2.6260367e-09,0.9999881,5.8422615e-06,1.7501512e-06,4.2918778e-06,4.2090095e-10,5.6029135e-12,2,,,,0.00022907322,Test
3420,16,1.7184492,-6.9569836,-4.0618577,7.3480573,-5.832658,-0.84738076,-2.0146844,-12.123123,0.0035758023,6.1049366e-07,1.1041248e-05,0.9960503,1.8791837e-06,0.00027481953,8.552524e-05,3.4838166e-09,3,,,,0.039386146,Test
