,class,class_class_logit_0_resnet,class_class_logit_1_resnet,class_class_logit_2_resnet,class_class_logit_3_resnet,class_class_prob_0_resnet,class_class_prob_1_resnet,class_class_prob_2_resnet,class_class_prob_3_resnet,class_pred_label_resnet,crossentropy_loss_resnet,incorrect_class_prob_resnet,correct_resnet,entropy_resnet,split
0,0,8.341951,-5.050589,-10.344975,-9.051905,0.99999845,1.526487e-06,7.662487e-09,2.7921814e-08,0,,,,3.2636817e-05,Test
1,0,7.6618023,-7.3236685,-10.133904,-4.4344716,0.99999404,3.1037743e-07,1.8681844e-08,5.5802366e-06,0,,,,0.000113085014,Test
2,0,8.556447,-2.1222358,-13.422513,-8.120923,0.999977,2.3030174e-05,2.8487146e-10,5.7161053e-08,0,,,,0.00038938213,Test
3,0,6.5542965,-1.7472749,-10.8281555,-8.107734,0.9997515,0.00024806507,2.8235084e-08,4.287985e-07,0,,,,0.0033393055,Test
4,0,2.5854337,1.4680483,-6.025002,-4.56927,0.75295687,0.2463178,0.00013718463,0.00058819534,0,,,,0.8142123,Test
5,0,7.0122447,-1.4316013,-10.782942,-8.355204,0.99978465,0.00021517453,1.8687661e-08,2.1179136e-07,0,,,,0.0029371288,Test
6,0,1.4996328,-2.7126992,-2.7099001,-1.345377,0.9192876,0.0136162955,0.013654461,0.053441588,0,,,,0.506434,Test
7,0,4.5870166,-2.5859613,-6.2357707,-7.7086287,0.9992092,0.00076642865,1.9924142e-05,4.5679963e-06,0,,,,0.0094649205,Test
8,0,3.618036,-2.5695581,-4.0714374,-5.477988,0.99738234,0.002049385,0.00045642132,0.00011181726,0,,,,0.028606517,Test
9,0,4.0896816,0.11448158,-7.397318,-5.4183216,0.981489,0.018427992,1.00726775e-05,7.2880626e-05,0,,,,0.13380712,Test
10,0,4.1998096,-0.4312674,-6.9723477,-5.8681083,0.99029434,0.009649686,1.3923808e-05,4.2007145e-05,0,,,,0.07937706,Test
11,0,5.445873,-0.6693664,-8.132102,-6.9967456,0.9977907,0.0022040673,1.2653193e-06,3.9380293e-06,0,,,,0.022731492,Test
12,0,3.861613,-0.7178899,-5.852635,-7.4555955,0.9897731,0.010155065,5.9798662e-05,1.2037451e-05,0,,,,0.08295762,Test
13,0,8.103182,-2.6857386,-12.592131,-7.61287,0.99997926,2.0626352e-05,1.0283264e-09,1.4948455e-07,0,,,,0.000354397,Test
14,0,4.835946,-3.8426845,-6.706589,-3.7634928,0.99963605,0.00017012199,9.704704e-06,0.00018414213,0,,,,0.005101332,Test
15,0,3.6399903,2.1229239,-6.923453,-8.269706,0.8200842,0.1798891,2.1194022e-05,5.514967e-06,0,,,,0.68029064,Test
16,0,3.6259356,-0.7605202,-8.185506,-2.2568576,0.98498964,0.012257961,7.30782e-06,0.0027451555,0,,,,0.12281484,Test
17,0,4.427528,-5.8657556,-3.817345,-5.9008484,0.999671,3.3848613e-05,0.00026251504,3.2681353e-05,0,,,,0.004586953,Test
18,0,5.551035,0.83216536,-10.22544,-7.3768272,0.99115115,0.008846283,1.3947742e-07,2.4079125e-06,0,,,,0.07309554,Test
19,0,7.584569,-5.068494,-10.249515,-6.870941,0.9999963,3.1977393e-06,1.7978536e-08,5.272907e-07,0,,,,7.51638e-05,Test
20,0,6.0294476,-3.7809417,-8.746981,-4.7202935,0.99992335,5.487426e-05,3.8251235e-07,2.1449327e-05,0,,,,0.0012280499,Test
21,0,5.333696,-0.8626481,-8.977781,-6.688827,0.9979608,0.0020327105,6.077398e-07,5.9951235e-06,0,,,,0.021232923,Test
22,0,3.597347,0.24445859,-5.9076834,-5.678939,0.9660424,0.033795223,7.194719e-05,9.043911e-05,0,,,,0.21551262,Test
23,0,6.751325,-0.949947,-11.4682665,-6.8733015,0.9995467,0.00045204654,1.2221801e-08,1.2097709e-06,0,,,,0.0057006287,Test
24,0,4.703127,-0.013467661,-8.324537,-5.546496,0.99109685,0.008865945,2.179081e-06,3.5055946e-05,0,,,,0.073790826,Test
25,0,5.82139,-1.4841212,-8.481954,-7.710174,0.9993267,0.00067137345,6.135419e-07,1.3274666e-06,0,,,,0.008086286,Test
26,0,8.982626,-4.1751757,-12.231239,-8.943607,0.9999981,1.9303611e-06,6.122581e-10,1.6395889e-08,0,,,,3.9837952e-05,Test
27,0,5.1297126,-1.6029531,-9.540808,-4.445016,0.99874026,0.0011898524,4.247431e-07,6.937468e-05,0,,,,0.014342946,Test
28,0,9.793129,-3.9519117,-14.045624,-10.553441,0.9999989,1.0730109e-06,4.4356855e-11,1.4574607e-09,0,,,,2.2869854e-05,Test
29,0,4.9184337,-2.3118453,-5.8191743,-7.1768365,0.9992489,0.0007237748,2.1696507e-05,5.5816754e-06,0,,,,0.009067244,Test
30,0,8.707868,-6.4334908,-10.801865,-7.537139,0.99999964,2.6557763e-07,3.3653575e-09,8.808119e-08,0,,,,8.390378e-06,Test
31,0,7.003512,-2.8228602,-11.164608,-5.166823,0.9999409,5.400514e-05,1.2872423e-08,5.181614e-06,0,,,,0.0009422242,Test
32,0,7.96604,-4.179676,-10.576907,-8.550778,0.9999945,5.311049e-06,8.849072e-09,6.711727e-08,0,,,,0.000102638485,Test
33,0,7.6347394,-2.6956363,-11.702742,-7.6426706,0.9999671,3.2625754e-05,3.9978327e-09,2.3178782e-07,0,,,,0.00053884287,Test
34,0,8.156909,-4.426198,-14.22783,-4.3296804,0.9999927,3.4294376e-06,1.8985773e-10,3.776939e-06,0,,,,0.00014070678,Test
35,0,5.922113,-2.2590306,-9.375781,-5.011765,0.99970204,0.00027979826,2.2702821e-07,1.7838063e-05,0,,,,0.004018585,Test
36,0,9.47905,-5.078259,-14.608623,-5.4027095,0.99999917,4.7625662e-07,3.458248e-11,3.4429723e-07,0,,,,1.8599314e-05,Test
37,0,8.210239,-4.2748966,-12.531596,-6.2241063,0.9999956,3.7824432e-06,9.815964e-10,5.385693e-07,0,,,,8.5566426e-05,Test
38,0,9.551831,-5.937199,-13.971187,-6.137631,0.99999964,1.8758548e-07,6.082512e-11,1.535157e-07,0,,,,8.184633e-06,Test
39,0,7.6353426,-2.303295,-11.73648,-8.131063,0.9999516,4.8270686e-05,3.8628105e-09,1.4213984e-07,0,,,,0.0007652933,Test
40,0,6.51884,-3.6872396,-9.361798,-4.8238673,0.9999511,3.6943224e-05,1.2679592e-07,1.1855062e-05,0,,,,0.0008113783,Test
41,0,5.95551,-1.6792886,-9.661041,-5.7488394,0.9995085,0.0004830982,1.6504578e-07,8.2537645e-06,0,,,,0.006173524,Test
42,0,7.866635,-2.4662554,-12.140674,-8.156927,0.99996734,3.2543816e-05,2.0460769e-09,1.09911085e-07,0,,,,0.0005348614,Test
43,0,7.331668,-6.649847,-10.024525,-3.141006,0.9999709,8.4701793e-07,2.8992675e-08,2.8298478e-05,0,,,,0.00048733375,Test
44,0,6.4272504,-3.6837337,-9.345266,-5.662867,0.9999536,4.062893e-05,1.4127427e-07,5.614467e-06,0,,,,0.0007607039,Test
45,0,8.576346,-5.2469053,-12.4450865,-5.6697335,0.99999845,9.922871e-07,7.4217615e-10,6.501375e-07,0,,,,3.55813e-05,Test
46,0,10.000781,-5.823348,-13.718985,-9.390784,0.9999999,1.3417389e-07,4.9961677e-11,3.7874783e-09,0,,,,3.3427596e-06,Test
47,0,5.8132014,-2.6487937,-8.575248,-6.100248,0.9997814,0.00021130379,5.63743e-07,6.6982257e-06,0,,,,0.0030217196,Test
48,0,7.737374,-4.403964,-11.648296,-5.7052097,0.9999932,5.334341e-06,3.8098484e-09,1.4519692e-06,0,,,,0.00013142009,Test
49,0,8.741999,-0.995383,-14.399982,-11.0697155,0.999941,5.9031405e-05,8.903068e-11,2.4880336e-09,0,,,,0.0009144854,Test
50,0,4.2402706,0.55197394,-7.2826133,-6.726378,0.9755701,0.024403466,9.659027e-06,1.684627e-05,0,,,,0.16596265,Test
51,0,5.4412284,0.9365567,-9.469047,-8.236837,0.98906213,0.010936279,3.3095858e-07,1.1347884e-06,0,,,,0.08696972,Test
52,0,7.7392073,-4.6978493,-9.962739,-7.7715592,0.9999958,3.9687447e-06,2.0518264e-08,1.8355139e-07,0,,,,8.186151e-05,Test
53,0,8.34672,-5.320577,-11.959792,-5.8759823,0.9999981,1.159758e-06,1.5170277e-09,6.6551553e-07,0,,,,3.9147722e-05,Test
54,0,7.692491,-5.5716076,-11.571172,-3.5431418,0.999985,1.735675e-06,4.3041877e-09,1.3195326e-05,0,,,,0.00026872245,Test
55,0,7.715216,-4.8115993,-9.391412,-9.772475,0.9999964,3.6280364e-06,3.7212097e-08,2.5420867e-08,0,,,,7.228646e-05,Test
56,0,4.7028584,-1.4498855,-7.3091764,-5.7114873,0.9978409,0.0021230422,6.057601e-06,2.9934252e-05,0,,,,0.022518218,Test
57,0,9.336232,-6.0352635,-13.216784,-6.3454742,0.99999964,2.1098126e-07,1.6045348e-10,1.5471103e-07,0,,,,8.70014e-06,Test
58,0,12.695472,-7.985164,-18.027073,-8.682266,1.0,1.0435521e-09,4.5432638e-14,5.197158e-10,0,,,,4.7166125e-08,Test
59,0,11.411792,-9.473246,-15.511588,-7.3463583,1.0,8.506363e-10,2.029199e-12,7.1357382e-09,0,,,,2.1881853e-07,Test
60,0,5.7678714,-1.5344528,-8.828615,-6.6834273,0.99932206,0.0006735135,4.5764813e-07,3.9099855e-06,0,,,,0.008153754,Test
61,0,3.294545,0.63868594,-5.1207333,-7.853883,0.9341653,0.06561435,0.0002068782,1.34500215e-05,0,,,,0.3523858,Test
62,0,3.2933996,0.16576272,-6.312137,-5.02347,0.95773244,0.041969012,6.450787e-05,0.00023403109,0,,,,0.25538105,Test
63,0,8.485369,-9.407998,-10.700487,-3.0769808,0.99999046,1.6943572e-08,4.65248e-09,9.517686e-06,0,,,,0.00017308882,Test
64,0,8.320934,-4.3719387,-12.255661,-6.3512487,0.9999964,3.0729377e-06,1.1579683e-09,4.24571e-07,0,,,,7.036644e-05,Test
65,0,6.515039,-0.9503929,-8.738292,-10.747708,0.99942756,0.0005722101,2.3730898e-07,3.1815272e-08,0,,,,0.00699501,Test
66,0,6.689065,-3.8252113,-10.280371,-4.457972,0.9999584,2.7144988e-05,4.2682437e-08,1.4417336e-05,0,,,,0.00070468395,Test
67,0,3.6757853,-1.5004101,-5.6915765,-4.134361,0.993897,0.0056149825,8.494694e-05,0.00040312333,0,,,,0.05645297,Test
68,0,8.148665,-6.928929,-11.465656,-5.1952033,0.9999982,2.8306295e-07,3.031148e-09,1.6026212e-06,0,,,,3.984706e-05,Test
69,0,6.564395,-1.4492366,-11.386055,-5.6728387,0.9996643,0.0003308096,1.5998248e-08,4.8449683e-06,0,,,,0.0043948134,Test
70,0,6.3743057,-3.465222,-8.867126,-5.6082487,0.9999403,5.3299325e-05,2.4027256e-07,6.251969e-06,0,,,,0.0009561353,Test
71,0,3.281484,0.8702407,-6.490397,-4.672231,0.91733694,0.082288526,5.2318446e-05,0.0003223103,0,,,,0.4151687,Test
72,0,8.297721,-4.2338386,-12.5716915,-6.929593,0.9999962,3.6108663e-06,8.6402857e-10,2.4370246e-07,0,,,,7.633683e-05,Test
73,0,8.902781,-4.5267615,-13.9174595,-5.2791266,0.99999785,1.4710345e-06,1.2282726e-10,6.9322596e-07,0,,,,4.5784156e-05,Test
74,0,5.3276415,0.14951201,-9.4110155,-7.07328,0.9943885,0.005606902,3.9503783e-07,4.0917075e-06,0,,,,0.050086126,Test
75,0,9.401522,-5.729269,-14.108366,-6.6395936,0.99999964,2.6839902e-07,6.1629035e-11,1.08002105e-07,0,,,,8.876384e-06,Test
76,0,6.9564195,-4.7259088,-9.530769,-6.0780888,0.9999893,8.441598e-06,6.9135396e-08,2.1836374e-06,0,,,,0.0002004609,Test
77,0,5.988835,-1.0682195,-9.8437,-6.2288594,0.9991345,0.00086056587,1.3293564e-07,4.9379505e-06,0,,,,0.01010104,Test
78,0,8.037515,-1.5132885,-13.952449,-6.8719554,0.9999285,7.113901e-05,2.817404e-10,3.3486407e-07,0,,,,0.001090622,Test
79,0,7.952927,-4.185771,-12.031904,-5.4476147,0.9999931,5.348441e-06,2.0926434e-09,1.5143137e-06,0,,,,0.0001328897,Test
80,0,8.71657,-4.738812,-12.35757,-8.787976,0.99999857,1.4335126e-06,7.040723e-10,2.4996037e-08,0,,,,3.0543804e-05,Test
81,0,6.187494,-1.552349,-10.549339,-6.539612,0.9995621,0.00043494938,5.3838793e-08,2.968232e-06,0,,,,0.005544463,Test
82,0,5.8174777,0.054778554,-9.457402,-7.405871,0.9968652,0.0031327663,2.3165441e-07,1.8022254e-06,0,,,,0.030614376,Test
83,0,7.734487,-2.9293284,-11.089843,-8.77552,0.9999765,2.3375105e-05,6.6786305e-09,6.757476e-08,0,,,,0.00039520342,Test
84,0,7.8855424,-2.6517031,-12.65113,-7.458196,0.9999732,2.6528987e-05,1.2051047e-09,2.169139e-07,0,,,,0.00044674258,Test
85,0,6.359623,-0.68333304,-10.363174,-7.2642426,0.999126,0.0008727772,5.457599e-08,1.2101823e-06,0,,,,0.010154864,Test
86,0,10.336755,-7.6845036,-14.836724,-5.232061,0.9999999,1.4909617e-08,1.1676075e-11,1.732006e-07,0,,,,4.4503126e-06,Test
87,0,5.642366,-3.6918573,-8.855867,-3.3175774,0.99978274,8.832918e-05,5.051295e-07,0.00012842557,0,,,,0.003173606,Test
88,0,4.3861628,-1.8018932,-7.477366,-3.0727987,0.99736977,0.0020484135,7.024104e-06,0.00057473866,0,,,,0.028391777,Test
89,0,9.393579,-2.6605628,-13.896773,-10.896798,0.99999416,5.820369e-06,7.675844e-11,1.5416963e-09,0,,,,0.00010969373,Test
90,0,8.212367,-3.9143999,-11.736892,-8.249303,0.9999945,5.4126454e-06,2.1684259e-09,7.092269e-08,0,,,,0.00010435344,Test
91,0,4.6454086,-1.7557449,-7.531539,-5.511846,0.9982994,0.0016568194,5.1390125e-06,3.8727634e-05,0,,,,0.018414047,Test
92,0,6.155733,-5.860279,-8.851757,-2.104531,0.99973506,6.0450116e-06,3.035392e-07,0.0002585221,0,,,,0.0035742943,Test
93,0,7.823321,-2.7838032,-12.590549,-7.5775867,0.99997497,2.4738512e-05,1.3625677e-09,2.0486132e-07,0,,,,0.00041910642,Test
94,0,7.039508,-3.179585,-10.678348,-5.1090226,0.9999583,3.6465826e-05,2.019366e-08,5.2959263e-06,0,,,,0.00069114805,Test
95,0,7.467728,-4.1951637,-11.145407,-4.0961003,0.9999819,8.607218e-06,8.2491765e-09,9.503537e-06,0,,,,0.0003296504,Test
96,0,8.166963,-5.32731,-11.732935,-4.857811,0.9999964,1.3788293e-06,2.27815e-09,2.2050128e-06,0,,,,7.350201e-05,Test
97,0,8.2936,-2.8685403,-12.493812,-8.321048,0.9999857,1.4201625e-05,9.378557e-10,6.086173e-08,0,,,,0.00025073584,Test
98,0,4.8557467,-0.6463858,-7.516236,-6.2679563,0.9959196,0.0040614256,4.2183297e-06,1.4698108e-05,0,,,,0.03844911,Test
99,0,3.8394358,0.6259259,-7.3545237,-6.085033,0.96128154,0.03865814,1.3224397e-05,4.706613e-05,0,,,,0.2370801,Test
100,0,9.643345,-4.355211,-13.565943,-9.608029,0.99999917,8.327295e-07,8.324039e-11,4.3574704e-09,0,,,,1.8145201e-05,Test
101,0,5.6674166,-0.4862295,-8.846279,-7.070519,0.99787533,0.0021212008,4.9643035e-07,2.9313046e-06,0,,,,0.021964356,Test
102,0,9.377242,-6.3342853,-12.10006,-9.264074,0.9999999,1.5016563e-07,4.7046356e-10,8.020095e-09,0,,,,3.8060457e-06,Test
103,0,5.514216,-0.8603079,-8.422018,-6.86078,0.99829346,0.0017015229,8.8476696e-07,4.215661e-06,0,,,,0.018205388,Test
104,0,5.2742224,-4.8888927,-7.3094153,-3.3004508,0.99976915,3.855806e-05,3.4268533e-06,0.00018878464,0,,,,0.0032958586,Test
105,0,9.302964,-3.8931293,-14.676691,-7.6260056,0.9999981,1.8578411e-06,3.8527143e-11,4.444683e-08,0,,,,3.9208062e-05,Test
106,0,4.8009048,-3.159588,-8.435444,-1.2304585,0.99725467,0.00034802294,1.7796423e-06,0.0023956215,0,,,,0.028842472,Test
107,0,2.3390172,-0.6244613,-4.448389,-2.536608,0.9430429,0.04869777,0.0010636493,0.0071957214,0,,,,0.35383737,Test
108,0,5.740111,-1.7391845,-10.46169,-2.8540907,0.9992506,0.00056423206,9.190127e-08,0.00018503756,0,,,,0.00946614,Test
109,0,3.546492,-0.3733636,-6.9825115,-2.30208,0.9777516,0.019402465,2.6154148e-05,0.0028198506,0,,,,0.16637455,Test
110,0,7.689624,-5.029685,-11.141853,-4.768447,0.9999931,2.9927562e-06,6.631167e-09,3.886204e-06,0,,,,0.00013483404,Test
111,0,7.5071115,-4.9868507,-10.461292,-5.837631,0.99999475,3.749202e-06,1.5718806e-08,1.6012148e-06,0,,,,0.000106553205,Test
112,0,7.209906,-0.009530834,-12.475321,-8.5779705,0.99926823,0.0007316786,2.8216092e-09,1.3902554e-07,0,,,,0.008680279,Test
113,0,4.2338424,-0.006672389,-6.6688476,-6.8625774,0.9857717,0.014195288,1.8146726e-05,1.4950725e-05,0,,,,0.10804278,Test
114,0,5.046655,-2.822741,-7.858942,-3.606951,0.99944097,0.0003820514,2.4827173e-06,0.00017439885,0,,,,0.0073676454,Test
115,0,2.4942293,1.3519278,-7.1374874,-4.550112,0.7575633,0.24172616,4.9706992e-05,0.0006608463,0,,,,0.80633146,Test
116,0,4.069773,1.3335286,-8.033078,-6.0468993,0.9390912,0.06086559,5.206022e-06,3.7939597e-05,0,,,,0.33157834,Test
117,0,7.357939,-2.1866736,-12.206843,-6.471132,0.9999274,7.1580675e-05,3.184872e-09,9.864594e-07,0,,,,0.0011101756,Test
118,0,7.481362,-3.300526,-11.45158,-6.6479836,0.99997854,2.07719e-05,5.9912675e-09,7.306243e-07,0,,,,0.00036912056,Test
119,0,7.561831,-5.52965,-12.067765,-3.4560928,0.9999815,2.0626896e-06,2.9851521e-09,1.6404714e-05,0,,,,0.00032646133,Test
120,0,8.596626,-3.5744085,-13.037672,-8.066666,0.9999949,5.178268e-06,4.021068e-10,5.79725e-08,0,,,,9.972717e-05,Test
121,0,10.734574,-5.7799053,-14.670183,-9.894028,0.9999999,6.727476e-08,9.265173e-12,1.0992901e-09,0,,,,1.7218921e-06,Test
122,0,8.891569,-7.318303,-12.358622,-5.010799,0.9999989,9.123071e-08,5.9041716e-10,9.168063e-07,0,,,,2.200174e-05,Test
123,0,5.4867163,-1.9775132,-9.307126,-4.2654715,0.9993686,0.0005728646,3.7570035e-07,5.8130547e-05,0,,,,0.007905944,Test
124,0,2.6949358,-4.4920163,-1.6486803,-6.453759,0.986337,0.00074605644,0.012811998,0.00010490533,0,,,,0.10925416,Test
125,0,5.8047347,-2.2550194,-8.019649,-7.1685915,0.9996809,0.00031590357,9.908507e-07,2.3206926e-06,0,,,,0.004197093,Test
126,0,8.637954,-7.0044327,-11.277421,-6.524176,0.99999964,1.6091545e-07,2.2431714e-09,2.6011793e-07,0,,,,1.0073695e-05,Test
127,0,7.9959807,-3.7095602,-13.12867,-4.7261667,0.9999888,8.2479e-06,6.693847e-10,2.9842618e-06,0,,,,0.00021024715,Test
128,0,9.033909,-6.4382153,-11.80272,-8.29871,0.99999976,1.9078392e-07,8.928271e-10,2.9685149e-08,0,,,,5.2857054e-06,Test
129,0,4.748542,-1.1579884,-7.1771417,-5.857791,0.99725443,0.002714141,6.6000503e-06,2.4690744e-05,0,,,,0.02758573,Test
130,0,6.465736,-2.3831036,-9.589475,-6.6822567,0.99985445,0.00014352729,1.06475e-07,1.949108e-06,0,,,,0.0020817388,Test
131,0,7.801994,-4.163933,-11.119683,-6.4225245,0.99999297,6.357126e-06,6.059227e-09,6.6430476e-07,0,,,,0.00013368927,Test
132,0,3.7218628,-2.3880372,-4.9170732,-4.3386316,0.9972938,0.002214763,0.00017659599,0.00031491608,0,,,,0.029295335,Test
133,0,5.7911315,-4.6296334,-7.8229227,-5.1832204,0.99995184,2.9805635e-05,1.2231245e-06,1.7134782e-05,0,,,,0.0008128923,Test
134,0,4.740636,1.2440556,-9.546852,-6.201005,0.970573,0.029409168,6.05412e-07,1.7184384e-05,0,,,,0.19172955,Test
135,0,4.744439,-1.8502685,-7.8775682,-4.631194,0.9985464,0.001365599,3.293822e-06,8.464133e-05,0,,,,0.01629588,Test
136,0,8.323258,-5.441975,-10.672411,-9.099964,0.9999989,1.0515607e-06,5.627101e-09,2.711381e-08,0,,,,2.3266583e-05,Test
137,0,7.052868,-4.6418786,-7.1736546,-11.846757,0.99999094,8.337434e-06,6.6297304e-07,6.194321e-09,0,,,,0.00016742967,Test
138,0,8.902454,-7.646875,-11.751385,-4.884985,0.9999988,6.49706e-08,1.0718921e-09,1.0284676e-06,0,,,,2.3588325e-05,Test
139,0,6.9545126,-5.278074,-8.070483,-7.8148866,0.9999944,4.869148e-06,2.9834914e-07,3.852377e-07,0,,,,0.000108603126,Test
140,0,3.4101374,-5.213997,-3.9094648,-9.114699,0.9991549,0.00017956388,0.000661866,3.632164e-06,0,,,,0.010508738,Test
141,0,4.121239,-2.3713212,-5.748896,-5.0812616,0.99833566,0.0015121449,5.1609695e-05,0.00010061924,0,,,,0.018638005,Test
142,0,5.170706,1.2575785,-9.828884,-7.3642406,0.98040956,0.019586546,3.0003258e-07,3.5281698e-06,0,,,,0.13918862,Test
143,0,7.3036957,-3.794587,-11.079398,-5.137591,0.9999809,1.5138008e-05,1.0382815e-08,3.951935e-06,0,,,,0.0003411073,Test
144,0,4.438286,-0.34664938,-7.8200545,-5.410347,0.9916579,0.008284971,4.705785e-06,5.237873e-05,0,,,,0.07010584,Test
145,0,6.12365,-4.1746397,-8.999954,-4.9567237,0.99995065,3.3688986e-05,2.703217e-07,1.5411091e-05,0,,,,0.00082398334,Test
146,0,8.583055,-7.3434997,-10.740222,-6.6591167,0.99999964,1.2111151e-07,4.0551553e-09,2.401093e-07,0,,,,8.691752e-06,Test
147,0,5.842255,-0.8552815,-10.040106,-5.968834,0.9987601,0.0012324181,1.2642695e-07,7.4126006e-06,0,,,,0.01382752,Test
148,0,5.9406013,-4.0783415,-8.352372,-4.8271756,0.9999337,4.4545064e-05,6.2031415e-07,2.1066156e-05,0,,,,0.0010793662,Test
149,0,7.4518332,-4.464897,-11.018934,-7.0263343,0.99999285,6.677693e-06,9.511396e-09,5.154762e-07,0,,,,0.00013614379,Test
150,0,3.2243588,-0.19919331,-6.7634315,-4.968342,0.96813,0.031557597,4.4492983e-05,0.00026784843,0,,,,0.20640165,Test
151,0,6.2270494,-2.018098,-9.453138,-7.720034,0.9997366,0.0002624602,1.5490549e-07,8.764845e-07,0,,,,0.003523383,Test
152,0,3.4732068,-0.47615364,-6.300052,-3.4417422,0.9800878,0.018883372,5.582034e-05,0.00097306265,0,,,,0.14710394,Test
153,0,5.2180653,-3.6301718,-7.245447,-4.7095838,0.99980384,0.00014360656,3.864383e-06,4.879685e-05,0,,,,0.0028847607,Test
154,0,5.978061,-0.8442013,-11.1437845,-7.1596866,0.99890995,0.0010880661,3.6610313e-08,1.9673198e-06,0,,,,0.0123210605,Test
155,0,4.486372,-1.3253185,-8.670621,-3.6653712,0.9967282,0.002982577,1.9256054e-06,0.0002872895,0,,,,0.03315051,Test
156,0,6.7669377,-2.6443064,-10.644875,-5.9800515,0.99991536,8.179217e-05,2.742265e-08,2.9108253e-06,0,,,,0.0012868696,Test
157,0,4.253914,-2.3091455,-7.095394,-3.728943,0.99823844,0.0014090742,1.1756889e-05,0.000340662,0,,,,0.020001115,Test
158,0,5.274504,-3.6741254,-5.241498,-8.975276,0.9998424,0.00012989463,2.709503e-05,6.476352e-07,0,,,,0.0023287204,Test
159,0,5.7904496,-5.177672,-7.9657564,-2.6571894,0.99976724,1.723869e-05,1.0608509e-06,0.00021435603,0,,,,0.003241932,Test
160,0,4.0360904,-1.9614027,-5.9223475,-5.1234307,0.9973694,0.0024784377,4.720211e-05,0.0001049365,0,,,,0.027309781,Test
161,0,4.691535,-1.6224879,-7.0071087,-6.3311095,0.9981679,0.0018074164,8.2898605e-06,1.6297841e-05,0,,,,0.019508593,Test
162,0,4.673961,-0.87840325,-7.498197,-4.7839446,0.9960542,0.0038629738,5.1520706e-06,7.776187e-05,0,,,,0.037799254,Test
163,0,2.2876523,2.0072227,-5.670196,-5.1151853,0.5693404,0.4301134,0.00019921512,0.00034702473,0,,,,0.99264294,Test
164,0,7.9190707,-0.83523285,-13.864589,-7.299303,0.9998419,0.00015775584,3.462649e-10,2.458529e-07,0,,,,0.0022258132,Test
165,0,0.4697651,0.0033959905,-3.3768861,-1.6106327,0.56385446,0.3536922,0.012038922,0.07041444,0,,,,1.3427305,Test
166,0,6.487805,-4.0893025,-8.745084,-6.875862,0.9999727,2.5492283e-05,2.4234186e-07,1.571164e-06,0,,,,0.00046400243,Test
167,0,6.63058,-5.3938107,-8.955226,-4.5927567,0.99998057,5.9960444e-06,1.7027938e-07,1.33585145e-05,0,,,,0.0003523499,Test
168,0,7.0889297,-2.6831894,-11.895061,-5.2248783,0.9999385,5.7015863e-05,5.69287e-09,4.489048e-06,0,,,,0.0009724703,Test
169,0,4.2014227,0.9435202,-7.548988,-6.376856,0.96292514,0.037042767,7.5937146e-06,2.45191e-05,0,,,,0.22911428,Test
170,0,4.809458,-0.19779713,-7.8563304,-5.976619,0.99333173,0.0066446336,3.1362608e-06,2.0547586e-05,0,,,,0.058030006,Test
171,0,6.5935097,-3.0260983,-9.757916,-7.627985,0.99993277,6.6409186e-05,7.9183934e-08,6.66276e-07,0,,,,0.0010340051,Test
172,0,3.6062984,-5.1096473,-0.9875522,-9.260568,0.98982424,0.00016228214,0.010010923,2.555931e-06,0,,,,0.08319143,Test
173,0,4.3599176,1.1128556,-7.575579,-7.0800686,0.96255136,0.037431974,6.308169e-06,1.035383e-05,0,,,,0.23069492,Test
174,0,8.01825,-2.4726672,-12.478013,-8.113971,0.9999721,2.7786922e-05,1.2547978e-09,9.859462e-08,0,,,,0.00046313676,Test
175,0,3.7812114,-2.211633,-7.3356967,-4.166183,0.9971431,0.0024894197,1.4816501e-05,0.0003525721,0,,,,0.029930713,Test
176,0,6.3268137,-1.2938253,-10.380322,-5.382194,0.9995018,0.0004899843,5.54583e-08,8.215356e-06,0,,,,0.0062461942,Test
177,0,5.790165,-6.4069366,-5.695504,-7.3965783,0.99998283,5.0449707e-06,1.0276135e-05,1.8752662e-06,0,,,,0.00031949527,Test
178,0,4.3751836,-2.6644025,-5.2324705,-6.1026335,0.99902904,0.0008756382,6.7147026e-05,2.8126766e-05,0,,,,0.01165033,Test
179,0,5.1924806,-1.2826706,-8.206859,-6.031538,0.9984463,0.0015388714,1.5137892e-06,1.3328939e-05,0,,,,0.016864002,Test
180,0,5.565885,-6.389457,-5.185013,-6.143673,0.9999639,6.424586e-06,2.1425378e-05,8.214624e-06,0,,,,0.0006339221,Test
181,0,5.182602,-3.6849484,-5.0878983,-9.157058,0.99982387,0.00014086254,3.4633944e-05,5.919546e-07,0,,,,0.0025815435,Test
182,0,5.3839707,-2.9126651,-8.136468,-5.4725885,0.99973005,0.00024928703,1.3428597e-06,1.9272531e-05,0,,,,0.00370132,Test
183,0,3.0061579,-0.20941965,-4.7308245,-4.217888,0.9603404,0.03854052,0.00041907953,0.0006999419,0,,,,0.2491481,Test
184,0,4.6075697,-0.9561913,-7.2136807,-7.7344155,0.99616855,0.0038196384,7.318613e-06,4.34787e-06,0,,,,0.0363998,Test
185,0,4.884506,0.3616195,-9.3324795,-4.611707,0.98918486,0.010740208,6.6209304e-07,7.432316e-05,0,,,,0.08680119,Test
186,0,2.5484028,-1.2927837,-4.026103,-6.194582,0.9774949,0.020984972,0.0013640895,0.00015598557,0,,,,0.16403636,Test
187,0,5.174706,-0.33907002,-8.954029,-5.955674,0.99597013,0.004014615,7.281399e-07,1.4601028e-05,0,,,,0.038009968,Test
188,0,5.0703273,-1.5298065,-8.086083,-6.741078,0.9986324,0.0013583257,1.9304089e-06,7.409306e-06,0,,,,0.01507127,Test
189,0,6.282388,-3.4218426,-8.179159,-6.5552955,0.99993587,6.1020823e-05,5.24085e-07,2.658502e-06,0,,,,0.0010071801,Test
190,0,5.513092,-1.7590718,-9.952718,-5.440821,0.99928814,0.00069411285,1.9185578e-07,1.7477001e-05,0,,,,0.008589956,Test
191,0,7.409981,-3.6344485,-11.532312,-5.962083,0.9999825,1.5975611e-05,5.935523e-09,1.5580413e-06,0,,,,0.00031005262,Test
192,0,4.5980186,0.8179637,-8.670354,-6.7724767,0.97767514,0.02231195,1.6897155e-06,1.127331e-05,0,,,,0.15446767,Test
193,0,5.0995593,-4.187062,-5.3055425,-7.23771,0.9998727,9.2643815e-05,3.0273764e-05,4.3846703e-06,0,,,,0.0019574026,Test
194,0,3.3366916,0.38823336,-7.7204003,-5.114458,0.9499835,0.049798578,1.4985875e-05,0.00020296832,0,,,,0.28856894,Test
195,0,7.1545615,-4.2552958,-9.997609,-5.806861,0.9999865,1.1085526e-05,3.555505e-08,2.3492007e-06,0,,,,0.0002467208,Test
196,0,10.220437,-6.223688,-13.812696,-8.742523,0.9999999,7.217831e-08,3.652097e-11,5.8142184e-09,0,,,,1.9586698e-06,Test
197,0,8.907093,-6.1921763,-13.19023,-6.235779,0.9999995,2.769939e-07,2.5307764e-10,2.6517594e-07,0,,,,1.2695094e-05,Test
198,0,3.1753263,-0.4255206,-4.0450096,-6.453373,0.97266996,0.026554463,0.0007115631,6.401393e-05,0,,,,0.18622756,Test
199,0,3.474093,-1.4519972,-5.806733,-3.3861809,0.9916732,0.0071944026,9.241805e-05,0.001039895,0,,,,0.07472236,Test
200,0,6.2875204,-0.40787366,-11.592001,-5.573631,0.99875796,0.0012350586,1.7158655e-08,7.0506303e-06,0,,,,0.013844204,Test
201,0,8.579475,-4.3637714,-11.587076,-9.161806,0.9999976,2.3923146e-06,1.7449255e-09,1.9726876e-08,0,,,,4.866741e-05,Test
202,0,7.2635818,-3.9828072,-10.327135,-5.900453,0.999985,1.305415e-05,2.2932003e-08,1.9183408e-06,0,,,,0.0002704035,Test
203,0,3.8030899,-1.7736388,-5.8318233,-4.2466407,0.9958477,0.0037692103,6.513331e-05,0.00031786264,0,,,,0.040924944,Test
204,0,3.9625216,-0.050557874,-6.386129,-6.162886,0.9821738,0.01775538,3.146493e-05,3.9335027e-05,0,,,,0.12979157,Test
205,0,6.9629955,-3.9303696,-10.611186,-3.5492756,0.9999542,1.8580262e-05,2.331366e-08,2.719937e-05,0,,,,0.00077114336,Test
206,0,5.039759,-2.3199706,-7.9609475,-5.303965,0.9993297,0.00063594384,2.2572185e-06,3.217262e-05,0,,,,0.00824218,Test
207,0,5.655417,-0.9491569,-9.002605,-7.3533525,0.9986449,0.0013523252,4.3004414e-07,2.2375566e-06,0,,,,0.014892733,Test
208,0,3.9844694,0.48588732,-6.9848237,-5.6590104,0.9705702,0.029350266,1.671565e-05,6.293854e-05,0,,,,0.19237801,Test
209,0,5.0646567,-1.6726985,-6.4429274,-9.214002,0.99880505,0.0011843621,1.0041548e-05,6.285479e-07,0,,,,0.01341658,Test
210,0,3.9086268,-0.90564317,-5.769934,-5.572553,0.9918155,0.00804674,6.2099076e-05,7.56496e-05,0,,,,0.069647014,Test
211,0,7.6595774,-4.4507265,-12.355205,-3.603818,0.99998164,5.502422e-06,2.0308726e-09,1.2833987e-05,0,,,,0.00033114143,Test
212,0,5.57997,-4.6891184,-8.098752,-3.6005096,0.9998611,3.4684155e-05,1.1464259e-06,0.00010301685,0,,,,0.0021011832,Test
213,0,7.28255,-6.872328,-9.929818,-3.525753,0.999979,7.1220603e-07,3.347761e-08,2.0230405e-05,0,,,,0.0003610991,Test
214,0,4.9449797,0.16302852,-9.16695,-5.292193,0.99165416,0.0083097,7.372707e-07,3.5515055e-05,0,,,,0.06995849,Test
215,0,6.781353,-3.9334922,-9.305757,-7.294817,0.999977,2.2212205e-05,1.0314484e-07,7.7052556e-07,0,,,,0.00039476829,Test
216,0,6.5643296,0.4556059,-11.406523,-8.53801,0.99778134,0.002218454,1.5645648e-08,2.7553259e-07,0,,,,0.02276211,Test
217,0,5.483768,-5.1573377,-7.264527,-3.5635455,0.9998555,2.3909131e-05,2.9068535e-06,0.00011768981,0,,,,0.0021651182,Test
218,0,9.534732,-3.7418866,-13.535515,-8.90849,0.99999833,1.7141031e-06,9.565728e-11,9.777093e-09,0,,,,3.5503213e-05,Test
219,0,5.792283,-0.42899635,-9.755271,-8.37892,0.99801636,0.0019827604,1.7657156e-07,6.992984e-07,0,,,,0.020678977,Test
220,0,3.2358506,-3.223407,-2.1688933,-6.329331,0.9939061,0.0015564151,0.004467811,6.9701106e-05,0,,,,0.059121456,Test
221,0,5.995538,-4.2376285,-7.2588034,-7.444391,0.9999608,3.595631e-05,1.7526522e-06,1.4557808e-06,0,,,,0.00064898806,Test
222,0,7.4483337,-3.6512465,-11.146993,-6.9763837,0.99998426,1.5118422e-05,8.3974205e-09,5.4377364e-07,0,,,,0.00027625335,Test
223,0,4.4816356,0.61579037,-7.1903667,-7.4448075,0.97947,0.020515207,8.354197e-06,6.47743e-06,0,,,,0.14459705,Test
224,0,6.5732617,-0.184308,-10.8257265,-8.710269,0.9988391,0.0011607008,2.774666e-08,2.301136e-07,0,,,,0.012997399,Test
225,0,6.60999,-2.5063548,-8.541666,-9.313715,0.99988973,0.000109843415,2.6282788e-07,1.2144366e-07,0,,,,0.0016122143,Test
226,0,4.938679,1.6265074,-9.329663,-7.256297,0.96483886,0.035155784,6.1346833e-07,4.878021e-06,0,,,,0.21972899,Test
227,0,5.3673973,-0.20072694,-9.538418,-8.171274,0.9961952,0.003803109,3.3483528e-07,1.3139357e-06,0,,,,0.03608328,Test
228,0,5.616309,0.86990356,-9.764836,-8.711241,0.99139106,0.008608099,2.0715642e-07,5.941131e-07,0,,,,0.07143559,Test
229,0,4.179736,-0.9459589,-5.8319383,-7.3576856,0.99403906,0.0059066643,4.4605487e-05,9.699842e-06,0,,,,0.053109966,Test
230,0,6.779124,-4.740393,-10.002356,-3.6001782,0.999959,9.933894e-06,5.1508454e-08,3.1067666e-05,0,,,,0.00069088745,Test
231,0,1.8112447,-3.1421278,-1.0809958,-6.940018,0.94102615,0.006643231,0.052181624,0.00014892808,0,,,,0.35478154,Test
232,0,9.467333,-4.78884,-12.5239315,-9.948196,0.9999994,6.4361006e-07,2.813941e-10,3.6977923e-09,0,,,,1.4209746e-05,Test
233,0,5.943034,-2.1335773,-8.816022,-6.5100107,0.99968505,0.00031062425,3.8912273e-07,3.9045817e-06,0,,,,0.0041523054,Test
234,0,2.9368672,1.1082639,-6.5712614,-4.5559516,0.8611269,0.1383295,6.393507e-05,0.00047970837,0,,,,0.5866944,Test
235,0,9.884824,-6.7982154,-14.281504,-5.8068414,0.9999999,5.6839244e-08,3.196663e-11,1.5317792e-07,0,,,,5.180803e-06,Test
236,0,6.205745,-1.9249778,-9.63304,-5.3340106,0.9996959,0.00029426577,1.3218158e-07,9.732304e-06,0,,,,0.0040556244,Test
237,0,7.482698,-1.783808,-11.300851,-8.477858,0.99990535,9.4529285e-05,6.956127e-09,1.17051634e-07,0,,,,0.0014031822,Test
238,0,6.654923,-1.6466008,-11.238015,-5.5014367,0.9997466,0.00024807546,1.694671e-08,5.2535156e-06,0,,,,0.0034291756,Test
239,0,7.16926,-3.4042683,-10.788791,-5.5757904,0.9999715,2.5583657e-05,1.5882017e-08,2.9166383e-06,0,,,,0.0004854075,Test
240,0,6.2105865,-2.9980195,-10.182576,-3.7545705,0.9998528,0.00010015886,7.5941e-08,4.700278e-05,0,,,,0.002220586,Test
241,0,6.9824977,-3.4316576,-9.667637,-7.038074,0.9999691,3.000382e-05,5.8738767e-08,8.145724e-07,0,,,,0.00051322277,Test
242,0,5.715979,-5.787016,-7.588476,-2.0912907,0.99958163,1.0095579e-05,1.6663528e-06,0.0004065968,0,,,,0.0053829304,Test
243,0,4.6725755,-2.507871,-6.4816446,-6.066203,0.9992034,0.0007607213,1.4303339e-05,2.1670125e-05,0,,,,0.009596264,Test
244,0,4.3537807,-5.35488,-3.7391825,-6.210933,0.99960786,6.073124e-05,0.00030556272,2.580076e-05,0,,,,0.005377301,Test
245,0,3.8765361,0.19251733,-7.1585183,-4.8170257,0.975319,0.024501782,1.5728363e-05,0.00016352377,0,,,,0.1685803,Test
246,0,7.613959,-5.908805,-10.39126,-5.311056,0.9999963,1.3400978e-06,1.5150652e-08,2.436329e-06,0,,,,7.729916e-05,Test
247,0,5.957478,-5.263205,-7.777228,-3.7983305,0.99992764,1.3393306e-05,1.0840806e-06,5.7952828e-05,0,,,,0.0011585276,Test
248,0,3.777166,-2.0384588,-5.9851327,-4.2455916,0.99664515,0.002970618,5.7388934e-05,0.00032681445,0,,,,0.034363102,Test
249,0,7.5378366,-6.1624374,-10.147184,-4.731706,0.9999943,1.122133e-06,2.0868475e-08,4.6924843e-06,0,,,,0.00011420156,Test
250,0,4.892442,-0.2853662,-8.724651,-5.3087306,0.9943534,0.005608506,1.2125844e-06,3.691711e-05,0,,,,0.05063206,Test
251,0,7.196224,-2.8585305,-11.28396,-5.0631766,0.9999522,4.2978867e-05,9.421869e-09,4.7401154e-06,0,,,,0.00077641744,Test
252,0,7.312596,-4.24502,-10.190132,-6.6358237,0.9999896,9.562841e-06,2.5041338e-08,8.7553565e-07,0,,,,0.00019266548,Test
253,0,5.3078556,-1.584664,-7.199365,-9.823294,0.9989818,0.0010143186,3.6960719e-06,2.680297e-07,0,,,,0.011628468,Test
254,0,1.0782226,1.536552,-3.9531147,-5.0215034,0.38607007,0.6105427,0.0025210648,0.0008661414,1,,,,0.9952781,Test
255,0,4.767206,-3.857572,-4.8612747,-5.934839,0.9997321,0.00017955182,6.5809334e-05,2.2492843e-05,0,,,,0.0038820005,Test
256,0,6.5680795,-6.6976023,-7.540217,-4.894107,0.999987,1.732933e-06,7.461722e-07,1.0520343e-05,0,,,,0.00024106826,Test
257,0,7.427664,-3.210434,-11.41659,-6.640839,0.9999752,2.3984025e-05,6.546873e-09,7.764549e-07,0,,,,0.00041971978,Test
258,0,5.2533827,-0.84966743,-7.9206104,-6.6864004,0.99776053,0.0022310293,1.8951073e-06,6.5109507e-06,0,,,,0.023026435,Test
259,0,5.5723853,-0.93217754,-8.696798,-6.5405145,0.99849963,0.0014943494,6.3433697e-07,5.480023e-06,0,,,,0.016298318,Test
260,0,4.9879827,-0.6204606,-6.867997,-7.947124,0.9963372,0.0036533424,7.0700044e-06,2.4030403e-06,0,,,,0.035020005,Test
261,0,5.5646186,-0.7309423,-8.083357,-8.768491,0.9981571,0.0018410754,1.1802072e-06,5.948518e-07,0,,,,0.019418377,Test
262,0,2.5118291,-1.2937952,-3.4207685,-6.9159775,0.97563136,0.021703213,0.0025869696,7.849487e-05,0,,,,0.17795967,Test
263,0,6.7014823,-1.7880656,-10.899108,-7.0115395,0.99979335,0.00020556373,2.2702372e-08,1.1076954e-06,0,,,,0.0028383627,Test
264,0,9.405673,-6.32028,-11.688314,-10.601119,0.9999999,1.4801485e-07,6.9023665e-10,2.0472013e-09,0,,,,3.6102024e-06,Test
265,0,5.5631003,-1.4861027,-8.489207,-6.6256976,0.99912673,0.0008673425,7.8846267e-07,5.0826816e-06,0,,,,0.010186429,Test
266,0,2.596683,0.67946374,-4.9660916,-5.1258907,0.8710973,0.12806454,0.00045247583,0.00038565192,0,,,,0.5625494,Test
267,0,4.839879,-0.81391555,-7.1843123,-6.4976068,0.9964903,0.0034918953,5.976313e-06,1.1875867e-05,0,,,,0.0338526,Test
268,0,4.4095435,-2.75182,-5.865853,-4.6822577,0.9990778,0.00077528006,3.443907e-05,0.00011248133,0,,,,0.011326921,Test
269,0,5.3052864,0.20472313,-8.738915,-7.355238,0.99393964,0.006056387,7.9075267e-07,3.1547443e-06,0,,,,0.053409684,Test
270,0,7.604386,-3.7634444,-11.1807165,-6.848693,0.99998796,1.15613575e-05,6.945896e-09,5.285697e-07,0,,,,0.00021818986,Test
271,0,4.5290613,-0.6237068,-7.486305,-6.2940855,0.99422425,0.00574997,6.015572e-06,1.9817617e-05,0,,,,0.05151507,Test
272,0,3.6227057,0.6478406,-7.132496,-4.525707,0.9511446,0.04856005,2.0291864e-05,0.00027506534,0,,,,0.28422293,Test
273,0,8.998715,-3.914499,-12.108266,-11.033624,0.9999975,2.4652504e-06,6.8132355e-10,1.9955593e-09,0,,,,4.9531267e-05,Test
274,0,8.637034,-8.114945,-11.6382065,-3.9007769,0.9999964,5.3052524e-08,1.5652106e-09,3.5883616e-06,0,,,,7.156656e-05,Test
275,0,8.168846,-2.990831,-11.231602,-9.094772,0.9999858,1.4236639e-05,3.753932e-09,3.1805307e-08,0,,,,0.00025057336,Test
276,0,5.610322,-2.416623,-6.6209235,-8.345803,0.9996679,0.0003264358,4.87409e-06,8.685355e-07,0,,,,0.0043631587,Test
277,0,6.868935,-0.9204974,-10.928004,-8.901779,0.9995859,0.00041391634,1.8651226e-08,1.414771e-07,0,,,,0.0052526165,Test
278,0,4.9140677,-2.066345,-6.174894,-7.4019494,0.99905115,0.00092903717,1.5265565e-05,4.475169e-06,0,,,,0.011049163,Test
279,0,4.4931283,-0.71639,-7.589213,-5.2252827,0.9945003,0.0054342523,5.627439e-06,5.9834667e-05,0,,,,0.049735796,Test
280,0,6.013166,-3.1934438,-8.960341,-5.8408923,0.9998921,0.00010036294,3.1408103e-07,7.1088775e-06,0,,,,0.0016168939,Test
281,0,6.142558,-1.2116629,-8.914687,-8.157926,0.99935967,0.00063947606,2.886977e-07,6.153195e-07,0,,,,0.0077280137,Test
282,0,5.064303,-2.447139,-6.864668,-5.916528,0.9994299,0.0005464802,6.592746e-06,1.7015236e-05,0,,,,0.007127725,Test
283,0,7.237899,-1.6181469,-9.350463,-10.461865,0.9998573,0.00014249716,6.247468e-08,2.0560234e-08,0,,,,0.0020283516,Test
284,0,9.406469,-6.385169,-12.444527,-8.359298,0.9999999,1.3860489e-07,3.237673e-10,1.9249779e-08,0,,,,3.833341e-06,Test
285,0,8.012618,-3.2356884,-11.926054,-9.104979,0.999987,1.3029178e-05,2.19149e-09,3.680586e-08,0,,,,0.00023115409,Test
286,0,-0.07273221,-10.12758,3.645217,-7.8699446,0.023707746,1.0188858e-06,0.9762815,9.741009e-06,2,,,,0.16197813,Test
287,0,6.0717053,-0.7063783,-9.828545,-7.769385,0.9988618,0.0011371585,1.2419805e-07,9.736352e-07,0,,,,0.012785258,Test
288,0,7.220529,-3.0724356,-10.203717,-7.8722234,0.9999659,3.3869386e-05,2.7085157e-08,2.787957e-07,0,,,,0.00055888644,Test
289,0,6.3211513,-1.095599,-10.83433,-5.8504624,0.9993942,0.00060073513,3.5416523e-08,5.172162e-06,0,,,,0.007394083,Test
290,0,4.5329814,-0.831277,-7.2991266,-6.8677335,0.99532264,0.004659036,7.2334396e-06,1.11351565e-05,0,,,,0.04312668,Test
291,0,8.640918,-5.014733,-11.6072235,-8.6723,0.9999988,1.1733446e-06,1.608211e-09,3.0266683e-08,0,,,,2.563879e-05,Test
292,0,5.41551,-2.329678,-8.600052,-5.7580504,0.9995524,0.00043262646,8.183222e-07,1.40342645e-05,0,,,,0.0057226056,Test
293,0,5.140578,-0.864952,-8.492566,-5.865227,0.99752325,0.0024589775,1.1970812e-06,1.6563901e-05,0,,,,0.025169121,Test
294,0,3.616288,0.5822286,-7.858855,-4.1591535,0.95369774,0.04589185,9.904206e-06,0.00040047884,0,,,,0.27393112,Test
295,0,7.0586705,-3.9812126,-10.104754,-4.7664204,0.99997663,1.6048327e-05,3.5156763e-08,7.318437e-06,0,,,,0.00041503672,Test
296,0,6.4580264,-2.3687558,-9.297446,-7.1305304,0.9998518,0.00014672795,1.4368817e-07,1.2545867e-06,0,,,,0.0021100515,Test
297,0,4.299645,1.4104849,-8.974952,-6.701845,0.9472915,0.052691106,1.6270442e-06,1.5797828e-05,0,,,,0.29802743,Test
298,0,4.2394986,-1.4275988,-6.61412,-3.6087737,0.9961473,0.0034445648,1.9260026e-05,0.0003889217,0,,,,0.038436648,Test
299,0,4.177599,0.009768345,-6.851261,-6.086349,0.9847009,0.015248901,1.5978325e-05,3.4334298e-05,0,,,,0.11469554,Test
300,0,5.422624,-0.8428595,-9.329549,-5.705762,0.9980878,0.0018971589,3.911845e-07,1.4661295e-05,0,,,,0.020153804,Test
301,0,3.863149,2.1881933,-8.542366,-6.780613,0.8422156,0.15776087,3.4496634e-06,2.0086134e-05,0,,,,0.62933,Test
302,0,8.3096485,-5.616168,-9.962179,-10.034394,0.99999905,8.955592e-07,1.1605014e-08,1.0796491e-08,0,,,,1.9873933e-05,Test
303,0,5.711883,-0.3397785,-9.778435,-7.1850286,0.9976489,0.0023484132,1.8690373e-07,2.499886e-06,0,,,,0.023949908,Test
304,0,6.97535,-3.803256,-10.316202,-5.816828,0.9999764,2.0840132e-05,3.092889e-08,2.7823885e-06,0,,,,0.00041041517,Test
305,0,6.548481,-1.7676374,-11.405134,-5.1447506,0.9997472,0.00024448146,1.5949027e-08,8.3480345e-06,0,,,,0.0034393456,Test
306,0,6.8071685,-4.1285152,-9.788116,-6.668466,0.9999807,1.7810837e-05,6.205128e-08,1.4047463e-06,0,,,,0.00033765612,Test
307,0,3.5256577,1.4875138,-6.7245817,-6.106669,0.88466513,0.11524558,3.1272062e-05,5.8011326e-05,0,,,,0.51693565,Test
308,0,2.3815978,1.4470003,-5.477248,-4.830826,0.71742827,0.28176558,0.00027715656,0.00052900874,0,,,,0.867656,Test
309,0,3.5922015,1.5622638,-7.1647763,-6.825061,0.88386464,0.116090044,1.8823031e-05,2.6437861e-05,0,,,,0.51877123,Test
310,0,4.832394,-0.73234284,-7.461777,-6.1300836,0.9961624,0.0038158882,4.560783e-06,1.727375e-05,0,,,,0.036536153,Test
311,0,5.7685347,-1.0280663,-10.233958,-4.709649,0.9988555,0.0011162885,1.1212651e-07,2.8111583e-05,0,,,,0.013025378,Test
312,0,5.714614,-1.5936004,-9.6965885,-4.4470916,0.99929166,0.00066953787,2.0262456e-07,3.8594004e-05,0,,,,0.008651788,Test
313,0,5.543779,-0.13016354,-9.236582,-7.3453383,0.99657464,0.0034225348,3.797349e-07,2.516734e-06,0,,,,0.03302138,Test
314,0,6.5050626,0.20592009,-11.054284,-8.150097,0.9981651,0.0018345079,2.3619723e-08,4.310699e-07,0,,,,0.01933092,Test
315,0,5.825251,-1.7853355,-8.047915,-7.812339,0.9995029,0.00049493514,9.435049e-07,1.1941361e-06,0,,,,0.006193991,Test
316,0,5.9373293,-0.76687163,-8.904461,-7.827792,0.99877435,0.0012242497,3.5789841e-07,1.0503912e-06,0,,,,0.013638933,Test
317,0,4.209496,0.8596878,-8.366005,-5.804817,0.96605366,0.03389987,3.3383417e-06,4.32355e-05,0,,,,0.21433978,Test
318,0,5.712846,-1.3076291,-8.903984,-6.673895,0.99910283,0.0008925996,4.4833396e-07,4.1698177e-06,0,,,,0.010419502,Test
319,0,4.926274,-0.8542428,-7.9594703,-7.5547047,0.99691606,0.0030775997,2.526103e-06,3.7865063e-06,0,,,,0.030236917,Test
320,0,7.7220516,-4.262757,-10.471787,-8.147771,0.9999937,6.2382283e-06,1.2546221e-08,1.2818019e-07,0,,,,0.000120412726,Test
321,0,5.307219,0.48113713,-8.655639,-8.313089,0.9920439,0.007954085,8.561279e-07,1.2058862e-06,0,,,,0.06694589,Test
322,0,6.350888,-1.8751048,-10.224411,-5.8130317,0.9997271,0.00026753364,6.328792e-08,5.213848e-06,0,,,,0.003661543,Test
323,0,4.3330894,0.807988,-8.065406,-6.3844166,0.97136873,0.028605662,4.0066952e-06,2.1519403e-05,0,,,,0.1877916,Test
324,0,6.2765803,-1.5046251,-9.387272,-7.4874682,0.9995815,0.000417334,1.5743215e-07,1.0523686e-06,0,,,,0.0053134505,Test
325,0,6.0887823,-0.804435,-9.8302355,-7.569447,0.9989851,0.0010136147,1.2190385e-07,1.1691363e-06,0,,,,0.01157096,Test
326,0,5.7617483,-1.6955867,-9.76323,-5.896047,0.9994142,0.0005768542,1.80856e-07,8.646284e-06,0,,,,0.007200847,Test
327,0,7.332288,-3.2099814,-11.564163,-6.3406234,0.99997246,2.6396046e-05,6.2138974e-09,1.1532366e-06,0,,,,0.00046411133,Test
328,0,1.0070136,1.890193,-4.6900916,-4.06424,0.29169762,0.7054932,0.0009788396,0.0018302713,1,,,,0.8999801,Test
329,0,10.386531,-3.5941796,-14.620592,-10.9227495,0.99999917,8.477231e-07,1.3789373e-11,5.565405e-10,0,,,,1.8319979e-05,Test
330,0,3.5292282,0.10517219,-6.8021603,-4.68474,0.9681635,0.03154279,3.155613e-05,0.0002622211,0,,,,0.20607236,Test
331,0,4.3996944,0.6835949,-8.020212,-7.018362,0.9762348,0.0237505,3.941462e-06,1.0733846e-05,0,,,,0.16227843,Test
332,0,4.4553905,-0.32782954,-7.984696,-5.0837746,0.9916258,0.008298925,3.92362e-06,7.137414e-05,0,,,,0.0704536,Test
333,0,0.025474697,-2.4745991,0.105240546,-3.5385723,0.45590562,0.037420247,0.49376103,0.012913055,2,,,,1.2777377,Test
334,0,3.4667885,-1.3560163,-6.9488125,-1.3134967,0.983799,0.007913868,2.9475992e-05,0.008257618,0,,,,0.13601948,Test
335,0,3.9448042,0.9187004,-7.9350567,-5.213626,0.9536375,0.046255477,6.607319e-06,0.00010044485,0,,,,0.2718672,Test
336,0,7.2384524,-4.676581,-10.124344,-6.606146,0.9999924,6.6890348e-06,2.8802477e-08,9.713234e-07,0,,,,0.00014611208,Test
337,0,4.7592335,-1.7060933,-6.7051287,-6.5456476,0.9984232,0.0015540282,1.0481066e-05,1.2293264e-05,0,,,,0.017145649,Test
338,0,9.011,-6.672336,-10.563629,-10.081823,0.9999999,1.5445913e-07,3.1538907e-09,5.1061346e-09,0,,,,3.8965327e-06,Test
339,0,7.347495,-1.4084238,-12.493343,-9.425649,0.9998425,0.00015750143,2.4163762e-09,5.193353e-08,0,,,,0.00221811,Test
340,0,2.6998048,1.0436375,-6.0986304,-4.5148673,0.8390981,0.16015792,0.0001266779,0.0006173343,0,,,,0.64379454,Test
341,0,3.774617,1.7669728,-7.960875,-6.5079765,0.8815645,0.11839826,7.0565884e-06,3.0170351e-05,0,,,,0.5253598,Test
342,0,6.3027425,-2.5219977,-9.624965,-5.616915,0.9998461,0.000147027,1.2095327e-07,6.6571997e-06,0,,,,0.002211081,Test
343,0,4.3976355,-2.167888,-5.470392,-5.8139653,0.9985056,0.0014059829,5.1727387e-05,3.668668e-05,0,,,,0.016752021,Test
344,0,5.586595,0.6109674,-9.831777,-6.8578835,0.9931391,0.0068568136,1.9993855e-07,3.9123843e-06,0,,,,0.05922737,Test
345,0,4.466645,-0.024814196,-9.171175,-3.9457924,0.9887016,0.011077695,1.180961e-06,0.00021957862,0,,,,0.09086243,Test
346,0,6.931318,-4.1668024,-10.22053,-5.55284,0.99998105,1.5140478e-05,3.5566316e-08,3.7860907e-06,0,,,,0.0003388335,Test
347,0,6.142514,-1.3467723,-10.068985,-6.2253127,0.9994368,0.0005587269,9.1031374e-08,4.2508573e-06,0,,,,0.0069274744,Test
348,0,6.261192,-1.3977915,-10.255228,-6.1892743,0.99952435,0.00047156247,6.711246e-08,3.914034e-06,0,,,,0.005968758,Test
349,0,3.2069433,1.3289398,-7.1578965,-6.2880077,0.86730134,0.13260609,2.733867e-05,6.524768e-05,0,,,,0.56597847,Test
350,0,5.966319,-0.17237392,-9.50157,-8.550555,0.99784625,0.0021530949,1.9118106e-07,4.9484044e-07,0,,,,0.022193562,Test
351,0,7.922893,-2.612472,-11.9293785,-8.476617,0.9999733,2.657893e-05,2.3892204e-09,7.546958e-08,0,,,,0.0004442743,Test
352,0,3.7471719,-1.104701,-6.475748,-3.6421626,0.9916032,0.007748119,3.6023044e-05,0.0006126193,0,,,,0.073462315,Test
353,0,2.7222993,1.228988,-5.4458737,-5.773861,0.8162497,0.18335223,0.00023143586,0.0001667199,0,,,,0.69270116,Test
354,0,5.6945233,-1.1399268,-9.554502,-5.5177355,0.9989114,0.0010748873,2.3820968e-07,1.3492879e-05,0,,,,0.012393321,Test
355,0,6.6262965,-3.3449414,-9.355983,-6.5113626,0.9999511,4.672239e-05,1.14541606e-07,1.969545e-06,0,,,,0.00078252255,Test
356,0,5.1331263,-0.38399318,-7.9770083,-6.4829373,0.9959877,0.004001285,2.0164853e-06,8.983829e-06,0,,,,0.03783715,Test
357,0,6.190834,-3.715617,-8.762399,-5.7618713,0.9999434,4.984921e-05,3.2053018e-07,6.441417e-06,0,,,,0.0009120438,Test
358,0,6.9309077,-3.866579,-9.833687,-5.922977,0.9999769,2.0450354e-05,5.2386437e-08,2.6158857e-06,0,,,,0.00040170667,Test
359,0,6.0265813,-2.3274715,-8.912704,-7.0345874,0.9997621,0.00023538443,3.2497317e-07,2.125706e-06,0,,,,0.0032271412,Test
360,0,7.047218,-6.4618363,-7.103008,-8.542124,0.99999785,1.3585993e-06,7.155404e-07,1.6968123e-07,0,,,,4.8169633e-05,Test
361,0,5.070003,-1.5264052,-7.792764,-5.3098974,0.99860305,0.0013633555,2.589191e-06,3.1006988e-05,0,,,,0.015503599,Test
362,0,4.3664994,-0.13470857,-7.9985166,-5.4487767,0.9889685,0.010973186,4.218172e-06,5.400851e-05,0,,,,0.08810194,Test
363,0,7.3736544,-1.2122222,-12.087736,-7.774882,0.99981314,0.00018668958,3.5313759e-09,2.6362883e-07,0,,,,0.002588127,Test
364,0,5.6197906,-4.4077244,-8.218103,-2.2404606,0.99956924,4.4148735e-05,9.774436e-07,0.00038561068,0,,,,0.0056525096,Test
365,0,5.5906067,-3.7203598,-7.721276,-5.6472893,0.99989474,9.041758e-05,1.6545405e-06,1.3164309e-05,0,,,,0.001611644,Test
366,0,5.48898,-3.3044093,-7.2640734,-4.9282928,0.9998155,0.00015170482,2.8929373e-06,2.990583e-05,0,,,,0.002693402,Test
367,0,4.890529,-0.791146,-7.566747,-5.6148868,0.9965726,0.0033961658,3.8759895e-06,2.7293849e-05,0,,,,0.033274524,Test
368,0,4.0848694,-1.930891,-6.8148584,-3.4537995,0.99701834,0.002432717,1.8408207e-05,0.000530519,0,,,,0.031480778,Test
369,0,6.5268636,0.36353213,-12.03674,-7.9743156,0.9978987,0.0021008041,8.649988e-09,5.02695e-07,0,,,,0.021725422,Test
370,0,5.6996307,-2.4927022,-9.280531,-6.695545,0.9997187,0.0002766895,3.1194375e-07,4.137341e-06,0,,,,0.0037565243,Test
371,0,5.9491534,-4.042155,-8.167556,-5.584772,0.99994373,4.579368e-05,7.398895e-07,9.791633e-06,0,,,,0.0009192678,Test
372,0,4.038003,1.7342957,-7.4625316,-7.853067,0.9091696,0.09081501,9.205056e-06,6.2290105e-06,0,,,,0.43946615,Test
373,0,3.0427263,-1.0221608,-5.869607,-4.6448054,0.9825517,0.016865429,0.00013236652,0.0004505084,0,,,,0.13099869,Test
374,0,5.6407456,-1.0489331,-9.465407,-5.8716884,0.9987476,0.0012421247,2.7474934e-07,9.9923855e-06,0,,,,0.013967886,Test
375,0,3.0491037,0.63893116,-6.0182347,-4.0897126,0.91683495,0.0823316,0.00010577813,0.00072768365,0,,,,0.42042312,Test
376,0,7.022183,-3.32004,-9.241495,-9.121515,0.9999676,3.2241518e-05,8.64491e-08,9.7469126e-08,0,,,,0.0005321437,Test
377,0,5.4036217,-2.275045,-6.7635474,-7.5457582,0.9995301,0.00046237392,5.195906e-06,2.3765756e-06,0,,,,0.0059358873,Test
378,0,3.0188332,-4.908441,-2.265553,-5.5025344,0.9944015,0.00035874872,0.005041758,0.00019805174,0,,,,0.053074587,Test
379,0,7.1742544,-2.5235445,-10.745738,-8.441906,0.9999385,6.141477e-05,1.649755e-08,1.6518135e-07,0,,,,0.0009521457,Test
380,0,5.381397,2.1633089,-9.948138,-8.981464,0.9615085,0.038490657,2.1155383e-07,5.562136e-07,0,,,,0.23534591,Test
381,0,7.8982577,-6.2874756,-10.025354,-5.580055,0.99999785,6.9057864e-07,1.643891e-08,1.4010122e-06,0,,,,4.4896755e-05,Test
382,0,3.362412,0.8288531,-5.336678,-5.4944663,0.92619586,0.07351775,0.00015443156,0.00013188928,0,,,,0.3829527,Test
383,0,5.142715,-4.060088,-4.8978467,-8.279242,0.9998542,0.00010074193,4.3588923e-05,1.4820225e-06,0,,,,0.002207988,Test
384,0,3.9452376,-0.81727314,-5.452639,-6.873931,0.9914272,0.008470883,8.218921e-05,1.9840647e-05,0,,,,0.07204765,Test
385,0,7.395502,-3.0319715,-11.386989,-7.0568027,0.99996996,2.96069e-05,6.9639445e-09,5.2896957e-07,0,,,,0.0005001263,Test
386,0,8.989428,-6.2708015,-12.660982,-8.717933,0.99999976,2.3581238e-07,3.9568213e-10,2.0407578e-08,0,,,,6.0692746e-06,Test
387,0,2.182932,0.919689,-5.7116494,-4.0350084,0.77814853,0.22001033,0.00029006103,0.0015511198,0,,,,0.78006375,Test
388,0,2.7235749,1.3013713,-5.450338,-4.9994593,0.80521363,0.194203,0.00022699998,0.0003563199,0,,,,0.7176704,Test
389,0,6.2147923,-1.0276228,-9.928921,-7.605873,0.99928385,0.0007150691,9.7401e-08,9.94146e-07,0,,,,0.008527115,Test
390,0,5.036039,-2.3689048,-6.291986,-6.81331,0.999373,0.00060785713,1.2023445e-05,7.1387262e-06,0,,,,0.007717145,Test
391,0,6.89777,-1.3818592,-10.426452,-7.223563,0.99974567,0.00025356686,2.9927833e-08,7.3633e-07,0,,,,0.0034115717,Test
392,0,6.2965837,-0.6509634,-12.120829,-7.895093,0.9990393,0.0009600664,1.0023104e-08,6.8582847e-07,0,,,,0.011023912,Test
393,0,8.956139,-2.6082942,-14.168117,-8.717393,0.99999046,9.497873e-06,9.062729e-11,2.1109555e-08,0,,,,0.00017267601,Test
394,0,6.9259825,-0.40524834,-11.098535,-8.200077,0.99934536,0.0006543386,1.48513974e-08,2.6949544e-07,0,,,,0.007871782,Test
395,0,6.137332,-0.36738804,-9.80585,-7.4215827,0.9985045,0.0014941216,1.1893621e-07,1.2905905e-06,0,,,,0.016208444,Test
396,0,3.2481709,-0.19293195,-5.4715757,-4.9789147,0.9685606,0.03102236,0.00015819362,0.00025891018,0,,,,0.20515825,Test
397,0,3.8097508,-2.5328887,-3.9002209,-7.8441386,0.9977882,0.0017557596,0.00044734267,8.665994e-06,0,,,,0.02438204,Test
398,0,0.3970167,-0.94190973,-4.111603,-1.7511371,0.7195073,0.18860222,0.007924406,0.08396608,0,,,,1.1510013,Test
399,0,-6.9728355,-5.7499995,-1.2426627,6.425414,1.5170791e-06,5.153228e-06,0.00046729462,0.999526,3,,,,0.0059733465,Test
400,0,6.836479,-1.2292373,-10.627338,-7.8013625,0.9996855,0.0003140271,2.6026981e-08,4.3926775e-07,0,,,,0.0041178293,Test
401,0,2.8785946,0.61070806,-4.77238,-5.0759377,0.905504,0.093747504,0.0004306401,0.00031789282,0,,,,0.4583382,Test
402,0,1.9830372,0.6775104,-4.2105412,-3.3796196,0.7826192,0.21211305,0.0015985029,0.0036692587,0,,,,0.7957989,Test
403,0,4.61898,0.65154815,-7.6685247,-6.2813973,0.98140717,0.018570153,4.523285e-06,1.810821e-05,0,,,,0.13373289,Test
404,0,6.439596,-0.683759,-9.463978,-8.459679,0.9991941,0.00080540834,1.2382702e-07,3.3804696e-07,0,,,,0.009450308,Test
405,0,3.954434,-1.4971641,-6.023375,-4.3070383,0.9954269,0.004269828,4.6206387e-05,0.0002570972,0,,,,0.043924324,Test
406,0,6.0852146,-0.8720563,-10.194316,-6.809327,0.9990466,0.00095078273,8.501116e-08,2.509328e-06,0,,,,0.010967895,Test
407,0,4.672598,0.7262709,-7.968475,-6.4003444,0.9810229,0.01895881,3.1749055e-06,1.5232151e-05,0,,,,0.13588177,Test
408,0,3.9569407,-0.6948989,-5.1619663,-8.337424,0.9904343,0.009452731,0.00010852622,4.5336797e-06,0,,,,0.0788142,Test
409,0,6.5478826,-0.833336,-9.624446,-8.7195015,0.9993772,0.00062245363,9.466211e-08,2.3398553e-07,0,,,,0.0075345794,Test
410,0,4.615412,-0.8995756,-6.404939,-7.5769706,0.99596894,0.004009747,1.6299264e-05,5.048487e-06,0,,,,0.038078625,Test
411,0,8.077328,-5.8973103,-11.4315405,-4.806056,0.99999666,8.5288485e-07,3.36825e-09,2.539897e-06,0,,,,6.9313995e-05,Test
412,0,4.035887,-0.49726322,-6.7016,-5.5842404,0.9892813,0.010631577,2.1482683e-05,6.56677e-05,0,,,,0.08632149,Test
413,0,3.2151732,0.5296888,-5.193678,-5.5196104,0.9358283,0.063812405,0.00020858271,0.0001505664,0,,,,0.34734237,Test
414,0,4.8259897,-0.5932492,-7.9971776,-5.4785867,0.9955531,0.0044108145,2.685551e-06,3.333063e-05,0,,,,0.041459993,Test
415,0,8.527489,-4.0199876,-12.470733,-7.6319165,0.9999963,3.5538483e-06,7.596023e-10,9.595289e-08,0,,,,7.1923845e-05,Test
416,0,2.3168225,-3.8674872,-1.586177,-3.4256332,0.975182,0.0020103606,0.01968043,0.0031272955,0,,,,0.19091909,Test
417,0,6.8383203,-3.9271185,-9.960251,-5.995708,0.9999763,2.1116355e-05,5.063644e-08,2.6683456e-06,0,,,,0.00041299337,Test
418,0,7.368296,-6.03675,-9.475113,-5.87106,0.99999666,1.5075123e-06,4.8417142e-08,1.7791775e-06,0,,,,6.9129346e-05,Test
419,0,5.5551486,-1.5668057,-7.28503,-9.390499,0.9991905,0.0008065342,2.6499008e-06,3.2272735e-07,0,,,,0.009511267,Test
420,0,8.848664,-8.137755,-10.964577,-6.291863,0.99999976,4.1965418e-08,2.4843858e-09,2.6579835e-07,0,,,,7.4212526e-06,Test
421,0,8.163024,-6.059653,-10.972426,-5.3043165,0.99999785,6.6553184e-07,4.8930375e-09,1.4164701e-06,0,,,,4.4321794e-05,Test
422,0,4.3986516,-2.0469708,-7.727566,-2.5234566,0.997428,0.0015833732,5.4017255e-06,0.0009832144,0,,,,0.028352648,Test
423,0,5.119474,-4.0132236,-6.971779,-3.878011,0.9997626,0.00010804795,5.6070226e-06,0.00012369118,0,,,,0.0034694634,Test
424,0,2.2803679,1.1463147,-5.17328,-5.2721415,0.7559546,0.24321073,0.00043794312,0.00039671862,0,,,,0.8105757,Test
425,0,3.4413126,0.8548692,-6.52827,-5.5536747,0.9298363,0.07000489,4.3518285e-05,0.000115327544,0,,,,0.3682936,Test
426,0,3.0659833,-0.061426006,-5.5324116,-4.5167127,0.95737314,0.04196282,0.00017654117,0.00048748162,0,,,,0.2597015,Test
427,0,3.3031805,1.5491655,-6.5176697,-6.6529336,0.85238457,0.14752871,4.6290777e-05,4.0434334e-05,0,,,,0.604983,Test
428,0,6.1485796,-3.025239,-10.6648655,-6.2427983,0.9998921,0.0001037085,4.988458e-08,4.153803e-06,0,,,,0.0016037046,Test
429,0,3.3226345,0.1941016,-6.020728,-4.7083697,0.9576758,0.041928947,8.383929e-05,0.0003114568,0,,,,0.2563767,Test
430,0,5.057213,-1.0303161,-6.879314,-8.836212,0.9977266,0.0022658505,6.531962e-06,9.229406e-07,0,,,,0.023314143,Test
431,0,5.929622,-4.7328525,-7.8591733,-4.797026,0.9999536,2.3405932e-05,1.0270275e-06,2.195107e-05,0,,,,0.0007870789,Test
432,0,5.929622,-4.7328525,-7.8591733,-4.797026,0.9999536,2.3405932e-05,1.0270275e-06,2.195107e-05,0,,,,0.0007870789,Test
433,0,5.804546,-1.3562334,-10.338051,-4.6929646,0.99919647,0.0007758255,9.750121e-08,2.7582895e-05,0,,,,0.009594634,Test
434,0,5.344119,-2.2667387,-7.963821,-5.8899765,0.99949026,0.0004947946,1.6604043e-06,1.3209089e-05,0,,,,0.0064143804,Test
435,0,7.096238,-7.27645,-8.147571,-6.1764483,0.9999975,5.72822e-07,2.3971594e-07,1.7208563e-06,0,,,,5.371292e-05,Test
436,0,4.500051,0.06807541,-7.5834346,-5.599279,0.9882031,0.011750695,5.5854107e-06,4.0622155e-05,0,,,,0.092943564,Test
437,0,6.4452567,1.6586636,-10.733708,-10.868923,0.9917282,0.008271833,3.4329155e-08,2.998746e-08,0,,,,0.06910685,Test
438,0,2.647576,1.3800714,-5.8801403,-4.6387362,0.7797782,0.21953347,0.00015432305,0.0005340303,0,,,,0.7678205,Test
439,0,1.5400434,1.3833169,-5.186677,-3.4914756,0.5368652,0.45898637,0.00064340985,0.0035051315,0,,,,1.0328367,Test
440,0,2.6745079,1.601336,-5.4081545,-5.478138,0.74486834,0.25468707,0.0002300508,0.00021450149,0,,,,0.82446986,Test
441,0,1.7006729,1.8418026,-4.837127,-4.5025578,0.46402746,0.534362,0.00067175855,0.0009386742,1,,,,1.0136544,Test
442,0,3.8866765,-1.989751,-5.652905,-3.7985368,0.9966748,0.0027954604,7.170773e-05,0.00045804467,0,,,,0.034570318,Test
443,0,7.2442417,-4.8400826,-10.086438,-5.720335,0.999992,5.647307e-06,2.97425e-08,2.341814e-06,0,,,,0.00015452279,Test
444,0,5.9104667,-1.9128907,-9.244667,-6.819196,0.99959666,0.00040011402,2.6183858e-07,2.960755e-06,0,,,,0.0051580947,Test
445,0,6.9869895,-4.2297,-9.511177,-6.5565176,0.9999851,1.3447667e-05,6.8380245e-08,1.3125726e-06,0,,,,0.00026629982,Test
446,0,9.5728035,-4.1063647,-14.566155,-7.533914,0.9999988,1.1460722e-06,3.2853623e-11,3.720885e-08,0,,,,2.5256863e-05,Test
447,0,9.801919,-6.4464436,-13.464591,-7.478635,0.9999999,8.778602e-08,7.861095e-11,3.127165e-08,0,,,,3.0120716e-06,Test
448,0,5.009482,0.8000518,-8.417833,-7.3395963,0.9853571,0.014637312,1.4527301e-06,4.2702877e-06,0,,,,0.110277094,Test
449,0,7.9610457,-5.49233,-9.634577,-7.948563,0.99999845,1.4363902e-06,2.2820089e-08,1.2318108e-07,0,,,,3.352147e-05,Test
450,0,8.533168,-6.478235,-10.691053,-7.0105743,0.9999995,3.0243405e-07,4.4774113e-09,1.7759811e-07,0,,,,1.1344503e-05,Test
451,0,4.520533,0.4347952,-8.453137,-5.998623,0.9834388,0.016532328,2.2821996e-06,2.6566611e-05,0,,,,0.12198801,Test
452,0,9.693196,-1.5574422,-15.09824,-12.777043,0.999987,1.299882e-05,1.7108457e-11,1.7429835e-10,0,,,,0.00022973947,Test
453,0,4.595381,-1.2548645,-7.5879626,-5.278176,0.9970728,0.0028707641,5.0999724e-06,5.1368388e-05,0,,,,0.029280184,Test
454,0,7.734946,-3.596759,-11.652986,-5.7798533,0.99998665,1.1986633e-05,3.801215e-09,1.3508014e-06,0,,,,0.00024166588,Test
455,0,6.6862664,-2.625537,-10.296441,-7.063391,0.99990857,9.034316e-05,4.211763e-08,1.067972e-06,0,,,,0.0013678118,Test
456,0,6.3997426,-2.9088252,-9.077779,-7.118924,0.99990785,9.0635906e-05,1.8973945e-07,1.3454804e-06,0,,,,0.0013806149,Test
457,0,2.078906,-2.2646515,-2.9195888,-1.8856986,0.9627291,0.012506077,0.0064965873,0.018268302,0,,,,0.28450513,Test
458,0,4.9556756,-4.082092,-5.4606004,-5.9633164,0.9998331,0.00011881602,2.9936176e-05,1.810796e-05,0,,,,0.002525038,Test
459,0,3.6594436,-0.49883345,-6.3629537,-5.3089156,0.98443973,0.015391195,4.3703618e-05,0.00012539503,0,,,,0.11721328,Test
460,0,3.249751,-4.3630667,-3.5610428,-1.93504,0.9928544,0.0004905472,0.0010939447,0.0055610836,0,,,,0.06807987,Test
461,0,5.8886614,-1.7151892,-9.79795,-7.0072856,0.9994991,0.00049827853,1.53877e-07,2.5069403e-06,0,,,,0.0062392815,Test
462,0,7.2462816,-3.7344031,-10.067292,-6.901895,0.99998224,1.702714e-05,3.025539e-08,7.169972e-07,0,,,,0.00031092847,Test
463,0,5.0613446,-1.2125117,-7.439358,-6.79611,0.9981079,0.0018813794,3.7169884e-06,7.072135e-06,0,,,,0.019949168,Test
464,0,3.70704,-0.97956777,-7.7570105,-2.5239725,0.9889282,0.009115843,1.038463e-05,0.0019456759,0,,,,0.09536015,Test
465,0,4.8573375,0.9476582,-8.842554,-6.3761706,0.98033327,0.01965267,1.1004903e-06,1.2963526e-05,0,,,,0.13973796,Test
466,0,1.7262266,0.5718677,-4.1172667,-4.0744395,0.756897,0.23861904,0.002194016,0.0022900216,0,,,,0.83688504,Test
467,0,3.6441436,-2.496463,-5.1342416,-4.979419,0.9975188,0.0021482725,0.00015364443,0.00017937228,0,,,,0.026793296,Test
468,0,3.2369225,-3.3956308,-2.3453252,-6.498115,0.9948862,0.0013100631,0.0037448464,5.887084e-05,0,,,,0.0509181,Test
469,0,2.9931045,0.11862901,-4.4995074,-6.3114023,0.9459898,0.053397093,0.000527092,8.609753e-05,0,,,,0.3083943,Test
470,0,5.8414016,-2.2304964,-10.835488,-3.2412148,0.99957436,0.00031205744,5.7165504e-08,0.00011357552,0,,,,0.005737799,Test
471,0,0.9548819,3.2008405,-6.1798754,-5.684111,0.09567937,0.9041193,7.624869e-05,0.00012518154,1,,,,0.4580751,Test
472,0,1.2577122,1.784583,-5.90265,-3.3466904,0.36976656,0.6262456,0.0002872247,0.0037005055,1,,,,0.9868438,Test
473,0,2.9634075,-1.2712898,-6.3322277,-1.5328784,0.9749189,0.014120914,8.95211e-05,0.010870671,0,,,,0.19463195,Test
474,0,3.634709,0.5845612,-7.2643747,-5.560452,0.9546794,0.04520592,1.7637843e-05,9.6928154e-05,0,,,,0.26740035,Test
475,0,2.833408,-0.61665237,-5.549418,-2.1704547,0.9627563,0.030561466,0.00022024261,0.006461991,0,,,,0.25618657,Test
476,0,4.6615467,0.5214857,-8.08473,-7.4714613,0.98431975,0.015672222,2.8674674e-06,5.294656e-06,0,,,,0.116554394,Test
477,0,1.9076452,1.7211866,-4.4798203,-5.3010516,0.54575753,0.45292032,0.0009182453,0.00040392662,0,,,,1.0081675,Test
478,0,6.273008,0.2804484,-10.2153845,-8.130004,0.99750817,0.0024910413,6.888091e-08,5.5432963e-07,0,,,,0.02514848,Test
479,0,3.2045279,0.8415077,-5.6000834,-5.1290965,0.9136376,0.08600572,0.00013708184,0.00021954678,0,,,,0.42789048,Test
480,0,7.8889985,-2.2224507,-12.3867855,-8.646397,0.99995923,4.061025e-05,1.5643049e-09,6.58797e-08,0,,,,0.00065267645,Test
481,0,7.681973,-5.0555625,-11.193371,-5.760019,0.9999956,2.93871e-06,6.346593e-09,1.4528314e-06,0,,,,8.8627385e-05,Test
482,0,7.723198,-4.4816213,-11.27709,-6.223461,0.99999416,5.0062445e-06,5.60115e-09,8.7708236e-07,0,,,,0.000114377406,Test
483,0,4.4010572,0.9635781,-8.627597,-5.4973073,0.9688063,0.031142883,2.1279645e-06,4.8689093e-05,0,,,,0.20089994,Test
484,0,4.9927535,0.90398085,-9.62206,-6.706468,0.983508,0.016483385,4.4222708e-07,8.16339e-06,0,,,,0.1213714,Test
485,0,5.354954,-0.73444384,-7.945449,-7.712567,0.99773455,0.002261639,1.6700272e-06,2.1079636e-06,0,,,,0.02321259,Test
486,0,10.2902565,-5.472762,-14.803466,-8.675305,0.9999999,1.4262903e-07,1.2645452e-11,5.799112e-09,0,,,,3.5746725e-06,Test
487,0,6.9125705,-0.5721681,-11.500839,-8.171095,0.99943846,0.0005612747,1.0067314e-08,2.8119214e-07,0,,,,0.006877492,Test
488,0,3.8870566,-0.23499076,-7.0560617,-5.26045,0.9839272,0.015950728,1.7395108e-05,0.000104773455,0,,,,0.11989073,Test
489,0,3.3205132,0.8314532,-6.61902,-4.6493387,0.92303556,0.07660083,4.4517834e-05,0.00031912123,0,,,,0.3949196,Test
490,0,10.855284,-6.6674314,-14.858101,-11.189555,1.0,2.4546058e-08,6.804856e-12,2.6671565e-10,0,,,,6.292578e-07,Test
491,0,9.861817,-2.8013575,-14.752541,-11.981299,0.9999968,3.1655686e-06,2.0422983e-11,3.2632738e-10,0,,,,6.240065e-05,Test
492,0,6.3908505,-7.074447,-6.498412,-7.2110066,0.9999949,1.4193624e-06,2.525003e-06,1.238187e-06,0,,,,0.00010621875,Test
493,0,4.6510324,-3.6059823,-5.4574795,-5.704821,0.9996681,0.0002593461,4.0717852e-05,3.179549e-05,0,,,,0.00463706,Test
494,0,4.9777155,1.2398701,-9.191807,-8.277687,0.9767457,0.023251763,6.8554533e-07,1.7101465e-06,0,,,,0.15937848,Test
495,0,5.1584053,0.33401403,-9.341724,-6.365407,0.9920223,0.007967369,5.002592e-07,9.812809e-06,0,,,,0.06718299,Test
496,0,4.473596,0.37976834,-7.4043612,-7.3050294,0.9835842,0.016401544,6.827791e-06,7.5408366e-06,0,,,,0.120994695,Test
497,0,1.8955935,1.7220987,-4.973458,-4.4590287,0.54244655,0.45604646,0.0005638529,0.00094314734,0,,,,1.01083,Test
498,0,2.833669,1.7379234,-5.7788534,-5.53504,0.7492298,0.25046024,0.00013622105,0.00017383254,0,,,,0.8162455,Test
499,0,4.3977633,0.6224954,-8.77026,-5.0048614,0.9775024,0.022415057,1.8677471e-06,8.065106e-05,0,,,,0.15604225,Test
500,0,1.8012758,1.1603996,-4.6776357,-3.837918,0.6527748,0.34390172,0.0010023235,0.002321093,0,,,,0.9615628,Test
501,0,2.5460505,-3.9581554,-1.1334683,-5.821518,0.97374344,0.00145782,0.024572529,0.00022618068,0,,,,0.18523778,Test
502,0,3.540778,-3.8730965,-2.3706374,-6.4301276,0.9966534,0.000600813,0.0026992876,4.6583806e-05,0,,,,0.034953322,Test
503,0,6.239871,-3.5379045,-8.893026,-5.7672453,0.99993694,5.669419e-05,2.678174e-07,6.100259e-06,0,,,,0.0010021632,Test
504,0,4.5803213,-0.42503405,-7.9431434,-5.149857,0.99328035,0.0066569243,3.6157671e-06,5.9062095e-05,0,,,,0.05869254,Test
505,0,7.951464,-3.9809783,-11.395031,-6.651144,0.99999297,6.573595e-06,3.96206e-09,4.5516094e-07,0,,,,0.00013301015,Test
506,0,2.9875245,-0.2327712,-4.9024687,-4.3310304,0.9606325,0.03837078,0.0003597301,0.00063701445,0,,,,0.24703111,Test
507,0,4.398998,-0.8727762,-8.294327,-5.677281,0.99484706,0.005108037,3.0557323e-06,4.1848903e-05,0,,,,0.04696715,Test
508,0,4.2340603,-1.0445294,-7.406615,-4.2987957,0.9947226,0.0050727045,8.754297e-06,0.00019585276,0,,,,0.04882243,Test
509,0,3.2068467,-0.3568933,-5.431008,-4.1326632,0.9716669,0.027529908,0.00017224428,0.00063097,0,,,,0.19183592,Test
510,0,4.90371,-1.3551844,-8.2048855,-4.4120326,0.99799865,0.0019095307,2.0236691e-06,8.981614e-05,0,,,,0.021378046,Test
511,0,3.7595732,0.32721457,-6.5783324,-5.5005083,0.968581,0.03129547,3.1364652e-05,9.2158145e-05,0,,,,0.20272473,Test
512,0,4.898765,0.8480387,-8.107732,-7.350821,0.9828814,0.017111694,2.20725e-06,4.7051503e-06,0,,,,0.12503539,Test
513,0,2.9261994,1.1193908,-5.036053,-5.6631427,0.85858154,0.14095958,0.0002991019,0.00015976354,0,,,,0.59282404,Test
514,0,3.0289803,1.12431,-5.052367,-6.858609,0.8701466,0.12954022,0.00026909634,4.420454e-05,0,,,,0.5603959,Test
515,0,5.2258086,-1.8671513,-8.169899,-4.7724023,0.9991228,0.0008302054,1.5203262e-06,4.5441328e-05,0,,,,0.010446408,Test
516,0,5.302807,-1.8232937,-8.470503,-4.2291045,0.9991234,0.0008031432,1.0421896e-06,7.2437324e-05,0,,,,0.010539017,Test
517,0,4.9705267,-1.409237,-8.321483,-4.2240467,0.99820447,0.0016924794,1.6848963e-06,0.00010140678,0,,,,0.019547869,Test
518,0,6.1006665,-6.320205,-5.9308634,-7.7584257,0.99998903,4.0334735e-06,5.95344e-06,9.573434e-07,0,,,,0.0002105808,Test
519,0,3.830229,-3.1364477,-4.9505315,-3.73349,0.9983872,0.0009412603,0.00015341332,0.0005181048,0,,,,0.019386107,Test
520,0,10.167461,-11.441947,-10.237153,-9.513667,1.0,4.1224252e-10,1.3752731e-09,2.8352678e-09,0,,,,1.33841e-07,Test
521,0,7.708733,-3.7129364,-11.571913,-6.0894055,0.99998796,1.09553675e-05,4.2317194e-09,1.0175114e-06,0,,,,0.00021817956,Test
522,0,10.179663,-9.441889,-12.477591,-6.7153277,1.0,3.0093206e-09,1.4457058e-10,4.5983143e-08,0,,,,1.2107212e-06,Test
523,0,5.7962465,-2.2568374,-6.8845816,-7.8950853,0.9996778,0.000318017,3.1091836e-06,1.1318533e-06,0,,,,0.004238949,Test
524,0,10.845577,-7.599971,-14.504788,-10.052538,1.0,9.754384e-09,9.7831005e-12,8.395835e-10,0,,,,2.8524778e-07,Test
525,0,9.062906,-9.439501,-10.467584,-5.738223,0.99999964,9.2152375e-09,3.2962142e-09,3.7320808e-07,0,,,,8.824114e-06,Test
526,0,6.6066566,-6.500224,-7.091019,-7.6377473,0.9999963,2.0311998e-06,1.125054e-06,6.51227e-07,0,,,,7.9527636e-05,Test
527,0,7.258411,-6.134005,-9.361595,-5.63239,0.9999958,1.5266723e-06,6.053702e-08,2.5211268e-06,0,,,,8.376869e-05,Test
528,0,7.8163433,-4.0530386,-11.961445,-5.613924,0.99999154,7.0014707e-06,2.574021e-09,1.4699594e-06,0,,,,0.00016065835,Test
529,0,6.0287466,-2.9949005,-8.105057,-7.6625056,0.9998777,0.00012051099,7.273008e-07,1.1321704e-06,0,,,,0.0017825149,Test
530,0,7.488753,-6.6953363,-9.931587,-4.0496497,0.9999895,6.9170926e-07,2.7191808e-08,9.748345e-06,0,,,,0.00019224742,Test
531,0,6.3288674,-3.729657,-8.819971,-4.705826,0.9999409,4.281666e-05,2.635831e-07,1.6131255e-05,0,,,,0.00096920016,Test
532,0,10.4756565,-10.472791,-11.931383,-7.2597165,1.0,7.983706e-10,1.8567196e-10,1.9843833e-08,0,,,,5.3786954e-07,Test
533,0,6.4183064,-1.4075738,-10.76932,-6.494717,0.99959844,0.00039910674,3.4303188e-08,2.464739e-06,0,,,,0.0051324368,Test
534,0,3.504355,-2.246517,-5.5004005,-3.3451555,0.99565613,0.003166194,0.00012229085,0.0010553704,0,,,,0.044567265,Test
535,0,3.6219175,-6.079696,-2.530106,-7.7883253,0.9978034,6.10503e-05,0.0021244925,1.1057053e-05,0,,,,0.023064949,Test
536,0,5.2315483,-4.8899517,-5.1080976,-7.163525,0.99992335,4.020269e-05,3.2323307e-05,4.138614e-06,0,,,,0.0012537257,Test
537,0,4.199955,-6.517134,-0.2673398,-12.836989,0.9886303,2.191096e-05,0.011347821,3.9444146e-08,0,,,,0.0899728,Test
538,0,3.8837357,-5.978635,-2.3057992,-7.185716,0.997886,5.1988565e-05,0.0020464445,1.5548156e-05,0,,,,0.022315053,Test
539,0,6.2689133,-4.4013877,-8.936989,-4.7513733,0.9999602,2.3223607e-05,2.489679e-07,1.6365644e-05,0,,,,0.00068060507,Test
540,0,6.5399218,-4.5034323,-9.970741,-3.5824666,0.99994373,1.5992186e-05,6.752835e-08,4.0167793e-05,0,,,,0.0009240824,Test
541,0,2.9315176,-5.032036,-2.648434,-6.9808908,0.99584705,0.00034646978,0.0037570812,4.9350117e-05,0,,,,0.040935293,Test
542,0,1.9889321,-6.6723075,1.3531103,-10.11859,0.653732,0.00011320645,0.34615117,3.6071926e-06,0,,,,0.9322297,Test
543,0,2.9245608,-8.7440405,1.2188368,-13.11576,0.8462746,7.2427297e-06,0.15371802,9.147202e-08,0,,,,0.61920166,Test
544,0,1.0899974,-12.390353,4.7313757,-12.391217,0.02554645,3.571813e-08,0.97445345,3.5687282e-08,2,,,,0.17154227,Test
545,0,-0.31264547,-8.422905,2.544231,-6.1087914,0.054317098,1.6319069e-05,0.94550145,0.00016508292,2,,,,0.3070409,Test
546,0,2.0968246,-8.695481,0.9656102,-10.103165,0.7560484,1.5542135e-05,0.24393235,3.8033083e-06,0,,,,0.8018555,Test
547,0,0.28839234,-11.738698,3.8571885,-8.8027115,0.027416805,1.6395249e-07,0.97257996,3.0888777e-06,2,,,,0.18133181,Test
548,0,5.2546544,-3.7591176,-6.297202,-5.523932,0.99984777,0.00012170332,9.616701e-06,2.083787e-05,0,,,,0.0022865012,Test
549,0,5.150874,-6.2709174,-4.444769,-10.279594,0.9999207,1.0953293e-05,6.801908e-05,1.9888324e-07,0,,,,0.0012407467,Test
550,0,5.461839,-4.821758,-6.037465,-6.690322,0.9999504,3.4187633e-05,1.0136645e-05,5.2766973e-06,0,,,,0.00083943474,Test
551,0,4.825968,-5.217212,-3.8568501,-8.287408,0.999785,4.347191e-05,0.00016943648,2.0176226e-06,0,,,,0.0031006366,Test
552,0,5.638147,-3.538121,-9.091094,-6.432421,0.99989045,0.00010345465,4.0098172e-07,5.724945e-06,0,,,,0.0016360384,Test
553,0,6.8547335,-6.5336337,-8.078609,-6.1532245,0.9999958,1.5328668e-06,3.2698645e-07,2.242405e-06,0,,,,8.4668056e-05,Test
554,0,7.2465324,-1.9340149,-10.819692,-6.9749117,0.9998963,0.0001030134,1.42525955e-08,6.662853e-07,0,,,,0.0015279733,Test
555,0,7.2825637,-6.1684256,-8.3315,-7.233824,0.999998,1.4398224e-06,1.6553795e-07,4.961488e-07,0,,,,4.515608e-05,Test
556,0,5.8587503,-5.6461444,-6.950544,-5.379317,0.999974,1.0080374e-05,2.7351623e-06,1.3163093e-05,0,,,,0.00046876742,Test
557,0,6.2293324,-6.1477156,-7.4772778,-4.0485377,0.9999604,4.2140427e-06,1.1150076e-06,3.4384328e-05,0,,,,0.0006644122,Test
558,0,6.343581,-4.1318545,-7.874835,-7.1790924,0.9999697,2.8220396e-05,6.683549e-07,1.3401836e-06,0,,,,0.00050985883,Test
559,0,7.561387,-7.4534106,-7.4823112,-9.832834,0.9999994,3.01409e-07,2.928226e-07,2.7911618e-08,0,,,,1.4444664e-05,Test
560,0,7.8055778,-6.794662,-8.62794,-9.160339,0.9999994,4.5624296e-07,7.294807e-08,4.2834664e-08,0,,,,1.3248017e-05,Test
561,0,7.663282,-6.37779,-9.193469,-6.736494,0.99999857,7.9806694e-07,4.7775547e-08,5.5751417e-07,0,,,,3.0888164e-05,Test
562,0,6.99593,-3.6370978,-9.894149,-7.6877956,0.99997544,2.4105933e-05,4.620841e-08,4.1968983e-07,0,,,,0.00041523587,Test
563,0,5.412509,-2.3775177,-6.307944,-8.52889,0.99957734,0.00041366694,8.1224725e-06,8.813409e-07,0,,,,0.0054140138,Test
564,0,7.228983,-2.30858,-10.599947,-9.087491,0.99992776,7.208709e-05,1.807019e-08,8.199995e-08,0,,,,0.001098352,Test
565,0,2.544617,-3.6849127,-2.227662,-3.7566555,0.98788315,0.0019465041,0.008358555,0.0018117478,0,,,,0.10909988,Test
566,0,0.6807928,-3.7213356,-0.4980736,-1.8417724,0.7142183,0.00875006,0.21971303,0.057318497,0,,,,1.1234086,Test
567,0,2.768818,-3.6219494,-2.2105463,-6.3843575,0.99141324,0.0016625696,0.0068193697,0.00010497386,0,,,,0.07814506,Test
568,0,7.2887273,-6.2068024,-8.567178,-7.1646404,0.999998,1.3770992e-06,1.299771e-07,5.2842273e-07,0,,,,4.372756e-05,Test
569,0,7.9037113,-5.0238357,-11.441416,-5.2498603,0.9999957,2.4301642e-06,3.9674934e-09,1.9385382e-06,0,,,,8.858473e-05,Test
570,0,5.907359,-3.209963,-8.369543,-5.143006,0.99987376,0.00010973434,6.3032616e-07,1.587934e-05,0,,,,0.0018916695,Test
571,0,4.578171,-2.9316876,-6.8585124,-3.9514954,0.9992446,0.000547245,1.0784082e-05,0.00019737173,0,,,,0.009626003,Test
572,0,3.5643654,-4.1399665,-4.8103986,-1.8147315,0.9947344,0.00044849576,0.00022940007,0.0045877,0,,,,0.05097579,Test
573,0,5.852527,-3.9715774,-8.328619,-4.694743,0.99991894,5.412657e-05,6.9369906e-07,2.6262964e-05,0,,,,0.0012979216,Test
574,0,3.4388995,-3.7763205,-3.5084648,-4.5061874,0.9979533,0.00073380384,0.0009591979,0.00035367373,0,,,,0.024262125,Test
575,0,4.9487705,-1.1598822,-10.315863,-4.008884,0.99765307,0.0022183263,2.3422518e-07,0.00012844567,0,,,,0.024604911,Test
576,0,4.8833585,-4.05999,-5.2787967,-6.5658493,0.9998202,0.00013057957,3.859704e-05,1.0656004e-05,0,,,,0.002686145,Test
577,0,6.455522,-2.8913796,-8.305881,-8.199821,0.9999119,8.7227585e-05,3.8829896e-07,4.317444e-07,0,,,,0.0013206529,Test
578,0,5.9458547,-3.7210603,-7.190832,-7.7914686,0.9999336,6.334077e-05,1.9714273e-06,1.0812528e-06,0,,,,0.0010379659,Test
579,0,5.445359,-3.4268172,-5.951121,-7.793484,0.9998468,0.00014021559,1.1233235e-05,1.7798221e-06,0,,,,0.0022344391,Test
580,0,7.377865,-6.454985,-8.867872,-6.1515455,0.9999976,9.828082e-07,8.801668e-08,1.3312226e-06,0,,,,5.1013954e-05,Test
581,0,1.9465687,-6.7587633,0.96533173,-9.597592,0.7272608,0.000120507095,0.27261162,7.048957e-06,0,,,,0.84700215,Test
582,0,6.2756534,-7.715584,-2.9065654,-12.490426,0.9998963,8.387599e-07,0.000102841426,7.0786497e-09,0,,,,0.0015290236,Test
583,0,6.4751463,-6.858517,-5.6449547,-8.6033125,0.9999926,1.6190495e-06,5.448837e-06,2.8281687e-07,0,,,,0.0001431502,Test
584,0,6.875125,-7.132928,-8.567331,-4.373259,0.99998593,8.2484786e-07,1.9652614e-07,1.3028144e-05,0,,,,0.00025276266,Test
585,0,7.553858,-7.9612265,-6.9669633,-9.658056,0.9999993,1.827613e-07,4.9395504e-07,3.349349e-08,0,,,,1.6302356e-05,Test
586,0,8.545038,-6.5309486,-12.024053,-5.8406916,0.99999917,2.8351872e-07,1.1666929e-09,5.65401e-07,0,,,,1.9139505e-05,Test
587,0,10.294735,-5.5728908,-13.807662,-12.779376,0.9999999,1.2846282e-07,3.4077016e-11,9.528849e-11,0,,,,3.1171292e-06,Test
588,0,5.9169436,-6.2113357,-7.0747747,-4.8390126,0.99997103,5.404343e-06,2.2790605e-06,2.1317428e-05,0,,,,0.0005098656,Test
589,0,8.090812,-6.2121816,-9.24223,-9.735091,0.9999994,6.1416983e-07,2.9672572e-08,1.812627e-08,0,,,,1.4741381e-05,Test
590,0,7.755807,-5.599786,-10.262973,-7.4689493,0.9999982,1.583941e-06,1.4946608e-08,2.4432708e-07,0,,,,3.9026283e-05,Test
591,0,6.4132137,-5.261757,-7.826576,-5.9079623,0.9999865,8.503914e-06,6.542322e-07,4.4563076e-06,0,,,,0.00025549546,Test
592,0,1.7883972,-5.968597,1.1340183,-7.1702065,0.6577558,0.00028134868,0.3418783,8.4604304e-05,0,,,,0.9313749,Test
593,0,3.8609076,-4.0719175,-3.289827,-5.9511256,0.9988035,0.00035834213,0.00078334904,5.4722812e-05,0,,,,0.014684083,Test
594,0,0.769855,-9.31216,2.9510107,-7.870627,0.10145328,4.243291e-06,0.89852464,1.7937102e-05,2,,,,0.47397265,Test
595,0,0.2908623,-9.604817,2.9208586,-5.4569407,0.067218035,3.3872466e-06,0.9325641,0.00021441087,2,,,,0.35842204,Test
596,0,3.5750284,-5.227676,-1.8195682,-7.622648,0.995317,0.00014962208,0.004519786,1.364183e-05,0,,,,0.044068962,Test
597,0,2.879258,-4.6315184,-1.171048,-7.8022227,0.98233056,0.0005374881,0.017109297,2.2560549e-05,0,,,,0.1318669,Test
598,0,6.439875,-7.8618517,-5.829517,-6.682728,0.9999927,6.1494404e-07,4.693184e-06,1.9995073e-06,0,,,,0.00014410766,Test
599,0,7.0533953,-6.562626,-7.5711007,-8.43847,0.9999981,1.220777e-06,4.4530856e-07,1.8705427e-07,0,,,,4.01365e-05,Test
600,0,5.0960035,-2.916869,-8.20894,-2.8506234,0.99931383,0.00033094475,1.6650931e-06,0.000353611,0,,,,0.008901993,Test
601,0,5.282606,-2.9010935,-8.385818,-3.8651605,0.99961334,0.00027905926,1.1580067e-06,0.00010641619,0,,,,0.0052798404,Test
602,0,6.221909,-6.265871,-6.93145,-6.562594,0.9999914,3.7724415e-06,1.938944e-06,2.8038653e-06,0,,,,0.00016877019,Test
603,0,5.568711,-5.1111813,-5.8236547,-8.334916,0.9999647,2.3002058e-05,1.1280887e-05,9.156216e-07,0,,,,0.00060892315,Test
604,0,5.190334,-3.971415,-6.8174934,-6.64574,0.9998816,0.00010496671,6.095583e-06,7.2378075e-06,0,,,,0.0017872154,Test
605,0,3.5633116,-4.049385,-3.8055885,-4.5938272,0.9985905,0.00049344107,0.00062967243,0.00028627738,0,,,,0.017517233,Test
606,0,5.192239,-0.8284027,-9.254774,-5.578693,0.99755645,0.0024221786,5.304928e-07,2.0949878e-05,0,,,,0.024905305,Test
607,0,9.73331,-8.700944,-11.844995,-7.0058947,1.0,9.865188e-09,4.2526682e-10,5.3734833e-08,0,,,,1.5732768e-06,Test
608,0,3.0538216,-0.9421278,-6.5516243,-2.1833067,0.97677916,0.017962951,6.579672e-05,0.005192069,0,,,,0.17759174,Test
609,0,6.770071,-6.1153326,-8.189168,-5.7973914,0.9999937,2.5347642e-06,3.186268e-07,3.4835132e-06,0,,,,0.00012627176,Test
610,0,9.2476635,-6.1589866,-13.668397,-5.6146984,0.9999994,2.0369315e-07,1.1160425e-10,3.510411e-07,0,,,,1.2832093e-05,Test
611,0,2.1869764,-4.449342,-0.3640357,-6.6923823,0.9263944,0.0012152889,0.07226125,0.00012898512,0,,,,0.38953465,Test
612,0,5.467246,-2.7268276,-8.293761,-4.9613647,0.99969316,0.00027620132,1.0556919e-06,2.9565048e-05,0,,,,0.0041736527,Test
613,0,5.5531607,-3.767115,-5.9349775,-8.518829,0.9998994,8.958014e-05,1.0249939e-05,7.7369305e-07,0,,,,0.0015352721,Test
614,0,6.7616515,-5.6079793,-9.952429,-2.9357505,0.9999343,4.2453066e-06,5.5098326e-08,6.143888e-05,0,,,,0.0010314082,Test
615,0,10.321902,-9.239578,-13.465075,-5.0367117,0.99999976,3.1956298e-09,4.6714053e-11,2.1371676e-07,0,,,,5.1712454e-06,Test
616,0,10.243637,-9.126779,-12.459722,-7.4220147,1.0,3.8684393e-09,1.3805655e-10,2.127674e-08,0,,,,6.548899e-07,Test
617,0,2.831312,-1.0311154,-5.3522806,-1.9156486,0.9708981,0.020405293,0.00027107185,0.0084254835,0,,,,0.21721426,Test
618,0,8.654904,-8.391736,-10.900634,-5.1368513,0.9999989,3.9512788e-08,3.2146759e-09,1.0240382e-06,0,,,,2.2985874e-05,Test
619,0,12.570316,-8.07575,-18.416857,-6.4059434,1.0,1.0802572e-09,3.486918e-14,5.7374026e-09,0,,,,1.8925068e-07,Test
620,0,9.552776,-5.806424,-13.34532,-7.4748626,0.99999976,2.1359145e-07,1.1362741e-10,4.027078e-08,0,,,,6.069895e-06,Test
621,0,6.1085725,-6.4507,-6.8447456,-6.1692185,0.9999895,3.5121461e-06,2.3683237e-06,4.653916e-06,0,,,,0.00020563761,Test
622,0,5.1245093,-3.4087083,-6.971957,-5.6044626,0.9997757,0.00019677654,5.5779437e-06,2.1896236e-05,0,,,,0.0031822857,Test
623,0,7.1007056,-7.3516774,-7.749685,-7.310329,0.99999857,5.2894336e-07,3.5526855e-07,5.512728e-07,0,,,,3.216531e-05,Test
624,0,6.9663334,-4.4414067,-8.763115,-8.550823,0.99998856,1.1109043e-05,1.4749673e-07,1.8238099e-07,0,,,,0.00020668586,Test
625,0,5.904237,-3.7708733,-8.69764,-4.975694,0.99991786,6.282283e-05,4.5545937e-07,1.8830877e-05,0,,,,0.0013005687,Test
626,0,6.172799,-7.7831864,-6.0964346,-5.2975397,0.999984,8.689311e-07,4.6938862e-06,1.0434898e-05,0,,,,0.00029647723,Test
627,0,7.366345,-7.44822,-8.262128,-6.889602,0.9999989,3.6822718e-07,1.6316983e-07,6.437547e-07,0,,,,2.650901e-05,Test
628,0,5.166681,-1.1320382,-8.44911,-6.044988,0.9981501,0.0018352574,1.218801e-06,1.3490558e-05,0,,,,0.019590843,Test
629,0,8.092276,-1.9422041,-11.880966,-9.7660885,0.99995613,4.385929e-05,2.1169582e-09,1.754656e-08,0,,,,0.00069874164,Test
630,0,3.9899855,-1.0076636,-5.6574864,-6.242214,0.99319226,0.006707827,6.414892e-05,3.5747482e-05,0,,,,0.059639633,Test
631,0,5.3070273,0.71614265,-10.024498,-7.8708963,0.9899559,0.010041995,2.173796e-07,1.8729083e-06,0,,,,0.08111485,Test
632,0,2.953236,2.9853268,-7.6780753,-7.475701,0.491965,0.50800854,1.1879937e-05,1.4544696e-05,1,,,,1.000254,Test
633,0,0.42593923,-9.421802,2.0942974,-6.393914,0.1586144,8.3853865e-06,0.84120405,0.00017318803,2,,,,0.6335066,Test
634,0,3.54857,1.5140384,-6.8714995,-8.34547,0.88434666,0.115621,2.6378117e-05,6.040968e-06,0,,,,0.5171882,Test
635,0,1.8958222,0.040568344,-4.975299,-3.4862235,0.860549,0.13460125,0.0008926592,0.003957153,0,,,,0.6165147,Test
636,0,4.294744,2.4079227,-9.069736,-7.823274,0.86838734,0.13160653,1.363308e-06,4.7416015e-06,0,,,,0.5619457,Test
637,0,5.0106816,-4.070783,-5.0082617,-8.423789,0.99984026,0.00011373669,4.4540862e-05,1.4635715e-06,0,,,,0.0023928015,Test
638,0,1.3550078,-0.18660109,-2.0631325,-2.902058,0.79303795,0.16973905,0.02599049,0.011232432,0,,,,0.9092033,Test
639,0,5.2933607,0.79762363,-9.1611805,-8.812266,0.9889655,0.011033349,5.2197976e-07,7.399206e-07,0,,,,0.087596044,Test
640,0,4.7612877,-1.575234,-7.220577,-6.921283,0.998218,0.0017672948,6.245505e-06,8.424604e-06,0,,,,0.018979067,Test
641,0,2.960755,-0.1432429,-5.3546624,-4.7382407,0.9564185,0.04291398,0.00023404973,0.00043352752,0,,,,0.26408336,Test
642,0,4.3473835,-1.3990281,-7.781909,-4.1921387,0.9966163,0.003183415,5.380755e-06,0.0001949219,0,,,,0.03377703,Test
643,0,4.1630335,-3.4636464,-4.8902726,-5.2227817,0.9993123,0.00048694087,0.00011692305,8.384819e-05,0,,,,0.009012834,Test
644,0,5.009491,-6.1128755,-3.8520687,-10.773863,0.99984336,1.4775759e-05,0.0001417116,1.3973606e-07,0,,,,0.0022779955,Test
645,0,3.0636892,-5.2123213,-2.251249,-6.8436255,0.99480516,0.00025322835,0.004892035,4.955028e-05,0,,,,0.048757065,Test
646,0,5.910134,-3.636195,-5.8101025,-10.116327,0.99992037,7.145746e-05,8.127026e-06,1.09587745e-07,0,,,,0.0012389842,Test
647,0,3.8401215,-2.1389458,-7.262671,-1.8073072,0.9939639,0.0025159074,1.4979213e-05,0.0035052868,0,,,,0.0592361,Test
648,0,4.9385376,-1.00289,-9.019543,-4.6344767,0.9973085,0.0026212004,8.647932e-07,6.939405e-05,0,,,,0.027332047,Test
649,0,4.7053137,-4.4076824,-5.709457,-4.222409,0.9997271,0.00011019389,2.9978111e-05,0.00013262355,0,,,,0.0040010056,Test
650,0,5.050312,-2.5383897,-8.039181,-3.6348116,0.99932325,0.0005057952,2.0654347e-06,0.00016896814,0,,,,0.008670557,Test
651,0,3.642595,-2.8394601,-4.35514,-5.629175,0.99804294,0.0015276661,0.0003355653,9.385782e-05,0,,,,0.022239698,Test
652,0,3.5332792,-0.58670586,-6.142566,-4.852555,0.98373336,0.015980508,6.176057e-05,0.0002243655,0,,,,0.12222351,Test
653,0,6.3253126,-3.3011239,-8.984893,-6.4297013,0.999931,6.595715e-05,2.2430154e-07,2.887604e-06,0,,,,0.0010738578,Test
654,0,1.748907,0.8512653,-5.605478,-3.3805637,0.707169,0.2881923,0.00045243316,0.004186223,0,,,,0.9088683,Test
655,0,3.7599256,2.424623,-9.362447,-8.472913,0.79171205,0.20828247,1.5834095e-06,3.854011e-06,0,,,,0.7382928,Test
656,0,4.557402,-2.4356232,-8.032606,-3.343435,0.99870956,0.0009170793,3.401483e-06,0.00036995535,0,,,,0.015393864,Test
657,0,4.1681323,-0.5789572,-6.8702197,-5.221475,0.9912998,0.008601422,1.5933445e-05,8.2861035e-05,0,,,,0.07289057,Test
658,0,3.627487,-1.5365411,-5.660569,-5.8731976,0.9941486,0.0056851557,9.1981325e-05,7.4362906e-05,0,,,,0.05307361,Test
659,0,4.906742,-4.1282415,-5.5206113,-5.496539,0.999821,0.00011914579,2.9606046e-05,3.0327361e-05,0,,,,0.002712014,Test
660,0,6.6087265,-2.1958368,-11.291936,-4.885846,0.9998398,0.00015002272,1.6817905e-08,1.0183591e-05,0,,,,0.0023061074,Test
661,0,4.0093794,-0.5186289,-6.437354,-6.659432,0.98926204,0.010686174,2.8731127e-05,2.3009397e-05,0,,,,0.08617028,Test
662,0,6.0064797,-0.4349864,-10.454233,-8.666415,0.9984079,0.0015915296,7.0877995e-08,4.2359468e-07,0,,,,0.017099423,Test
663,0,6.568298,-1.2189406,-11.241053,-6.62421,0.9995833,0.00041482435,1.8421124e-08,1.8637415e-06,0,,,,0.0052976264,Test
664,0,4.42025,-3.803004,-4.5639954,-8.450302,0.9996038,0.0002682341,0.00012531981,2.5716872e-06,0,,,,0.005425935,Test
665,0,4.748562,-2.1303754,-4.7047963,-8.46232,0.9988918,0.0010280967,7.833888e-05,1.8285431e-06,0,,,,0.01290603,Test
666,0,3.1117654,-4.6205373,-1.1090647,-7.447842,0.98507524,0.00043188987,0.014467259,2.5555837e-05,0,,,,0.11499781,Test
667,0,2.1751127,-7.9806247,0.73830605,-7.7059402,0.8079009,3.138901e-05,0.19202638,4.131153e-05,0,,,,0.70684505,Test
668,0,2.617232,-5.070776,-0.7929165,-7.0802593,0.9675336,0.000443411,0.03196372,5.9442755e-05,0,,,,0.21062148,Test
669,0,4.7659254,-5.029605,-5.5020647,-4.8102326,0.99984026,5.5691107e-05,3.4721554e-05,6.935181e-05,0,,,,0.0024899787,Test
670,0,4.803602,-3.2718544,-5.5801454,-6.8140736,0.99964905,0.000310972,3.0920284e-05,9.002333e-06,0,,,,0.004743365,Test
671,0,5.3244114,-3.8325732,-5.2620983,-8.745098,0.9998684,0.00010546663,2.5251089e-05,7.7559054e-07,0,,,,0.001984407,Test
672,0,2.4705603,-5.547524,0.35015643,-7.075643,0.89255095,0.00029405134,0.10709109,6.3792475e-05,0,,,,0.49587533,Test
673,0,6.569706,-4.038434,-9.195169,-6.0426106,0.99997187,2.4713321e-05,1.4236046e-07,3.330646e-06,0,,,,0.00048265015,Test
674,0,5.5762815,-5.793379,-4.5237217,-8.41326,0.9999465,1.1539739e-05,4.1077226e-05,8.402255e-07,0,,,,0.00088192563,Test
675,0,2.398474,-5.505466,-0.4738941,-7.9937744,0.94610536,0.0003493831,0.053516276,2.9016395e-05,0,,,,0.3061151,Test
676,0,0.5077399,-5.943902,1.084469,-7.7400827,0.3594477,0.0005671831,0.6398909,9.411349e-05,2,,,,0.9501277,Test
677,0,5.213784,-3.4210048,-5.6268177,-7.554219,0.9997998,0.00017777555,1.9583911e-05,2.8499653e-06,0,,,,0.0028622726,Test
678,0,2.177547,-4.9404902,-0.3638948,-6.6785836,0.9261784,0.000750534,0.07293912,0.00013198543,0,,,,0.38746482,Test
679,0,1.6668873,-4.298218,0.21002366,-5.309028,0.80875605,0.0020758947,0.1884125,0.0007554678,0,,,,0.72769856,Test
680,0,4.4659524,-2.3535683,-6.2835054,-5.613057,0.9988457,0.0010909833,2.143226e-05,4.1902502e-05,0,,,,0.013341745,Test
681,0,3.951602,-2.626496,-4.0858216,-6.573123,0.9982626,0.0013880753,0.00032257882,2.6817286e-05,0,,,,0.019829512,Test
682,0,6.248903,-5.828258,-7.047572,-6.2327394,0.9999888,5.6878853e-06,1.6803883e-06,3.7956572e-06,0,,,,0.0002157679,Test
683,0,2.2605166,-1.9532269,-2.4144611,-5.214297,0.9759108,0.014434591,0.009101083,0.00055352837,0,,,,0.19028087,Test
684,0,5.311767,-3.940602,-7.11782,-4.38225,0.9998385,9.586875e-05,3.9978736e-06,6.1641265e-05,0,,,,0.0024464338,Test
685,0,2.3350964,-7.931266,1.3847067,-8.414007,0.7211643,2.508475e-05,0.27879515,1.5479534e-05,0,,,,0.85447395,Test
686,0,2.2328458,-5.8388653,0.5263117,-7.109398,0.84609985,0.0002641936,0.15356182,7.4154406e-05,0,,,,0.6232466,Test
687,0,4.823959,-2.975674,-6.5837274,-5.3846583,0.9995425,0.00040969782,1.110468e-05,3.6834528e-05,0,,,,0.005995768,Test
688,0,5.5675473,-3.9583793,-5.155233,-8.357548,0.99990404,7.292912e-05,2.203505e-05,8.961208e-07,0,,,,0.0014995107,Test
689,0,4.0980663,-5.356855,-1.4025438,-10.183068,0.99585414,7.79786e-05,0.004067345,6.2514073e-07,0,,,,0.03934761,Test
690,0,3.950602,-2.9383574,-4.4154725,-5.6081676,0.9986796,0.0010176281,0.00023231977,7.0486414e-05,0,,,,0.015796157,Test
691,0,2.698639,-6.4343314,0.25142878,-7.208443,0.9202235,9.9424746e-05,0.07963125,4.5846104e-05,0,,,,0.40305343,Test
692,0,4.469945,-3.144962,-5.2562137,-7.6819315,0.9994423,0.00049277145,5.966792e-05,5.2755145e-06,0,,,,0.007148167,Test
693,4,-2.6148863,1.0594543,-2.3261108,-0.22965889,0.019004548,0.74920976,0.025367117,0.20641854,1,,,,1.0250988,Test
694,4,2.5269334,1.3778614,-6.027336,-4.5886164,0.75876224,0.24047506,0.00014622901,0.0006163985,0,,,,0.8050625,Test
695,4,1.3932388,-4.937858,0.22418386,-4.6515603,0.7605659,0.0013538685,0.2362777,0.0018026609,0,,,,0.8214452,Test
696,4,-2.2618978,-0.79143107,-1.5614161,2.066561,0.012020197,0.05230306,0.024217363,0.9114594,3,,,,0.5512234,Test
697,4,-2.6403646,4.210287,-4.9819922,-4.001415,0.0010572514,0.99856997,0.00010167686,0.00027107002,1,,,,0.017073587,Test
698,4,-3.1445594,-2.7238135,-1.8566833,3.9666667,0.0008118218,0.0012364833,0.0029429179,0.9950088,3,,,,0.052206848,Test
699,4,-1.1892166,3.6788166,-5.5161023,-3.845502,0.0076249554,0.9917389,0.00010071518,0.000535337,1,,,,0.072665654,Test
700,4,0.762252,2.4831991,-5.178261,-4.677847,0.15158887,0.84735453,0.00039878188,0.00065775233,1,,,,0.6265306,Test
701,4,0.25093704,-0.7234577,-3.2156289,-0.066737935,0.4680587,0.17665505,0.0146147,0.3406715,0,,,,1.5727957,Test
702,4,1.2322845,-1.1754327,-3.2190132,-0.33337453,0.76298934,0.06868472,0.008899066,0.15942682,0,,,,1.0461055,Test
703,4,-1.9232731,-11.394097,4.199245,-6.0426908,0.0021880504,1.6862843e-07,0.9977762,3.556452e-05,2,,,,0.023068003,Test
704,4,-1.9301095,2.8586195,-3.7717178,-3.1811543,0.008224137,0.988118,0.001304037,0.0023537932,1,,,,0.10704632,Test
705,4,-1.2870159,3.3562648,-4.3211675,-5.5677533,0.009528657,0.9898811,0.00045847605,0.00013180483,1,,,,0.0852789,Test
706,4,2.1783547,0.6395604,-4.6272364,-5.344186,0.82217366,0.17647114,0.00091061095,0.00044459614,0,,,,0.6880188,Test
707,4,3.1172605,-2.0199456,-5.005798,-2.8633122,0.991377,0.0058234264,0.00029406234,0.0025055849,0,,,,0.08071904,Test
708,4,-1.6038511,2.6503835,-4.301987,-1.440501,0.013765065,0.9691004,0.000926814,0.016207661,1,,,,0.23471779,Test
709,4,-0.23675038,1.646599,-4.00187,-2.891078,0.13039507,0.8574117,0.0030205809,0.009172789,1,,,,0.6609007,Test
710,4,-1.5097762,-1.471988,-3.7536783,3.2179291,0.008682028,0.009016385,0.0009206765,0.9813809,3,,,,0.15659793,Test
711,4,2.7549431,-5.8746443,-2.1284325,-4.6851463,0.9917316,0.00017726053,0.0075088087,0.0005823773,0,,,,0.07333759,Test
712,4,-0.74961925,4.669523,-6.697501,-6.015057,0.00441125,0.9955545,1.151939e-05,2.2793496e-05,1,,,,0.041455943,Test
713,4,-1.8873788,0.6931509,-3.017861,1.1723722,0.027894583,0.36832368,0.009006534,0.5947752,3,,,,1.1818129,Test
714,4,1.749828,2.4752815,-7.267161,-4.6126924,0.3259969,0.67340124,3.9553513e-05,0.0005623492,1,,,,0.9179591,Test
715,4,-2.4348347,-1.6133887,-0.4880083,-0.3959708,0.055672843,0.1265881,0.39006713,0.42767194,3,,,,1.6633115,Test
716,4,0.5085809,2.8747916,-5.548763,-4.478242,0.085718445,0.9134958,0.00020063345,0.0005852274,1,,,,0.43179542,Test
717,4,0.9637004,1.2413585,-3.766373,-3.9644105,0.42806372,0.565059,0.0037780148,0.003099253,1,,,,1.0455698,Test
718,4,1.1877743,0.9133141,-5.6987514,-1.4149995,0.54493785,0.4141431,0.0005566303,0.040362377,0,,,,1.1969128,Test
719,4,-0.21476309,-1.3593988,-1.2622063,-0.9833289,0.46885598,0.14925553,0.16449043,0.21739802,0,,,,1.8288783,Test
720,4,1.7656484,0.864946,-4.134312,-3.9865303,0.70811516,0.287696,0.001939919,0.0022488704,0,,,,0.9069623,Test
721,4,-5.57006,-1.3885746,-3.2157738,4.4671993,4.359269e-05,0.0028537083,0.0004590576,0.99664366,3,,,,0.03467825,Test
722,4,-1.5966554,1.6787018,-3.0881093,-1.7877519,0.035083074,0.9280411,0.00789528,0.028980479,1,,,,0.47274753,Test
723,4,-0.28907338,2.8209045,-4.908492,-3.9575279,0.04263315,0.95585865,0.00042029988,0.0010878221,1,,,,0.27173987,Test
724,4,-4.218966,-2.4156363,-1.6531204,3.0706978,0.0006733283,0.0040869857,0.008761115,0.9864785,3,,,,0.11877782,Test
725,4,-3.1760046,2.8780744,-3.3026056,-1.3718028,0.002305195,0.98165935,0.0020310727,0.014004341,1,,,,0.15081486,Test
726,4,-3.3178155,2.7851999,-4.3778,-0.30136743,0.0021323354,0.95358944,0.0007387713,0.043539383,1,,,,0.28884885,Test
727,4,0.29279298,2.1192915,-4.439237,-3.2341864,0.13792534,0.8568056,0.0012149247,0.004054118,1,,,,0.6292118,Test
728,4,0.43195584,-3.4634905,0.33880022,-3.5828907,0.51297003,0.0104308855,0.46734223,0.009256913,0,,,,1.138101,Test
729,4,-1.9300457,2.348367,-3.6488724,-2.5173764,0.013538953,0.9765088,0.0024272152,0.00752507,1,,,,0.1916886,Test
730,4,1.3156291,0.7251511,-4.3034596,-2.4371972,0.63245445,0.35041922,0.0022945106,0.014831926,0,,,,1.0583851,Test
731,4,3.079277,-0.5111113,-5.653675,-3.6382053,0.97185653,0.026811205,0.00015664959,0.0011755377,0,,,,0.19342831,Test
732,4,0.44641337,2.997029,-5.4039702,-5.158655,0.07235079,0.92717487,0.00020828313,0.0002661907,1,,,,0.38097686,Test
733,4,-1.755764,2.205871,-3.6798441,-1.2782677,0.018082784,0.9501268,0.002640267,0.029150048,1,,,,0.3461023,Test
734,4,-2.577619,4.7282643,-5.693391,-4.9563675,0.0006710635,0.99923694,2.9757808e-05,6.218512e-05,1,,,,0.009490579,Test
735,4,-1.9021043,4.1298122,-6.2168775,-3.8744044,0.002394263,0.99724066,3.2010317e-05,0.00033312917,1,,,,0.029146459,Test
736,4,-2.5849977,3.7458763,-5.031281,-3.0902147,0.0017751354,0.9969999,0.00015375327,0.0010710716,1,,,,0.03305813,Test
737,4,-2.146465,0.4414486,-2.6714444,1.3322293,0.021136764,0.28116107,0.012503829,0.68519837,3,,,,1.0850356,Test
738,4,-2.5033379,-0.43546823,-1.9503664,1.9429755,0.010421202,0.08241044,0.01811633,0.88905203,3,,,,0.6210472,Test
739,4,0.8246888,2.3992493,-4.2573533,-6.43807,0.17136411,0.82745206,0.0010636946,0.00012015554,1,,,,0.674272,Test
740,4,-0.6975235,-5.5541806,2.2490335,-5.6947527,0.049863324,0.00038775898,0.9494119,0.00033690868,2,,,,0.29508832,Test
741,4,-2.44801,0.6800803,-2.8764923,1.1529658,0.016362382,0.3735587,0.010660045,0.5994189,3,,,,1.1401905,Test
742,4,-2.8907466,1.1502804,-2.5256305,0.17329623,0.0123855295,0.7045476,0.0178436,0.2652232,1,,,,1.0458962,Test
743,4,-0.5812881,1.9449738,-3.1842391,-2.6214175,0.07293556,0.9121807,0.005401222,0.009482487,1,,,,0.5008694,Test
744,4,-1.4537672,-0.76218015,-2.713949,2.138612,0.025251973,0.050425213,0.007161521,0.91716135,3,,,,0.5167897,Test
745,4,-0.14332029,2.205332,-4.7002063,-2.1331613,0.08606845,0.9012613,0.00090326136,0.0117670335,1,,,,0.5242663,Test
746,4,-0.79302394,4.468012,-6.7684975,-5.0553994,0.005162686,0.9947515,1.3114768e-05,7.273607e-05,1,,,,0.047989007,Test
747,4,-3.7703862,-3.5486133,0.15015163,2.039952,0.0025879398,0.003230493,0.13050346,0.8636781,3,,,,0.61497945,Test
748,4,-2.6544473,-1.6643496,-0.70650804,0.1078888,0.03767541,0.10140327,0.2642635,0.59665775,3,,,,1.4649268,Test
749,4,1.5419965,-0.74070543,-3.2576618,-3.2411685,0.89396644,0.09119192,0.0073596323,0.0074820234,0,,,,0.56461674,Test
750,4,-1.6921533,0.53896964,-2.650311,0.64277226,0.047567844,0.44287166,0.018246979,0.4913136,3,,,,1.3385327,Test
751,4,-0.9594331,2.3177211,-3.7621472,-2.8567033,0.03608692,0.9563124,0.0021884998,0.005412226,1,,,,0.2946619,Test
752,4,5.1651926,-4.9615,-7.345946,-3.0732536,0.9996921,3.9985218e-05,3.6842378e-06,0.00026421322,0,,,,0.0042352956,Test
753,4,-0.23622638,3.339048,-5.741493,-3.9630027,0.027223814,0.97201025,0.00011067301,0.00065528555,1,,,,0.18973087,Test
754,4,3.0049293,-0.7477173,-7.4077067,-1.5584373,0.9671998,0.022686237,2.9064706e-05,0.01008489,0,,,,0.2377667,Test
755,4,3.9003425,-1.0284846,-7.604611,-2.7532878,0.9915378,0.007173759,9.99474e-06,0.0012784224,0,,,,0.07570911,Test
756,4,-1.0846057,1.866165,-3.422448,-1.6028409,0.048047367,0.9186987,0.004638288,0.028615603,1,,,,0.5054794,Test
757,4,-1.1861933,2.3534415,-3.932666,-2.6917315,0.027979553,0.9640168,0.0017949931,0.0062086037,1,,,,0.25721943,Test
758,4,-0.5087818,-4.4218726,0.007977923,-1.6535866,0.33169135,0.0066267466,0.55610913,0.105572715,2,,,,1.3892674,Test
759,4,-2.5767384,1.3726778,-2.8060725,-0.27827188,0.015708694,0.81536067,0.012489403,0.1564413,1,,,,0.83190364,Test
760,4,4.1461625,-2.0643103,-6.7272873,-4.4337697,0.99778974,0.0020038483,1.8912982e-05,0.00018742254,0,,,,0.023762856,Test
761,4,-2.082272,0.9856568,-3.0577867,0.37843812,0.028912216,0.6215355,0.010899854,0.33865243,1,,,,1.1743133,Test
762,4,-2.087036,2.9619086,-4.690481,-1.6944062,0.0063126227,0.98387194,0.00046724864,0.009348173,1,,,,0.1373953,Test
763,4,-0.21760763,0.5534073,-2.590496,-2.4742,0.29762992,0.6434638,0.027742418,0.031163836,1,,,,1.2290866,Test
764,4,0.7565055,1.8663008,-5.256229,-3.4914093,0.24688439,0.7489824,0.0006042215,0.0035289684,1,,,,0.8457679,Test
765,4,-0.38009605,1.1552788,-3.7748363,-2.0196412,0.17033793,0.7908902,0.005714712,0.03305719,1,,,,0.9078257,Test
766,4,1.1518383,1.3069144,-3.701763,-4.466649,0.4588888,0.53586596,0.0035794408,0.0016658254,1,,,,1.0424626,Test
767,4,1.0770875,0.5829277,-5.378549,-0.6002535,0.5560111,0.33921307,0.0008738485,0.10390191,0,,,,1.3482167,Test
768,4,-4.579051,-2.7167602,-1.8970741,4.2270317,0.00014932563,0.00096142857,0.002182238,0.996707,3,,,,0.03556763,Test
769,4,-3.4551716,0.07800717,-1.0349699,0.7835311,0.008635681,0.29562196,0.09713526,0.59860706,3,,,,1.3488663,Test
770,4,0.6568575,2.3387268,-5.9715376,-3.6716294,0.15649198,0.8412375,0.0002069267,0.0020637363,1,,,,0.64950687,Test
771,4,-0.7461848,0.40195885,-1.8011866,-2.7565036,0.21577425,0.6801929,0.07513082,0.02890209,1,,,,1.2838962,Test
772,4,-1.7552239,1.3591676,-3.4172442,0.1367806,0.03295748,0.74219316,0.006253852,0.21859542,1,,,,1.0068097,Test
773,4,-2.9683242,-0.23733492,-1.4207121,1.8110329,0.0071389778,0.109569475,0.033554856,0.84973675,3,,,,0.7643798,Test
774,4,-0.5059372,3.1312845,-8.163547,-3.4405353,0.025614897,0.97301155,1.2101385e-05,0.0013614852,1,,,,0.18698844,Test
775,4,1.7810147,-1.5611392,-4.254117,-0.2389681,0.8544003,0.0302122,0.0020447352,0.11334282,0,,,,0.7207994,Test
776,4,-2.4408712,3.6789825,-5.5232744,-2.564704,0.0021894886,0.99577564,0.00010038573,0.0019344736,1,,,,0.044196498,Test
777,4,-2.9417918,1.8648342,-3.3776739,0.10803037,0.0068929167,0.84312916,0.0044576074,0.1455204,1,,,,0.696514,Test
778,4,-0.19106036,1.0483884,-5.137693,-0.27093968,0.18573397,0.64147115,0.0013200674,0.17147477,1,,,,1.3108275,Test
779,4,-2.081863,-1.0764141,-1.8323561,2.4466188,0.010242298,0.027993564,0.013144882,0.94861925,3,,,,0.36644265,Test
780,4,-0.1430423,1.3698145,-3.4595423,-1.3445704,0.17016366,0.7724888,0.0061734687,0.051174045,1,,,,0.98722315,Test
781,4,-0.25438052,1.637623,-4.78124,-0.84518147,0.12199076,0.80912125,0.0013192798,0.067568675,1,,,,0.8927995,Test
782,4,-1.0565298,0.9129481,-2.17711,-1.0562491,0.105337396,0.7549461,0.034349527,0.10536696,1,,,,1.1573285,Test
783,4,-2.8229957,0.27312568,-3.064547,2.2077308,0.005651583,0.12496792,0.004438801,0.8649417,3,,,,0.6328972,Test
784,4,-2.9702024,4.0782394,-4.6849165,-3.229441,0.000867291,0.99830735,0.00015612556,0.0006692357,1,,,,0.020292733,Test
785,4,-3.2228093,-0.5343034,-1.8206445,2.097524,0.0044597914,0.06560213,0.018124543,0.91181356,3,,,,0.51896024,Test
786,4,-1.7023792,3.150402,-4.9740067,-2.251798,0.007709422,0.9875474,0.00029253113,0.004450537,1,,,,0.11016737,Test
787,4,-1.9812559,-1.8110293,-0.31074008,1.0764663,0.03474694,0.04119505,0.18467678,0.7393812,3,,,,1.1300969,Test
788,4,1.1134365,-1.1889156,-4.520504,0.286621,0.6489133,0.06490646,0.002319516,0.2838607,0,,,,1.1969494,Test
789,4,-2.1124156,2.491867,-3.1011434,-1.7213644,0.009731237,0.9722601,0.0036205028,0.0143879615,1,,,,0.22189575,Test
790,4,-2.0465252,0.7045948,-1.9795113,-0.26830947,0.042285517,0.66219807,0.04521634,0.25030008,1,,,,1.2889132,Test
791,4,2.3898244,0.85396993,-6.170378,-2.970009,0.8195613,0.17642833,0.00015701195,0.0038533215,0,,,,0.70973593,Test
792,4,0.83957636,-0.19211745,-4.0381875,-0.8984469,0.6493994,0.23144774,0.004944541,0.114208385,0,,,,1.2884792,Test
793,4,-0.83304346,1.6802973,-3.3558638,-2.0445507,0.072864585,0.8995939,0.005846145,0.021695301,1,,,,0.57592267,Test
794,4,-2.907374,-2.420412,-2.0579748,3.7006922,0.0013404572,0.0021814127,0.0031343126,0.99334383,3,,,,0.067717746,Test
795,4,-3.6808789,0.78696144,-2.2210321,1.4778553,0.003753504,0.32718647,0.016159963,0.6529001,3,,,,1.0553596,Test
796,4,-4.016181,-1.3696427,-2.3894074,3.590043,0.00049240125,0.006945381,0.0025050594,0.9900572,3,,,,0.091125935,Test
797,4,2.2766144,1.5172064,-5.4469447,-5.1019135,0.68073046,0.31854331,0.0003010759,0.0004251296,0,,,,0.9117188,Test
798,4,0.5990319,0.38953778,-3.8268793,-0.64957887,0.4739649,0.38438287,0.0056701885,0.135982,0,,,,1.4744809,Test
799,4,-0.964949,1.4549087,-3.9201312,-0.7134547,0.07362538,0.8278628,0.0038336117,0.09467821,1,,,,0.8554797,Test
800,4,4.051053,-2.5780706,-5.656862,-5.8575807,0.9985702,0.0013194312,6.0713457e-05,4.9672206e-05,0,,,,0.016243417,Test
801,4,-2.3969939,2.0405827,-3.481458,-1.0412561,0.011137417,0.9418882,0.0037653705,0.043208964,1,,,,0.37978563,Test
802,4,-0.005573198,2.8534093,-4.3759546,-4.4875526,0.054148518,0.94455427,0.0006847847,0.000612474,1,,,,0.31926626,Test
803,4,-1.7080016,1.1537434,-3.274359,-0.6376729,0.046259534,0.8091728,0.0096591925,0.13490842,1,,,,0.90684175,Test
804,4,-1.068536,2.0272331,-3.6349566,-2.259323,0.04258032,0.9412054,0.0032705949,0.012943648,1,,,,0.3843557,Test
805,4,3.4689527,-3.538049,-2.577859,-7.6300745,0.9967248,0.00090255355,0.0023576447,1.5077481e-05,0,,,,0.0346656,Test
806,4,-2.048538,0.9306103,-2.6710105,0.44761345,0.029990967,0.589954,0.016093636,0.3639614,1,,,,1.2274646,Test
807,4,-1.5937774,3.816056,-5.3311963,-4.439445,0.004450849,0.9951846,0.00010599919,0.0002585742,1,,,,0.04618015,Test
808,4,-2.1853204,-4.2621026,0.4911327,-0.036368255,0.04126323,0.005171638,0.5996972,0.35386798,2,,,,1.2017899,Test
809,4,2.6351411,-0.8209936,-4.7075343,-3.4326344,0.9666364,0.03049881,0.00062571967,0.002239039,0,,,,0.22725518,Test
810,4,0.48431936,1.1801612,-4.011096,-1.7979134,0.32065538,0.64304125,0.0035785274,0.03272484,1,,,,1.1263205,Test
811,4,-2.2410436,2.8922632,-4.0539308,-1.5563045,0.0057896064,0.98178345,0.0009447613,0.011482262,1,,,,0.15255988,Test
812,4,-3.117891,3.3953805,-4.886419,-1.7478296,0.0014724636,0.99248147,0.0002511786,0.005795017,1,,,,0.070724964,Test
813,4,3.1962674,0.10971548,-6.632241,-4.103634,0.955668,0.04363496,5.1503896e-05,0.0006456546,0,,,,0.26725325,Test
814,4,-0.543729,2.0523512,-3.314389,-2.6645002,0.06852306,0.91896737,0.0042909593,0.008218597,1,,,,0.4677078,Test
815,4,-0.040610597,0.19242294,-2.0497913,-3.566751,0.41221127,0.5203853,0.055276915,0.0121265305,1,,,,1.3255095,Test
816,4,-2.6519556,2.7696667,-3.5503943,-1.8480428,0.0043499568,0.98415977,0.0017713244,0.00971896,1,,,,0.13795781,Test
817,4,2.5335507,0.76539046,-4.9733,-4.536521,0.8532087,0.1455972,0.00046867464,0.00072537427,0,,,,0.61291015,Test
818,4,0.733325,-1.8439739,-3.5829065,1.4290689,0.3231509,0.024552673,0.004314097,0.6479823,3,,,,1.0974672,Test
819,4,-2.561044,2.2209961,-3.7357316,-0.41474158,0.0077393586,0.92367375,0.002390807,0.066196084,1,,,,0.44019964,Test
820,4,-1.408317,0.7814859,-2.7393441,-0.6307916,0.08081632,0.7219687,0.021352133,0.17586283,1,,,,1.192084,Test
821,4,-1.0307996,0.2606144,-2.2009182,-0.45365566,0.14860602,0.5406179,0.04611693,0.26465914,1,,,,1.6006858,Test
822,4,-1.5933032,1.6798813,-3.213677,-0.74766934,0.033419628,0.8821198,0.0066112275,0.07784946,1,,,,0.6580883,Test
823,4,0.3293148,-0.44513354,-4.117947,0.96702915,0.29719275,0.13699338,0.003480302,0.5623336,3,,,,1.4085584,Test
824,4,-1.7781725,1.0070632,-3.1313324,-4.7959023,0.057107057,0.92534196,0.014757746,0.0027932287,1,,,,0.45290655,Test
825,4,0.48689976,3.6285572,-6.1244082,-5.496491,0.041414633,0.9584252,5.5705612e-05,0.00010437594,1,,,,0.25112993,Test
826,7,-0.6555015,1.9839542,-4.7839684,-3.659865,0.06635146,0.92929065,0.0010687601,0.003289063,1,,,,0.3956758,Test
827,7,5.2281566,-2.1663046,-7.8918395,-7.6877236,0.9993812,0.0006142675,2.0034997e-06,2.4571725e-06,0,,,,0.007529638,Test
828,7,2.2562943,0.017836682,-3.810283,-4.712895,0.9009964,0.09606678,0.0020894988,0.00084731064,0,,,,0.48745292,Test
829,7,2.1556826,0.301739,-5.904404,-1.5273156,0.8459652,0.13249364,0.00026723978,0.02127388,0,,,,0.71185225,Test
830,7,-1.6016994,1.2254857,-3.64086,-0.32041967,0.046233773,0.78125036,0.0060167653,0.16649917,1,,,,0.9582997,Test
831,7,1.1130338,3.0154076,-7.0263114,-4.5927186,0.12977907,0.86975133,3.7873182e-05,0.00043174558,1,,,,0.56279725,Test
832,7,-0.6535934,2.3357205,-4.376105,-2.1247165,0.047335286,0.9406491,0.0011442447,0.010871377,1,,,,0.3734505,Test
833,7,2.6712828,1.544598,-6.9919367,-4.439246,0.754725,0.24461086,4.798504e-05,0.00061620504,0,,,,0.81057304,Test
834,7,-2.2328742,-1.4060426,-2.4674773,3.0610511,0.004921249,0.011250294,0.0038921412,0.97993636,3,,,,0.17037407,Test
835,7,0.4111284,1.8514451,-5.5399957,-1.9101098,0.18787147,0.7931995,0.00048901304,0.01843996,1,,,,0.8299136,Test
836,7,2.0691557,0.4562545,-3.9052937,-4.7964487,0.83132815,0.16569081,0.0021139865,0.00086711836,0,,,,0.67886996,Test
837,7,0.17951682,0.3386341,-3.033171,-3.6958845,0.44773385,0.52495694,0.018020524,0.00928869,1,,,,1.1742359,Test
838,7,3.767239,1.1489836,-8.086265,-5.6215324,0.93194836,0.06796697,6.6294942e-06,7.796512e-05,0,,,,0.35958207,Test
839,7,3.6335602,0.14784287,-7.015006,-3.917666,0.96976185,0.02970553,2.3017148e-05,0.00050957635,0,,,,0.1995865,Test
840,7,0.39298627,2.5127144,-4.8819175,-4.4645286,0.10704622,0.89157426,0.0005479106,0.0008317244,1,,,,0.50715095,Test
841,7,-5.119443,0.7309502,-3.5167146,1.1422687,0.0011396626,0.39588562,0.005660208,0.59731454,3,,,,1.0266991,Test
842,7,-2.8974514,1.1118288,-4.5763917,1.0619631,0.0091979075,0.50687087,0.0017160682,0.48221523,1,,,,1.082286,Test
843,7,2.373563,0.7165873,-7.0272155,-2.5577295,0.83471435,0.15919244,6.899721e-05,0.0060242745,0,,,,0.6849915,Test
844,7,2.6898758,-0.16218685,-4.901091,-3.24658,0.94262135,0.05441294,0.0004760166,0.0024898162,0,,,,0.33567753,Test
845,7,-1.0156257,3.8280792,-5.7894015,-4.111718,0.007812958,0.99176764,6.6007146e-05,0.00035334562,1,,,,0.07148605,Test
846,7,3.2628188,1.521947,-7.3190813,-5.591909,0.8506761,0.1491809,2.1582593e-05,0.00012139613,0,,,,0.6098733,Test
847,7,-1.6746432,3.3583925,-5.33619,-2.4388623,0.006456221,0.9903713,0.00016587795,0.0030066464,1,,,,0.088065416,Test
848,5,-1.3929288,4.484829,-6.137299,-5.311764,0.0027930113,0.99712723,2.4300723e-05,5.5481018e-05,1,,,,0.02899124,Test
849,5,-0.5476227,4.018458,-7.3507466,-5.763208,0.010290924,0.9896417,1.1426026e-05,5.5892626e-05,1,,,,0.083789,Test
850,5,2.8702357,2.3293605,-9.862452,-6.415967,0.63197774,0.36796173,1.8662339e-06,5.85808e-05,0,,,,0.9500005,Test
851,5,-2.278981,5.177929,-8.038587,-4.6087685,0.000577071,0.99936503,1.8191326e-06,5.6158497e-05,1,,,,0.007952286,Test
852,5,-1.7828732,3.1650984,-4.1389804,-2.89439,0.007026779,0.9899949,0.0006660575,0.0023122279,1,,,,0.09189919,Test
853,5,2.9396842,0.7263427,-6.9408846,-6.585202,0.90134037,0.09854778,4.611184e-05,6.58087e-05,0,,,,0.4660983,Test
854,5,4.753912,-0.92270017,-6.3475227,-7.0711718,0.9965643,0.003413376,1.5038811e-05,7.2935127e-06,0,,,,0.0332847,Test
855,5,2.1305254,1.941391,-6.8089237,-6.300319,0.5470386,0.45277035,7.1724e-05,0.00011927484,0,,,,0.99620545,Test
856,5,-0.24957015,2.775691,-4.42725,-3.7376802,0.04619946,0.9516804,0.00070842454,0.0014117891,1,,,,0.29371783,Test
857,5,1.1742839,1.549056,-3.1501975,-5.6335707,0.40502137,0.58916837,0.005362651,0.0004475734,1,,,,1.0232303,Test
858,5,1.0461867,1.7773219,-4.497025,-5.07524,0.32430187,0.6737169,0.001269297,0.0007119469,1,,,,0.9303889,Test
859,5,1.2341571,2.8780434,-8.832562,-6.9486055,0.1619285,0.8380194,6.8770573e-06,4.5247514e-05,1,,,,0.6397361,Test
860,5,-1.2999756,3.4665802,-4.856574,-3.7183545,0.008429471,0.9905792,0.00024054102,0.00075077836,1,,,,0.082293294,Test
861,5,0.6226623,2.9219975,-5.356585,-5.262311,0.0911339,0.9083821,0.00023063533,0.000253436,1,,,,0.44668883,Test
862,5,-0.42502797,2.8318462,-4.5705333,-5.224388,0.037047595,0.96206075,0.00058666465,0.00030508748,1,,,,0.23968606,Test
863,5,-0.55718505,2.491044,-4.451656,-2.8030636,0.04503657,0.9492802,0.00091668084,0.004766425,1,,,,0.31873623,Test
864,5,0.45915964,2.6564949,-4.8240647,-5.2978096,0.099907756,0.8992693,0.00050713564,0.000315776,1,,,,0.47898766,Test
865,5,-1.4404576,3.6783757,-4.934484,-3.6953697,0.005942634,0.9932535,0.0001805272,0.00062327995,1,,,,0.0625256,Test
866,5,-2.9604208,5.2213387,-6.0574727,-4.5351005,0.00027961133,0.9996499,1.2633461e-05,5.790022e-05,1,,,,0.004826222,Test
867,5,-0.0016964078,3.872346,-7.0101285,-5.662564,0.020349624,0.97956115,1.8400633e-05,7.0806425e-05,1,,,,0.14479074,Test
868,5,-0.6131557,3.444817,-4.7284126,-4.901816,0.016981691,0.9825081,0.000277171,0.00023304485,1,,,,0.13095115,Test
869,5,0.5625787,1.5870805,-3.4834077,-3.509584,0.26176366,0.7291969,0.0045788866,0.0044605825,1,,,,0.9088115,Test
870,5,0.7642256,2.8401055,-7.1481404,-4.355386,0.111384585,0.8879088,4.078761e-05,0.00066589564,1,,,,0.5125984,Test
871,5,1.0504822,0.85948586,-2.5436616,-4.261547,0.53805333,0.44450504,0.014787967,0.0026536295,0,,,,1.1136779,Test
872,5,-1.2533214,3.1627667,-5.9330697,-3.2660847,0.011916854,0.98638016,0.000110604466,0.0015923178,1,,,,0.11192735,Test
873,5,-0.70768416,3.5147548,-5.3003707,-4.4349155,0.014443815,0.9850625,0.00014625254,0.00034750882,1,,,,0.115545824,Test
874,5,0.27834356,-1.365649,-0.6659283,-2.5377553,0.60901016,0.1176651,0.23688222,0.036442522,0,,,,1.4652989,Test
875,5,-0.17548324,2.4179864,-3.7019298,-4.7150126,0.069366455,0.92785275,0.0020400148,0.00074072496,1,,,,0.39320698,Test
876,5,-0.87601936,3.299828,-5.201135,-3.6555345,0.015112523,0.9837495,0.00019996919,0.0009380134,1,,,,0.12654704,Test
877,5,-2.0859962,4.5854745,-5.1805243,-5.0856886,0.0012647806,0.998615,5.7289984e-05,6.298906e-05,1,,,,0.0158589,Test
878,5,1.2817991,2.776604,-7.5321345,-5.0112443,0.1831346,0.8164995,2.7222472e-05,0.00033863846,1,,,,0.6916242,Test
879,5,1.4242857,4.044694,-9.183889,-7.6010046,0.067835815,0.9321545,1.6764367e-06,8.162539e-06,1,,,,0.35797822,Test
880,5,3.25621,1.6003721,-10.038249,-7.474887,0.8396619,0.16031832,1.41382e-06,1.8350509e-05,0,,,,0.6354103,Test
881,5,0.7478752,2.7445405,-5.8863845,-5.7915444,0.11951408,0.88015616,0.00015710737,0.00017273688,1,,,,0.53252196,Test
882,5,4.4283953,-0.3912966,-8.289971,-5.77495,0.9919559,0.008004365,2.971501e-06,3.6748177e-05,0,,,,0.067904726,Test
883,5,-0.3534427,4.250112,-6.6893635,-5.634014,0.009916163,0.9900157,1.7566614e-05,5.04685e-05,1,,,,0.08133199,Test
884,5,-0.9213251,4.6943283,-6.314571,-5.8341393,0.0036270684,0.9963297,1.6492964e-05,2.6665388e-05,1,,,,0.035357054,Test
885,5,-2.7537394,5.1619806,-5.8011966,-5.5775957,0.00036481366,0.9995962,1.7321177e-05,2.1661366e-05,1,,,,0.0053584506,Test
886,5,1.2219024,1.186332,-2.6095853,-5.481423,0.5030285,0.4854501,0.010904321,0.0006171283,0,,,,1.0824435,Test
887,5,4.2725544,2.9790905,-10.221253,-8.159211,0.7847302,0.21526633,3.9823516e-07,3.1309287e-06,0,,,,0.75149894,Test
888,5,-0.6140194,2.5101187,-5.2086024,-3.6874757,0.042022713,0.95560855,0.00042469968,0.0019440117,1,,,,0.27702335,Test
889,5,1.5666717,0.7189703,-4.9514165,-2.2866814,0.6891402,0.29522663,0.0010175079,0.014615633,0,,,,0.9890049,Test
890,5,1.1511186,5.791185,-12.686988,-9.117757,0.009564689,0.990435,9.350993e-09,3.3186012e-07,1,,,,0.077901125,Test
891,5,-0.36589,3.6033082,-5.229373,-4.979833,0.018532345,0.98114073,0.00014313518,0.00018370475,1,,,,0.13768914,Test
892,5,1.6551307,2.2082648,-8.97258,-6.638413,0.365101,0.6347988,8.848237e-06,9.132144e-05,1,,,,0.94828886,Test
893,5,4.65772,-0.897758,-8.63395,-6.994447,0.9961384,0.0038512899,1.6819799e-06,8.666579e-06,0,,,,0.0366274,Test
894,5,3.837148,2.5231807,-8.189281,-8.629449,0.78817016,0.2118221,4.716373e-06,3.0370077e-06,0,,,,0.74509877,Test
895,5,1.0715209,2.5053139,-7.241599,-4.159348,0.19230129,0.8066229,4.7167196e-05,0.0010285956,1,,,,0.7183671,Test
896,5,-0.2728142,1.9420358,-4.7442145,-3.555466,0.09795284,0.8972514,0.0011197282,0.0036760333,1,,,,0.5093663,Test
897,5,0.19853455,0.7574992,-2.465017,-2.4733357,0.34629834,0.6056276,0.024137074,0.02393712,1,,,,1.226547,Test
898,5,2.2030241,0.5544462,-3.2187731,-5.463779,0.835275,0.16064277,0.0036912446,0.0003910021,0,,,,0.6749466,Test
899,5,0.6499493,1.8964618,-6.758153,-4.529037,0.2229937,0.77561486,0.00013520564,0.0012562827,1,,,,0.7809395,Test
900,5,3.1307225,0.7740481,-5.954013,-5.953841,0.9132741,0.08651879,0.00010355009,0.000103567865,0,,,,0.4277554,Test
901,5,3.6059892,1.3025492,-8.438878,-6.641241,0.9091274,0.09083504,5.340787e-06,3.223362e-05,0,,,,0.43987447,Test
902,5,2.0535922,0.69113404,-4.0923047,-5.9703403,0.79459643,0.20344102,0.001702227,0.0002602538,0,,,,0.74969757,Test
903,5,-1.113688,3.8593056,-5.395833,-5.2535586,0.0068733967,0.9929222,9.494228e-05,0.00010945824,1,,,,0.06226739,Test
904,5,2.7318168,-1.0071322,-4.426123,-3.414163,0.97399455,0.023160702,0.0007584077,0.0020863703,0,,,,0.18927823,Test
905,5,2.600187,1.5149741,-5.3297944,-5.5139604,0.74711114,0.25239643,0.00026880548,0.00022359181,0,,,,0.82145756,Test
906,5,0.9987496,2.0998268,-4.282286,-4.546159,0.24897927,0.7487812,0.0012665971,0.0009728369,1,,,,0.8338818,Test
907,5,1.5961916,2.2760432,-5.2104673,-5.5794344,0.33608294,0.6632881,0.0003718366,0.00025710574,1,,,,0.9288587,Test
908,5,0.22258452,3.3521304,-5.908389,-4.817542,0.041889653,0.95774806,9.108754e-05,0.00027114886,1,,,,0.25582558,Test
909,5,2.229082,1.8891227,-6.4245787,-4.8878374,0.5838444,0.41558003,0.000101873215,0.00047365078,0,,,,0.98630357,Test
910,5,1.6951879,2.5718489,-5.8554354,-5.9198017,0.29378223,0.70591843,0.0001544655,0.00014483633,1,,,,0.8776413,Test
911,5,3.7706509,-2.981132,-3.55766,-9.389885,0.99817586,0.0011666619,0.000655484,1.9215825e-06,0,,,,0.02096469,Test
912,5,-0.7290071,2.4714022,-4.3001227,-3.1884234,0.038976956,0.9565949,0.0010962059,0.0033319397,1,,,,0.28190073,Test
913,5,0.6878841,2.8989878,-5.4426327,-5.062862,0.09870558,0.9007657,0.00021472969,0.00031392396,1,,,,0.47183192,Test
914,5,0.018352866,3.041154,-5.356032,-4.1388755,0.046362724,0.9526968,0.00021483401,0.00072561717,1,,,,0.2822168,Test
915,5,2.096395,1.9356657,-5.5067844,-5.6676626,0.53982675,0.45967466,0.0002692995,0.00022928044,0,,,,1.0015446,Test
916,5,-1.2392375,3.9056742,-4.700712,-5.456273,0.0057936595,0.99393904,0.00018182506,8.541178e-05,1,,,,0.05518552,Test
917,5,-3.4598813,-2.2223303,-1.6003883,3.3791509,0.0010588141,0.0036499018,0.0067980974,0.98849314,3,,,,0.105476916,Test
918,5,-1.7641869,1.3854756,-3.1693623,-0.8951354,0.03709452,0.865348,0.0091001745,0.08845737,1,,,,0.7280496,Test
919,5,-2.970828,-3.4960196,-1.64574,4.0978804,0.00084746926,0.0005012291,0.003188617,0.9954627,3,,,,0.047116414,Test
920,5,-3.6505036,3.142189,-3.633006,-1.2945701,0.0011063464,0.98609793,0.001125875,0.011669711,1,,,,0.116740316,Test
921,5,-2.245917,1.8885498,-4.0334153,-1.2449331,0.015072809,0.9413918,0.002522863,0.041012485,1,,,,0.3839965,Test
922,5,0.12497942,0.13382415,-0.5272847,-4.4683614,0.39372125,0.39721906,0.20507568,0.0039840634,1,,,,1.5590665,Test
923,5,-1.383076,0.9798914,-3.5829287,0.5883945,0.05286956,0.561603,0.0058589787,0.37966844,1,,,,1.265621,Test
924,5,-0.90988135,-0.19451506,-3.4060514,1.0384336,0.0985786,0.20158687,0.008122877,0.6917116,3,,,,1.2195052,Test
925,5,-1.6642457,-4.631822,2.046026,-4.728884,0.023830513,0.0012255512,0.97383183,0.0011121874,2,,,,0.18849309,Test
926,5,-2.8510334,1.2897761,-3.3678088,0.974606,0.009065177,0.5697798,0.0054068402,0.41574824,1,,,,1.0910479,Test
927,5,0.92925537,-0.52196544,-3.6659813,-1.1731117,0.73176926,0.17144191,0.0073907445,0.089398,0,,,,1.1296297,Test
928,5,2.4610176,-0.17260464,-5.1159225,-3.22775,0.9296153,0.06676298,0.00047608008,0.003145596,0,,,,0.38998154,Test
929,5,0.17791033,0.67497337,-4.1554346,-1.5300857,0.35233125,0.57919246,0.0046238457,0.063852504,1,,,,1.2758979,Test
930,5,2.6392236,0.71023756,-6.1767645,-4.1558876,0.87217194,0.1267226,0.00012937994,0.00097616407,0,,,,0.5611921,Test
931,5,-3.2612984,3.0966935,-4.67592,-0.8132135,0.0016952148,0.97828555,0.00041196705,0.019607155,1,,,,0.16244161,Test
932,5,0.5811634,1.7269623,-4.0051,-3.2866013,0.23946081,0.75309294,0.0024403129,0.005005939,1,,,,0.8613267,Test
933,5,1.643314,1.9715575,-5.432945,-4.320447,0.4180703,0.58050185,0.00035323936,0.0010745354,1,,,,0.99613416,Test
934,5,2.753414,0.43151394,-5.8894625,-3.4330108,0.90882593,0.08914406,0.00016029761,0.0018696082,0,,,,0.45522338,Test
935,5,3.4737177,-1.2565613,-6.7997417,-2.6564765,0.98908573,0.008727702,3.4160734e-05,0.002152407,0,,,,0.0949356,Test
936,5,1.3276095,-0.4493924,-4.760307,-1.3171971,0.8048719,0.13613965,0.0018271672,0.057161264,0,,,,0.89634156,Test
937,5,1.4257566,0.32352477,-5.4362135,-2.4365356,0.7384457,0.24525926,0.0007730416,0.015521952,0,,,,0.9215865,Test
938,5,-3.0613458,3.3189447,-4.03198,-1.9159334,0.0016817416,0.9923942,0.0006371156,0.0052869543,1,,,,0.07318044,Test
939,5,-3.4729493,2.781402,-4.4383936,-0.7227142,0.0018611609,0.96830976,0.00070875615,0.029120306,1,,,,0.21784927,Test
940,5,-3.0263076,-2.6563866,-1.7837414,3.7795057,0.0011001172,0.0015925522,0.0038113473,0.99349594,3,,,,0.065592706,Test
941,6,-3.087048,4.487729,-5.208507,-3.7151191,0.0005127997,0.9991522,6.1462466e-05,0.00027364015,1,,,,0.010925679,Test
942,6,-1.2131557,3.644033,-5.247687,-4.664208,0.007709422,0.99190956,0.00013641031,0.00024448315,1,,,,0.07042307,Test
943,6,-3.8540034,5.8657517,-6.854224,-5.0184255,6.0079794e-05,0.9999182,2.990535e-06,1.8751085e-05,1,,,,0.0013097816,Test
944,6,-1.1318201,4.406527,-5.435394,-6.332972,0.003917321,0.99600804,5.2962798e-05,2.1585278e-05,1,,,,0.038157046,Test
945,6,-0.531844,2.2798212,-3.1651902,-3.8717325,0.0563543,0.93760014,0.0040483624,0.0019972473,1,,,,0.3710766,Test
946,6,-0.47131142,2.5590985,-3.9428296,-3.7340455,0.04592408,0.95089096,0.0014268527,0.0017581378,1,,,,0.30277288,Test
947,6,-2.7121754,3.5122733,-4.705644,-6.770183,0.0019759014,0.9977208,0.00026916142,3.4150333e-05,1,,,,0.024733298,Test
948,6,-3.412205,3.9776242,-6.381346,-3.3726249,0.00061670487,0.99871004,3.1666175e-05,0.0006416035,1,,,,0.015713999,Test
949,6,-2.3061237,1.5163819,-4.0778365,-0.566012,0.01901624,0.8693961,0.00323355,0.108354144,1,,,,0.65840465,Test
950,6,-2.593281,1.8630623,-4.0216875,-0.40540653,0.010381226,0.8945691,0.0024882813,0.092561506,1,,,,0.5515298,Test
951,6,-1.2543901,0.88250846,-3.198001,0.35571405,0.06840115,0.579571,0.009794089,0.3422337,1,,,,1.315572,Test
952,6,-1.5176983,2.8100972,-5.9419365,-2.9204025,0.012981118,0.98367083,0.00015555718,0.0031924595,1,,,,0.1331599,Test
953,6,0.4074862,-5.1212664,0.39496508,-6.0463767,0.5017304,0.0019923416,0.49548733,0.00078993844,0,,,,1.0272129,Test
954,6,-1.5366795,3.1722162,-3.8437881,-3.5975208,0.008916114,0.9890609,0.000887587,0.0011354382,1,,,,0.096513964,Test
955,6,0.5908673,2.190289,-4.3276076,-4.067037,0.16758937,0.8295957,0.0012251236,0.0015898065,1,,,,0.68210053,Test
956,6,1.5050572,1.3023043,-3.82115,-4.52526,0.54832166,0.44769362,0.0026662017,0.0013185659,0,,,,1.0298196,Test
957,6,-0.14169842,3.2540448,-5.0919023,-5.1619062,0.032414384,0.96714205,0.00022955747,0.00021403721,1,,,,0.21236187,Test
958,6,2.1852014,1.5565295,-4.9817314,-5.7338314,0.6517057,0.3475544,0.00050291204,0.00023706046,0,,,,0.94084144,Test
959,6,-2.7801638,5.736598,-7.4047556,-6.1885304,0.00020004457,0.99979144,1.9619686e-06,6.6205143e-06,1,,,,0.0029101507,Test
960,6,0.7027463,1.5982647,-3.4960265,-5.110467,0.28846654,0.70634055,0.0043310337,0.0008618844,1,,,,0.91442436,Test
961,6,-0.20775275,4.1245723,-5.8635263,-6.5666046,0.012965748,0.9869665,4.53447e-05,2.244828e-05,1,,,,0.10096548,Test
962,6,-1.1162902,3.497762,-4.140798,-5.2601337,0.009808094,0.9895599,0.00047649408,0.00015557378,1,,,,0.08764718,Test
963,6,-0.08808518,1.9762503,-3.452964,-3.5225532,0.11177094,0.8807618,0.003863497,0.003603781,1,,,,0.5749039,Test
964,6,0.90312994,-4.0565743,0.9459103,-5.5634737,0.4872634,0.0034181534,0.508561,0.0007574491,2,,,,1.0373629,Test
965,6,-2.180956,4.5873146,-5.201624,-5.445,0.0011482463,0.9987519,5.59984e-05,4.390145e-05,1,,,,0.014440138,Test
966,6,6.2084684,-4.517073,-8.897394,-4.4551105,0.99995446,2.1975386e-05,2.7516134e-07,2.338012e-05,0,,,,0.0007715943,Test
967,6,1.1306685,1.7193247,-4.031101,-4.8501425,0.35589418,0.64116675,0.0020398244,0.000899265,1,,,,0.96891767,Test
968,6,-0.79257095,3.323812,-4.018403,-5.215383,0.016028538,0.9831424,0.00063669716,0.00019234953,1,,,,0.12883002,Test
969,6,-1.5392702,3.4254282,-5.366234,-3.9569023,0.0069263475,0.99230546,0.00015082557,0.00061736215,1,,,,0.0692423,Test
970,6,0.7908101,-0.63230526,-0.62121946,-5.458447,0.672702,0.16209573,0.1639027,0.0012995856,0,,,,1.2503701,Test
971,6,0.5676961,2.4256556,-4.4692073,-5.058737,0.13475749,0.8638821,0.0008750915,0.00048531563,1,,,,0.58625185,Test
972,6,-0.40909302,1.9947047,-3.4781737,-2.8118496,0.08195344,0.90682447,0.0038078718,0.0074141817,1,,,,0.50679356,Test
973,6,5.2006254,0.38243157,-9.27845,-8.995645,0.9919823,0.008016576,5.108829e-07,6.778634e-07,0,,,,0.067363165,Test
974,6,-0.104313076,1.9515859,-3.416086,-3.4667556,0.11254974,0.87944776,0.0041026054,0.003899906,1,,,,0.58141255,Test
975,6,-0.6162869,1.5861446,-3.5355787,-1.9302915,0.096434824,0.87244433,0.0052047707,0.025916057,1,,,,0.673215,Test
976,6,-1.1650549,2.6568842,-3.5626018,-2.8734648,0.021292534,0.9729138,0.0019363587,0.00385722,1,,,,0.20517053,Test
977,6,-1.404858,4.334133,-4.923143,-6.162921,0.003207297,0.99667007,9.50971e-05,2.7525724e-05,1,,,,0.033054188,Test
978,6,-0.94679713,4.2631974,-6.350058,-4.959101,0.0054313703,0.9944459,2.4451352e-05,9.826249e-05,1,,,,0.050541483,Test
979,6,1.1765459,-4.3460755,0.88517004,-5.594631,0.5706536,0.0022799675,0.42641225,0.00065416546,0,,,,1.0131181,Test
980,6,-2.006912,4.054228,-4.9626403,-4.161167,0.0023254077,0.9972838,0.00012101592,0.00026972307,1,,,,0.029029198,Test
981,6,0.120332256,2.51505,-4.2527723,-4.2906513,0.08340382,0.9145314,0.001051891,0.0010127918,1,,,,0.4372575,Test
982,6,-1.2595984,3.750518,-4.5901346,-4.8344345,0.0066231303,0.9929543,0.00023693539,0.00018558028,1,,,,0.06322276,Test
983,6,0.6971674,2.7000163,-4.1425467,-6.4260764,0.11878103,0.88018364,0.0009394768,9.575501e-05,1,,,,0.5378762,Test
984,6,-2.447283,4.6527104,-5.473835,-4.866952,0.00082433637,0.99906224,3.9965933e-05,7.332558e-05,1,,,,0.011388081,Test
985,6,-1.2515644,3.7323909,-4.7936163,-4.8822293,0.0067978017,0.99282527,0.0001968227,0.00018013197,1,,,,0.06392641,Test
986,6,-0.8226812,3.8267453,-4.968629,-5.874709,0.00947443,0.990315,0.00014996537,6.0601775e-05,1,,,,0.080343366,Test
987,6,-1.6056012,3.8604262,-4.8621597,-4.3443103,0.004208367,0.99535745,0.00016210941,0.00027208662,1,,,,0.04516042,Test
988,6,-0.8700886,3.1862187,-3.8862855,-4.7797523,0.01699823,0.9818284,0.0008326953,0.0003407676,1,,,,0.13834392,Test
989,6,-1.073388,-3.3281233,1.4944973,-4.1404023,0.07047372,0.0073927883,0.9188522,0.003281254,2,,,,0.4612881,Test
990,6,3.523235,-3.487237,-4.5136003,-4.0642877,0.9982705,0.00090082164,0.00032277126,0.00050585857,0,,,,0.020887893,Test
991,6,-2.2134163,-0.7827159,-1.2284861,1.7213465,0.016946489,0.0708639,0.045376357,0.8668133,3,,,,0.75151765,Test
992,6,-2.299124,3.9377573,-5.873743,-4.1724563,0.0019514359,0.9976941,5.4691125e-05,0.00029976197,1,,,,0.025170986,Test
993,6,-1.6409242,5.0423293,-7.837874,-6.142809,0.001250114,0.9987336,2.5447694e-06,1.3861353e-05,1,,,,0.01415282,Test
994,6,-1.0079137,3.62192,-6.521437,-3.7882695,0.009655952,0.9897063,3.89316e-05,0.00059882767,1,,,,0.08639557,Test
995,6,-2.615829,4.033833,-5.193381,-3.439359,0.0012919261,0.9980428,9.813437e-05,0.000567,1,,,,0.022639718,Test
996,6,-1.6219541,3.5974834,-5.1337967,-3.8026648,0.0053771245,0.99385506,0.00016046347,0.0006074065,1,,,,0.057888735,Test
997,6,-2.4094088,3.2331834,-3.99734,-2.8135207,0.003520318,0.9934103,0.0007193701,0.0023500568,1,,,,0.0662006,Test
998,6,-1.5786462,2.5359013,-4.2598233,-2.099012,0.015901461,0.97355926,0.0010889716,0.0094502885,1,,,,0.2069193,Test
