,class,class_class_logit_0_resnet,class_class_logit_1_resnet,class_class_logit_2_resnet,class_class_logit_3_resnet,class_class_logit_4_resnet,class_class_logit_5_resnet,class_class_logit_6_resnet,class_class_logit_7_resnet,class_class_prob_0_resnet,class_class_prob_1_resnet,class_class_prob_2_resnet,class_class_prob_3_resnet,class_class_prob_4_resnet,class_class_prob_5_resnet,class_class_prob_6_resnet,class_class_prob_7_resnet,class_pred_label_resnet,crossentropy_loss_resnet,incorrect_class_prob_resnet,correct_resnet,entropy_resnet,split
0,0,-18.128925,-11.95849,16.942947,-0.40297985,1.0590184,4.9640226,-13.18089,-16.036566,5.8678154e-16,2.8071282e-13,0.99999356,2.9292492e-08,1.2638466e-07,6.275037e-06,8.267633e-14,4.755277e-15,2,35.07188,1.0,False,0.00012127514,Test
1,0,-22.333376,-14.347807,23.383873,1.2007821,-1.1611227,2.5151098,-14.760912,-21.186365,1.3971785e-20,4.1052425e-17,1.0,2.3227706e-10,2.188989e-11,8.645924e-10,2.7160092e-17,4.399389e-20,2,45.717247,1.0,False,3.423932e-08,Test
2,0,-20.742306,-13.392317,21.555948,0.88537383,-0.4168965,2.599521,-14.382021,-19.130486,4.266786e-19,6.6398966e-16,1.0,1.0541046e-09,2.8662536e-10,5.852326e-09,2.467961e-16,2.1384896e-18,2,42.298256,1.0,False,2.0057233e-07,Test
3,0,-14.720103,-9.455108,13.81491,0.3443364,-0.019425951,3.5132623,-10.206818,-13.288696,4.0493525e-13,7.833289e-11,0.999964,1.4118503e-06,9.81315e-07,3.3576533e-05,3.6938584e-11,1.6944834e-12,2,28.53505,1.0,False,0.0005979863,Test
4,0,-28.483194,-19.025635,31.473001,0.6241153,-0.28722188,1.4253813,-20.835304,-25.59818,9.148608e-27,1.1714446e-22,1.0,4.004044e-14,1.6095713e-14,8.92245e-14,1.9177513e-23,1.6379494e-25,2,59.956196,1.0,False,6.387374e-12,Test
5,0,-26.416729,-17.46102,28.456919,0.765667,-0.40641508,3.5571077,-19.244839,-25.385769,1.4746086e-24,1.1431226e-20,1.0,9.415474e-13,2.9161713e-13,1.5351456e-11,1.9203886e-21,4.1344433e-24,2,54.87365,1.0,False,6.0122585e-10,Test
6,1,-21.044096,-13.408294,22.501638,-0.20340139,0.17612927,2.446269,-15.084804,-18.901993,1.225541e-19,2.538137e-16,1.0,1.378245e-10,2.0144393e-10,1.950129e-09,4.7469652e-17,1.043832e-18,2,35.90993,1.0,False,6.742755e-08,Test
7,0,-9.186036,-5.574646,7.3412156,0.13792466,-0.42696962,2.3865578,-5.2809644,-7.6036024,6.587925e-08,2.4386857e-06,0.9918433,0.00073806325,0.0004195301,0.0069929855,3.2711462e-06,3.206202e-07,2,16.535442,0.99999994,False,0.074287474,Test
8,0,-1.5067911,-3.3416827,3.3319335,0.66010183,-1.706479,-0.7690439,-3.835791,-5.56242,0.007182679,0.0011465766,0.9072309,0.06271279,0.005882515,0.015020555,0.00069954334,0.00012443686,2,4.936083,0.99281734,False,0.583832,Test
9,0,-19.101116,-12.045583,19.685976,0.30059284,-0.022737332,2.998708,-13.332557,-17.41876,1.4288248e-17,1.656375e-14,0.9999999,3.8109635e-09,2.7581282e-09,5.65994e-08,4.573343e-15,7.6845377e-17,2,38.787094,1.0,False,1.6336082e-06,Test
10,0,-20.084183,-12.947246,20.71011,0.030578822,0.11370051,2.3797796,-14.2870655,-17.046162,1.919835e-18,2.414326e-15,1.0,1.0447052e-09,1.1352547e-09,1.0945582e-08,6.3229405e-16,4.0055275e-17,2,40.794292,1.0,False,3.5435826e-07,Test
11,0,-20.818174,-13.472273,21.06003,0.60251814,-0.120349094,3.81394,-14.501693,-19.290476,6.494219e-19,1.0064945e-15,1.0,1.304414e-09,6.331081e-10,3.236818e-08,3.595344e-16,2.9922506e-18,2,41.878204,1.0,False,8.63192e-07,Test
12,0,-19.025087,-12.250857,19.573318,0.5460055,-0.495844,3.8145943,-13.129495,-18.914679,1.7255443e-17,1.5098562e-14,0.9999999,5.4518368e-09,1.9234172e-09,1.4324286e-07,6.271177e-15,1.9269675e-17,2,38.598404,1.0,False,3.6339611e-06,Test
13,0,-21.01553,-13.538575,22.016058,0.17066477,0.2155448,2.4988496,-15.125676,-18.599049,2.0493672e-19,3.6209174e-16,1.0,3.255861e-10,3.4053188e-10,3.3402903e-09,7.405415e-17,2.2965936e-18,2,43.031586,1.0,False,1.1502533e-07,Test
14,0,-26.186954,-17.197199,28.502151,-0.1371254,0.36677215,1.9357315,-19.63776,-22.441528,1.7734668e-24,1.422411e-20,1.0,3.6485496e-13,6.0389275e-13,2.8996833e-12,1.2390877e-21,7.50656e-23,2,54.689106,1.0,False,1.5072432e-10,Test
15,0,-11.134146,-7.0311427,9.237774,0.058360063,-0.17234394,2.5745642,-6.8445477,-8.613805,1.4189043e-09,8.5874554e-08,0.9985398,0.00010299037,8.1771694e-05,0.0012751758,1.0349087e-07,1.764102e-08,2,20.37338,1.0,False,0.016845262,Test
16,0,-22.169476,-14.015726,23.956781,0.1345793,-0.11800571,1.938308,-15.578878,-20.080664,9.281546e-21,3.2266327e-17,1.0,4.509712e-11,3.503102e-11,2.7384123e-10,6.7589792e-18,7.4951546e-20,2,46.12626,1.0,False,1.1465451e-08,Test
17,0,-22.302326,-14.675673,23.298134,0.051237516,0.31754556,2.832271,-16.171381,-19.339811,1.5702609e-20,3.2224382e-17,1.0,8.0168e-11,1.046302e-10,1.293567e-09,7.2211825e-18,3.0379097e-19,2,45.60046,1.0,False,4.4351456e-08,Test
18,0,-15.015983,-9.227432,16.03464,0.325508,-0.7414204,1.4159888,-9.859018,-14.262947,3.2725504e-14,1.0686154e-11,0.9999994,1.5052572e-07,5.1790416e-08,4.479201e-07,5.6823383e-12,6.9490454e-14,2,31.050621,1.0,False,1.5144156e-05,Test
19,0,-14.728422,-9.122809,14.832474,-0.016753586,0.034796968,2.313311,-10.297792,-12.559327,1.4516574e-13,3.9477567e-11,0.9999956,3.5568107e-07,3.7449723e-07,3.6559027e-06,1.219164e-11,1.2702539e-12,2,29.5609,1.0,False,8.8010405e-05,Test
20,0,-15.474273,-9.839642,14.55022,0.032213062,0.07820691,3.6362016,-10.287004,-13.941867,9.131042e-14,2.5562844e-11,0.9999808,4.95338e-07,5.1865254e-07,1.8200948e-05,1.634266e-11,4.2270343e-13,2,30.024511,1.0,False,0.0003354795,Test
21,1,-13.317299,-8.559112,12.089837,0.31312865,-0.2516623,3.2916822,-8.395557,-11.945146,9.241673e-12,1.0769727e-09,0.9998369,7.680149e-06,4.366004e-06,0.00015098683,1.2683404e-09,3.644759e-11,2,20.64911,1.0,False,0.002359985,Test
22,0,-17.791176,-13.556947,22.642157,1.0343508,-1.5558295,-0.0070209373,-15.255431,-20.71031,2.7543936e-18,1.9007664e-16,1.0,4.1290432e-10,3.097048e-11,1.4574282e-10,3.4776605e-17,1.4868357e-19,2,40.433334,1.0,False,1.8715134e-08,Test
23,1,-19.314371,-12.664739,19.867804,0.41811144,-0.11827016,3.1346216,-13.870925,-17.746485,9.624934e-18,7.435258e-15,1.0,3.573602e-09,2.090057e-09,5.4059477e-08,2.2256496e-15,4.616599e-17,2,32.532543,1.0,False,1.4655831e-06,Test
24,1,-22.611452,-14.430376,23.653238,-0.8351271,0.83396924,3.5223777,-16.484137,-19.98986,8.081654e-21,2.8873302e-17,1.0,2.3165312e-11,1.2294682e-10,1.8083314e-09,3.7030498e-18,1.111844e-19,2,38.083614,1.0,False,5.7384792e-08,Test
25,0,-12.117396,-7.5212464,11.8952465,-0.6092944,0.38649386,1.5870304,-8.673335,-8.556793,3.7275346e-11,3.6940606e-09,0.9999529,3.7095926e-06,1.0041341e-05,3.3356322e-05,1.1672355e-09,1.3115099e-09,2,24.01269,1.0,False,0.0007978197,Test
26,0,-9.25241,-5.5310497,7.700572,-1.0386372,0.36452228,0.99610835,-5.925782,-4.2299495,4.3303743e-08,1.7893349e-06,0.9979572,0.0001598533,0.00065028854,0.0012229268,1.2057617e-06,6.5728314e-06,2,16.955027,0.99999994,False,0.02384871,Test
27,0,-25.534845,-16.64939,27.281464,0.45592186,-0.1162505,2.958554,-18.429789,-23.275242,1.153903e-23,8.338198e-20,1.0,2.2377673e-12,1.2627684e-12,2.7333438e-11,1.4055821e-20,1.105355e-22,2,52.816307,1.0,False,1.095662e-09,Test
28,0,-26.494246,-17.201971,28.081745,0.23709887,0.22018452,2.6593597,-18.89193,-23.182072,1.9858627e-24,2.1554243e-20,1.0,8.0765093e-13,7.941049e-13,9.1032815e-12,3.9773356e-21,5.4501346e-23,2,54.57599,1.0,False,3.9824286e-10,Test
29,0,-6.2921076,-3.5192764,5.069528,-1.4478713,-0.03275479,-1.0635673,-4.0387387,0.18878986,1.1431799e-05,0.00018295308,0.9826753,0.0014519093,0.00597746,0.002132262,0.000108827844,0.007459889,2,11.379111,0.99998856,False,0.15814461,Test
30,0,-20.03726,-12.797371,21.45792,-0.22140357,0.21980454,2.1223078,-14.791579,-17.193907,9.525177e-19,1.3277496e-15,1.0,3.8440548e-10,5.9759053e-10,4.0054364e-09,1.8073491e-16,1.635783e-17,2,41.49518,1.0,False,1.4206645e-07,Test
31,0,-17.43817,-11.992641,17.923426,-0.06684013,0.22919233,2.2906644,-13.418258,-13.997936,4.3919188e-16,1.0176937e-13,0.9999999,1.5378967e-08,2.0677223e-08,1.6247185e-07,2.4461337e-14,1.3700254e-14,2,35.361595,1.0,False,4.9352366e-06,Test
32,0,-19.915306,-12.749335,20.686337,0.26808667,-0.012068775,2.7186337,-14.035091,-17.568289,2.3277195e-18,3.0135044e-15,1.0,1.3566477e-09,1.0251712e-09,1.5729894e-08,8.330584e-16,2.433482e-17,2,40.601643,1.0,False,4.783255e-07,Test
33,1,-19.827177,-12.525436,20.823887,-0.44401646,0.5476857,2.8607395,-14.601395,-16.9808,2.2154813e-18,3.285284e-15,1.0,5.8005256e-10,1.5637153e-09,1.5801703e-08,4.1209344e-16,3.816215e-17,2,33.349323,1.0,False,4.7304695e-07,Test
34,0,-16.79162,-10.625932,18.420235,-1.0540043,0.42980188,0.8469403,-12.731697,-12.728046,5.1013666e-16,2.4289056e-13,1.0,3.4869467e-09,1.5376388e-08,2.3335415e-08,2.9572492e-14,2.968065e-14,2,35.211853,1.0,False,1.08869e-06,Test
35,1,-16.521338,-10.888196,15.415091,0.2538319,0.13593443,4.583878,-11.32994,-15.512047,1.3495119e-14,3.7724073e-12,0.99997973,2.6033956e-07,2.3138658e-07,1.9772207e-05,2.4253392e-12,3.702594e-14,2,26.303308,1.0,False,0.00034899576,Test
36,1,-18.117865,-11.540898,19.24554,-0.6220855,0.4365155,0.8984786,-13.481403,-13.224999,5.933079e-17,4.262063e-14,1.0,2.3528788e-09,6.78179e-09,1.0763973e-08,6.1216545e-15,7.910866e-15,2,30.786438,1.0,False,5.3638536e-07,Test
37,0,-16.458204,-10.95033,18.02738,-0.13252425,0.018518914,0.5220721,-12.397886,-13.020173,1.0546323e-15,2.6009988e-13,1.0,1.2979372e-08,1.5095615e-08,2.4977057e-08,6.1161024e-14,3.282605e-14,2,34.485584,1.0,False,1.3630591e-06,Test
38,0,-16.807621,-10.5034685,17.186966,0.27848908,-0.077060655,2.806611,-11.675612,-15.397967,1.72321e-15,9.423175e-13,0.9999994,4.536711e-08,3.1792762e-08,5.684483e-07,2.918373e-13,7.055741e-15,2,33.994587,1.0,False,1.4723767e-05,Test
39,0,-22.158619,-14.820769,22.643967,1.378003,-0.9936705,3.6465738,-15.127963,-21.773996,3.4872597e-20,5.361317e-17,1.0,5.811777e-10,5.423807e-11,5.617424e-09,3.9432917e-17,5.123003e-20,2,44.802586,1.0,False,1.7363955e-07,Test
40,0,-11.690255,-7.471348,9.842945,0.42190462,-0.15334298,3.7318106,-7.4554076,-10.655719,4.4384701e-10,3.0163456e-08,0.9976609,8.081222e-05,4.5462162e-05,0.0022128448,3.0648103e-08,1.2488949e-09,2,21.535542,1.0,False,0.0246439,Test
41,0,-7.641657,-4.7119036,3.520673,-0.7783503,-0.030287627,2.1773944,-3.5697193,-2.7186995,1.0869471e-05,0.00020350922,0.76550245,0.010396916,0.021967666,0.19978738,0.00063771766,0.0014935564,2,11.429552,0.99998915,False,0.97228,Test
42,0,-8.246884,-4.6803923,5.1964674,-0.70691484,0.18171231,0.92578346,-4.5742183,-2.4410388,1.4169508e-06,5.0149036e-05,0.9766259,0.002666379,0.0064840703,0.013645639,5.5766526e-05,0.0004707619,2,13.467004,0.99999857,False,0.19453195,Test
43,0,-26.884727,-17.654308,28.2426,0.22663924,0.47599253,3.3987482,-19.65101,-23.623484,1.144211e-24,1.1674175e-20,1.0,6.8049174e-13,8.732039e-13,1.623501e-11,1.5851497e-21,2.9843318e-23,2,55.127327,1.0,False,6.4438077e-10,Test
44,0,-23.021584,-14.723477,23.925457,0.84661484,-0.7035467,3.259903,-15.485158,-21.945635,4.084692e-21,1.6405198e-17,1.0,9.483883e-11,2.0126102e-11,1.0594097e-09,7.659277e-18,1.1979456e-20,2,46.94704,1.0,False,3.545819e-08,Test
45,0,-19.82286,-13.209927,21.188492,0.17566094,-0.12071656,3.3547657,-14.904872,-19.389923,1.5452399e-18,1.1506856e-15,1.0,7.485892e-10,5.565813e-10,1.7985016e-08,2.1127634e-16,2.38242e-18,2,41.011353,1.0,False,5.0253425e-07,Test
46,0,-11.2396145,-7.1239843,10.00019,-1.1412419,1.1908959,2.2724226,-8.164717,-7.310247,5.962223e-10,3.654292e-08,0.99939597,1.4490229e-05,0.00014924847,0.00044016045,1.2906823e-08,3.033267e-08,2,21.240408,1.0,False,0.007910625,Test
47,0,-14.319769,-8.830327,14.185938,-1.5430633,0.86735433,1.0189157,-10.318261,-8.5687065,4.1699153e-13,1.0096274e-10,0.9999963,1.4756387e-07,1.6436567e-06,1.9126394e-06,2.2801297e-11,1.311541e-10,2,28.50571,1.0,False,7.660329e-05,Test
48,0,-7.540004,-3.730753,3.9023585,-1.6586775,-0.40948823,-1.9016204,-3.1258898,4.1390266,4.6888017e-06,0.00021154292,0.43693486,0.001679923,0.0058587566,0.0013175912,0.00038733543,0.55360544,7,12.270333,0.9999953,False,1.0727775,Test
49,0,-9.512619,-5.6718736,7.6445518,-1.3645589,0.56905586,0.5418817,-5.843312,-2.6049013,3.5313562e-08,1.6442063e-06,0.9981742,0.00012206731,0.0008440294,0.00082140224,1.3851654e-06,3.531227e-05,2,17.158998,0.99999994,False,0.021837194,Test
50,0,-14.687235,-10.184072,16.056229,0.3293799,-0.5318293,0.957715,-10.986292,-12.961636,4.4492127e-14,4.0177466e-12,0.9999994,1.4788229e-07,6.2502515e-08,2.772034e-07,1.8012845e-12,2.498627e-13,2,30.743464,1.0,False,1.1577452e-05,Test
51,1,-12.745901,-7.811155,12.010358,-0.80574757,0.35253277,2.2501352,-8.580352,-9.6320505,1.7719968e-11,2.4637499e-09,0.99993086,2.7164765e-06,8.65049e-06,5.7697795e-05,1.1416642e-09,3.988333e-10,2,19.82158,1.0,False,0.0011079457,Test
52,0,-7.648203,-4.47435,0.30618334,0.41270518,-1.4525414,2.1015997,-1.2424566,-1.4740024,4.0374554e-05,0.00096492714,0.114988334,0.12791328,0.019808399,0.6924576,0.02443926,0.019387819,5,10.117311,0.99995965,False,1.4689267,Test
53,0,-22.725088,-14.54447,24.157974,0.49230492,-0.1305273,2.2488697,-16.401947,-20.097595,4.3545562e-21,1.555039e-17,1.0,5.2738862e-11,2.8290311e-11,3.0548963e-10,2.4268896e-18,6.026295e-20,2,46.883064,1.0,False,1.2447912e-08,Test
54,1,-10.590083,-6.2460613,10.144515,-2.0981388,0.98426676,0.2936059,-7.935165,-3.6533518,9.885697e-10,7.6136416e-08,0.9998362,4.81961e-06,0.00010511962,5.2690622e-05,1.4061246e-08,1.0176336e-06,2,16.39074,0.99999994,False,0.0024818515,Test
55,0,-15.511382,-9.847959,15.59393,1.201377,-1.1245997,2.3960745,-10.244475,-15.004783,3.0983713e-14,8.927441e-12,0.9999976,5.615552e-07,5.4857164e-08,1.8545688e-06,6.005124e-12,5.1421744e-14,2,31.105314,1.0,False,5.190738e-05,Test
56,0,-9.768696,-5.689699,9.683214,-0.81910366,0.10184674,0.257191,-6.3164325,-5.8536086,3.5650507e-09,2.1064514e-07,0.99982244,2.7467831e-05,6.8990266e-05,8.058476e-05,1.125549e-07,1.787995e-07,2,19.452087,1.0,False,0.0027332653,Test
57,0,-9.711196,-5.498675,7.11017,-1.5799873,0.5710151,-0.62705964,-5.622032,-0.14437997,4.9360022e-08,3.333111e-06,0.9972441,0.00016776998,0.0014417253,0.00043507633,2.9462947e-06,0.00070500217,2,16.824125,0.99999994,False,0.0320371,Test
58,0,-19.97045,-12.677788,20.889042,0.47978765,-0.4516078,2.480071,-13.60275,-18.20216,1.7986606e-18,2.6430848e-15,1.0,1.3689059e-09,5.393532e-10,1.0117797e-08,1.0481069e-15,1.0541606e-17,2,40.85949,1.0,False,3.2562616e-07,Test
59,0,-19.574327,-12.834497,20.84176,1.2420121,-1.1132294,1.4071393,-13.42796,-18.391268,2.8023086e-18,2.3691194e-15,1.0,3.075653e-09,2.9178893e-10,3.627864e-09,1.3087264e-15,9.147707e-18,2,40.41609,1.0,False,1.979299e-07,Test
60,0,-20.96831,-13.493148,22.169674,0.81221414,-0.6843444,2.136313,-14.322526,-19.451197,1.8425151e-19,3.2496223e-16,1.0,5.303627e-10,1.187478e-10,1.993525e-09,1.4178797e-16,8.4001055e-19,2,43.137985,1.0,False,7.787392e-08,Test
61,0,-19.564783,-12.512184,20.16453,0.5042839,-0.23284282,2.9494364,-13.749326,-17.818113,5.5690183e-18,6.4370112e-15,1.0,2.8951008e-09,1.3852666e-09,3.3387188e-08,1.8680962e-15,3.1940937e-17,2,39.729313,1.0,False,9.5208935e-07,Test
62,0,-17.487032,-11.523514,17.684978,0.40225324,-0.17341663,3.083323,-12.452506,-15.772713,5.3087086e-16,2.0649654e-13,0.9999995,3.1203836e-08,1.7546784e-08,4.5559733e-07,8.155604e-14,2.9478754e-15,2,35.172012,1.0,False,1.15155435e-05,Test
63,1,-7.709652,-4.526512,6.4635196,-1.3512409,0.399673,0.57990795,-5.39555,-2.6258862,6.9538e-07,1.6774216e-05,0.9943804,0.0004014628,0.0023123706,0.0027690604,7.03435e-06,0.00011222088,2,10.995667,0.99998325,False,0.05826231,Test
64,0,-18.643902,-11.792386,19.802103,-0.8533446,0.4393141,0.9841972,-13.201733,-14.108079,2.0096082e-17,1.8997099e-14,1.0,1.0701714e-09,3.8980508e-09,6.7218298e-09,4.6410417e-15,1.8749714e-15,2,38.446007,1.0,False,3.2326983e-07,Test
65,1,-10.453255,-6.742484,9.133333,-0.4377998,0.3653799,1.61269,-7.159369,-7.015721,3.1140084e-09,1.2731716e-07,0.9992331,6.965891e-05,0.00015552252,0.0005413685,8.391437e-08,9.687729e-08,2,15.876584,0.9999999,False,0.009917012,Test
66,0,-22.278765,-14.357818,22.79225,0.5686513,-0.21439175,3.4426646,-15.398311,-20.394188,2.6662886e-20,7.343975e-17,1.0,2.2305595e-10,1.01939526e-10,3.9498644e-09,2.5944828e-17,1.7553658e-19,2,45.071014,1.0,False,1.2079776e-07,Test
67,0,-19.710428,-12.839735,20.224205,-0.03938868,0.26569498,3.3271375,-14.452188,-17.604473,4.535341e-18,4.3703122e-15,1.0,1.5835547e-09,2.148471e-09,4.588773e-08,8.7143395e-16,3.7257512e-17,2,39.93463,1.0,False,1.2267772e-06,Test
68,0,-21.061045,-13.630851,22.241564,1.3999888,-1.2152808,2.225351,-14.235054,-20.237425,1.5628456e-19,2.6351703e-16,1.0,8.884208e-10,6.498632e-11,2.0280067e-09,1.4401477e-16,3.5613088e-19,2,43.30261,1.0,False,8.747563e-08,Test
69,0,-20.619871,-13.390679,21.657204,1.2788159,-1.0519447,2.491546,-14.165177,-19.853075,4.358117e-19,6.010329e-16,1.0,1.4118182e-09,1.3725943e-10,4.7474558e-09,2.7703716e-16,9.382441e-19,2,42.277077,1.0,False,1.7727226e-07,Test
70,0,-13.427779,-8.467222,12.704261,-0.64856666,0.39069045,2.4697266,-9.192795,-10.489663,4.4769366e-12,6.387397e-10,0.9999579,1.5882637e-06,4.4902054e-06,3.5907073e-05,3.0917963e-10,8.452565e-11,2,26.132082,1.0,False,0.00070120033,Test
71,0,-21.500298,-14.1159725,22.87097,-0.38448238,0.56583387,2.1016412,-15.771871,-18.436285,5.3678778e-20,8.645201e-17,1.0,7.948513e-11,2.0559031e-10,9.549815e-10,1.6505444e-17,1.1494423e-18,2,44.37127,1.0,False,3.7897454e-08,Test
72,1,-23.676805,-14.82092,25.443243,-0.063086756,-0.07330945,2.5453796,-16.80661,-21.199005,4.6497966e-22,3.2620887e-18,1.0,8.370308e-12,8.285187e-12,1.13653885e-10,4.4783817e-19,5.540235e-21,2,40.264164,1.0,False,4.3675232e-09,Test
73,0,-7.3604975,-3.844318,3.8747098,-0.8594978,-0.11258735,-0.772952,-3.4351447,1.1224823,1.1981045e-05,0.0004032295,0.9075767,0.007977065,0.016835349,0.008698203,0.00060709106,0.05789034,2,11.332185,0.999988,False,0.59050715,Test
74,0,-13.737164,-8.782706,12.862873,0.2830652,-0.39691627,3.6165223,-8.985861,-13.432243,2.8035397e-12,3.9755732e-10,0.9998983,3.4404443e-06,1.7430203e-06,9.645317e-05,3.2446754e-10,3.8030486e-12,2,26.600138,1.0,False,0.0015290824,Test
75,0,-19.69221,-12.708723,20.325775,0.2523943,0.11913234,2.430258,-13.957461,-16.445507,4.172641e-18,4.500895e-15,1.0,1.9153195e-09,1.6763582e-09,1.690735e-08,1.2911573e-15,1.07259326e-16,2,40.017982,1.0,False,5.408469e-07,Test
76,0,-16.032742,-10.6984415,16.069994,-0.015685963,-0.05397511,2.2665596,-11.305089,-13.272882,1.1427672e-14,2.3692738e-12,0.9999988,1.0329455e-07,9.941416e-08,1.0121481e-06,1.2916701e-12,1.8053033e-13,2,32.102737,1.0,False,2.6585742e-05,Test
77,1,-14.809731,-10.240505,17.06618,0.2625002,-0.5253999,2.002122,-12.128513,-16.02509,1.4337325e-14,1.3831123e-12,0.99999964,5.0379633e-08,2.2912579e-08,2.8692133e-07,2.0936589e-13,4.2524938e-15,2,27.306684,1.0,False,8.554465e-06,Test
78,0,-13.599597,-8.232288,13.367885,-2.3147411,1.1106625,-0.16324368,-9.890465,-5.148054,1.9416402e-12,4.160647e-10,0.9999937,1.5456794e-07,4.750653e-06,1.328933e-06,7.925452e-11,9.091335e-09,2,26.967487,1.0,False,0.00012273516,Test
79,1,-11.814757,-7.6130657,12.877775,-0.5155216,-0.027544882,0.83890224,-8.982295,-9.6456375,1.8887109e-11,1.2616432e-09,0.9999901,1.5253188e-06,2.484771e-06,5.9098943e-06,3.208398e-10,1.6527298e-10,2,20.49085,1.0,False,0.00019270908,Test
80,0,-9.701436,-5.8274665,8.890764,-0.8684163,0.45134377,1.7711028,-6.9843044,-6.4520607,8.4147125e-09,4.0502613e-07,0.9989176,5.7699443e-05,0.00021594134,0.000808165,1.2737229e-07,2.1688297e-07,2,18.593285,1.0,False,0.013321807,Test
81,0,-12.042576,-6.842763,12.510745,-3.825444,1.9389721,-2.330415,-10.148528,0.028101148,2.170775e-11,3.93428e-09,0.9999701,8.040261e-08,2.5628577e-05,3.5855288e-07,1.4427455e-10,3.7917837e-06,2,24.553352,1.0,False,0.00051193766,Test
82,0,-6.432313,-3.3403842,4.4135957,-1.4475718,-0.11719142,-1.4774595,-3.571598,2.0051632,1.7598804e-05,0.00038751727,0.90323687,0.0025723435,0.009729844,0.0024965997,0.00030752193,0.08125175,2,10.9476795,0.9999824,False,0.5438666,Test
83,0,-9.189282,-5.2896338,5.5988283,-0.63960975,-0.032201517,0.44096458,-4.1874557,-1.9082224,3.7364615e-07,1.845255e-05,0.988224,0.001929906,0.003542667,0.0056862202,5.555543e-05,0.0005427312,2,14.799956,0.99999964,False,0.112512104,Test
84,0,-22.508614,-14.427427,24.002916,0.68220997,-0.5720404,1.9305223,-15.570578,-20.45019,6.313934e-21,2.0413329e-17,1.0,7.446399e-11,2.1243781e-11,2.5946653e-10,6.5080358e-18,4.946083e-20,2,46.511528,1.0,False,1.1520881e-08,Test
85,0,-18.949253,-12.402923,20.507519,-0.7273192,0.59049374,1.6601193,-14.489232,-15.549755,7.313777e-18,5.095379e-15,1.0,5.9955196e-10,2.2394744e-09,6.526476e-09,6.3256426e-16,2.1904076e-16,2,39.45677,1.0,False,2.60179e-07,Test
86,0,-14.981929,-9.767241,14.016006,0.5495121,-0.3031507,3.5507004,-10.174049,-14.390632,2.5488428e-13,4.688715e-11,0.9999695,1.4176286e-06,6.043042e-07,2.8507688e-05,3.1216123e-11,4.604051e-13,2,28.997967,1.0,False,0.0005144726,Test
87,0,-12.33371,-7.6788225,11.844063,0.27175212,-0.3362336,1.6815367,-8.241788,-9.96292,3.160121e-11,3.321207e-09,0.99994683,9.422938e-06,5.130286e-06,3.8587612e-05,1.8914863e-09,3.3831724e-10,2,24.177826,1.0,False,0.00089008646,Test
88,0,-10.352601,-6.339769,8.516533,-0.26114446,-0.09081793,2.0873005,-6.2307963,-6.868226,6.37372e-09,3.5248712e-07,0.99805236,0.00015383544,0.00018240139,0.0016105458,3.9306957e-07,2.077961e-07,2,18.871082,1.0,False,0.021985076,Test
89,0,-5.229849,-4.613256,6.8241525,-0.060065217,-0.69350904,0.15881187,-5.7105937,-6.3436456,5.8045966e-06,1.0753621e-05,0.9971445,0.0010208932,0.0005418501,0.001270684,3.589112e-06,1.9057067e-06,2,12.05686,0.9999942,False,0.032740008,Test
90,0,-6.7848644,-3.5564322,6.161442,-2.6502764,0.88006705,-2.0536408,-5.2518744,2.300521,2.3231532e-06,5.8636484e-05,0.97406334,0.00014511312,0.004953535,0.00026352532,1.0760854e-05,0.020502677,2,12.972585,0.9999977,False,0.19586876,Test
91,0,-12.183526,-7.828073,11.2676935,-0.43066183,0.2685694,2.2491324,-8.265644,-9.187216,6.5343335e-11,5.0903854e-09,0.99985385,8.306254e-06,1.6713886e-05,0.000121122575,3.2863683e-09,1.3076209e-09,2,23.451366,1.0,False,0.002192478,Test
92,0,-11.940686,-6.8443537,12.430563,-2.6583788,1.3287126,-1.1309087,-9.480837,-3.2743459,2.6043135e-11,4.256007e-09,0.9999832,2.7986502e-07,1.5084131e-05,1.2891999e-06,3.0478434e-10,1.5116026e-07,2,24.371267,1.0,False,0.00030071542,Test
93,1,-16.980093,-10.977701,16.600506,-0.46236,0.29543838,4.1582093,-12.041238,-15.846291,2.6069355e-15,1.0542294e-12,0.99999595,3.887672e-08,8.294641e-08,3.9480014e-06,3.639548e-13,8.100906e-15,2,27.57821,1.0,False,7.962403e-05,Test
94,0,-17.929424,-11.775565,17.488235,0.7533481,-0.29139712,4.185499,-12.448971,-17.282234,4.1524565e-16,1.9538524e-13,0.99999833,5.396718e-08,1.8984666e-08,1.6699147e-06,9.964047e-14,7.9318807e-16,2,35.41766,1.0,False,3.6418325e-05,Test
95,0,-17.95009,-11.3234825,17.908915,0.07133573,0.04778584,3.5615368,-12.343674,-16.492167,2.670741e-16,2.0161879e-13,0.9999994,1.7915845e-08,1.749889e-08,5.875066e-07,7.268882e-14,1.1476252e-15,2,35.859005,1.0,False,1.3932623e-05,Test
96,0,-11.317768,-7.372975,10.680344,0.4612271,-0.4653173,2.6311347,-7.609007,-10.614586,2.7937058e-10,1.4433872e-08,0.99962986,3.6453013e-05,1.4432448e-05,0.0003192363,1.1399222e-08,5.643764e-10,2,21.998482,1.0,False,0.0050114566,Test
97,0,-12.2925,-7.603518,10.24876,0.2242423,-0.16318928,3.368556,-7.4606466,-10.659785,1.6217233e-10,1.7635013e-08,0.99889886,4.4251567e-05,3.0037892e-05,0.0010268022,2.0343396e-08,8.299562e-10,2,22.542362,1.0,False,0.012873662,Test
98,0,-10.3090925,-6.737709,7.489243,0.3400304,-0.42999926,4.345568,-6.0779443,-10.258596,1.784292e-08,6.345977e-07,0.957602,0.00075217924,0.00034825853,0.04129566,1.2275253e-06,1.8767071e-08,2,17.84166,1.0,False,0.26156768,Test
99,0,-7.929226,-5.3642917,3.3447638,0.32027057,-1.0458475,4.82263,-3.472108,-8.683619,2.3318676e-06,3.0313806e-05,0.1836265,0.0089210225,0.0022757114,0.80494183,0.00020109702,1.0966684e-06,5,12.968842,0.9999977,False,0.78468555,Test
100,1,-27.260397,-17.899534,29.533106,0.5977524,-0.18055505,2.8339305,-19.893053,-24.989582,2.1621963e-25,2.5134263e-21,1.0,2.7135344e-13,1.2460082e-13,2.5391928e-12,3.4236702e-22,2.0945787e-24,2,47.43264,1.0,False,1.1447555e-10,Test
101,0,-23.21328,-15.082092,25.073488,-0.09659953,0.19464214,1.8949388,-16.97042,-19.864695,1.0698526e-21,3.6362504e-18,1.0,1.1715741e-11,1.5676706e-11,8.5838905e-11,5.502539e-19,3.045055e-20,2,48.286766,1.0,False,3.8585255e-09,Test
102,0,-14.003208,-9.010223,13.199769,-0.25402874,0.5567074,3.6929224,-10.005358,-12.154056,1.5341337e-12,2.2609395e-10,0.99992096,1.4356737e-06,3.2296373e-06,7.4335236e-05,8.3580844e-11,9.74854e-12,2,27.203054,1.0,False,0.0012202719,Test
103,0,-15.780434,-10.027854,16.660543,-0.8161196,0.53586185,0.2986374,-11.733546,-10.5556135,8.148201e-15,2.5667088e-12,0.99999976,2.5702855e-08,9.934356e-08,7.83636e-08,4.662339e-13,1.5141662e-12,2,32.44098,1.0,False,5.0670315e-06,Test
104,0,-9.947508,-5.379363,7.0216994,-1.0294003,0.09304301,-1.0041003,-5.2858033,-0.15917473,4.259199e-08,4.1043886e-06,0.99761105,0.0003179897,0.0009769761,0.00032613747,4.506929e-06,0.0007591842,2,16.9716,0.99999994,False,0.02870577,Test
105,1,-18.787886,-12.560492,21.031998,-1.1627532,0.9044925,0.14395705,-15.279848,-13.324635,5.086787e-18,2.5761222e-15,1.0,2.2958409e-10,1.8144121e-09,8.4808477e-10,1.698113e-16,1.1997871e-15,2,33.59249,1.0,False,8.559526e-08,Test
106,0,-8.672812,-5.0372434,8.448316,-1.5334015,0.6091422,-0.37723872,-6.726417,-2.635573,3.6654413e-08,1.3900603e-06,0.9993962,4.6209687e-05,0.00039375672,0.00014684134,2.5670553e-07,1.5348496e-05,2,17.121733,0.99999994,False,0.008138679,Test
107,0,-16.181423,-10.614658,16.95173,0.12494711,-0.11809544,2.1834059,-12.08652,-14.666981,4.0780545e-15,1.0667659e-12,0.9999995,4.9228916e-08,3.8607215e-08,3.8565398e-07,2.4482066e-13,1.8542483e-14,2,33.133156,1.0,False,1.1050641e-05,Test
108,0,-28.549152,-18.361652,31.126444,-0.38684416,0.46291205,1.515488,-20.55059,-24.051819,1.21120324e-26,3.2180446e-22,1.0,2.0604054e-14,4.8194464e-14,1.380782e-13,3.6053708e-23,1.0873912e-24,2,59.6756,1.0,False,8.967419e-12,Test
109,0,-22.652552,-14.616257,23.832869,-0.4541698,0.69303423,3.1957276,-17.055136,-19.580952,6.4809476e-21,2.003347e-17,1.0,2.8331728e-11,8.9227355e-11,1.0899431e-09,1.7480963e-18,1.3983576e-19,2,46.48542,1.0,False,3.6422435e-08,Test
110,1,-10.090539,-6.0890503,9.37853,0.2700944,-0.37744477,1.2709022,-6.6082325,-7.7353554,3.5033763e-09,1.9156283e-07,0.99952996,0.00011067586,5.7920166e-05,0.000301091,1.1398121e-07,3.6925844e-08,2,15.46805,0.9999998,False,0.00647759,Test
111,1,-20.355547,-12.936111,21.402254,0.3765026,-0.14508797,2.2558966,-14.26748,-18.087109,7.325165e-19,1.221907e-15,1.0,7.389794e-10,4.386399e-10,4.8399644e-09,3.2272376e-16,7.079243e-18,2,34.338364,1.0,False,1.6974298e-07,Test
112,0,-18.49333,-11.963058,19.257742,-0.2773541,0.16544528,2.6396923,-13.467696,-16.322348,4.026408e-17,2.760442e-14,0.9999999,3.281073e-09,5.1088236e-09,6.065585e-08,6.130885e-15,3.529908e-16,2,37.751072,1.0,False,1.7733942e-06,Test
113,0,-11.146431,-6.892109,9.612565,0.4093647,-0.19355254,2.956766,-7.067546,-9.871113,9.635117e-10,6.783996e-08,0.99855965,0.00010057149,5.5034e-05,0.0012846868,5.6923803e-08,3.449218e-09,2,20.760437,1.0,False,0.016532432,Test
114,0,-8.373288,-4.891476,8.456462,-1.0537326,-0.021914307,-0.047246054,-6.167431,-4.706821,4.9059164e-08,1.5953343e-06,0.99951136,7.405641e-05,0.0002078144,0.00020261627,4.453606e-07,1.9188756e-06,2,16.830238,0.99999994,False,0.006826459,Test
115,0,-11.51938,-6.6256247,10.977167,-2.7134445,1.2204957,-1.1964717,-8.478076,-1.440748,1.6976329e-10,2.2655591e-08,0.9999317,1.1329563e-06,5.7903067e-05,5.1644724e-06,3.5535794e-09,4.0451832e-06,2,22.496616,1.0,False,0.0010997329,Test
116,0,-6.371524,-4.179451,2.5316715,-0.31898788,-0.18850526,2.4426022,-3.5296037,-3.5460417,6.649963e-05,0.00059542136,0.48913404,0.028274978,0.032215893,0.44745108,0.0011403795,0.0011217877,2,9.618314,0.9999335,False,1.3583353,Test
117,0,-22.853207,-14.948709,23.848356,0.6150253,-0.15727511,3.0122166,-16.198627,-20.95389,5.221193e-21,1.4146481e-17,1.0,8.1262885e-11,3.7539385e-11,8.9326335e-10,4.053375e-18,3.488444e-20,2,46.70156,1.0,False,3.0875587e-08,Test
118,1,-12.388977,-7.6873884,11.329724,0.658633,-0.6643681,2.6915257,-7.6011047,-11.276683,5.000456e-11,5.5065956e-09,0.99979347,2.3201406e-05,6.1793435e-06,0.00017716919,6.002831e-09,1.520801e-10,2,19.017319,1.0,False,0.0029703605,Test
119,0,-12.385866,-7.433863,12.694956,-2.4979656,1.7396133,-0.35582933,-10.152734,-4.5084414,1.2809399e-11,1.8119931e-09,0.9999801,2.5222568e-07,1.7464117e-05,2.1483618e-06,1.1949931e-10,3.37793e-08,2,25.080841,1.0,False,0.00035161944,Test
120,1,-20.371464,-12.970939,21.372053,0.051134836,0.005694907,2.1535423,-14.310622,-17.651587,7.430564e-19,1.216266e-15,1.0,5.501011e-10,5.2566457e-10,4.503047e-09,3.185748e-16,1.1278429e-17,2,34.34299,1.0,False,1.5797815e-07,Test
121,0,-15.64002,-9.680244,16.070415,0.020163262,-0.22308765,2.7924333,-10.93649,-14.712891,1.6917332e-14,6.5558596e-12,0.9999981,1.07019495e-07,8.391137e-08,1.7117666e-06,1.8665926e-12,4.275424e-14,2,31.710438,1.0,False,3.9993352e-05,Test
122,0,-21.694645,-13.969751,22.730473,0.4764948,-0.35291123,3.520331,-15.338944,-20.853027,5.0864716e-20,1.1515809e-16,1.0,2.1638136e-10,9.4409106e-11,4.540893e-09,2.9286177e-17,1.1801209e-19,2,44.425117,1.0,False,1.3593915e-07,Test
123,1,-23.346918,-15.295497,25.174276,0.08633518,-0.018791936,2.1925147,-16.758242,-21.075977,8.4627786e-22,2.6558356e-18,1.0,1.2718796e-11,1.1449586e-11,1.04507535e-10,6.150902e-19,8.199189e-21,2,40.469772,1.0,False,4.3415107e-09,Test
124,0,-8.454858,-5.350123,7.683747,0.19094972,-0.28312624,1.2947,-5.8074265,-6.542503,9.7717034e-08,2.179414e-06,0.9974185,0.0005556446,0.0003458664,0.0016755204,1.379544e-06,6.614479e-07,2,16.14119,0.9999999,False,0.029238276,Test
125,0,-11.355047,-6.961021,10.8696165,0.16287774,-0.033204544,2.004662,-7.921671,-9.4308,2.2277813e-10,1.803739e-08,0.999818,2.2389457e-05,1.8402896e-05,0.00014122787,6.9019044e-09,1.5260259e-09,2,22.224844,1.0,False,0.0027049605,Test
126,0,-19.229773,-12.459312,19.29643,0.80512506,-0.36020154,3.5698156,-13.182009,-17.932486,1.8547378e-17,1.6167989e-14,0.9999999,9.318106e-09,2.9055833e-09,1.4791692e-07,7.848614e-15,6.7871446e-17,2,38.526203,1.0,False,3.859008e-06,Test
127,0,-17.367306,-11.041408,18.63964,-1.2697467,0.75756395,0.22586241,-13.358467,-11.042945,2.3034659e-16,1.2873127e-13,1.0,2.2566429e-09,1.7136138e-08,1.0069263e-08,1.268815e-14,1.2853352e-13,2,36.006947,1.0,False,7.744089e-07,Test
128,0,-8.935352,-5.8742867,7.2723446,0.60000694,-0.761402,3.2495708,-5.514556,-9.453411,8.968099e-08,1.9147158e-06,0.98087513,0.001241236,0.00031812798,0.01756084,2.7436795e-06,5.342079e-08,2,16.227007,0.9999999,False,0.1455013,Test
129,0,-3.2868106,-2.9043777,3.038212,-0.93598086,-0.32179835,0.2992247,-3.628389,-2.361786,0.0015871787,0.0023265602,0.8862337,0.016656289,0.030783236,0.05728239,0.0011279248,0.0040027555,2,6.4457974,0.99841285,False,0.7217755,Test
130,0,-14.658408,-8.913237,12.808656,-1.3834137,1.104547,3.085089,-10.474983,-9.868014,1.1780829e-12,3.6835937e-10,0.9999312,6.861718e-07,8.25924e-06,5.9851995e-05,7.727066e-11,1.4178081e-10,2,27.467133,1.0,False,0.0010923787,Test
131,0,-13.530604,-8.468332,12.408728,0.27410504,-0.29119372,3.1541464,-8.786503,-12.2965555,5.4280825e-12,8.5735924e-10,0.9998958,5.369763e-06,3.0510469e-06,9.5662355e-05,6.237106e-10,1.8646022e-11,2,25.939436,1.0,False,0.0015773419,Test
132,0,-19.841095,-12.768782,20.650064,0.7496727,-0.5492078,2.318704,-13.580981,-18.082079,2.599643e-18,3.0646406e-15,1.0,2.277033e-09,6.2125954e-10,1.0934315e-08,1.3603359e-15,1.5095373e-17,2,40.491158,1.0,False,3.7355e-07,Test
133,0,-13.026616,-8.29306,10.928059,0.6184778,-0.25516477,4.1599293,-8.09844,-12.133568,3.9454617e-11,4.485951e-09,0.99880433,3.327257e-05,1.3888907e-05,0.0011484687,5.449755e-09,9.637032e-11,2,23.95587,1.0,False,0.013659224,Test
134,1,-14.92761,-8.958654,15.19594,-0.5416952,0.14101881,1.1210562,-10.079266,-10.746276,8.270043e-14,3.2343902e-11,0.9999988,1.4629558e-07,2.895545e-07,7.7153436e-07,1.05467145e-11,5.413008e-12,2,24.154596,1.0,False,2.6998747e-05,Test
135,0,-15.6707735,-9.901849,15.834847,-0.91222656,0.85669684,2.379656,-11.60626,-12.04406,2.0762607e-14,6.648047e-12,0.9999982,5.3313517e-08,3.1265915e-07,1.4337841e-06,1.2091415e-12,7.804482e-13,2,31.505623,1.0,False,3.8456634e-05,Test
136,0,-11.092354,-6.9765835,11.495701,-0.31410828,-0.1786562,-0.19453382,-7.999684,-6.962722,1.5492517e-10,9.496822e-09,0.9999757,7.431127e-06,8.509037e-06,8.375e-06,3.4139067e-09,9.629371e-09,2,22.58808,1.0,False,0.00044686854,Test
137,1,-16.565592,-10.941604,16.194056,-0.07016882,0.3953218,4.102054,-12.312313,-15.508868,5.924659e-15,1.6410841e-12,0.99999416,8.640409e-08,1.3762413e-07,5.60413e-06,4.1671473e-13,1.7044842e-14,2,27.135664,1.0,False,0.00011126996,Test
138,0,-19.38157,-12.289697,20.065369,0.5773347,-0.53923345,2.9155169,-13.096131,-18.187128,7.386058e-18,8.879205e-15,1.0,3.4391783e-09,1.1259904e-09,3.563802e-08,3.9640943e-15,2.4386674e-17,2,39.446938,1.0,False,1.0119217e-06,Test
139,0,-15.493762,-9.575743,16.119253,-0.36604393,0.12871495,1.8941718,-11.085997,-12.903794,1.8648418e-14,6.931141e-12,0.99999917,6.926701e-08,1.1360488e-07,6.6393454e-07,1.5307694e-12,2.4857064e-13,2,31.613014,1.0,False,1.9097974e-05,Test
140,0,-14.192394,-9.450327,13.055102,-0.106368504,0.37648544,3.9528148,-10.263444,-12.750296,1.4672753e-12,1.6825427e-10,0.99988353,1.9230715e-06,3.1167087e-06,0.00011139771,7.461625e-11,6.205944e-12,2,27.247614,1.0,False,0.0017243385,Test
141,0,-15.77496,-9.671467,17.10337,-2.3022003,1.3513458,-0.5427901,-12.508898,-8.235348,5.2616573e-15,2.354159e-12,0.9999999,3.734802e-09,1.4420574e-07,2.1695516e-08,1.3789711e-13,9.8977024e-12,2,32.87833,1.0,False,4.106456e-06,Test
142,0,-26.06757,-16.729286,27.696903,0.62530774,-0.5273169,3.331781,-17.951675,-24.749342,4.4708084e-24,5.0810222e-20,1.0,1.7496661e-12,5.5255675e-13,2.6203664e-11,1.4964912e-20,1.6706518e-23,2,53.764473,1.0,False,1.0119311e-09,Test
143,0,-9.217715,-5.5850725,7.2651653,-0.45413598,0.30083424,2.2090027,-5.441826,-6.200696,6.8899574e-08,2.6052703e-06,0.9922936,0.0004407479,0.00093771226,0.006320866,3.0065194e-06,1.4076377e-06,2,16.490616,0.99999994,False,0.07173102,Test
144,0,-17.419956,-11.354687,18.130953,0.2397641,-0.18117015,1.9600416,-12.508211,-14.804546,3.634423e-16,1.5651263e-13,0.9999999,1.6980678e-08,1.1146699e-08,9.485542e-08,4.9383298e-14,4.9692814e-15,2,35.55091,1.0,False,3.1177196e-06,Test
145,0,-22.770603,-14.429719,24.242311,0.20455909,-0.15785588,2.8630779,-16.089762,-21.01343,3.8242805e-21,1.6030615e-17,1.0,3.635272e-11,2.5301247e-11,5.189392e-10,3.0479172e-18,2.2165696e-20,2,47.012917,1.0,False,1.8157351e-08,Test
146,0,-8.795942,-7.725481,10.069844,1.7813038,-1.9191685,-1.4222479,-7.107428,-8.587141,6.405843e-09,1.8684078e-08,0.9997322,0.00025131367,6.210429e-06,1.0207784e-05,3.4664815e-08,7.89328e-09,2,18.866055,1.0,False,0.0036698775,Test
147,1,-16.158022,-10.45432,16.029284,0.26245028,0.00990209,2.7443626,-11.270326,-13.751162,1.0500984e-14,3.1500388e-12,0.9999981,1.4208574e-07,1.1037496e-07,1.6999314e-06,1.3929295e-12,1.1655106e-13,2,26.483606,1.0,False,4.1115814e-05,Test
148,0,-13.31664,-8.340574,13.741184,-0.54598534,0.34731892,2.1509223,-9.928202,-11.053692,1.7739107e-12,2.57045e-10,0.99998856,6.239592e-07,1.5244499e-06,9.255683e-06,5.2542574e-11,1.7049718e-11,2,27.057835,1.0,False,0.00021351977,Test
149,0,-16.15229,-10.356549,16.56414,-0.91910434,1.1119925,1.1977493,-12.177342,-11.038961,6.18635e-15,2.0346667e-12,0.9999995,2.5534268e-08,1.9463342e-07,2.1206104e-07,3.2940702e-13,1.0283122e-12,2,32.71643,1.0,False,1.02862205e-05,Test
150,0,-18.775002,-12.405054,20.338655,1.2274412,-1.2075571,1.6214731,-13.046016,-18.567719,1.0307549e-17,6.019877e-15,1.0,5.013088e-09,4.3913548e-10,7.4341457e-09,3.1711876e-15,1.26816946e-17,2,39.113655,1.0,False,3.5261556e-07,Test
151,0,-9.46547,-5.532882,7.4973226,-1.765284,0.89853656,0.38240284,-6.0480323,-2.0956204,4.286834e-08,2.1879541e-06,0.99766386,9.468589e-05,0.0013588388,0.000810987,1.3071077e-06,6.8049034e-05,2,16.965132,0.99999994,False,0.026909702,Test
152,0,-13.754499,-8.937533,14.457853,-0.26065657,0.17893527,1.5714074,-10.532632,-11.142229,5.591513e-13,6.9105326e-11,0.9999964,4.0535068e-07,6.291338e-07,2.5321303e-06,1.4020652e-11,7.62121e-12,2,28.212357,1.0,False,7.380558e-05,Test
153,0,-14.162771,-8.722249,13.8551655,0.5173033,-0.9303133,2.1147141,-8.676878,-12.959049,6.791417e-13,1.565845e-10,0.9999901,1.6122628e-06,3.790914e-07,7.964935e-06,1.6385268e-10,2.263238e-12,2,28.017946,1.0,False,0.00018830466,Test
154,1,-23.64171,-15.207644,25.335629,0.540213,-0.27549726,2.579021,-17.028866,-21.481297,5.363042e-22,2.4676289e-18,1.0,1.704071e-11,7.537535e-12,1.3089743e-10,3.9933178e-19,4.652301e-21,2,40.543274,1.0,False,5.185562e-09,Test
155,0,-18.214664,-11.843553,18.511728,0.5182077,-0.05782782,3.310318,-13.09729,-16.729618,1.121836e-16,6.5594665e-14,0.99999976,1.5328975e-08,8.61677e-09,2.5009862e-07,1.8723096e-14,4.9530966e-16,2,36.726395,1.0,False,6.457654e-06,Test
156,0,-18.810844,-11.814421,19.342674,0.34534457,-0.433474,2.8355594,-12.626533,-17.402496,2.692386e-17,2.9420195e-14,0.9999999,5.6177765e-09,2.578268e-09,6.777215e-08,1.30601876e-14,1.10096906e-16,2,38.15352,1.0,False,1.9274978e-06,Test
157,0,-7.0613365,-4.910746,-0.34013817,0.45369348,-1.3322271,5.5254846,-1.7804195,-7.08316,3.3800254e-06,2.9034163e-05,0.0028047825,0.006203771,0.0010400167,0.98925143,0.0006643439,3.3070592e-06,5,12.597628,0.9999966,False,0.1025697,Test
158,0,-17.206318,-11.590033,17.834822,1.2432042,-0.8924108,1.8659981,-11.796873,-16.492865,6.051001e-16,1.663214e-13,0.9999999,6.2280485e-08,7.359807e-09,1.1609888e-07,1.3524412e-13,1.2350235e-15,2,35.041138,1.0,False,4.7083113e-06,Test
159,0,-9.403275,-5.672277,8.161692,-1.2309821,0.52279776,1.3588991,-6.5449114,-5.0505056,2.349112e-08,9.800656e-07,0.9983242,8.3192725e-05,0.00048055383,0.001108808,4.0951994e-07,1.8251023e-06,2,17.566643,1.0,False,0.019788858,Test
160,0,-1.3943751,-1.7094542,1.8851643,-0.9124007,-0.8046753,-1.845553,-2.6092653,-0.25860238,0.02796172,0.02040454,0.7427621,0.04527753,0.050427478,0.017808193,0.008297433,0.08706101,2,3.5769188,0.97203827,False,1.4644859,Test
161,0,-17.969662,-11.520048,18.650572,-0.017269181,0.12063995,2.1495366,-12.816923,-15.366393,1.2474852e-16,7.8898036e-14,0.9999999,7.810154e-09,8.96505e-09,6.818537e-08,2.1569521e-14,1.6850788e-15,2,36.62023,1.0,False,2.1592207e-06,Test
162,0,-11.716326,-7.28472,11.238343,-1.1691544,0.80563927,1.1486634,-8.321811,-7.254332,1.0736949e-10,9.02616e-09,0.9999249,4.0875184e-06,2.9451106e-05,4.1502586e-05,3.1996352e-09,9.304656e-09,2,22.954744,1.0,False,0.0012295041,Test
163,0,-13.145622,-8.5186205,11.720943,0.282173,-0.35587478,3.7301855,-8.308427,-12.589533,1.5864761e-11,1.6214937e-09,0.999645,1.0765916e-05,5.6878766e-06,0.00033845718,2.0007886e-09,2.7665599e-11,2,24.86692,1.0,False,0.0046908543,Test
164,0,-16.14675,-11.424035,19.10716,-0.7315809,0.08686699,0.72120374,-13.594817,-15.20684,4.8912675e-16,5.5013567e-14,1.0,2.4218325e-09,5.4902385e-09,1.0353329e-08,6.2764193e-15,1.2520438e-15,2,35.25391,1.0,False,4.9459896e-07,Test
165,0,-18.963852,-11.99135,19.446537,0.080254056,-0.01786587,2.4937987,-13.202197,-16.421122,2.0824762e-17,2.2217698e-14,1.0,3.884454e-09,3.5214143e-09,4.3402977e-08,6.6196425e-15,2.6477255e-16,2,38.41039,1.0,False,1.2689511e-06,Test
166,0,-23.2235,-14.944333,24.3763,1.1796942,-1.1835755,2.7199454,-15.203078,-22.029446,2.12652e-21,8.380426e-18,1.0,8.430283e-11,7.933907e-12,3.9333678e-10,6.4698416e-18,7.018437e-21,2,47.5998,1.0,False,1.5403035e-08,Test
167,0,-14.21988,-9.192451,13.464588,0.15435484,-0.21489666,3.4644275,-9.496387,-13.428681,9.479112e-13,1.4459449e-10,0.9999517,1.6573653e-06,1.1456565e-06,4.5390465e-05,1.0669744e-10,2.0911291e-12,2,27.684515,1.0,False,0.0007788692,Test
168,0,-17.338036,-10.926429,17.318499,0.41599676,-0.30515754,3.5411935,-11.886403,-16.471941,8.889121e-16,5.412324e-13,0.9999989,4.5639002e-08,2.2189285e-08,1.038943e-06,2.07239e-13,2.1134796e-15,2,34.656532,1.0,False,2.3875466e-05,Test
169,0,-15.010165,-9.112769,15.995739,-1.7039404,0.5680192,-0.2692452,-10.960685,-8.917205,3.4222072e-14,1.2459853e-11,0.99999964,2.0564888e-08,1.9944638e-07,8.6339e-08,1.96324e-12,1.5151142e-11,2,31.005905,1.0,False,7.421317e-06,Test
170,0,-13.953042,-8.552724,13.67577,0.5683877,-0.4955936,2.170841,-9.258807,-12.372532,1.0021997e-12,2.2196406e-10,0.9999871,2.0301625e-06,7.005664e-07,1.008016e-05,1.0955539e-10,4.8681137e-12,2,27.628824,1.0,False,0.00023852411,Test
171,0,-25.22021,-16.50016,27.212267,0.14333238,0.028501239,3.0602598,-18.63247,-23.139647,1.6938112e-23,1.03737296e-19,1.0,1.7543277e-12,1.5640141e-12,3.2427703e-11,1.2299428e-20,1.3565689e-22,2,52.432476,1.0,False,1.259758e-09,Test
172,0,-19.499016,-12.391122,20.392748,0.8334519,-0.6535165,2.5208483,-13.50661,-18.318682,4.733997e-18,5.7829023e-15,1.0,3.202623e-09,7.239747e-10,1.7311434e-08,1.8953804e-15,1.5411316e-17,2,39.89176,1.0,False,5.5870737e-07,Test
173,0,-9.7940035,-6.320971,10.440607,-0.822776,0.12110609,-0.5974544,-7.8313084,-5.155121,1.6300199e-09,5.2542696e-08,0.9999379,1.2833585e-05,3.2981523e-05,1.6076961e-05,1.1603285e-08,1.6859103e-07,2,20.234674,1.0,False,0.0010506079,Test
174,0,-25.105358,-16.411747,27.049967,1.0468622,-0.9464613,2.6358516,-17.455276,-24.008753,2.234752e-23,1.3329586e-19,1.0,5.093249e-12,6.9391454e-13,2.4950783e-11,4.6948232e-20,6.690827e-23,2,52.155327,1.0,False,1.0979179e-09,Test
175,0,-11.1571,-7.1334763,9.656326,-0.21106702,-0.065326855,1.9159052,-7.0947347,-7.881876,9.1328456e-10,5.105567e-08,0.9994535,5.180934e-05,5.9938015e-05,0.00043465066,5.3072487e-08,2.4155614e-08,2,20.813974,1.0,False,0.0072237933,Test
176,0,-22.389603,-14.333789,23.604729,0.7040681,-0.53096706,2.6889699,-15.382156,-20.705051,1.05904814e-20,3.3381876e-17,1.0,1.1333631e-10,3.2960988e-11,8.2490065e-10,1.1700676e-17,5.708303e-20,2,45.99433,1.0,False,2.9783624e-08,Test
177,0,-18.274101,-11.710825,18.275848,0.21786915,0.102537245,3.410217,-12.858462,-15.986637,1.3383151e-16,9.48316e-14,0.99999964,1.4372057e-08,1.2806518e-08,3.4989546e-07,3.009817e-14,1.3182308e-15,2,36.54995,1.0,False,8.730203e-06,Test
178,0,-24.404123,-15.764885,25.797,1.3498945,-1.1231353,2.7296498,-16.581114,-23.343082,1.5773495e-22,8.910505e-19,1.0,2.4141099e-11,2.0357934e-12,9.593498e-11,3.9393037e-19,4.5575663e-22,2,50.201126,1.0,False,4.1231503e-09,Test
179,1,-18.576555,-12.111779,19.646612,0.35201252,-0.24139152,2.2658617,-13.502108,-17.137188,2.5112462e-17,1.6125214e-14,1.0,4.17313e-09,2.305417e-09,2.8290192e-08,4.015077e-15,1.0592523e-16,2,31.758392,1.0,False,8.916929e-07,Test
180,0,-17.475262,-11.029909,17.477736,0.37458488,-0.5093304,1.3421249,-11.165449,-14.263486,6.608562e-16,4.1618572e-13,0.9999999,3.734184e-08,1.5428238e-08,9.826374e-08,3.6343178e-13,1.640447e-14,2,34.952995,1.0,False,3.7812308e-06,Test
181,0,-21.840174,-13.978706,23.280443,0.28975692,-0.31280166,2.32157,-15.39949,-19.88694,2.5372605e-20,6.58503e-17,1.0,1.03579006e-10,5.6700134e-11,7.900904e-10,1.5904468e-17,1.7891407e-19,2,45.120617,1.0,False,2.9255693e-08,Test
182,0,-11.953298,-7.18018,10.67852,-0.56229526,-0.016135734,1.7368697,-7.38781,-7.983961,1.4827038e-10,1.7538515e-08,0.99983335,1.3125131e-05,2.2661954e-05,0.00013080315,1.4250175e-08,7.8508196e-09,2,22.631983,1.0,False,0.0024912811,Test
183,0,-8.147159,-4.1650314,5.934158,-2.6174893,0.48185566,-2.7170982,-4.772481,4.8290663,5.7383676e-07,3.077541e-05,0.7485593,0.00014464154,0.0032086442,0.0001309282,1.6764563e-05,0.2479083,2,14.370921,0.9999994,False,0.84243095,Test
184,1,-13.417499,-7.8127217,13.063763,-2.74705,1.0074056,-2.7659683,-9.696348,-0.60952514,3.1574086e-12,8.579364e-10,0.9999927,1.3597153e-07,5.807475e-06,1.3342341e-07,1.3043866e-10,1.1528255e-06,2,20.876492,1.0,False,0.00014033809,Test
185,0,-19.904575,-12.977522,20.822605,0.25907618,-0.13534817,1.6304805,-13.946382,-16.43161,2.0531007e-18,2.0931105e-15,1.0,1.1732032e-09,7.9081863e-10,4.623447e-09,7.943673e-16,6.6175905e-17,2,40.72718,1.0,False,1.8673235e-07,Test
186,0,-6.978179,-4.1644235,1.4232928,-0.7859904,-0.9489944,1.1146837,-1.852367,-0.019528745,0.000101346435,0.0016896905,0.45135832,0.04954981,0.04209691,0.3315082,0.0170577,0.10663801,2,9.196966,0.9998987,False,1.9146922,Test
187,0,-21.987606,-14.08434,23.465103,0.763709,-0.56347144,1.8526328,-15.051399,-20.243774,1.8202843e-20,4.9258867e-17,1.0,1.3832778e-10,3.6687906e-11,4.1098244e-10,1.872818e-17,1.0410598e-19,2,45.45271,1.0,False,1.8616738e-08,Test
188,0,-23.93094,-16.216604,25.866817,0.6790757,-0.6214511,2.8035889,-17.900198,-22.486893,2.3610632e-22,5.2893583e-19,1.0,1.1510721e-11,3.1353889e-12,9.633122e-11,9.8226244e-20,1.0005769e-21,2,49.79776,1.0,False,3.7433456e-09,Test
189,0,-7.740443,-5.281652,2.1910195,0.0982219,-0.7719846,4.860167,-3.4758017,-7.4622264,3.1153454e-06,3.64205e-05,0.064074606,0.007903063,0.003310317,0.9244468,0.00022162391,4.1146645e-06,5,12.679171,0.9999969,False,0.4445944,Test
190,0,-6.9664536,-5.018685,0.61102426,0.34796894,-1.000552,5.583484,-2.5432506,-7.6328306,3.4963189e-06,2.4519772e-05,0.0068307454,0.0052507897,0.0013632305,0.98623395,0.0002914633,1.7955916e-06,5,12.5638,0.9999965,False,0.12549955,Test
191,0,-20.921593,-13.443267,21.423038,0.72826105,-0.6094082,3.573388,-14.216168,-19.928345,4.0734308e-19,7.2070174e-16,1.0,1.028899e-09,2.7004138e-10,1.7700883e-08,3.3272815e-16,1.0998221e-18,2,42.34463,1.0,False,4.951288e-07,Test
192,0,-21.759085,-13.690033,22.9246,0.7254949,-0.62009555,2.769356,-14.813441,-20.506601,3.927553e-20,1.2544909e-16,1.0,2.2858655e-10,5.952071e-11,1.7647711e-09,4.0792194e-17,1.3742593e-19,2,44.683685,1.0,False,6.0658415e-08,Test
193,0,-15.452383,-9.382687,15.1424465,-0.27846208,-0.037550557,2.962622,-10.049976,-13.959703,5.1621654e-14,2.2328913e-11,0.9999944,2.0080842e-07,2.5551032e-07,5.132948e-06,1.1456905e-11,2.296648e-13,2,30.594835,1.0,False,0.00010825667,Test
194,0,-26.002092,-16.964176,28.037138,-1.3085626,1.2401503,2.0344582,-19.824043,-20.100208,3.3967254e-24,2.8587646e-20,1.0,1.8002131e-13,2.3025878e-12,5.095416e-12,1.6373905e-21,1.2422728e-21,2,54.03923,1.0,False,2.8778843e-10,Test
195,0,-17.123417,-11.57898,19.20117,-0.93900615,0.5981035,1.3866073,-14.306402,-14.487356,1.6766144e-16,4.288941e-14,1.0,1.7915641e-09,8.3328064e-09,1.8333024e-08,2.804441e-15,2.3402324e-15,2,36.324585,1.0,False,7.4687523e-07,Test
196,1,-10.299622,-6.290031,10.487658,-0.8118453,-0.28331003,-1.3492104,-6.8019814,-4.5660167,9.379543e-10,5.1704042e-08,0.9999591,1.2378565e-05,2.0999574e-05,7.23262e-06,3.098758e-08,2.8990414e-07,2,16.777729,0.99999994,False,0.00071913237,Test
197,0,-16.606878,-10.574587,16.836023,-0.6700148,0.66072947,2.2719553,-12.344444,-12.529742,2.991797e-15,1.2465881e-12,0.9999994,2.4958803e-08,9.4440715e-08,4.7304826e-07,2.1236536e-13,1.7644534e-13,2,33.4429,1.0,False,1.3633664e-05,Test
198,0,-12.021028,-7.506736,10.640874,0.21228307,0.09583422,3.2268121,-8.079133,-10.529119,1.4380543e-10,1.3131286e-08,0.9993418,2.9555249e-05,2.6306394e-05,0.000602321,7.4082958e-09,6.392977e-10,2,22.66256,1.0,False,0.00823792,Test
199,0,-15.862376,-9.935203,16.060148,0.7061333,-0.6014565,2.310844,-10.581213,-14.712581,1.3684333e-14,5.1328954e-12,0.9999987,2.147016e-07,5.8070665e-08,1.0684462e-06,2.6903159e-12,4.3208926e-14,2,31.922525,1.0,False,2.9237633e-05,Test
200,0,-7.32331,-4.287826,2.5846367,-0.48982474,-0.7464895,1.5289526,-2.4933665,-1.6353514,3.4283505e-05,0.0007134755,0.68873435,0.03182952,0.024624193,0.2396481,0.004292429,0.010123584,2,10.280847,0.9999657,False,1.2631353,Test
201,1,-24.04691,-15.095475,26.141813,-0.35847035,0.3282635,1.9418977,-17.074148,-21.081722,1.597039e-22,1.2327435e-18,1.0,3.0979386e-12,6.156276e-12,3.0910816e-11,1.7043015e-19,3.0979893e-21,2,41.23729,1.0,False,1.4268986e-09,Test
202,0,-11.12338,-6.623895,10.508865,-1.9299852,1.2167646,1.154592,-8.502332,-5.629854,4.0286205e-10,3.6245748e-08,0.9998172,3.960924e-06,9.213242e-05,8.657879e-05,5.5394036e-09,9.794083e-08,2,21.632427,1.0,False,0.0027416896,Test
203,0,-8.94812,-5.530425,7.960712,-0.3174312,0.17181692,1.6901878,-6.367162,-6.4098067,4.5235147e-08,1.3796297e-06,0.9974444,0.00025335935,0.00041325158,0.001886404,5.975469e-07,5.726005e-07,2,16.911392,0.99999994,False,0.028478665,Test
204,0,-6.070986,-2.8738189,4.961684,-3.4766428,0.5837906,-4.3047934,-4.679878,7.302921,1.4170481e-06,3.466544e-05,0.08766223,1.8971145e-05,0.0011003163,8.287674e-06,5.6955405e-06,0.9111684,7,13.466934,0.99999857,False,0.4420409,Test
205,0,-9.802309,-6.3950567,10.638722,-0.117594294,-0.23569046,1.0339507,-7.7688117,-8.584702,1.3259454e-09,4.0019984e-08,0.99989223,2.1308064e-05,1.8934586e-05,6.739907e-05,1.0131248e-08,4.4805017e-09,2,20.44114,1.0,False,0.0017184583,Test
206,0,-23.560375,-15.138362,25.440254,-0.81970096,0.69691795,1.5896327,-17.615763,-18.65188,5.239587e-22,2.3819383e-18,1.0,3.9395505e-12,1.795171e-11,4.3833527e-11,1.9999092e-19,7.09627e-20,2,49.00063,1.0,False,2.2983497e-09,Test
207,0,-19.824804,-12.9352455,19.96434,0.5485915,-0.2429546,3.1162374,-13.59392,-18.117203,5.245577e-18,5.1509988e-15,1.0,3.6969836e-09,1.675265e-09,4.8190564e-08,2.6658376e-15,2.893317e-17,2,39.789146,1.0,False,1.3237479e-06,Test
208,0,-18.478697,-11.644126,19.405127,0.22705309,-0.2131748,2.2478046,-12.833057,-16.90453,3.5258557e-17,3.2770373e-14,1.0,4.6888715e-09,3.0191172e-09,3.5372828e-08,9.980112e-15,1.7018353e-16,2,37.883823,1.0,False,1.0907607e-06,Test
209,0,-10.851075,-6.3933487,8.96291,-1.4082946,0.80812526,0.38159123,-6.8953285,-2.9502847,2.4812656e-09,2.1411093e-07,0.9994869,3.1305477e-05,0.00028720984,0.00018748117,1.2960798e-07,6.697958e-06,2,19.814497,1.0,False,0.0070317537,Test
210,0,-12.766191,-7.864202,12.885308,-2.0151527,1.8297291,0.6529902,-10.258265,-6.650651,7.2391316e-12,9.740768e-10,0.9999789,3.3791133e-07,1.5798425e-05,4.870378e-06,8.8892366e-11,3.2781704e-09,2,25.65152,1.0,False,0.0003756763,Test
211,0,-8.120722,-4.852028,1.5471059,0.58370125,-0.95138955,2.1891172,-2.3767815,-2.6653802,1.861169e-05,0.0004890593,0.29408315,0.11221963,0.024176164,0.55884594,0.005812292,0.0043552257,5,10.891721,0.9999814,False,1.5553505,Test
212,0,-5.6995087,-3.899945,6.22012,-0.89799696,-0.2072819,-1.4053147,-4.954671,-1.526464,6.6358066e-06,4.0126768e-05,0.9966036,0.00080753915,0.0016111546,0.00048622597,1.3975658e-05,0.00043074854,2,11.92303,0.9999934,False,0.039229393,Test
213,0,-24.26823,-15.634067,26.030401,0.6470136,-0.66031224,2.9221733,-16.856035,-23.274303,1.4308122e-22,8.0417755e-19,1.0,9.465301e-12,2.560768e-12,9.20924e-11,2.369503e-19,3.8658024e-22,2,50.29863,1.0,False,3.5154184e-09,Test
214,0,-24.840406,-16.47408,26.473722,-0.31643796,0.7054256,2.8737543,-18.972553,-21.471016,5.1827108e-23,2.2284742e-19,1.0,2.31836e-12,6.4412586e-12,5.6320195e-11,1.8320362e-20,1.5061348e-21,2,51.31413,1.0,False,2.2466284e-09,Test
215,0,-21.25883,-13.955504,22.335249,0.095509194,0.15178595,2.7139845,-15.78439,-18.596151,1.1677032e-19,1.734309e-16,1.0,2.194843e-10,2.3219068e-10,3.0101817e-09,2.7851625e-17,1.6738584e-18,2,43.594078,1.0,False,9.968395e-08,Test
216,0,-10.368148,-6.3126864,9.076775,0.28740206,-0.24600683,1.9983289,-6.643803,-8.303412,3.5867909e-09,2.070002e-07,0.99891603,0.0001521784,8.926811e-05,0.0008421689,1.4865141e-07,2.8275432e-08,2,19.446009,1.0,False,0.013304055,Test
217,0,-10.990317,-7.486063,7.0174317,0.16876876,-0.10627909,5.4593854,-6.5467725,-10.743276,1.2464713e-08,4.145348e-07,0.8247998,0.00087500806,0.00066459994,0.17365912,1.0604483e-06,1.595773e-08,2,18.200365,1.0,False,0.6837386,Test
218,0,-19.109217,-12.365491,20.465467,0.266899,-0.17979954,2.1307166,-13.877906,-17.16593,6.5002946e-18,5.516905e-15,1.0,1.6899475e-09,1.0811209e-09,1.08972955e-08,1.2158021e-15,4.5382857e-17,2,39.574684,1.0,False,3.6969632e-07,Test
219,0,-9.777535,-6.092763,7.923203,-0.73254436,0.54838216,1.9403067,-6.2738624,-5.542768,2.0475051e-08,8.156453e-07,0.9966857,0.00017354611,0.0006247615,0.0025131556,6.8053595e-07,1.4137132e-06,2,17.70406,1.0,False,0.035354767,Test
220,0,-8.851356,-5.5534506,9.199231,-0.51843506,-0.04160655,0.19820186,-6.63123,-6.138486,1.44746375e-08,3.916243e-07,0.99971884,6.01934e-05,9.6969e-05,0.00012324822,1.3328946e-07,2.1816847e-07,2,18.050867,1.0,False,0.004159383,Test
221,0,-10.804474,-6.696174,9.916148,-1.7351516,1.4486837,1.3301306,-8.384239,-5.226557,1.0022395e-09,6.097953e-08,0.9995943,8.704196e-06,0.0002101119,0.00018662238,1.12736895e-08,2.651127e-07,2,20.72103,1.0,False,0.005617767,Test
222,0,-15.318614,-9.191845,15.808005,-1.1000704,0.5678356,0.042413145,-10.468506,-9.364979,3.0330586e-14,1.3890003e-11,0.9999995,4.538538e-08,2.405904e-07,1.4226234e-07,3.874856e-12,1.1681841e-11,2,31.12662,1.0,False,1.0235698e-05,Test
223,0,-19.039051,-12.045637,19.638905,0.23026568,-0.10969891,2.3055432,-13.0949745,-16.621792,1.5935926e-17,1.7361146e-14,1.0,3.723365e-09,2.6502713e-09,2.966314e-08,6.079347e-15,1.7872267e-16,2,38.677956,1.0,False,9.215464e-07,Test
224,0,-12.660576,-8.151142,11.492182,0.28461078,-0.0030968264,3.3876197,-8.838441,-11.555124,3.2392845e-11,2.9435494e-09,0.9996742,1.3566639e-05,1.0174721e-05,0.00030205917,1.4804059e-09,9.784545e-11,2,24.153084,1.0,False,0.004390136,Test
225,0,-13.422405,-8.309077,13.56843,-0.09196772,-0.025743876,1.7648138,-9.042404,-11.863202,1.8968147e-12,3.1529385e-10,0.9999901,1.1677784e-06,1.2477316e-06,7.4773925e-06,1.5143813e-10,9.019403e-12,2,26.990845,1.0,False,0.00018910773,Test
226,0,5.4957943,-3.197536,-0.6164345,2.4887266,-4.016168,-1.0233486,-3.3002274,-10.29099,0.9491989,0.00015918115,0.0021030519,0.046925005,7.020438e-05,0.0014000043,0.00014364603,1.3220381e-07,0,0.052136905,0.0508011,True,0.3152895,Test
227,0,-19.580503,-12.407181,20.791412,0.0036708042,0.095118,1.802546,-13.946682,-16.664545,2.928862e-18,3.8197434e-15,1.0,9.375597e-10,1.0273381e-09,5.665522e-09,8.192894e-16,5.4086045e-17,2,40.371918,1.0,False,2.140005e-07,Test
228,0,-24.70049,-15.947329,26.902143,-0.36535388,0.23524383,0.9367995,-17.916796,-19.715626,3.8838336e-23,2.4587295e-19,1.0,1.438388e-12,2.6224851e-12,5.289256e-12,3.430694e-20,5.677549e-21,2,51.602634,1.0,False,3.55613e-10,Test
229,1,-15.1868,-9.306755,15.385897,-1.8854424,1.2655226,1.2996356,-11.534366,-9.626633,5.2777142e-14,1.8884998e-11,0.99999845,3.1561083e-08,7.372231e-07,7.6280577e-07,2.0355339e-12,1.37150005e-11,2,24.692654,1.0,False,3.354358e-05,Test
230,0,-12.746398,-7.866854,12.619058,0.067622945,-0.37787572,1.2612587,-8.340385,-10.215498,9.636404e-12,1.267867e-09,0.9999825,3.5397586e-06,2.2672327e-06,1.16778565e-05,7.8962764e-10,1.2107945e-10,2,25.365473,1.0,False,0.00032322246,Test
231,0,-22.710814,-14.71444,23.709723,1.4479997,-1.3043705,2.4897382,-14.965731,-21.487057,6.9154e-21,2.0539869e-17,1.0,2.147122e-10,1.3693588e-11,6.0852445e-10,1.5975855e-17,2.3511969e-20,2,46.420536,1.0,False,2.6019404e-08,Test
232,0,-6.9203854,-5.3734994,8.393345,0.07185267,-0.9329241,1.5304813,-6.347783,-9.757885,2.2321976e-07,1.0484238e-06,0.99862206,0.00024289748,8.8931156e-05,0.0010444734,3.957406e-07,1.3074413e-08,2,15.315109,0.99999976,False,0.016477825,Test
233,0,-6.801818,-3.7048278,2.1348648,0.19223116,-0.98259395,1.5136578,-2.343304,-2.454029,7.5153e-05,0.001663229,0.571608,0.08192628,0.025304815,0.3071224,0.0064901453,0.005809878,2,9.495984,0.99992484,False,1.5209427,Test
234,0,-22.434975,-14.489408,23.311146,0.43137708,-0.5548943,3.0375726,-14.982561,-20.637264,1.357414e-20,3.832028e-17,1.0,1.15729176e-10,4.3162925e-11,1.5678306e-09,2.3402031e-17,8.193096e-20,2,45.74612,1.0,False,5.116304e-08,Test
235,0,-22.800108,-14.624221,24.197332,0.49207804,-0.3467359,2.9818625,-15.993858,-21.180021,3.8839264e-21,1.38042895e-17,1.0,5.069197e-11,2.1910232e-11,6.112779e-10,3.509028e-18,1.9627532e-20,2,46.99744,1.0,False,2.1219131e-08,Test
236,0,-21.811089,-14.293037,23.567293,1.2463919,-1.20687,1.6451724,-15.082465,-20.955393,1.9607402e-20,3.6096756e-17,1.0,2.0237437e-10,1.7406764e-11,3.015392e-10,1.6391687e-17,4.613634e-20,2,45.37838,1.0,False,1.6675818e-08,Test
237,1,-13.745922,-9.084594,15.31766,-1.1698457,0.34557125,-0.29794958,-10.996152,-9.167406,2.386964e-13,2.524849e-11,0.9999994,6.911407e-08,3.1456048e-07,1.6528233e-07,3.7329853e-12,2.3241863e-11,2,24.402254,1.0,False,1.2937892e-05,Test
238,0,-26.840025,-17.678473,27.520948,0.6120128,0.010729443,5.164369,-19.17938,-25.390312,2.4622335e-24,2.3449895e-20,1.0,2.0587223e-12,1.128401e-12,1.9528154e-10,5.2276304e-21,1.0493749e-23,2,54.360973,1.0,False,6.4232646e-09,Test
239,0,-8.675119,-5.471539,6.1947904,0.041812945,-0.49223626,2.4181688,-5.1448607,-6.7726617,3.394746e-07,8.358039e-06,0.9743766,0.0020726344,0.0012150332,0.022313152,1.1587212e-05,2.2752754e-06,2,14.895866,0.99999964,False,0.18952252,Test
240,0,-21.665161,-13.854703,23.007166,0.54430354,-0.6143705,2.407056,-14.78722,-20.387856,3.972425e-20,9.7970054e-17,1.0,1.7559129e-10,5.511847e-11,1.1310617e-09,3.8557238e-17,1.4248937e-19,2,44.672325,1.0,False,4.1183554e-08,Test
241,0,-28.944912,-18.863495,31.282919,0.62141097,-0.3475842,3.227738,-20.65383,-27.25184,6.972463e-27,1.6660513e-22,1.0,4.8292093e-14,1.8325136e-14,6.5431894e-13,2.7807164e-23,3.7903294e-26,2,60.22783,1.0,False,2.945605e-11,Test
242,1,-9.258849,-6.0649877,7.4997015,-0.25702283,-0.17908365,2.0414462,-6.209962,-6.780631,5.2434988e-08,1.2784901e-06,0.99487203,0.00042566177,0.0004601645,0.004239133,1.1059515e-06,6.250253e-07,2,13.569831,0.99999875,False,0.050720807,Test
243,0,-15.654239,-9.8956375,15.888355,0.8653368,-0.87157726,2.400023,-10.390061,-15.124945,2.0008953e-14,6.340938e-12,0.99999833,2.9894073e-07,5.2632334e-08,1.3870458e-06,3.8674823e-12,3.3969897e-14,2,31.542597,1.0,False,3.732317e-05,Test
244,0,-16.408304,-10.399167,16.079704,-0.009734148,0.5228614,2.6724374,-11.604581,-13.471147,7.77387e-15,3.1649874e-12,0.99999833,1.0290711e-07,1.7528642e-07,1.5041716e-06,9.481289e-13,1.4663181e-13,2,32.488007,1.0,False,3.7997273e-05,Test
245,0,-20.33542,-13.117907,21.88687,1.3262273,-1.6347605,1.1859047,-13.242079,-19.307756,4.6035455e-19,6.275075e-16,1.0,1.1765937e-09,6.090966e-11,1.0225524e-09,5.5423203e-16,1.2864749e-18,2,42.22229,1.0,False,6.750669e-08,Test
246,0,-20.901922,-13.380044,22.84804,-0.37622452,0.001687739,1.4614867,-14.921633,-17.96314,9.991553e-20,1.8464723e-16,1.0,8.200309e-11,1.1966181e-10,5.1515525e-10,3.952207e-17,1.8876857e-18,2,43.74996,1.0,False,2.2586402e-08,Test
247,0,-12.261052,-7.7503476,11.395561,0.4234308,-0.74664843,2.8635976,-7.49108,-11.659824,5.320696e-11,4.8410804e-09,0.9997805,1.7169941e-05,5.32856e-06,0.00019702442,6.2739476e-09,9.706841e-11,2,23.656832,1.0,False,0.003107362,Test
248,0,-13.325512,-8.712871,13.149991,0.33047163,-0.27163312,2.5508013,-9.259508,-12.402141,3.1755792e-12,3.1993902e-10,0.9999709,2.7073288e-06,1.482689e-06,2.493548e-05,1.8521029e-10,7.995352e-12,2,26.47553,1.0,False,0.00050206017,Test
249,0,-8.51544,-5.166424,6.424343,-0.26324207,0.07983855,1.4435804,-5.072214,-4.8074384,3.217025e-07,9.160383e-06,0.9901928,0.0012340659,0.0017391479,0.0068014595,1.0065339e-05,1.3116538e-05,2,14.949638,0.9999997,False,0.09145702,Test
250,0,-4.818515,-3.7087512,5.024886,0.22483882,-0.91018665,-0.676798,-3.8840573,-3.1786354,5.2320105e-05,0.00015872052,0.9853791,0.008109037,0.0026063572,0.0032914968,0.00013319825,0.00026968645,2,9.8581295,0.99994767,False,0.134443,Test
251,0,-11.010596,-6.8101606,9.772522,-0.13423127,0.06126249,2.7442608,-7.0151744,-9.350745,9.409646e-10,6.277681e-08,0.99900407,4.9787333e-05,6.053697e-05,0.00088558893,5.114029e-08,4.948088e-09,2,20.784115,1.0,False,0.0119799,Test
252,0,-22.305386,-14.800671,23.53523,0.3958276,0.087966114,2.9586282,-16.419975,-20.077528,1.2350205e-20,2.2435226e-17,1.0,8.9265824e-11,6.561192e-11,1.1579635e-09,4.4429736e-18,1.1460922e-19,2,45.840614,1.0,False,3.957447e-08,Test
253,0,-7.936018,-4.8970447,7.8757668,-0.43252143,-0.027668644,0.3565879,-5.7800727,-4.9639406,1.3568234e-07,2.8335605e-06,0.9988361,0.00024617865,0.0003690421,0.00054194644,1.1717591e-06,2.6502094e-06,2,15.812949,0.9999999,False,0.014845275,Test
254,0,-24.208483,-15.542864,26.126652,0.9732433,-0.8224186,2.4964604,-17.071457,-23.058626,1.3795201e-22,8.0012617e-19,1.0,1.1912795e-11,1.9777329e-12,5.464345e-11,1.7350013e-19,4.3561656e-22,2,50.335136,1.0,False,2.3720512e-09,Test
255,0,-10.3966875,-6.085366,8.948476,-1.5572957,0.8721673,0.5260131,-6.7051907,-3.428297,3.9651353e-09,2.9555687e-07,0.99943763,2.7362581e-05,0.00031064157,0.00021974891,1.5902108e-07,4.213001e-06,2,19.345726,1.0,False,0.007601286,Test
256,0,-8.017696,-5.641104,1.6423537,-0.31006512,-0.21970685,4.832972,-3.8207157,-5.908474,2.4908516e-06,2.6821834e-05,0.03905296,0.0055428008,0.006066963,0.9491219,0.00016560494,2.0529174e-05,5,12.902886,0.9999975,False,0.34328791,Test
257,0,-15.159557,-9.416485,15.659451,-0.36530307,-0.0016749986,1.0903347,-10.381552,-11.72863,4.125481e-14,1.2872394e-11,0.9999993,1.0978364e-07,1.5792811e-07,4.7066635e-07,4.9038378e-12,1.2749919e-12,2,30.819008,1.0,False,1.7031769e-05,Test
258,0,-7.2588367,-4.7114606,1.8092682,-0.6694524,-0.41098586,3.154292,-2.9436448,-3.1235545,2.2837128e-05,0.00029171107,0.19809313,0.016610196,0.021509252,0.7603366,0.0017088568,0.0014274861,5,10.687123,0.9999772,False,1.0135627,Test
259,1,-25.95179,-16.538671,27.68847,-0.5250886,0.73866045,3.3829005,-18.979721,-23.383102,5.06211e-24,6.200064e-20,1.0,5.584786e-13,1.9762696e-12,2.7811526e-11,5.3983693e-21,6.6053886e-23,2,44.227142,1.0,False,1.0747959e-09,Test
260,1,-19.314148,-12.290387,20.128227,0.09329309,-0.077230185,3.1964967,-13.64693,-17.820288,7.4198324e-18,8.332495e-15,1.0,1.9903905e-09,1.6783449e-09,4.432441e-08,2.1460274e-15,3.3049776e-17,2,32.418613,1.0,False,1.1891822e-06,Test
261,0,-20.436401,-13.049876,21.237175,0.31739676,-0.044459444,2.8058076,-14.421506,-18.403234,7.968852e-19,1.2862413e-15,1.0,8.215907e-10,5.721412e-10,9.893697e-09,3.2631126e-16,6.0867866e-18,2,41.673576,1.0,False,3.054446e-07,Test
262,0,-11.471378,-7.2087445,10.3710575,0.7622814,-0.5428633,2.473802,-7.202333,-10.372076,3.2640152e-10,2.3173449e-08,0.9995431,6.7106266e-05,1.8194749e-05,0.00037159258,2.3322484e-08,9.798804e-10,2,21.842894,1.0,False,0.006111004,Test
263,0,-9.292317,-5.1667514,8.737397,-2.6642752,1.0448282,-2.2235098,-6.930748,1.6441969,1.4764646e-08,9.139739e-07,0.9986852,1.1162082e-05,0.00045560495,1.7344715e-05,1.5661726e-07,0.00082964235,2,18.03103,1.0,False,0.01592459,Test
264,0,-26.09389,-16.703445,27.838545,0.86916935,-1.0562059,2.9464877,-17.600388,-24.403933,3.779562e-24,4.5254166e-20,1.0,1.9379786e-12,2.825981e-13,1.5470944e-11,1.8455319e-20,2.0482376e-23,2,53.932434,1.0,False,6.4277156e-10,Test
265,0,-24.968382,-16.292814,26.601389,1.013048,-0.7263485,3.3681018,-17.58835,-24.15791,4.0135908e-23,2.3511712e-19,1.0,7.71125e-12,1.3542982e-12,8.126645e-11,6.4363563e-20,9.02643e-23,2,51.56977,1.0,False,3.0619975e-09,Test
266,0,-15.563514,-9.826076,15.880424,-0.74524444,0.68220717,1.8317072,-11.30553,-11.692007,2.208366e-14,6.8518654e-12,0.9999989,6.0195475e-08,2.5089847e-07,7.919896e-07,1.5605946e-12,1.0603408e-12,2,31.44394,1.0,False,2.454539e-05,Test
267,0,-21.574286,-13.696764,23.146267,0.14200914,-0.22091867,1.681424,-15.200312,-18.713682,3.7853992e-20,9.9833004e-17,1.0,1.0218286e-10,7.10821e-11,4.763617e-10,2.2196867e-17,6.613874e-19,2,44.72055,1.0,False,2.0539163e-08,Test
268,0,-9.759659,-5.106304,7.032896,-1.6736768,0.37374884,-2.4865134,-5.555962,2.6396368,5.0245262e-08,5.2725572e-06,0.98629993,0.00016322722,0.0012646726,7.240726e-05,3.3630831e-06,0.012191043,2,16.806349,0.99999994,False,0.11251923,Test
269,0,-15.996019,-10.188896,16.090595,0.57677877,-0.6025007,2.6829488,-10.710457,-14.6170025,1.1613383e-14,3.863324e-12,0.99999833,1.829929e-07,5.6270366e-08,1.5036007e-06,2.2932437e-12,4.6116783e-14,2,32.086617,1.0,False,3.71152e-05,Test
270,0,-25.18131,-16.542233,26.696844,1.2766281,-0.9717911,2.7744923,-17.334478,-23.721333,2.9485172e-23,1.6653612e-19,1.0,9.123062e-12,9.630853e-13,4.079948e-11,7.541185e-20,1.2695941e-22,2,51.878155,1.0,False,1.7811179e-09,Test
271,0,-14.161225,-9.104931,14.54399,0.31717974,-0.24684702,3.223621,-10.741667,-14.584898,3.4156835e-13,5.362879e-11,0.9999869,6.627794e-07,3.770642e-07,1.21232815e-05,1.04369464e-11,2.2360389e-13,2,28.705229,1.0,False,0.00023856552,Test
272,0,-18.391577,-11.935183,19.075874,0.9118821,-0.708872,3.0030181,-12.694683,-17.880413,5.3467744e-17,3.4046232e-14,0.9999999,1.2926426e-08,2.5561944e-09,1.04627745e-07,1.5930235e-14,8.91432e-17,2,37.467453,1.0,False,3.0098176e-06,Test
273,0,-15.0812645,-9.716785,13.83892,0.4735616,-0.34701717,4.5496125,-9.705424,-14.738801,2.7547493e-13,5.8863456e-11,0.99990535,1.5684025e-06,6.903745e-07,9.239836e-05,5.9536084e-11,3.8798283e-13,2,28.92028,1.0,False,0.0014192254,Test
274,0,-20.705116,-13.272674,21.375378,-0.5713188,0.66713536,3.8435056,-15.387235,-18.519754,5.304857e-19,8.964832e-16,1.0,2.9421884e-10,1.0151369e-09,2.4322311e-08,1.0819339e-16,4.71806e-18,2,42.080494,1.0,False,6.5483135e-07,Test
275,0,-9.983897,-5.6108575,8.540887,-3.1148245,1.3516552,-1.5935035,-7.4518647,1.5671018,8.995669e-09,7.132148e-07,0.99826306,8.65434e-06,0.0007533577,3.962191e-05,1.13156894e-07,0.00093447714,2,18.526522,1.0,False,0.020465843,Test
276,0,-19.633003,-13.06979,21.060905,0.31944087,0.010379117,2.739198,-15.005688,-18.182411,2.1225601e-18,1.503929e-15,1.0,9.819658e-10,7.208964e-10,1.1040376e-08,2.1700893e-16,9.054076e-18,2,40.69391,1.0,False,3.4310355e-07,Test
277,0,-21.230675,-13.52806,21.377998,-0.27076253,0.32481235,4.1670246,-14.694558,-19.877647,3.128156e-19,6.926137e-16,1.0,3.9633483e-10,7.189808e-10,3.3525023e-08,2.157189e-16,1.2103214e-18,2,42.608673,1.0,False,8.66649e-07,Test
278,1,-9.671735,-6.1897717,6.8068485,-0.17541143,0.33897233,3.5762727,-6.023926,-7.6645446,6.692145e-08,2.1765225e-06,0.95967364,0.00089077227,0.0014899117,0.03794044,2.569148e-06,4.980549e-07,2,13.037783,0.9999978,False,0.25919068,Test
279,0,-24.433249,-15.847035,25.814621,0.45340824,-0.14854027,3.768412,-17.483717,-22.999123,1.5053127e-22,8.0644164e-19,1.0,9.677537e-12,5.30081e-12,2.6635014e-10,1.5695311e-19,6.3162677e-22,2,50.24787,1.0,False,9.02416e-09,Test
280,0,-19.278814,-11.941844,20.425503,-0.5983736,0.17635478,2.1628478,-13.329617,-16.445127,5.7099856e-18,8.770806e-15,1.0,7.403662e-10,1.6065972e-09,1.171196e-08,2.1894648e-15,9.711573e-17,2,39.704315,1.0,False,3.779709e-07,Test
281,0,-18.838572,-12.426303,20.023327,-0.5728277,0.10456522,-0.19099733,-13.50177,-13.0245905,1.3258401e-17,8.078011e-15,1.0,1.1355427e-09,2.2355866e-09,1.6635284e-09,2.7557222e-15,4.440913e-15,2,38.8619,1.0,False,1.4649925e-07,Test
282,0,-22.177294,-14.419099,23.564754,1.3309264,-1.4362473,2.4924562,-14.914582,-21.422451,1.3629503e-20,3.1902338e-17,1.0,2.2078592e-10,1.3874044e-11,7.0537043e-10,1.9437338e-17,2.8993782e-20,2,45.74205,1.0,False,2.9026388e-08,Test
283,0,-18.81931,-11.999442,19.840641,-1.0025305,0.97277105,2.3455858,-14.272766,-15.030854,1.6225457e-17,1.4860287e-14,1.0,8.870036e-10,6.3942265e-09,2.5234439e-08,1.5301554e-15,7.169724e-16,2,38.65995,1.0,False,8.3764576e-07,Test
284,0,-6.6280212,-5.207078,-2.29014,0.44005415,-1.3973356,6.541056,-1.4073144,-7.124869,1.9028083e-06,7.879568e-06,0.00014565079,0.0022336796,0.00035567454,0.996902,0.000352143,1.1577549e-06,5,13.17218,0.9999981,False,0.034296717,Test
285,0,-23.717796,-15.331552,25.091717,1.2643508,-1.3686823,2.605917,-15.648212,-22.584532,6.3430455e-22,2.7822621e-18,1.0,4.4864876e-11,3.2239957e-12,1.7160946e-10,2.0270925e-18,1.9700134e-21,2,48.809513,1.0,False,7.232369e-09,Test
286,0,-20.83532,-13.580648,22.453556,1.085846,-1.0545053,1.8458867,-14.463762,-20.041544,1.584456e-19,2.2415306e-16,1.0,5.249542e-10,6.174177e-11,1.1225423e-09,9.268544e-17,3.5043843e-19,2,43.288876,1.0,False,5.1650634e-08,Test
287,0,-14.640247,-9.861352,13.028971,-0.14199081,0.5424431,3.5388634,-10.477382,-11.540509,9.624451e-13,1.1450473e-10,0.9999187,1.9049731e-06,3.7768932e-06,7.558983e-05,6.1842344e-11,2.1358694e-11,2,27.6693,1.0,False,0.0012564646,Test
288,0,-23.342274,-15.121103,24.480417,0.8796473,-0.60190743,3.3566418,-16.178238,-22.275595,1.7016428e-21,6.3281703e-18,1.0,5.6275096e-11,1.2790416e-11,6.699785e-10,2.1987267e-18,4.9444955e-21,2,47.822693,1.0,False,2.2796636e-08,Test
289,0,-10.589511,-6.8212733,8.987123,-0.6246321,0.34847486,0.09301707,-7.1009636,-4.474065,3.1463703e-09,1.3624948e-07,0.9996172,6.6911656e-05,0.0001770584,0.00013714268,1.0300709e-07,1.4246701e-06,2,19.577017,1.0,False,0.00547986,Test
290,0,-12.966389,-9.411292,15.186163,-0.5209693,0.21170394,1.666987,-11.559766,-12.531829,5.936102e-13,2.0771154e-11,0.9999981,1.5082672e-07,3.138155e-07,1.3449168e-06,2.4232014e-12,9.167031e-13,2,28.152554,1.0,False,3.909531e-05,Test
291,1,-15.328487,-10.1889715,16.612919,-0.064280346,0.029281892,1.2212952,-12.116347,-12.714015,1.3428372e-14,2.291323e-12,0.99999964,5.717216e-08,6.277948e-08,2.0677722e-07,3.3345532e-13,1.8343149e-13,2,26.801891,1.0,False,7.98521e-06,Test
292,0,-22.500877,-15.304422,24.921686,0.72066075,-0.55488175,1.8728571,-16.957825,-21.356451,2.5388859e-21,3.3886213e-18,1.0,3.0876524e-11,8.623171e-12,9.772848e-11,6.485752e-19,7.973709e-21,2,47.42256,1.0,False,4.6446975e-09,Test
293,0,-5.8175297,-5.423646,8.350678,-0.23336068,-0.8564477,-0.28618854,-6.654554,-6.760193,7.024616e-07,1.0415595e-06,0.99953306,0.00018698057,0.00010027505,0.00017735918,3.04164e-07,2.7367122e-07,2,14.168675,0.9999993,False,0.0065789376,Test
294,1,-7.653677,-6.0730104,9.610708,-0.37841797,-0.41303816,0.71971047,-7.5678935,-9.156473,3.1774135e-08,1.5436488e-07,0.999772,4.588583e-05,4.4324435e-05,0.00013759089,3.462014e-08,7.0699717e-09,2,15.683947,0.9999998,False,0.0034014238,Test
295,0,-22.951017,-15.260252,24.014471,0.5543072,-0.43739784,3.704833,-16.346796,-22.247324,4.010029e-21,8.774139e-18,1.0,6.4771e-11,2.4026395e-11,1.5122927e-09,2.960223e-18,8.105087e-21,2,46.96549,1.0,False,4.735091e-08,Test
296,0,-9.953623,-6.232547,7.879909,-0.37257642,0.6478779,1.989219,-6.3156505,-6.0595603,1.792129e-08,7.40308e-07,0.99626285,0.00025963614,0.0007203484,0.002754735,6.8127235e-07,8.801148e-07,2,17.837276,1.0,False,0.039466735,Test
297,0,-11.712576,-7.319499,11.360429,0.035940137,-0.066591695,1.8669723,-8.087818,-9.388564,9.538461e-11,7.715566e-09,0.9999018,1.2072422e-05,1.0895962e-05,7.53358e-05,3.578421e-09,9.745054e-10,2,23.073103,1.0,False,0.0015509088,Test
298,0,-8.488891,-6.4167194,10.397172,-0.5393363,-0.35027978,-0.40097824,-8.033407,-6.5972366,6.278578e-09,4.986472e-08,0.9999403,1.7795448e-05,2.1498841e-05,2.0436057e-05,9.900903e-09,4.1629058e-08,2,18.886122,1.0,False,0.0010214874,Test
299,1,-17.39044,-10.961432,17.985662,-0.6463225,0.50362474,1.9808283,-12.619694,-13.579141,4.328664e-16,2.6818643e-13,0.9999999,8.095279e-09,2.5565075e-08,1.1199256e-07,5.108138e-14,1.95695e-14,2,28.947094,1.0,False,3.6203023e-06,Test
300,0,-9.903959,-6.069476,8.473636,-0.20598854,-0.25955263,1.750695,-6.223138,-7.041426,1.0424281e-08,4.823259e-07,0.99846715,0.00016975428,0.00016090077,0.0012011516,4.1362438e-07,1.8248528e-07,2,18.379128,1.0,False,0.018039454,Test
301,0,-10.030123,-5.997803,9.308422,-2.2034626,1.390265,0.031962045,-7.861243,-2.503892,3.9918144e-09,2.2510474e-07,0.99952495,1.0005658e-05,0.0003638997,9.355746e-05,3.4922323e-08,7.4091918e-06,2,19.33902,1.0,False,0.006393164,Test
302,0,-26.759958,-18.05425,30.660583,0.322533,-0.4386042,0.64927226,-20.412212,-24.456877,1.1549852e-25,6.9729326e-22,1.0,6.673473e-14,3.117413e-14,9.2523794e-14,6.5973056e-23,1.1555542e-24,2,57.42054,1.0,False,8.325581e-12,Test
303,0,-13.399649,-8.396804,12.589915,0.02210496,0.07718558,3.376654,-9.233521,-12.202088,5.16214e-12,7.6831136e-10,0.99989307,3.4819536e-06,3.6791216e-06,9.9697645e-05,3.3277864e-10,1.709713e-11,2,25.98967,1.0,False,0.0016088621,Test
304,0,-8.840879,-5.462342,5.7727532,-0.8062692,0.35167417,1.9715527,-5.364277,-4.0296497,4.378104e-07,1.2840033e-05,0.9725365,0.0013510542,0.004300918,0.02173029,1.4163004e-05,5.3799296e-05,2,14.6414795,0.9999996,False,0.20701064,Test
305,0,-21.73638,-14.104988,22.532598,0.5865928,0.025151353,2.843467,-15.54202,-19.573174,5.94603e-20,1.2260198e-16,1.0,2.9442263e-10,1.6793464e-10,2.8126723e-09,2.9134188e-17,5.172431e-19,2,44.26898,1.0,False,9.4670014e-08,Test
306,0,-17.188908,-11.023546,17.617292,0.20051432,-0.0029348321,1.5628141,-12.020977,-13.982935,7.653501e-16,3.642854e-13,0.9999999,2.7289094e-08,2.226549e-08,1.0656851e-07,1.3435787e-13,1.8888418e-14,2,34.8062,1.0,False,3.892012e-06,Test
307,0,-18.74904,-12.016281,19.290466,0.39418498,-0.46941185,1.7024177,-12.125131,-16.270727,3.017539e-17,2.5331e-14,1.0,6.2151115e-09,2.620559e-09,2.2993621e-08,2.2718518e-14,3.5972372e-16,2,38.039505,1.0,False,8.2758595e-07,Test
308,0,-18.414124,-11.81078,20.006094,-1.0390811,0.8749649,1.3090543,-14.425366,-13.895665,2.0621047e-17,1.5209236e-14,1.0,7.2476364e-10,4.914242e-09,7.5854e-09,1.1132849e-15,1.8908308e-15,2,38.42022,1.0,False,3.622505e-07,Test
309,0,-11.650127,-6.948121,10.96586,-1.5996168,1.038082,0.3160699,-8.272748,-4.3400893,1.5064969e-10,1.6596756e-08,0.9999238,3.490193e-06,4.879638e-05,2.3703995e-05,4.413113e-09,2.2525643e-07,2,22.616064,1.0,False,0.0012419705,Test
310,0,-11.168253,-6.9293504,10.494383,-1.0517102,0.58452386,0.6605488,-7.8147388,-5.339424,3.908298e-10,2.7096917e-08,0.9998869,9.672671e-06,4.9676833e-05,5.3600786e-05,1.1178928e-08,1.328666e-07,2,21.662748,1.0,False,0.0017989523,Test
311,0,-16.905802,-10.891052,17.644306,0.03377181,0.054021016,1.989295,-12.24533,-14.18754,9.887303e-16,4.0480995e-13,0.99999976,2.2482359e-08,2.2942274e-08,1.5889671e-07,1.0449499e-13,1.4983205e-14,2,34.55011,1.0,False,5.00016e-06,Test
312,0,-11.0409,-7.011023,9.03072,0.17716454,-0.27714834,3.415029,-6.595952,-9.571699,1.9112898e-09,1.07517856e-07,0.9961409,0.00014232147,9.035767e-05,0.0036262462,1.6283339e-07,8.306019e-09,2,20.075487,1.0,False,0.03799498,Test
313,0,-8.889841,-5.4952736,8.358541,-0.4424176,-0.07553394,0.48610815,-6.215797,-5.1031065,3.2269796e-08,9.616977e-07,0.9992487,0.00015047565,0.00021717089,0.00038081998,4.678638e-07,1.4234905e-06,2,17.249134,0.99999994,False,0.010020272,Test
314,0,-7.606106,-4.39017,3.020818,-0.25341567,-0.4177142,1.1544969,-3.1409214,-1.318653,1.9553e-05,0.0004873899,0.8061719,0.030510273,0.02588762,0.12470811,0.00169988,0.010515245,2,10.8423815,0.99998045,False,1.0056182,Test
315,0,-18.70979,-12.067958,19.065588,0.8583358,-0.5383098,2.861972,-12.585657,-17.567646,3.9297316e-17,3.0121264e-14,0.9999999,1.2379145e-08,3.0629197e-09,9.180351e-08,1.7948942e-14,1.2313723e-16,2,37.775375,1.0,False,2.7298602e-06,Test
316,0,-25.593435,-16.858992,28.023937,0.7739111,-0.669763,1.7723194,-18.335783,-23.640415,5.179309e-24,3.218048e-20,1.0,1.4637394e-12,3.4552867e-13,3.972532e-12,7.349032e-21,3.6513784e-23,2,53.61737,1.0,False,2.223003e-10,Test
317,0,-17.249884,-10.933667,17.617504,0.702336,-0.66365516,2.8700988,-11.554217,-16.555243,7.199238e-16,3.984594e-13,0.9999995,4.506458e-08,1.1497239e-08,3.9380674e-07,2.142307e-13,1.4420002e-15,2,34.867386,1.0,False,1.0469552e-05,Test
318,0,-9.232395,-5.868009,9.359338,-0.32631862,-0.13269542,0.5697651,-6.93707,-6.2503376,8.425336e-09,2.436247e-07,0.99970955,6.2150786e-05,7.542864e-05,0.0001522688,8.3643826e-08,1.6621797e-07,2,18.592022,1.0,False,0.0042624725,Test
319,0,-18.584425,-11.4985485,19.671476,-1.1843836,0.8510123,1.040794,-13.156829,-13.450667,2.4303743e-17,2.9042246e-14,1.0,8.758207e-10,6.704659e-09,8.1058324e-09,5.5315724e-15,4.1232166e-15,2,38.2559,1.0,False,4.2627192e-07,Test
320,0,-19.005346,-12.182762,19.41018,0.12291324,0.20962116,3.5588124,-13.845506,-17.22092,2.0718027e-17,1.9026544e-14,0.9999999,4.2038466e-09,4.584624e-09,1.305686e-07,3.6077793e-15,1.2340009e-16,2,38.415527,1.0,False,3.4018874e-06,Test
321,0,-21.589,-13.895415,23.338259,-0.52152056,0.45384872,1.4925508,-15.95987,-17.514614,3.078494e-20,6.7549356e-17,1.0,4.3433965e-11,1.1519315e-10,3.2548428e-10,8.571148e-18,1.8105974e-18,2,44.92726,1.0,False,1.555642e-08,Test
322,0,-0.75793636,-3.5577478,3.311923,0.9954356,-1.8451157,0.32515782,-4.1420856,-7.2668843,0.014553929,0.0008851923,0.85211414,0.08403499,0.0049070935,0.042989478,0.00049347256,2.1686023e-05,2,4.229894,0.9854461,False,0.8333403,Test
323,0,-14.767353,-9.377588,13.958622,0.27117822,0.10290532,3.3093505,-9.997155,-13.011244,3.345464e-13,7.331646e-11,0.99997425,1.1365997e-06,9.605666e-07,2.3717515e-05,3.9457302e-11,1.936979e-12,2,28.726,1.0,False,0.0004433577,Test
324,0,-12.3310795,-7.9556723,12.362276,0.11958819,-0.14251636,1.8014861,-8.869248,-10.288781,1.887109e-11,1.4997285e-09,0.99996555,4.8200677e-06,3.7087093e-06,2.5911477e-05,6.015209e-10,1.4546397e-10,2,24.69339,1.0,False,0.0005966005,Test
325,0,-17.160492,-11.070957,17.93105,0.20035516,-0.20819499,2.4102106,-12.337276,-15.715311,5.7535666e-16,2.5385661e-13,0.99999976,1.993689e-08,1.3250317e-08,1.817127e-07,7.155385e-14,2.4410147e-15,2,35.09154,1.0,False,5.183608e-06,Test
326,0,-10.86941,-6.363665,10.951361,-2.4756653,1.4811839,0.082903884,-8.694176,-4.13989,3.3367015e-10,3.020908e-08,0.999902,1.4746e-06,7.711022e-05,1.9047879e-05,2.937713e-09,2.7919666e-07,2,21.820868,1.0,False,0.001529061,Test
327,0,-21.415182,-14.344831,22.279638,0.5946505,0.1613443,3.8166661,-15.985897,-20.18097,1.05579744e-19,1.2422096e-16,1.0,3.8223405e-10,2.4782612e-10,9.585899e-09,2.407077e-17,3.627368e-19,2,43.69482,1.0,False,2.752005e-07,Test
328,0,-15.540057,-9.376487,16.294529,-0.8135694,0.34827,0.83451015,-10.727961,-11.244845,1.4942193e-14,7.099356e-12,0.99999964,3.715753e-08,1.18748396e-07,1.9310737e-07,1.8377303e-12,1.0959762e-12,2,31.834587,1.0,False,8.4724015e-06,Test
329,0,-18.019283,-11.962434,17.935883,0.10751524,0.3615141,3.7319481,-13.5118,-16.032564,2.4258812e-16,1.03592014e-13,0.9999993,1.8081655e-08,2.3310355e-08,6.781242e-07,2.200114e-14,1.7688522e-15,2,35.955166,1.0,False,1.5984084e-05,Test
330,0,-7.220499,-3.561186,0.08418735,1.0835577,-1.9569697,-0.61542434,-0.4519026,1.2858107,8.119994e-05,0.003153371,0.120764874,0.32806632,0.015684742,0.059993353,0.070651226,0.40160492,7,9.418596,0.9999188,False,2.0593362,Test
331,0,-11.375162,-6.9844875,8.328709,-1.6660495,1.3657033,1.6768537,-7.634853,-4.3036695,2.7651934e-09,2.2313682e-07,0.9977181,4.553437e-05,0.0009440895,0.0012886765,1.1644503e-07,3.2571365e-06,2,19.706156,1.0,False,0.025870237,Test
332,0,-17.571978,-11.151068,17.619822,0.18888885,0.08400224,3.1161172,-12.2003,-15.43978,5.204699e-16,3.1986103e-13,0.9999995,2.6905544e-08,2.4226457e-08,5.0248275e-07,1.1201739e-13,4.3893235e-15,2,35.1918,1.0,False,1.24916205e-05,Test
333,0,-24.411726,-16.029531,26.137344,0.86263686,-0.6573386,2.5219686,-17.26312,-22.626614,1.1138248e-22,4.865838e-19,1.0,1.0551978e-11,2.307899e-12,5.545909e-11,1.417153e-19,6.638686e-22,2,50.549072,1.0,False,2.363459e-09,Test
334,0,-15.256432,-10.177469,13.611549,1.1817517,-1.3294734,3.1700647,-9.019269,-14.685326,2.9025559e-13,4.6617175e-11,0.9999665,3.9975394e-06,3.2447534e-07,2.9194858e-05,1.4843843e-10,5.1381734e-13,2,28.868015,1.0,False,0.00056680193,Test
335,1,-16.793016,-10.843297,16.598495,0.7419439,-0.70474094,3.2593315,-11.178192,-16.313913,3.1495656e-15,1.2083161e-12,0.9999982,1.2989324e-07,3.0570273e-08,1.6101784e-06,8.6444437e-13,5.0853694e-15,2,27.441793,1.0,False,3.7301244e-05,Test
336,0,-16.500147,-10.642431,17.45585,-0.2753134,0.29782128,2.2602098,-12.497501,-14.228915,1.7910082e-15,6.267165e-13,0.99999976,1.99275e-08,3.5347796e-08,2.515458e-07,9.8044775e-14,1.7357269e-14,2,33.955997,1.0,False,7.243304e-06,Test
337,0,-14.891658,-9.464574,14.847644,-0.28801814,-0.019119564,2.9223673,-10.508456,-13.394916,1.2144573e-13,2.762707e-11,0.9999927,2.670929e-07,3.4949718e-07,6.620868e-06,9.72708e-12,5.4251173e-13,2,29.73931,1.0,False,0.00013764368,Test
338,0,-19.39377,-12.326628,20.563799,0.10631464,-0.010150328,1.9769307,-13.7515,-17.296448,4.4324945e-18,5.198394e-15,1.0,1.3044489e-09,1.1610398e-09,8.468874e-09,1.2504161e-15,3.6099783e-17,2,39.95757,1.0,False,3.00056e-07,Test
339,0,-9.566681,-5.771339,8.399925,-1.2313243,0.43649057,-0.32392743,-6.3789005,-3.0213315,1.5737896e-08,7.00233e-07,0.99941206,6.560638e-05,0.00034775137,0.0001625636,3.8140126e-07,1.09535695e-05,2,17.967194,1.0,False,0.008004659,Test
340,0,-20.580898,-13.206674,22.129889,0.71491563,-0.65738636,1.2956219,-14.420222,-18.366463,2.8245013e-19,4.5032454e-16,1.0,5.0072085e-10,1.2694397e-10,8.94938e-10,1.3381012e-16,2.5861713e-18,2,42.710785,1.0,False,4.6542823e-08,Test
341,0,-9.451165,-5.8395104,7.60923,-0.999656,0.44978613,2.2983315,-6.092715,-5.9468,3.8744457e-08,1.4346009e-06,0.9941334,0.0001814066,0.0007729256,0.0049085207,1.1136939e-06,1.2886516e-06,2,17.066278,0.99999994,False,0.056410454,Test
342,0,-20.057203,-12.914993,21.036095,-0.314983,0.3814764,1.3900789,-14.152894,-15.63751,1.4236612e-18,1.7998233e-15,1.0,5.3375826e-10,1.0710597e-09,2.9365947e-09,5.2193546e-16,1.1826463e-16,2,41.0933,1.0,False,1.3158981e-07,Test
343,0,-16.94977,-10.923302,17.645922,-0.10186751,0.10364194,2.3297033,-12.300325,-14.76913,9.446739e-16,3.9133063e-13,0.99999976,1.9598954e-08,2.4070461e-08,2.2297222e-07,9.874385e-14,8.3622345e-15,2,34.59569,1.0,False,6.381925e-06,Test
344,0,-20.932299,-13.545762,22.228088,0.8214087,-0.72915137,2.8057091,-14.799979,-20.136456,1.8017017e-19,2.9081352e-16,1.0,5.048907e-10,1.07102036e-10,3.6725538e-09,8.296868e-17,3.9931198e-19,2,43.160385,1.0,False,1.2204701e-07,Test
345,0,-16.382076,-10.167588,16.789396,0.9911625,-1.304334,1.9752963,-10.420038,-15.511488,3.9247606e-15,1.962139e-12,0.9999995,1.3769366e-07,1.3867313e-08,3.6839845e-07,1.5243775e-12,9.373549e-15,2,33.17147,1.0,False,1.2061871e-05,Test
346,0,-22.955854,-14.729949,24.29526,0.49618074,-0.11578418,3.049117,-16.440596,-21.361282,3.0137136e-21,1.126076e-17,1.0,4.615213e-11,2.5027569e-11,5.9281224e-10,2.0353679e-18,1.4846246e-20,2,47.251114,1.0,False,2.0636746e-08,Test
347,0,-22.102468,-14.082974,23.343409,0.4468504,-0.23173217,2.726524,-15.670873,-20.06267,1.8327632e-20,5.570933e-17,1.0,1.1380226e-10,5.7736014e-11,1.1122462e-09,1.1384462e-17,1.4092229e-19,2,45.445877,1.0,False,3.880542e-08,Test
348,0,-6.421129,-4.1749916,2.1234386,-0.584317,-0.42032677,2.2368915,-2.9300203,-2.3675203,8.516282e-05,0.00080488756,0.4376317,0.029184045,0.034384724,0.49020842,0.0027952418,0.004905802,5,9.370946,0.9999148,False,1.4126964,Test
349,0,-15.0825815,-10.189243,14.649697,0.30976856,-0.496489,4.1645045,-10.576051,-15.906712,1.22299e-13,1.6314474e-11,0.9999713,5.918827e-07,2.6429112e-07,2.7946406e-05,1.1081138e-11,5.3642397e-14,2,29.732307,1.0,False,0.00048238487,Test
350,0,-14.2893915,-8.952676,14.185687,0.021750309,-0.060150545,1.8112069,-9.7669325,-11.174768,4.2996008e-13,8.9358174e-11,0.9999945,7.0579426e-07,6.502931e-07,4.2250235e-06,3.9582854e-11,9.684834e-12,2,28.475084,1.0,False,0.00011130303,Test
351,0,-19.618698,-12.82205,19.718449,0.3360202,0.23079574,4.362869,-14.220695,-18.439312,8.2431675e-18,7.3763525e-15,0.99999976,3.8222394e-09,3.440483e-09,2.143663e-07,1.8214484e-15,2.6809888e-17,2,39.337147,1.0,False,5.2965215e-06,Test
352,0,-22.395926,-14.295376,23.869083,-0.053134114,0.06182509,1.4703656,-15.784911,-18.59229,8.079096e-21,2.6630906e-17,1.0,4.0804925e-11,4.577612e-11,1.8722353e-10,6.004662e-18,3.6246015e-19,2,46.265007,1.0,False,9.030574e-09,Test
353,0,-11.2149725,-7.086567,10.342184,0.60628366,-0.6429529,2.7174642,-7.220213,-10.7762575,4.3411144e-10,2.694912e-08,0.99943596,5.908904e-05,1.6942231e-05,0.00048795674,2.3577778e-08,6.7318107e-10,2,21.55772,1.0,False,0.007281249,Test
354,0,-23.482038,-15.21013,24.931631,0.8811849,-0.51455224,2.5322294,-16.50259,-21.706234,9.423461e-22,3.6868408e-18,1.0,3.5894194e-11,8.889199e-12,1.8709537e-10,1.0123884e-18,5.5645926e-21,2,48.41367,1.0,False,7.617852e-09,Test
355,0,-9.953439,-5.7778683,9.346483,-1.7483783,0.46884474,-1.3019707,-6.7397118,-1.6785083,4.150164e-09,2.700803e-07,0.99980503,1.518721e-05,0.0001394459,2.373289e-05,1.0322136e-07,1.6286289e-05,2,19.300117,1.0,False,0.0029426003,Test
356,1,-9.551769,-5.4201,6.282472,-0.67304635,0.11880188,-0.21448947,-5.0222917,-0.74231553,1.3210047e-07,8.227462e-06,0.9945537,0.000948167,0.0020930537,0.0014998011,1.22470565e-05,0.0008847114,2,11.708033,0.9999918,False,0.059371185,Test
357,0,-9.633258,-5.321677,9.129757,-2.6245832,0.84552425,-2.2668555,-6.942188,1.1940048,7.0966326e-09,5.29113e-07,0.9993705,7.8502135e-06,0.00025230728,1.1226406e-05,1.04657275e-07,0.00035749772,2,18.763645,1.0,False,0.008348223,Test
358,0,-20.602865,-13.203473,21.731712,1.3311597,-1.4853116,2.3756304,-13.628554,-20.031437,4.1145822e-19,6.727321e-16,1.0,1.3808691e-09,8.2598976e-11,3.92428e-09,4.3977535e-16,7.286093e-19,2,42.33458,1.0,False,1.5299338e-07,Test
359,0,-19.764158,-12.561789,20.812172,0.45053017,-0.4870066,2.3847525,-13.56889,-18.221022,2.3873872e-18,3.2053266e-15,1.0,1.4356604e-09,5.6219124e-10,9.932837e-09,1.1708323e-15,1.11711685e-17,2,40.576332,1.0,False,3.235147e-07,Test
360,0,-13.329576,-8.360271,12.598297,0.36488912,-0.11914767,2.3288345,-8.848175,-11.063346,5.4909805e-12,7.9029794e-10,0.99995744,4.8649677e-06,2.9982345e-06,3.467453e-05,4.851734e-10,5.2949284e-11,2,25.927914,1.0,False,0.0007160395,Test
361,0,-23.91551,-15.486173,25.820135,1.1791383,-1.0620382,2.118272,-16.492672,-22.798,2.5123705e-22,1.1505303e-18,1.0,1.9886164e-11,2.1145618e-12,5.0864174e-11,4.205157e-19,7.6809137e-22,2,49.735645,1.0,False,2.5282287e-09,Test
362,1,-7.501424,-4.2008333,3.8136115,-0.9208317,-0.28667587,-0.19686198,-3.2115362,0.95037526,1.1062205e-05,0.00030010272,0.9076092,0.007975471,0.01503719,0.016450249,0.00080707914,0.051809717,2,8.111385,0.9996999,False,0.6043082,Test
363,1,-22.87879,-14.582129,24.21454,0.3888127,-0.18474872,3.004496,-16.257343,-20.967903,3.5287953e-21,1.4152096e-17,1.0,4.4938445e-11,2.5323455e-11,6.146028e-10,2.6502288e-18,2.3851456e-20,2,38.79667,1.0,False,2.1242704e-08,Test
364,0,-25.196342,-16.335934,27.444124,-0.5098562,0.75942814,1.815029,-19.00422,-20.902205,1.3757408e-23,9.695308e-20,1.0,7.24004e-13,2.5762244e-12,7.403301e-12,6.7257644e-21,1.00799e-21,2,52.640465,1.0,False,4.021144e-10,Test
365,0,-11.981891,-7.3902974,12.129324,-0.6901195,0.20544465,1.0613616,-8.669845,-8.6401415,3.377708e-11,3.3321572e-09,0.99997497,2.7075437e-06,6.630007e-06,1.5603931e-05,9.26884e-10,9.548266e-10,2,24.111238,1.0,False,0.00044938276,Test
366,0,-16.5942,-10.414069,16.655035,0.5904741,-0.57820535,2.688192,-10.850314,-15.128859,3.63111e-15,1.7540317e-12,0.99999905,1.0549937e-07,3.2786758e-08,8.595614e-07,1.1339101e-12,1.5719183e-14,2,33.249237,1.0,False,2.1956283e-05,Test
367,0,-11.971474,-7.8200946,11.278657,-0.21101771,0.030214155,1.3986669,-8.576936,-7.9724407,7.9903285e-11,5.075578e-09,0.9999256,1.0234472e-05,1.3026601e-05,5.1185e-05,2.381186e-09,4.358347e-09,2,23.250204,1.0,False,0.0012184504,Test
368,0,-23.432222,-15.058948,25.212002,0.6811663,-0.63114476,2.1482677,-16.239435,-21.684998,7.483091e-22,3.240026e-18,1.0,2.220206e-11,5.9767313e-12,9.6282544e-11,9.951048e-19,4.294296e-21,2,48.644226,1.0,False,4.2122767e-09,Test
369,0,-21.42355,-13.724501,22.372446,1.0907435,-0.9132368,2.462408,-14.356447,-20.103502,9.5420105e-20,2.1052091e-16,1.0,5.7210303e-10,7.711813e-11,2.2551756e-09,1.1190367e-16,3.5721529e-19,2,43.795998,1.0,False,8.493393e-08,Test
370,0,-11.350191,-6.7751293,10.577131,-0.9259627,0.23551404,0.6669731,-7.357438,-5.93479,2.9994723e-10,2.910509e-08,0.99990785,1.0097872e-05,3.2259122e-05,4.9663002e-05,1.6258298e-08,6.744097e-08,2,21.927414,1.0,False,0.0014945553,Test
371,0,-7.7787704,-4.987817,1.9418329,-0.16752094,-0.69069475,2.6207874,-2.8637125,-2.9130003,1.886643e-05,0.00030745778,0.3142637,0.038125318,0.022594461,0.6196699,0.0025720082,0.002448313,5,10.878126,0.9999811,False,1.3031224,Test
372,0,-7.5239296,-4.5268373,3.8154216,-0.14648332,-0.48965287,2.50868,-3.602535,-4.634764,9.120265e-06,0.0001826537,0.7666997,0.014587868,0.010350351,0.20754613,0.00046030717,0.0001639669,2,11.605012,0.9999909,False,0.93147796,Test
373,0,-13.67309,-8.574019,13.1268015,0.081514545,0.12449184,2.4549315,-9.382576,-11.414153,2.2958452e-12,3.7621942e-10,0.99997234,2.160189e-06,2.2550523e-06,2.3187484e-05,1.6760615e-10,2.1977933e-11,2,26.79992,1.0,False,0.00047978968,Test
374,0,-8.647595,-4.8423395,8.714675,-2.1572812,1.1390226,-0.9386565,-7.027887,-1.4590957,2.8799558e-08,1.2941586e-06,0.9993648,1.8971148e-05,0.0005124602,6.417048e-05,1.4548444e-07,3.8133923e-05,2,17.362906,1.0,False,0.0082977805,Test
375,0,-19.700562,-12.604425,20.490294,0.4570622,-0.22353916,2.1491299,-13.443796,-17.617912,3.510206e-18,4.2378558e-15,1.0,1.9937836e-09,1.0094776e-09,1.0827641e-08,1.8306785e-15,2.817187e-17,2,40.190857,1.0,False,3.742983e-07,Test
376,0,-20.631533,-13.104427,21.851343,0.11925707,0.16819626,2.650659,-14.958174,-18.549236,3.5474923e-19,6.5902356e-16,1.0,3.646489e-10,3.8293824e-10,4.584047e-09,1.032357e-16,2.8461018e-18,2,42.482876,1.0,False,1.5039338e-07,Test
377,0,-9.207535,-5.5750194,7.276791,-1.0147476,0.4589861,1.883077,-5.3874755,-5.2946057,6.8927726e-08,2.6060045e-06,0.9941354,0.0002491588,0.0010877035,0.004518407,3.1435795e-06,3.4495088e-06,2,16.490208,0.99999994,False,0.057494693,Test
378,0,-10.764472,-6.4247384,10.252513,-0.71567535,0.47194362,0.72480416,-7.2489505,-6.035698,7.453765e-10,5.716074e-08,0.99985325,1.7239021e-05,5.6531313e-05,7.279555e-05,2.5069605e-08,8.434431e-08,2,21.017132,1.0,False,0.00228682,Test
379,0,-8.160915,-4.8476667,6.3786426,-1.7550133,0.6043285,0.5564512,-5.510794,-1.5441428,4.815384e-07,1.3229912e-05,0.99330115,0.00029152728,0.0030855194,0.0029412734,6.816543e-06,0.00035996395,2,14.54628,0.9999995,False,0.06798327,Test
380,0,-18.977123,-11.801805,19.65247,-1.9332094,1.2192012,1.4068935,-13.720063,-13.506953,1.6725572e-17,2.1856604e-14,1.0,4.2214254e-10,9.87492e-09,1.19137e-08,3.2099152e-15,3.972329e-15,2,38.629593,1.0,False,5.89359e-07,Test
381,0,-25.473448,-16.335188,27.63723,-0.5036918,0.31942612,1.0663552,-17.984535,-20.851866,8.596564e-24,7.998725e-20,1.0,6.0055476e-13,1.367818e-12,2.8867924e-12,1.5371602e-20,8.738814e-22,2,53.11068,1.0,False,1.8895056e-10,Test
382,0,-23.153706,-14.791273,24.408033,0.1726746,0.19994353,2.7167745,-16.637585,-20.268969,2.209022e-21,9.461446e-18,1.0,2.9834395e-11,3.0659156e-11,3.798444e-10,1.4931911e-18,3.95389e-20,2,47.561737,1.0,False,1.4000706e-08,Test
383,0,-18.074049,-11.506979,18.651987,-0.35711977,0.5034624,2.4334311,-12.93034,-15.214344,1.1222385e-16,7.982289e-14,0.9999999,5.5519993e-09,1.3127909e-08,9.0442136e-08,1.9229574e-14,1.9590178e-15,2,36.726036,1.0,False,2.784176e-06,Test
384,0,-7.308379,-4.645137,2.8558185,0.1185601,-0.68986857,3.398664,-2.9966025,-5.577462,1.36702765e-05,0.00019606893,0.35483962,0.022975018,0.010236696,0.6106423,0.0010194313,7.718005e-05,5,11.200287,0.99998635,False,1.171492,Test
385,0,-8.255318,-4.464426,4.934105,-1.8542207,0.21818528,-0.7991243,-4.3603396,2.0820558,1.7459383e-06,7.733787e-05,0.9335172,0.0010519373,0.008356502,0.00302143,8.5821506e-05,0.053888135,2,13.258219,0.9999983,False,0.41536227,Test
386,0,-16.898773,-10.905658,16.492016,0.2745039,0.02108612,3.8253136,-11.786959,-15.472441,3.1518325e-15,1.2628148e-12,0.99999666,9.0536254e-08,7.026912e-08,3.154421e-06,5.2311356e-13,1.31223445e-14,2,33.390793,1.0,False,6.624812e-05,Test
387,0,-21.45904,-14.11578,23.132305,-0.40057138,0.38434088,1.961182,-16.04128,-18.058386,4.3074888e-20,6.6582825e-17,1.0,6.0228406e-11,1.3203358e-10,6.3899563e-10,9.7079745e-18,1.2915495e-18,2,44.591347,1.0,False,2.5895078e-08,Test
388,0,-8.48995,-5.206876,6.9593678,-0.6014884,0.10159671,1.5555439,-5.6037626,-5.3604226,1.9400461e-07,5.1716984e-06,0.99395245,0.00051728205,0.0010448971,0.0044721332,3.4775023e-06,4.435564e-06,2,15.455384,0.9999998,False,0.059833832,Test
389,0,-8.176971,-4.9637127,5.337523,-0.47612685,-0.13950236,2.8004222,-4.5592127,-5.797155,1.2438119e-06,3.092112e-05,0.92050225,0.0027490894,0.0038493099,0.072807476,4.63369e-05,1.3436795e-05,2,13.59733,0.99999875,False,0.44083625,Test
390,0,-18.093931,-11.600186,18.33355,0.2587527,-0.025977653,2.9646382,-12.556385,-16.147684,1.5126735e-16,9.99871e-14,0.99999976,1.4132384e-08,1.0630615e-08,2.1152725e-07,3.8430122e-14,1.0592324e-15,2,36.427483,1.0,False,5.6841886e-06,Test
391,0,-26.398628,-17.087955,28.070322,1.2391108,-0.7988904,2.7493613,-18.283047,-24.89419,2.210224e-24,2.443478e-20,1.0,2.225118e-12,2.899079e-13,1.007503e-11,7.39583e-21,9.94958e-24,2,54.46895,1.0,False,4.6625226e-10,Test
392,0,-23.724262,-14.935939,25.352861,-0.12876427,0.11175929,2.7526486,-16.688507,-21.364355,4.853725e-22,3.1827079e-18,1.0,8.579663e-12,1.0912609e-11,1.5305679e-10,5.5165363e-19,5.1400894e-21,2,49.077126,1.0,False,5.7032414e-09,Test
393,0,-7.20191,-4.981706,0.87072825,-0.05428458,-0.58937126,4.747022,-2.688864,-5.593889,6.2508043e-06,5.7564986e-05,0.020037262,0.007945302,0.0046529165,0.96669936,0.0005700685,3.120976e-05,5,11.9828005,0.99999374,False,0.25926968,Test
394,0,-6.668907,-4.552934,1.5471662,0.43707424,-1.1453872,4.9876633,-2.5686047,-7.8674707,8.2858905e-06,6.8753434e-05,0.030657347,0.010102473,0.0020757425,0.9565847,0.00050012436,2.4992498e-06,5,11.700956,0.9999917,False,0.30748013,Test
395,0,-6.510417,-3.3798258,5.519862,-1.6615775,0.3262327,-1.3231273,-4.609698,0.70291173,5.8690903e-06,0.00013432887,0.9845882,0.00074885046,0.005466258,0.0010504662,3.926833e-05,0.007966722,2,12.045811,0.99999416,False,0.13925879,Test
396,1,-28.550423,-19.142838,31.334097,0.48946258,0.009723086,2.4857948,-21.58962,-26.208092,9.828399e-27,1.1971403e-22,1.0,4.0211032e-14,2.4888433e-14,2.9603376e-13,1.036386e-23,1.0226904e-25,2,50.476936,1.0,False,1.523483e-11,Test
397,0,-2.914274,-2.514818,3.0563135,-0.40924436,-0.82371,-0.66280514,-2.9502952,-2.3485582,0.002343088,0.0034935754,0.9178715,0.028688593,0.018954359,0.022263283,0.002260189,0.0041254926,2,6.056286,0.99765694,False,0.5926443,Test
398,0,-20.194056,-13.051697,21.782057,1.5101779,-2.0679314,0.8281995,-12.408652,-19.617458,5.8885184e-19,7.4454715e-16,1.0,1.5704884e-09,4.386129e-11,7.940637e-10,1.4163289e-15,1.0481413e-18,2,41.976112,1.0,False,7.144459e-08,Test
399,1,-12.691474,-7.8354144,12.012103,-1.0446594,0.88864523,1.8126798,-8.884188,-8.415878,1.8678814e-11,2.4005424e-09,0.9999459,2.135485e-06,1.4761147e-05,3.7189766e-05,8.4107193e-10,1.3434345e-09,2,19.84757,1.0,False,0.0009025604,Test
400,0,-12.235963,-7.7956614,11.057378,0.29327694,-0.46614927,3.05298,-7.831803,-11.362706,7.650189e-11,6.4874013e-09,0.9996351,2.1137412e-05,9.890932e-06,0.0003338685,6.2571184e-09,1.8319884e-10,2,23.293705,1.0,False,0.004875058,Test
401,0,-14.236045,-8.651031,14.628642,-0.6375688,-0.011647258,0.17810133,-9.416146,-9.327277,2.912227e-13,7.758292e-11,0.9999988,2.3440586e-07,4.3833145e-07,5.2991896e-07,3.6097788e-11,3.945263e-11,2,28.864689,1.0,False,2.7193539e-05,Test
402,0,-14.369671,-8.846908,14.341744,-0.10189693,0.19657736,2.146255,-10.055638,-11.711498,3.3945988e-13,8.4975485e-11,0.9999937,5.3358474e-07,7.19166e-07,5.053163e-06,2.5371642e-11,4.844156e-12,2,28.71142,1.0,False,0.00012382113,Test
403,0,-23.528788,-15.18142,25.301876,0.7478549,-0.5066098,1.8881545,-16.402382,-21.658857,6.210283e-22,2.6201622e-18,1.0,2.169321e-11,6.1875305e-12,6.7850045e-11,7.728067e-19,4.02915e-21,2,48.830666,1.0,False,3.290742e-09,Test
404,0,-20.499971,-13.102539,21.351599,0.7630365,-0.5579252,3.026925,-14.198688,-19.587751,6.669512e-19,1.0883216e-15,1.0,1.1441978e-09,3.0536204e-10,1.1007679e-08,3.636698e-16,1.6606043e-18,2,41.85157,1.0,False,3.3464738e-07,Test
405,0,-11.832414,-7.320797,10.370568,0.19273126,-0.072003335,2.944139,-7.688276,-10.197379,2.2755155e-10,2.0722895e-08,0.99933785,3.7978145e-05,2.9144801e-05,0.00059491524,1.4350142e-08,1.1672565e-09,2,22.203644,1.0,False,0.008327065,Test
406,0,-9.740387,-7.3711896,11.49748,-0.5060765,-0.005964212,1.6948115,-9.173447,-10.324898,5.97696e-10,6.3886616e-09,0.9999285,6.121957e-06,1.0094536e-05,5.5299864e-05,1.0536573e-09,3.3314287e-10,2,21.237938,1.0,False,0.0011590379,Test
407,0,-9.504658,-5.7249317,8.358678,-1.222287,0.59644413,1.1886866,-6.5604377,-4.443539,1.7438216e-08,7.638636e-07,0.9987338,6.894289e-05,0.00042496627,0.00076835515,3.3125346e-07,2.7511696e-06,2,17.864601,1.0,False,0.015561609,Test
408,0,-6.2114477,-3.213265,4.0838084,-2.7469432,0.28899196,-2.4814837,-3.891379,5.0220337,9.435511e-06,0.00018917333,0.27921477,0.00030156472,0.0062787114,0.00039324965,9.6019256e-05,0.7135172,7,11.571031,0.9999906,False,0.919063,Test
409,0,-22.507732,-14.561,23.965092,-0.115276255,0.33683193,2.1596036,-16.343641,-19.200354,6.5630986e-21,1.8549431e-17,1.0,3.483606e-11,5.474913e-11,3.388415e-10,3.1198988e-18,1.7926113e-19,2,46.472824,1.0,False,1.3736041e-08,Test
410,0,-23.654564,-15.537671,25.020418,0.66223466,-0.30965096,2.2677712,-16.57101,-21.13812,7.256458e-22,2.4313374e-18,1.0,2.6386122e-11,9.9836875e-12,1.3141677e-10,8.651097e-19,8.986722e-21,2,48.67498,1.0,False,5.605858e-09,Test
411,0,-15.475131,-9.651029,15.967373,-0.20654921,-0.10953811,1.8292278,-10.81187,-12.516491,2.211532e-14,7.482894e-12,0.99999905,9.457028e-08,1.04204254e-07,7.2423757e-07,2.3438074e-12,4.2620123e-13,2,31.442505,1.0,False,2.0772171e-05,Test
412,0,-17.17087,-10.775775,17.552544,0.06309021,0.09412047,2.797587,-12.24023,-15.103245,8.3140725e-16,4.979285e-13,0.99999964,2.5376186e-08,2.6175972e-08,3.908439e-07,1.1512308e-13,6.5731133e-15,2,34.72341,1.0,False,1.0135419e-05,Test
413,0,-12.449571,-8.069892,11.539444,0.035861187,-0.002119597,2.9479232,-8.629409,-11.152155,3.816054e-11,3.0456777e-09,0.99979454,1.009179e-05,9.71568e-06,0.00018563544,1.7405595e-09,1.3966081e-10,2,23.98922,1.0,False,0.0029267007,Test
414,0,-27.26101,-18.047964,29.88357,0.71454644,-0.37480927,1.9025323,-20.050985,-24.748549,1.5220381e-25,1.5261575e-21,1.0,2.1480978e-13,7.2269156e-14,7.0467677e-13,2.0591988e-22,1.8774679e-24,2,57.144577,1.0,False,4.06409e-11,Test
415,0,-13.526174,-8.744963,10.686557,0.31643984,-0.43239546,4.8944182,-8.257067,-13.749454,3.042297e-11,3.627902e-09,0.996912,3.125879e-05,1.4782825e-05,0.0030420267,5.9094365e-09,2.4335057e-11,2,24.215822,1.0,False,0.030587047,Test
416,0,-22.102041,-14.61656,23.746403,0.28826392,-0.2324578,2.6168358,-16.235956,-20.514507,1.2253908e-20,2.1836238e-17,1.0,6.490221e-11,3.8557872e-11,6.6611006e-10,4.3239564e-18,5.9941966e-20,2,45.848442,1.0,False,2.3835739e-08,Test
417,0,-7.5299044,-6.1829677,9.505711,0.4779555,-1.0474356,0.92519665,-7.0985584,-9.959835,3.9937582e-08,1.5358482e-07,0.999666,0.0001199916,2.6102474e-05,0.00018766576,6.1476975e-08,3.5162184e-09,2,17.035948,0.99999994,False,0.0047713476,Test
418,0,-13.942445,-8.776001,13.553242,0.40792465,-0.13685022,2.7961712,-9.568172,-12.616886,1.1448929e-12,2.0068851e-10,0.99997556,1.9545678e-06,1.133595e-06,2.1293792e-05,9.088387e-11,4.3097023e-12,2,27.49571,1.0,False,0.00042509963,Test
419,1,-7.257204,-5.332062,8.432652,-0.30928147,-0.3357641,0.6704341,-6.5886636,-6.783469,1.5334143e-07,1.0513279e-06,0.999258,0.00015962613,0.00015545431,0.00042519582,2.9922836e-07,2.4626345e-07,2,13.765456,0.9999989,False,0.00984842,Test
420,0,-12.678836,-7.9759946,13.374201,-0.24372786,0.186476,1.8729249,-10.068964,-11.329374,4.845121e-12,5.3422283e-10,0.99998677,1.2184369e-06,1.8734324e-06,1.0117042e-05,6.588054e-11,1.8679613e-11,2,26.05305,1.0,False,0.00024647586,Test
421,0,-8.961366,-5.922559,6.2845216,0.012544064,-0.118891165,3.5749717,-5.6162305,-8.051719,2.23543e-07,4.667648e-06,0.9344713,0.0017647402,0.0015473876,0.062204733,6.340668e-06,5.551569e-07,2,15.313663,0.99999976,False,0.37141013,Test
422,0,-11.32525,-7.2464814,9.423159,0.59263855,-0.3180824,3.5124094,-7.153552,-10.403038,9.723354e-10,5.7438523e-08,0.9970932,0.00014577727,5.8636542e-05,0.0027022772,6.303216e-08,2.4452762e-09,2,20.75132,1.0,False,0.029927362,Test
423,0,-18.44489,-12.083436,18.6255,-0.40825975,0.5258479,3.00405,-13.419737,-15.508949,7.9530676e-17,4.6055235e-14,0.9999999,5.4168026e-09,1.3785459e-08,1.643201e-07,1.2104068e-14,1.4982941e-15,2,37.07039,1.0,False,4.3839796e-06,Test
424,0,-20.76729,-13.209286,21.962416,0.3656268,-0.29406124,2.084963,-14.399935,-18.696312,2.7715617e-19,5.3103725e-16,1.0,4.1747836e-10,2.1584137e-10,2.3298712e-09,1.614477e-16,2.198559e-18,2,42.729706,1.0,False,8.6752124e-08,Test
425,1,-18.119509,-11.401655,19.028725,-0.028506385,0.01575334,1.2517699,-12.876566,-14.466692,7.3574625e-17,6.084907e-14,1.0,5.291141e-09,5.5305867e-09,1.9035605e-08,1.39222155e-14,2.8387439e-15,2,30.43038,1.0,False,7.8538136e-07,Test
426,0,-23.215456,-14.89149,25.000658,0.22473678,-0.38862085,2.374958,-16.25361,-21.177362,1.148174e-21,4.7321733e-18,1.0,1.7376179e-11,9.409715e-12,1.4920498e-10,1.2119893e-18,8.81334e-21,2,48.216114,1.0,False,5.836111e-09,Test
427,0,-16.41617,-9.993716,17.566633,-3.5147312,2.4449978,-0.16542988,-13.982158,-7.374013,1.7436364e-15,1.0732296e-12,0.99999976,6.990045e-10,2.7086762e-07,1.9909605e-08,1.9885408e-14,1.4737184e-11,2,33.982803,1.0,False,6.784349e-06,Test
428,0,-12.746285,-8.296403,13.02877,-0.1598598,0.04236935,2.0063832,-9.551983,-11.207718,6.3977456e-12,5.4775506e-10,0.9999795,1.871724e-06,2.2912293e-06,1.633161e-05,1.5606104e-10,2.9800117e-11,2,25.775076,1.0,False,0.00036776369,Test
429,0,-23.117716,-14.679585,25.28931,0.48728195,-0.5309579,1.4282336,-16.229889,-21.165451,9.486254e-22,4.382576e-18,1.0,1.6928396e-11,6.1150473e-12,4.337767e-11,9.299098e-19,6.6827223e-21,2,48.40703,1.0,False,2.3267621e-09,Test
430,0,-11.653879,-7.767455,9.649601,-0.03926263,0.031036548,4.5781074,-7.9527807,-11.607225,5.5621774e-10,2.7107967e-08,0.9936392,6.157559e-05,6.606009e-05,0.0062331418,2.2522213e-08,5.8278227e-10,2,21.309862,1.0,False,0.05659018,Test
431,0,-9.876369,-5.6954856,8.352933,-0.7480468,-0.19234361,-0.018304063,-5.4860215,-3.4511023,1.21025705e-08,7.91794e-07,0.9994536,0.0001114955,0.00019435519,0.00023130269,9.762946e-07,7.4702525e-06,2,18.229849,1.0,False,0.007605031,Test
432,1,-12.025841,-7.703771,11.099398,-0.46379045,0.41175845,1.9803498,-8.578331,-8.057329,9.0526336e-11,6.82065e-09,0.99985814,9.508443e-06,2.2822103e-05,0.000109543376,2.8445226e-09,4.789362e-09,2,18.80331,1.0,False,0.0021567438,Test
433,0,-22.165571,-13.995404,23.307396,0.2063925,0.049118336,3.3539987,-15.866284,-20.38778,1.7837765e-20,6.303767e-17,1.0,9.276018e-11,7.9260765e-11,2.1594815e-09,9.707049e-18,1.05542294e-19,2,45.47297,1.0,False,6.791532e-08,Test
434,0,-10.88902,-6.7934284,10.175125,0.11071833,-0.18057404,2.6747475,-7.55086,-9.879731,7.1069967e-10,4.2695145e-08,0.99937314,4.2541375e-05,3.1791024e-05,0.00055252895,2.0018446e-08,1.9499105e-09,2,21.064772,1.0,False,0.007977899,Test
435,0,-12.923969,-8.316646,13.072575,0.06253281,-0.053985108,1.9204899,-9.510387,-10.983205,5.126682e-12,5.137729e-10,0.9999814,2.2377028e-06,1.9915888e-06,1.4345089e-05,1.5571704e-10,3.5702618e-11,2,25.996563,1.0,False,0.0003373674,Test
436,0,-11.866158,-7.196206,12.228511,-0.7569325,0.3912317,0.48731884,-8.593933,-7.7898726,3.4340805e-11,3.6639118e-09,0.9999825,2.2934332e-06,7.2298167e-06,7.958983e-06,9.055646e-10,2.023574e-09,2,24.094687,1.0,False,0.0003266352,Test
437,0,-25.874208,-16.750118,27.190475,0.95245856,-0.85686654,3.557238,-17.430517,-24.689964,9.001221e-24,8.257387e-20,1.0,4.026933e-12,6.594684e-13,5.4477256e-11,4.181656e-20,2.9417876e-23,2,53.064682,1.0,False,2.03655e-09,Test
438,0,-24.482388,-16.377302,25.799297,0.78762907,-0.36838502,2.9210951,-17.381819,-22.617523,1.4552638e-22,4.818772e-19,1.0,1.3726825e-11,4.3203587e-12,1.1591054e-10,1.7647387e-19,9.393815e-22,2,50.281685,1.0,False,4.4841983e-09,Test
439,0,-22.473125,-14.502751,24.227087,0.6004395,-0.3751103,2.093201,-15.850341,-20.936388,5.2282488e-21,1.5130194e-17,1.0,5.483744e-11,2.0672896e-11,2.4399183e-10,3.9318293e-18,2.4308156e-20,2,46.70021,1.0,False,1.0394201e-08,Test
440,0,-13.242222,-9.07372,14.487395,-0.5201989,0.37490812,1.3210317,-10.880906,-10.624906,9.061051e-13,5.8551275e-11,0.999997,3.0358714e-07,7.430594e-07,1.9139015e-06,9.60916e-12,1.2412664e-11,2,27.729622,1.0,False,6.2358835e-05,Test
441,0,-8.541831,-4.734769,5.6166663,-1.1951848,0.3785108,0.0052294303,-4.967604,-0.8543979,7.014604e-07,3.157834e-05,0.9884626,0.001087955,0.005248779,0.0036136343,2.5019002e-05,0.0015297232,2,14.170101,0.9999993,False,0.11150242,Test
442,0,-11.372344,-7.1703687,9.408079,0.40475813,-0.3926823,3.5067043,-6.9610734,-10.389121,9.41702e-10,6.292279e-08,0.99709415,0.00012264325,5.5248394e-05,0.0027277316,7.7571784e-08,2.5172235e-09,2,20.783333,1.0,False,0.0297995,Test
443,0,-7.275962,-5.1879473,8.058117,-0.2512679,-0.1840134,0.2497699,-6.3282776,-5.6420083,2.1882403e-07,1.7656647e-06,0.99908125,0.00024596913,0.00026308076,0.00040595574,5.6450665e-07,1.1212752e-06,2,15.334998,0.99999976,False,0.01204849,Test
444,1,-7.797982,-4.3852887,6.8221807,-1.8074042,0.7194028,-0.5973255,-5.6362996,-0.5790667,4.4561986e-07,1.3523163e-05,0.99636996,0.00017808993,0.0022285266,0.0005972691,3.8705366e-06,0.0006082746,2,11.211106,0.99998647,False,0.040270474,Test
445,0,-10.4977455,-6.378624,8.322252,-0.71617544,0.10983507,1.9737968,-6.5175843,-5.9449058,6.6934502e-09,4.1168192e-07,0.9978637,0.000118503754,0.00027068463,0.0017457099,3.5827154e-07,6.352183e-07,2,18.822136,1.0,False,0.023856051,Test
446,0,-3.309792,-2.9996927,4.0064874,0.10636405,-1.0251259,-0.3762341,-3.4125187,-4.168692,0.000638018,0.00086997636,0.95995903,0.01942901,0.0062668715,0.0119911535,0.0005757304,0.00027028215,2,7.357144,0.999362,False,0.31446534,Test
447,0,-22.91203,-14.494245,24.167763,-0.34278977,0.4675691,3.6939058,-16.545063,-20.925146,3.5768946e-21,1.619213e-17,1.0,2.2656975e-11,5.094913e-11,1.2832655e-09,2.082785e-18,2.608541e-20,2,47.079792,1.0,False,4.0447738e-08,Test
448,0,-21.098326,-13.668493,21.850529,1.3093873,-1.0108764,3.0708632,-14.311628,-20.463308,2.2261291e-19,3.7521966e-16,1.0,1.1997634e-09,1.1787406e-10,6.9838535e-09,1.9723117e-16,4.200828e-19,2,42.948853,1.0,False,2.2865811e-07,Test
449,0,-18.338556,-11.902031,18.336422,-0.24907398,0.43779725,3.7780173,-13.6295,-16.517906,1.1810228e-16,7.3723606e-14,0.9999995,8.480508e-09,1.685489e-08,4.7573474e-07,1.310315e-14,7.2938595e-16,2,36.67498,1.0,False,1.1342573e-05,Test
450,0,-10.921516,-7.0753894,9.063859,0.21610035,-0.4164944,3.1861415,-6.5038486,-9.942687,2.0852207e-09,9.761207e-08,0.99698776,0.00014327063,7.610702e-05,0.0027927337,1.7287036e-07,5.549473e-09,2,19.988392,1.0,False,0.030910434,Test
451,0,-11.92518,-7.5057697,12.024435,-0.068399265,-0.14667355,1.5866923,-8.531218,-9.909867,3.9700573e-11,3.2970264e-09,0.99995995,5.599269e-06,5.177707e-06,2.9304125e-05,1.1824318e-09,2.9787614e-10,2,23.949656,1.0,False,0.0006878044,Test
452,0,-22.186209,-15.0325165,22.841291,1.053409,-0.64111596,3.2798688,-15.432663,-21.019907,2.7848716e-20,3.5613394e-17,1.0,3.4486025e-10,6.3346176e-11,3.1958192e-09,2.3868876e-17,8.9397125e-20,2,45.0275,1.0,False,1.0317588e-07,Test
453,0,-23.800919,-15.635241,24.794292,0.088784836,0.49314606,3.0857348,-17.29701,-20.846903,7.859013e-22,2.7648787e-18,1.0,1.8643804e-11,2.7934866e-11,3.7333048e-10,5.247836e-19,1.5075783e-20,2,48.59521,1.0,False,1.3336157e-08,Test
454,0,-6.6090736,-5.5058618,7.9508867,0.39710978,-1.0017855,0.89619505,-6.0187693,-8.565374,4.7427483e-07,1.4293832e-06,0.99848264,0.0005233316,0.00012919462,0.00086203875,8.558468e-07,6.705313e-08,2,14.561479,0.9999995,False,0.018392768,Test
455,1,-12.333518,-9.046914,14.451492,-0.31402552,0.086212456,1.5766655,-10.889744,-12.163907,2.3303217e-12,6.234055e-11,0.9999964,3.8673667e-07,5.770807e-07,2.5617242e-06,9.87278e-12,2.7610722e-12,2,23.49841,1.0,False,7.2856936e-05,Test
456,0,-20.136261,-13.109021,21.459734,0.18070368,-0.0868797,2.1459863,-14.445552,-18.436642,8.611717e-19,9.704652e-16,1.0,5.736338e-10,4.3895962e-10,4.0939834e-09,2.5499572e-16,4.7121965e-18,2,41.595993,1.0,False,1.4532941e-07,Test
457,0,-14.831349,-10.203448,16.782148,-0.58238924,0.118194595,1.0681093,-12.082743,-13.019766,1.86394e-14,1.9067979e-12,0.9999999,2.875258e-08,5.7934436e-08,1.4978889e-07,2.9116358e-13,1.1407567e-13,2,31.613499,1.0,False,5.85296e-06,Test
458,0,-19.463232,-12.383693,20.4045,1.0472869,-1.1462301,2.2106736,-12.939983,-18.496758,4.8491453e-18,5.7579623e-15,1.0,3.9198516e-09,4.3715653e-10,1.2546492e-08,3.3012262e-15,1.2746734e-17,2,39.86773,1.0,False,4.5238218e-07,Test
459,0,-8.064173,-4.917653,4.637774,0.022963863,-0.46365476,2.621273,-4.035239,-5.557801,2.6493879e-06,6.161143e-05,0.87002295,0.008616764,0.005296735,0.115817845,0.00014889795,3.2482458e-05,2,12.841182,0.9999974,False,0.6374014,Test
460,0,-20.765593,-13.124454,22.004776,0.09299313,-0.0029132664,2.0529249,-14.687911,-18.080746,2.6611178e-19,5.540756e-16,1.0,3.0467265e-10,2.7681035e-10,2.1628244e-09,1.160294e-16,3.9001305e-18,2,42.77037,1.0,False,8.067586e-08,Test
461,0,-14.613697,-8.707226,14.108688,-0.8780272,0.04023912,-0.38484207,-8.962662,-7.74017,3.3575754e-13,1.233598e-10,0.99999833,3.0999274e-07,7.7651436e-07,5.0762037e-07,9.555188e-11,3.2445976e-10,2,28.722387,1.0,False,3.5416408e-05,Test
462,0,-22.584398,-14.663786,23.927622,0.9170713,-0.928799,2.5741622,-15.494515,-21.485859,6.310828e-21,1.737659e-17,1.0,1.0154171e-10,1.6032222e-11,5.324882e-10,7.571517e-18,1.8931066e-20,2,46.51202,1.0,False,2.0349935e-08,Test
463,1,-15.685415,-9.7569895,15.617447,-1.0555224,0.6854355,1.838229,-10.978411,-11.156222,2.5429574e-14,9.550412e-12,0.99999857,5.741437e-08,3.2742298e-07,1.036958e-06,2.8155625e-12,2.3569055e-12,2,25.374437,1.0,False,3.111275e-05,Test
464,0,-14.8427725,-9.21208,14.513201,0.1584379,-0.060129885,2.3086069,-9.824378,-12.102399,1.7818067e-13,4.968655e-11,0.9999939,5.831805e-07,4.6868405e-07,5.00737e-06,2.6935287e-11,2.7605073e-12,2,29.355978,1.0,False,0.00011887262,Test
465,0,-15.815446,-10.235555,15.68567,0.31272733,-0.060905483,3.0071862,-11.151281,-14.161291,2.0856321e-14,5.527818e-12,0.99999654,2.106756e-07,1.4499322e-07,3.1174743e-06,2.2123724e-12,1.09050484e-13,2,31.50112,1.0,False,6.997645e-05,Test
466,0,-13.598652,-8.221473,12.065185,-1.2611582,0.5189289,0.18157564,-8.4677305,-5.609601,7.1503797e-12,1.547422e-09,0.99998176,1.6309289e-06,9.6720105e-06,6.9024986e-06,1.2096517e-09,2.1082894e-08,2,25.663857,1.0,False,0.00033765566,Test
467,0,-18.235292,-11.525445,18.68385,-0.4040517,0.28456944,2.692597,-12.487859,-15.695177,9.251658e-17,7.590503e-14,0.9999999,5.1313336e-09,1.0216307e-08,1.1352383e-07,2.8993426e-14,1.1732152e-15,2,36.919144,1.0,False,3.2035332e-06,Test
468,0,-6.6350718,-4.8365006,-1.3294846,-0.0016882028,-1.2038252,5.0070467,-1.6382099,-5.126285,8.685047e-06,5.2466425e-05,0.0017496833,0.0066010673,0.001983959,0.98827994,0.0012849367,3.9267215e-05,5,11.653908,0.9999913,False,0.112264,Test
469,0,-10.685872,-5.977223,10.1688385,-3.5897686,1.6905199,-2.204226,-8.675119,1.5263942,8.76487e-10,9.720433e-08,0.9996105,1.0581415e-06,0.0002078471,4.2293864e-06,6.5464203e-09,0.00017638628,2,20.855099,1.0,False,0.0054027685,Test
470,0,-12.331925,-7.764566,11.499411,-0.36934128,0.2383625,2.3511748,-8.484791,-9.490833,4.4681425e-11,4.302355e-09,0.99987376,7.00506e-06,1.2862755e-05,0.00010639398,2.093711e-09,7.655932e-10,2,23.831463,1.0,False,0.0019154649,Test
471,0,-22.529024,-14.241934,23.868317,0.27883068,-0.18324198,2.95598,-15.992119,-20.677149,7.077693e-21,2.8114327e-17,1.0,5.6913693e-11,3.5854236e-11,8.277281e-10,4.884643e-18,4.5097344e-20,2,46.39734,1.0,False,2.815368e-08,Test
472,0,-11.557138,-6.9203534,11.179239,-1.9514738,1.2057871,0.23132065,-8.60344,-4.190956,1.335635e-10,1.378536e-08,0.9999336,1.9832378e-06,4.6618225e-05,1.7593426e-05,2.5613103e-09,2.1124193e-07,2,22.736444,1.0,False,0.0010871417,Test
473,0,-8.679694,-4.887398,5.1801915,-0.9185705,-0.16923018,-1.497857,-4.3859615,2.1786692,9.0408577e-07,4.0103605e-05,0.9451086,0.0021223794,0.004490115,0.0011891648,6.62147e-05,0.04698261,2,13.916342,0.9999991,False,0.35119423,Test
474,0,-13.759313,-8.473412,13.832228,-0.11646385,0.3323715,2.6280947,-10.078818,-12.1187725,1.040253e-12,2.0548352e-10,0.999984,8.752928e-07,1.3711345e-06,1.36175795e-05,4.1262747e-11,5.365582e-12,2,27.591557,1.0,False,0.00028731735,Test
475,0,-17.542427,-11.360392,18.259684,0.2920688,-0.17443776,2.2173243,-12.467068,-15.343677,2.8271032e-16,1.3682477e-13,0.9999999,1.5731272e-08,9.866485e-09,1.078679e-07,4.5241958e-14,2.548276e-15,2,35.80211,1.0,False,3.33869e-06,Test
476,0,-13.774304,-8.880208,12.992781,0.8759652,-0.74421275,3.420241,-8.9571085,-13.796179,2.3722977e-12,3.167001e-10,0.9999238,5.466392e-06,1.0815991e-06,6.960908e-05,2.9325858e-10,2.3209707e-12,2,26.767162,1.0,False,0.0011882324,Test
477,0,-7.2152214,-4.2716913,3.6818018,-1.2431056,-0.14227803,1.1231117,-3.407604,-1.1064651,1.658837e-05,0.0003148927,0.8960263,0.006508195,0.019567892,0.06935788,0.0007471897,0.0074610985,2,11.006808,0.99998343,False,0.6316701,Test
478,0,-7.6137514,-4.4465833,5.284611,-1.5776929,0.5212918,0.9615481,-5.0559983,-2.0424552,2.4444664e-06,5.8032052e-05,0.9769493,0.0010223773,0.008340433,0.012953576,3.155022e-05,0.0006423438,2,12.921683,0.99999756,False,0.18999252,Test
479,0,-6.891841,-4.1311345,2.1095767,-0.6434972,-0.538972,1.68618,-2.5953124,-1.4228566,6.735404e-05,0.0010649348,0.54654944,0.0348325,0.038670465,0.35789087,0.004946773,0.01597766,2,9.605548,0.99993265,False,1.5017642,Test
480,0,-9.625535,-5.782545,9.013719,-1.1264013,0.16070741,-0.022992214,-6.5505524,-4.507276,8.034213e-09,3.749149e-07,0.99969697,3.9452127e-05,0.00014290732,0.00011892544,1.7393677e-07,1.3420702e-06,2,18.639557,1.0,False,0.004428568,Test
481,0,-17.791504,-11.987649,19.78683,-0.60286635,0.5142277,1.9566959,-14.43017,-15.757614,4.7856018e-17,1.5867888e-14,1.0,1.3959397e-09,4.265937e-09,1.8049725e-08,1.3795723e-15,3.6579997e-16,2,37.578335,1.0,False,6.239773e-07,Test
482,0,-22.264559,-14.357417,23.682222,0.47024742,-0.23734231,2.4351513,-15.847189,-20.213974,1.1106225e-20,3.017136e-17,1.0,8.301705e-11,4.091333e-11,5.92263e-10,6.801345e-18,8.6322695e-20,2,45.94678,1.0,False,2.2346585e-08,Test
483,0,-8.003915,-4.3267326,7.933575,-2.561833,0.7408209,-2.3568885,-6.319744,1.4230129,1.1951852e-07,4.7251497e-06,0.9976986,2.759952e-05,0.00075028435,3.387723e-05,6.4396414e-07,0.0014842191,2,15.939795,0.9999999,False,0.026071021,Test
484,0,-16.931877,-11.790486,18.32612,1.3306911,-1.4923424,1.8096995,-12.031737,-17.332664,4.871324e-16,8.327669e-14,0.9999999,4.1589e-08,2.471446e-09,6.714439e-08,6.5425984e-14,3.2627765e-16,2,35.257996,1.0,False,2.8623099e-06,Test
485,1,-20.601797,-13.206833,21.619465,0.61825675,-0.2806096,2.697617,-14.763784,-19.001625,4.6082894e-19,7.501205e-16,1.0,7.573411e-10,3.0826108e-10,6.0582295e-09,1.5810894e-16,2.282889e-18,2,34.826298,1.0,False,1.9806606e-07,Test
486,0,-7.1216364,-4.3544474,1.905481,-0.53849775,-0.6653982,2.064697,-2.4190242,-1.8098962,5.0561397e-05,0.0008046258,0.42096543,0.03654601,0.032190505,0.49362037,0.0055736243,0.010248932,5,9.892323,0.99994946,False,1.480729,Test
487,0,-18.943115,-12.080942,19.796087,0.34787327,-0.15318824,2.2672212,-13.517248,-17.169115,1.498916e-17,1.4321286e-14,1.0,3.5788885e-09,2.1684006e-09,2.4395533e-08,3.4056675e-15,8.835205e-17,2,38.739204,1.0,False,7.7975875e-07,Test
488,0,-17.30237,-11.251906,16.54152,0.23350777,-0.1076767,5.5478983,-11.881541,-17.716473,2.003453e-15,8.5008216e-13,0.9999831,8.2701426e-08,5.8794733e-08,1.68083e-05,4.5291212e-13,1.3241459e-15,2,33.843903,1.0,False,0.00029436685,Test
489,0,-13.148606,-8.078047,12.6776905,-0.17973062,-0.1670567,1.7382464,-8.500551,-10.047578,6.07815e-12,9.680278e-10,0.999977,2.6066518e-06,2.6398973e-06,1.774394e-05,6.3444866e-10,1.3506131e-10,2,25.82632,1.0,False,0.00041055764,Test
490,0,-15.29261,-9.334451,15.4199095,-0.24059564,-0.046859924,2.1365533,-10.26809,-12.85223,4.5890294e-14,1.7754851e-11,0.99999785,1.5802581e-07,1.9180793e-07,1.7025935e-06,6.9797926e-12,5.2670135e-13,2,30.712523,1.0,False,4.3489137e-05,Test
491,0,-15.651505,-9.838584,15.529068,-0.12621799,0.2758202,2.9338748,-11.054512,-13.445357,2.873742e-14,9.615385e-12,0.9999962,1.5885252e-07,2.3746347e-07,3.388251e-06,2.8503372e-12,2.6095456e-13,2,31.180576,1.0,False,7.588529e-05,Test
492,0,-5.0168467,-4.813232,6.712236,0.07356248,-0.73166835,0.049266383,-5.835581,-6.408163,8.030436e-06,9.84391e-06,0.9968155,0.0013045947,0.0005831337,0.0012732799,3.5413348e-06,1.9975503e-06,2,11.732272,0.99999195,False,0.03599978,Test
493,1,-22.44335,-14.641453,24.418255,-0.34636998,0.59761375,1.675974,-17.008385,-18.673252,4.4490216e-21,1.0878888e-17,1.0,1.757356e-11,4.5167627e-11,1.3278618e-10,1.0200913e-18,1.9301734e-19,2,39.059708,1.0,False,6.53683e-09,Test
494,0,-8.300385,-4.4733133,7.663184,-2.4452631,0.53780806,-1.9502647,-5.778479,1.4777559,1.16363914e-07,5.344347e-06,0.99703074,4.0613064e-05,0.0008020418,6.662553e-05,1.4489992e-06,0.0020531053,2,15.966543,0.9999999,False,0.032496847,Test
495,0,-20.354969,-13.104295,21.088186,0.30309376,-0.22779508,3.6385276,-14.377797,-19.105835,1.003384e-18,1.4138188e-15,1.0,9.40045e-10,5.528243e-10,2.6406402e-08,3.9565687e-16,3.4991096e-18,2,41.443153,1.0,False,7.0995844e-07,Test
496,0,-22.08953,-14.624833,23.460728,0.5469091,-0.44254395,2.8066537,-16.026,-20.771572,1.6511024e-20,2.8817183e-17,1.0,1.1185493e-10,4.158545e-11,1.0716421e-09,7.097956e-18,6.168169e-20,2,45.55026,1.0,False,3.706403e-08,Test
497,0,-21.19273,-13.8373785,22.234941,0.43871292,0.025298845,2.859819,-15.569138,-18.932156,1.379117e-19,2.1576992e-16,1.0,3.4199382e-10,2.2619076e-10,3.850272e-09,3.818545e-17,1.3223793e-18,2,43.427673,1.0,False,1.2562597e-07,Test
498,0,-8.957854,-5.4090405,8.940393,-1.276401,0.4322145,-0.5587254,-6.817974,-3.0740979,1.6855871e-08,5.861126e-07,0.99968004,3.653956e-05,0.00020174649,7.489385e-05,1.4324813e-07,6.0538805e-06,2,17.898567,1.0,False,0.0046237665,Test
499,0,-21.465204,-14.012482,22.450481,0.26857027,-0.06302349,2.9532633,-15.434807,-18.930695,8.465629e-20,1.4599444e-16,1.0,2.3255102e-10,1.6692041e-10,3.4077312e-09,3.5206948e-17,1.0675386e-18,2,43.915688,1.0,False,1.0871815e-07,Test
500,0,-18.07245,-11.560019,19.09163,-0.17859231,0.28869838,2.791336,-13.406104,-16.59508,7.2417644e-17,4.8770558e-14,0.9999999,4.276103e-09,6.82323e-09,8.334352e-08,7.698629e-15,3.172916e-16,2,37.16408,1.0,False,2.4358942e-06,Test
501,0,-10.363597,-6.750839,7.1223674,0.35219935,-0.5343597,4.7386637,-5.746588,-10.387894,2.3280464e-08,8.6296257e-07,0.9142169,0.0010490657,0.00043228985,0.08429851,2.3557698e-06,2.272162e-08,2,17.575651,1.0,False,0.4343745,Test
502,1,-20.72757,-13.387899,22.26595,-0.08883919,0.23000292,2.768758,-15.40534,-18.85815,2.1288841e-19,3.2789222e-16,1.0,1.956316e-10,2.6909788e-10,3.4078287e-09,4.3608155e-17,1.3804809e-18,2,35.653847,1.0,False,1.107214e-07,Test
503,0,-20.589008,-13.553322,21.360714,0.770373,-0.5286464,2.5630794,-14.342232,-19.18391,6.045985e-19,6.87111e-16,1.0,1.1421635e-09,3.1158143e-10,6.8594805e-09,3.1218188e-16,2.4642988e-18,2,41.949722,1.0,False,2.297923e-07,Test
504,0,-7.612685,-5.621037,0.67830014,0.24384189,-0.7403171,6.3722014,-3.2072968,-8.736261,8.3879166e-07,6.146328e-06,0.0033449007,0.002166208,0.00080962805,0.9936033,6.8689405e-05,2.7270355e-07,5,13.991303,0.99999917,False,0.06527345,Test
505,0,-7.6155176,-4.119866,3.0346003,-1.2603749,-0.56509346,-0.5190323,-2.8200154,2.1837358,1.5795467e-05,0.00052080455,0.6665303,0.009089413,0.018217666,0.019076422,0.0019107005,0.28463885,2,11.055787,0.9999842,False,1.2051508,Test
506,0,-21.273031,-13.721216,22.137331,1.0197905,-0.8039367,2.6775153,-14.223982,-20.044247,1.4031988e-19,2.6719654e-16,1.0,6.7416894e-10,1.0882642e-10,3.5376047e-09,1.6161529e-16,4.794825e-19,2,43.410362,1.0,False,1.2345798e-07,Test
507,0,-20.576214,-13.016294,22.095455,-0.6731385,0.4522887,1.4563156,-14.579397,-16.997484,2.9371736e-19,5.6384755e-16,1.0,1.2933789e-10,3.98559e-10,1.0877667e-09,1.1811766e-16,1.0523284e-17,2,42.67167,1.0,False,4.9082665e-08,Test
508,1,-22.456789,-14.662678,23.81071,0.42372796,-0.14196193,1.6872206,-16.039305,-19.358057,8.058965e-21,1.9553279e-17,1.0,6.968864e-11,3.958096e-11,2.4654184e-10,4.9358157e-18,1.7866582e-19,2,38.47339,1.0,False,1.1588077e-08,Test
509,0,-22.861563,-14.754101,24.790277,0.9762076,-1.0748951,2.1715949,-15.634636,-22.08876,2.0186858e-21,6.7002945e-18,1.0,4.546539e-11,5.846527e-12,1.5025567e-10,2.7776915e-18,4.372133e-21,2,47.65184,1.0,False,6.6833183e-09,Test
510,0,-18.406147,-11.820452,19.021786,0.17896323,-0.03042743,1.709567,-13.0251255,-15.222814,5.562312e-17,4.0307554e-14,1.0,6.5564074e-09,5.31776e-09,3.0296924e-08,1.208377e-14,1.3420228e-15,2,37.427933,1.0,False,1.0811052e-06,Test
511,0,-20.560837,-13.303079,21.426527,0.37288418,-0.40093607,3.6996405,-14.350295,-20.315552,5.822624e-19,8.2627286e-16,1.0,7.1865314e-10,3.3147685e-10,2.001294e-08,2.899506e-16,7.4412294e-19,2,41.987366,1.0,False,5.440875e-07,Test
512,0,-15.405419,-9.119868,15.265356,-3.4153237,1.7271154,-1.6737608,-11.79451,-3.0924878,4.784653e-14,2.5682153e-11,0.99999857,7.710516e-09,1.3195208e-06,4.399812e-08,1.7703084e-12,1.0648521e-08,2,30.670778,1.0,False,2.931612e-05,Test
513,0,-18.250484,-11.336843,18.74183,-0.09731667,0.12915213,3.2208996,-12.646448,-16.611212,8.598856e-17,8.6496314e-14,0.99999976,6.5805477e-09,8.253085e-09,1.816959e-07,2.334767e-14,4.4296414e-16,2,36.992317,1.0,False,4.7269773e-06,Test
514,0,-14.898862,-9.231823,14.435682,-0.104440324,-0.29979858,1.441429,-9.674931,-11.460383,1.8204031e-13,5.264192e-11,0.9999969,4.8451085e-07,3.985295e-07,2.2733495e-06,3.379812e-11,5.6686626e-12,2,29.334549,1.0,False,6.5728476e-05,Test
515,0,-23.834883,-15.488547,25.162043,-0.49374345,0.8167085,3.150576,-17.993895,-20.16953,5.2590305e-22,2.2165295e-18,1.0,7.2083103e-12,2.6727317e-11,2.757664e-10,1.8097334e-19,2.054697e-20,2,48.996925,1.0,False,9.962737e-09,Test
516,0,-14.801874,-9.465542,15.104879,-0.71202326,0.12233947,2.921695,-10.8202715,-13.163135,1.0272107e-13,2.1340237e-11,0.9999944,1.3514632e-07,3.1128852e-07,5.1157313e-06,5.5061394e-12,5.28878e-13,2,29.90676,1.0,False,0.00010772796,Test
517,0,-14.663773,-9.243776,13.973116,-0.06633148,0.1878326,3.3073006,-9.989914,-12.492516,3.657181e-13,8.2607775e-11,0.99997485,7.993452e-07,1.030663e-06,2.3328366e-05,3.917215e-11,3.2070915e-12,2,28.636913,1.0,False,0.00043194694,Test
518,0,-12.738404,-8.111198,13.360016,-0.3120493,-0.04937507,1.7538617,-9.520829,-11.041323,4.630154e-12,4.7333104e-10,0.9999882,1.1542306e-06,1.5009637e-06,9.109742e-06,1.1560338e-10,2.5271335e-11,2,26.09843,1.0,False,0.00022129866,Test
519,0,-6.4243946,-3.9002461,4.3881264,-1.0525621,-0.166583,0.6833049,-4.0879145,-2.268428,1.9348066e-05,0.00024146907,0.9604079,0.004164805,0.010101144,0.023630459,0.00020015109,0.0012346703,2,10.852919,0.9999806,False,0.30114344,Test
520,0,-16.27994,-10.389939,17.213076,-0.059220843,-0.20669241,1.5290517,-11.600788,-13.917768,2.845563e-15,1.0284009e-12,0.99999976,3.153092e-08,2.7207651e-08,1.5435293e-07,3.064064e-13,3.020272e-14,2,33.493015,1.0,False,5.3060794e-06,Test
521,0,-15.386612,-9.40696,15.920173,-1.3313544,1.0124359,1.4494646,-11.139602,-10.734858,2.533001e-14,1.0013028e-11,0.99999905,3.2192613e-08,3.354685e-07,5.1933904e-07,1.7704712e-12,2.6537954e-12,2,31.306786,1.0,False,2.0148818e-05,Test
522,0,-18.092167,-11.766082,18.659712,0.06499267,0.23940958,2.913295,-13.328973,-15.921026,1.0936104e-16,6.112883e-14,0.9999999,8.4026475e-09,1.00037925e-08,1.4501667e-07,1.2808265e-14,9.589064e-16,2,36.751877,1.0,False,3.957633e-06,Test
523,0,-7.9992666,-4.6380777,6.5298276,-1.6418949,0.48575705,-0.36506194,-4.969341,-0.5700629,4.876822e-07,1.4056678e-05,0.995503,0.00028126044,0.0023612175,0.0010083938,1.0092928e-05,0.0008214842,2,14.533602,0.9999995,False,0.049256813,Test
524,0,-21.90523,-14.068481,22.940891,0.45604098,-0.29314148,2.5552778,-15.263613,-19.649015,3.338692e-20,8.453444e-17,1.0,1.7177254e-10,8.120587e-11,1.4016546e-09,2.5585499e-17,3.1874205e-19,2,44.846123,1.0,False,4.951706e-08,Test
525,0,-11.217727,-7.6035542,8.404647,-0.060972698,0.17709883,5.032554,-7.5226827,-11.033034,2.9057403e-09,1.0786282e-07,0.9663743,0.00020350417,0.0002582063,0.033163786,1.1694827e-07,3.4951648e-09,2,19.656578,1.0,False,0.21624027,Test
526,0,-24.257637,-15.911576,25.821236,0.4333337,-0.20997421,3.186675,-17.400318,-22.365042,1.7824688e-22,7.510528e-19,1.0,9.422682e-12,4.9520973e-12,1.4788892e-10,1.6947969e-19,1.1829456e-21,2,50.078873,1.0,False,5.3603793e-09,Test
527,0,-21.718548,-14.180255,23.084286,0.7142353,-0.7435371,2.2845724,-14.942362,-20.170063,3.486395e-20,6.549606e-17,1.0,1.9266842e-10,4.4844344e-11,9.2640173e-10,3.0565813e-17,1.6401177e-19,2,44.802834,1.0,False,3.5558738e-08,Test
528,0,-13.079994,-7.9313436,12.992734,-0.6432942,-0.0059076287,0.8827146,-8.795835,-8.644027,4.750667e-12,8.1805873e-10,0.99999106,1.1965869e-06,2.2633808e-06,5.5040377e-06,3.4462047e-10,4.0111633e-10,2,26.072737,1.0,False,0.00017509375,Test
529,0,-23.183506,-14.90634,25.020514,0.86579466,-0.5730012,2.3235128,-16.597902,-21.955172,1.1621472e-21,4.5707552e-18,1.0,3.233993e-11,7.67145e-12,1.38937e-10,8.4207674e-19,3.9693477e-21,2,48.204018,1.0,False,5.959708e-09,Test
530,0,-11.042,-6.9733715,10.515111,-0.3470423,0.10451524,1.1877022,-7.8592525,-7.2576537,4.3431628e-10,2.5397332e-08,0.9998617,1.9167559e-05,3.0107562e-05,8.894013e-05,1.0472624e-08,1.9112896e-08,2,21.557247,1.0,False,0.0021503333,Test
531,0,-14.877371,-9.539864,14.61799,0.21998537,-0.08256489,3.1283715,-10.315477,-13.456316,1.549967e-13,3.2238382e-11,0.9999888,5.584975e-07,4.1269126e-07,1.0235694e-05,1.4843203e-11,6.419168e-13,2,29.495373,1.0,False,0.00020618878,Test
532,0,-25.139347,-16.535534,27.226082,0.5805222,-0.51106423,2.3459976,-17.911991,-23.534313,1.8112699e-23,9.875788e-20,1.0,2.6790488e-12,8.99312e-13,1.5657283e-11,2.4933542e-20,9.0165527e-23,2,52.36543,1.0,False,7.0098194e-10,Test
533,0,-18.822372,-11.953169,19.91408,0.043862633,-0.08005498,1.5524617,-13.149676,-16.153473,1.50305e-17,1.4462049e-14,1.0,2.3467925e-09,2.073278e-09,1.0608417e-08,4.371129e-15,2.1680125e-16,2,38.73645,1.0,False,4.0809948e-07,Test
534,0,-11.057262,-6.6980205,11.295254,-1.918618,1.1582443,0.52330226,-8.846328,-5.714218,1.9606426e-10,1.5331795e-08,0.99993753,1.824993e-06,3.9584535e-05,2.0978465e-05,1.7889357e-09,4.1006537e-08,2,22.35258,1.0,False,0.0010313025,Test
535,0,-13.795076,-8.489588,14.559567,-0.6750256,0.2673483,0.65778595,-10.046438,-9.695275,4.8499074e-13,9.769625e-11,0.9999982,2.419354e-07,6.208223e-07,9.173444e-07,2.0594268e-11,2.925869e-11,2,28.354647,1.0,False,3.910145e-05,Test
536,0,-11.420025,-7.2735085,10.040126,-0.2547636,0.29196402,3.0106661,-7.7698183,-9.049521,4.781346e-10,3.022453e-08,0.9990233,3.37724e-05,5.8344853e-05,0.00088454504,1.8399886e-08,5.1173736e-09,2,21.461128,1.0,False,0.011703934,Test
537,0,-14.473306,-8.881546,14.232052,-0.49239954,0.11467576,0.57917064,-9.434491,-9.236105,3.4152385e-13,9.1599055e-11,0.99999774,4.0295e-07,7.394357e-07,1.1765974e-06,5.2692694e-11,6.425516e-11,2,28.705359,1.0,False,5.0242033e-05,Test
538,0,-13.246756,-8.04268,12.768153,-2.0250254,1.2788023,0.22750132,-9.676037,-5.209058,5.033417e-12,9.161444e-10,0.9999858,3.7618202e-07,1.0238397e-05,3.5781436e-06,1.7889802e-10,1.558082e-08,2,26.014921,1.0,False,0.00026337703,Test
539,0,-24.103195,-15.555972,26.429527,0.7414821,-0.97919065,1.1160265,-16.420311,-22.045084,1.1321852e-22,5.833496e-19,1.0,6.979488e-12,1.2489497e-12,1.0150467e-11,2.4578292e-19,8.866345e-22,2,50.532722,1.0,False,6.787382e-10,Test
540,0,-11.421509,-7.1114793,10.080015,-0.8941637,0.523494,2.5918477,-7.7984257,-8.168205,4.5890805e-10,3.4162362e-08,0.9993529,1.7127477e-05,7.069266e-05,0.0005593053,1.718742e-08,1.1874557e-08,2,21.50217,1.0,False,0.008223772,Test
541,0,-7.1213818,-4.564882,3.582024,0.6039826,-1.1164166,3.1992037,-3.0115628,-7.7835155,1.2885931e-05,0.00016610757,0.5735162,0.029187623,0.0052244295,0.39110097,0.0007852126,6.6459115e-06,2,11.259375,0.9999871,False,1.1886412,Test
542,1,-11.798008,-7.1472116,11.836233,-0.03404221,-0.011919308,1.2999328,-8.204216,-9.265653,5.4420413e-11,5.6960956e-09,0.99995935,6.994992e-06,7.1514687e-06,2.6553704e-05,1.9793651e-09,6.8477735e-10,2,18.983484,1.0,False,0.0007045498,Test
543,0,-13.461325,-8.730842,13.128276,-0.28726825,0.44748148,2.0203452,-9.981813,-9.954149,2.8331864e-12,3.2114222e-10,0.99998045,1.4917449e-06,3.1102288e-06,1.4992647e-05,9.191951e-11,9.449788e-11,2,26.589619,1.0,False,0.0003542566,Test
544,0,-10.799319,-6.308344,9.407256,-1.5115209,0.3073546,-0.8179046,-7.060859,-2.1035542,1.6761746e-09,1.4952887e-07,0.99982375,1.8111676e-05,0.00011165716,3.624037e-05,7.045504e-08,1.0019402e-05,2,20.20675,1.0,False,0.0027115915,Test
545,0,-22.418224,-14.493556,23.925419,-0.52327245,0.92650926,2.3150935,-17.040228,-18.541065,7.4681234e-21,2.0646706e-17,1.0,2.4102866e-11,1.0273082e-10,4.1186526e-10,1.6175083e-18,3.606121e-19,2,46.343643,1.0,False,1.7099577e-08,Test
546,0,-7.268732,-4.7848644,4.246486,0.24154912,-0.89233387,3.2483094,-3.6623418,-7.098713,7.1615364e-06,8.58492e-05,0.7177979,0.013082178,0.004209601,0.26454496,0.00026378004,8.488767e-06,2,11.846786,0.99999285,False,0.970495,Test
547,0,-20.917595,-13.272979,22.235964,0.35642958,-0.2798896,2.5122359,-14.7636175,-19.05571,1.8140464e-19,3.790204e-16,1.0,3.1465833e-10,1.6652862e-10,2.7170253e-09,8.536629e-17,1.1674944e-18,2,43.153557,1.0,False,9.265564e-08,Test
548,0,-9.634496,-7.449161,12.10478,-0.8322215,-0.11733644,-0.30035567,-9.393183,-7.7624583,3.6203207e-10,3.2197787e-09,0.99998856,2.4072788e-06,4.9203645e-06,4.0974423e-06,4.6083806e-10,2.3537632e-09,2,21.739288,1.0,False,0.00022162916,Test
549,0,-19.01161,-12.274323,19.67901,0.17850569,0.15273187,2.7403781,-13.80506,-16.768093,1.5735374e-17,1.3269147e-14,1.0,3.3965506e-09,3.3101264e-09,4.4019508e-08,2.8711325e-15,1.4832804e-16,2,38.69062,1.0,False,1.2645218e-06,Test
550,0,-13.044554,-8.459342,12.503666,0.13237499,0.01340045,3.3455977,-9.308852,-12.192769,8.026015e-12,7.8674084e-10,0.99988663,4.2380616e-06,3.7626796e-06,0.00010535435,3.3642952e-10,1.88116e-11,2,25.548332,1.0,False,0.0016990164,Test
551,0,-17.241837,-10.926417,18.090502,-0.32492316,0.12321444,0.95757717,-12.353763,-13.074426,4.5223195e-16,2.5009934e-13,1.0,1.0052702e-08,1.5736436e-08,3.6246426e-08,6.00101e-14,2.9190636e-14,2,35.332336,1.0,False,1.5709264e-06,Test
552,0,-14.116031,-8.366968,14.785204,-1.112833,0.7743164,1.0175122,-10.632651,-11.183474,2.8077136e-13,8.8132994e-11,0.999998,1.2461473e-07,8.225232e-07,1.0489786e-06,9.144611e-12,5.2716403e-12,2,28.901236,1.0,False,4.3160817e-05,Test
553,0,-15.276783,-9.949702,14.021692,0.32259122,-0.14717035,4.5170655,-10.2355385,-14.894595,1.8871253e-13,3.8843907e-11,0.9999237,1.1233697e-06,7.022765e-07,7.450059e-05,2.9186726e-11,2.765561e-13,2,29.298552,1.0,False,0.0011682056,Test
554,0,-17.807632,-11.08798,18.112762,-0.22498861,0.43644103,2.7882004,-12.505018,-15.383383,2.5117166e-16,2.0810305e-13,0.99999976,1.0864648e-08,2.1050926e-08,2.2111955e-07,5.045064e-14,2.8366648e-15,2,35.920395,1.0,False,6.056899e-06,Test
555,0,-10.7156105,-7.101634,8.621613,-0.1257166,0.0774571,3.1947417,-7.1269264,-8.932917,3.9800856e-09,1.4771427e-07,0.99527174,0.00015813392,0.00019375916,0.004376043,1.4402507e-07,2.3665e-08,2,19.341963,1.0,False,0.045490384,Test
556,0,-11.687572,-7.366152,10.42792,0.41733855,-0.17242871,3.3651793,-7.7854886,-11.041852,2.482915e-10,1.8695237e-08,0.9990746,4.488047e-05,2.4884255e-05,0.00085563463,1.2291777e-08,4.73581e-10,2,22.116417,1.0,False,0.011083663,Test
557,0,-10.137772,-6.2106547,10.49077,-2.0971394,1.4957107,-0.1760883,-8.4405575,-3.9649472,1.099189e-09,5.5795265e-08,0.9998487,3.412515e-06,0.00012400221,2.3301101e-05,6.000164e-09,5.271038e-07,2,20.628693,1.0,False,0.0022605434,Test
558,0,-23.168365,-15.721172,23.788822,0.7282694,-0.120152116,3.057852,-16.475718,-20.40572,4.043454e-21,6.9346955e-18,1.0,9.6589355e-11,4.1348966e-11,9.923251e-10,3.260857e-18,6.4055186e-20,2,46.957188,1.0,False,3.4318653e-08,Test
559,0,-20.140987,-13.120622,20.365076,0.8881637,-0.53178656,4.0845075,-13.910005,-19.431524,2.5611751e-18,2.8664592e-15,0.9999999,3.4776408e-09,8.4063617e-10,8.500386e-08,1.3017307e-15,5.2066214e-18,2,40.506065,1.0,False,2.205616e-06,Test
560,0,-13.6340065,-8.65326,14.281763,-0.39223292,0.10202685,0.67410964,-10.170972,-9.986145,7.5220163e-13,1.0950765e-10,0.9999976,4.2380248e-07,6.947328e-07,1.231034e-06,2.4005497e-11,2.8878882e-11,2,27.915771,1.0,False,5.071058e-05,Test
561,0,-13.355625,-8.520325,13.399702,-0.17019701,0.20537299,1.1498467,-9.604013,-9.676823,2.4005214e-12,3.0216896e-10,0.999992,1.2783931e-06,1.8611104e-06,4.785773e-06,1.02237406e-10,9.5058114e-11,2,26.755335,1.0,False,0.00015648549,Test
562,0,-8.7762165,-5.851495,4.736796,0.49401158,-0.591015,4.8164577,-4.7237663,-8.984439,6.437085e-07,1.1991672e-05,0.47568116,0.006834363,0.002309283,0.51512504,3.703787e-05,5.227083e-07,5,14.25602,0.99999934,False,1.0730263,Test
563,0,-16.418196,-10.02296,17.99019,-4.129622,2.274844,-2.596943,-13.991965,-3.5008116,1.1392728e-15,6.8240747e-13,0.9999999,2.4745012e-10,1.4959316e-07,1.1458335e-09,1.2892186e-14,4.640628e-10,2,34.408386,1.0,False,3.6199715e-06,Test
564,0,-27.114162,-17.786373,29.225986,1.1766425,-1.0912232,2.2797158,-18.641771,-25.226805,3.402391e-25,3.826411e-21,1.0,6.581503e-13,6.814019e-14,1.9832781e-12,1.6266574e-21,2.2462294e-24,2,56.34015,1.0,False,1.06713915e-10,Test
565,1,-18.713835,-11.924358,19.486662,-0.027750013,0.07561107,2.088201,-13.172507,-15.502194,2.5688284e-17,2.282271e-14,1.0,3.3496435e-09,3.7143921e-09,2.7793591e-08,6.5509376e-15,6.375766e-16,2,31.41102,1.0,False,8.9596153e-07,Test
566,1,-17.855001,-11.479396,18.37034,-0.0645006,0.34528023,2.7728734,-13.321891,-15.201493,1.8515433e-16,1.0874884e-13,0.9999999,9.859392e-09,1.4853048e-08,1.6830846e-07,1.7228174e-14,2.6298893e-15,2,29.849735,1.0,False,4.7797803e-06,Test
567,0,-9.013907,-5.5242114,8.673869,-0.4082439,0.112795785,0.869909,-6.6213093,-5.8499846,2.0796296e-08,6.816194e-07,0.9992859,0.000113599934,0.00019127705,0.00040782406,2.275507e-07,4.92108e-07,2,17.688492,1.0,False,0.0095029725,Test
568,0,-17.251612,-10.88853,17.423845,-0.2500939,0.52262294,2.9617653,-12.474228,-14.483415,8.722482e-16,5.0593167e-13,0.9999994,2.1101128e-08,4.5697472e-08,5.238395e-07,1.0361713e-13,1.3894803e-14,2,34.675457,1.0,False,1.3441816e-05,Test
569,1,-18.441963,-11.667956,19.259945,-0.28414747,0.17702255,2.2823222,-13.13552,-15.790546,4.2293083e-17,3.6998382e-14,1.0,3.251686e-09,5.1569424e-09,4.2336215e-08,8.527622e-15,5.9946666e-16,2,30.927902,1.0,False,1.2706255e-06,Test
570,0,-10.28944,-6.158129,7.2039537,-0.07996001,-0.4481561,1.6892912,-5.183163,-5.8370085,2.514577e-08,1.5655605e-06,0.9948302,0.00068294455,0.00047258506,0.004006465,4.150422e-06,2.1583953e-06,2,17.498577,1.0,False,0.051892783,Test
571,0,-18.795298,-11.911625,19.463928,0.60141325,-0.5620263,2.755206,-12.892094,-17.694902,2.422312e-17,2.364669e-14,0.9999999,6.4285643e-09,2.0083442e-09,5.5398058e-08,8.870706e-15,7.279905e-17,2,38.259224,1.0,False,1.6543593e-06,Test
572,0,-7.6363745,-4.232849,2.5611413,-0.008572258,-0.5535881,0.67344505,-2.7560413,-0.62034875,2.8230317e-05,0.0008488834,0.75760084,0.058000006,0.033630293,0.1147161,0.0037172127,0.03145842,2,10.475114,0.99997175,False,1.2606924,Test
573,0,-4.1235266,-4.4234543,5.8615513,0.1932925,-1.1822463,-1.0791215,-5.212042,-4.633293,4.583416e-05,3.3957236e-05,0.9946115,0.0034352634,0.00086810265,0.0009624043,1.5433097e-05,2.7529635e-05,2,9.990481,0.99995416,False,0.05617311,Test
574,0,-24.27049,-15.802095,26.422798,0.0028543454,0.07515824,1.4049805,-17.467031,-20.84625,9.6423655e-23,4.5915845e-19,1.0,3.357096e-12,3.6088242e-12,1.3642674e-11,8.687371e-20,2.9601393e-21,2,50.69329,1.0,False,7.575422e-10,Test
575,0,-12.203643,-7.5542946,10.714479,0.16099674,-0.23983346,2.9392982,-7.489788,-10.438737,1.11323034e-10,1.1635121e-08,0.9995365,2.6090309e-05,1.7474342e-05,0.00041983664,1.2410399e-08,6.5023914e-10,2,22.918585,1.0,False,0.0060521886,Test
576,0,-20.009851,-12.788513,20.987833,1.2395673,-1.2089822,2.0604787,-13.127492,-19.08749,1.5665052e-18,2.143483e-15,1.0,2.6511662e-09,2.2911077e-10,6.024961e-09,1.5272221e-15,3.9401024e-18,2,40.997684,1.0,False,2.473907e-07,Test
577,0,-6.2947655,-4.091363,0.63086003,-0.77039087,-0.43777165,2.2970448,-2.4314535,-0.8172158,0.00013693512,0.0012400536,0.1394042,0.03433367,0.0478823,0.73771846,0.0065212348,0.03276306,5,8.896003,0.9998631,False,1.3196311,Test
578,0,-24.896875,-15.99906,26.566227,0.46501896,-0.22103636,3.3329792,-17.781918,-23.32222,4.4653737e-23,3.266869e-19,1.0,4.617315e-12,2.3250865e-12,8.1269706e-11,5.4934544e-20,2.1563678e-22,2,51.463104,1.0,False,2.987763e-09,Test
579,0,-16.336117,-10.486435,17.124992,0.03167577,-0.033847142,2.229494,-11.8420315,-14.675937,2.9378173e-15,1.0197867e-12,0.99999964,3.7710873e-08,3.5319147e-08,3.3959958e-07,2.6289436e-13,1.5453662e-14,2,33.46111,1.0,False,9.790154e-06,Test
580,0,-19.857397,-12.91684,20.609087,0.24832113,-0.08512299,2.499,-14.174461,-17.409674,2.664583e-18,2.753442e-15,1.0,1.4369177e-09,1.029482e-09,1.3642357e-08,7.8288455e-16,3.0807895e-17,2,40.466484,1.0,False,4.2938274e-07,Test
581,0,-12.079136,-7.1582704,12.611423,-3.3879542,2.0429478,-1.5541244,-10.466928,-1.5742539,1.8924065e-11,2.5948927e-09,0.9999727,1.1260231e-07,2.5713303e-05,7.0464364e-07,9.488293e-11,6.906008e-07,2,24.690586,1.0,False,0.00046256254,Test
582,0,-8.6748,-4.8246894,6.893435,-0.018141428,-0.9410658,0.37118188,-3.7275155,-5.224411,1.7279987e-07,8.121296e-06,0.9971078,0.0009933051,0.000394695,0.0014661,2.4328865e-05,5.4453863e-06,2,15.571132,0.9999998,False,0.03294882,Test
583,0,-18.230528,-11.390598,19.489033,0.14063595,-0.3105964,2.2376697,-12.75533,-16.843956,4.1553134e-17,3.8828146e-14,1.0,3.9545607e-09,2.5184324e-09,3.2197928e-08,9.918627e-15,1.6625835e-16,2,37.71956,1.0,False,9.836845e-07,Test
584,0,-19.38924,-12.164381,20.094812,0.25136006,-0.12135251,2.5426402,-13.445429,-17.404755,7.116935e-18,9.772604e-15,1.0,2.4104498e-09,1.6604693e-09,2.3833547e-08,2.7143029e-15,5.1778062e-17,2,39.484055,1.0,False,7.2095924e-07,Test
585,0,-25.613512,-17.160442,27.813057,0.538959,-0.19479237,2.327443,-18.694504,-23.796831,6.2681117e-24,2.9393915e-20,1.0,1.4289269e-12,6.860343e-13,8.545513e-12,6.3390328e-21,3.855771e-23,2,53.426567,1.0,False,3.9814732e-10,Test
586,0,-24.358885,-15.638602,25.996767,0.52983004,-0.29525125,2.86856,-17.097038,-22.562515,1.3515069e-22,8.279217e-19,1.0,8.706632e-12,3.815235e-12,9.0270874e-11,1.9257459e-19,8.1465264e-22,2,50.35565,1.0,False,3.4766714e-09,Test
587,0,-16.80547,-10.884183,17.226757,0.08618646,0.10147093,2.301381,-12.206957,-14.45648,1.6595549e-15,6.18834e-13,0.99999964,3.5970377e-08,3.6524355e-08,3.296032e-07,1.6485432e-13,1.7383803e-14,2,34.032227,1.0,False,9.57712e-06,Test
588,0,-10.330183,-6.484287,8.485855,-1.106385,0.47075945,0.87545973,-6.684784,-4.140619,6.7283525e-09,3.1489088e-07,0.99910307,6.819511e-05,0.00033014026,0.0004948317,2.5768284e-07,3.2809692e-06,2,18.816935,1.0,False,0.011561387,Test
589,0,-6.661646,-6.31636,8.142542,1.0308777,-1.4623849,-0.8533784,-6.338722,-6.8361726,3.716937e-07,5.2497757e-07,0.9989925,0.00081471493,6.732796e-05,0.00012378948,5.1336843e-07,3.1216874e-07,2,14.805196,0.99999964,False,0.012389268,Test
590,0,-21.94415,-13.971759,23.005848,0.754564,-0.61518854,2.8776405,-14.925107,-20.661995,3.009292e-20,8.726278e-17,1.0,2.169653e-10,5.514602e-11,1.8131355e-09,3.3635354e-17,1.084668e-19,2,44.949997,1.0,False,6.149565e-08,Test
591,0,-6.716097,-5.9161196,9.590355,-0.5682103,-0.7427684,0.08919884,-7.5901337,-8.686748,8.281983e-08,1.8431476e-07,0.9998536,3.8737133e-05,3.2532545e-05,7.475442e-05,3.4557715e-08,1.154227e-08,2,16.306599,0.99999994,False,0.0022957367,Test
592,0,-19.704819,-12.897162,21.297127,0.9450472,-0.8515863,1.362054,-13.94221,-18.312494,1.5598446e-18,1.4112647e-15,1.0,1.4494532e-09,2.4040114e-10,2.1994204e-09,4.963065e-16,6.277128e-18,2,41.001945,1.0,False,1.13496284e-07,Test
593,0,-18.2511,-11.656825,18.509336,0.948722,-0.86741424,3.0613656,-12.165258,-17.5673,1.0842887e-16,7.9250645e-14,0.99999976,2.3633188e-08,3.8440047e-09,1.9544798e-07,4.7664235e-14,2.1484013e-16,2,36.760437,1.0,False,5.3200683e-06,Test
594,0,-10.874168,-7.1456084,7.7286944,0.34695533,-0.5601719,4.57737,-5.764261,-10.904745,7.985745e-09,3.3235997e-07,0.95815635,0.0005964689,0.000240784,0.0410047,1.3228799e-06,7.745264e-09,2,18.645607,1.0,False,0.25735557,Test
595,0,-17.074902,-11.096209,19.433994,-0.50270784,0.4489638,-2.2365043,-12.044255,-13.062464,1.3944019e-16,5.506826e-14,1.0,2.1958366e-09,5.6872946e-09,3.8781298e-10,2.1338817e-14,7.7084445e-15,2,36.508896,1.0,False,2.3105905e-07,Test
596,0,-21.761667,-13.892752,23.708939,0.35037237,-0.44623417,1.7439895,-15.743422,-19.751633,1.7880005e-20,4.675118e-17,1.0,7.1697426e-11,3.2325254e-11,2.8889766e-10,7.3461e-18,1.334485e-19,2,45.470604,1.0,False,1.269744e-08,Test
597,0,-20.443735,-13.201482,21.12276,0.25326678,-0.04810719,2.5633667,-14.490907,-17.74261,8.869505e-19,1.2392852e-15,1.0,8.63961e-10,6.3915895e-10,8.7047685e-09,3.4133525e-16,1.3212455e-17,2,41.566498,1.0,False,2.7860932e-07,Test
598,0,-19.417936,-12.167013,20.24839,0.8985564,-1.0391436,2.394185,-12.701053,-18.386518,5.931062e-18,8.35927e-15,1.0,3.9488777e-09,5.687769e-10,1.7620444e-08,4.900477e-15,1.6636867e-17,2,39.66633,1.0,False,5.8157553e-07,Test
599,0,-12.666032,-8.162476,10.92783,0.0010634866,0.062969625,4.259859,-8.252454,-11.963423,5.659119e-11,5.11232e-09,0.99869365,1.7947252e-05,1.9093402e-05,0.001269315,4.672415e-09,1.1425827e-10,2,23.595167,1.0,False,0.014679,Test
600,0,-19.299776,-12.294137,19.657848,0.96797204,-0.5711685,3.097125,-13.201946,-18.087872,1.2048078e-17,1.3287076e-14,0.9999999,7.639936e-09,1.6392657e-09,6.423469e-08,5.360095e-15,4.0480148e-17,2,38.957626,1.0,False,1.8745347e-06,Test
601,0,-12.161269,-7.9078364,12.287705,-0.33204478,0.27735615,1.5345557,-9.242594,-9.021774,2.4095276e-11,1.6950186e-09,0.99996924,3.3059696e-06,6.080765e-06,2.1377306e-05,4.4616563e-10,5.5641347e-10,2,24.449005,1.0,False,0.0005416436,Test
602,0,-22.644726,-14.463281,24.168242,-0.055208378,0.15055364,1.880908,-16.063425,-19.195457,4.670759e-21,1.6693319e-17,1.0,3.019183e-11,3.7089443e-11,2.0928284e-10,3.3698395e-18,1.4702257e-19,2,46.812965,1.0,False,9.069517e-09,Test
603,0,-22.005592,-13.819269,23.236961,0.27894714,-0.49543458,3.2114503,-14.954259,-20.993313,2.2459939e-20,8.066486e-17,1.0,1.0701913e-10,4.9334613e-11,2.009237e-09,2.5927712e-17,6.180676e-20,2,45.242554,1.0,False,6.328205e-08,Test
604,0,-11.313927,-6.994474,10.696348,-1.0101496,0.34670517,0.77013713,-7.83933,-5.770178,2.7607072e-10,2.0746013e-08,0.99991083,8.239364e-06,3.2001368e-05,4.8872265e-05,8.912884e-09,7.057321e-08,2,22.010365,1.0,False,0.0014479554,Test
605,1,-20.172377,-12.85346,21.25905,0.4054018,-0.2971448,1.9325737,-14.17365,-18.011963,1.0152193e-18,1.5315277e-15,1.0,8.777589e-10,4.347742e-10,4.0421986e-09,4.090472e-16,8.806766e-18,2,34.11251,1.0,False,1.5263437e-07,Test
606,1,-14.682723,-8.832814,15.679606,-2.2468562,1.0855085,-0.24110557,-11.213173,-7.4601007,6.5133974e-14,2.2614693e-11,0.9999994,1.6392157e-08,4.5905367e-07,1.21821e-07,2.0922504e-12,8.923853e-11,2,24.51242,1.0,False,1.375109e-05,Test
607,0,-8.476731,-4.901966,7.4032893,-1.0467821,-0.02348205,-0.06064011,-5.151051,-2.7866151,1.2669955e-07,4.5214265e-06,0.9985739,0.00021358013,0.00059425726,0.0005725808,3.5245157e-06,3.7493937e-05,2,15.881447,0.9999999,False,0.017893601,Test
608,0,-16.969526,-11.436236,15.937203,0.23074287,0.28437096,4.6900873,-12.169104,-15.778911,5.1142583e-15,1.2937799e-12,0.99998665,1.5092628e-07,1.5924127e-07,1.304469e-05,6.216984e-13,1.6821351e-14,2,32.906742,1.0,False,0.00023794343,Test
609,0,-9.761898,-5.8515425,7.746849,-1.3887483,0.3860196,0.7535795,-5.907211,-3.1998081,2.4849523e-08,1.2404062e-06,0.99832124,0.00010757983,0.0006346039,0.000916499,1.173241e-06,1.7587232e-05,2,17.510427,1.0,False,0.020153442,Test
610,0,-9.438277,-5.6064816,6.795238,-0.7677856,-0.022172753,1.0371124,-4.874099,-3.3578947,8.867162e-08,4.0917766e-06,0.9952004,0.0005168103,0.0010892977,0.0031418705,8.511031e-06,3.8766906e-05,2,16.238325,0.99999994,False,0.050180137,Test
611,0,-8.867499,-5.6390343,5.6509905,0.1708526,-0.35004762,3.8494322,-5.02935,-8.34694,4.2254692e-07,1.0665458e-05,0.85344386,0.0035577982,0.002113281,0.14085366,1.962286e-05,7.111332e-07,2,14.676966,0.9999996,False,0.64164835,Test
612,0,-16.852234,-10.751092,17.355371,-0.046153508,0.06383252,2.253434,-11.93586,-14.4529705,1.3926001e-15,6.216092e-13,0.99999964,2.770852e-08,3.093002e-08,2.7625606e-07,1.9009898e-13,1.5339545e-14,2,34.207603,1.0,False,7.916136e-06,Test
613,1,-17.760286,-11.215767,18.019308,-0.59607804,0.37102798,3.1385212,-12.531061,-15.369528,2.8914748e-16,2.0107965e-13,0.99999964,8.230762e-09,2.1649585e-08,3.446325e-07,5.3968836e-14,3.158004e-15,2,29.235075,1.0,False,8.68695e-06,Test
614,0,-21.293295,-15.216936,23.927265,0.6306186,-0.47834867,1.9247463,-16.76935,-20.899336,2.2959432e-20,9.997434e-18,1.0,7.627727e-11,2.5163843e-11,2.7824487e-10,2.116819e-18,3.4045158e-20,2,45.22056,1.0,False,1.2281998e-08,Test
615,0,-11.227765,-6.9132705,11.927079,-0.9339033,0.13317348,0.6647688,-8.538091,-8.137739,8.789596e-11,6.5724954e-09,0.999977,2.5973836e-06,7.550262e-06,1.2847863e-05,1.2944332e-09,1.9317445e-09,2,23.154867,1.0,False,0.00041888267,Test
616,0,-17.612276,-11.188326,17.888514,0.21641481,-0.21212725,2.0724404,-12.224341,-15.075897,3.8212274e-16,2.3555322e-13,0.9999999,2.1140012e-08,1.3771819e-08,1.3525911e-07,8.3589867e-14,4.8276867e-15,2,35.50079,1.0,False,4.1569156e-06,Test
617,1,-21.299345,-13.73164,23.059616,0.35436633,-0.40281418,1.2835038,-14.992409,-18.730703,5.434344e-20,1.051382e-16,1.0,1.3779558e-10,6.462428e-11,3.4894332e-10,2.9799952e-17,7.0907804e-19,2,36.791256,1.0,False,1.7663721e-08,Test
618,0,-22.17714,-14.114745,23.711859,0.5614842,-0.44006652,2.225298,-15.495704,-20.345234,1.1766859e-20,3.7334906e-17,1.0,8.8291666e-11,3.243036e-11,4.66128e-10,9.383663e-18,7.3493446e-20,2,45.889,1.0,False,1.8528143e-08,Test
619,0,-23.272865,-15.151161,24.212013,0.22785826,0.16814592,3.4751606,-16.725737,-20.97837,2.3854992e-21,8.031387e-18,1.0,3.8354254e-11,3.61311e-11,9.865051e-10,1.6632607e-18,2.3662773e-20,2,47.48488,1.0,False,3.209367e-08,Test
620,0,-24.278053,-15.802306,26.726128,0.795882,-0.9722715,1.571964,-16.873646,-23.031313,7.0658707e-23,3.3894987e-19,1.0,5.47819e-12,9.348423e-13,1.1903801e-11,1.1610715e-19,2.4582097e-22,2,51.00418,1.0,False,6.7427897e-10,Test
621,0,-8.761401,-5.2521176,6.622647,-1.1343449,0.2575514,0.77586365,-5.1415777,-2.6367345,2.0728258e-07,6.928281e-06,0.99487877,0.0004255508,0.0017117654,0.002874382,7.738061e-06,9.47266e-05,2,15.389183,0.9999998,False,0.05365461,Test
622,0,-20.868837,-13.520912,21.56473,0.82568145,-0.46173584,2.7585585,-14.44222,-19.053572,3.7267992e-19,5.787622e-16,1.0,9.843417e-10,2.7166094e-10,6.8011685e-09,2.303457e-16,2.2892637e-18,2,42.433567,1.0,False,2.2261077e-07,Test
623,1,-25.30203,-16.382097,27.57495,0.98348063,-0.92531,1.9282901,-17.734795,-23.744038,1.085974e-23,8.122641e-20,1.0,2.8279508e-12,4.192708e-13,7.2743994e-12,2.1000394e-20,5.157604e-23,2,43.957047,1.0,False,3.9488401e-10,Test
624,0,-25.921984,-17.02043,27.840464,-0.24736318,0.32791978,2.3899882,-18.990877,-21.991062,4.479874e-24,3.2897403e-20,1.0,6.333028e-13,1.1257805e-12,8.8511325e-12,4.5857156e-21,2.2826666e-22,2,53.762447,1.0,False,3.9533699e-10,Test
625,0,-9.555275,-5.223285,4.611603,0.14746429,-0.67884773,0.020401305,-3.7778304,-1.1121194,6.8306673e-07,5.1978317e-05,0.97064406,0.011176589,0.00489155,0.00984298,0.00022058481,0.0031716037,2,14.196673,0.99999934,False,0.24711022,Test
626,0,-18.688168,-11.800051,19.050587,0.13667265,0.10278307,2.7828267,-13.251032,-16.187414,4.0763103e-17,3.9970387e-14,0.9999999,6.106489e-09,5.9030087e-09,8.6099746e-08,9.366653e-15,4.9697144e-16,2,37.738754,1.0,False,2.5206875e-06,Test
627,0,-13.102306,-8.187396,11.726046,-0.4377457,0.37425968,2.0739152,-8.638633,-9.203693,1.6487258e-11,2.247332e-09,0.9999187,5.2155133e-06,1.1747537e-05,6.428325e-05,1.4311912e-09,8.13382e-10,2,24.828434,1.0,False,0.0012964946,Test
628,1,-25.316355,-16.209034,27.616022,-1.5340108,0.9410176,2.8217845,-18.738945,-21.703293,1.0274503e-23,9.268707e-20,1.0,2.1892831e-13,2.6013126e-12,1.706081e-11,7.384046e-21,3.8097327e-22,2,43.825058,1.0,False,7.195897e-10,Test
629,1,-21.747034,-14.298139,23.760374,0.48050252,-0.6116741,1.7997959,-15.667462,-20.001398,1.7233907e-20,2.9607213e-17,1.0,7.7567626e-11,2.6022816e-11,2.901628e-10,7.528488e-18,9.8742437e-20,2,38.058514,1.0,False,1.2713229e-08,Test
630,1,-11.681453,-7.395538,10.552936,0.057984523,-0.045725908,2.9871376,-7.5173316,-10.252242,2.2053634e-10,1.6026162e-08,0.9994299,2.7660048e-05,2.493516e-05,0.00051756884,1.41884575e-08,9.2082786e-10,2,17.949043,1.0,False,0.007272973,Test
631,0,-17.140192,-10.825498,17.342884,0.4829184,-0.4724416,2.112155,-11.329121,-15.182651,1.0572786e-15,5.842888e-13,0.99999976,4.7622212e-08,1.8319039e-08,2.4287246e-07,3.531071e-13,7.487542e-15,2,34.483078,1.0,False,7.481885e-06,Test
632,0,-12.631711,-8.023701,12.043466,0.69647366,-0.7189736,2.7012591,-8.383232,-12.461713,1.921598e-11,1.927065e-09,0.9998977,1.1803743e-05,2.8661495e-06,8.763683e-05,1.3450979e-09,2.2776753e-11,2,24.67528,1.0,False,0.0015748334,Test
633,0,-15.189204,-9.458403,15.368975,-0.07991471,0.17434643,2.6739724,-11.018258,-13.184308,5.3548884e-14,1.6504619e-11,0.99999654,1.9526793e-07,2.5179963e-07,3.066401e-06,3.468714e-12,3.97617e-13,2,30.558182,1.0,False,7.102132e-05,Test
634,0,-20.886929,-13.546572,21.254612,0.9596051,-0.594661,3.5429916,-14.175156,-20.115429,4.9907e-19,7.6919623e-16,1.0,1.5345821e-09,3.2432543e-10,2.032081e-08,4.1024892e-16,1.0794922e-18,2,42.14154,1.0,False,5.7440207e-07,Test
635,0,-16.649652,-10.896536,17.664173,-0.14897497,0.3380203,1.9093286,-12.51045,-14.061813,1.2522586e-15,3.9467683e-13,0.9999999,1.8358952e-08,2.9877715e-08,1.4379965e-07,7.85828e-14,1.6656322e-14,2,34.313828,1.0,False,4.6591276e-06,Test
636,0,-17.922386,-11.188593,18.8931,0.3495745,-0.42664152,1.5951196,-12.117709,-15.929739,1.02621225e-16,8.623557e-14,1.0,8.844008e-09,4.069514e-09,3.073139e-08,3.4054614e-14,7.527204e-16,2,36.815487,1.0,False,1.1169572e-06,Test
637,0,-15.922275,-10.109678,16.130737,-0.7633497,0.36230353,1.5734485,-11.126486,-11.276804,1.201028e-14,4.0172796e-12,0.9999994,4.602471e-08,1.4185872e-07,4.762658e-07,1.4532427e-12,1.2504197e-12,2,32.053013,1.0,False,1.538347e-05,Test
638,0,-11.254261,-6.5170693,8.969875,0.04363876,-0.6246414,0.4136604,-5.628107,-5.6544876,1.6466374e-09,1.8790328e-07,0.99960583,0.00013280477,6.807429e-05,0.00019227008,4.5709405e-07,4.4519334e-07,2,20.224531,1.0,False,0.0056179417,Test
639,0,-16.883785,-10.845765,16.381392,0.61166716,-0.41528425,3.91071,-11.1166,-16.543798,3.5736862e-15,1.4975937e-12,0.99999607,1.4167533e-07,5.073344e-08,3.8375165e-06,1.1422793e-12,5.0207658e-15,2,33.26518,1.0,False,7.934241e-05,Test
640,0,-12.080322,-7.599478,11.597091,0.44755214,-0.38623616,1.5267918,-7.8660774,-9.922808,5.2119763e-11,4.6026645e-09,0.99993706,1.4381011e-05,6.247121e-06,4.231529e-05,3.5255407e-09,4.5081666e-10,2,23.677477,1.0,False,0.0010451502,Test
641,0,-6.7804155,-4.572688,0.874395,-0.15243164,-0.63436013,3.70629,-2.3758147,-3.920857,2.5458967e-05,0.0002315499,0.053738177,0.019245876,0.011886086,0.9123453,0.0020832182,0.00044435647,5,10.578443,0.99997455,False,0.559793,Test
642,0,-8.817927,-5.2211156,6.745392,-0.9530773,0.17400594,1.1527275,-4.791684,-3.7842934,1.7318163e-07,6.3179696e-06,0.99441,0.0004509857,0.0013920309,0.0037042666,9.706821e-06,2.6581616e-05,2,15.568925,0.9999998,False,0.05685961,Test
643,0,-14.444648,-9.597733,12.96182,0.3470038,-0.052506123,4.036887,-9.778805,-13.67679,1.2515903e-12,1.5938635e-10,0.99986136,3.321964e-06,2.2278696e-06,0.00013301201,1.3298801e-10,2.697355e-12,2,27.406607,1.0,False,0.0020148978,Test
644,0,-15.527873,-9.845357,14.830577,0.1224753,0.33087778,3.1612315,-10.692212,-13.210874,6.538658e-14,1.9203219e-11,0.9999906,4.0958938e-07,5.044949e-07,8.551915e-06,8.233595e-12,6.6335907e-13,2,30.35846,1.0,False,0.00017680637,Test
645,0,-15.233503,-9.711264,16.29855,-0.6604835,0.16853048,0.3192751,-10.987164,-10.791378,2.022103e-14,5.0591957e-12,0.99999976,4.313055e-08,9.88148e-08,1.14891805e-07,1.4124244e-12,1.7178839e-12,2,31.532053,1.0,False,6.3476573e-06,Test
646,0,-17.487732,-11.140975,18.220633,0.16267952,-0.17036313,2.0089068,-12.236338,-15.425495,3.104942e-16,1.7718062e-13,0.9999999,1.4372445e-08,1.03013065e-08,9.106199e-08,5.925239e-14,2.4415926e-15,2,35.708366,1.0,False,2.9495561e-06,Test
647,0,-8.245999,-4.5972543,4.565342,-0.9335894,-0.14145912,0.608547,-3.6599922,-1.0445079,2.6340592e-06,0.000101217505,0.9649846,0.003947888,0.008717314,0.018454665,0.00025840633,0.0035334057,2,12.846985,0.9999974,False,0.28033426,Test
648,0,-8.010208,-4.870932,5.3792048,-1.2522621,0.34691334,1.2929701,-4.0556016,-2.6691146,1.4938043e-06,3.4487664e-05,0.97553277,0.0012859746,0.0063642245,0.016391275,7.793945e-05,0.00031181815,2,13.414185,0.9999985,False,0.1960956,Test
649,1,-23.641022,-15.436968,24.95678,0.26697043,0.10617639,3.8948681,-17.33797,-22.487219,7.838683e-22,2.8656243e-18,1.0,1.8938774e-11,1.612576e-11,7.1273554e-10,4.2817704e-19,2.485035e-21,2,40.393745,1.0,False,2.2909855e-08,Test
650,0,-19.896553,-12.43617,20.340887,-0.20741299,0.2502238,3.9237492,-14.02557,-18.620565,3.3504328e-18,5.822435e-15,0.9999999,1.1912057e-09,1.8825022e-09,7.415286e-08,1.1880594e-15,1.2002069e-17,2,40.237442,1.0,False,1.9321735e-06,Test
651,0,-18.526937,-12.083317,18.819267,0.8107344,-0.518224,2.7343953,-12.767949,-17.287012,6.035989e-17,3.7947066e-14,0.9999999,1.5100566e-08,3.997918e-09,1.0337823e-07,1.9135799e-14,2.0856569e-16,2,37.346207,1.0,False,3.0747947e-06,Test
652,0,-18.588913,-11.997629,18.956646,0.63806295,-0.36587945,2.8254273,-12.890805,-17.152487,4.945052e-17,3.6035377e-14,0.9999999,1.1074921e-08,4.058205e-09,9.8696326e-08,1.4751223e-14,2.0797143e-16,2,37.54556,1.0,False,2.874706e-06,Test
653,1,-15.457766,-9.636797,15.205035,0.270398,-0.19709809,3.388062,-10.414731,-14.479648,4.822939e-14,1.6267706e-11,0.999992,3.2656231e-07,2.0461391e-07,7.3782007e-06,7.472629e-12,1.2826334e-13,2,24.841839,1.0,False,0.00014872028,Test
654,0,-15.071082,-9.493176,14.324343,-0.011769863,0.05534985,2.857879,-10.132378,-13.039164,1.7128704e-13,4.5308254e-11,0.9999883,5.9415555e-07,6.3540443e-07,1.0475454e-05,2.3909817e-11,1.3066977e-12,2,29.395435,1.0,False,0.00021551726,Test
655,0,-19.471455,-12.640832,19.249725,-0.30993307,0.5042923,4.0051703,-13.955547,-17.449574,1.5261777e-17,1.41288645e-14,0.99999976,3.201462e-09,7.2270563e-09,2.3953777e-07,3.7943133e-15,1.1526485e-16,2,38.72118,1.0,False,5.8979676e-06,Test
656,0,-8.032874,-4.514438,5.804542,-1.2277608,0.30553728,0.31172466,-4.6816015,-1.5622145,9.688539e-07,3.268101e-05,0.990311,0.0008743419,0.0040512043,0.0040763486,2.7650152e-05,0.00062579184,2,13.847152,0.99999905,False,0.0949347,Test
657,0,-24.816805,-16.817223,26.900223,0.44429767,-0.05195262,2.7870402,-18.538296,-23.030397,3.4640255e-23,1.03217826e-19,1.0,3.2384542e-12,1.971601e-12,3.3711502e-11,1.8462994e-20,2.0673215e-22,2,51.717026,1.0,False,1.3730227e-09,Test
658,0,-8.209842,-4.833723,5.26828,-1.244922,0.16985153,1.0375845,-4.6268196,-1.8090014,1.3696862e-06,4.0072904e-05,0.977451,0.0014502646,0.0059686424,0.014214356,4.9284215e-05,0.00082503184,2,13.500929,0.9999986,False,0.18693031,Test
659,0,-21.685001,-13.758166,22.8185,-1.1904765,1.1352104,2.5405724,-15.795247,-17.883303,4.702997e-20,1.3030318e-16,1.0,3.7413933e-11,3.8288345e-10,1.5610184e-09,1.699272e-17,2.1058656e-18,2,44.5035,1.0,False,5.8940824e-08,Test
660,0,-20.646517,-13.194425,22.617544,-1.6304525,1.0345162,0.41203812,-16.0214,-14.128902,1.6242656e-19,2.7993626e-16,1.0,2.945972e-11,4.232624e-10,2.2712845e-10,1.6569855e-17,1.09956735e-16,2,43.26406,1.0,False,2.148626e-08,Test
661,0,-20.237585,-12.798593,20.78357,0.39777452,-0.46164083,3.2809045,-13.810144,-19.099073,1.5301647e-18,2.6028721e-15,1.0,1.4013979e-09,5.9336547e-10,2.5043173e-08,9.465462e-16,4.7773547e-18,2,41.021156,1.0,False,6.9176815e-07,Test
662,0,-11.034423,-7.0569944,10.1889715,0.28023615,-0.4401756,2.729047,-7.537498,-11.0049095,6.060589e-10,3.2351178e-08,0.9993507,4.9706006e-05,2.418454e-05,0.0005753257,2.0008303e-08,6.2421174e-10,2,21.224045,1.0,False,0.008211667,Test
663,0,-20.912413,-13.60693,21.901112,0.8144692,-0.67189413,1.8073089,-14.0812435,-18.777561,2.548728e-19,3.7936176e-16,1.0,6.95324e-10,1.5727808e-10,1.8766015e-09,2.3608182e-16,2.155147e-18,2,42.813522,1.0,False,8.067604e-08,Test
664,0,-7.298834,-4.276981,5.3132734,-1.1666238,0.29679283,0.8105746,-4.892618,-2.1187408,3.2663006e-06,6.705488e-05,0.9804484,0.0015039764,0.0064982283,0.010862443,3.62295e-05,0.0005804193,2,12.631852,0.9999967,False,0.1678824,Test
665,1,-11.037192,-6.595301,9.825289,-1.6356453,0.9671251,0.55879,-7.4687514,-3.9895506,8.6982554e-10,7.387896e-08,0.99975175,1.0531056e-05,0.00014218065,9.451548e-05,3.084507e-08,1.000423e-06,2,16.420837,0.99999994,False,0.0036355504,Test
666,0,-12.074826,-6.9853573,10.988736,-1.3876861,0.42990994,-0.53959674,-7.5715795,-3.6991506,9.629518e-11,1.5629043e-08,0.99995947,4.21668e-06,2.596225e-05,9.846709e-06,8.696401e-09,4.179401e-07,2,23.063602,1.0,False,0.00070243387,Test
667,0,-13.111483,-8.285037,12.77884,-0.18682396,0.07728652,3.2597117,-9.496509,-12.038157,5.700869e-12,7.1127926e-10,0.9999211,2.3391035e-06,3.0461495e-06,7.342782e-05,2.1178966e-10,1.6675567e-11,2,25.890402,1.0,False,0.0012216865,Test
668,0,-11.635681,-7.1681786,10.971157,0.15247968,-0.16857672,2.4397168,-7.913401,-10.250405,1.5201074e-10,1.3246038e-08,0.9997683,2.00174e-05,1.4520255e-05,0.00019712502,6.286952e-09,6.0742456e-10,2,22.607069,1.0,False,0.003306887,Test
669,1,-21.629251,-13.989551,22.529318,0.9233594,-0.84871984,2.8006146,-14.640386,-20.407322,6.640137e-20,1.3805666e-16,1.0,4.1366735e-10,7.031483e-11,2.7035434e-09,7.2011605e-17,2.253487e-19,2,36.518867,1.0,False,9.2215494e-08,Test
670,0,-20.20885,-12.555371,21.670025,0.24909797,-0.6367984,1.6949205,-13.332049,-18.524664,6.4898606e-19,1.3680429e-15,1.0,4.9774806e-10,2.0524356e-10,2.1131095e-09,6.292046e-16,3.4967878e-18,2,41.878876,1.0,False,8.288313e-08,Test
671,0,-11.194134,-6.7588086,11.064697,-2.2296405,0.95576817,-1.021844,-8.412258,-2.3776586,2.1532329e-10,1.8168892e-08,0.9999504,1.6839172e-06,4.0712384e-05,5.6345643e-06,3.4773162e-09,1.4522366e-06,2,22.25888,1.0,False,0.00082441146,Test
672,0,-9.019614,-4.6907525,6.034411,-1.495518,0.2947633,-1.8653378,-4.8821087,2.149076,2.8282705e-07,2.1454673e-05,0.9758908,0.000523835,0.0031383678,0.0003618961,1.7718103e-05,0.020045722,2,15.07843,0.9999997,False,0.1839916,Test
673,0,-23.355854,-15.142413,24.522907,0.30401036,0.05817942,3.7900026,-17.034134,-21.872953,1.6088597e-21,5.937038e-18,1.0,3.0329603e-11,2.371941e-11,9.904078e-10,8.953778e-19,7.088177e-21,2,47.87876,1.0,False,3.1521257e-08,Test
674,0,-28.061144,-18.237541,30.224106,-0.4625323,0.69045514,2.8295364,-20.43675,-24.13731,4.8645034e-26,8.982022e-22,1.0,4.7093666e-14,1.4917573e-13,1.2667464e-12,9.9602184e-23,2.4611443e-24,2,58.285248,1.0,False,5.850535e-11,Test
675,0,-22.757696,-14.66474,24.616333,0.072476536,-0.10889971,1.3051361,-16.261717,-19.15177,2.6651382e-21,8.718587e-18,1.0,2.1914871e-11,1.8279643e-11,7.517539e-11,1.7655812e-18,9.8119137e-20,2,47.37403,1.0,False,3.956263e-09,Test
676,0,-13.89199,-8.612222,13.525539,-0.080077566,-0.15227997,1.6713489,-9.195464,-10.867171,1.2379805e-12,2.4304617e-10,0.99999046,1.2335356e-06,1.1476103e-06,7.1086347e-06,1.3564037e-10,2.549035e-11,2,27.41754,1.0,False,0.00018220206,Test
677,0,-17.605705,-11.216424,17.932655,-0.055470593,0.29107806,2.6536222,-12.68121,-14.829318,3.6803235e-16,2.1913715e-13,0.99999976,1.5411883e-08,2.1795179e-08,2.3141946e-07,5.0648582e-14,5.910922e-15,2,35.53836,1.0,False,6.3998305e-06,Test
678,0,-20.78307,-13.658892,21.614044,0.53749204,-0.1286931,2.5677671,-14.845348,-18.1666,3.8651596e-19,4.799096e-16,1.0,7.0237655e-10,3.6078576e-10,5.3494285e-09,1.4651666e-16,5.29037e-18,2,42.397114,1.0,False,1.7966583e-07,Test
679,0,-10.238925,-6.7668285,10.744664,-0.2671204,-0.23131867,0.9929301,-7.725141,-8.532073,7.707315e-10,2.4820757e-08,0.9999081,1.6504517e-05,1.7106115e-05,5.8188332e-05,9.519756e-09,4.247951e-09,2,20.98368,1.0,False,0.0014851706,Test
680,0,-5.690115,-3.093779,2.63158,-1.8544196,-0.1813743,-0.5666308,-2.7753062,2.3019655,0.00013221367,0.0017735804,0.5436792,0.0061248834,0.032635637,0.022201246,0.0024387199,0.39101452,2,8.931091,0.9998678,False,1.3748935,Test
681,1,-25.31442,-16.39998,26.819082,0.15593255,0.31552318,3.6065378,-18.608444,-23.195257,2.284059e-23,1.6990241e-19,1.0,2.6323375e-12,3.0878097e-12,8.296988e-11,1.8667024e-20,1.90129e-22,2,43.219063,1.0,False,2.9978715e-09,Test
682,0,-20.246353,-13.757644,22.487007,-1.2548634,1.4724845,1.5235262,-16.953356,-16.348322,2.7614515e-19,1.8161333e-16,1.0,4.8869343e-11,7.473238e-10,7.864579e-10,7.434792e-18,1.3615441e-17,2,42.73336,1.0,False,4.8116487e-08,Test
683,0,-13.739597,-7.8452973,10.839756,-0.9343571,0.28114775,-1.4224805,-8.107106,-2.2808645,2.1149735e-11,7.676568e-09,0.9999596,7.701056e-06,2.5967924e-05,4.7267295e-06,5.9083356e-09,2.0034074e-06,2,24.579393,1.0,False,0.00070659333,Test
684,0,-13.625561,-8.415188,13.558569,-0.7852795,0.3740938,2.6784356,-10.207154,-12.050541,1.5634111e-12,2.8635808e-10,0.99997866,5.895717e-07,1.8795159e-06,1.8828197e-05,4.7716425e-11,7.552585e-12,2,27.18415,1.0,False,0.00037420224,Test
685,0,-21.962223,-13.971404,23.24414,-0.62293875,0.76211643,2.4887447,-16.226967,-18.026505,2.3287653e-20,6.8785024e-17,1.0,4.311808e-11,1.7225846e-10,9.683806e-10,7.209677e-18,1.1923028e-18,2,45.206364,1.0,False,3.606874e-08,Test
686,0,-26.14552,-17.157568,28.340494,0.012518493,0.34102434,2.9151835,-19.684738,-23.592966,2.1728223e-24,1.7395731e-20,1.0,4.9809966e-13,6.9180675e-13,9.076703e-12,1.3896565e-21,2.7898754e-23,2,54.486015,1.0,False,3.8124423e-10,Test
687,0,-14.592099,-8.812754,14.5077915,-1.5645652,0.8508928,0.28290355,-10.344564,-7.2390885,2.3018488e-13,7.447579e-11,0.9999981,1.0467986e-07,1.171881e-06,6.640624e-07,1.6097488e-11,3.592935e-10,2,29.099894,1.0,False,4.1910625e-05,Test
688,0,-19.462019,-12.826236,19.697857,0.4357026,-0.38279927,3.1537359,-13.345568,-18.08623,9.841987e-18,7.498347e-15,0.9999999,4.310751e-09,1.9014366e-09,6.530998e-08,4.460897e-15,3.8956415e-17,2,39.159874,1.0,False,1.819697e-06,Test
689,0,-19.05445,-11.834237,20.45087,-1.1209278,0.7501297,1.1282175,-13.755847,-14.606321,6.967204e-18,9.522617e-15,1.0,4.2804263e-10,2.7802058e-09,4.0576866e-09,1.3938336e-15,5.954645e-16,2,39.505318,1.0,False,2.0545626e-07,Test
690,0,-23.144344,-14.885749,24.693243,1.430646,-1.5573758,1.9444828,-15.239531,-22.159958,1.6764886e-21,6.4723595e-18,1.0,7.891923e-11,3.9765045e-12,1.319286e-10,4.5437747e-18,4.4865505e-21,2,47.837585,1.0,False,7.1290263e-09,Test
691,0,-15.788707,-9.91571,16.330875,0.35364193,-0.6925997,0.9524146,-9.941154,-13.193463,1.12367865e-14,3.9925693e-12,0.99999964,1.15126504e-07,4.0438806e-08,2.0951694e-07,3.8922637e-12,1.5057153e-13,2,32.119583,1.0,False,8.8115485e-06,Test
692,0,-19.66366,-12.563931,20.646673,-0.05319474,-0.023138206,2.3692682,-13.78955,-17.313688,3.1149043e-18,3.774133e-15,1.0,1.0236745e-09,1.054909e-09,1.1540482e-08,1.1079974e-15,3.2660624e-17,2,40.310333,1.0,False,3.6633622e-07,Test
693,0,-14.186043,-8.733142,13.254713,0.13965683,-0.12982734,3.3950365,-9.520389,-12.981052,1.209503e-12,2.823398e-10,0.9999442,2.0145558e-06,1.5386636e-06,5.223634e-05,1.2849173e-10,4.0357813e-12,2,27.440811,1.0,False,0.0008913684,Test
694,0,-21.449295,-13.867855,22.801521,0.7221887,-0.5959695,2.3051214,-15.122935,-19.86121,6.0550067e-20,1.1876601e-16,1.0,2.5767233e-10,6.896021e-11,1.2546628e-09,3.3854573e-17,2.9635433e-19,2,44.250816,1.0,False,4.763607e-08,Test
695,0,-17.802816,-11.493129,19.042625,0.25136492,-0.25020424,2.6623034,-13.302795,-17.544939,9.959259e-17,5.4763346e-14,0.9999999,6.903344e-09,4.1805226e-09,7.6933716e-08,8.965245e-15,1.2889124e-16,2,36.845444,1.0,False,2.2075867e-06,Test
696,0,-7.3110228,-3.517778,1.8889308,-1.1339037,-0.9572532,-2.1069283,-1.7934519,5.5524216,2.5165327e-06,0.0001117346,0.02490529,0.0012119686,0.0014461372,0.00045804912,0.0006266906,0.97123754,7,12.892629,0.9999975,False,0.21222006,Test
697,1,-17.818745,-12.014635,19.12484,0.20024459,0.04100166,2.1056304,-13.744036,-16.037584,9.028282e-17,2.9943177e-14,1.0,6.0416125e-09,5.152223e-09,4.061173e-08,5.3116513e-15,5.359868e-16,2,31.139475,1.0,False,1.3039653e-06,Test
698,0,-17.269121,-10.455202,19.029808,-2.6071932,1.6147292,-0.25007057,-13.854748,-9.884711,1.720189e-16,1.5661119e-13,1.0,4.0102352e-10,2.7335513e-08,4.2350163e-09,5.229003e-15,2.770661e-13,2,36.298927,1.0,False,8.1712875e-07,Test
699,1,-14.611872,-9.449773,14.481716,-0.03752172,0.16634654,2.7352662,-10.765519,-12.742663,2.3163885e-13,4.0428057e-11,0.99999094,4.947335e-07,6.066106e-07,7.917307e-06,1.0845798e-11,1.5017508e-12,2,23.931498,1.0,False,0.00017004888,Test
700,0,-23.337704,-15.498584,25.790037,-1.3699398,1.1727697,-0.018733801,-18.353613,-16.237038,4.614175e-22,1.1710628e-18,1.0,1.6016657e-12,2.0363692e-11,6.1857607e-12,6.739945e-20,5.5959327e-19,2,49.12774,1.0,False,1.0163016e-09,Test
701,0,-21.151056,-13.784341,22.075487,0.5730348,-0.3284282,2.1948867,-14.94076,-18.518389,1.6863616e-19,2.668543e-16,1.0,4.5877885e-10,1.8625296e-10,2.3225504e-09,8.395533e-17,2.3458687e-18,2,43.226543,1.0,False,8.6866656e-08,Test
702,0,-7.2348146,-5.040252,2.4865248,0.3701423,-0.8057201,4.5263767,-3.4199042,-7.300904,6.7781148e-06,6.084082e-05,0.112988174,0.013611306,0.0041998047,0.86881924,0.00030754128,6.3446396e-06,5,11.901812,0.9999932,False,0.65389496,Test
703,0,-8.439976,-4.7156506,7.7674828,-1.9397446,0.4826175,-1.4517493,-5.99269,-0.115895726,9.1339224e-08,3.785395e-06,0.99877375,6.0767547e-05,0.00068499957,9.899319e-05,1.0556015e-06,0.0003764951,2,16.208685,0.9999999,False,0.015510281,Test
704,0,-22.438026,-14.344347,23.691141,0.37726295,-0.19871278,2.0071206,-15.42168,-19.862482,9.254605e-21,3.0296843e-17,1.0,7.4974055e-11,4.2147133e-11,3.8260384e-10,1.0316125e-17,1.215911e-19,2,46.129166,1.0,False,1.5943533e-08,Test
705,0,-13.044585,-9.355379,13.076769,0.69873685,-0.69377977,2.277824,-9.7361,-13.126358,4.525111e-12,1.8106343e-10,0.99997425,4.20996e-06,1.0459609e-06,2.042052e-05,1.2373291e-10,4.1698017e-12,2,26.121378,1.0,False,0.00045117634,Test
706,0,-12.146047,-7.6984577,11.426997,0.0695281,-0.034778338,2.1230526,-8.304356,-9.74571,5.785061e-11,4.941647e-09,0.99988675,1.1680581e-05,1.0523612e-05,9.1054004e-05,2.69608e-09,6.3791256e-10,2,23.573156,1.0,False,0.0017512303,Test
707,0,-10.982265,-6.5824676,9.663477,-0.66272694,0.4604978,2.4545984,-7.237388,-8.114466,1.0796644e-09,8.79218e-08,0.9991272,3.2734617e-05,0.00010065092,0.00073934067,4.5673907e-08,1.900021e-08,2,20.646616,1.0,False,0.010776732,Test
708,0,-16.86527,-10.931802,17.205004,0.4308339,-0.32426348,2.915665,-11.839437,-16.143442,1.5975981e-15,6.0303135e-13,0.9999993,5.18884e-08,2.4385745e-08,6.226136e-07,2.4330955e-13,3.2881654e-15,2,34.070274,1.0,False,1.573961e-05,Test
709,0,-8.488195,-4.873193,5.903771,-0.7658034,-0.6626531,0.23631942,-3.7157195,-2.4640071,5.582843e-07,2.0741047e-05,0.9935889,0.0012608037,0.0013978,0.003434503,6.599561e-05,0.0002307422,2,14.398397,0.99999946,False,0.06677007,Test
710,0,-7.120163,-4.030746,-0.06962265,0.4198741,-1.4558625,1.9370623,-1.0685959,-1.0794612,7.829623e-05,0.0017197194,0.09031327,0.14734566,0.02257955,0.67180586,0.033258528,0.032899123,5,9.455011,0.9999217,False,1.5716068,Test
711,0,-22.830772,-14.655777,24.073116,0.46872166,-0.19713108,3.160521,-16.287878,-21.238314,4.2648124e-21,1.5144514e-17,1.0,5.607142e-11,2.88115e-11,8.2751345e-10,2.9610361e-18,2.0965015e-20,2,46.90389,1.0,False,2.7884772e-08,Test
712,0,-6.8404922,-5.2347417,8.186282,-0.06695588,-0.6372879,-0.15679862,-6.362876,-6.5352354,2.9762768e-07,1.4826607e-06,0.99935216,0.00026024532,0.00014712643,0.00023788372,4.798434e-07,4.038729e-07,2,15.027423,0.9999997,False,0.00882381,Test
713,0,-3.4519808,-3.5359347,3.9777896,0.1126147,-0.95921266,1.2171385,-4.0230665,-6.4817443,0.00054289494,0.00049917755,0.91500634,0.01917785,0.0065661576,0.057874672,0.00030668767,2.6236527e-05,2,7.5185947,0.9994571,False,0.52752346,Test
714,0,-16.947987,-10.914262,17.083406,-0.39655843,0.42689645,2.2319646,-12.081013,-13.638172,1.6609356e-15,6.930532e-13,0.99999964,2.561813e-08,5.8367316e-08,3.5489543e-07,2.1580104e-13,4.547658e-14,2,34.031395,1.0,False,1.0168639e-05,Test
715,0,-26.753275,-17.235558,28.985394,0.8529208,-0.8000507,2.669347,-18.7494,-25.294863,6.2087337e-25,8.442985e-21,1.0,6.056507e-13,1.1597007e-13,3.724659e-12,1.8579846e-21,2.669214e-24,2,55.73867,1.0,False,1.7097518e-10,Test
716,0,-21.90098,-14.254427,22.642832,0.38563254,-0.13580705,2.3015025,-14.998985,-18.999327,4.5171897e-20,9.4563625e-17,1.0,2.1568582e-10,1.2804506e-10,1.4651187e-09,4.4912516e-17,8.22319e-19,2,44.54381,1.0,False,5.412951e-08,Test
717,0,-15.219039,-9.673759,13.23262,-2.351066,2.306396,2.6721845,-11.231713,-8.883661,4.401309e-13,1.1268511e-10,0.9999559,1.7063638e-07,1.7979688e-05,2.5920397e-05,2.3727732e-11,2.4831434e-10,2,28.451704,1.0,False,0.0007458113,Test
718,0,-22.198706,-14.117219,23.54747,0.14228132,-0.24653666,3.0167108,-15.47269,-20.830343,1.3573363e-20,4.3896894e-17,1.0,6.8431386e-11,4.6386794e-11,1.2122838e-09,1.1317735e-17,5.3328544e-20,2,45.746178,1.0,False,3.9810427e-08,Test
719,0,-23.251984,-14.829403,24.597385,0.2181143,0.10107978,2.749232,-16.469038,-20.895475,1.6568495e-21,7.5363904e-18,1.0,2.5835526e-11,2.29821e-11,3.2468875e-10,1.4624457e-18,1.7486482e-20,2,47.84937,1.0,False,1.1955149e-08,Test
720,0,-15.16745,-9.6273985,14.540019,-0.048657447,0.31096953,3.4550214,-10.401083,-13.3369465,1.2537257e-13,3.193131e-11,0.99998343,4.615419e-07,6.612947e-07,1.5340505e-05,1.4730253e-11,7.819535e-13,2,29.707487,1.0,False,0.0002923543,Test
721,0,-19.06013,-12.187739,20.005344,-0.0023819823,0.0229301,2.498092,-13.57945,-16.954424,1.0816321e-17,1.0440492e-14,1.0,2.045289e-09,2.097721e-09,2.4928559e-08,2.5960298e-15,8.883329e-17,2,39.065475,1.0,False,7.491484e-07,Test
722,0,-11.072388,-6.6492605,9.679745,-0.09413974,-0.33042267,1.3324527,-6.492963,-7.2705784,9.712167e-10,8.095719e-08,0.99966097,5.689951e-05,4.4925444e-05,0.00023695719,9.4653245e-08,4.349316e-08,2,20.752472,1.0,False,0.004799111,Test
723,0,-8.107808,-5.1566753,4.6704564,-1.3449545,0.07796459,1.6338227,-4.680203,-2.11175,2.6571136e-06,5.0824274e-05,0.94175965,0.0022986894,0.009537758,0.04520087,8.184654e-05,0.0010677392,2,12.83827,0.9999973,False,0.38005447,Test
724,0,-9.765301,-5.87691,8.903015,-1.1275512,0.34016773,0.80923116,-6.8155756,-4.8735456,7.8022175e-09,3.8099972e-07,0.99945825,4.4009368e-05,0.000190971,0.00030526627,1.4902785e-07,1.039155e-06,2,18.668858,1.0,False,0.0073749144,Test
725,0,-20.123777,-12.681821,20.875397,0.29277462,-0.087288216,2.6553361,-13.970524,-18.14271,1.5641705e-18,2.6686154e-15,1.0,1.1510141e-09,7.870852e-10,1.2221608e-08,7.3554456e-16,1.134103e-17,2,40.999176,1.0,False,3.7923957e-07,Test
726,0,-13.973828,-8.748797,13.524837,-0.6127389,0.29623932,2.4010992,-9.633402,-11.130289,1.1414952e-12,2.1216619e-10,0.9999827,7.246389e-07,1.7983969e-06,1.47575665e-05,8.759872e-11,1.9606854e-11,2,27.498682,1.0,False,0.000310882,Test
727,0,-12.245731,-7.3183165,11.782837,-0.2948898,-0.12876688,2.4473972,-8.013248,-10.976971,3.6684423e-11,5.063262e-09,0.9998994,5.684161e-06,6.7113897e-06,8.8232046e-05,2.527119e-09,1.3046603e-10,2,24.02867,1.0,False,0.0015480815,Test
728,0,-6.825465,-4.415128,1.2497176,-0.031342886,-0.9459618,3.4393685,-2.4244463,-4.472063,3.005411e-05,0.0003347339,0.0965853,0.026825853,0.010748297,0.8627091,0.002450428,0.0003162084,5,10.412511,0.99996996,False,0.7490669,Test
729,0,-20.329784,-12.829127,21.397688,-0.18061715,0.28631258,3.2010734,-14.698211,-18.541372,7.550746e-19,1.366103e-15,1.0,4.2526682e-10,6.783377e-10,1.251153e-08,2.1074186e-16,4.5152994e-18,2,41.72747,1.0,False,3.6235406e-07,Test
730,1,-23.712198,-15.2785635,25.59213,0.22650696,0.03857125,2.0053828,-17.536089,-20.703123,3.8672478e-22,1.7786211e-18,1.0,9.634955e-12,7.984171e-12,5.7069682e-11,1.8605965e-19,7.838388e-21,2,40.870693,1.0,False,2.5889293e-09,Test
731,1,-16.133327,-10.30894,17.608938,-0.45009947,-0.113022864,1.9187124,-11.961405,-14.496696,2.217793e-15,7.506196e-13,0.9999999,1.4356855e-08,2.011174e-08,1.5339866e-07,1.4380142e-13,1.1394601e-14,2,27.917877,1.0,False,4.5326374e-06,Test
732,0,-18.213152,-11.689129,18.50598,0.094321884,-0.052097354,2.9324458,-12.501561,-16.880028,1.1300137e-16,7.69894e-14,0.99999976,1.0090639e-08,8.716247e-09,1.7238521e-07,3.416612e-14,4.285992e-16,2,36.71913,1.0,False,4.6325035e-06,Test
733,0,-20.3286,-14.160009,23.238607,0.71729577,-0.73614484,2.80256,-16.20921,-21.69256,1.1995056e-19,5.72779e-17,1.0,1.6562238e-10,3.871661e-11,1.3327164e-09,7.37958e-18,3.066492e-20,2,43.567207,1.0,False,4.60129e-08,Test
734,0,-21.077488,-13.480646,22.079851,0.5836869,-0.3225599,3.260138,-14.772508,-20.070768,1.8071947e-19,3.5997492e-16,1.0,4.6167298e-10,1.8653346e-10,6.7096866e-09,9.89062e-17,4.945595e-19,2,43.15734,1.0,False,2.0252178e-07,Test
735,0,-10.876642,-6.787598,9.78956,-0.6550476,0.38188475,1.9501569,-7.406698,-7.7475624,1.0581882e-09,6.3155674e-08,0.999495,2.9090093e-05,8.205008e-05,0.00039370518,3.4004817e-08,2.4182713e-08,2,20.666708,1.0,False,0.0067364112,Test
736,0,-14.653844,-9.380225,14.710027,0.13414931,0.06182149,2.2784731,-10.593628,-12.544979,1.7677908e-13,3.4493273e-11,0.9999951,4.6749273e-07,4.3487393e-07,3.990641e-06,1.025087e-11,1.4564636e-12,2,29.363876,1.0,False,9.764569e-05,Test
737,0,-22.405212,-14.410541,23.230902,1.0991642,-0.9187924,3.2939405,-15.051584,-21.554983,1.5152582e-20,4.4929308e-17,1.0,2.4451688e-10,3.2502813e-11,2.195267e-09,2.3666149e-17,3.5459885e-20,2,45.636116,1.0,False,7.208206e-08,Test
738,0,-14.077422,-8.794023,13.521111,-0.16739908,-0.1391541,2.1796148,-9.087004,-11.720791,1.0330064e-12,2.0354249e-10,0.9999858,1.1354016e-06,1.1679282e-06,1.1869842e-05,1.5184994e-10,1.0903737e-11,2,27.598547,1.0,False,0.0002601355,Test
739,0,-9.497487,-6.115993,6.8806124,-0.4133035,-0.017435983,2.7932315,-5.5008664,-6.6678457,7.570579e-08,2.2268632e-06,0.9818549,0.00066732895,0.0009914321,0.016478602,4.1194494e-06,1.2824095e-06,2,16.396412,0.99999994,False,0.14062093,Test
740,0,-18.845856,-11.956182,20.070312,-0.88047445,0.48133367,0.968143,-13.87384,-13.8623085,1.255807e-17,1.2333058e-14,1.0,7.9650586e-10,3.1089533e-09,5.0586353e-09,1.8123485e-15,1.8333694e-15,2,38.91617,1.0,False,2.5134645e-07,Test
741,0,-11.988595,-6.6495385,10.628809,-2.9006894,1.2333785,-2.029386,-8.398117,0.46060196,1.5042884e-10,3.133679e-08,0.999874,1.3309414e-06,8.309246e-05,3.180979e-06,5.4532614e-09,3.836622e-05,2,22.61753,1.0,False,0.0019559169,Test
742,0,-8.890668,-5.8236313,5.466604,-0.6590074,0.38091952,3.7805402,-5.1579046,-6.864528,4.873437e-07,1.0467246e-05,0.8377597,0.0018314711,0.0051812506,0.15519266,2.0368258e-05,3.696379e-06,2,14.534296,0.9999995,False,0.68765354,Test
743,0,-13.845734,-8.594361,13.513679,0.44752833,-0.36142626,2.8742115,-9.366087,-13.090473,1.3120371e-12,2.503736e-10,0.99997294,2.1155881e-06,9.421211e-07,2.3951148e-05,1.15726484e-10,2.7922324e-12,2,27.35944,1.0,False,0.0004653437,Test
744,0,-20.82816,-13.350444,21.764772,0.67573404,-0.67228836,2.8750637,-13.929987,-19.750368,3.1777808e-19,5.6189577e-16,1.0,6.9366024e-10,1.8018062e-10,6.256096e-09,3.14748e-16,9.336918e-19,2,42.592934,1.0,False,1.9742883e-07,Test
745,0,-8.679798,-4.8849263,6.1255927,-1.3878934,0.4287272,-0.52819604,-4.7685084,0.19696225,3.6871228e-07,1.6397576e-05,0.99217284,0.0005414045,0.003330198,0.0012790387,1.8422108e-05,0.0026412886,2,14.81325,0.99999964,False,0.08000292,Test
746,0,-9.16613,-5.2224245,8.069479,-2.4278045,1.185293,-0.36394766,-6.9397683,-0.97184134,3.266383e-08,1.6857637e-06,0.9986125,2.7573033e-05,0.0010224289,0.0002171732,3.026662e-07,0.000118250035,2,17.236998,0.99999994,False,0.016799659,Test
747,0,-15.498159,-10.091079,15.571489,-0.92771333,0.8019036,1.9555094,-11.549974,-11.263312,3.2108668e-14,7.1595867e-12,0.99999833,6.831036e-08,3.851676e-07,1.2208272e-06,1.6645514e-12,2.2171414e-12,2,31.06965,1.0,False,3.622292e-05,Test
748,0,-20.634586,-13.547426,21.886644,0.07512146,0.057873163,1.6939355,-15.113131,-17.59766,3.4139985e-19,4.084874e-16,1.0,3.368028e-10,3.3104341e-10,1.6998787e-09,8.534969e-17,7.115143e-18,2,42.521233,1.0,False,7.054436e-08,Test
749,1,-16.629662,-10.950959,16.186687,0.43824255,-0.036026035,3.6858976,-11.659079,-15.052848,5.598079e-15,1.6378289e-12,0.99999607,1.4472239e-07,9.0066514e-08,3.723697e-06,8.06744e-13,2.7091937e-14,2,27.13765,1.0,False,7.8227844e-05,Test
750,0,-22.805342,-14.528237,24.034863,-0.5131415,0.5666024,3.1337357,-16.553867,-20.111635,4.5452585e-21,1.787553e-17,1.0,2.1824147e-11,6.424869e-11,8.3705876e-10,2.3579718e-18,6.720767e-20,2,46.840202,1.0,False,2.8188843e-08,Test
751,0,-18.526121,-12.814525,21.03106,-0.6820546,0.59880304,1.2454486,-15.35461,-15.927925,6.6150634e-18,2.0000887e-15,1.0,3.716332e-10,1.3377768e-09,2.5539868e-09,1.5772642e-16,8.890312e-17,2,39.557182,1.0,False,1.2397854e-07,Test
752,0,-14.191713,-8.87894,13.785738,0.5039512,-0.5528726,2.767722,-9.382557,-13.697755,7.0719494e-13,1.4349866e-10,0.9999813,1.7052383e-06,5.9266927e-07,1.6403192e-05,8.672199e-11,1.1589433e-12,2,27.97747,1.0,False,0.00033268353,Test
753,0,-10.50505,-6.413158,8.646049,-1.063939,0.63260067,1.4599035,-6.779983,-4.9632454,4.8115427e-09,2.8798544e-07,0.9988508,6.060474e-05,0.00033060124,0.00075613195,1.99554e-07,1.2276071e-06,2,19.152248,1.0,False,0.014203816,Test
754,0,-6.9077377,-4.3108563,0.97977126,-0.048374847,-1.1141686,2.8064568,-1.4263173,-2.8684816,4.8060723e-05,0.00064506184,0.12802413,0.045790315,0.015772672,0.79544705,0.011543587,0.0027290843,5,9.943046,0.99995196,False,1.0454922,Test
755,0,-5.5519094,-4.0673213,6.6018996,-0.36645404,-0.59818774,-0.30609348,-4.9854465,-5.0657234,5.2539067e-06,2.318625e-05,0.9972736,0.000938635,0.0007444852,0.0009970362,9.257503e-06,8.543382e-06,2,12.156539,0.99999475,False,0.03179253,Test
756,0,-13.692022,-8.889303,13.142618,0.5452457,-0.5267557,2.9113028,-9.085032,-12.794739,2.2174103e-12,2.7017208e-10,0.99995935,3.380751e-06,1.1573077e-06,3.6022877e-05,2.221451e-10,5.439154e-12,2,26.83468,1.0,False,0.0006745644,Test
757,0,-13.754616,-8.278011,13.825394,-0.2502926,0.032982025,1.2449886,-9.110288,-10.620127,1.0523297e-12,2.515422e-10,0.99999475,7.709119e-07,1.0233623e-06,3.4387226e-06,1.09435516e-10,2.4179266e-11,2,27.580015,1.0,False,0.0001060095,Test
758,0,-2.9033308,-3.9372787,4.8574543,0.66343915,-1.6666362,0.39349994,-4.479232,-8.495122,0.00041421838,0.00014729619,0.97206545,0.014664184,0.0014266548,0.011195016,8.566911e-05,1.5443486e-06,2,7.7891173,0.9995858,False,0.22281876,Test
759,1,-14.543442,-9.537214,14.708849,-0.10874062,0.13592313,2.1108522,-10.649753,-12.528611,1.9764678e-13,2.951663e-11,0.9999958,3.671138e-07,4.6887493e-07,3.378763e-06,9.7028175e-12,1.4822421e-12,2,24.246067,1.0,False,8.5135754e-05,Test
760,0,-21.436615,-13.849877,23.168127,0.12440098,-0.15108886,0.6897071,-15.1931305,-17.519907,4.2501655e-20,8.380782e-17,1.0,9.822838e-11,7.4575e-11,1.7288054e-10,2.187342e-17,2.135066e-18,2,44.604744,1.0,False,1.1380936e-08,Test
761,0,-17.590397,-10.958101,18.361437,0.30200496,-0.29259562,2.4032304,-12.16904,-15.9977455,2.433975e-16,1.8479334e-13,0.9999999,1.4351215e-08,7.9187545e-09,1.17338104e-07,5.505324e-14,1.196729e-15,2,35.951836,1.0,False,3.4604682e-06,Test
762,0,-16.243174,-10.186459,16.418797,0.45312354,-0.5311841,3.0286796,-10.877721,-15.734615,6.5325845e-15,2.7892265e-12,0.99999833,1.16464996e-07,4.3522775e-08,1.5301905e-06,1.3972458e-12,1.0863004e-14,2,32.661972,1.0,False,3.5714816e-05,Test
763,0,-12.966833,-8.068579,12.321255,0.07698718,-0.18341224,2.632393,-8.576178,-11.625487,1.04109985e-11,1.3956523e-09,0.99992955,4.812288e-06,3.7090392e-06,6.196553e-05,8.400978e-10,3.9813562e-11,2,25.288158,1.0,False,0.0011197927,Test
764,0,-16.596088,-10.212484,17.774466,-3.811966,2.0761652,-2.4556086,-13.570445,-3.599665,1.1832019e-15,7.005224e-13,0.9999999,4.2182455e-10,1.5216499e-07,1.6375346e-09,2.4382523e-14,5.2159466e-10,2,34.370552,1.0,False,3.6952372e-06,Test
765,1,-8.015931,-7.0078287,10.991809,-0.5272671,-0.16606076,0.454861,-9.075526,-8.926024,5.5593157e-09,1.5234725e-08,0.9999492,9.938175e-06,1.4261883e-05,2.6536245e-05,1.9268371e-09,2.2375504e-09,2,17.99969,1.0,False,0.0008720651,Test
766,0,-11.410293,-7.083673,10.507773,0.31255114,-0.22680502,2.9057577,-7.7564936,-10.55521,3.0259542e-10,2.2902853e-08,0.9994417,3.7327496e-05,2.176654e-05,0.0004991649,1.1686572e-08,7.115731e-10,2,21.918625,1.0,False,0.0071672047,Test
767,0,-10.822317,-6.3526163,9.709231,-0.7313857,-0.31651106,0.4868143,-6.057881,-5.7686415,1.2111202e-09,1.0576773e-07,0.9998274,2.921614e-05,4.42385e-05,9.8782555e-05,1.4202179e-07,1.8965761e-07,2,20.53172,1.0,False,0.002653433,Test
768,0,-19.019154,-12.088284,19.270395,0.4442907,-0.2871713,3.2449737,-12.944259,-17.79176,2.3499538e-17,2.4049097e-14,0.9999999,6.6669372e-09,3.208168e-09,1.0971044e-07,1.0217719e-14,8.0188086e-17,2,38.28955,1.0,False,2.980064e-06,Test
769,0,-13.922325,-9.12221,14.110677,-0.0830219,-0.023301665,0.610246,-9.845425,-9.548301,6.689924e-13,8.129879e-11,0.99999726,6.8509956e-07,7.2726016e-07,1.3703644e-06,3.944542e-11,5.3092777e-11,2,28.033003,1.0,False,5.951061e-05,Test
770,0,-20.15296,-12.48164,21.769566,-1.322746,1.0563685,1.1942517,-14.819795,-15.262055,6.212686e-19,1.3331852e-15,1.0,9.356994e-11,1.010119e-09,1.1594575e-09,1.2865988e-16,8.267454e-17,2,41.922523,1.0,False,6.771981e-08,Test
771,0,-22.53143,-14.919833,24.904137,0.5903031,-0.5441212,2.1451862,-16.663506,-21.789696,2.506083e-21,5.066047e-18,1.0,2.7582676e-11,8.870789e-12,1.3059095e-10,8.85936e-19,5.261702e-21,2,47.435566,1.0,False,5.581066e-09,Test
772,0,-11.116045,-7.948751,11.9698715,0.47750902,-0.47902226,2.0465925,-8.988031,-11.433474,9.416433e-11,2.2357567e-09,0.9999368,1.0207109e-05,3.921812e-06,4.9017068e-05,7.9080786e-10,6.855339e-11,2,23.08598,1.0,False,0.0010325719,Test
773,0,-23.550995,-15.210661,25.412231,0.39967218,-0.47703677,2.2235076,-16.537933,-21.65088,5.439275e-22,2.2787736e-18,1.0,1.3714604e-11,5.707335e-12,8.4969864e-11,6.0433107e-19,3.6370635e-21,2,48.963226,1.0,False,3.5506729e-09,Test
774,0,-7.1970787,-3.4610796,0.5599235,-0.021850998,-1.4115007,-1.7109205,-1.0154283,4.618576,7.1381173e-06,0.00029930053,0.016688105,0.009327075,0.0023239576,0.00172263,0.0034533474,0.9661785,7,11.850061,0.99999285,False,0.2774235,Test
775,0,-5.919038,-6.118047,8.990592,0.26745874,-1.1119941,1.0367602,-7.419933,-9.920792,3.3464838e-07,2.7425858e-07,0.9994444,0.00016268596,4.095071e-05,0.00035111827,7.460338e-08,6.1185523e-09,2,14.910186,0.99999964,False,0.007489894,Test
776,0,-11.051546,-6.415272,10.150427,-2.2065997,1.2541177,-0.3163453,-7.8121552,-2.3604243,6.194766e-10,6.3904764e-08,0.9998267,4.2986894e-06,0.00013686957,2.8461865e-05,1.5807919e-08,3.6857955e-06,2,21.202147,1.0,False,0.0025817459,Test
777,0,-21.042461,-13.621457,22.654438,0.11432303,-0.0051343627,2.461435,-15.565093,-19.05964,1.0536047e-19,1.7602703e-16,1.0,1.6253701e-10,1.4423567e-10,1.6993794e-09,2.5203924e-17,7.652527e-19,2,43.6969,1.0,False,5.9507563e-08,Test
778,0,-23.947796,-15.444302,25.369358,1.2673656,-1.170598,2.8210664,-16.099882,-23.115341,3.8179671e-22,1.883011e-18,1.0,3.4090866e-11,2.9774462e-12,1.612134e-10,9.775492e-19,8.777334e-22,2,49.317154,1.0,False,6.543727e-09,Test
779,0,-12.538819,-8.17801,12.678698,-0.031663775,0.05223689,2.3669038,-9.484883,-11.115504,1.1172592e-11,8.75043e-10,0.9999604,3.0195552e-06,3.2838284e-06,3.323743e-05,2.3684352e-10,4.6375934e-11,2,25.217558,1.0,False,0.00066678977,Test
780,0,-20.708797,-13.651678,21.15439,0.3603792,0.10209674,3.293551,-14.8766575,-18.600529,6.592463e-19,7.654495e-16,1.0,9.316983e-10,7.196229e-10,1.750394e-08,2.248613e-16,5.4282173e-18,2,41.86319,1.0,False,5.008439e-07,Test
781,1,-15.925739,-10.176708,16.167349,0.88604236,-0.81888694,2.3536797,-10.566859,-15.355241,1.1538496e-14,3.62177e-12,0.9999988,2.3089392e-07,4.1973063e-08,1.0018418e-06,2.4517764e-12,2.0413257e-14,2,26.344059,1.0,False,2.7976599e-05,Test
782,0,-21.717436,-13.716651,22.908226,0.35252345,-0.33463544,2.87298,-14.945879,-20.171864,4.1621764e-20,1.2417027e-16,1.0,1.6002322e-10,8.04922e-11,1.9897717e-09,3.632218e-17,1.9523371e-19,2,44.625664,1.0,False,6.542027e-08,Test
783,0,-19.199656,-12.130159,20.320477,0.42980227,-0.5069325,1.5467203,-13.107794,-16.773764,6.8647367e-18,8.069879e-15,1.0,2.299269e-09,9.0109564e-10,7.025243e-09,3.0359001e-15,7.765636e-17,2,39.520134,1.0,False,2.833339e-07,Test
784,0,-16.879118,-10.579725,17.454416,0.46175718,-0.629139,2.6731563,-11.358948,-16.349152,1.2278217e-15,6.682313e-13,0.9999995,4.1704403e-08,1.4009142e-08,3.8069777e-07,3.0655952e-13,2.0859199e-15,2,34.333534,1.0,False,1.0194172e-05,Test
785,0,-6.9604177,-4.021179,4.8492117,-1.4223613,0.2536413,0.35634753,-4.1791115,-0.9996126,7.241991e-06,0.00013688412,0.9743498,0.0018407946,0.009837482,0.010901564,0.0001168864,0.0028093297,2,11.835614,0.9999927,False,0.21713126,Test
786,0,-9.003248,-4.8100615,6.5568004,-1.433967,0.29751015,-1.2438533,-4.982973,0.9183384,1.7364198e-07,1.1500931e-05,0.9937981,0.00033647433,0.001900741,0.00040692784,9.674712e-06,0.0035362681,2,15.56627,0.9999998,False,0.063717395,Test
787,0,-22.835527,-14.933681,23.942188,0.6791768,-0.49312472,3.036169,-15.883223,-21.516651,4.838329e-21,1.30744755e-17,1.0,7.8886425e-11,2.4427483e-11,8.329736e-10,5.058767e-18,1.8091597e-20,2,46.777718,1.0,False,2.8632e-08,Test
788,0,-7.0145197,-3.8481307,-0.72522753,0.90917176,-1.7052774,1.3931113,-0.89610875,-0.37925372,0.0001084082,0.0025716238,0.058407284,0.29941776,0.021919807,0.48579144,0.049232762,0.08255084,5,9.129607,0.9998916,False,1.9215591,Test
789,0,-13.26219,-8.079401,11.945249,-1.4278183,1.2139807,0.8331858,-9.2390785,-5.883703,1.1285779e-11,2.010889e-09,0.99996173,1.5564466e-06,2.1850075e-05,1.4930556e-05,6.3059047e-10,1.8070393e-08,2,25.207478,1.0,False,0.0006635891,Test
790,0,-15.7561865,-10.32427,15.395847,0.3666132,-0.044850726,2.9953802,-11.114695,-14.122747,2.9569307e-14,6.7591622e-12,0.99999535,2.9708764e-07,1.9687393e-07,4.116647e-06,3.066309e-12,1.5143811e-13,2,31.152039,1.0,False,9.109617e-05,Test
791,0,-16.973757,-10.796196,17.038841,-1.0520884,0.8049911,2.137312,-12.210034,-12.314034,1.6924544e-15,8.1544884e-13,0.9999995,1.3906222e-08,8.906932e-08,3.3755754e-07,1.9832385e-13,1.7873446e-13,2,34.012596,1.0,False,1.0307919e-05,Test
792,0,-10.2667465,-6.169346,8.091969,-1.5384877,0.85787,0.79479176,-6.177669,-3.055819,1.0623532e-08,6.3936295e-07,0.99852186,6.5599976e-05,0.000720491,0.0006764473,6.3406316e-07,1.4385838e-05,2,18.360195,1.0,False,0.017944377,Test
793,0,-18.232838,-11.437439,19.146986,1.0455295,-1.0694002,1.8301883,-12.245119,-17.284908,5.836462e-17,5.216185e-14,1.0,1.37606095e-08,1.6601021e-09,3.0158553e-08,2.3258515e-14,1.506018e-16,2,37.37982,1.0,False,1.1612256e-06,Test
794,0,-8.267957,-4.6204453,4.674019,-1.9421369,0.24516505,-0.69443405,-4.2964087,2.2512043,2.164183e-06,8.305927e-05,0.90348834,0.0012093796,0.010776946,0.004211463,0.00011484586,0.08011384,2,13.0434675,0.99999785,False,0.5421118,Test
795,1,-8.372184,-5.6337376,8.273745,-0.31548294,-0.0714988,1.0837173,-6.568082,-6.3654895,5.8918765e-08,9.110565e-07,0.9988219,0.00018588052,0.0002372438,0.00075318024,3.579025e-07,4.382776e-07,2,13.908661,0.9999991,False,0.01470968,Test
796,0,-13.859684,-8.633581,13.951037,-0.30644175,0.30367377,2.1450644,-10.1280155,-11.446422,8.3551205e-13,1.554609e-10,0.9999907,6.427642e-07,1.1830994e-06,7.459797e-06,3.4881615e-11,9.332965e-12,2,27.810732,1.0,False,0.0001769949,Test
797,0,-17.02593,-10.714518,17.714975,0.2985244,-0.22033887,1.7229232,-11.944713,-14.706176,8.169891e-16,4.5001608e-13,0.9999999,2.7298048e-08,1.6247704e-08,1.13433146e-07,1.3151084e-13,8.311384e-15,2,34.740906,1.0,False,3.8954176e-06,Test
798,0,-10.534163,-6.379967,10.555087,-0.9623311,0.22544365,0.116965264,-7.6526065,-5.717105,6.934634e-10,4.417412e-08,0.999928,9.9544595e-06,3.2648382e-05,2.9292067e-05,1.2372802e-08,8.571277e-08,2,21.089323,1.0,False,0.0012003768,Test
799,0,-8.668747,-5.1987734,6.6329374,-0.7908465,0.34507805,2.3518932,-5.813964,-6.0300846,2.2260845e-07,7.1537215e-06,0.98396295,0.0005873141,0.0018289258,0.013606454,3.8668572e-06,3.1152877e-06,2,15.317851,0.99999976,False,0.13049553,Test
800,0,-18.754854,-12.1625395,18.91362,0.2471474,0.18012677,2.6049843,-13.1610985,-15.918264,4.3731087e-17,3.1900315e-14,0.9999999,7.820843e-09,7.3138655e-09,8.2651255e-08,1.1752403e-14,7.4594004e-16,2,37.668472,1.0,False,2.5249208e-06,Test
801,0,-17.286638,-11.657869,16.020607,0.3443191,0.38819027,5.4069643,-12.374505,-16.509863,3.4263935e-15,9.536295e-13,0.9999752,1.5554785e-07,1.6252378e-07,2.4577786e-05,4.6574604e-13,7.45049e-15,2,33.307266,1.0,False,0.0004194693,Test
802,0,-11.481711,-7.082293,11.22065,-0.1599755,0.15062697,1.8736507,-8.294524,-9.277779,1.3817829e-10,1.1248212e-08,0.9998857,1.141321e-05,1.5570431e-05,8.72168e-05,3.3467062e-09,1.2519761e-09,2,22.702477,1.0,False,0.00177737,Test
803,0,-13.237121,-8.193079,13.066384,0.251688,-0.08137551,1.7586514,-9.10399,-11.10041,3.7716e-12,5.8495797e-10,0.9999831,2.7204499e-06,1.9498145e-06,1.227741e-05,2.3524566e-10,3.195122e-11,2,26.303522,1.0,False,0.0003120167,Test
804,0,-20.728455,-13.41287,21.52214,0.48632932,-0.0031017326,2.8064463,-14.682821,-18.845661,4.475069e-19,6.728476e-16,1.0,7.3158296e-10,4.4844195e-10,7.445214e-09,1.8896617e-16,2.9409422e-18,2,42.250595,1.0,False,2.371569e-07,Test
805,0,-22.215534,-14.271567,23.604795,0.6208891,-0.36901635,2.4775436,-15.80725,-20.511,1.2603307e-20,3.5522626e-17,1.0,1.0428373e-10,3.8753032e-11,6.6765293e-10,7.648329e-18,6.930325e-20,2,45.820328,1.0,False,2.5148454e-08,Test
806,0,-23.445179,-15.075919,24.611008,0.82126373,-0.4524707,3.101259,-16.43798,-21.694494,1.3472969e-21,5.8101356e-18,1.0,4.6584958e-11,1.3033756e-11,4.5544396e-10,1.4881643e-18,7.758454e-21,2,48.056187,1.0,False,1.6203487e-08,Test
807,0,-8.409075,-4.9936438,4.0195584,-0.52283317,-0.16788767,1.2627896,-3.795911,-1.6405495,3.6606468e-06,0.0001113936,0.91462785,0.009738874,0.0138886385,0.05807577,0.0003690023,0.0031848627,2,12.517871,0.99999636,False,0.53912836,Test
808,0,-13.245685,-8.286019,13.64,-0.8875335,0.6616415,0.9739498,-10.013238,-9.140353,2.107137e-12,3.003641e-10,0.99999404,4.906477e-07,2.3097639e-06,3.156468e-06,5.339819e-11,1.2782493e-10,2,26.88569,1.0,False,0.00011982467,Test
809,0,-19.893543,-12.816032,20.259033,0.95930636,-0.54473394,3.4845297,-13.73874,-19.129217,3.6471837e-18,4.321968e-15,1.0,4.151789e-09,9.226545e-10,5.187112e-08,1.7177309e-15,7.832481e-18,2,40.152576,1.0,False,1.3985999e-06,Test
810,0,-24.320587,-15.673498,26.096336,0.94206184,-1.09084,2.6409996,-16.49078,-23.237469,1.2711837e-22,7.2375326e-19,1.0,1.1902484e-11,1.5586894e-12,6.508431e-11,3.196321e-19,3.7549198e-22,2,50.416924,1.0,False,2.6954583e-09,Test
811,0,-8.546831,-5.109399,5.856454,-0.78071034,0.22401132,1.942504,-4.7678633,-4.279749,5.420471e-07,1.6861448e-05,0.9756728,0.0012788525,0.003492734,0.01947589,2.3725855e-05,3.8655136e-05,2,14.427913,0.99999946,False,0.1873382,Test
812,0,-6.9458733,-4.1553135,1.3026532,0.075653896,-0.94219536,1.6910594,-2.1930387,-1.231227,8.75665e-05,0.0014264701,0.33467814,0.09811792,0.035457,0.49352598,0.010150038,0.026556883,5,9.343112,0.99991244,False,1.7516698,Test
813,0,-20.82008,-13.35875,21.42611,0.39707124,-0.18742253,3.1355898,-14.416626,-18.695402,4.494829e-19,7.818579e-16,1.0,7.365548e-10,4.1054682e-10,1.1390117e-08,2.71455e-16,3.7622544e-18,2,42.24619,1.0,False,3.3570592e-07,Test
814,0,-20.285551,-13.4014435,21.45423,1.036828,-0.75302786,1.8943198,-14.282788,-18.862589,7.458366e-19,7.284048e-16,1.0,1.3577997e-09,2.2673112e-10,3.2006566e-09,3.0172412e-16,3.0947695e-18,2,41.73978,1.0,False,1.3757888e-07,Test
815,0,-14.0794735,-8.935741,14.470576,-0.4107274,0.25910246,1.5629141,-10.329916,-10.814985,3.9890527e-13,6.835392e-11,0.9999964,3.444533e-07,6.7302926e-07,2.4789736e-06,1.695438e-11,1.0438041e-11,2,28.550053,1.0,False,7.243395e-05,Test
816,0,-23.885857,-15.746948,24.543741,1.0559926,-0.53820604,3.5976393,-16.545275,-22.555077,9.274569e-22,3.1767038e-18,1.0,6.300865e-11,1.27952475e-11,8.002458e-10,1.429773e-18,3.509491e-21,2,48.429596,1.0,False,2.6780588e-08,Test
817,0,-13.472012,-8.251545,13.345079,-1.1596187,0.9405281,1.0460478,-9.545343,-8.649504,2.2567395e-12,4.1754306e-10,0.99999094,5.0197934e-07,4.0998484e-06,4.5561146e-06,1.14501644e-10,2.8045938e-10,2,26.8171,1.0,False,0.0001779862,Test
818,0,-11.016842,-7.0006065,11.663675,-0.32753316,-0.05790851,1.4437261,-8.32278,-9.705422,1.4123895e-10,7.837604e-09,0.9999492,6.1981555e-06,8.116316e-06,3.6434278e-05,2.0891577e-09,5.2419913e-10,2,22.680569,1.0,False,0.0008551478,Test
819,0,-11.487803,-6.8032656,10.957497,-0.63132656,0.24325146,0.69888675,-7.3380394,-6.8154244,1.7869019e-10,1.934508e-08,0.9999335,9.268492e-06,2.2224585e-05,3.5052057e-05,1.1332371e-08,1.911128e-08,2,22.445368,1.0,False,0.0011145273,Test
820,0,-6.641427,-4.2097435,2.7979016,-0.3744802,-0.5318555,2.2553725,-2.9064004,-3.45511,4.7761634e-05,0.0005434332,0.6005204,0.025164008,0.021499706,0.34906825,0.002000695,0.0011557909,2,9.949287,0.99995226,False,1.2604189,Test
821,0,-8.355102,-5.01227,4.220563,-0.67468154,-0.27300465,1.2752844,-3.6739318,-1.8277026,3.216764e-06,9.1031674e-05,0.9310241,0.0069659958,0.010409487,0.048960138,0.00034707654,0.0021990372,2,12.647135,0.9999968,False,0.45223972,Test
822,0,-21.09704,-14.159994,23.474216,0.39413714,-0.47314715,3.0616596,-16.14505,-21.38315,4.3948936e-20,4.5255445e-17,1.0,9.472151e-11,3.9791694e-11,1.364391e-09,6.216861e-18,3.3013563e-20,2,44.57126,1.0,False,4.4708823e-08,Test
823,1,-10.095331,-6.7597895,11.215559,-0.61074585,-0.028343175,0.36579433,-8.22634,-7.8435683,5.556236e-10,1.5609452e-08,0.9999602,7.3094375e-06,1.3086335e-05,1.9408399e-05,3.601418e-09,5.280909e-09,2,17.97539,1.0,False,0.0006989012,Test
824,0,-19.964201,-12.306652,21.146133,-1.1302774,1.0846663,1.8218436,-14.379768,-15.447314,1.3996124e-18,2.9623739e-15,1.0,2.1158146e-10,1.9382773e-09,4.0510515e-09,3.7264637e-16,1.2813483e-16,2,41.110336,1.0,False,1.7583822e-07,Test
825,1,-27.60595,-17.551535,30.049057,0.11509544,-0.118168905,2.9366739,-19.819067,-25.356611,9.135848e-26,2.1248333e-21,1.0,9.996444e-14,7.916621e-14,1.6797387e-12,2.2006354e-22,8.6621e-25,2,47.600594,1.0,False,7.346532e-11,Test
826,0,-15.581291,-9.6865425,16.38858,-0.47785893,0.1005009,0.5269066,-11.249915,-10.923228,1.305152e-14,4.7393404e-12,0.99999976,4.7314924e-08,8.436776e-08,1.292298e-07,9.925524e-13,1.3760422e-12,2,31.969872,1.0,False,6.435331e-06,Test
827,0,-17.965933,-11.345542,18.64932,0.23501584,-0.38509485,1.3998129,-11.936682,-14.823808,1.2537111e-16,9.40583e-14,1.0,1.0063964e-08,5.41325e-09,3.2257738e-08,5.2079638e-14,2.9027167e-15,2,36.615253,1.0,False,1.2187795e-06,Test
828,0,-7.9720097,-5.1694374,7.2479634,-0.15443827,-0.70024806,1.401728,-5.317234,-7.1091647,2.4455454e-07,4.031971e-06,0.9961526,0.00060744025,0.00035193414,0.0028796394,3.4780046e-06,5.7956794e-07,2,15.223827,0.99999976,False,0.04052445,Test
829,0,-19.117163,-12.494177,18.782967,0.053827874,0.3342685,3.9583454,-13.681452,-17.030186,3.4688216e-17,2.6092098e-14,0.99999964,7.345781e-09,9.723712e-09,3.645429e-07,7.9594475e-15,2.796053e-16,2,37.90013,1.0,False,8.769869e-06,Test
830,0,-12.708949,-8.276594,11.0037,0.084369875,-0.8859591,2.0550203,-7.298532,-10.809064,5.0310603e-11,4.2326e-09,0.999845,1.8102048e-05,6.859926e-06,0.00012988842,1.1255739e-08,3.363334e-10,2,23.712805,1.0,False,0.0023035733,Test
831,0,-11.945212,-7.164595,11.8848095,-1.9170836,1.3419044,-0.43414348,-9.165426,-4.06896,4.474449e-11,5.332551e-09,0.99996805,1.0136781e-06,2.6379146e-05,4.466147e-06,7.210824e-10,1.17856075e-07,2,23.830053,1.0,False,0.0005497656,Test
832,0,-17.95771,-11.499284,18.434256,0.45417506,-0.26709267,2.3830981,-12.149041,-16.444128,1.5673615e-16,1.0000657e-13,0.9999999,1.5536406e-08,7.5528e-09,1.06922975e-07,5.222068e-14,7.1204983e-16,2,36.391968,1.0,False,3.2547844e-06,Test
833,0,-14.967603,-9.809505,15.884696,0.2228016,-0.21943586,2.3132966,-11.30671,-14.22771,3.9903983e-14,6.9366375e-12,0.99999845,1.5780648e-07,1.0140603e-07,1.2764839e-06,1.552107e-12,8.362722e-14,2,30.8523,1.0,False,3.315057e-05,Test
834,0,-21.657372,-13.617757,23.151867,-0.28282395,0.03534345,2.6943617,-15.1373005,-19.771805,3.4641368e-20,1.07437454e-16,1.0,6.644208e-11,9.133165e-11,1.304424e-09,2.3508508e-17,2.2828965e-19,2,44.80924,1.0,False,4.379097e-08,Test
835,1,-10.353649,-6.299729,9.566763,-0.0013195444,-0.070727766,1.7571298,-6.9477606,-7.985837,2.2306939e-09,1.2853914e-07,0.9994591,6.9887494e-05,6.520129e-05,0.00040558734,6.723556e-08,2.3810436e-08,2,15.867032,0.9999999,False,0.0072267842,Test
836,0,-8.545852,-5.6725163,4.6754107,-0.5424403,0.1808537,3.8064065,-4.75327,-6.294121,1.2615299e-06,2.2323948e-05,0.6963357,0.003773416,0.007777811,0.29202154,5.5975084e-05,1.1989786e-05,2,13.583185,0.99999875,False,0.9684023,Test
837,0,-24.674992,-16.145657,25.557154,0.6875813,-0.0038365982,4.5081854,-17.7622,-23.485407,1.5291696e-22,7.7392486e-19,1.0,1.582276e-11,7.925075e-12,7.220193e-10,1.5368972e-19,5.0244275e-22,2,50.232147,1.0,False,2.2785693e-08,Test
838,0,-16.204456,-10.307809,15.324231,-0.09306685,0.117064655,4.5682564,-11.06812,-15.5285,2.0288782e-14,7.38137e-12,0.9999782,2.015315e-07,2.4865773e-07,2.1317193e-05,3.4509453e-12,3.9885975e-14,2,31.528708,1.0,False,0.00037211704,Test
839,0,-11.970848,-7.06784,11.931894,-2.2166889,0.945151,-1.4602215,-9.17295,-2.2115636,4.16066e-11,5.6041705e-09,0.9999801,7.167037e-07,1.6924254e-05,1.527107e-06,6.8277e-10,7.20387e-07,2,23.902761,1.0,False,0.00035598897,Test
840,0,-8.651056,-4.9303446,6.313577,-1.7458798,0.5843473,0.100722805,-5.247006,-0.842327,3.1490777e-07,1.3003742e-05,0.993668,0.00031409692,0.0032290025,0.0019908242,9.474228e-06,0.00077530317,2,14.970986,0.9999997,False,0.06572978,Test
841,0,-21.503021,-13.562824,22.91634,0.61697686,-0.647846,1.8299915,-14.512128,-19.452776,5.1158355e-20,1.4364824e-16,1.0,2.0678073e-10,5.8371925e-11,6.955296e-10,5.559342e-17,3.9748978e-19,2,44.41936,1.0,False,2.9795624e-08,Test
842,0,-9.601282,-6.566683,5.893533,0.31868914,-0.38413784,4.4316235,-5.5774264,-9.155348,1.5071262e-07,3.1337142e-06,0.8080954,0.0030643523,0.0015174166,0.18731101,8.427294e-06,2.3540541e-07,2,15.707891,0.9999998,False,0.74105155,Test
843,0,-20.320799,-12.701498,21.799572,0.19651231,-1.228883,1.6661321,-12.802491,-18.221262,5.0974876e-19,1.0384283e-15,1.0,4.148684e-10,9.9739855e-11,1.8036742e-09,9.386751e-16,4.160752e-18,2,42.12037,1.0,False,6.863407e-08,Test
844,0,-12.230057,-7.9564466,10.309046,0.05821746,-0.04503637,3.7890682,-8.032133,-10.910845,1.624514e-10,1.1660822e-08,0.9984615,3.527386e-05,3.1813437e-05,0.0014714348,1.0810817e-08,6.07645e-10,2,22.540642,1.0,False,0.017059632,Test
845,0,-15.167907,-9.580653,14.920095,0.6277603,-0.36613423,2.5752594,-10.0887785,-13.813199,8.5692893e-14,2.2880116e-11,0.99999475,6.207479e-07,2.297589e-07,4.3521463e-06,1.37651895e-11,3.3211313e-13,2,30.088007,1.0,False,0.00010286006,Test
846,1,-8.604456,-4.7379527,7.929112,-3.0236049,1.0650039,-2.563988,-6.6041365,2.9466977,6.548223e-08,3.1284144e-06,0.9921117,1.7372251e-05,0.0010363735,2.7508382e-05,4.84006e-07,0.006803393,2,12.674984,0.9999969,False,0.071351886,Test
847,0,-21.363546,-13.718634,22.4865,1.2703983,-1.3442655,2.2569807,-13.960203,-20.47532,9.0399855e-20,1.8893446e-16,1.0,6.108921e-10,4.4712643e-11,1.6384438e-09,1.4838802e-16,2.1974428e-19,2,43.850044,1.0,False,6.805371e-08,Test
848,0,-11.520618,-7.946601,8.034631,0.3547214,-0.42174232,5.1345863,-7.0611463,-11.4538965,3.0459646e-09,1.08617684e-07,0.9472427,0.00043764207,0.0002013284,0.052118026,2.6329852e-07,3.2561274e-09,2,19.609447,1.0,False,0.30356318,Test
849,0,-22.272406,-14.286555,23.835081,0.6288428,-0.5230187,2.026581,-15.509745,-20.295214,9.457426e-21,2.7796114e-17,1.0,8.349471e-11,2.6388338e-11,3.3782258e-10,8.180113e-18,6.830563e-20,2,46.107487,1.0,False,1.4351602e-08,Test
850,0,-14.985745,-10.569738,15.195105,0.45652458,-0.1374878,2.3898573,-11.379873,-13.563553,7.809469e-14,6.4635246e-12,0.99999666,3.9729645e-07,2.193504e-07,2.7463147e-06,2.8749633e-12,3.237966e-13,2,30.180855,1.0,False,6.8851405e-05,Test
851,0,-21.086985,-13.528807,22.070848,1.0547564,-1.0446709,2.535218,-14.104357,-19.842031,1.8063056e-19,3.461515e-16,1.0,7.461516e-10,9.14235e-11,3.2793153e-09,1.9467402e-16,6.272888e-19,2,43.157833,1.0,False,1.1809614e-07,Test
852,0,-26.744787,-17.416475,29.108358,0.54108346,-0.38483635,2.1293972,-18.985012,-24.367407,5.53716e-25,6.2304795e-21,1.0,3.920943e-13,1.5533465e-13,1.9194893e-12,1.2981218e-21,5.967195e-24,2,55.853146,1.0,False,9.7480315e-11,Test
853,0,-19.911957,-14.222326,22.756966,0.8348476,-0.7988076,1.6870385,-15.636692,-20.280329,2.9452518e-19,8.7115764e-17,1.0,3.0154035e-10,5.88651e-11,7.070447e-10,2.1176117e-17,2.0377053e-19,2,42.668922,1.0,False,3.3029636e-08,Test
854,1,-20.79989,-13.267192,21.775873,-0.03325879,0.12733957,2.8229759,-14.705826,-18.555443,3.2328142e-19,6.039356e-16,1.0,3.3760936e-10,3.9642556e-10,5.873013e-09,1.4328485e-16,3.0502318e-18,2,35.043064,1.0,False,1.8359107e-07,Test
855,0,-21.212343,-13.689287,22.454512,0.7827712,-0.5403234,1.9352124,-14.580724,-19.305723,1.0857401e-19,2.0088505e-16,1.0,3.8733175e-10,1.03150204e-10,1.226258e-09,8.23761e-17,7.307359e-19,2,43.666855,1.0,False,5.1833204e-08,Test
856,0,-19.714905,-12.457471,21.101896,-0.1756411,-0.08208132,2.246663,-13.804417,-17.929924,1.8771013e-18,2.6628802e-15,1.0,5.7449007e-10,6.308348e-10,6.4755503e-09,6.924394e-16,1.118652e-17,2,40.816803,1.0,False,2.1306505e-07,Test
857,0,-12.920396,-7.73798,12.890593,-1.5520259,1.0784736,0.7369965,-9.330371,-6.9547677,6.1719727e-12,1.0993072e-09,0.99998677,5.3412737e-07,7.4140644e-06,5.269321e-06,2.2364173e-10,2.4058249e-09,2,25.811003,1.0,False,0.0002490655,Test
858,0,-13.294653,-8.575027,12.419479,0.09790872,0.08151518,3.0706463,-9.352111,-11.454289,6.7991173e-12,7.6235956e-10,0.99990404,4.4541853e-06,4.3817604e-06,8.705861e-05,3.5049064e-10,4.282651e-11,2,25.714228,1.0,False,0.0014697807,Test
859,0,-23.495583,-15.106922,24.747307,0.49099255,-0.08350891,3.0787473,-16.72979,-21.66747,1.1178393e-21,4.915054e-18,1.0,2.9215744e-11,1.6448017e-11,3.8856524e-10,9.698975e-19,6.955323e-21,2,48.24289,1.0,False,1.3758596e-08,Test
860,0,-21.81649,-14.015272,23.217548,0.52911264,-0.5025938,1.7686558,-14.891627,-19.484001,2.7667224e-20,6.7607106e-17,1.0,1.4013196e-10,4.994282e-11,4.840211e-10,2.8144585e-17,2.8507076e-19,2,45.03404,1.0,False,2.1273614e-08,Test
861,0,-25.886564,-16.946959,27.774973,0.99832207,-0.7862696,3.2374644,-18.26993,-24.857422,4.9555347e-24,3.7801753e-20,1.0,2.3498928e-12,3.9446614e-13,2.205442e-11,1.0068223e-20,1.3868905e-23,2,53.661537,1.0,False,8.8776125e-10,Test
862,0,-24.371737,-15.80167,25.99588,1.2074052,-0.99906427,2.182092,-16.740126,-22.638615,1.3354352e-22,7.039707e-19,1.0,1.7159399e-11,1.8890564e-12,4.5478225e-11,2.7541506e-19,7.5562666e-22,2,50.367615,1.0,False,2.2496796e-09,Test
863,0,-17.382984,-11.185939,17.422113,0.024125103,0.2527149,3.4332397,-12.348967,-15.607392,7.661909e-16,3.7642703e-13,0.99999917,2.7806719e-08,3.4948158e-08,8.408317e-07,1.1764782e-13,4.5234223e-15,2,34.8051,1.0,False,1.9736917e-05,Test
864,1,-21.145348,-13.510999,22.900887,-0.2979314,0.08249068,1.0151268,-15.095238,-17.204502,7.429568e-20,1.536454e-16,1.0,8.411652e-11,1.2305428e-10,3.1270547e-10,3.151323e-17,3.823411e-18,2,36.411884,1.0,False,1.673975e-08,Test
865,0,-9.081838,-4.9896803,8.339503,-2.413057,0.6085284,-2.2537062,-6.4810104,1.5501021,2.7121128e-08,1.6237125e-06,0.9983895,2.1356116e-05,0.00043830875,2.5045381e-05,3.6545396e-07,0.00112383,2,17.422953,1.0,False,0.018975735,Test
866,1,-11.277979,-7.1717825,10.013377,-1.0160737,0.9894269,1.6664505,-8.369116,-6.0630016,5.663952e-10,3.4388844e-08,0.99962616,1.6210923e-05,0.000120444136,0.0002370355,1.03853885e-08,1.04221044e-07,2,17.185534,0.99999994,False,0.005223389,Test
867,0,-8.116028,-4.8518205,4.354738,-0.8204822,0.07942778,1.6525296,-4.019011,-2.3346136,3.526198e-06,9.224316e-05,0.9189494,0.0051966314,0.012780501,0.061622225,0.00021213813,0.0011432546,2,12.55529,0.9999965,False,0.4946883,Test
868,0,-24.140877,-15.840594,25.292507,1.3734349,-0.94297385,2.9856167,-16.498764,-23.222593,3.3990232e-22,1.3681087e-18,1.0,4.093347e-11,4.0371534e-12,2.0522986e-10,7.084048e-19,8.514525e-22,2,49.433384,1.0,False,8.17005e-09,Test
869,1,-18.85688,-12.562685,19.551722,0.10509819,0.10368611,1.0631374,-13.841995,-14.289104,2.0862051e-17,1.1295109e-14,1.0,3.584586e-09,3.5795233e-09,9.343504e-09,3.1426345e-15,2.0096257e-15,2,32.114407,1.0,False,4.5022398e-07,Test
870,0,-16.255898,-10.353082,16.333506,-0.31822246,0.097022876,2.1652594,-10.997806,-13.068269,7.0242913e-15,2.5713524e-12,0.99999917,5.8647053e-08,8.883515e-08,7.0276235e-07,1.3494674e-12,1.7020443e-13,2,32.5894,1.0,False,1.9058623e-05,Test
871,0,-13.14564,-8.230219,12.750724,-0.11638885,0.15170547,3.1170733,-9.421583,-11.788406,5.6665788e-12,7.7279044e-10,0.9999286,2.581385e-06,3.3750869e-06,6.5482855e-05,2.3477878e-10,2.201708e-11,2,25.896435,1.0,False,0.0011224279,Test
872,0,-21.584679,-13.984111,22.938334,0.3990509,-0.31946018,3.1630242,-15.463388,-20.72998,4.6121384e-20,9.221182e-17,1.0,1.6267254e-10,7.929917e-11,2.580433e-09,2.1006033e-17,1.08415913e-19,2,44.52301,1.0,False,8.156955e-08,Test
873,0,-16.143763,-10.27323,16.17903,-0.5335039,0.5690853,3.1885962,-11.819109,-13.779313,9.170408e-15,3.2503397e-12,0.9999975,5.5187108e-08,1.6622113e-07,2.2820527e-06,6.9272664e-13,9.7556376e-14,2,32.322796,1.0,False,5.1454263e-05,Test
874,0,-19.111568,-12.17646,19.89771,0.22538376,0.051780075,2.4291441,-13.668522,-17.063293,1.1441583e-17,1.1758818e-14,1.0,2.860335e-09,2.404485e-09,2.5911813e-08,2.644668e-15,8.8723565e-17,2,39.009277,1.0,False,8.030493e-07,Test
875,0,-19.184402,-12.139858,19.890974,0.22379626,-0.23327886,1.7322221,-13.083274,-16.193634,1.0709736e-17,1.2279682e-14,1.0,2.8751033e-09,1.8203222e-09,1.2994334e-08,4.780425e-15,2.1313414e-16,2,39.07538,1.0,False,4.7484752e-07,Test
876,0,-25.685959,-17.090158,28.515274,0.50015086,-0.36250162,1.387567,-18.903074,-23.077705,2.888708e-24,1.5624752e-20,1.0,6.8106176e-13,2.8743628e-13,1.6541952e-12,2.5496007e-21,3.9215134e-23,2,54.201233,1.0,False,1.0424204e-10,Test
877,0,-21.409311,-13.593182,22.663721,0.4524964,-0.29023597,2.587168,-14.98789,-19.679062,7.233113e-20,1.7940163e-16,1.0,2.2583296e-10,1.0745418e-10,1.9092539e-09,4.4474692e-17,4.0809741e-19,2,44.073032,1.0,False,6.6095296e-08,Test
878,0,-19.06568,-11.957271,19.653402,-0.26270646,0.21541558,3.1839044,-13.306256,-16.91832,1.5293833e-17,1.8692162e-14,0.9999999,2.2415254e-09,3.6156778e-09,7.037007e-08,4.8506693e-15,1.3094896e-16,2,38.71908,1.0,False,1.9238182e-06,Test
879,0,-9.122468,-5.3090334,6.997489,-1.7967649,0.8002743,-0.15123247,-5.9611855,-0.45678806,9.946012e-08,4.5061183e-06,0.9964541,0.00015106407,0.002027875,0.0007830818,2.3473428e-06,0.0005769071,2,16.123508,0.9999999,False,0.03957851,Test
880,0,-21.418646,-13.782857,22.262747,0.15450086,0.15529104,2.7909327,-15.185656,-18.783619,1.07007005e-19,2.2161174e-16,1.0,2.503288e-10,2.5052654e-10,3.4954168e-09,5.4496108e-17,1.4920751e-18,2,43.681393,1.0,False,1.141676e-07,Test
881,0,-23.93358,-15.8387985,26.112734,1.555448,-1.5297792,1.7157654,-16.44951,-23.460546,1.8414583e-22,6.035063e-19,1.0,2.162253e-11,9.885736e-13,2.5382306e-11,3.2768165e-19,2.955275e-22,2,50.046314,1.0,False,1.6988724e-09,Test
882,0,-23.083622,-15.129003,24.402807,1.1172799,-0.7119034,2.8360827,-16.399178,-21.753277,2.3818076e-21,6.785045e-18,1.0,7.713005e-11,1.2382835e-11,4.3021983e-10,1.90512e-18,9.0088265e-21,2,47.486427,1.0,False,1.6425716e-08,Test
883,0,-9.1053505,-6.203952,5.908226,0.29476637,-0.68545395,3.3312428,-5.318588,-8.427571,2.7915462e-07,5.0804974e-06,0.9250351,0.0033749216,0.0012663666,0.07030539,1.2314442e-05,5.4979466e-07,2,15.0915,0.9999997,False,0.4134854,Test
884,0,-21.831633,-13.937378,22.833393,0.7459374,-0.4672259,2.649677,-15.129637,-20.065489,4.001535e-20,1.07314164e-16,1.0,2.5558763e-10,7.5974824e-11,1.7152348e-09,3.257365e-17,2.340201e-19,2,44.665024,1.0,False,6.06442e-08,Test
885,0,-21.495636,-13.92879,22.28008,0.96454436,-0.88992757,3.334543,-14.616962,-20.542305,9.737488e-20,1.8822946e-16,1.0,5.5307003e-10,8.6575205e-11,5.9164007e-09,9.458419e-17,2.5262326e-19,2,43.77572,1.0,False,1.8161269e-07,Test
886,0,-12.676632,-7.786312,12.27031,0.46321344,-0.60614455,1.7460775,-8.058639,-11.076311,1.4644178e-11,1.9476187e-09,0.99996316,7.451216e-06,2.55747e-06,2.6876192e-05,1.4833159e-09,7.255623e-11,2,24.946978,1.0,False,0.0006357485,Test
887,0,-14.957028,-9.391637,14.029939,0.44060126,-0.5473737,4.303913,-9.902436,-15.478959,2.5768756e-13,6.731507e-11,0.9999386,1.2537158e-06,4.6679585e-07,5.9705464e-05,4.03901e-11,1.5290506e-13,2,28.987028,1.0,False,0.0009607425,Test
888,0,-21.172754,-13.55817,21.977545,0.494111,-0.15852924,3.3620305,-14.989144,-19.493065,1.8199658e-19,3.6900805e-16,1.0,4.6758747e-10,2.4345864e-10,8.229713e-09,8.82207e-17,9.762077e-19,2,43.1503,1.0,False,2.4328884e-07,Test
889,0,-8.601164,-4.779774,7.726373,-1.8522499,0.8361466,-0.34399185,-6.263358,-1.5084758,8.098206e-08,3.6982601e-06,0.99850047,6.908842e-05,0.0010161573,0.00031220028,8.3885203e-07,9.743261e-05,2,16.329039,0.99999994,False,0.018239388,Test
890,0,-14.188021,-9.1411085,13.277601,0.42637366,-0.26019958,3.875441,-9.551902,-13.751646,1.1797619e-12,1.8350206e-10,0.9999136,2.6226792e-06,1.3199889e-06,8.253838e-05,1.216846e-10,1.825196e-12,2,27.465708,1.0,False,0.0013186968,Test
891,0,-25.244724,-16.650728,26.949974,-0.06961058,0.63258773,2.0628192,-18.728245,-21.18125,2.1484761e-23,1.1599958e-19,1.0,1.843077e-12,3.7196682e-12,1.5546966e-11,1.4527859e-20,1.2498973e-21,2,52.1947,1.0,False,7.712805e-10,Test
892,0,-17.16089,-10.75,17.748371,-0.41346517,0.24905851,2.120048,-11.897942,-14.396048,6.9039776e-16,4.2006318e-13,0.9999999,1.2954317e-08,2.5127235e-08,1.6319457e-07,1.3328152e-13,1.0961175e-14,2,34.909264,1.0,False,4.997316e-06,Test
893,0,-20.463762,-13.5082,22.403969,0.7854329,-0.7454976,2.0533035,-14.908124,-19.575058,2.4142473e-19,2.5324596e-16,1.0,4.0849724e-10,8.837203e-11,1.4515034e-09,6.24546e-17,5.871382e-19,2,42.86773,1.0,False,5.8307887e-08,Test
894,0,-17.77472,-11.4036255,17.624443,-0.3662048,0.50934,3.5403428,-12.828012,-15.446297,4.2299849e-16,2.4732592e-13,0.99999917,1.5373063e-08,3.689818e-08,7.644559e-07,5.9520456e-14,4.340701e-15,2,35.399162,1.0,False,1.7961022e-05,Test
895,1,-29.267086,-18.968533,32.314644,0.28418323,-0.2565853,1.3875852,-21.046757,-25.927658,1.8005059e-27,5.345637e-23,1.0,1.2284227e-14,7.153118e-15,3.7029587e-14,6.690186e-24,5.0779645e-26,2,51.283176,1.0,False,2.5559817e-12,Test
896,0,-13.339879,-8.044785,13.143911,-0.9700625,0.5977936,0.8784595,-8.942046,-8.051248,3.1494273e-12,6.278594e-10,0.99999094,7.41951e-07,3.5586586e-06,4.711706e-06,2.5596877e-10,6.2381394e-10,2,26.4838,1.0,False,0.00017592662,Test
897,1,-19.519285,-12.80835,19.70935,0.53311294,-0.07921693,3.3729188,-13.780481,-17.998833,9.187959e-18,7.546441e-15,0.9999999,4.6974913e-09,2.5464473e-09,8.038553e-08,2.8546414e-15,4.202851e-17,2,32.5177,1.0,False,2.183214e-06,Test
898,1,-7.457123,-4.2966113,4.122834,-1.2167051,-0.19367714,0.39007473,-3.6676943,-0.46588668,8.881974e-06,0.00020946063,0.9497754,0.0045570983,0.01267605,0.02272501,0.00039285969,0.009655278,2,8.470975,0.99979055,False,0.38179228,Test
899,0,-7.9354506,-4.6403656,7.186235,-0.46705154,-0.36404356,0.42687947,-4.6039867,-4.5898056,2.7026417e-07,7.291641e-06,0.99782145,0.0004734485,0.00052481773,0.0011574494,7.5617863e-06,7.669785e-06,2,15.123866,0.9999997,False,0.02576687,Test
900,1,-22.113983,-14.413566,22.815763,0.61076367,-0.20670538,3.5519817,-15.447857,-20.60174,3.0708466e-20,6.7843494e-17,1.0,2.2724328e-10,1.0033881e-10,4.303735e-09,2.4116909e-17,1.3932141e-19,2,37.22933,1.0,False,1.3022084e-07,Test
901,0,-12.401826,-7.696874,12.0059805,0.546361,-0.58192927,2.398122,-7.9667335,-11.746753,2.510667e-11,2.7741116e-09,0.9999188,1.0546667e-05,3.4127543e-06,6.7193105e-05,2.1179978e-09,4.8337456e-11,2,24.407888,1.0,False,0.0012849877,Test
902,0,-11.606198,-7.126808,10.774294,-0.26184338,0.155457,2.9384005,-7.9904466,-9.870638,1.9058384e-10,1.6805867e-08,0.99956435,1.61019e-05,2.44404e-05,0.00039511672,7.085781e-09,1.0810127e-09,2,22.380928,1.0,False,0.005726821,Test
903,0,-19.299807,-12.084042,19.996048,0.13130377,0.032048363,2.698018,-13.478882,-17.219995,8.590689e-18,1.1689451e-14,1.0,2.3596698e-09,2.1367095e-09,3.0729865e-08,2.8974952e-15,6.875092e-17,2,39.295853,1.0,False,8.9605527e-07,Test
904,0,-17.287178,-10.828759,18.23163,0.09236435,-0.37215295,1.5816531,-11.789757,-15.08838,3.7529976e-16,2.3945987e-13,0.9999999,1.3250041e-08,8.326832e-09,5.8749873e-08,9.1596144e-14,3.3830077e-15,2,35.518806,1.0,False,2.0674615e-06,Test
905,0,-11.741231,-7.742873,9.217758,0.20784408,-0.57150805,4.201563,-6.7219524,-11.200328,7.8465795e-10,4.27705e-08,0.993238,0.00012136605,5.567098e-05,0.0065848725,1.18720294e-07,1.3476924e-09,2,20.965773,1.0,False,0.059810013,Test
906,0,-6.6673737,-3.4766579,5.765648,-3.1884837,0.8588398,-2.549658,-5.282312,4.212605,3.2676016e-06,7.942174e-05,0.82001495,0.000105947714,0.0060648792,0.00020069214,1.30543e-05,0.1735177,2,12.631454,0.9999967,False,0.72309124,Test
907,0,-23.114668,-15.010514,24.422726,0.8279425,-0.50791925,2.5231698,-16.108473,-21.045376,2.2634616e-21,7.4879326e-18,1.0,5.6612926e-11,1.4885329e-11,3.0842107e-10,2.4976119e-18,1.7924804e-20,2,47.53739,1.0,False,1.2206867e-08,Test
908,0,-10.512643,-6.3809323,9.849707,-1.0788783,0.12689364,0.28933987,-7.122722,-4.706909,1.4344285e-09,8.9342606e-08,0.9998511,1.7935405e-05,5.989236e-05,7.0456466e-05,4.255033e-08,4.765159e-07,2,20.3625,1.0,False,0.002322684,Test
909,0,-10.315055,-6.634775,8.35469,-0.52184707,0.38732633,2.8077295,-7.0445657,-7.299047,7.761261e-09,3.0779208e-07,0.99563295,0.00013901718,0.00034507806,0.003882265,2.0430899e-07,1.584047e-07,2,18.674122,1.0,False,0.04314389,Test
910,0,-12.61212,-7.700483,11.74377,-0.554475,0.5024475,2.4347417,-8.43892,-9.511095,2.6443873e-11,3.5927055e-09,0.99989176,4.5592487e-06,1.3119239e-05,9.059279e-05,1.71681e-09,5.876016e-10,2,24.355997,1.0,False,0.0016666659,Test
911,0,-18.37828,-11.744256,18.787199,0.37137267,-0.0059996694,2.8795865,-13.032698,-16.639242,7.231633e-17,5.499929e-14,0.9999999,1.0048656e-08,6.889966e-09,1.2342737e-07,1.5163323e-14,4.116158e-16,2,37.16548,1.0,False,3.4584073e-06,Test
912,0,-16.897882,-9.915647,17.002348,-2.6313171,1.2280171,-1.015609,-12.228665,-6.620211,1.8937251e-15,2.0401545e-12,0.9999999,2.9730864e-09,1.4102464e-07,1.4958923e-08,2.0189788e-13,5.5062142e-11,2,33.90023,1.0,False,3.856385e-06,Test
913,1,-11.284949,-7.064953,10.755374,0.5468121,-0.66831625,2.1572087,-7.4577513,-10.384318,2.678603e-10,1.8223387e-08,0.9997677,3.6844867e-05,1.0930843e-05,0.000184401,1.2303802e-08,6.592458e-10,2,17.82056,1.0,False,0.0033459994,Test
914,0,-24.414526,-15.981494,26.690432,0.993234,-1.0204197,0.95469487,-16.835321,-22.252676,6.3885004e-23,2.936423e-19,1.0,6.915907e-12,9.232727e-13,6.65444e-12,1.2502752e-19,5.549814e-22,2,51.104958,1.0,False,5.403773e-10,Test
915,1,-25.291664,-16.53781,27.560255,1.0560999,-1.0365599,2.4801707,-17.741537,-24.519346,1.113531e-23,7.054301e-20,1.0,3.0859727e-12,3.8068084e-13,1.2819113e-11,2.1168088e-20,2.4105522e-23,2,44.098064,1.0,False,5.97538e-10,Test
916,0,-7.3050747,-3.8167481,5.532904,-1.8512506,0.29511467,-1.0985024,-4.5769076,1.0027254,2.6104817e-06,8.544397e-05,0.98216355,0.00060993864,0.0052172383,0.0012947932,3.99529e-05,0.010586492,2,12.855976,0.9999974,False,0.15524758,Test
917,0,-19.143713,-12.223585,19.575907,0.25676954,-0.29046577,3.5991824,-13.373735,-18.539434,1.528561e-17,1.5475907e-14,0.9999999,4.071975e-09,2.355829e-09,1.1518518e-07,4.899505e-15,2.797162e-17,2,38.71962,1.0,False,3.0079625e-06,Test
918,0,-10.618597,-7.403337,6.180768,0.4087161,-0.4998179,6.1851616,-5.9787474,-11.357015,2.5188161e-08,6.2743095e-07,0.49781504,0.0015498789,0.00062477903,0.50000703,2.6076996e-06,1.2036666e-08,5,17.496891,1.0,False,1.0221359,Test
919,0,-11.418808,-6.964641,10.478285,-1.5416377,1.1860849,1.5434892,-8.140807,-6.16933,3.0911038e-10,2.6578682e-08,0.9997701,6.021632e-06,9.211894e-05,0.00013169456,8.198447e-09,5.887523e-08,2,21.897324,1.0,False,0.0033709372,Test
920,0,-19.979252,-12.759213,20.773413,0.31989065,-0.33328402,3.4245977,-13.819738,-18.898876,2.0014441e-18,2.7350488e-15,1.0,1.3096293e-09,6.8151895e-10,2.9208213e-08,9.470772e-16,5.895826e-18,2,40.752663,1.0,False,7.904515e-07,Test
921,0,-6.4993744,-3.8648784,0.7964625,-0.06843614,-1.100874,2.1690278,-1.442021,-2.199694,0.00011936078,0.0016634456,0.17595562,0.07409389,0.02638763,0.69422567,0.018760402,0.008794048,5,9.03336,0.9998806,False,1.4077406,Test
922,0,-8.154592,-5.522901,3.3153458,-0.049992934,-0.3636128,4.971186,-4.2597504,-8.189759,1.657561e-06,2.303554e-05,0.15878162,0.0054859538,0.004009119,0.8316155,8.14663e-05,1.6002815e-06,5,13.3101635,0.99999833,False,0.7174125,Test
923,0,-17.364662,-11.003664,17.184437,-0.26672092,0.5163983,2.497755,-12.168975,-14.099352,9.8973e-16,5.7287936e-13,0.9999995,2.6366832e-08,5.76982e-08,4.1846096e-07,1.7863834e-13,2.5919284e-14,2,34.5491,1.0,False,1.16057745e-05,Test
924,0,-14.480402,-9.580891,16.13435,-1.096249,0.34650573,1.2777005,-11.535846,-12.47708,5.060367e-14,6.792236e-12,0.9999995,3.28735e-08,1.3913179e-07,3.530522e-07,9.615816e-13,3.7515707e-13,2,30.614752,1.0,False,1.2413601e-05,Test
925,0,-12.640301,-8.180832,13.076163,-0.17939407,0.13488542,1.3654258,-9.201674,-10.098708,6.7838426e-12,5.864061e-10,0.9999876,1.7505694e-06,2.3970065e-06,8.205141e-06,2.1127719e-10,8.615408e-11,2,25.716476,1.0,False,0.00023468456,Test
926,0,-22.958652,-14.720722,24.5443,0.40278605,-0.22710858,2.0642145,-16.179165,-20.59169,2.342771e-21,8.8596685e-18,1.0,3.2769797e-11,1.745477e-11,1.7259291e-10,2.0607433e-18,2.4985528e-20,2,47.502953,1.0,False,7.362644e-09,Test
927,0,-17.530563,-11.408429,17.296309,0.74655074,-0.7203532,3.8703642,-11.757549,-17.592676,7.496874e-16,3.417352e-13,0.99999845,6.4942824e-08,1.4978289e-08,1.476338e-06,2.4102893e-13,7.0454025e-16,2,34.826874,1.0,False,3.2771706e-05,Test
928,0,-10.723645,-7.0497947,6.4793,-0.11045588,-0.08218321,4.50037,-5.943132,-9.347294,2.9618691e-08,1.1670759e-06,0.8764159,0.0012045244,0.0012390654,0.12113562,3.529528e-06,1.1730272e-07,2,17.33486,1.0,False,0.55942386,Test
929,0,-5.84832,-4.135588,4.3157663,-0.14587253,-0.4397315,2.2639925,-4.135765,-5.699322,3.352826e-05,0.00018588349,0.8701971,0.010045058,0.0074874014,0.11182622,0.00018585069,3.891524e-05,2,10.303122,0.99996644,False,0.6532141,Test
930,0,-19.493223,-12.215638,20.053446,0.68180645,-0.9775649,3.064704,-12.593237,-18.803478,6.6849763e-18,9.676415e-15,1.0,3.863705e-09,7.351022e-10,4.186805e-08,6.633242e-15,1.33245165e-17,2,39.54667,1.0,False,1.1564532e-06,Test
931,0,-14.721942,-9.213178,15.499006,-0.9960212,0.8219511,0.5673926,-11.196175,-9.874576,7.502552e-14,1.8519707e-11,0.99999917,6.859622e-08,4.2250855e-07,3.2755338e-07,2.5493524e-12,9.558582e-12,2,30.220947,1.0,False,1.8839886e-05,Test
932,0,-12.646707,-7.876628,11.291093,0.4408081,-1.0010549,2.1269581,-6.749332,-11.018279,4.01689e-11,4.7370587e-09,0.9998714,1.9396592e-05,4.587037e-06,0.00010471548,1.4624715e-08,2.046949e-10,2,23.937927,1.0,False,0.0019556945,Test
933,0,-16.937944,-10.904877,17.05261,0.55642766,-0.18038355,3.213688,-12.029499,-15.98073,1.7301714e-15,7.2146813e-13,0.9999989,6.851697e-08,3.2794823e-08,9.768589e-07,2.343149e-13,4.5061132e-15,2,33.990555,1.0,False,2.3497187e-05,Test
934,0,-19.47773,-12.869637,20.453468,-0.5417558,0.7846746,2.950032,-14.922155,-16.797205,4.550939e-18,3.372558e-15,1.0,7.618861e-10,2.8704568e-09,2.5023835e-08,4.3307288e-16,6.641084e-17,2,39.9312,1.0,False,7.3643474e-07,Test
935,0,-25.042933,-15.856244,27.217484,0.24551502,-0.24633427,1.5984143,-17.304594,-22.475222,2.0118264e-23,1.9647993e-19,1.0,1.9329618e-12,1.1819948e-12,7.477893e-12,4.6164333e-20,2.6226068e-22,2,52.260414,1.0,False,3.9843567e-10,Test
936,1,-16.704367,-10.38902,17.337915,0.1949628,-0.42422864,1.8130355,-11.091548,-14.676219,1.6429511e-15,9.085408e-13,0.99999976,3.5884796e-08,1.9319627e-08,1.8097994e-07,4.5002977e-13,1.2486433e-14,2,27.726936,1.0,False,5.780126e-06,Test
937,0,-14.563979,-9.827198,16.184593,-0.8220492,0.18196751,-0.50263727,-11.637069,-9.251384,4.426538e-14,5.0491993e-12,0.99999976,4.112525e-08,1.1223997e-07,5.6601447e-08,8.2642834e-13,8.980387e-12,2,30.748573,1.0,False,5.307474e-06,Test
938,0,-11.21777,-7.4936485,11.76045,-0.46200135,0.06424333,1.9232787,-8.871328,-10.075176,1.0487137e-10,4.345324e-09,0.99993336,4.9184414e-06,8.324782e-06,5.3424654e-05,1.0957296e-09,3.2875996e-10,2,22.978287,1.0,False,0.0010818864,Test
939,0,-22.956745,-14.820202,24.189936,0.17556651,0.24972597,2.5357401,-16.584026,-19.651728,3.34546e-21,1.1431723e-17,1.0,3.721274e-11,4.0077327e-11,3.9418696e-10,1.9592617e-18,9.1160674e-20,2,47.146683,1.0,False,1.4988018e-08,Test
940,0,-17.107553,-10.7944145,17.41115,0.5081005,-0.51092607,2.2327418,-11.317218,-15.295134,1.0202754e-15,5.629617e-13,0.99999964,4.561406e-08,1.646423e-08,2.559182e-07,3.3375567e-13,6.249444e-15,2,34.518703,1.0,False,7.658077e-06,Test
941,0,-9.53884,-6.048615,7.4609237,0.54848015,-0.70617616,3.3249424,-5.767435,-9.61656,4.07062e-08,1.3348915e-06,0.9830239,0.0009784258,0.00027902148,0.01571557,1.7683191e-06,3.7662307e-08,2,17.016886,0.99999994,False,0.13158266,Test
942,1,-8.862631,-4.6655693,6.350283,-2.1696231,0.38917658,-2.6105616,-4.9926167,3.7603972,2.2935711e-07,1.5250105e-05,0.92767656,0.00018503265,0.0023906764,0.000119055934,1.0996082e-05,0.06960227,2,11.090924,0.99998474,False,0.39317015,Test
943,0,-7.8556633,-5.4024653,3.0814528,0.22923598,-0.50684035,4.687441,-3.94599,-7.4337206,2.930445e-06,3.4067773e-05,0.16476417,0.009509569,0.004554984,0.82098365,0.00014617843,4.4686976e-06,5,12.740356,0.9999971,False,0.76407075,Test
944,0,-18.585836,-11.865202,19.595303,0.9764804,-1.075278,2.4282882,-12.544757,-18.13245,2.6190444e-17,2.1720833e-14,1.0,8.202539e-09,1.0540986e-09,3.5031608e-08,1.1009031e-14,4.1214042e-17,2,38.181137,1.0,False,1.1193865e-06,Test
945,1,-18.600634,-11.526219,19.551315,-0.30391747,-0.08484505,1.9944193,-12.318909,-16.213139,2.6966212e-17,3.185654e-14,1.0,2.3822218e-09,2.9656788e-09,2.3721212e-08,1.441908e-14,2.9355875e-16,2,31.077534,1.0,False,7.5309606e-07,Test
946,0,-12.7484665,-7.9433002,11.667776,0.45174438,-0.52065855,3.3501737,-8.066574,-12.00716,2.4891237e-11,3.0402105e-09,0.9997373,1.3453184e-05,5.0876356e-06,0.00024411653,2.6876117e-09,5.2238623e-11,2,24.416506,1.0,False,0.0036156715,Test
947,0,-22.536827,-14.52102,23.790468,0.72671854,-0.51738423,2.275057,-15.5079975,-20.22948,7.5912295e-21,2.2989614e-17,1.0,9.628108e-11,2.7748154e-11,4.528721e-10,8.568271e-18,7.6274305e-20,2,46.327293,1.0,False,1.8233978e-08,Test
948,0,-14.561485,-9.475235,14.980669,-0.09642813,0.18002371,1.9042145,-10.997573,-11.956194,1.4791227e-13,2.3929556e-11,0.99999726,2.8320363e-07,3.7338805e-07,2.093953e-06,5.2214617e-12,2.0020177e-12,2,29.542156,1.0,False,5.759289e-05,Test
949,0,-14.0899725,-9.030034,13.714633,-0.8734217,0.14291315,2.257663,-9.714251,-10.81716,8.4063583e-13,1.3246808e-10,0.9999876,4.618309e-07,1.2760611e-06,1.05753725e-05,6.6828265e-11,2.2180577e-11,2,27.804617,1.0,False,0.00022731202,Test
950,0,-21.679663,-14.07672,22.67288,0.52609444,-0.21751975,2.3275511,-15.342359,-19.01355,5.4693454e-20,1.096104e-16,1.0,2.4086472e-10,1.1450531e-10,1.4592704e-09,3.091656e-17,7.8670635e-19,2,44.352543,1.0,False,5.430995e-08,Test
951,0,-20.87699,-13.277808,22.142849,0.5017001,-0.6537306,3.0108068,-14.337258,-20.22257,2.0735877e-19,4.1400313e-16,1.0,3.9936332e-10,1.2576835e-10,4.9097544e-09,1.4351295e-16,3.9896332e-19,2,43.019836,1.0,False,1.521227e-07,Test
952,0,-17.880201,-11.303516,18.503942,0.39236566,-0.29189366,2.7180583,-12.746004,-16.809961,1.5796726e-16,1.1344492e-13,0.9999999,1.36220475e-08,6.8718284e-09,1.3940479e-07,2.6811468e-14,4.6064505e-16,2,36.384144,1.0,False,3.8891017e-06,Test
953,0,-9.313477,-5.2684193,6.0021405,-0.9320541,0.2482545,-0.67169815,-4.995867,0.11438873,2.2128957e-07,1.2638833e-05,0.9918562,0.0009659759,0.0031446165,0.0012532492,1.6598737e-05,0.0027506205,2,15.323793,0.99999976,False,0.08346945,Test
954,0,-12.168725,-7.564105,11.260437,-0.07954568,0.15098952,3.0854542,-8.330118,-10.549642,6.6789886e-11,6.6753016e-09,0.9996916,1.1884311e-05,1.4965606e-05,0.00028152438,3.103102e-09,3.3718608e-10,2,23.42947,1.0,False,0.004199776,Test
955,0,-7.841509,-4.2721233,6.869043,-1.345898,0.34607962,-1.0288413,-5.287906,-0.8195736,4.0753523e-07,1.4465371e-05,0.9974171,0.0002698816,0.0014655138,0.00037056912,5.238186e-06,0.00045682848,2,14.713139,0.9999996,False,0.030343816,Test
956,0,-14.550051,-9.054602,15.349811,-0.88699526,0.4012288,1.1862277,-10.716276,-11.185666,1.0343205e-13,2.5194069e-11,0.9999988,8.880649e-08,3.220423e-07,7.0604705e-07,4.78236e-12,2.990807e-12,2,29.899862,1.0,False,2.500172e-05,Test
957,0,-16.343737,-10.4176855,16.903322,0.014954586,0.12261474,2.4426024,-12.110241,-14.197295,3.6390293e-15,1.363444e-12,0.9999994,4.628873e-08,5.155024e-08,5.245523e-07,2.5093968e-13,3.112961e-14,2,33.24706,1.0,False,1.4179221e-05,Test
958,0,-5.479082,-3.022233,3.1431544,-0.65346533,-0.27736482,0.50375503,-3.1609392,-1.4544653,0.00015784355,0.0018417169,0.8766303,0.0196773,0.028661828,0.06259504,0.0016031845,0.008832745,2,8.753906,0.99984217,False,0.7690442,Test
959,0,-14.331606,-9.245357,12.831606,-0.7243875,0.87102586,3.8496027,-10.095548,-12.272868,1.59628e-12,2.582495e-10,0.9998666,1.2961315e-06,6.3904026e-06,0.00012563412,1.1035839e-10,1.25085775e-11,2,27.163345,1.0,False,0.0019560095,Test
960,0,-18.080162,-11.673599,18.799667,0.36430395,-0.25555906,1.6253407,-12.615943,-15.370397,9.622626e-17,5.829462e-14,1.0,9.854242e-09,5.301758e-09,3.477643e-08,2.2718172e-14,1.4458732e-15,2,36.87983,1.0,False,1.2695097e-06,Test
961,0,-6.91537,-4.3161864,0.8180664,-0.66552967,-0.99721533,2.2963786,-1.7754922,-1.2944224,7.326826e-05,0.0009856591,0.16730325,0.03794782,0.027235642,0.73371476,0.012506513,0.02023309,5,9.521383,0.99992675,False,1.2837578,Test
962,0,-26.080011,-18.748604,30.840189,-0.120678835,0.23857836,0.5191927,-21.83814,-24.345335,1.9048952e-25,2.9097906e-22,1.0,3.5798624e-14,5.12731e-14,6.788269e-14,1.3246227e-23,1.0795218e-24,2,56.9202,1.0,False,6.832123e-12,Test
963,0,-8.437834,-5.531086,4.4954815,0.18568183,-0.9157608,4.2195888,-3.8116388,-8.031388,1.3596346e-06,2.48775e-05,0.5627165,0.0075607942,0.0025131411,0.42704234,0.00013885231,2.0414523e-06,2,13.508295,0.9999986,False,1.0682118,Test
964,0,-14.251339,-9.171163,13.668324,0.3727876,-0.028229404,2.8875837,-9.872226,-12.288726,7.4926323e-13,1.204832e-10,0.9999764,1.6819436e-06,1.1262941e-06,2.0795698e-05,5.976662e-11,5.3331775e-12,2,27.919685,1.0,False,0.0004120189,Test
965,0,-8.774576,-5.4997134,4.9264855,-0.6234069,-0.20355669,2.552149,-4.0792446,-4.434769,1.0164406e-06,2.6874266e-05,0.90651983,0.0035244361,0.0053632534,0.08437545,0.00011123427,7.795358e-05,2,13.799204,0.999999,False,0.5014486,Test
966,0,-14.252915,-8.979648,13.872266,-0.22665519,0.32628626,2.9536026,-10.143223,-12.283304,6.100708e-13,1.1899572e-10,0.99997985,7.5319554e-07,1.3093239e-06,1.8116576e-05,3.717042e-11,4.3729157e-12,2,28.125202,1.0,False,0.00035535663,Test
967,0,-11.328969,-7.035493,8.992973,-0.78400975,0.33649737,2.5675619,-7.269136,-7.5039797,1.491042e-09,1.0917491e-07,0.99815243,5.663788e-05,0.00017367491,0.0016168742,8.6427576e-08,6.83379e-08,2,20.323792,1.0,False,0.020630123,Test
968,0,-7.076356,-4.4519086,1.9187406,-0.5895589,-0.7354645,2.4245415,-2.2082052,-2.4951856,4.3665463e-05,0.0006024501,0.3520942,0.028662777,0.024771493,0.5838824,0.0056800093,0.0042629964,5,10.038953,0.9999563,False,1.3455442,Test
969,0,-27.32067,-17.92562,29.116268,1.5845994,-1.2297236,2.9721088,-18.73696,-26.027925,3.0885196e-25,3.715085e-21,1.0,1.1044544e-12,6.620694e-14,4.4231927e-12,1.6504719e-21,1.1250716e-24,2,56.436935,1.0,False,2.1360147e-10,Test
970,0,-14.229629,-9.398009,12.70947,-0.065446496,0.2870592,2.6711144,-9.45151,-10.543209,1.9974517e-12,2.5050817e-10,0.99994946,2.8307547e-06,4.02711e-06,4.3689386e-05,2.3745791e-10,7.9701835e-11,2,26.939148,1.0,False,0.0008300074,Test
971,0,-9.92686,-5.766391,10.171121,-1.9207542,0.29072005,-1.2238524,-7.034045,-3.2667341,1.868649e-09,1.1978335e-07,0.9999304,5.604478e-06,5.116421e-05,1.1251125e-05,3.371795e-08,1.4587591e-06,2,20.09805,1.0,False,0.0011444145,Test
972,0,-8.176479,-4.854195,5.967204,-1.6527287,0.60695064,1.2043792,-5.4963207,-2.497026,7.1031275e-07,1.969242e-05,0.98621875,0.00048381413,0.0046349475,0.0084237335,1.036162e-05,0.00020797209,2,14.15756,0.9999993,False,0.122096986,Test
973,0,-9.254881,-5.5190563,5.9879713,-0.6059918,0.2545742,1.5154533,-4.830225,-3.7159548,2.3614064e-07,9.899624e-06,0.984141,0.0013469005,0.0031847449,0.0112374425,1.9713982e-05,6.0075276e-05,2,15.258839,0.99999976,False,0.13604663,Test
974,1,-8.135761,-5.3436365,8.164192,-1.1809816,0.45179778,0.671553,-6.5901117,-5.0503416,8.328076e-08,1.3587797e-06,0.9989058,8.729052e-05,0.00044675998,0.00055656093,3.9067152e-07,1.8219037e-06,2,13.508924,0.9999986,False,0.013814983,Test
975,0,-20.204676,-13.277052,20.71648,0.89514124,-0.66112024,2.531807,-13.471962,-18.60622,1.6910909e-18,1.7250329e-15,1.0,2.4643478e-09,5.197882e-10,1.2661838e-08,1.4195419e-15,8.363117e-18,2,40.921158,1.0,False,4.1868455e-07,Test
976,0,-12.838686,-8.227779,12.475508,0.13529496,-0.0007497035,2.1544023,-8.934055,-10.414865,1.01430244e-11,1.0201376e-09,0.9999589,4.372158e-06,3.8160356e-06,3.292932e-05,5.0341603e-10,1.1450366e-10,2,25.314236,1.0,False,0.0006961486,Test
977,0,-7.968519,-4.070595,5.476185,-2.1198196,0.08937492,-2.8398316,-4.3226523,4.7829685,9.62459e-07,4.7449248e-05,0.66426754,0.00033376453,0.0030400534,0.00016245875,3.6877536e-05,0.3321108,2,13.853774,0.99999905,False,0.9527336,Test
978,0,-21.430576,-13.851476,22.435604,0.2676993,-0.15724893,3.343265,-15.185518,-20.101044,8.895286e-20,1.7406919e-16,1.0,2.358314e-10,1.5418722e-10,5.1086095e-09,4.5851475e-17,3.3617745e-19,2,43.86618,1.0,False,1.5328163e-07,Test
979,1,-7.2646236,-3.6809936,3.116422,-1.981031,-0.46311575,-2.012405,-2.5685027,5.3628073,2.9543628e-06,0.00010636893,0.0952565,0.0005822358,0.0026565692,0.0005642524,0.00032356635,0.90050757,7,9.148597,0.9998936,False,0.49954674,Test
980,0,-15.2619,-9.790087,15.041363,0.38489455,-0.24092583,2.1887355,-10.23469,-13.244133,6.9096936e-14,1.6437548e-11,0.99999666,4.3129577e-07,2.3066673e-07,2.6192301e-06,1.05377625e-11,5.197133e-13,2,30.303267,1.0,False,6.750274e-05,Test
981,0,-18.016865,-11.261537,18.321867,-0.44379655,0.33965975,3.1460204,-12.612802,-15.933895,1.6530654e-16,1.4193535e-13,0.99999976,7.0823263e-09,1.55034e-08,2.5657462e-07,3.674884e-14,1.3271264e-15,2,36.33873,1.0,False,6.5553904e-06,Test
982,0,-23.32965,-15.0111065,25.056482,1.1842734,-1.4429914,1.3550868,-15.355162,-21.361418,9.686574e-22,3.970702e-18,1.0,4.2897415e-11,3.1004509e-12,5.0887947e-11,2.8147902e-18,6.933653e-21,2,48.38613,1.0,False,3.3359897e-09,Test
983,0,-24.5068,-15.702557,25.953201,0.9491021,-1.1177163,3.2826982,-16.464771,-23.624498,1.2175894e-22,8.112117e-19,1.0,1.3831135e-11,1.7508546e-12,1.426676e-10,3.785372e-19,2.9422492e-22,2,50.46,1.0,False,5.2334896e-09,Test
984,0,-21.624712,-13.948814,22.66205,1.2551167,-1.1545054,2.3175406,-14.474316,-20.375135,5.84122e-20,1.2592279e-16,1.0,5.047626e-10,4.5352534e-11,1.4604676e-09,7.445269e-17,2.037923e-19,2,44.286762,1.0,False,6.001332e-08,Test
985,0,-24.221725,-15.598638,26.30976,0.78093,-0.8225496,2.2767236,-16.82384,-22.914146,1.1335854e-22,6.301068e-19,1.0,8.184086e-12,1.6465993e-12,3.6524596e-11,1.8506158e-19,4.1911057e-22,2,50.531487,1.0,False,1.6322697e-09,Test
986,0,-22.748749,-14.518172,24.095833,0.27356774,-0.2236952,2.7077527,-15.879098,-20.899393,4.5253973e-21,1.6988313e-17,1.0,4.5094282e-11,2.7426028e-11,5.143688e-10,4.3562077e-18,2.8762227e-20,2,46.84458,1.0,False,1.8383682e-08,Test
987,0,-20.316679,-12.918397,21.179531,0.29634142,-0.1670844,2.4261615,-14.073882,-18.098362,9.515372e-19,1.5540265e-15,1.0,8.522083e-10,5.361459e-10,7.1699278e-09,4.8936937e-16,8.746369e-18,2,41.49621,1.0,False,2.361722e-07,Test
988,0,-19.46816,-12.463131,20.544432,0.763125,-0.9714239,1.8898265,-12.77685,-18.315388,4.195193e-18,4.6237945e-15,1.0,2.5650002e-09,4.5267087e-10,7.914211e-09,3.3787132e-15,1.3286044e-17,2,40.012592,1.0,False,3.0024708e-07,Test
989,0,-20.371521,-12.886109,21.757885,-0.1802263,0.28295797,1.8512928,-14.757756,-17.108727,5.051629e-19,9.001292e-16,1.0,2.9675615e-10,4.715821e-10,2.2629616e-09,1.3850292e-16,1.3196085e-17,2,42.129406,1.0,False,8.899315e-08,Test
990,0,-22.915472,-15.056501,24.730883,0.51728433,-0.35805613,2.9652302,-16.867245,-21.862082,2.02979e-21,5.25483e-18,1.0,3.0490735e-11,1.27060905e-11,3.5261238e-10,8.59334e-19,5.820131e-21,2,47.646355,1.0,False,1.2597485e-08,Test
991,0,-4.718158,-3.9530253,4.2461286,0.106106244,-0.630148,1.6883763,-4.1133513,-6.022998,0.00011609061,0.0002495112,0.90768963,0.014452685,0.0069214553,0.07032662,0.00021255013,3.148562e-05,2,9.061139,0.9998839,False,0.541736,Test
992,0,-24.070633,-15.909088,25.765762,0.7694595,-0.33176026,2.6914806,-17.38632,-22.387121,2.2715827e-22,7.958705e-19,1.0,1.3939375e-11,4.6343615e-12,9.527233e-11,1.8167195e-19,1.2231158e-21,2,49.836395,1.0,False,3.8487045e-09,Test
993,0,-22.245817,-14.58841,24.134964,0.630193,-0.5586577,1.1630024,-15.907319,-19.47499,7.195846e-21,1.5228342e-17,1.0,6.194525e-11,1.8866702e-11,1.0553674e-10,4.0724695e-18,1.1493102e-19,2,46.380783,1.0,False,6.2703607e-09,Test
994,0,-12.9351425,-8.212764,11.937553,0.5003613,-0.26735198,2.9753842,-8.695311,-11.97326,1.5771133e-11,1.7732317e-09,0.999856,1.0785197e-05,5.005118e-06,0.00012814942,1.0944564e-09,4.1267066e-11,2,24.872839,1.0,False,0.0021307908,Test
995,0,-16.362812,-10.439133,18.082514,-0.29096806,0.025645878,1.2985598,-12.396598,-14.984367,1.0979541e-15,4.1039896e-13,0.9999999,1.0483305e-08,1.4388052e-08,5.138319e-08,5.795492e-14,4.3574937e-15,2,34.445328,1.0,False,1.9829113e-06,Test
996,0,-16.434711,-10.806002,17.656984,-0.42038086,0.31736067,1.9252151,-12.576635,-14.098112,1.5637372e-15,4.3519328e-13,0.9999999,1.4096123e-08,2.9477913e-08,1.4715643e-07,7.408082e-14,1.6178446e-14,2,34.091698,1.0,False,4.6169303e-06,Test
997,1,-21.980997,-14.623487,22.600395,-0.42231858,0.81285375,3.7796555,-16.352144,-19.02825,4.35059e-20,6.821381e-17,1.0,1.00314125e-10,3.4497735e-10,6.702805e-09,1.2109547e-17,8.3350534e-19,2,37.223885,1.0,False,1.96174e-07,Test
998,0,-19.22491,-12.164576,20.50685,-0.41517878,0.4172621,2.898967,-14.329129,-17.322554,5.5554174e-18,6.471135e-15,1.0,8.1974516e-10,1.884532e-09,2.254209e-08,7.4289316e-16,3.7230516e-17,2,39.73176,1.0,False,6.519956e-07,Test
999,0,-21.555723,-13.6420355,23.018858,1.0202951,-1.1520767,1.892911,-14.359089,-20.456776,4.3803152e-20,1.197779e-16,1.0,2.7934827e-10,3.1819727e-11,6.6852585e-10,5.8474264e-17,1.3145377e-19,2,44.57458,1.0,False,3.0350872e-08,Test
1000,0,-21.459688,-13.801313,22.319153,1.017567,-0.9473773,2.7185805,-14.259707,-20.212152,9.70715e-20,2.0562694e-16,1.0,5.608396e-10,7.8609314e-11,3.0731198e-09,1.3001768e-16,3.3797892e-19,2,43.77884,1.0,False,1.0677482e-07,Test
1001,0,-19.534143,-12.780578,19.784397,0.09682294,0.3563864,3.4425666,-14.353014,-17.182472,8.397962e-18,7.197981e-15,0.9999999,2.817053e-09,3.6519263e-09,7.995265e-08,1.4938598e-15,8.820487e-17,2,39.318542,1.0,False,2.15335e-06,Test
1002,0,-8.692992,-5.1053696,5.648772,-0.4566884,-0.07121742,1.3822798,-4.5579166,-3.7823863,5.7941105e-07,2.0944592e-05,0.9806995,0.002187602,0.0032164452,0.013760114,3.620993e-05,7.8638644e-05,2,14.361254,0.9999994,False,0.16056584,Test
1003,1,-8.0875635,-5.1088758,7.3697243,-0.019689979,-0.2894065,2.0528104,-5.614115,-7.359902,1.9247993e-07,3.7845418e-06,0.9940317,0.00061407074,0.00046890203,0.0048785866,2.2834454e-06,3.9847868e-07,2,12.484586,0.99999624,False,0.057909552,Test
1004,1,-7.5862265,-5.9016457,7.9596205,0.9510858,-1.346829,1.0442142,-5.8926663,-8.841171,1.768729e-07,9.533786e-07,0.99801445,0.0009023375,9.065609e-05,0.0009904078,9.619775e-07,5.0424923e-08,2,13.863254,0.99999905,False,0.02313287,Test
1005,0,-14.3344145,-8.796666,14.361809,0.6746193,-0.7967454,2.3962345,-9.311882,-13.566055,3.4465516e-13,8.757883e-11,0.99999225,1.1369096e-06,2.6104792e-07,6.359365e-06,5.2317064e-11,7.43155e-13,2,28.696232,1.0,False,0.00014912215,Test
1006,0,-8.870516,-6.305597,8.669699,0.0243589,-0.36238343,1.7742183,-6.737107,-7.9500227,2.4088722e-08,3.1314372e-07,0.9986933,0.00017571494,0.000119357166,0.001011028,2.0339569e-07,6.047547e-08,2,17.541523,1.0,False,0.015704457,Test
1007,0,-10.877562,-6.891583,10.781607,-0.37192637,0.12555708,2.0591807,-7.9168224,-9.09269,3.9215298e-10,2.1112724e-08,0.9997992,1.4321712e-05,2.355316e-05,0.00016285891,7.573353e-09,2.3367637e-09,2,21.659369,1.0,False,0.0029323995,Test
1008,0,-7.631629,-4.1998057,3.8951175,-0.97543156,-0.13712598,0.32257965,-3.5829089,-0.024339175,9.181299e-06,0.00028400516,0.9309077,0.007139273,0.016509177,0.026144065,0.0005263093,0.018480266,2,11.598342,0.9999908,False,0.49788874,Test
1009,0,-11.369111,-6.526389,10.668551,-2.15335,0.6149236,-1.6721588,-7.5295486,-1.0561203,2.6862074e-10,3.4064886e-08,0.9999418,2.7008082e-06,4.3026856e-05,4.369907e-06,1.2492228e-08,8.091231e-06,2,22.03772,1.0,False,0.00097398396,Test
1010,0,-11.973201,-7.209751,11.25136,0.18681647,-0.59039325,1.4537145,-7.560337,-9.566443,8.197242e-11,9.603007e-09,0.99992156,1.5656535e-05,7.1971067e-06,5.557795e-05,6.7631607e-09,9.097231e-10,2,23.224638,1.0,False,0.0012721107,Test
1011,0,-8.6345005,-5.40113,6.236007,-0.5737694,-0.023092229,1.9780142,-4.9219036,-5.056328,3.4230476e-07,8.682565e-06,0.98308843,0.0010842866,0.0018806164,0.013911368,1.4020816e-05,1.2257266e-05,2,14.887565,0.99999964,False,0.13827705,Test
1012,0,-25.475185,-16.45843,26.943226,-0.016463714,0.33499515,3.3141696,-18.436764,-22.873802,1.7178025e-23,1.4154672e-19,1.0,1.95684e-12,2.7809443e-12,5.4705497e-11,1.9575863e-20,2.3160058e-22,2,52.41841,1.0,False,2.0477486e-09,Test
1013,0,-18.26286,-11.693439,18.677391,0.099207275,0.12079331,2.6798203,-12.852603,-16.087725,9.0584324e-17,6.458265e-14,0.9999999,8.542738e-09,8.729142e-09,1.1280884e-07,2.0262692e-14,7.9744886e-16,2,36.94025,1.0,False,3.2382316e-06,Test
1014,0,-20.900328,-13.227874,21.668179,0.39983016,-0.020489883,2.7531724,-14.414957,-18.925076,3.2563679e-19,6.9957875e-16,1.0,5.7979377e-10,3.8082956e-10,6.0998198e-09,2.134482e-16,2.3473279e-18,2,42.568504,1.0,False,1.9616196e-07,Test
1015,0,-9.104643,-6.243519,5.341257,-0.5960192,0.46252298,4.577885,-5.7470803,-7.887892,3.606049e-07,6.3037946e-06,0.6773393,0.0017876393,0.0051522744,0.31570253,1.0356255e-05,1.2174746e-06,2,14.835483,0.99999964,False,0.9616152,Test
1016,0,-10.488655,-6.8840647,7.257431,0.17725208,-0.3911345,4.9480557,-6.046955,-10.717243,1.7837166e-08,6.5581236e-07,0.908559,0.0007646639,0.00043313517,0.09024106,1.5147176e-06,1.4192252e-08,2,17.841982,1.0,False,0.45163977,Test
1017,0,-10.604308,-6.6242948,10.448184,-0.37246108,0.2560315,1.5243088,-7.757698,-7.9741945,7.1934303e-10,3.8497607e-08,0.99980944,1.997886e-05,3.745604e-05,0.00013314585,1.2393748e-08,9.981134e-09,2,21.052683,1.0,False,0.0028534979,Test
1018,0,-24.782984,-15.894818,26.457933,-0.6075039,0.78463966,2.481446,-18.351748,-20.732489,5.576381e-23,4.0404824e-19,1.0,1.7604752e-12,7.083209e-12,3.864947e-11,3.462604e-20,3.202286e-21,2,51.240917,1.0,False,1.6680092e-09,Test
1019,0,-9.513194,-6.2096806,8.169453,-0.006866224,-0.10158306,2.1648352,-6.6306124,-7.736162,2.085549e-08,5.674381e-07,0.9970036,0.00028039253,0.00025505354,0.0024599393,3.7248617e-07,1.2330366e-07,2,17.685648,1.0,False,0.032013595,Test
1020,0,-7.593828,-4.6017294,2.635156,-0.07802761,-0.9098317,2.72459,-2.2836545,-4.117911,1.6427999e-05,0.00032736835,0.4549631,0.030175569,0.013134319,0.4975273,0.0033247878,0.00053107593,5,11.016523,0.99998355,False,1.2897022,Test
1021,0,-8.70866,-5.6373825,7.4310966,0.24145985,-0.3095582,2.9296467,-6.050594,-8.545776,9.6669474e-08,2.0851066e-06,0.9878633,0.00074520765,0.00042950985,0.010958274,1.3793456e-06,1.137703e-07,2,16.151968,0.9999999,False,0.10137926,Test
1022,0,-20.3499,-13.130422,21.804039,-0.792697,0.73276323,1.1629046,-15.477235,-15.394158,4.9292086e-19,6.732199e-16,1.0,1.5358961e-10,7.060919e-10,1.0855986e-09,6.440935e-17,6.9988804e-17,2,42.15394,1.0,False,5.8799763e-08,Test
1023,0,-19.217424,-12.713407,19.060877,0.8486908,-0.51497614,4.0787187,-13.329064,-18.794195,2.3765384e-17,1.5870972e-14,0.99999964,1.23182105e-08,3.1500305e-09,3.1140888e-07,8.5748525e-15,3.628699e-17,2,38.2783,1.0,False,7.5735834e-06,Test
1024,1,-16.878986,-11.027209,15.755708,-0.16159964,0.3381749,4.4571614,-11.742412,-15.697451,6.7131647e-15,2.3351856e-12,0.99998724,1.222351e-07,2.0148605e-07,1.2390771e-05,1.1421233e-12,2.1880686e-14,2,26.78293,1.0,False,0.000227579,Test
1025,0,-13.370579,-8.139307,13.385763,-0.32844567,0.160579,1.4447416,-9.348441,-9.796606,2.3980833e-12,4.4851473e-10,0.9999906,1.1066003e-06,1.8045599e-06,6.517424e-06,1.3386185e-10,8.551078e-11,2,26.756351,1.0,False,0.00018221066,Test
1026,0,-8.75956,-5.143699,7.469987,-0.7411364,0.4859474,1.9659806,-6.256967,-6.6739397,8.8984336e-08,3.3087317e-06,0.99475384,0.00027019045,0.0009216921,0.0040490767,1.0868646e-06,7.162858e-07,2,16.234806,0.99999994,False,0.05232662,Test
1027,1,-14.093061,-8.885291,13.7494755,-0.100547865,-0.0086495355,2.2968876,-9.64193,-11.703528,8.0934624e-13,1.4785659e-10,0.99998736,9.660639e-07,1.0590503e-06,1.0621814e-05,6.9380335e-11,8.82868e-12,2,22.634779,1.0,False,0.00023406184,Test
1028,0,-15.899705,-9.685753,17.129578,-2.620633,1.364863,-0.806057,-12.366431,-7.2781787,4.524444e-15,2.2607363e-12,0.9999999,2.6460183e-09,1.4238739e-07,1.6242497e-08,1.5489795e-13,2.510995e-11,2,33.02928,1.0,False,3.9070537e-06,Test
1029,0,-22.394276,-14.145391,23.97069,0.20478874,-0.29032585,3.0080101,-15.711092,-21.254618,7.310558e-21,2.795093e-17,1.0,4.7708976e-11,2.9078706e-11,7.8708967e-10,5.840112e-18,2.2850648e-20,2,46.364967,1.0,False,2.6457345e-08,Test
1030,0,-7.046606,-3.4358342,4.3357816,-2.845177,0.06944722,-4.0440764,-3.642101,7.834775,3.341672e-07,1.2362384e-05,0.029327292,2.231626e-05,0.0004115536,6.7289307e-06,1.0058227e-05,0.9702094,7,14.911624,0.99999964,False,0.19712019,Test
1031,0,-19.44383,-12.349127,20.19889,-0.17646077,0.15784007,3.7610128,-14.070038,-18.03037,6.072731e-18,7.321073e-15,0.9999999,1.4161115e-09,1.9782562e-09,7.2630726e-08,1.309765e-15,2.4959842e-17,2,39.642723,1.0,False,1.907243e-06,Test
1032,0,-9.661163,-5.809521,7.6777925,-0.7420106,0.43140033,2.0828142,-5.941673,-6.010982,2.936103e-08,1.3820304e-06,0.9953681,0.0002194368,0.00070943986,0.0036992654,1.2109473e-06,1.1298602e-06,2,17.343597,1.0,False,0.046713986,Test
1033,0,-23.559961,-15.501426,25.346422,-0.36637723,0.6306645,2.1077545,-17.877071,-19.210768,5.7574144e-22,1.8197237e-18,1.0,6.8088417e-12,1.845368e-11,8.083036e-11,1.6915094e-19,4.4571606e-20,2,48.906384,1.0,False,3.6205314e-09,Test
1034,0,-24.81518,-15.88833,26.797438,0.08263558,0.1437738,1.9233861,-17.781794,-21.735565,3.845254e-23,2.8960526e-19,1.0,2.4998215e-12,2.6574246e-12,1.5752026e-11,4.3599937e-20,8.363419e-22,2,51.612617,1.0,False,7.638047e-10,Test
1035,0,-18.73649,-11.924883,19.385107,0.4625848,-0.44124302,2.532501,-12.625087,-16.860188,2.7797176e-17,2.5248998e-14,1.0,6.054152e-09,2.4520308e-09,4.797404e-08,1.2535737e-14,1.8149698e-16,2,38.121597,1.0,False,1.4018141e-06,Test
1036,0,-7.907201,-5.6573796,1.9959799,0.30065462,-0.76755184,5.7331085,-3.4611099,-8.751994,1.1569938e-06,1.0975294e-05,0.023132775,0.0042457776,0.0014589526,0.97105116,9.8683304e-05,4.970979e-07,5,13.669685,0.99999887,False,0.21558292,Test
1037,0,-29.415682,-19.170092,32.272503,1.0856131,-1.247112,2.6422808,-20.457026,-28.31273,1.6186798e-27,4.557894e-23,1.0,2.855656e-14,2.7708697e-15,1.3544343e-13,1.2585079e-23,4.877154e-27,2,61.688187,1.0,False,7.2086963e-12,Test
1038,0,-22.330275,-14.525111,24.211601,-1.2539054,1.111355,2.0177267,-17.410183,-17.547876,6.1251864e-21,1.5026545e-17,1.0,8.719079e-12,9.283045e-11,2.2978561e-10,8.3924504e-19,7.3129084e-19,2,46.541878,1.0,False,1.0771559e-08,Test
1039,0,-20.001753,-12.842647,20.599401,0.112914264,0.18720789,3.1515956,-14.473153,-17.84429,2.3288565e-18,2.9943563e-15,1.0,1.2671615e-09,1.3648882e-09,2.6455403e-08,5.8638476e-16,2.0142668e-17,2,40.601154,1.0,False,7.4357786e-07,Test
1040,1,-22.97728,-14.872926,24.35384,-0.18902494,0.57914954,1.9076939,-16.975357,-18.94983,2.7819926e-21,9.205186e-18,1.0,2.1936576e-11,4.7291497e-11,1.7855115e-10,1.1244958e-18,1.5611892e-19,2,39.226765,1.0,False,8.1808205e-09,Test
1041,0,-21.438906,-13.762144,22.44811,0.7197744,-0.43590224,3.317538,-15.04575,-20.801582,8.7118623e-20,1.8796899e-16,1.0,3.6601883e-10,1.15239075e-10,4.9169704e-09,5.2074394e-17,1.6477685e-19,2,43.887016,1.0,False,1.5098463e-07,Test
1042,0,-6.185915,-3.4798937,5.821949,-1.4661528,-0.24429108,-2.2541542,-3.9200768,0.7689928,6.0365574e-06,9.036483e-05,0.99023527,0.0006769491,0.0022972259,0.00030784443,5.8187612e-05,0.006328014,2,12.017676,0.999994,False,0.09323139,Test
1043,0,-16.978374,-11.054225,16.513962,0.48553273,-0.21043576,3.3880816,-11.401432,-15.753249,2.8474901e-15,1.0648471e-12,0.99999785,1.0938072e-07,5.4536272e-08,1.9929744e-06,7.524845e-13,9.694535e-15,2,33.49234,1.0,False,4.4681205e-05,Test
1044,0,-24.1651,-16.138243,26.51409,0.84743357,-0.9320713,1.3881998,-16.917969,-22.128176,9.779277e-23,2.9945215e-19,1.0,7.1303805e-12,1.2030498e-12,1.2245179e-11,1.3730801e-19,7.4977783e-22,2,50.67919,1.0,False,7.555439e-10,Test
1045,0,-10.383064,-6.022877,8.534939,-0.11156366,-0.41646886,1.1981467,-5.2496977,-6.526138,6.0757466e-09,4.755597e-07,0.9990426,0.00017557216,0.00012943066,0.00065051264,1.0303681e-06,2.875023e-07,2,18.91896,1.0,False,0.012165797,Test
1046,0,-9.9455805,-5.576526,8.754395,-2.9217916,1.2313101,-1.8499411,-7.177107,1.647024,7.552655e-09,5.964242e-07,0.9986084,8.481882e-06,0.00053971075,2.4773692e-05,1.2034612e-07,0.00081790617,2,18.701366,1.0,False,0.016790606,Test
1047,0,-18.050232,-11.641312,17.834476,0.08405069,0.065301426,3.1350713,-12.312279,-16.009275,2.6029685e-16,1.5806207e-13,0.9999995,1.9547356e-08,1.9184272e-08,4.1317023e-07,8.080353e-14,2.0037608e-15,2,35.88471,1.0,False,1.0356328e-05,Test
1048,0,-14.448485,-9.8852825,12.227166,0.34888774,-0.24039005,4.458149,-9.494949,-13.67259,2.598505e-12,2.491707e-10,0.99956685,6.9365087e-06,3.847876e-06,0.00042244536,3.6814368e-10,5.6453405e-12,2,26.676085,1.0,False,0.00554821,Test
1049,0,-16.804995,-10.62726,16.211699,-0.1154755,0.6178229,3.8579583,-12.013544,-14.736273,4.5817397e-15,2.2079354e-12,0.99999547,8.113286e-08,1.6891327e-07,4.313568e-06,5.5198966e-13,3.6263093e-14,2,33.016697,1.0,False,8.912598e-05,Test
1050,0,-10.992212,-7.0053453,8.83731,0.43518183,-0.2591975,4.003039,-6.844524,-10.497032,2.4241709e-09,1.3062827e-07,0.9917789,0.00022254455,0.000111135305,0.007887106,1.5341973e-07,3.977557e-09,2,19.837776,1.0,False,0.071079955,Test
1051,0,-6.8552284,-3.8390493,6.0432324,-1.0723134,-0.18398386,-2.0002992,-4.540909,0.4465187,2.4847614e-06,5.0721745e-05,0.99314994,0.00080681243,0.0019614135,0.0003189727,2.5140904e-05,0.0036846227,2,12.905334,0.9999975,False,0.070426084,Test
1052,1,-8.360448,-4.8295116,8.261352,-1.6626823,0.46030074,-0.82546246,-6.3382235,-1.9309437,6.03919e-08,2.0627415e-06,0.9993888,4.8953218e-05,0.00040905457,0.00011307884,4.5626757e-07,3.7434926e-05,2,13.091475,0.9999979,False,0.00826942,Test
1053,0,-9.942252,-5.587923,8.930622,-2.9899223,1.4108188,-1.3725114,-7.677542,0.64445305,6.3569963e-09,4.946676e-07,0.99916565,6.6467715e-06,0.00054178695,3.3499913e-05,6.120735e-08,0.0002517677,2,18.87371,1.0,False,0.010715851,Test
1054,0,-20.325197,-13.196029,22.010454,-0.2506864,0.40863377,1.969056,-15.034751,-18.080446,4.110174e-19,5.12884e-16,1.0,2.1483715e-10,4.1538306e-10,1.977566e-09,8.155907e-17,3.879209e-18,2,42.33565,1.0,False,7.702371e-08,Test
1055,0,-14.054848,-8.712524,14.215074,-0.61207044,0.31343484,1.3725959,-10.148523,-10.027042,5.278711e-13,1.1032385e-10,0.99999607,3.6362323e-07,9.174728e-07,2.6459466e-06,2.6243525e-11,2.96334e-11,2,28.269924,1.0,False,8.088353e-05,Test
1056,0,-10.90349,-8.021511,11.059503,-0.2252795,0.24207312,2.976061,-9.360616,-10.692964,2.8936428e-10,5.1650355e-09,0.99965894,1.2558366e-05,2.0040192e-05,0.00030850183,1.3536523e-09,3.571707e-10,2,21.963335,1.0,False,0.0046074395,Test
1057,0,-27.741999,-18.607363,29.957703,0.8909053,-0.25100505,2.3005629,-20.093763,-25.528034,8.736529e-26,8.0995507e-22,1.0,2.3793063e-13,7.5949494e-14,9.742204e-13,1.8319925e-22,7.995593e-25,2,57.6997,1.0,False,5.215972e-11,Test
1058,0,-9.787985,-5.537384,8.663586,-2.059862,0.96584517,-0.6028632,-6.6966157,-1.3930421,9.689873e-09,6.7972087e-07,0.9993862,2.200894e-05,0.0004535729,9.4485615e-05,2.1324698e-07,4.287416e-05,2,18.452185,1.0,False,0.008167556,Test
1059,0,-18.17609,-11.767795,18.16985,0.1279472,0.20987028,3.1824367,-12.952525,-15.939462,1.6411899e-16,9.9596905e-14,0.99999964,1.4604986e-08,1.5851839e-08,3.097771e-07,3.045958e-14,1.5364367e-15,2,36.34594,1.0,False,7.918931e-06,Test
1060,1,-15.574312,-10.031527,14.471664,0.2587602,-0.14332318,3.9885619,-10.378367,-14.973213,8.9368705e-14,2.2823734e-11,0.9999708,6.7204996e-07,4.4955098e-07,2.8004873e-05,1.6134488e-11,1.6301946e-13,2,24.50322,1.0,False,0.00048876833,Test
1061,0,-16.902866,-11.137292,16.899767,0.3207225,-0.024122063,2.9517844,-12.143657,-14.615087,2.0878615e-15,6.6628376e-13,0.99999905,6.306845e-08,4.4673286e-08,8.759264e-07,2.4355743e-13,2.0571794e-14,2,33.802635,1.0,False,2.1601138e-05,Test
1062,0,-19.219233,-12.279689,20.07817,-0.21998124,0.43493208,1.5461872,-13.694874,-15.227001,8.577395e-18,8.8544115e-15,1.0,1.5297631e-09,2.9447613e-09,8.946671e-09,2.1505675e-15,4.64685e-16,2,39.2974,1.0,False,3.674486e-07,Test
1063,0,-13.641259,-8.071787,13.204205,-0.46177086,-0.1671734,0.2172257,-8.261883,-8.11538,2.1936203e-12,5.753765e-10,0.999995,1.1612883e-06,1.5591294e-06,2.2899433e-06,4.7576726e-10,5.5083327e-10,2,26.845469,1.0,False,0.00010315031,Test
1064,0,-20.109396,-13.188553,21.077795,-0.26707333,0.32714966,2.9313517,-14.963632,-17.843246,1.2960752e-18,1.3131471e-15,1.0,5.3708343e-10,9.729926e-10,1.3155283e-08,2.2253938e-16,1.2496996e-17,2,41.18719,1.0,False,3.9006983e-07,Test
1065,1,-13.771873,-8.578433,14.043794,-0.03907293,0.051435158,1.7208399,-9.528075,-11.569379,8.3139425e-13,1.497232e-10,0.9999939,7.653958e-07,8.379023e-07,4.4484264e-06,5.7924828e-11,7.5220784e-12,2,22.622232,1.0,False,0.00012032886,Test
1066,0,-15.974866,-9.978166,16.254074,0.8472922,-0.95556134,2.285745,-10.288137,-15.291879,1.0072775e-14,4.050261e-12,0.9999989,2.0366626e-07,3.3569904e-08,8.5828424e-07,2.9707324e-12,1.9941908e-14,2,32.22894,1.0,False,2.420472e-05,Test
1067,0,-11.384987,-7.1382403,10.872208,0.18445069,-0.22090663,2.0968423,-7.718129,-9.861106,2.156451e-10,1.5068776e-08,0.9998074,2.2818269e-05,1.5213817e-05,0.00015446261,8.437933e-09,9.89811e-10,2,22.257387,1.0,False,0.002829278,Test
1068,0,-18.272055,-11.732948,18.128256,0.2983596,0.1185981,3.328312,-12.5594225,-15.891605,1.5543393e-16,1.0750871e-13,0.99999964,1.8054022e-08,1.5083607e-08,3.7365075e-07,4.704463e-14,1.6802065e-15,2,36.40031,1.0,False,9.350388e-06,Test
1069,0,-9.94236,-5.4476285,8.450207,-2.6502633,0.9229444,-1.706555,-6.8730445,1.4019929,1.0270113e-08,9.1962863e-07,0.9985399,1.5083175e-05,0.00053742394,3.875607e-05,2.2108627e-07,0.00086769083,2,18.394028,1.0,False,0.017600255,Test
1070,0,-18.755196,-11.988042,18.806267,0.13340168,-0.09896992,4.049134,-12.894129,-18.2379,4.8670298e-17,4.228652e-14,0.99999964,7.771013e-09,6.159701e-09,3.8999426e-07,1.7088068e-14,8.164371e-17,2,37.561462,1.0,False,9.196294e-06,Test
1071,0,-8.636388,-5.1865177,6.011593,-0.59714806,0.15297505,1.3812592,-4.9403467,-4.1124554,4.2895653e-07,1.3510545e-05,0.986167,0.001329875,0.0028156915,0.00961661,1.7281583e-05,3.9548697e-05,2,14.66191,0.9999996,False,0.12189296,Test
1072,1,-22.123758,-14.5255165,22.48811,0.22839916,0.517022,4.3816524,-16.224922,-20.033152,4.219987e-20,8.417564e-17,1.0,2.151447e-10,2.8712932e-10,1.3691964e-08,1.5386645e-17,3.4138943e-19,2,37.013626,1.0,False,3.7367326e-07,Test
1073,0,-24.59033,-15.7864065,25.91998,0.27959904,0.16368014,2.5919182,-17.43779,-21.643248,1.1578499e-22,7.711635e-19,1.0,7.320219e-12,6.5190136e-12,7.3918344e-11,1.4789727e-19,2.205738e-21,2,50.510307,1.0,False,3.000763e-09,Test
1074,0,-21.989218,-14.122947,23.12826,1.2091497,-1.2326046,2.352226,-14.580426,-20.84092,2.5452386e-20,6.637538e-17,1.0,3.0244873e-10,2.6315457e-11,9.486004e-10,4.200736e-17,8.024703e-20,2,45.117477,1.0,False,3.892194e-08,Test
1075,1,-14.89943,-9.462277,14.265006,0.35573497,-0.11286108,2.9276536,-9.853653,-13.228545,2.157945e-13,4.9586776e-11,0.9999865,9.104884e-07,5.698571e-07,1.1919125e-05,3.3526886e-11,1.1473516e-12,2,23.727297,1.0,False,0.00024439552,Test
1076,0,-19.83983,-12.967397,21.252964,1.2422093,-1.2287289,1.9347972,-13.700684,-19.484608,1.4243781e-18,1.374949e-15,1.0,2.0391036e-09,1.7231563e-10,4.0759307e-09,6.6042534e-16,2.031877e-18,2,41.092796,1.0,False,1.7805387e-07,Test
1077,0,-23.47019,-15.206194,24.893953,0.010641928,0.39069387,3.2557259,-17.31473,-20.985844,9.901919e-22,3.843504e-18,1.0,1.5606834e-11,2.2822832e-11,4.00532e-10,4.666614e-19,1.1875626e-20,2,48.364143,1.0,False,1.3870626e-08,Test
1078,0,-19.073965,-12.162277,19.89127,0.107897654,0.09442863,2.3702462,-13.797338,-16.61484,1.1956784e-17,1.2003875e-14,1.0,2.5597073e-09,2.525465e-09,2.4587619e-08,2.340045e-15,1.3982905e-16,2,38.965233,1.0,False,7.667009e-07,Test
1079,0,-14.2545,-9.394727,16.091522,-0.7971367,-0.18383919,-1.2899201,-10.790165,-9.297579,6.620478e-14,8.540102e-12,0.99999976,4.6275243e-08,8.544762e-08,2.8270605e-08,2.11559e-12,9.411382e-12,2,30.346024,1.0,False,4.101483e-06,Test
1080,0,-21.872751,-14.08694,22.82061,0.3532609,0.06240127,3.3039002,-15.848049,-19.751902,3.8897406e-20,9.359537e-17,1.0,1.74805e-10,1.3068788e-10,3.3419536e-09,1.6084764e-17,3.243351e-19,2,44.69336,1.0,False,1.0405522e-07,Test
1081,0,-12.946906,-8.196719,11.718773,0.16819705,0.028963007,3.718322,-8.81805,-11.821354,1.9394469e-11,2.2421147e-09,0.9996468,9.627091e-06,8.375808e-06,0.00033519292,1.2045298e-09,5.977222e-11,2,24.666033,1.0,False,0.0046803267,Test
1082,1,-6.2868605,-5.4643764,7.718192,0.5492246,-1.0063121,1.4154906,-6.1578593,-8.832976,8.2505437e-07,1.8779449e-06,0.9972398,0.000767992,0.00016210464,0.0018262959,9.386577e-07,6.467233e-08,2,13.185332,0.9999981,False,0.03064995,Test
1083,1,-12.222624,-7.8515015,11.702152,-0.040915474,0.021862391,2.6640697,-8.509633,-10.529974,4.0695187e-11,3.2203078e-09,0.9998648,7.943131e-06,8.457767e-06,0.0001187824,1.6675347e-09,2.2113197e-10,2,19.55379,1.0,False,0.002021109,Test
1084,0,-11.515665,-7.3424783,10.80393,0.02970908,-0.109776005,2.6083841,-8.079677,-10.154075,2.0257511e-10,1.3151591e-08,0.99968505,2.0925618e-05,1.820124e-05,0.0002757927,6.2924146e-09,7.905288e-10,2,22.31991,1.0,False,0.004327726,Test
1085,0,-19.269197,-12.200266,20.129276,0.20686321,0.104715705,2.1037855,-13.586136,-16.537458,7.752815e-18,9.108721e-15,1.0,2.22744e-09,2.0111464e-09,1.4846677e-08,2.2781512e-15,1.1908039e-16,2,39.398476,1.0,False,5.0821427e-07,Test
1086,1,-19.083904,-12.235821,20.608904,-0.823066,0.57056814,1.0872827,-14.393821,-14.8039875,5.776059e-18,5.441473e-15,1.0,4.922814e-10,1.983633e-09,3.32558e-09,6.287967e-16,4.1723112e-16,2,32.844727,1.0,False,1.662276e-07,Test
1087,0,-7.570568,-3.9539402,5.6041946,-1.0337692,-0.118085876,-0.7947717,-4.1444883,-0.7645834,1.8826681e-06,7.005759e-05,0.99197453,0.0012991804,0.0032459788,0.0016499272,5.790303e-05,0.0017004947,2,13.18282,0.9999981,False,0.08353632,Test
1088,0,-19.91193,-12.883388,21.25528,1.0141481,-0.9491671,2.221554,-14.104861,-19.108736,1.3222331e-18,1.4919863e-15,1.0,1.6195284e-09,2.2736901e-10,5.4169886e-09,4.3983073e-16,2.9521036e-18,2,41.16721,1.0,False,2.0332655e-07,Test
1089,0,-10.230092,-5.7022734,8.858516,-2.857282,1.3257753,-1.473037,-7.431485,0.87442976,5.1230042e-09,4.7416705e-07,0.9990834,8.156344e-06,0.00053477864,3.2558582e-05,8.412871e-08,0.00034053143,2,19.089525,1.0,False,0.01169234,Test
1090,1,-8.852606,-5.0629883,7.7560854,-1.5127122,0.7061042,0.03546848,-5.927652,-2.5469992,6.11379e-08,2.704711e-06,0.9985593,9.418594e-05,0.00086617563,0.0004429478,1.1392066e-06,3.3481214e-05,2,12.820516,0.9999973,False,0.017654639,Test
1091,0,-16.36844,-10.22898,16.957113,-0.7218168,0.6302692,1.1524428,-11.894455,-11.598407,3.364308e-15,1.5603787e-12,0.99999976,2.099607e-08,8.115998e-08,1.368103e-07,2.950686e-13,3.9673045e-13,2,33.325554,1.0,False,5.9107174e-06,Test
1092,1,-15.721774,-10.177605,15.408333,0.7847467,-0.49760306,3.1337953,-10.70446,-14.715591,3.0224816e-14,7.729764e-12,0.99999475,4.4571286e-07,1.2363384e-07,4.6691043e-06,4.5641073e-12,8.266918e-14,2,25.585943,1.0,False,0.000102404614,Test
1093,0,-21.059334,-13.32684,22.023024,0.7131727,-0.7963585,2.3715494,-14.023593,-19.699383,1.9479108e-19,4.443741e-16,1.0,5.562236e-10,1.2293298e-10,2.920608e-09,2.2138784e-16,7.5890947e-19,2,43.08236,1.0,False,1.039499e-07,Test
1094,0,-17.329594,-11.321617,17.647434,0.3637981,-0.1686201,3.2702448,-12.275892,-16.426964,6.4516313e-16,2.623618e-13,0.9999994,3.1175396e-08,1.830569e-08,5.7025045e-07,1.01033216e-13,1.5910239e-15,2,34.977028,1.0,False,1.3935879e-05,Test
1095,0,-25.04514,-17.157738,28.920969,-1.0449626,0.9209848,1.7851084,-20.999428,-23.00251,3.6544e-24,9.733584e-21,1.0,9.681921e-14,6.9145053e-13,1.6407619e-12,2.0885648e-22,2.8178664e-23,2,53.96611,1.0,False,9.635092e-11,Test
1096,0,-7.6268597,-4.6393185,4.2270494,-1.0594834,0.116668805,1.8848404,-3.9969041,-2.68084,6.3545667e-06,0.00012605457,0.8936614,0.0045212754,0.014657414,0.08589435,0.00023963788,0.00089354155,2,11.966337,0.9999936,False,0.58731604,Test
1097,0,-13.251781,-7.865849,13.639118,-0.9428971,0.14851877,-0.4434353,-8.630999,-7.530157,2.0961848e-12,4.5762577e-10,0.9999974,4.6463316e-07,1.3839037e-06,7.6563794e-07,2.1291685e-10,6.40176e-10,2,26.890902,1.0,False,5.6088975e-05,Test
1098,0,-14.10526,-9.135987,15.277037,-0.6927676,0.33171317,1.2503479,-10.908076,-11.575158,1.7355205e-13,2.4977987e-11,0.9999987,1.15984875e-07,3.2309313e-07,8.0962883e-07,4.2457045e-12,2.1789085e-12,2,29.3823,1.0,False,2.7829417e-05,Test
1099,0,-21.125813,-13.701047,21.733015,-0.07617032,0.48400953,3.6710312,-15.59326,-18.73609,2.4358386e-19,4.0849053e-16,1.0,3.3759134e-10,5.911175e-10,1.4314639e-08,6.1575053e-17,2.657609e-18,2,42.858826,1.0,False,4.0175314e-07,Test
1100,1,-19.922663,-13.208873,19.075739,-0.3904149,0.84748024,4.737123,-14.461381,-17.327124,1.1566691e-17,9.527335e-15,0.9999994,3.5152519e-09,1.212182e-08,5.9267717e-07,2.7227842e-15,1.5503773e-16,2,32.28461,1.0,False,1.353768e-05,Test
1101,0,-11.310197,-6.9296966,10.511666,-0.76998055,0.31145227,1.12136,-7.542067,-6.312065,3.3329384e-10,2.6622853e-08,0.9998666,1.2600423e-05,3.715739e-05,8.351872e-05,1.4431287e-08,4.9372915e-08,2,21.821997,1.0,False,0.0020779723,Test
1102,0,-6.6384926,-3.7668207,4.49485,-1.857856,0.3753093,-0.15406898,-4.3392076,0.29165378,1.401505e-05,0.00024759723,0.9588351,0.0016703166,0.015582967,0.009177915,0.00013968874,0.014332399,2,11.175379,0.999986,False,0.3219904,Test
1103,0,-12.326308,-7.4152546,11.334052,-1.5767665,0.63030535,0.4736014,-8.255562,-5.3488917,5.3017216e-11,7.1988118e-09,0.9999559,2.471063e-06,2.2459633e-05,1.9202023e-05,3.1068423e-09,5.6842165e-08,2,23.660404,1.0,False,0.00075900485,Test
1104,0,-12.490135,-7.5270166,12.502188,-2.485833,1.3538004,-0.6254237,-9.587288,-3.5369027,1.3994738e-11,2.0017938e-09,0.9999832,3.095836e-07,1.4398252e-05,1.9894985e-06,2.5506763e-10,1.08219105e-07,2,24.99234,1.0,False,0.0003027714,Test
1105,0,-7.1414156,-3.944988,2.2752366,0.43573558,-1.3200091,1.0045774,-2.088839,-2.0317547,5.441025e-05,0.0013300619,0.6687765,0.10626637,0.018360546,0.18768983,0.008511126,0.00901111,2,9.818958,0.9999456,False,1.4239725,Test
1106,0,-13.271986,-7.9330525,12.873488,-0.35415536,-0.1767405,1.113614,-8.535153,-9.368873,4.417332e-12,9.200867e-10,0.9999882,1.8001226e-06,2.149574e-06,7.811715e-06,5.038948e-10,2.1890728e-10,2,26.145485,1.0,False,0.00022434731,Test
1107,0,-24.345428,-15.639167,25.905031,0.89181966,-0.5106119,3.161523,-17.326235,-22.903574,1.5014244e-22,9.069524e-19,1.0,1.3705661e-11,3.3715663e-12,1.3262343e-10,1.6784164e-19,6.3488066e-22,2,50.250458,1.0,False,4.9747104e-09,Test
1108,0,-16.048952,-9.834005,17.043978,-1.2931203,0.85511756,1.3202598,-12.181208,-11.829709,4.245444e-15,2.1234407e-12,0.99999976,1.0871758e-08,9.3168126e-08,1.4834609e-07,2.0307811e-13,2.8861348e-13,2,33.09293,1.0,False,6.1728365e-06,Test
1109,0,-22.426744,-14.648053,23.80496,0.8821948,-0.6967801,1.7700388,-15.388724,-20.361488,8.352678e-21,1.9955749e-17,1.0,1.10858586e-10,2.2857553e-11,2.6937366e-10,9.5147955e-18,6.58801e-20,2,46.231705,1.0,False,1.3037439e-08,Test
1110,0,-16.886127,-10.817274,17.00216,-0.22052436,0.4491186,2.2525465,-12.102403,-13.610601,1.9164783e-15,8.2827283e-13,0.9999994,3.313474e-08,6.473006e-08,3.9293823e-07,2.2911293e-13,5.070453e-14,2,33.888287,1.0,False,1.1504495e-05,Test
1111,0,-23.176643,-15.10152,24.792519,1.3039694,-1.2352335,2.109567,-15.710577,-22.17405,1.469798e-21,4.723228e-18,1.0,6.295831e-11,4.9692516e-12,1.4090278e-10,2.5687879e-18,4.0057025e-21,2,47.969162,1.0,False,6.9310375e-09,Test
1112,1,-14.010572,-9.834452,16.108541,-1.3293616,0.8310461,0.26416728,-12.386917,-10.1115675,8.3068216e-14,5.408802e-12,0.99999964,2.6718682e-08,2.317757e-07,1.3148475e-07,4.212883e-13,4.099696e-12,2,25.942993,1.0,False,9.302576e-06,Test
1113,0,-9.263216,-4.956851,6.9063015,-1.9415661,0.57352406,-2.1223164,-5.551873,2.1039698,9.402289e-08,6.9737143e-06,0.9898419,0.00014222815,0.0017590391,0.0001187099,3.8463545e-06,0.008127174,2,16.179728,0.9999999,False,0.090660945,Test
1114,0,-19.5067,-12.603572,20.25357,0.7658705,-0.523629,2.940676,-13.608647,-18.502022,5.399263e-18,5.374325e-15,1.0,3.4403262e-09,9.474956e-10,3.0276475e-08,1.967098e-15,1.474552e-17,2,39.76027,1.0,False,8.813481e-07,Test
1115,0,-14.819043,-9.16606,15.419491,0.47081813,-0.66984224,1.0695884,-9.74434,-12.875796,7.371765e-14,2.1019863e-11,0.9999989,3.220132e-07,1.0291796e-07,5.860251e-07,1.1789275e-11,5.146501e-13,2,30.238535,1.0,False,2.2928847e-05,Test
1116,0,-22.70623,-17.025976,27.365585,1.0121,-1.0636992,1.209506,-19.13861,-24.144102,1.7950925e-22,5.260039e-20,1.0,3.5877885e-12,4.501097e-13,4.370786e-12,6.360397e-21,4.262125e-23,2,50.071815,1.0,False,3.1980169e-10,Test
1117,1,-20.153854,-12.935583,21.393223,0.1949948,-0.073606074,2.0301728,-14.565362,-17.636837,9.04344e-19,1.233644e-15,1.0,6.219081e-10,4.7541676e-10,3.8970325e-09,2.4176057e-16,1.12062525e-17,2,34.328804,1.0,False,1.4260684e-07,Test
1118,0,-22.809126,-14.959829,23.85293,0.7219614,-0.26461163,2.5197752,-15.873947,-20.624088,5.431585e-21,1.3926204e-17,1.0,9.002191e-11,3.356483e-11,5.4341126e-10,5.5826097e-18,4.829204e-20,2,46.662056,1.0,False,2.0896675e-08,Test
1119,0,-16.904503,-10.540912,17.109272,-1.0861332,0.6630633,1.5474945,-11.847244,-12.197403,1.6904608e-15,9.810187e-13,0.99999964,1.2526664e-08,7.2028115e-08,1.7442387e-07,2.6567127e-13,1.8718568e-13,2,34.013775,1.0,False,6.297829e-06,Test
1120,0,-18.80217,-11.856635,19.837646,0.07485561,-0.19752546,1.8193533,-12.840428,-16.41695,1.6555451e-17,1.7192855e-14,1.0,2.6129376e-09,1.9899198e-09,1.4953905e-08,6.428251e-15,1.7981615e-16,2,38.639816,1.0,False,5.207436e-07,Test
1121,0,-7.559841,-4.9636564,3.7345185,-0.019271715,-0.33234778,3.3728473,-4.127161,-6.1523895,7.1606205e-06,9.6041505e-05,0.5754778,0.013482742,0.009858502,0.40082678,0.00022168919,2.9254936e-05,2,11.846914,0.99999285,False,1.1414243,Test
1122,0,-9.618815,-6.520388,9.415425,0.14581543,-0.376665,2.3876722,-7.1239886,-9.507925,5.408589e-09,1.1987088e-07,0.9989637,9.414765e-05,5.5834018e-05,0.0008860035,6.5550154e-08,6.0428618e-09,2,19.035278,1.0,False,0.012531296,Test
1123,0,-23.176626,-14.875764,24.337662,0.8776231,-0.89339036,2.89864,-15.562626,-21.94098,2.3163602e-21,9.328806e-18,1.0,6.477903e-11,1.1022832e-11,4.888223e-10,4.6938074e-18,7.9696946e-21,2,47.51429,1.0,False,1.771299e-08,Test
1124,0,-8.020585,-4.4471273,4.0114346,-1.1923754,-0.14569004,-0.04224384,-3.50805,0.84571797,5.502417e-06,0.000196104,0.92468375,0.00508168,0.014473614,0.016051034,0.00050155964,0.039006766,2,12.110323,0.9999945,False,0.5178737,Test
1125,0,-21.369728,-13.519972,22.446604,1.050636,-1.1106033,2.287103,-13.989512,-20.197315,9.3499585e-20,2.3983616e-16,1.0,5.10328e-10,5.878072e-11,1.7572774e-09,1.4996717e-16,3.019816e-19,2,43.81633,1.0,False,6.8859144e-08,Test
1126,0,-18.953665,-12.790991,20.734007,-0.048408873,0.013937898,1.9958453,-14.699138,-17.008198,5.8058153e-18,2.7559953e-15,1.0,9.425658e-10,1.0032011e-09,7.27981e-09,4.0886624e-16,4.0622777e-17,2,39.68767,1.0,False,2.5504764e-07,Test
1127,0,-7.0037374,-3.808565,3.3267379,-0.9784455,-0.2565732,0.13416496,-3.2288966,0.17628714,2.8936196e-05,0.0007064593,0.8869715,0.011972704,0.024643218,0.036424443,0.0012613445,0.037991486,2,10.4504175,0.9999711,False,0.7348773,Test
1128,0,-11.0156765,-7.484975,7.9271317,-0.35020006,0.5156765,4.5628953,-7.1788273,-9.600654,5.729476e-09,1.9564969e-07,0.96576613,0.00024551197,0.0005836035,0.033404324,2.6572803e-07,2.3585828e-08,2,18.977642,1.0,False,0.22156723,Test
1129,0,-27.860704,-18.104528,30.285234,1.2608914,-1.2575039,2.3696895,-19.148354,-26.606802,5.591645e-26,9.65146e-22,1.0,2.4824915e-13,2.0006124e-14,7.523728e-13,3.398336e-22,1.9593071e-25,2,58.14594,1.0,False,4.1606187e-11,Test
1130,0,-3.2410815,-3.4087853,4.366703,0.32302973,-1.1434741,-0.21804902,-4.04474,-4.3763065,0.00048066894,0.0004064556,0.96797645,0.01697148,0.0039158426,0.009879439,0.00021518956,0.00015446283,2,7.6403317,0.99951935,False,0.2568345,Test
1131,0,-12.244007,-7.306234,11.875752,-1.9065102,0.49925095,0.3925893,-8.417702,-6.2694683,3.348976e-11,4.6704582e-09,0.99997723,1.0337831e-06,1.1461421e-05,1.0301865e-05,1.5369345e-09,1.3171051e-08,2,24.119781,1.0,False,0.00041270675,Test
1132,0,-27.9188,-18.411482,30.589369,0.536358,-0.046707306,2.7439156,-20.881794,-25.774036,3.89246e-26,5.2384277e-22,1.0,8.8744855e-14,4.953604e-14,8.0699954e-13,4.4295423e-23,3.3241832e-25,2,58.50817,1.0,False,3.8456346e-11,Test
1133,0,-17.412176,-11.15445,18.061798,0.42126808,-0.33534068,1.8632718,-12.077003,-15.16575,3.925074e-16,2.0490136e-13,0.9999999,2.1818018e-08,1.0238214e-08,9.227187e-08,8.144881e-14,3.7107336e-15,2,35.473976,1.0,False,3.1553493e-06,Test
1134,0,-0.2920591,-2.4432173,1.7825845,0.6855816,-1.6790718,-1.3071122,-2.9208124,-3.194362,0.080157086,0.009326221,0.63818735,0.21307173,0.02002488,0.029047575,0.0057848077,0.0044003567,2,2.523767,0.9198429,False,1.5822728,Test
1135,0,-13.860498,-8.228651,12.428517,-1.6732861,1.2528586,0.37035426,-9.510964,-5.75076,3.826627e-12,1.0683078e-09,0.9999794,7.510269e-07,1.4010832e-05,5.796923e-06,2.9634337e-10,1.2730081e-08,2,26.289038,1.0,False,0.0003721502,Test
1136,0,-7.960161,-4.481045,3.4019425,-0.5378381,-0.34234834,0.6503867,-3.175592,-0.43659174,1.0288004e-05,0.0003336508,0.8847691,0.017210953,0.02092691,0.056473456,0.0012309571,0.019044766,2,11.484532,0.9999897,False,0.73278815,Test
1137,0,-18.684069,-11.764384,19.10238,0.38532606,-0.49144834,2.9765093,-12.493247,-17.352755,3.8864535e-17,3.933097e-14,0.9999999,7.4350948e-09,3.0939156e-09,9.92254e-08,1.8975515e-14,1.4714173e-16,2,37.78645,1.0,False,2.7686644e-06,Test
1138,0,-7.234355,-4.357001,2.9172323,-1.5018362,-0.20021392,0.92617744,-3.392226,0.042787485,3.1164767e-05,0.0005537109,0.7988078,0.009621999,0.035363287,0.10907826,0.0014530461,0.045090683,2,10.376223,0.9999688,False,1.0642788,Test
1139,0,-23.816442,-15.287672,25.632936,0.27365252,0.21709643,1.4324979,-17.212841,-20.575224,3.3450883e-22,1.6920201e-18,1.0,9.696235e-12,9.163067e-12,3.0894606e-11,2.4678254e-19,8.5516694e-21,2,49.44938,1.0,False,1.7693785e-09,Test
1140,0,-20.330606,-12.989522,20.43954,0.37741342,-0.27234963,4.2658057,-14.120739,-19.702372,1.9667497e-18,3.0334918e-15,0.9999999,1.9369948e-09,1.0114395e-09,9.458804e-08,9.78726e-16,3.686278e-18,2,40.77015,1.0,False,2.4653643e-06,Test
1141,1,-18.086674,-11.801835,16.62894,-0.6618666,1.3665549,4.904153,-13.228271,-15.246872,8.379086e-16,4.4943595e-13,0.99999166,3.0952375e-08,2.3530255e-07,8.090694e-06,1.0793789e-13,1.4338604e-14,2,28.430782,1.0,False,0.00015484856,Test
1142,0,-25.036577,-16.142845,26.383924,0.30542442,0.03487018,4.0301557,-18.016039,-23.771784,4.6597203e-23,3.3951406e-19,1.0,4.7233597e-12,3.6037204e-12,1.9583096e-10,5.21604e-20,1.6506411e-22,2,51.4205,1.0,False,6.6301835e-09,Test
1143,1,-23.24028,-15.160313,24.204771,1.1147207,-0.7678798,3.632788,-15.974736,-22.612698,2.48242e-21,8.016083e-18,1.0,9.378186e-11,1.4273013e-11,1.1633252e-09,3.550269e-18,4.6497817e-21,2,39.36508,1.0,False,3.8164725e-08,Test
1144,0,-22.424303,-14.417928,23.77489,0.9819656,-0.9879953,2.2928417,-15.154176,-20.945267,8.628676e-21,2.5886303e-17,1.0,1.2622882e-10,1.7604158e-11,4.682354e-10,1.2397142e-17,3.7868868e-20,2,46.199196,1.0,False,1.9291303e-08,Test
1145,0,-18.061565,-11.26468,18.86734,-0.021866588,-0.14496502,1.9536909,-12.373243,-15.558274,9.1617856e-17,8.200312e-14,1.0,6.2592473e-09,5.5342806e-09,4.513316e-08,2.706369e-14,1.1198144e-15,2,36.928905,1.0,False,1.4236824e-06,Test
1146,0,-27.416222,-17.662184,29.200848,0.32159877,0.34224153,3.8474953,-20.331583,-25.201012,2.5794033e-25,4.442679e-21,1.0,2.8701282e-13,2.9299924e-13,9.7539225e-12,3.0784907e-22,2.363593e-24,2,56.61707,1.0,False,3.8092757e-10,Test
1147,0,-8.676839,-5.4819956,5.3731728,-1.0159154,0.48551032,2.9130344,-5.6002655,-5.7932944,7.225451e-07,1.763469e-05,0.91349775,0.0015344818,0.0068868822,0.07803384,1.5667647e-05,1.2917313e-05,2,14.140486,0.9999993,False,0.47094,Test
1148,0,-20.78991,-13.957484,22.467163,0.67356807,-0.43201968,1.156085,-15.089484,-18.343275,1.6356566e-19,1.5169675e-16,1.0,3.4289585e-10,1.1350397e-10,5.555419e-10,4.8905184e-17,1.8890832e-18,2,43.257072,1.0,False,3.1611304e-08,Test
1149,1,-18.914463,-12.18919,20.038847,-0.3508036,0.3644591,1.6785436,-14.195849,-14.889958,1.210022e-17,1.0081897e-14,1.0,1.3960062e-09,2.8544491e-09,1.0622368e-08,1.3553788e-15,6.770366e-16,2,32.228035,1.0,False,4.0345526e-07,Test
1150,0,-23.016932,-15.012213,23.188713,-0.57673705,0.97421956,3.990863,-16.567858,-20.142654,8.573227e-21,2.5677213e-17,1.0,4.773055e-11,2.250963e-10,4.5970583e-09,5.4192787e-18,1.5185398e-19,2,46.205643,1.0,False,1.3617364e-07,Test
1151,1,-11.844286,-7.0637136,10.9063225,-0.13775219,-0.3538799,2.6626747,-7.5667386,-11.040856,1.3164657e-10,1.5688665e-08,0.99970824,1.5976897e-05,1.287151e-05,0.00026284676,9.486915e-09,2.939917e-10,2,17.970327,1.0,False,0.004011293,Test
1152,0,-20.145441,-13.565135,21.530264,0.18285975,-0.13891713,1.1079606,-14.659236,-16.588034,7.9519075e-19,5.7314214e-16,1.0,5.357227e-10,3.883237e-10,1.3511576e-09,1.919112e-16,2.788905e-17,2,41.675705,1.0,False,6.844827e-08,Test
1153,0,-13.71889,-8.654676,12.93365,0.27818796,0.057930674,2.8604708,-9.318034,-11.727451,2.6602843e-12,4.2100626e-10,0.9999521,3.1899344e-06,2.5593251e-06,4.2194224e-05,2.1686802e-10,1.9489403e-11,2,26.652588,1.0,False,0.0007881313,Test
1154,0,-13.363679,-8.415445,13.686245,-0.6165568,0.36041588,1.5340911,-9.769874,-10.278213,1.7879874e-12,2.5197336e-10,0.9999925,6.1428335e-07,1.6317834e-06,5.276954e-06,6.503295e-11,3.911692e-11,2,27.04993,1.0,False,0.00014740806,Test
1155,0,-10.045825,-5.719279,6.933254,-0.6740606,0.010451991,0.67062634,-5.5478764,-3.112224,4.212978e-08,3.1884833e-06,0.9965732,0.00049510197,0.0009816904,0.001899698,3.7846269e-06,4.3232823e-05,2,16.982512,0.99999994,False,0.03810835,Test
1156,0,-10.091662,-5.925873,9.290166,-1.9173506,1.177945,0.43930182,-7.6489286,-3.4319265,3.8227794e-09,2.4635347e-07,0.9995403,1.3565559e-05,0.0002997144,0.000143192,4.3978968e-08,2.9830853e-06,2,19.382288,1.0,False,0.0062803007,Test
1157,0,-9.3663435,-5.2989516,9.439756,-3.2022004,1.65331,-1.4074992,-8.021832,0.013147073,6.798134e-09,3.9704062e-07,0.9994814,3.2317878e-06,0.0004151107,1.9447842e-05,2.6079702e-08,8.051011e-05,2,18.806618,1.0,False,0.006879195,Test
1158,0,-12.424057,-7.8264184,12.677997,-0.37002102,0.20458302,0.7864994,-9.148563,-8.667641,1.2540378e-11,1.244629e-09,0.9999871,2.1543308e-06,3.827012e-06,6.8482973e-06,3.3177178e-10,5.366628e-10,2,25.102068,1.0,False,0.00024546272,Test
1159,0,-13.929802,-8.676811,13.374996,0.6905488,-0.50878924,2.6004262,-8.915732,-12.94134,1.3856896e-12,2.6485664e-10,0.99997497,3.0988722e-06,9.339805e-07,2.092438e-05,2.085683e-10,3.723479e-12,2,27.304823,1.0,False,0.0004367199,Test
1160,1,-6.990058,-5.4795837,8.64797,-0.419807,-0.39184827,0.092047036,-6.9834332,-6.3697753,1.6154927e-07,7.3163693e-07,0.9995726,0.00011527325,0.00011854163,0.0001923198,1.6262312e-07,3.0039322e-07,2,14.127981,0.9999993,False,0.0060735894,Test
1161,0,-10.121497,-6.8363695,10.364921,-0.35554543,-0.1487625,0.77954584,-7.880507,-7.0820427,1.267099e-09,3.3847247e-08,0.999882,2.2085624e-05,2.715902e-05,6.8718444e-05,1.1914066e-08,2.6474542e-08,2,20.486536,1.0,False,0.0018761272,Test
1162,0,-14.308761,-8.989839,14.098512,0.6767629,-0.6453781,2.624432,-9.415352,-13.473941,4.6012207e-13,9.394022e-11,0.9999877,1.4825287e-06,3.9518883e-07,1.039598e-05,6.1383815e-11,1.0603046e-12,2,28.407284,1.0,False,0.00022692342,Test
1163,0,-7.0063677,-4.339383,2.177258,-0.61857843,-0.56723136,2.1211195,-2.6709194,-2.2001243,4.9078073e-05,0.00070655247,0.47784352,0.02917893,0.030716313,0.45175716,0.0037475633,0.0060008494,2,9.922098,0.99995095,False,1.4126942,Test
1164,0,-15.956891,-10.033229,16.556108,0.7106163,-0.63869387,1.8079145,-10.798135,-14.82895,7.581988e-15,2.833986e-12,0.9999995,1.3133786e-07,3.407153e-08,3.9349626e-07,1.3188714e-12,2.3422955e-14,2,32.513,1.0,False,1.3080171e-05,Test
1165,0,-7.835965,-4.3067656,5.7221246,-0.45405313,-0.52344096,-0.6551603,-3.7631736,-1.4348089,1.2850842e-06,4.381709e-05,0.9934256,0.0020646933,0.0019262859,0.0016885567,7.546102e-05,0.00077431684,2,13.564687,0.9999987,False,0.07049228,Test
1166,0,-18.016033,-11.667966,18.635637,0.046900995,0.17152974,2.659649,-13.314772,-15.779942,1.2088736e-16,6.907357e-14,0.9999999,8.453074e-09,9.575026e-09,1.1527001e-07,1.3308026e-14,1.1311056e-15,2,36.651672,1.0,False,3.3105387e-06,Test
1167,0,-12.810683,-8.155555,12.300139,-2.0911582,1.1635062,2.0620933,-9.935051,-8.379238,1.243043e-11,1.3067207e-09,0.9999491,5.622337e-07,1.45679915e-05,3.5780857e-05,2.2047379e-10,1.0448115e-09,2,25.110874,1.0,False,0.0008477462,Test
1168,0,-7.6921234,-6.355437,9.428987,-0.48097536,-0.03760461,0.730363,-8.04008,-7.305441,3.6666467e-08,1.3956742e-07,0.99970585,4.9662725e-05,7.737204e-05,0.00016676617,2.5891248e-08,5.39762e-08,2,17.121403,0.99999994,False,0.004289855,Test
1169,0,-13.574532,-8.41927,12.849504,-1.1879063,0.61884606,1.3013864,-9.378206,-7.881337,3.343338e-12,5.7953825e-10,0.9999846,8.0098295e-07,4.8784946e-06,9.654042e-06,2.2213716e-10,9.924367e-10,2,26.424051,1.0,False,0.00028529784,Test
1170,0,-23.116896,-14.891296,24.055058,0.37336746,0.008229133,3.7758646,-16.416885,-21.491432,3.2619841e-21,1.218466e-17,1.0,5.190063e-11,3.6024236e-11,1.5590427e-09,2.6500772e-18,1.6573371e-20,2,47.17195,1.0,False,4.8635407e-08,Test
1171,0,-21.406305,-13.667852,22.490208,0.36406606,-0.025633711,2.4757183,-15.061607,-19.084799,8.6295036e-20,1.9804088e-16,1.0,2.4588862e-10,1.6653084e-10,2.0315025e-09,4.9142125e-17,8.794374e-19,2,43.896515,1.0,False,7.191784e-08,Test
1172,0,-19.811945,-12.911981,20.714125,0.10502838,0.11927132,2.3516357,-14.420099,-16.976788,2.5104501e-18,2.4909649e-15,1.0,1.1209419e-09,1.1370229e-09,1.0599175e-08,5.5131575e-16,4.276078e-17,2,40.52607,1.0,False,3.4789977e-07,Test
1173,0,-11.375312,-7.2997084,10.739157,0.57083905,-0.51889884,1.7710658,-7.6441703,-9.909389,2.487317e-10,1.4646817e-08,0.99982136,3.8359954e-05,1.2900631e-05,0.00012738843,1.0378742e-08,1.0773915e-09,2,22.114647,1.0,False,0.0026788786,Test
1174,0,-6.1374474,-3.8819895,1.6301614,-0.9326198,-0.32747605,1.6087879,-2.8099818,-0.92137474,0.00018470503,0.0017620233,0.43642366,0.033643913,0.061619356,0.42719474,0.00514729,0.03402438,2,8.59675,0.9998153,False,1.6820947,Test
1175,0,-16.042288,-10.569489,17.218233,-0.0324232,-0.064440355,1.5265168,-12.167685,-13.428952,3.59037e-15,8.549599e-13,0.99999976,3.222071e-08,3.120545e-08,1.5317015e-07,1.7292508e-13,4.8988713e-14,2,33.26052,1.0,False,5.3914864e-06,Test
1176,0,-11.09351,-7.125603,11.151254,0.036582142,-0.35450482,1.8576969,-7.6626554,-10.009635,2.1835928e-10,1.1545451e-08,0.99988306,1.4890477e-05,1.0070751e-05,9.2004404e-05,6.747954e-09,6.454937e-10,2,22.244879,1.0,False,0.0018087504,Test
1177,0,-19.72858,-12.822417,20.024303,0.04686456,0.0018882789,3.4780152,-13.7133255,-18.35827,5.439285e-18,5.430627e-15,0.9999999,2.1081858e-09,2.0154662e-09,6.516863e-08,2.2280958e-15,2.1412086e-17,2,39.752884,1.0,False,1.7606283e-06,Test
1178,1,-13.182634,-8.386984,11.554512,-1.1842455,0.7512162,3.8073237,-9.638521,-11.114481,1.8054943e-11,2.1843423e-09,0.9995449,2.9337991e-06,2.0323123e-05,0.00043175867,6.2486316e-10,1.4281827e-10,2,19.941952,1.0,False,0.0058530592,Test
1179,0,-17.994534,-11.323142,18.875341,0.47946677,-0.70626444,1.8515743,-11.81606,-16.554243,9.71891e-17,7.6730086e-14,1.0,1.025117e-08,3.131963e-09,4.0427018e-08,4.686982e-14,4.1032404e-16,2,36.869873,1.0,False,1.3534385e-06,Test
1180,0,-16.0414,-10.497937,15.931871,0.4925073,-0.22464113,2.3496728,-10.940396,-14.24009,1.3007193e-14,3.3241365e-12,0.99999845,1.971372e-07,9.6230956e-08,1.2627728e-06,2.135607e-12,7.879205e-14,2,31.973274,1.0,False,3.361412e-05,Test
1181,0,-11.682075,-7.775406,10.675531,-0.2663067,0.057269957,3.8230715,-8.498031,-11.324401,1.948671e-10,9.691315e-09,0.9989022,1.7682474e-05,2.443828e-05,0.0010556926,4.704909e-09,2.786597e-10,2,22.358704,1.0,False,0.012675148,Test
1182,1,-13.732136,-8.805149,12.833116,0.588414,-0.4583598,3.4050107,-9.143503,-13.285858,2.9028234e-12,4.0048267e-10,0.9999131,4.8101215e-06,1.688682e-06,8.042453e-05,2.855207e-10,4.5356184e-12,2,21.638351,1.0,False,0.0013366814,Test
1183,0,-24.687378,-15.764985,26.244177,0.3717389,-0.008615542,2.7729926,-17.569365,-22.219496,7.5981164e-23,5.6970803e-19,1.0,5.804205e-12,3.9678673e-12,6.4061104e-11,9.376068e-20,8.963846e-22,2,50.931557,1.0,False,2.5361517e-09,Test
1184,0,-3.975485,-4.637838,5.531245,1.4365416,-2.052641,-0.07047786,-4.6286263,-7.8592987,7.281955e-05,3.754844e-05,0.97941875,0.016317785,0.0004981137,0.0036155214,3.7895883e-05,1.4980595e-06,2,9.527526,0.99992716,False,0.16320114,Test
1185,0,-9.873037,-5.925035,8.201252,-1.181112,0.8997161,0.98098236,-6.8390703,-4.047405,1.4118437e-08,7.3178256e-07,0.9985061,8.4070125e-05,0.00067349424,0.0007305122,2.933741e-07,4.784389e-06,2,18.075785,1.0,False,0.01810497,Test
1186,0,-9.771061,-5.6152186,9.842645,-2.1211822,1.2022835,-0.42841572,-7.827873,-2.8989992,3.0323573e-09,1.9348154e-07,0.99977916,6.3691277e-06,0.00017678404,3.461301e-05,2.1168791e-08,2.9260277e-06,2,19.613926,1.0,False,0.0032040451,Test
1187,0,-18.647108,-12.114352,19.116625,-0.088340886,0.23406191,3.170908,-13.451469,-16.530336,3.9757506e-17,2.7324949e-14,0.9999999,4.5644595e-09,6.300967e-09,1.18812764e-07,7.175582e-15,3.301577e-16,2,37.763733,1.0,False,3.2033654e-06,Test
1188,0,-14.052101,-8.941227,14.476737,-0.65213305,0.5403513,1.4611712,-10.773186,-10.095582,4.074564e-13,6.7562476e-11,0.99999666,2.6891422e-07,8.8614127e-07,2.2254103e-06,1.081673e-11,2.1299823e-11,2,28.528843,1.0,False,7.04647e-05,Test
1189,0,-14.473677,-9.7722025,13.766676,0.09701615,0.031138591,4.65902,-10.698561,-14.768347,5.436528e-13,5.9861206e-11,0.999887,1.156893e-06,1.0831354e-06,0.000110801586,2.3704656e-11,4.0490023e-13,2,28.240465,1.0,False,0.0016632158,Test
1190,0,-19.47879,-12.47578,20.95538,-0.91725445,0.66496265,1.2014419,-14.9219675,-14.71098,2.7520936e-18,3.0271344e-15,1.0,3.168366e-10,1.5416436e-09,2.6361753e-09,2.6222046e-16,3.2381514e-16,2,40.43417,1.0,False,1.3025459e-07,Test
1191,0,-15.727572,-10.100409,16.336716,0.53449655,-0.62693745,1.9165403,-10.98031,-14.236909,1.1875609e-14,3.299913e-12,0.9999993,1.3714596e-07,4.293174e-08,5.46257e-07,1.3688819e-12,5.2728285e-14,2,32.06429,1.0,False,1.6573673e-05,Test
1192,0,-19.793085,-13.073292,21.50089,0.17254722,-0.2686986,1.3387034,-14.351684,-17.20963,1.1648075e-18,9.652152e-16,1.0,5.4603155e-10,3.5122696e-10,1.7525612e-09,2.687975e-16,1.5425373e-17,2,41.293976,1.0,False,7.8810864e-08,Test
1193,1,-17.758102,-11.674787,18.723747,-0.22205862,0.26954398,2.516475,-13.361836,-15.82186,1.4326297e-16,6.281811e-14,0.9999999,5.914809e-09,9.6703365e-09,9.146845e-08,1.1625414e-14,9.93191e-16,2,30.398533,1.0,False,2.7298456e-06,Test
1194,0,-20.189041,-12.933167,20.954418,0.33208808,-0.10666573,2.6662588,-14.175644,-17.977606,1.3540124e-18,1.9178249e-15,1.0,1.106206e-09,7.1332446e-10,1.1417045e-08,5.53615e-16,1.2360545e-17,2,41.14346,1.0,False,3.558158e-07,Test
1195,1,-2.944724,-2.7437456,3.578021,-0.052921064,-1.0024987,-0.9696249,-3.3595176,-2.2136679,0.0013935118,0.001703705,0.94820637,0.025119139,0.009718706,0.010043505,0.00092038204,0.0028947052,2,6.37495,0.9982963,False,0.40047866,Test
1196,0,-23.026707,-14.994027,24.672802,-0.4731079,0.53619474,2.1136284,-16.978922,-19.206167,1.9247158e-21,5.9280986e-18,1.0,1.2002451e-11,3.293095e-11,1.5946867e-10,8.1448923e-19,8.782267e-20,2,47.69951,1.0,False,6.7722064e-09,Test
1197,1,-10.045017,-6.1305265,7.89517,-1.3736005,0.43716776,0.69167906,-6.200251,-3.2073236,1.6145602e-08,8.092747e-07,0.9985703,9.4189585e-05,0.00057598256,0.0007429202,7.547709e-07,1.5053139e-05,2,14.027127,0.99999917,False,0.017514933,Test
1198,0,-17.62512,-11.196526,18.610857,0.48688024,-0.75529,2.4696608,-12.072455,-16.993103,1.8319558e-16,1.1345357e-13,0.9999999,1.3454156e-08,3.884987e-09,9.771631e-08,4.7250574e-14,3.4466517e-16,2,36.235977,1.0,False,2.9078276e-06,Test
1199,0,-8.839828,-5.4905214,6.854033,-1.5439962,0.8140668,1.8005127,-6.17225,-3.9703748,1.5147566e-07,4.3144755e-06,0.9910603,0.0002232967,0.0023603484,0.006329715,2.1820122e-06,1.972966e-05,2,15.702841,0.9999998,False,0.08280568,Test
1200,0,-17.270424,-11.280918,18.390118,0.062573135,-0.24698882,2.4352224,-12.215053,-16.34959,3.2570436e-16,1.300268e-13,0.9999999,1.09761045e-08,8.053926e-09,1.17727275e-07,5.1090832e-14,8.179683e-16,2,35.66054,1.0,False,3.3886138e-06,Test
1201,0,-10.573692,-7.054909,10.459992,-0.047591962,-0.26321465,2.1228752,-7.839779,-10.036138,7.329288e-10,2.473143e-08,0.9997112,2.7320495e-05,2.202139e-05,0.00023939252,1.1281979e-08,1.254638e-09,2,21.033972,1.0,False,0.004051814,Test
1202,0,-8.088237,-5.102195,4.635841,-0.7988086,0.081707686,2.7149577,-4.5219765,-4.454256,2.5640734e-06,5.0786937e-05,0.86084896,0.0037556808,0.009059244,0.12609504,9.072714e-05,9.7084034e-05,2,12.873914,0.99999744,False,0.657809,Test
1203,0,-11.133716,-6.6591854,9.775445,-1.3305146,0.5957845,1.2637024,-7.2293453,-5.6308713,8.3009577e-10,7.2843626e-08,0.99968064,1.5017727e-05,0.00010308257,0.00020102887,4.1188336e-08,2.036962e-07,2,20.90948,1.0,False,0.0045426716,Test
1204,1,-8.027184,-4.8415313,4.4989133,-0.6486866,-0.2211804,1.9028206,-3.9823196,-3.4396336,3.3310405e-06,8.05547e-05,0.9174754,0.005333598,0.00817869,0.06841096,0.00019021374,0.00032728584,2,9.426574,0.9999195,False,0.48300806,Test
1205,0,-7.8666315,-5.138548,5.129425,-0.5288129,0.17566898,2.7648468,-4.7958856,-5.3013935,2.0542805e-06,3.1437747e-05,0.9052643,0.0031581582,0.0063883187,0.085084826,4.4286156e-05,2.6713356e-05,2,13.095585,0.999998,False,0.5068211,Test
1206,0,-5.766197,-4.2304397,3.7045426,-0.21109343,-0.6078017,2.5100298,-3.867093,-5.7247753,5.7638146e-05,0.00026772,0.7478248,0.014902554,0.010022416,0.22647983,0.0003850173,6.0075763e-05,2,9.761326,0.99994236,False,0.96493876,Test
1207,0,-8.435813,-4.6120577,3.0661323,-0.04572294,-0.9746688,-0.80503976,-2.7424712,1.8641776,7.2893204e-06,0.00033367437,0.7209721,0.03209644,0.0126771275,0.015020689,0.002164084,0.21672858,2,11.829101,0.9999927,False,1.1716441,Test
1208,0,-20.413815,-13.275422,22.161308,-0.38174132,0.3009865,1.3766711,-15.2591915,-16.663958,3.2348868e-19,4.0740276e-16,1.0,1.6206092e-10,3.207622e-10,9.404737e-10,5.6038e-17,1.3753147e-17,2,42.575123,1.0,False,4.3587757e-08,Test
1209,0,-15.939493,-10.132088,15.933555,-0.66676694,0.8502562,2.3345551,-11.694999,-12.272498,1.4378413e-14,4.784475e-12,0.99999845,6.1740714e-08,2.8145305e-07,1.2417355e-06,1.0024693e-12,5.626862e-13,2,31.873049,1.0,False,3.420112e-05,Test
1210,1,-7.5017586,-4.3417416,7.3997045,-1.6240172,0.35410795,-1.1368759,-5.8428116,-1.0572218,3.3710484e-07,7.945897e-06,0.9985916,0.00012034703,0.0008700098,0.0001958837,1.771073e-06,0.00021212481,2,11.742855,0.9999921,False,0.017619606,Test
1211,0,-22.283607,-14.039365,24.0782,0.55954206,-0.9660769,1.6913961,-14.821816,-20.442938,7.3336856e-21,2.7909484e-17,1.0,6.109093e-11,1.328644e-11,1.8946768e-10,1.2762547e-17,4.620785e-20,2,46.36181,1.0,False,8.672188e-09,Test
1212,0,-13.371397,-8.39536,12.320981,0.25968003,0.06968768,3.3662503,-9.089871,-11.833549,6.9483373e-12,1.0068082e-09,0.9998603,5.7780694e-06,4.778266e-06,0.00012910677,5.027178e-10,3.234152e-11,2,25.692518,1.0,False,0.0020544608,Test
1213,0,-10.036284,-6.2679157,8.303677,-0.731636,0.7662295,2.847872,-6.9356375,-7.194656,1.0787541e-08,4.672019e-07,0.99509996,0.000118544194,0.00053014554,0.0042505073,2.396165e-07,1.8493803e-07,2,18.344873,1.0,False,0.0478725,Test
1214,0,-12.448105,-7.4947486,11.646134,-1.0401378,0.46506587,1.5672723,-8.254765,-8.227181,3.4354186e-11,4.866253e-09,0.999941,3.0931187e-06,1.3934714e-05,4.1954652e-05,2.275748e-09,2.3393918e-09,2,24.094297,1.0,False,0.0009768435,Test
1215,0,-10.097483,-6.0233016,10.240918,-2.3288734,1.1521506,-1.0197854,-8.192791,-2.1563191,1.4692185e-09,8.639356e-08,0.9998666,3.4749683e-06,0.00011291205,1.2867094e-05,9.869254e-09,4.12943e-06,2,20.338535,1.0,False,0.002021242,Test
1216,0,1.2389797,-3.8361728,0.17129101,3.1832018,-3.0998013,-0.59175575,-3.2679124,-7.17093,0.11733166,0.0007333383,0.04033889,0.81993634,0.0015314636,0.01880775,0.0012944845,2.6123891e-05,3,2.1427507,0.8826683,False,0.92698073,Test
1217,0,-8.183684,-4.831735,5.6109505,-1.7027326,0.5943727,0.644865,-5.2168765,-1.2025073,1.0055962e-06,2.871815e-05,0.98482126,0.0006562438,0.006526576,0.0068645794,1.9538522e-05,0.0010822072,2,13.80993,0.999999,False,0.13680334,Test
1218,0,-7.7628126,-4.898785,5.214281,0.311883,-0.9555289,1.1330167,-3.8778543,-5.2285905,2.2527988e-06,3.9496077e-05,0.97409785,0.007236326,0.002037456,0.016448714,0.00010963225,2.8400194e-05,2,13.003337,0.99999774,False,0.20651211,Test
1219,0,-11.593423,-7.6606793,12.271251,-0.18809843,-0.22777455,1.3712023,-8.663495,-10.238049,4.3220785e-11,2.2062832e-09,0.999974,3.881167e-06,3.7301902e-06,1.8456863e-05,8.0936446e-10,1.6761922e-10,2,23.8647,1.0,False,0.00046502982,Test
1220,0,-19.403368,-11.998373,20.51296,0.402448,-0.49850363,1.9713231,-13.16286,-17.513498,4.6191155e-18,7.594641e-15,1.0,1.8455071e-09,7.4961365e-10,8.860724e-09,2.370159e-15,3.0571646e-17,2,39.91633,1.0,False,3.1329168e-07,Test
1221,0,-8.188894,-5.1928754,4.7764635,-0.60878575,0.116858944,3.140055,-4.642318,-5.5153465,1.935654e-06,3.8724156e-05,0.827201,0.0037916398,0.007833765,0.1610378,6.715623e-05,2.8050123e-05,2,13.155066,0.9999981,False,0.73791647,Test
1222,0,-11.742149,-7.3086257,10.495205,-0.02528614,0.012557838,2.4338672,-7.4661403,-9.332941,2.1992716e-10,1.8523945e-08,0.9996296,2.696796e-05,2.8008084e-05,0.0003153877,1.5824346e-08,2.4467226e-09,2,22.237724,1.0,False,0.0050362768,Test
1223,1,-9.869539,-5.804345,7.7664857,-0.19529933,-0.093667045,1.7551502,-5.5927634,-6.385629,2.1846871e-08,1.2731518e-06,0.9968214,0.00034742264,0.00038458858,0.0024430233,1.5731466e-06,7.119213e-07,2,13.574015,0.99999875,False,0.034202367,Test
1224,0,-11.26394,-6.7786293,8.991354,-1.5102495,0.8827842,1.5488365,-7.6759543,-5.388135,1.5952915e-09,1.4150964e-07,0.9990858,2.7467206e-05,0.00030067377,0.00058527314,5.768761e-08,5.6842094e-07,2,20.25621,1.0,False,0.0115536265,Test
1225,0,-23.953749,-15.665917,25.064566,0.46040016,-0.17187817,3.692073,-17.026548,-22.490574,5.147739e-22,2.0463294e-18,1.0,2.0632244e-11,1.0963556e-11,5.2244997e-10,5.248817e-19,2.2236485e-21,2,49.018314,1.0,False,1.7240751e-08,Test
1226,0,-14.9473295,-9.732736,14.255221,0.79889834,-1.2583786,2.5116465,-8.961909,-14.238356,2.0772515e-13,3.8208367e-11,0.99999034,1.432152e-06,1.8303106e-07,7.9401e-06,8.258936e-11,4.2207825e-13,2,29.20256,1.0,False,0.00018018653,Test
1227,0,-17.71925,-11.257234,19.131655,0.8895077,-1.3864609,0.7015342,-11.439439,-16.738699,9.9050054e-17,6.342684e-14,1.0,1.19546275e-08,1.227709e-09,9.906047e-09,5.286185e-14,2.6406043e-16,2,36.850906,1.0,False,6.1435946e-07,Test
1228,0,-16.256231,-10.035351,16.865324,-0.76374704,0.12836617,0.48730674,-11.229795,-10.9771185,4.125639e-15,2.0757992e-12,0.9999999,2.2069477e-08,5.3855693e-08,7.711118e-08,6.287017e-13,8.094336e-13,2,33.121555,1.0,False,3.85586e-06,Test
1229,1,-10.778383,-7.106529,7.7337303,-0.0017063525,-0.02346791,5.0146513,-6.827347,-10.639985,8.55476e-09,3.364138e-07,0.937382,0.00040969366,0.00040087427,0.06180671,4.4475533e-07,9.824576e-09,2,14.904924,0.99999964,False,0.3448221,Test
1230,0,-22.38354,-14.152659,23.893301,0.4292953,-0.5366872,2.4886608,-15.398636,-20.819227,7.984057e-21,2.998125e-17,1.0,6.452255e-11,2.4557868e-11,5.059212e-10,8.624379e-18,3.815889e-20,2,46.27684,1.0,False,1.8672756e-08,Test
1231,0,-20.860542,-13.364192,21.188524,0.22450519,0.012314774,2.894634,-14.450344,-18.027987,5.4742327e-19,9.861578e-16,1.0,7.86035e-10,6.357534e-10,1.1351794e-08,3.3283985e-16,9.30006e-18,2,42.049065,1.0,False,3.4279853e-07,Test
1232,0,-9.910988,-5.569523,9.754639,-3.145346,1.1189456,-2.1934888,-7.821566,1.1028388,2.878524e-09,2.2112822e-07,0.99963844,2.4971864e-06,0.00017758623,6.468998e-06,2.325918e-08,0.00017474867,2,19.665989,1.0,False,0.005078947,Test
1233,1,-13.603831,-8.579036,14.244182,-0.5465265,0.055749286,0.7774322,-9.889198,-10.309782,8.0493457e-13,1.2246205e-10,0.9999975,3.7711675e-07,6.8871714e-07,1.4173074e-06,3.3037316e-11,2.169444e-11,2,22.82322,1.0,False,5.3212516e-05,Test
1234,0,-16.132513,-10.528386,15.289088,0.0743223,0.340107,3.4714093,-11.1768875,-13.376406,2.2582339e-14,6.132109e-12,0.999992,2.467788e-07,3.219115e-07,7.372996e-06,3.2060396e-12,3.5541118e-13,2,31.421608,1.0,False,0.0001495012,Test
1235,0,-11.003332,-6.8897967,9.488131,0.6560524,-0.51693964,2.7930818,-6.5489764,-9.84829,1.259073e-09,7.70081e-08,0.99857366,0.00014576639,4.5105917e-05,0.0012352571,1.0828114e-07,3.9964902e-09,2,20.49289,1.0,False,0.016503382,Test
1236,0,-24.912188,-16.063051,26.535149,0.3383561,-0.07799123,3.20841,-17.969896,-22.927696,4.5363506e-23,3.161096e-19,1.0,4.1964062e-12,2.7673246e-12,7.401611e-11,4.6957547e-20,3.3003456e-22,2,51.447334,1.0,False,2.755741e-09,Test
1237,0,-21.435276,-13.562201,22.600784,0.47154105,-0.25480148,3.160643,-15.035301,-20.175682,7.505541e-20,1.9706723e-16,1.0,2.451272e-10,1.18562e-10,3.6078938e-09,4.5170586e-17,2.6449454e-19,2,44.03606,1.0,False,1.12923e-07,Test
1238,0,-18.127756,-11.841752,18.202682,0.13349351,0.31361848,2.9619431,-12.997537,-15.126622,1.6668315e-16,8.9509305e-14,0.99999976,1.4211856e-08,1.7016795e-08,2.4045326e-07,2.8178462e-14,3.3517157e-15,2,36.330437,1.0,False,6.4406513e-06,Test
1239,0,-7.501177,-4.503189,4.2544403,-0.65658826,-0.044156145,1.1821275,-4.085806,-2.036341,7.335167e-06,0.00014703459,0.9349958,0.00688616,0.012704365,0.043303315,0.00022319617,0.0017328388,2,11.82283,0.99999267,False,0.4368769,Test
1240,0,-14.293798,-9.02535,13.91227,0.5208353,-0.29622072,3.043235,-9.643252,-13.474554,5.626665e-13,1.09221895e-10,0.99997866,1.5281449e-06,6.75028e-07,1.9038333e-05,5.887855e-11,1.2765691e-12,2,28.206089,1.0,False,0.00037259987,Test
1241,1,-11.770299,-8.759395,14.253811,-1.0096064,0.34680304,0.07630767,-11.0016365,-9.385853,4.987378e-12,1.0127228e-10,0.9999981,2.3506138e-07,9.1256175e-07,6.962859e-07,1.07571625e-11,5.412821e-11,2,23.013208,1.0,False,4.0398634e-05,Test
1242,1,-24.35879,-15.86962,25.765324,-0.1716784,0.61549807,1.7979001,-17.713348,-19.65854,1.7036227e-22,8.2827234e-19,1.0,5.4413054e-12,1.1955543e-11,3.9001368e-11,1.3105472e-19,1.873551e-20,2,41.634945,1.0,False,1.9859756e-09,Test
1243,0,-16.201715,-10.56395,16.19387,0.11396472,-0.21633683,1.9946134,-11.189625,-13.516074,8.5266055e-15,2.3945613e-12,0.99999905,1.03892674e-07,7.4668414e-08,6.813036e-07,1.2808512e-12,1.2506452e-13,2,32.395584,1.0,False,1.9424573e-05,Test
1244,0,-13.160639,-8.346983,12.07219,0.08714788,-0.087778345,2.823409,-8.657028,-11.181026,1.1002068e-11,1.3552471e-09,0.99989223,6.236133e-06,5.235354e-06,9.621849e-05,9.939588e-10,7.965442e-11,2,25.232937,1.0,False,0.0016389993,Test
1245,0,-6.8226585,-4.374861,6.8474536,-0.20521237,-0.23173691,1.0966772,-5.5206394,-6.133344,1.1508502e-06,1.3307113e-05,0.9951149,0.0008608733,0.0008383392,0.003164775,4.2313454e-06,2.2928962e-06,2,13.67501,0.99999887,False,0.050999682,Test
1246,0,-5.9820824,-3.475064,2.7692332,-1.3499904,-0.08369319,0.63067657,-3.0991547,-0.06472354,0.00012605132,0.0015464359,0.79651815,0.012949101,0.045939412,0.09384958,0.0022520968,0.04681919,2,8.978822,0.99987394,False,1.1098208,Test
1247,0,-19.924772,-12.802176,21.12653,-0.12147271,0.073885,1.7704366,-14.101957,-17.203934,1.484728e-18,1.840559e-15,1.0,5.9171085e-10,7.193704e-10,3.9242427e-09,5.017222e-16,2.2557515e-17,2,41.0513,1.0,False,1.49572e-07,Test
1248,0,-12.952952,-7.749141,12.535476,-0.19790506,0.34485188,0.79261816,-8.737379,-8.845709,8.521369e-12,1.5505868e-09,0.999984,2.9509092e-06,5.0777608e-06,7.945745e-06,5.7717836e-10,5.179204e-10,2,25.488443,1.0,False,0.0003012507,Test
1249,0,-13.929134,-8.858052,13.090767,-0.33487853,0.630203,3.2979448,-9.946524,-11.568375,1.8423806e-12,2.935775e-10,0.9999387,1.4766905e-06,3.876318e-06,5.5847646e-05,9.88565e-11,1.9527394e-11,2,27.019962,1.0,False,0.0009756338,Test
1250,0,-9.251532,-5.277043,9.210844,-1.6919152,0.8501804,-0.24129869,-7.3068957,-4.4483585,9.588435e-09,5.103245e-07,0.9996675,1.8401248e-05,0.00023381136,7.849503e-05,6.703353e-08,1.1687976e-06,2,18.462708,1.0,False,0.0046953396,Test
1251,0,-10.672918,-6.7204814,9.019489,-0.4779847,0.61298317,1.4168763,-7.109583,-6.091377,2.8012352e-09,1.4583807e-07,0.99920255,7.498132e-05,0.0002232308,0.00049874745,9.882947e-08,2.7358203e-07,2,19.693205,1.0,False,0.01036772,Test
1252,1,-10.078787,-5.9253736,8.778748,-2.050368,1.397353,0.28279582,-7.4094276,-2.8668585,6.455133e-09,4.1087515e-07,0.99914455,1.9797168e-05,0.00062219927,0.00020411899,9.31522e-08,8.749957e-06,2,14.704976,0.9999996,False,0.0108297225,Test
1253,0,-16.57728,-10.767663,16.094843,0.45855013,0.050840355,3.471591,-11.707301,-15.038688,6.466596e-15,2.1565518e-12,0.9999964,1.6189854e-07,1.07690326e-07,3.2945022e-06,8.4271576e-13,3.012162e-14,2,32.672127,1.0,False,7.130229e-05,Test
1254,0,-14.644645,-9.028485,15.043882,-1.0426149,0.66976315,1.0308743,-10.608324,-9.653148,1.2777216e-13,3.5115792e-11,0.99999845,1.0321003e-07,5.7200367e-07,8.207809e-07,7.234152e-12,1.8802512e-11,2,29.688528,1.0,False,3.3002463e-05,Test
1255,0,-17.440006,-10.983186,18.574324,-0.26093835,0.04966032,1.3919477,-12.206483,-14.546743,2.2865257e-16,1.4565867e-13,1.0,6.6061667e-09,9.012405e-09,3.4497575e-08,4.2861283e-14,4.1276547e-15,2,36.014328,1.0,False,1.2755397e-06,Test
1256,0,-10.265709,-6.1042686,8.692637,-0.93388474,0.1622012,0.92092556,-6.063615,-4.652754,5.837085e-09,3.7453054e-07,0.99931324,6.5910746e-05,0.00019723324,0.00042120166,3.900701e-07,1.5990862e-06,2,18.959034,1.0,False,0.009103587,Test
1257,0,-10.579758,-6.3287663,9.383874,-0.9141726,0.5588451,1.9606584,-7.175862,-6.8745804,2.1358337e-09,1.4988181e-07,0.9992223,3.3672666e-05,0.00014689295,0.00059676124,6.424806e-08,8.683715e-08,2,19.964409,1.0,False,0.009890861,Test
1258,0,-18.71165,-12.067205,19.022173,0.35948473,-0.16992836,2.9512665,-12.997902,-16.59574,4.0964502e-17,3.1481433e-14,0.9999999,7.85051e-09,4.623561e-09,1.048321e-07,1.2412491e-14,3.3988904e-16,2,37.733826,1.0,False,2.9419507e-06,Test
1259,0,-8.161282,-5.3531513,7.9425025,-0.36359432,0.0053267367,1.7560371,-6.4406953,-7.110452,1.01171885e-07,1.6773175e-06,0.9973431,0.00024634995,0.00035626482,0.0020516198,5.653289e-07,2.8935398e-07,2,16.106445,0.9999999,False,0.029233398,Test
1260,0,-12.37834,-7.8572383,11.643486,0.2824205,-0.348187,2.407751,-8.337078,-11.0882,3.693206e-11,3.3954142e-09,0.9998847,1.1638626e-05,6.1948717e-06,9.748127e-05,2.1013635e-09,1.341851e-10,2,24.02194,1.0,False,0.00176329,Test
1261,0,-22.688623,-14.808472,24.219893,0.57934785,-0.34081244,2.765395,-16.292099,-21.170717,4.245124e-21,1.1225249e-17,1.0,5.4080636e-11,2.154871e-11,4.8131543e-10,2.5460375e-18,1.9369064e-20,2,46.908516,1.0,False,1.7505847e-08,Test
1262,0,-20.814087,-13.476894,21.187548,0.49956903,-0.17567967,3.0597665,-14.417052,-18.594921,5.740143e-19,8.8190794e-16,1.0,1.035917e-09,5.2731247e-10,1.3403085e-08,3.444444e-16,5.280712e-18,2,42.001633,1.0,False,3.9769955e-07,Test
1263,1,-18.13843,-12.019683,18.547358,0.24747199,-0.008240715,2.7731283,-13.07019,-16.177143,1.1683286e-16,5.3076633e-14,0.9999999,1.12839444e-08,8.737871e-09,1.4103904e-07,1.8564076e-14,8.305009e-16,2,30.56704,1.0,False,3.9134907e-06,Test
1264,0,-10.807797,-6.946935,9.244119,0.73630995,-1.0678884,2.9893396,-6.197995,-10.993971,1.9526654e-09,9.276395e-08,0.9978479,0.00020145126,3.316016e-05,0.001917116,1.9617313e-07,1.6209638e-09,2,20.054071,1.0,False,0.023380315,Test
1265,0,-24.489101,-15.824756,25.993393,0.45828357,-0.19288017,3.6847782,-17.429264,-23.33622,1.1905051e-22,6.896177e-19,1.0,8.132859e-12,4.2407813e-12,2.048763e-10,1.3860525e-19,3.770695e-22,2,50.482494,1.0,False,7.053668e-09,Test
1266,0,-19.013428,-12.065356,19.877855,0.4322772,-0.39485684,2.7961087,-13.196084,-17.859875,1.2874525e-17,1.3404169e-14,1.0,3.5883347e-09,1.5691799e-09,3.8149736e-08,4.326834e-15,4.08048e-17,2,38.89128,1.0,False,1.0867151e-06,Test
1267,1,-15.963514,-10.055118,15.895018,0.18783255,-0.30680862,2.8737884,-10.566157,-14.536325,1.4588621e-14,5.370303e-12,0.9999975,1.508187e-07,9.1967685e-08,2.2128456e-06,3.221492e-12,6.0790335e-14,2,25.950136,1.0,False,5.0749073e-05,Test
1268,0,-8.990019,-5.8427057,9.045685,-0.2552177,0.030497128,1.5361886,-7.1644073,-7.4917097,1.4684628e-08,3.417619e-07,0.9992393,9.12723e-05,0.00012145725,0.00054744026,9.1141416e-08,6.570069e-08,2,18.036465,1.0,False,0.009844598,Test
1269,0,-8.314382,-4.225629,4.4143395,-1.0341243,-0.27241892,-1.3284624,-3.5857475,2.3609672,2.5880663e-06,0.00015441809,0.8729492,0.003756221,0.008045547,0.002798478,0.0002928164,0.112000674,2,12.864599,0.99999744,False,0.6402838,Test
1270,0,-1.4237962,-2.7055755,2.2442992,0.44424257,-1.3790643,-0.22199158,-3.029338,-4.753802,0.019402867,0.005385129,0.76015025,0.12564488,0.020290496,0.06453615,0.003895723,0.0006944847,2,3.9423344,0.98059714,False,1.235414,Test
1271,1,-10.1246395,-5.8784146,10.106755,-3.0497658,1.1893959,-1.8464937,-8.192051,-0.10703801,1.6350789e-09,1.1419601e-07,0.9998209,1.9324923e-06,0.00013401773,6.437128e-06,1.1294111e-08,3.665459e-05,2,15.98535,0.9999999,False,0.0026733563,Test
1272,1,-13.265051,-8.648708,13.327991,0.2849983,-0.27919197,2.7766504,-9.446281,-12.784861,2.8234262e-12,2.855142e-10,0.99997044,2.1651472e-06,1.2315808e-06,2.615763e-05,1.2860152e-10,4.5637352e-12,2,21.976728,1.0,False,0.0005057658,Test
1273,0,-7.4058475,-3.8129036,4.795451,-1.272589,-0.18597825,-1.9243623,-3.996011,2.252349,4.6118644e-06,0.00016759934,0.91797996,0.0021257733,0.0063012373,0.0011077847,0.0001395564,0.07217353,2,12.286879,0.9999954,False,0.46683142,Test
1274,1,-7.8304605,-5.011917,7.6782827,-0.23136377,-0.25902924,1.2110115,-5.7838864,-6.563654,1.8350501e-07,3.074155e-06,0.99772197,0.0003663479,0.00035635158,0.0015499201,1.420573e-06,6.513509e-07,2,12.69248,0.9999969,False,0.026113845,Test
1275,0,-8.768969,-5.072698,7.235378,-1.0765743,0.25428858,0.744878,-5.2050276,-3.5005465,1.117428e-07,4.5028723e-06,0.99728453,0.00024489727,0.00092676707,0.0015136683,3.9447536e-06,2.1690354e-05,2,16.007067,0.9999999,False,0.03085681,Test
1276,0,-21.264729,-14.089039,22.384562,0.72856915,-0.32968467,3.1945546,-15.379789,-19.811369,1.1049773e-19,1.4444941e-16,1.0,3.9347936e-10,1.365614e-10,4.6332547e-09,3.973295e-17,4.7265064e-19,2,43.649292,1.0,False,1.4504172e-07,Test
1277,0,-7.463869,-4.3872023,2.0752969,-0.59231037,-0.6098361,1.4754263,-2.4925394,-0.5650968,4.0668143e-05,0.00088192883,0.5650167,0.0392224,0.038540985,0.31012785,0.0058650966,0.040304437,2,10.110065,0.99995935,False,1.5932431,Test
1278,0,-10.973403,-6.2853837,7.2092586,-0.8232734,0.18199337,-0.07058283,-5.6353173,-1.8252531,1.2661706e-08,1.375539e-06,0.99797946,0.00032406894,0.0008855624,0.00068790215,2.6350763e-06,0.0001189825,2,18.184683,1.0,False,0.02450297,Test
1279,0,-14.19123,-8.907294,13.43594,0.08174258,-0.11770268,3.0172236,-9.518322,-12.683349,1.0038251e-12,1.9789832e-10,0.9999672,1.5861034e-06,1.2993128e-06,2.9867215e-05,1.07417866e-10,4.534428e-12,2,27.627203,1.0,False,0.00055220554,Test
1280,0,-8.108716,-4.6220775,5.6471176,-0.6907994,-0.34857407,0.72819024,-3.928497,-2.8051815,1.049028e-06,3.4277946e-05,0.98825663,0.0017472192,0.0024602194,0.007221157,6.8585614e-05,0.00021090305,2,13.767647,0.9999989,False,0.10959212,Test
1281,0,-23.767477,-16.01184,25.389402,0.66778797,-0.019385923,3.5266554,-18.004921,-22.594656,4.481656e-22,1.0463276e-18,1.0,1.8345903e-11,9.227908e-12,3.1998493e-10,1.4258833e-19,1.4480656e-21,2,49.15688,1.0,False,1.1085323e-08,Test
1282,0,-15.254276,-9.56573,14.584579,0.3096843,-0.54344493,3.2326803,-9.859431,-14.585111,1.0993706e-13,3.248239e-11,0.99998736,6.316646e-07,2.691393e-07,1.1747011e-05,2.4215595e-11,2.1466413e-13,2,29.83887,1.0,False,0.00022949964,Test
1283,0,-18.299915,-11.642394,19.010937,0.16456513,-0.09508853,2.3153696,-12.903023,-16.265572,6.253207e-17,4.868858e-14,0.9999999,6.5331878e-09,5.0391633e-09,5.6131526e-08,1.3802045e-14,4.781972e-16,2,37.310852,1.0,False,1.7545476e-06,Test
1284,0,-16.105501,-10.053464,16.23581,-0.44149882,0.4352326,3.617119,-11.533621,-14.772548,9.002158e-15,3.825715e-12,0.99999654,5.7165657e-08,1.3737099e-07,3.3095646e-06,8.707394e-13,3.4138128e-14,2,32.341312,1.0,False,6.97449e-05,Test
1285,1,-7.747781,-6.582594,10.097816,-0.6500916,0.003447421,0.52270293,-8.408705,-7.787737,1.7770454e-08,5.6981296e-08,0.9998677,2.1487484e-05,4.1306062e-05,6.942624e-05,9.176192e-09,1.7074399e-08,2,16.680542,0.99999994,False,0.0020872077,Test
1286,0,-14.766703,-9.182082,14.822896,0.7839321,-0.85622597,2.2137983,-9.686379,-13.901578,1.4105819e-13,3.756372e-11,0.9999957,7.997485e-07,1.5511078e-07,3.3414633e-06,2.268585e-11,3.3505615e-13,2,29.589603,1.0,False,8.6685046e-05,Test
1287,0,-12.771263,-7.747808,12.770759,-0.3365532,-0.30205113,-0.21843898,-7.7883263,-7.874502,8.076769e-12,1.2271486e-09,0.99999356,2.030317e-06,2.1015896e-06,2.2848637e-06,1.1784189e-09,1.0811221e-09,2,25.542028,1.0,False,0.00013023711,Test
1288,0,-9.6015215,-6.284264,9.83332,-0.04072184,-0.3375318,1.0832638,-7.1273165,-8.266431,3.6261678e-09,1.0002631e-07,0.99975175,5.1481406e-05,3.8260212e-05,0.00015841307,4.3050825e-08,1.3780672e-08,2,19.43509,1.0,False,0.003656737,Test
1289,0,-16.207907,-10.274754,16.408318,0.27357346,-0.31735227,2.3854926,-10.860377,-14.605236,6.8383693e-15,2.580412e-12,0.99999905,9.834879e-08,5.4466998e-08,8.1276306e-07,1.4366648e-12,3.3961305e-14,2,32.616226,1.0,False,2.142236e-05,Test
1290,0,-16.059511,-10.03057,16.85074,-1.9070983,1.6134838,0.837604,-12.544899,-9.914285,5.096349e-15,2.1163889e-12,0.99999964,7.1379547e-09,2.4129216e-07,1.1106655e-07,1.7125208e-13,2.3773696e-12,2,32.91025,1.0,False,8.57942e-06,Test
1291,0,-9.922508,-6.275147,7.5790863,0.4668072,-0.30052295,3.5761874,-6.0141983,-9.235962,2.4591479e-08,9.4365606e-07,0.9809132,0.000799479,0.00037115885,0.01791404,1.225017e-06,4.8859377e-08,2,17.520866,1.0,False,0.14372298,Test
1292,0,-22.481335,-14.459506,24.028212,1.1829249,-1.2640722,2.0246146,-15.063364,-21.412607,6.326471e-21,1.9275116e-17,1.0,1.1978923e-10,1.0368134e-11,2.7794517e-10,1.05376656e-17,1.8420574e-20,2,46.509544,1.0,False,1.3149657e-08,Test
1293,0,-10.227515,-6.292703,8.357147,-0.9704789,0.3476659,1.6518201,-6.507562,-5.644979,8.473609e-09,4.3344681e-07,0.99835545,8.8786845e-05,0.00033175052,0.0012223588,3.496421e-07,8.283976e-07,2,18.58631,1.0,False,0.01926111,Test
1294,0,-18.788958,-11.956892,19.437881,1.0048155,-1.1280334,2.9062552,-12.3659,-18.448658,2.5020473e-17,2.3196531e-14,0.9999999,9.876916e-09,1.170407e-09,6.613116e-08,1.5409662e-14,3.5162922e-17,2,38.226837,1.0,False,1.9606136e-06,Test
1295,0,-23.179592,-15.355195,24.587255,0.34967756,0.019711178,3.2706487,-17.199678,-21.483816,1.7993783e-21,4.5000127e-18,1.0,2.976829e-11,2.1401825e-11,5.5247856e-10,7.114841e-19,9.8081665e-21,2,47.766846,1.0,False,1.8790049e-08,Test
1296,0,-10.481652,-6.461364,9.278598,-0.63899654,0.5011253,2.0835898,-6.6747518,-7.49222,2.6170877e-09,1.4581674e-07,0.99904686,4.9252645e-05,0.00015402031,0.00074960676,1.1779692e-07,5.201309e-08,2,19.761204,1.0,False,0.011819271,Test
1297,0,-8.860961,-5.4708443,5.873733,-1.0722903,0.38908225,1.9968967,-5.3778987,-3.9712603,3.8877286e-07,1.1534652e-05,0.9747473,0.00093815016,0.004045186,0.02019312,1.2658157e-05,5.1673236e-05,2,14.76027,0.9999996,False,0.19238774,Test
1298,0,-14.905243,-8.923387,15.268965,-0.90789825,0.24502374,0.6623525,-9.909388,-9.916447,7.861541e-14,3.114544e-11,0.99999905,9.4292545e-08,2.9866538e-07,4.5334465e-07,1.1619304e-11,1.153757e-11,2,30.174208,1.0,False,1.9519272e-05,Test
1299,0,-20.948593,-13.47096,21.287697,0.5545933,-0.29773477,3.0330036,-14.114042,-18.866611,4.539545e-19,8.026158e-16,1.0,9.902112e-10,4.222464e-10,1.1805575e-08,4.2190941e-16,3.6408727e-18,2,42.23629,1.0,False,3.5367918e-07,Test
1300,1,-4.6800623,-2.2824988,3.7969215,-2.30196,0.14210382,-3.4305203,-3.5031362,4.8436294,5.365757e-05,0.0005900372,0.25771406,0.0005786654,0.0066660857,0.00018719744,0.0001740858,0.7340363,7,7.435325,0.99941,False,0.8975604,Test
1301,0,-18.936398,-12.144647,19.94114,0.6591184,-0.44609815,2.1355298,-13.439924,-17.170687,1.3052698e-17,1.1623065e-14,1.0,4.225955e-09,1.3993786e-09,1.8497898e-08,3.18264e-15,7.630265e-17,2,38.877537,1.0,False,6.3389314e-07,Test
1302,0,-25.73835,-17.057575,28.056652,1.2344427,-1.0712285,1.956998,-18.019827,-24.780563,4.3363814e-24,2.5535245e-20,1.0,2.2452407e-12,2.2383212e-13,4.6244983e-12,9.7552915e-21,1.1300272e-23,2,53.795002,1.0,False,2.7041858e-10,Test
1303,0,-19.003757,-12.108822,19.689335,0.4203618,-0.21747808,2.3816855,-13.254508,-16.858408,1.5696525e-17,1.5496585e-14,1.0,4.2814574e-09,2.262461e-09,3.04357e-08,4.9279966e-15,1.3412698e-16,2,38.693092,1.0,False,9.4396796e-07,Test
1304,0,-22.345762,-14.44073,23.95772,1.0124929,-1.0466489,1.8142984,-15.109861,-20.842941,7.774156e-21,2.10749e-17,1.0,1.08396354e-10,1.3827416e-11,2.4167648e-10,1.0793569e-17,3.493984e-20,2,46.303482,1.0,False,1.1807694e-08,Test
1305,0,-19.764154,-12.559269,20.616428,1.0584852,-1.2494843,1.9320203,-12.445224,-18.407486,2.9035872e-18,3.9082083e-15,1.0,3.206957e-09,3.189734e-10,7.6818285e-09,4.3803267e-15,1.1275332e-17,2,40.380585,1.0,False,3.0762126e-07,Test
1306,0,-9.708958,-5.898423,8.328612,0.06263717,-0.0029908456,2.3971062,-6.393225,-7.9562263,1.46222785e-08,6.605558e-07,0.99685633,0.0002563098,0.00024002879,0.0026461359,4.0273517e-07,8.437554e-08,2,18.04072,1.0,False,0.033152517,Test
1307,0,-10.828162,-6.1175227,11.16641,-3.627944,1.804858,-2.0027564,-9.1452465,-0.212477,2.804372e-10,3.1163033e-08,0.99990034,3.757078e-07,8.595799e-05,1.90836e-06,1.5090936e-09,1.1433226e-05,2,21.99467,1.0,False,0.0015375187,Test
1308,0,-23.957806,-15.448433,25.578379,0.35338402,-0.030958477,2.4827075,-17.369167,-21.30655,3.066957e-22,1.5215385e-18,1.0,1.1089808e-11,7.551032e-12,9.325619e-11,2.2290351e-19,4.3464573e-21,2,49.536186,1.0,False,3.7898613e-09,Test
1309,0,-12.857228,-7.3946867,12.935693,-3.0327687,1.4089608,-1.8502028,-9.948736,-1.696339,6.2845185e-12,1.4812339e-09,0.99998915,1.1613961e-07,9.862781e-06,3.7893307e-07,1.151897e-10,4.4196184e-07,2,25.792933,1.0,False,0.00019971414,Test
1310,1,-24.486593,-15.495704,26.443281,0.17730531,-0.08157377,2.1678178,-17.21725,-22.164515,7.61091e-23,6.111259e-19,1.0,3.9158997e-12,3.0227483e-12,2.8661594e-11,1.092629e-19,7.7607293e-22,2,41.938984,1.0,False,1.2678496e-09,Test
1311,0,-8.764905,-5.1811132,6.239155,-1.3538934,0.5104533,0.57860476,-5.284075,-1.7673752,3.0236788e-07,1.0888213e-05,0.99246687,0.0005001464,0.0032268036,0.0034543818,9.822928e-06,0.0003307686,2,15.011621,0.9999997,False,0.07543674,Test
1312,0,-10.360625,-6.3188133,9.133213,-1.432272,0.73114485,1.0295926,-7.2479773,-4.6729884,3.417375e-09,1.945493e-07,0.99944633,2.577672e-05,0.0002242785,0.00030227468,7.682428e-08,1.0087932e-06,2,19.494392,1.0,False,0.0074706026,Test
1313,0,-19.060371,-12.108629,18.749004,-0.34184635,0.3894251,3.8525908,-13.072011,-17.08671,3.798364e-17,3.9691713e-14,0.99999964,5.1162137e-09,1.0630066e-08,3.3928882e-07,1.514638e-14,2.7336694e-16,2,37.809376,1.0,False,8.230074e-06,Test
1314,0,-20.186117,-12.856822,21.119583,0.3031454,-0.11497034,2.141225,-13.971354,-17.760101,1.1512283e-18,1.7548271e-15,1.0,9.1103775e-10,5.997224e-10,5.7253775e-09,5.757059e-16,1.3024696e-17,2,41.305702,1.0,False,2.0249341e-07,Test
1315,0,-28.849676,-18.905561,31.409594,-0.22654791,0.58093727,1.8386116,-21.561169,-24.12969,6.756654e-27,1.4073619e-22,1.0,1.8222108e-14,4.085868e-14,1.4370957e-13,9.887567e-24,7.5787144e-25,2,60.25927,1.0,False,8.779851e-12,Test
1316,0,-12.620885,-7.989947,11.307941,0.7789095,-0.95332086,3.641115,-7.5099764,-12.943897,4.0515973e-11,4.157353e-09,0.99950063,2.6735153e-05,4.729167e-06,0.00046786736,6.7183965e-09,2.9332113e-11,2,23.929325,1.0,False,0.0063857134,Test
1317,1,-10.770748,-6.5535965,10.049405,-0.039502822,-0.04414839,2.51255,-7.3224087,-9.3813,9.071002e-10,6.1537655e-08,0.9993843,4.151216e-05,4.131977e-05,0.0005327434,2.8526548e-08,3.6398553e-09,2,16.603617,0.99999994,False,0.007889434,Test
1318,0,-19.136555,-11.990084,20.203905,0.13268134,-0.11480233,2.7026603,-13.6852865,-17.848354,8.215889e-18,1.0431057e-14,1.0,1.9194557e-09,1.4986419e-09,2.5078737e-08,1.9147474e-15,2.9792905e-17,2,39.34046,1.0,False,7.327243e-07,Test
1319,0,-15.196827,-9.968123,15.729101,0.12673174,-0.18308139,2.6585565,-11.210843,-14.300791,3.7071403e-14,6.9157063e-12,0.9999976,1.6748507e-07,1.2286431e-07,2.1063634e-06,1.995857e-12,9.082023e-14,2,30.92593,1.0,False,4.974981e-05,Test
1320,0,-11.258915,-6.434873,10.409122,-3.0352523,1.2315009,-1.5809358,-8.18594,0.18957411,3.8871104e-10,4.8381736e-08,0.99985254,1.4491658e-06,0.00010331073,6.2046884e-06,8.3985245e-09,3.6445388e-05,2,21.668184,1.0,False,0.0022548344,Test
1321,0,-18.741304,-11.970697,19.736532,-0.15807483,0.31447238,1.8280212,-13.573439,-15.688146,1.9466501e-17,1.6971693e-14,1.0,2.2902438e-09,3.6737238e-09,1.6689096e-08,3.4171454e-15,4.123419e-16,2,38.477837,1.0,False,5.998615e-07,Test
1322,0,-19.913776,-12.487747,21.406416,-0.28579223,-0.24286069,1.8667808,-13.40237,-17.840204,1.1346693e-18,1.9052465e-15,1.0,3.794845e-10,3.9613077e-10,3.2662126e-09,7.633733e-16,9.0242146e-18,2,41.32019,1.0,False,1.1632233e-07,Test
1323,0,-22.045862,-14.406625,23.362698,1.1125052,-0.9351344,1.9178051,-14.808133,-20.62906,1.9024455e-20,3.9535944e-17,1.0,2.1720215e-10,2.8027568e-11,4.8596094e-10,2.6461792e-17,7.845512e-20,2,45.40856,1.0,False,2.2989608e-08,Test
1324,0,-18.464293,-11.746343,18.979557,0.12886433,-0.016600404,2.8276238,-13.109107,-16.601553,5.4744884e-17,4.5280545e-14,0.9999999,6.505012e-09,5.6243703e-09,9.667279e-08,1.1589636e-14,3.5263144e-16,2,37.443848,1.0,False,2.7557335e-06,Test
1325,1,-22.008532,-13.897484,23.806057,0.055172876,-0.29442427,1.5159104,-15.192483,-19.232594,1.2675823e-20,4.222409e-17,1.0,4.8430808e-11,3.4142404e-11,2.0869528e-10,1.1565109e-17,2.0349398e-19,2,37.70354,1.0,False,9.557817e-09,Test
1326,0,-10.148277,-6.667106,10.256635,-0.86344516,0.31609738,0.56326735,-8.0748415,-5.894808,1.3746924e-09,4.4674398e-08,0.9998752,1.4810046e-05,4.817539e-05,6.168364e-05,1.0931679e-08,9.6708135e-08,2,20.405035,1.0,False,0.0019748572,Test
1327,0,-12.076864,-7.7227335,11.753026,0.116146386,-0.12369484,2.2105355,-8.359573,-10.292557,4.4747806e-11,3.4813454e-09,0.9999125,8.833427e-06,6.9497287e-06,7.1731716e-05,1.8414991e-09,2.6649402e-10,2,23.829979,1.0,False,0.0013813054,Test
1328,0,-19.371922,-12.2464485,19.84338,-0.69346684,1.053064,2.1518245,-14.273394,-14.127146,9.311313e-18,1.1576161e-14,1.0,1.2049278e-09,6.9098656e-09,2.073267e-08,1.5250099e-15,1.765173e-15,2,39.2153,1.0,False,7.5218895e-07,Test
1329,0,-15.003107,-9.201649,15.641227,-1.4552561,1.1651407,0.8376529,-11.479161,-9.542296,4.9128663e-14,1.6250827e-11,0.99999917,3.7591644e-08,5.165537e-07,3.722968e-07,1.6663444e-12,1.15593785e-11,2,30.644333,1.0,False,2.104329e-05,Test
1330,0,-17.71341,-11.171308,17.966719,-0.015377676,0.12938133,2.7085447,-12.405413,-15.06956,3.1938635e-16,2.215723e-13,0.99999976,1.5505114e-08,1.7920193e-08,2.3629751e-07,6.4498686e-14,4.4929e-15,2,35.68013,1.0,False,6.4089695e-06,Test
1331,0,-7.358859,-4.5565224,3.9349492,-0.24143574,-0.39819294,2.4887412,-3.4133956,-4.7381473,9.841922e-06,0.00016222555,0.7905301,0.01213773,0.010376684,0.18613937,0.00050883007,0.00013528211,2,11.528859,0.99999017,False,0.87471235,Test
1332,0,-9.902188,-5.7658153,9.264274,-2.2690318,1.299113,-0.14947936,-7.530575,-2.430959,4.7415143e-09,2.9670252e-07,0.9995528,9.793884e-06,0.00034720064,8.15577e-05,5.08037e-08,8.329728e-06,2,19.16691,1.0,False,0.0060540736,Test
1333,0,-13.515993,-8.555608,13.0532255,-1.0683919,1.1233948,2.2148438,-9.993821,-9.460809,2.8915032e-12,4.1246892e-10,0.99997306,7.362882e-07,6.5906574e-06,1.9630841e-05,9.79001e-11,1.6682743e-10,2,26.569244,1.0,False,0.00047428053,Test
1334,0,-15.306749,-9.746243,14.662006,0.22155195,-0.106194034,2.9295855,-10.053894,-13.357783,9.654524e-14,2.5097376e-11,0.99999106,5.352867e-07,3.8569854e-07,8.029167e-06,1.8450875e-11,6.778844e-13,2,29.968765,1.0,False,0.00016817386,Test
1335,0,-16.686625,-10.906403,17.744497,0.6085467,-0.4034829,1.662443,-12.15198,-15.182115,1.1136629e-15,3.606386e-13,0.9999999,3.6136942e-08,1.3135073e-08,1.03669876e-07,1.03782725e-13,5.0136465e-15,2,34.43112,1.0,False,3.8145772e-06,Test
1336,0,-10.089229,-6.450574,7.8742447,-0.23295236,0.122102335,3.2212255,-6.3795967,-8.140937,1.563604e-08,5.9480533e-07,0.98983896,0.00029830032,0.00042545327,0.009435916,6.385573e-07,1.0971327e-07,2,17.973688,1.0,False,0.08635212,Test
1337,0,-10.103453,-6.282975,9.873292,0.01632919,-0.2581845,1.9367462,-7.164019,-8.970811,2.1086977e-09,9.62115e-08,0.9995504,5.235763e-05,3.978876e-05,0.00035727827,3.986523e-08,6.545078e-09,2,19.977196,1.0,False,0.00606913,Test
1338,1,-7.1908703,-3.987047,5.916741,-1.7464361,0.5648249,-0.05530774,-4.9786625,-0.9298355,2.0118357e-06,4.9544473e-05,0.9911868,0.00046567188,0.004697297,0.0025265487,1.8379858e-05,0.00105372,2,9.91264,0.99995047,False,0.087399445,Test
1339,0,-12.544181,-8.553276,12.826853,-0.1571416,0.022651361,2.262186,-9.88619,-11.146528,9.582683e-12,5.184592e-10,0.9999691,2.2967274e-06,2.7491137e-06,2.5811314e-05,1.3672165e-10,3.8768544e-11,2,25.371063,1.0,False,0.0005317772,Test
1340,0,-21.195871,-13.386035,22.162308,0.9058819,-0.87710077,2.5231154,-14.090195,-19.778156,1.4783692e-19,3.6437663e-16,1.0,5.867479e-10,9.865347e-11,2.9566984e-09,1.8019313e-16,6.1022205e-19,2,43.358177,1.0,False,1.050459e-07,Test
1341,0,-11.711772,-7.5404277,9.983689,0.2234477,-0.07546379,3.7822719,-7.729762,-10.927429,3.7744885e-10,2.4459645e-08,0.9978775,5.7578214e-05,4.2701424e-05,0.0020222547,2.0240584e-08,8.2697854e-10,2,21.697586,1.0,False,0.022589652,Test
1342,0,-17.501413,-11.08598,17.74046,0.10611173,0.0022181347,2.9806454,-12.413879,-15.736445,4.9504894e-16,3.025774e-13,0.99999964,2.1953301e-08,1.9786983e-08,3.8895016e-07,8.019308e-14,2.891774e-15,2,35.241875,1.0,False,9.863114e-06,Test
1343,1,-19.081121,-12.041771,20.221106,-0.01186532,-0.23893382,1.1424243,-12.994227,-15.978722,8.5361036e-18,9.736658e-15,1.0,1.6327972e-09,1.3011217e-09,5.1788547e-09,3.7563374e-15,1.8993892e-16,2,32.26288,1.0,False,2.2861451e-07,Test
1344,0,1.3534873,-4.493352,0.5617915,3.5057306,-3.3798141,-0.37908557,-3.7344396,-7.780002,0.09754186,0.00028180005,0.044193856,0.83926374,0.00085811276,0.017248219,0.00060191116,1.0533367e-05,3,2.3274736,0.90245813,False,0.8582792,Test
1345,0,-22.983349,-15.065784,24.362137,-0.07920514,0.32007715,2.288355,-16.491283,-20.09883,2.7423117e-21,7.5278564e-18,1.0,2.428065e-11,3.619649e-11,2.591065e-10,1.8096102e-18,4.9073488e-20,2,47.345486,1.0,False,1.0363095e-08,Test
1346,0,-13.332254,-8.519596,12.573034,0.21683094,0.027951278,3.3522005,-9.5103445,-12.113013,5.6160337e-12,6.9109957e-10,0.9998932,4.302519e-06,3.5619948e-06,9.894557e-05,2.566046e-10,1.9008147e-11,2,25.905396,1.0,False,0.0016115583,Test
1347,1,-22.582226,-14.646491,23.280525,0.03246856,0.53933793,3.8736491,-16.763308,-20.06316,1.2079816e-20,3.3768027e-17,1.0,8.0075085e-11,1.3293139e-10,3.729933e-09,4.066167e-18,1.4999497e-19,2,37.927017,1.0,False,1.1147842e-07,Test
1348,0,-9.526879,-6.02477,6.9940815,0.56562674,-0.5631727,3.3544765,-5.4266276,-8.80944,6.4993905e-08,2.1568499e-06,0.97237813,0.0015703364,0.00050788024,0.02553729,3.9227402e-06,1.3318434e-07,2,16.548973,0.99999994,False,0.19471918,Test
1349,0,-29.815056,-19.41981,32.6424,0.943147,-0.91791576,3.0796857,-21.107466,-28.619335,7.5001865e-28,2.4528413e-23,1.0,1.7107641e-14,2.660362e-15,1.4490274e-13,4.5366077e-24,2.4795162e-27,2,62.457455,1.0,False,7.0912794e-12,Test
1350,0,-20.45379,-13.392161,21.792215,-0.063379325,0.067940004,0.9442782,-14.569684,-16.522062,4.495652e-19,5.243482e-16,1.0,3.2228187e-10,3.6750816e-10,8.8278745e-10,1.6152038e-16,2.2925595e-17,2,42.246006,1.0,False,4.8231936e-08,Test
1351,0,-13.149752,-8.511789,11.75784,0.9688321,-0.650591,3.3000133,-8.22502,-12.473189,1.5228848e-11,1.5736513e-09,0.9997632,2.0620084e-05,4.083043e-06,0.00021218257,2.0962887e-09,2.9956752e-11,2,24.90783,1.0,False,0.0033250786,Test
1352,0,-24.466337,-15.647516,26.233803,0.54733384,-0.22744362,2.0771499,-17.311888,-21.90346,9.576529e-23,6.4740356e-19,1.0,6.9905063e-12,3.2212666e-12,3.2277445e-11,1.2255924e-19,1.242377e-21,2,50.70014,1.0,False,1.5069168e-09,Test
1353,0,-10.137868,-6.3173866,7.1633973,0.3055698,-0.74543756,3.5792396,-5.1922836,-9.2629385,2.976203e-08,1.3579285e-06,0.9716431,0.0010213864,0.00035706183,0.02697285,4.183145e-06,7.139036e-08,2,17.330032,1.0,False,0.19525695,Test
1354,0,-15.514901,-9.771397,15.124063,0.89857256,-1.0784125,2.6478455,-9.630211,-14.564312,4.9392964e-14,1.5418349e-11,0.99999535,6.6366107e-07,9.1907864e-08,3.8163275e-06,1.7756364e-11,1.2779126e-13,2,30.638968,1.0,False,9.108279e-05,Test
1355,0,-18.157719,-11.998642,19.778336,0.42874798,-0.45239386,2.2173615,-13.380068,-17.391216,3.346424e-17,1.582829e-14,1.0,3.9498493e-09,1.6364606e-09,2.3624676e-08,3.976392e-15,7.202259e-17,2,37.936054,1.0,False,7.565604e-07,Test
1356,0,-15.8320465,-10.245682,15.552159,-0.68984896,0.86395967,2.5406733,-11.696214,-11.623946,2.3442926e-14,6.253731e-12,0.99999726,8.834547e-08,4.178252e-07,2.2345096e-06,1.4661579e-12,1.5760361e-12,2,31.384207,1.0,False,5.6739405e-05,Test
1357,1,-13.667686,-8.227303,14.186148,-2.0095506,0.8648638,-0.16674751,-10.034724,-6.9175243,8.002626e-13,1.8448505e-10,0.9999976,9.2533035e-08,1.6392255e-06,5.8427315e-07,3.0269717e-11,6.835821e-10,2,22.413452,1.0,False,4.9145605e-05,Test
1358,0,-5.9302654,-3.2732008,4.8736095,-1.1181194,-0.6712946,-1.0442425,-3.2907023,-0.7982236,2.0057183e-05,0.00028590276,0.98703647,0.0024669394,0.0038566648,0.0026560898,0.00028094248,0.0033969362,2,10.816923,0.9999799,False,0.12845626,Test
1359,0,-11.97948,-8.531403,12.819309,0.70033437,-0.8000939,1.9379736,-8.85809,-12.428358,1.6982877e-11,5.3394017e-10,0.9999745,5.4548786e-06,1.2166269e-06,1.8805507e-05,3.8513615e-10,1.08409245e-11,2,24.798815,1.0,False,0.00045132963,Test
1360,0,-25.519684,-16.49036,27.117617,0.4658225,-0.06260209,3.7404592,-18.328318,-24.19034,1.3801036e-23,1.1515835e-19,1.0,2.6623966e-12,1.5695697e-12,7.0376815e-11,1.8326584e-20,5.2147985e-23,2,52.6373,1.0,False,2.5374536e-09,Test
1361,0,-7.967657,-5.238634,3.5338511,0.29425126,-0.8356886,3.305489,-3.7837913,-6.662461,5.471793e-06,8.3816456e-05,0.5409678,0.021194883,0.006847065,0.4305217,0.00035905404,2.0182242e-05,2,12.115904,0.9999945,False,1.1756856,Test
1362,0,-10.802956,-6.416991,8.903204,-0.46515995,-0.04093938,0.98643154,-6.160912,-5.269449,2.763574e-09,2.2195823e-07,0.99941874,8.5333304e-05,0.00013042336,0.00036436526,2.86738e-07,6.9926597e-07,2,19.706741,1.0,False,0.00786239,Test
1363,0,-14.657862,-8.777066,15.280278,-2.6217337,1.485528,-0.19212075,-11.416991,-6.954658,9.954743e-14,3.564737e-11,0.9999987,1.679788e-08,1.020976e-06,1.9073133e-07,2.5440325e-12,2.2054109e-10,2,29.938143,1.0,False,2.6738655e-05,Test
1364,0,-20.754023,-13.089158,21.915762,0.6697938,-0.563353,2.6511457,-14.272817,-19.49248,2.942714e-19,6.274166e-16,1.0,5.9291627e-10,1.7276056e-10,4.3001496e-09,1.9208771e-16,1.0390329e-18,2,42.669785,1.0,False,1.432904e-07,Test
1365,0,-17.507652,-11.069533,18.249735,-0.5397501,0.58893293,2.1689804,-12.701576,-14.430838,2.9564113e-16,1.848434e-13,0.9999999,6.9156005e-09,2.138015e-08,1.0380462e-07,3.6142344e-14,6.4122084e-15,2,35.757385,1.0,False,3.3124334e-06,Test
1366,1,-18.616673,-12.074063,19.186876,-0.5044203,0.68691,2.6444898,-14.036008,-14.868874,3.8205553e-17,2.6518318e-14,0.9999999,2.8065896e-09,9.237766e-09,6.5423315e-08,3.728072e-15,1.6209757e-15,2,31.26094,1.0,False,1.9736462e-06,Test
1367,0,-18.388979,-12.455165,19.146296,0.33464056,-0.39447215,1.4294678,-12.880789,-15.71471,4.9961722e-17,1.8865162e-14,1.0,6.763975e-09,3.2625143e-09,2.0215273e-08,1.2325768e-14,7.245306e-16,2,37.535275,1.0,False,7.9224895e-07,Test
1368,0,-23.485928,-14.923934,24.915462,1.0263472,-1.2098505,2.211975,-15.45323,-21.871298,9.539891e-22,4.9884947e-18,1.0,4.2178337e-11,4.507345e-12,1.3803865e-10,2.9383294e-18,4.794783e-21,2,48.40139,1.0,False,6.1448975e-09,Test
1369,0,-11.841816,-8.079978,8.342161,0.07838342,-0.035971817,5.7727475,-7.389074,-12.400639,1.5920876e-09,6.850351e-08,0.9284464,0.00023924549,0.00021339291,0.07110083,1.3669985e-07,9.1048624e-10,2,20.25822,1.0,False,0.37610826,Test
1370,0,-16.78999,-10.809839,16.566257,0.524677,-0.45866758,3.7428057,-11.128185,-16.078,3.262607e-15,1.2903604e-12,0.99999714,1.0795158e-07,4.0380126e-08,2.6967725e-06,9.385449e-13,6.6493357e-15,2,33.35625,1.0,False,5.7509e-05,Test
1371,0,-18.127735,-11.495096,18.409405,0.298001,-0.2885419,2.7981722,-12.5131645,-16.301023,1.3555692e-16,1.0295327e-13,0.99999976,1.3624384e-08,7.578529e-09,1.6600748e-07,3.719621e-14,8.4227373e-16,2,36.53714,1.0,False,4.557271e-06,Test
1372,0,-20.267633,-13.617731,22.30751,-0.2644932,0.40171066,1.5411875,-15.924318,-16.997864,3.2348252e-19,2.499578e-16,1.0,1.5743565e-10,3.0650107e-10,9.578566e-10,2.4895944e-17,8.509281e-18,2,42.57514,1.0,False,4.351018e-08,Test
1373,0,-18.5914,-11.801423,19.875526,0.80515885,-0.6921782,1.7256036,-13.019612,-17.447575,1.9680043e-17,1.7493473e-14,1.0,5.2220916e-09,1.1683128e-09,1.310957e-08,5.1739614e-15,6.177079e-17,2,38.466927,1.0,False,5.216138e-07,Test
1374,0,-25.977596,-16.724518,27.643372,0.981643,-0.67327505,3.4746528,-18.38456,-25.05479,5.160711e-24,5.386051e-20,1.0,2.6360806e-12,5.0377503e-13,3.1890327e-11,1.0240554e-20,1.29861075e-23,2,53.620968,1.0,False,1.2339313e-09,Test
1375,0,-4.4743814,-4.7630525,6.8838105,0.22128347,-1.2685933,-0.80570453,-5.6151376,-6.023149,1.1649579e-05,8.728552e-06,0.997954,0.0012752983,0.0002874528,0.00045666375,3.7229427e-06,2.47565e-06,2,11.360241,0.9999884,False,0.024110626,Test
1376,0,-16.841658,-10.509609,16.455463,-2.1562617,2.6047978,1.8990986,-13.076687,-10.118843,3.4613402e-15,1.9463329e-12,0.99999857,8.26095e-09,9.65454e-07,4.7670574e-07,1.4939962e-13,2.8768997e-12,2,33.29712,1.0,False,3.1588792e-05,Test
1377,0,-11.14763,-6.500742,10.231287,-1.0499051,0.20650853,0.5351108,-7.1365542,-5.9089174,5.1904203e-10,5.411537e-08,0.9998814,1.2606343e-05,4.4283563e-05,6.151096e-05,2.8654355e-08,9.780169e-08,2,21.379036,1.0,False,0.0018814508,Test
1378,0,-13.237286,-8.3390875,13.738335,-0.30383435,0.08648911,1.7383267,-9.810416,-10.864712,1.9258987e-12,2.5816269e-10,0.9999919,7.9718683e-07,1.1778097e-06,6.1441156e-06,5.927936e-11,2.0655188e-11,2,26.975628,1.0,False,0.00015742236,Test
1379,0,-19.807978,-12.626747,20.719383,0.22317371,-0.08526611,2.490011,-13.897378,-17.826622,2.507215e-18,3.2957904e-15,1.0,1.2548999e-09,9.218401e-10,1.2108332e-08,9.249794e-16,1.8183715e-17,2,40.52736,1.0,False,3.832183e-07,Test
1380,1,-21.968908,-14.1321335,23.32392,0.30250448,-0.06607637,2.2225037,-15.450399,-19.560217,2.1358705e-20,5.4080678e-17,1.0,1.0044451e-10,6.947907e-11,6.8512784e-10,1.447196e-17,2.37496e-19,2,37.456055,1.0,False,2.6537883e-08,Test
1381,0,-5.927041,-3.3001485,4.2603745,-1.4183823,-0.10953896,-0.7251019,-3.7876172,0.20469432,3.6154765e-05,0.0005000468,0.9605149,0.0032828527,0.012152756,0.006566579,0.00030711832,0.016639663,2,10.227702,0.9999638,False,0.31577447,Test
1382,0,-9.865589,-6.1465626,9.978319,-0.42630753,0.03397553,0.2677131,-7.183154,-6.1776752,2.409016e-09,9.9309865e-08,0.9998609,3.0287787e-05,4.799169e-05,6.0628543e-05,3.5221422e-08,9.626765e-08,2,19.844048,1.0,False,0.0021987462,Test
1383,0,-17.979439,-11.299199,19.093237,0.46826437,-0.6378351,0.74533904,-11.876547,-15.393339,7.9348855e-17,6.320222e-14,1.0,8.152238e-09,2.6971465e-09,1.0754963e-08,3.548083e-14,1.0535868e-15,2,37.072678,1.0,False,5.805215e-07,Test
1384,0,-6.753605,-4.247044,2.1219532,-0.37167883,-0.66681594,2.8012733,-2.5075934,-3.684104,4.4634875e-05,0.00054734334,0.3193598,0.026382115,0.019639622,0.62994874,0.0031166913,0.0009610404,5,10.016995,0.99995536,False,1.2377583,Test
1385,0,-12.151003,-7.691291,11.07348,0.31416127,-0.056015443,2.9704585,-8.36989,-10.665331,8.195736e-11,7.086254e-09,0.99966156,2.123931e-05,1.4668134e-05,0.00030252093,3.5950452e-09,3.6208214e-10,2,23.224821,1.0,False,0.004590379,Test
1386,0,-8.794827,-5.6720996,5.7618737,0.08661937,-0.23709153,3.7547224,-5.048672,-7.860526,4.1790742e-07,9.489947e-06,0.8769509,0.0030077633,0.0021759945,0.11783669,1.7701694e-05,1.0637559e-06,2,14.688006,0.9999996,False,0.57457393,Test
1387,0,-18.583021,-11.639148,18.995295,0.04754114,0.115892604,2.98595,-13.049617,-16.512466,4.7856925e-17,4.961707e-14,0.9999999,5.903302e-09,6.3209122e-09,1.1148852e-07,1.2107993e-14,3.7946883e-16,2,37.578316,1.0,False,3.080527e-06,Test
1388,1,-10.4414835,-6.618738,10.628594,-0.3975141,-0.08721304,0.3862985,-7.611612,-7.092521,7.0688577e-10,3.2325556e-08,0.99992585,1.6270078e-05,2.2189726e-05,3.5628298e-05,1.1976973e-08,2.012729e-08,2,17.247408,0.99999994,False,0.0012369531,Test
1389,0,-8.41577,-5.0217047,6.598106,0.024785532,-0.13856609,2.3927114,-5.3633347,-6.8664293,2.9649365e-07,8.831601e-06,0.98278576,0.0013730996,0.0011661635,0.014658148,6.2758277e-06,1.3960009e-06,2,15.03124,0.9999997,False,0.13862891,Test
1390,0,-12.9018545,-7.942431,12.502056,-2.7641263,1.5875871,0.41461354,-10.015853,-4.4732075,9.272799e-12,1.3214836e-09,0.9999758,2.3440718e-07,1.8192648e-05,5.6296312e-06,1.6618255e-10,4.2435193e-08,2,25.403936,1.0,False,0.00042562585,Test
1391,0,-25.778662,-16.763077,28.02549,-0.74263906,1.0255842,1.6726539,-19.678507,-20.788067,4.2968784e-24,3.5364918e-20,1.0,3.207452e-13,1.879708e-12,3.590116e-12,1.9161007e-21,6.3174485e-22,2,53.804153,1.0,False,2.2302467e-10,Test
1392,0,-25.535791,-16.168013,27.590958,-0.29176188,0.30136088,2.8439627,-18.455584,-22.69985,8.4595424e-24,9.90193e-20,1.0,7.7747953e-13,1.4069505e-12,1.7886158e-11,1.0051759e-20,1.4420453e-22,2,53.126747,1.0,False,7.2524564e-10,Test
1393,0,-10.591447,-5.9229712,9.345546,-1.3286254,0.58604276,0.11633615,-7.053528,-3.9352953,2.1945847e-09,2.3380068e-07,0.9997197,2.3128341e-05,0.00015691854,9.810323e-05,7.548326e-08,1.7064058e-06,2,19.937273,1.0,False,0.004089341,Test
1394,0,-14.353892,-8.86,14.788428,-1.2786946,0.034401342,-0.7308587,-9.239236,-7.475744,2.2062296e-13,5.365596e-11,0.9999994,1.05229304e-07,3.912074e-07,1.819948e-07,3.672128e-11,2.1418689e-10,2,29.14232,1.0,False,1.5882959e-05,Test
1395,0,-8.597408,-5.244602,6.6186543,-0.6165176,0.17871834,1.3714845,-5.5478425,-4.259301,2.445992e-07,6.991337e-06,0.99244636,0.000715339,0.0015844499,0.0052226423,5.1625566e-06,1.8727122e-05,2,15.223645,0.99999976,False,0.073171794,Test
1396,0,-20.290943,-13.191659,20.941668,0.24688047,0.064831614,3.016893,-14.631812,-18.09131,1.2385224e-18,1.4999757e-15,1.0,1.0288872e-09,8.576399e-10,1.6419861e-08,3.5533215e-16,1.1173597e-17,2,41.232613,1.0,False,4.8116726e-07,Test
1397,0,-18.995481,-12.089952,19.622309,0.8815764,-1.1467746,2.7355592,-12.325385,-18.154474,1.6924148e-17,1.6886512e-14,1.0,7.2611166e-09,9.552166e-10,4.6363688e-08,1.3344222e-14,3.9242044e-17,2,38.61779,1.0,False,1.3544751e-06,Test
1398,0,-6.784745,-3.7745607,2.9334297,-1.0546736,-0.43927076,0.071439,-2.8330932,0.818493,4.872697e-05,0.0009887258,0.8096907,0.015007483,0.027769879,0.046277765,0.0025348372,0.09768183,2,9.929277,0.99995124,False,1.046494,Test
1399,0,-8.581682,-4.812324,6.304777,-1.6783569,0.57500815,-0.20439467,-5.4144077,-0.5716814,3.4059408e-07,1.47655055e-05,0.9939036,0.00033908852,0.003228028,0.0014806308,8.0866175e-06,0.0010255013,2,14.892574,0.99999964,False,0.063870154,Test
1400,0,-19.220016,-12.154495,20.840757,-0.7071659,0.79872125,1.8961942,-14.911885,-15.885005,3.9978466e-18,4.681047e-15,1.0,4.383848e-10,1.9763067e-09,5.92217e-09,2.9704633e-16,1.1225468e-16,2,40.060776,1.0,False,2.3263253e-07,Test
1401,0,-23.097954,-14.876732,24.655636,0.41957757,-0.27513948,2.2021887,-16.301027,-20.65926,1.8233898e-21,6.781267e-18,1.0,2.981352e-11,1.4883398e-11,1.7725224e-10,1.6320986e-18,2.0892522e-20,2,47.75359,1.0,False,7.3195725e-09,Test
1402,0,-11.5070505,-6.8182244,11.667534,-1.5046638,0.91793346,0.82611036,-8.511307,-6.9843035,8.617627e-11,9.36955e-09,0.9999571,1.9026932e-06,2.145306e-05,1.9570916e-05,1.7235434e-09,7.935819e-09,2,23.174625,1.0,False,0.00073739793,Test
1403,0,-16.70521,-10.707048,17.90684,-0.7601851,0.5066139,1.0690861,-12.709401,-12.626975,9.293474e-16,3.7423675e-13,1.0,7.816534e-09,2.7744598e-08,4.869189e-08,5.0528368e-14,5.486979e-14,2,34.61205,1.0,False,2.2617978e-06,Test
1404,0,-16.382174,-11.459443,18.511068,-0.81155246,0.4099691,0.47337994,-13.546734,-12.8356,7.015483e-16,9.6376656e-14,1.0,4.057818e-09,1.37655185e-08,1.4666656e-08,1.1952926e-14,2.4339685e-14,2,34.89324,1.0,False,8.542708e-07,Test
1405,1,-14.085026,-9.200797,14.275248,-0.17874329,0.21838415,2.3593326,-10.700095,-11.8056965,4.8226565e-13,6.375002e-11,0.999992,5.2809014e-07,7.8555786e-07,6.683141e-06,1.4234539e-11,4.7117956e-12,2,23.476051,1.0,False,0.00015335888,Test
1406,0,-11.950907,-7.7802944,10.553333,-0.33412924,0.05692695,3.4067743,-7.9984837,-10.681038,1.6833356e-10,1.0900455e-08,0.9991667,1.8675535e-05,2.761255e-05,0.00078691344,8.763674e-09,5.9933236e-10,2,22.505074,1.0,False,0.01002792,Test
1407,0,-2.968816,-4.8856187,4.424293,2.1468303,-2.315005,-0.4652703,-4.564284,-6.991909,0.00055344164,8.139826e-05,0.89920443,0.09220807,0.0010641885,0.006766249,0.00011224554,9.905232e-06,2,7.4993544,0.9994466,False,0.5229375,Test
1408,0,-18.707472,-12.30663,19.396746,0.97939986,-0.75112236,1.7588551,-12.752481,-17.136702,2.8284505e-17,1.7037207e-14,1.0,1.0033412e-08,1.7778391e-09,2.1875689e-08,1.0908576e-14,1.3605843e-16,2,38.104218,1.0,False,8.7492293e-07,Test
1409,0,-8.312415,-4.774334,7.4187536,-1.8839633,0.8817082,0.0026207436,-6.203126,-1.875088,1.4691584e-07,5.0540293e-06,0.9977653,9.09724e-05,0.0014455251,0.00060012646,1.2109363e-06,9.178345e-05,2,15.733406,0.9999999,False,0.025848968,Test
1410,0,-12.930117,-8.567697,10.7946825,0.61230314,-0.51106256,4.9028974,-8.132905,-13.328045,4.9571337e-11,3.8887142e-09,0.9971957,3.7724985e-05,1.2267546e-05,0.002754296,6.0066676e-09,3.329764e-11,2,23.727608,1.0,False,0.028217603,Test
1411,0,-22.783848,-14.687652,24.343512,0.12911831,0.11894764,2.6438737,-16.55269,-20.524353,3.4107407e-21,1.1193904e-17,1.0,3.0466494e-11,3.015822e-11,3.76675e-10,1.7338243e-18,3.2668797e-20,2,47.127357,1.0,False,1.3910478e-08,Test
1412,0,-18.577501,-11.985154,18.64867,0.38332933,-0.13023429,3.0128367,-12.822714,-16.521511,6.805786e-17,4.964774e-14,0.9999999,1.1680548e-08,6.9891697e-09,1.6197338e-07,2.1485799e-14,5.3184405e-16,2,37.226173,1.0,False,4.322889e-06,Test
1413,0,-13.609061,-8.465053,13.092401,-0.7162489,0.41352072,2.5846143,-9.281868,-10.672715,2.5333128e-12,4.3421358e-10,0.9999685,1.0068534e-06,3.1161535e-06,2.7322028e-05,1.9185158e-10,4.7744978e-11,2,26.701492,1.0,False,0.0005366728,Test
1414,0,-9.616606,-7.4448924,11.947029,0.17706954,-0.9480114,-0.116972476,-8.276728,-9.866141,4.3154436e-10,3.7860675e-09,0.999984,7.733295e-06,2.51043e-06,5.7631983e-06,1.6478857e-09,3.3624287e-10,2,21.56365,1.0,False,0.00030154845,Test
1415,0,-14.76107,-9.266763,14.650149,-0.60039675,0.15526697,2.038016,-10.26463,-11.885247,1.6860385e-13,4.1021856e-11,0.99999595,2.3810586e-07,5.069332e-07,3.3313363e-06,1.5123312e-11,2.991038e-12,2,29.411224,1.0,False,8.230431e-05,Test
1416,0,-15.280517,-9.610735,15.339005,0.9914387,-1.165793,2.555245,-9.899533,-15.2047205,5.0362702e-14,1.4603721e-11,0.99999654,5.8739397e-07,6.792903e-08,2.8059637e-06,1.0940581e-11,5.4328395e-14,2,30.619526,1.0,False,7.051506e-05,Test
1417,0,-22.936363,-14.603702,24.33648,0.5806346,-0.5580599,2.9803855,-15.728164,-21.687151,2.9489364e-21,1.2260098e-17,1.0,4.819123e-11,1.5432601e-11,5.310875e-10,3.9824127e-18,1.0284714e-20,2,47.272842,1.0,False,1.856888e-08,Test
1418,0,-13.78013,-8.61728,13.69704,0.56195265,-0.46268624,1.9081019,-9.24073,-12.2193365,1.1663064e-12,2.0370874e-10,0.99998975,1.9746938e-06,7.087689e-07,7.5879598e-06,1.0920644e-10,5.5546466e-12,2,27.477179,1.0,False,0.00019575497,Test
1419,0,-24.961468,-16.191267,26.74168,-0.037020437,0.31065664,3.1022904,-18.629137,-22.226292,3.512434e-23,2.2618238e-19,1.0,2.3450842e-12,3.3201118e-12,5.4143183e-11,1.975621e-20,5.413524e-22,2,51.703148,1.0,False,2.0637232e-09,Test
1420,0,-16.726034,-10.852506,17.194193,-0.023829145,0.03760381,1.770859,-11.626644,-13.796885,1.8562329e-15,6.598923e-13,0.99999976,3.3289574e-08,3.5398738e-08,2.0032309e-07,3.042772e-13,3.4733298e-14,2,33.920227,1.0,False,6.5045333e-06,Test
1421,0,-10.614471,-6.7116284,9.113463,0.080424964,-0.51179445,2.500657,-6.1045384,-9.013896,2.7014868e-09,1.338401e-07,0.99847347,0.00011921692,6.593869e-05,0.0013410075,2.4560777e-07,1.3388267e-08,2,19.729464,1.0,False,0.017475717,Test
1422,1,-10.104136,-6.1681113,8.604813,-0.017978502,-0.35624164,2.1985497,-5.9953036,-7.8808565,7.480931e-09,3.8313328e-07,0.9980434,0.00017960515,0.00012805991,0.0016479531,4.554066e-07,6.910583e-08,2,14.774883,0.99999964,False,0.02196575,Test
1423,0,-22.636377,-14.675738,23.64186,0.32796282,0.07609248,3.876317,-16.492607,-20.980251,7.972918e-21,2.2849637e-17,1.0,7.4972764e-11,5.82797e-11,2.605761e-09,3.7138296e-18,4.1770004e-20,2,46.278236,1.0,False,7.8808064e-08,Test
1424,1,-15.335055,-9.743074,15.500039,0.6776804,-0.4644317,1.8424755,-10.469885,-13.487864,4.0596436e-14,1.0890654e-11,0.99999833,3.6536804e-07,1.16605136e-07,1.1711026e-06,5.2650705e-12,2.5746175e-13,2,25.243116,1.0,False,3.598213e-05,Test
1425,0,-19.519903,-12.523257,20.731613,0.08113543,-0.01853174,1.9332305,-14.18667,-16.937124,3.3036022e-18,3.610712e-15,1.0,1.0755019e-09,9.734789e-10,6.8543535e-09,6.841999e-16,4.3719417e-17,2,40.25152,1.0,False,2.4707646e-07,Test
1426,0,-12.968033,-7.83936,13.24746,-2.2310693,1.4233644,0.025405167,-10.300458,-5.656189,4.118626e-12,6.9519424e-10,0.9999907,1.8956399e-07,7.325823e-06,1.8102154e-06,5.9328716e-11,6.1694405e-09,2,26.215502,1.0,False,0.000177338,Test
1427,0,-22.989529,-14.815821,24.190313,0.7166504,-0.37110862,2.9524128,-16.038588,-21.280565,3.2363522e-21,1.1477604e-17,1.0,6.390245e-11,2.1533261e-11,5.977194e-10,3.3791722e-18,1.7875095e-20,2,47.17984,1.0,False,2.1241112e-08,Test
1428,1,-10.095218,-6.5090117,7.872128,-0.04885129,0.20415533,3.399173,-6.4377055,-8.586936,1.5545147e-08,5.6113134e-07,0.9879027,0.00035865465,0.00046190855,0.011275469,6.0260464e-07,7.0247886e-08,2,14.393311,0.99999946,False,0.09955557,Test
1429,0,-23.469074,-14.8892145,24.75745,0.026030347,0.1724299,3.7104354,-16.8715,-22.086046,1.1362832e-21,6.0488492e-18,1.0,1.8166888e-11,2.1031073e-11,7.234322e-10,8.33251e-19,4.5303026e-21,2,48.226524,1.0,False,2.336074e-08,Test
1430,0,-13.895003,-8.922154,12.875856,0.31365415,0.114147544,3.5483086,-9.513874,-12.302428,2.3633194e-12,3.4135195e-10,0.99990475,3.5015748e-06,2.8682614e-06,8.893158e-05,1.8889577e-10,1.1619006e-11,2,26.770954,1.0,False,0.0014506138,Test
1431,0,-12.149105,-7.382112,11.744214,-0.17404008,-0.43171468,1.1977173,-7.1309047,-9.21053,4.1999803e-11,4.9377125e-09,0.999962,6.667324e-06,5.1528164e-06,2.6284413e-05,6.3478076e-09,7.933296e-10,2,23.893356,1.0,False,0.0006604531,Test
1432,0,-13.879491,-9.082932,14.106297,-0.328964,0.3748548,1.8906026,-10.577969,-10.645648,7.013334e-13,8.492653e-11,0.99999344,5.380753e-07,1.0876969e-06,4.9520895e-06,1.9043949e-11,1.7797697e-11,2,27.985792,1.0,False,0.00012948988,Test
1433,0,-10.934926,-6.994569,11.673203,-1.3997555,0.5527066,0.24808863,-8.961258,-6.6147,1.5184554e-10,7.810475e-09,0.9999722,2.101232e-06,1.4805312e-05,1.09175135e-05,1.0928376e-09,1.1419647e-08,2,22.608158,1.0,False,0.00049773324,Test
1434,0,-13.722367,-8.629713,13.623152,-0.4821315,0.26251513,1.4945288,-9.8437195,-9.737505,1.3304183e-12,2.1662083e-10,0.99999225,7.484275e-07,1.5759624e-06,5.4025973e-06,6.4337466e-11,7.154714e-11,2,27.345528,1.0,False,0.00015133205,Test
1435,1,-11.556474,-6.7522397,11.503805,-1.2982613,0.5015524,-0.17260721,-7.8394017,-5.3681073,9.6612995e-11,1.1789313e-08,0.999972,2.7549954e-06,1.6663655e-05,8.491536e-06,3.9750265e-09,4.705541e-08,2,18.256073,1.0,False,0.0005003286,Test
1436,0,-7.722927,-4.424044,5.1225,-1.4258394,0.02041436,0.24453157,-4.2106514,-0.6415032,2.5904244e-06,7.01548e-05,0.98190343,0.0014065692,0.005973944,0.007474705,8.684261e-05,0.0030817257,2,12.863688,0.99999744,False,0.16402072,Test
1437,0,-13.096788,-8.698494,10.180571,-0.34263617,0.22513495,3.8986576,-8.025744,-10.792607,7.761183e-11,6.310778e-09,0.9980596,2.6852571e-05,4.737679e-05,0.0018661923,1.2366726e-08,7.773572e-10,2,23.2793,1.0,False,0.020803902,Test
1438,0,-12.671084,-7.959221,11.649054,0.13673738,-0.082624376,2.7677274,-8.117545,-10.791738,2.7405044e-11,3.0490632e-09,0.999843,1.0004528e-05,8.033944e-06,0.00013893787,2.6026004e-09,1.7948147e-10,2,24.320293,1.0,False,0.0023090427,Test
1439,0,-15.238079,-9.632314,14.411005,-0.4684124,0.34336957,2.7095196,-10.135744,-12.529482,1.3291142e-13,3.6150544e-11,0.9999906,3.4510165e-07,7.7714026e-07,8.281429e-06,2.1851347e-11,1.994762e-12,2,29.649094,1.0,False,0.00017657361,Test
1440,1,-14.632397,-9.060729,14.3501,-2.4081748,1.48221,0.23529688,-11.087389,-6.633118,2.5885723e-13,6.8046416e-11,0.99999654,5.2719653e-08,2.579557e-06,7.413405e-07,8.966802e-12,7.710864e-10,2,23.410831,1.0,False,6.918632e-05,Test
1441,0,-13.308342,-8.0564,13.31417,-0.4231075,0.1900377,1.4546626,-8.559716,-10.241089,2.7414807e-12,5.234491e-10,0.99998987,1.0813642e-06,1.9964452e-06,7.0709357e-06,3.164372e-10,5.889471e-11,2,26.622522,1.0,False,0.00019486024,Test
1442,0,-8.251347,-4.873892,6.757925,-1.537384,0.8755766,0.54730767,-5.9974265,-2.2418315,3.0151693e-07,8.833273e-06,0.9948453,0.00024839828,0.0027738567,0.0019976464,2.8719476e-06,0.00012280353,2,15.01444,0.9999997,False,0.053669788,Test
1443,0,-6.6173944,-4.6448936,-0.39895436,0.07490823,-1.0215111,4.7451344,-1.8687451,-5.0218134,1.1396969e-05,8.1928614e-05,0.0057203625,0.009187969,0.00306938,0.9805572,0.0013155328,5.620066e-05,5,11.382163,0.9999886,False,0.17286193,Test
1444,0,-26.654648,-17.748035,28.93963,1.7361016,-1.656972,1.8044761,-18.359764,-25.306753,7.173193e-25,5.2942382e-21,1.0,1.5334065e-12,5.1530456e-14,1.6419202e-12,2.8716714e-21,2.7611812e-24,2,55.594276,1.0,False,1.2673279e-10,Test
1445,1,-1.1710882,-3.0533974,2.0034976,0.8377684,-1.7934244,0.9178156,-2.962511,-6.717259,0.024208788,0.0036855002,0.57899946,0.18047139,0.012992595,0.1955116,0.0040361565,9.4471696e-05,2,5.6033487,0.9963145,False,1.6371521,Test
1446,0,-9.809733,-5.899811,8.8261595,-0.4837803,0.122702405,1.2739763,-6.1499143,-6.0582986,8.057397e-09,4.020246e-07,0.999218,9.044924e-05,0.00016588112,0.00052455225,3.130645e-07,3.4310102e-07,2,18.636675,1.0,False,0.010164444,Test
1447,0,-9.8875,-5.5847797,6.8207555,-1.1514286,0.18133135,0.24482968,-5.3562126,-1.7251191,5.5244318e-08,4.0825885e-06,0.99676067,0.00034380745,0.0013035436,0.0013890011,5.1309885e-06,0.00019371565,2,16.7115,0.99999994,False,0.036851846,Test
1448,0,-9.790239,-5.7562175,7.7121034,-1.7063465,0.66214013,0.19121823,-5.9265857,-1.6794658,2.5011818e-08,1.412858e-06,0.9984261,8.108403e-05,0.0008660758,0.0005408005,1.1915397e-06,8.329315e-05,2,17.503918,1.0,False,0.01923092,Test
1449,0,-11.640242,-7.6692705,9.173368,-0.28471726,0.049785633,3.838676,-7.1910243,-10.125422,9.0906344e-10,4.821305e-08,0.9950163,7.766684e-05,0.00010851968,0.004797364,7.777938e-08,4.1349684e-09,2,20.818605,1.0,False,0.046621326,Test
1450,0,-13.268783,-8.256084,13.024432,0.108188264,-0.15836182,2.4248335,-9.197461,-11.825607,3.810563e-12,5.727642e-10,0.9999707,2.457729e-06,1.8826636e-06,2.4925275e-05,2.2343007e-10,1.6134363e-11,2,26.293243,1.0,False,0.00050500856,Test
1451,1,-14.398765,-9.418305,13.168469,-0.35875538,0.3767696,3.3255816,-10.0306,-11.64777,1.0658043e-12,1.5511845e-10,0.9999428,1.3340626e-06,2.7836247e-06,5.312063e-05,8.409053e-11,1.6688593e-11,2,22.586832,1.0,False,0.0009142963,Test
1452,0,-9.21542,-6.4547386,4.2223988,0.8391903,-1.0699545,5.9482718,-4.6142735,-11.009676,2.1916928e-07,3.4651998e-06,0.15022774,0.005098488,0.000755632,0.8438927,2.1828902e-05,3.643716e-08,5,15.333422,0.99999976,False,0.6645534,Test
1453,1,-9.932559,-5.619599,10.051008,-2.4628134,1.2318382,-1.2541269,-8.0160055,-1.5251137,2.0949429e-09,1.5641082e-07,0.9998267,3.6748622e-06,0.00014784542,1.2307422e-05,1.4240354e-08,9.385961e-06,2,15.67078,0.9999998,False,0.0025590605,Test
1454,0,-25.650404,-16.574888,27.325726,0.65191865,-0.16236712,2.748772,-18.305815,-23.169794,9.834677e-24,8.5942204e-20,1.0,2.6044303e-12,1.1536475e-12,2.12014e-11,1.5222104e-20,1.1750968e-22,2,52.976128,1.0,False,8.977134e-10,Test
1455,0,-15.445859,-10.139055,15.034527,0.46453628,-0.047685284,2.078951,-10.70937,-12.267738,5.788096e-14,1.1674838e-11,0.9999969,4.702538e-07,2.8175847e-07,2.3629989e-06,6.6003427e-12,1.3892344e-12,2,30.480389,1.0,False,6.4654516e-05,Test
1456,0,-10.115514,-5.9928126,8.159108,-0.2657104,0.024717323,2.0895824,-5.9167175,-7.0347333,1.1540023e-08,7.1231693e-07,0.9971814,0.00021873676,0.000292451,0.0023057521,7.68636e-07,2.512884e-07,2,18.277445,1.0,False,0.030389162,Test
1457,0,-9.519537,-6.0359435,8.991211,0.21385078,-0.37113222,1.935909,-6.5797434,-8.441027,9.128625e-09,2.9737922e-07,0.9988978,0.00015401466,8.580394e-05,0.0008618714,1.7264004e-07,2.684086e-08,2,18.51185,1.0,False,0.013484208,Test
1458,0,-12.830631,-7.9049134,11.573462,-0.0329737,-0.16705544,2.4545367,-8.28486,-10.32265,2.5198931e-11,3.4721175e-09,0.9998733,9.106141e-06,7.963488e-06,0.00010955851,2.3745714e-09,3.0944608e-10,2,24.404219,1.0,False,0.0019116161,Test
1459,0,-12.661828,-7.3626003,12.73436,-2.7519805,1.5437995,0.006637497,-9.934781,-5.1041555,9.344773e-12,1.870655e-09,0.99998295,1.8808768e-07,1.3803651e-05,2.967653e-06,1.4285988e-10,1.789878e-08,2,25.396204,1.0,False,0.00030657658,Test
1460,0,-22.403223,-14.357819,23.426123,0.83875865,-0.61267644,2.7768118,-15.342867,-20.654648,1.24901615e-20,3.8962066e-17,1.0,1.5503593e-10,3.6314673e-11,1.0767581e-09,1.4549288e-17,7.177345e-20,2,45.829346,1.0,False,3.838886e-08,Test
1461,0,-7.1054525,-3.7260451,6.5249467,-2.483187,0.6044298,-2.2989633,-5.194427,2.0969925,1.185642e-06,3.4802604e-05,0.9852829,0.00012060855,0.0026443144,0.00014500589,8.014965e-06,0.011763183,2,13.6452265,0.9999988,False,0.12320882,Test
1462,0,-7.786108,-4.563024,4.6918497,-1.5114723,0.32950926,0.5387823,-4.573491,-0.16616607,3.6686592e-06,9.210329e-05,0.9629762,0.0019478122,0.012276517,0.015134261,9.1144226e-05,0.007478354,2,12.515684,0.9999963,False,0.2947284,Test
1463,0,-16.84307,-10.6267185,17.467993,1.0057819,-1.1119437,2.0010366,-10.893305,-16.229124,1.2557265e-15,6.289582e-13,0.99999976,7.088466e-08,8.527777e-09,1.9177244e-07,4.8177564e-13,2.3202136e-15,2,34.31106,1.0,False,6.535336e-06,Test
1464,1,-22.085842,-14.173982,23.322191,-0.28019232,0.5096598,1.7164413,-15.984424,-17.797232,1.9034473e-20,5.1953954e-17,1.0,5.6184363e-11,1.2377811e-10,4.1375417e-10,8.498738e-18,1.3869523e-18,2,37.496174,1.0,False,1.8883792e-08,Test
1465,0,-11.459994,-7.356475,9.099354,-0.31256875,0.0070332214,3.8917298,-7.175977,-11.187143,1.171475e-09,7.093636e-08,0.99436283,8.1282844e-05,0.000111892325,0.0054438044,8.4968555e-08,1.5389734e-09,2,20.565002,1.0,False,0.0516303,Test
1466,0,-23.075909,-14.746693,24.829762,0.7135298,-0.66675705,2.1412976,-16.044348,-21.404337,1.5661444e-21,6.4887993e-18,1.0,3.360884e-11,8.4528365e-12,1.4012823e-10,1.7725591e-18,8.332692e-21,2,47.90567,1.0,False,6.06701e-09,Test
1467,0,-17.137281,-10.645519,18.022886,0.9378312,-1.2226099,1.5386277,-11.023945,-16.215635,5.3719645e-16,3.5438032e-13,0.9999999,3.8023764e-08,4.3831556e-09,6.9338974e-08,2.4272888e-13,1.3502026e-15,2,35.160168,1.0,False,2.8799398e-06,Test
1468,0,-20.439804,-13.066771,21.16535,0.75474536,-0.54323167,2.7567093,-13.969104,-18.837816,8.5331693e-19,1.3588733e-15,1.0,1.3670585e-09,3.733212e-10,1.0121136e-08,5.511896e-16,4.2349244e-18,2,41.605156,1.0,False,3.2074453e-07,Test
1469,0,-25.888245,-17.224854,28.095304,1.0478985,-0.7467438,2.5038424,-18.628267,-24.545895,3.591217e-24,2.0782827e-20,1.0,1.7925082e-12,2.9789102e-13,7.687226e-12,5.107526e-21,1.3747335e-23,2,53.98355,1.0,False,3.6615866e-10,Test
1470,0,-17.724445,-11.178692,18.54265,0.28426626,-0.21713988,2.0263467,-12.49102,-15.74365,1.7758228e-16,1.2364743e-13,0.9999999,1.1762082e-08,7.1240422e-09,6.71522e-08,3.3284966e-14,1.2872081e-15,2,36.267097,1.0,False,2.1887383e-06,Test
1471,0,-24.94313,-16.450434,26.014534,0.36166278,0.07204875,3.782952,-18.005028,-22.905922,7.4023135e-23,3.6116003e-19,1.0,7.2293495e-12,5.411549e-12,2.2128213e-10,7.6303986e-20,5.676961e-22,2,50.957664,1.0,False,7.56736e-09,Test
1472,0,-9.34187,-5.4128265,7.7383704,-1.5580537,0.49641034,0.12805542,-6.0871787,-2.3638844,3.8155868e-08,1.9405416e-06,0.99865484,9.162834e-05,0.0007149442,0.0004946496,9.8868e-07,4.0931896e-05,2,17.081587,0.99999994,False,0.016725456,Test
1473,0,-19.463829,-12.431248,20.040619,1.1472952,-1.1985081,3.0973825,-12.875419,-19.22764,6.9732666e-18,7.900371e-15,1.0,6.233525e-09,5.9698674e-10,4.381729e-08,5.0669443e-15,8.8310555e-18,2,39.504448,1.0,False,1.2592689e-06,Test
1474,0,-21.391443,-13.774114,22.164633,0.6700185,-0.14983286,3.0553734,-15.16552,-19.516685,1.2129322e-19,2.4660411e-16,1.0,4.6238943e-10,2.0368092e-10,5.0228985e-09,6.1336634e-17,7.9073803e-19,2,43.556076,1.0,False,1.5937133e-07,Test
1475,0,-18.772171,-11.585375,19.382092,-0.28668037,0.4118475,2.261554,-12.940092,-15.824398,2.6903843e-17,3.5563153e-14,1.0,2.8705225e-09,5.7720215e-09,3.669825e-08,9.17603e-15,5.128801e-16,2,38.154263,1.0,False,1.1458627e-06,Test
1476,0,-12.445127,-7.650706,12.3822155,-1.9037769,1.2117714,0.4250055,-9.468873,-5.7930384,1.6504895e-11,1.9943613e-09,0.9999789,6.2468786e-07,1.4084078e-05,6.412696e-06,3.2373024e-10,1.2781386e-08,2,24.827364,1.0,False,0.00038131536,Test
1477,1,-11.965896,-7.164225,11.787117,-1.2614449,0.6400637,0.6650661,-8.435269,-6.42889,4.832631e-11,5.8819767e-09,0.99996865,2.1531182e-06,1.4417251e-05,1.4782262e-05,1.6501218e-09,1.2270859e-08,2,18.951372,1.0,False,0.00055534544,Test
1478,0,-26.274801,-17.239878,28.121029,0.70493615,-0.30724162,3.3930562,-18.93234,-24.919205,2.377891e-24,1.995298e-20,1.0,1.2397741e-12,4.5056667e-13,1.8229643e-11,3.6726714e-21,9.223998e-24,2,54.39583,1.0,False,7.178572e-10,Test
1479,0,-16.47558,-10.406368,16.83181,-0.22322135,0.14422658,1.6198559,-11.428233,-12.8082075,3.425981e-15,1.4811853e-12,0.99999976,3.9182677e-08,5.6581477e-08,2.4747547e-07,5.331123e-13,1.3412306e-13,2,33.30739,1.0,False,8.273484e-06,Test
1480,0,-13.19048,-8.824091,14.2418995,-0.1926808,0.067710906,1.7221428,-10.467209,-11.766813,1.2197373e-12,9.606507e-11,0.9999951,5.3844275e-07,6.9859584e-07,3.6537328e-06,1.8576696e-11,5.0647433e-12,2,27.432386,1.0,False,9.8548335e-05,Test
1481,0,-10.906797,-6.8247046,8.330503,-0.40751776,0.273238,2.9312193,-6.4819922,-7.719893,4.397252e-09,2.6062227e-07,0.99502724,0.00015957348,0.00031521663,0.004497338,3.6715514e-07,1.06472285e-07,2,19.242287,1.0,False,0.04791625,Test
1482,0,-22.472612,-14.655583,23.608961,0.68921274,-0.22439454,2.7154589,-16.21098,-20.16048,9.705701e-21,2.4094564e-17,1.0,1.11193596e-10,4.4596982e-11,8.434662e-10,5.0865156e-18,9.7988216e-20,2,46.081573,1.0,False,3.0634748e-08,Test
1483,0,-17.367754,-11.083393,18.067795,0.12863854,-0.2621619,1.5738931,-11.73936,-14.930154,4.0788475e-16,2.1867539e-13,0.9999999,1.6185409e-08,1.0949674e-08,6.867351e-08,1.1347933e-13,4.6684572e-15,2,35.435547,1.0,False,2.4285873e-06,Test
1484,0,-15.952192,-10.010907,16.177338,-0.6466902,0.47006354,1.6995339,-11.422404,-11.79717,1.1125545e-14,4.232431e-12,0.9999993,4.9364775e-08,1.5080546e-07,5.156669e-07,1.0317718e-12,7.0929346e-13,2,32.12953,1.0,False,1.641844e-05,Test
1485,0,-7.8357086,-4.241412,3.678062,-0.78620666,-0.3011737,0.06494062,-3.349831,0.5179461,9.076115e-06,0.00033028077,0.90837926,0.010458272,0.016986625,0.024496756,0.00080554915,0.038534205,2,11.609864,0.99999094,False,0.618973,Test
1486,0,-9.911506,-5.810084,9.544638,-1.583544,0.61113787,0.031134484,-7.015798,-3.678356,3.5498342e-09,2.1450269e-07,0.9997775,1.46891125e-05,0.0001318662,7.383146e-05,6.4238776e-08,1.8081317e-06,2,19.456366,1.0,False,0.0033105388,Test
1487,0,-15.446941,-9.860496,15.483787,0.17819275,-0.15886192,1.700209,-10.505609,-12.101019,3.6893892e-14,9.842774e-12,0.99999857,2.2535365e-07,1.6087309e-07,1.0324464e-06,5.1635514e-12,1.0472997e-12,2,30.93073,1.0,False,3.120172e-05,Test
1488,0,-20.621838,-13.163295,21.840042,0.52873904,-0.41849688,2.192132,-14.473888,-18.592062,3.622763e-19,6.284106e-16,1.0,5.554169e-10,2.153968e-10,2.9310325e-09,1.6945733e-16,2.757779e-18,2,42.46188,1.0,False,1.07076495e-07,Test
1489,0,-8.694136,-5.139885,7.003354,-1.318097,0.1399589,0.6583331,-5.279258,-2.8074358,1.5181642e-07,5.307747e-06,0.9969007,0.00024248872,0.0010421188,0.0017500254,4.6172286e-06,5.4686472e-05,2,15.700594,0.9999998,False,0.034680367,Test
1490,1,-18.300072,-12.061983,20.040382,-0.88286704,0.25435412,-0.9066029,-13.75209,-11.458457,2.2333271e-17,1.1431958e-14,1.0,8.187436e-10,2.5529203e-09,7.9953943e-10,2.1091891e-15,2.0903906e-14,2,32.102364,1.0,False,1.2175187e-07,Test
1491,0,-19.250645,-12.026171,20.119972,-0.08849243,0.088582315,2.498076,-13.484595,-16.728895,7.971836e-18,1.0942293e-14,1.0,1.6733043e-09,1.9974604e-09,2.2228363e-08,2.5451968e-15,9.9252025e-17,2,39.370617,1.0,False,6.7162244e-07,Test
1492,1,-10.41362,-9.188523,14.270009,-1.519647,0.7858174,0.059575185,-12.276283,-9.811174,1.9056166e-11,6.487657e-11,0.99999774,1.3887967e-07,1.3928004e-06,6.737301e-07,2.9586336e-12,3.4807556e-11,2,23.458534,1.0,False,4.725682e-05,Test
1493,0,-15.990469,-10.107569,16.120375,0.3456436,-0.22088818,2.1980433,-11.018671,-13.967958,1.1335411e-14,4.067695e-12,0.9999988,1.4096814e-07,7.999802e-08,8.986861e-07,1.635542e-12,8.5664806e-14,2,32.110844,1.0,False,2.4692949e-05,Test
1494,0,-21.792744,-13.839882,23.143684,0.60797447,-0.46677285,1.8258219,-14.873085,-19.790655,3.0504033e-20,8.674436e-17,1.0,1.6325473e-10,5.5732568e-11,5.5178456e-10,3.0869302e-17,2.258668e-19,2,44.936428,1.0,False,2.4176403e-08,Test
1495,0,-20.585167,-13.188046,21.721588,-0.2695587,0.45747656,2.456655,-15.232518,-17.554876,4.2306757e-19,6.9014243e-16,1.0,2.8142755e-10,5.822551e-10,4.2987884e-09,8.933794e-17,8.758856e-18,2,42.306755,1.0,False,1.46269e-07,Test
1496,0,-24.923914,-16.211597,26.431952,1.0284159,-0.67883253,3.0330663,-17.316168,-23.442636,4.970854e-23,3.020945e-19,1.0,9.276508e-12,1.6824257e-12,6.886413e-11,1.0009979e-19,2.1864604e-22,2,51.355865,1.0,False,2.7304616e-09,Test
1497,0,-13.579805,-8.458766,13.131049,0.8733275,-1.0406598,2.8618329,-8.641074,-13.615281,2.50961e-12,4.2038284e-10,0.9999598,4.748119e-06,7.0030546e-07,3.4683144e-05,3.5032371e-10,2.4221382e-12,2,26.710894,1.0,False,0.000670111,Test
1498,0,-19.962158,-13.083859,20.35533,0.84037346,-0.47888452,3.5163856,-13.917714,-19.024904,3.0926924e-18,3.002924e-15,1.0,3.3478231e-09,8.949858e-10,4.8633975e-08,1.3043852e-15,7.895539e-18,2,40.31749,1.0,False,1.3026438e-06,Test
1499,0,-21.732168,-13.945116,22.858267,-0.013854431,0.30308554,2.994117,-15.882366,-19.256477,4.311418e-20,1.038709e-16,1.0,1.166175e-10,1.6010657e-10,2.3610744e-09,1.496779e-17,5.126231e-19,2,44.590435,1.0,False,7.6721456e-08,Test
1500,0,-9.738444,-6.0446672,7.5719204,-1.1663003,0.9853451,2.2908814,-6.5649962,-5.395324,3.015327e-08,1.2120514e-06,0.99341315,0.00015928286,0.0013696718,0.005053633,7.203521e-07,2.320208e-06,2,17.316973,0.99999994,False,0.06314339,Test
1501,0,-12.044314,-7.1996326,11.618595,-1.233815,0.54314214,1.1652509,-8.35745,-7.044686,5.2882036e-11,6.7193477e-09,0.99995303,2.6196828e-06,1.5487152e-05,2.8850267e-05,2.1110282e-09,7.845486e-09,2,23.662958,1.0,False,0.00079934543,Test
1502,0,-9.136119,-6.434161,9.83326,-0.24778858,-0.22381751,1.0861769,-7.401665,-8.215989,5.7756027e-09,8.610783e-08,0.9997563,4.1855314e-05,4.287073e-05,0.00015888554,3.272364e-08,1.44945735e-08,2,18.969624,1.0,False,0.00359083,Test
1503,0,-14.560214,-8.831807,15.846404,-2.7333553,2.032239,-0.5340585,-12.284536,-6.705692,6.2312196e-14,1.9159695e-11,0.9999989,8.529282e-09,1.0013454e-06,7.692278e-08,6.065795e-13,1.6060127e-10,2,30.40662,1.0,False,2.3556688e-05,Test
1504,0,-22.18862,-14.381465,23.029068,0.5485534,-0.21815573,3.3779685,-15.689949,-20.358908,2.3025388e-20,5.6599364e-17,1.0,1.7251886e-10,8.014185e-11,2.9217002e-09,1.5294826e-17,1.4349632e-19,2,45.21769,1.0,False,9.111487e-08,Test
1505,0,-5.1898384,-3.6582468,5.214813,-0.20868158,-0.5772246,0.07794067,-4.3384814,-3.8097484,2.9881834e-05,0.00013821937,0.986484,0.004352073,0.0030105088,0.0057966164,7.000784e-05,0.00011878801,2,10.41826,0.99997014,False,0.1265292,Test
1506,0,-12.021068,-7.436169,12.619574,0.2914078,-0.7045534,0.63991064,-7.2084985,-11.359992,1.989301e-11,1.9493795e-09,0.9999876,4.425274e-06,1.6345557e-06,6.2703693e-06,2.4477809e-09,3.8530266e-11,2,24.640652,1.0,False,0.00023642706,Test
1507,0,-15.39115,-9.678913,14.880584,0.12352108,0.14134674,3.6415327,-10.4592285,-14.225675,7.13094e-14,2.1574442e-11,0.99998605,3.9001648e-07,3.9703127e-07,1.3150315e-05,9.886735e-12,2.2872126e-13,2,30.271748,1.0,False,0.00025009533,Test
1508,0,-7.845373,-4.4477925,6.421328,-2.465615,0.95761985,-0.9355249,-5.5993857,1.1291978,6.3051976e-07,1.8847295e-05,0.9900295,0.00013680372,0.004195558,0.0006318405,5.9582467e-06,0.004980868,2,14.276721,0.99999934,False,0.09442847,Test
1509,0,-23.79343,-15.16919,25.182358,0.82542425,-1.0217017,3.1391997,-15.943886,-22.916494,5.371375e-22,2.9891363e-18,1.0,2.6419108e-11,4.1660217e-12,2.6716424e-10,1.3775246e-18,1.2910203e-21,2,48.97579,1.0,False,9.582091e-09,Test
1510,0,-10.444792,-6.3108754,8.646988,-0.9500261,0.18649133,1.4162177,-6.1020637,-5.3380322,5.1063327e-09,3.187472e-07,0.99899584,6.786304e-05,0.00021145432,0.0007232362,3.9276406e-07,8.432315e-07,2,19.092785,1.0,False,0.012546975,Test
1511,0,-23.724731,-15.326326,25.140404,0.59554195,-0.21824996,2.4592505,-16.926426,-20.958254,5.9998645e-22,2.6639327e-18,1.0,2.1892854e-11,9.70234e-12,1.4115643e-10,5.3778413e-19,9.541314e-21,2,48.865135,1.0,False,5.74912e-09,Test
1512,0,-9.635237,-5.511375,9.805872,-1.9677514,0.7678686,-0.98688936,-7.4332294,-2.4141824,3.6038579e-09,2.2270905e-07,0.99984777,7.703962e-06,0.00011878977,2.0544587e-05,3.259022e-08,4.9298255e-06,2,19.441261,1.0,False,0.0023120434,Test
1513,1,-15.503496,-9.710511,15.638057,0.47016972,-0.237469,2.9233043,-10.813679,-14.423373,2.988095e-14,9.80066e-12,0.99999666,2.5862414e-07,1.2745164e-07,3.0064352e-06,3.2520362e-12,8.800055e-14,2,25.348572,1.0,False,6.854306e-05,Test
1514,0,-10.65511,-6.692418,8.96321,-1.2139227,1.0978417,2.5041385,-8.03937,-7.449635,3.0130682e-09,1.5848362e-07,0.9980155,3.795463e-05,0.00038304628,0.0015631409,4.1210814e-08,7.432399e-08,2,19.620306,1.0,False,0.022342179,Test
1515,0,-16.061384,-10.460177,16.13898,-0.5827251,0.23492102,2.853536,-11.585523,-14.226643,1.0364758e-14,2.8062806e-12,0.9999981,5.4683255e-08,1.2386651e-07,1.69904e-06,9.107531e-13,6.4919695e-14,2,32.200363,1.0,False,3.947839e-05,Test
1516,0,-11.005651,-6.7913404,10.359541,-0.4579736,0.12507366,1.4833595,-7.6059012,-7.4886107,5.261746e-10,3.559444e-08,0.99980444,2.0041409e-05,3.5903955e-05,0.00013964917,1.5762403e-08,1.7723972e-08,2,21.365389,1.0,False,0.0029152967,Test
1517,0,-6.2272635,-3.6822824,3.3712227,-1.0307564,-0.17222323,1.1310434,-3.442951,-1.7754438,5.870532e-05,0.000748081,0.86545986,0.010604538,0.025023488,0.092119046,0.00095036166,0.005035911,2,9.74298,0.9999413,False,0.7566098,Test
1518,0,-21.632996,-13.3785,23.150064,0.2781286,-0.34078506,2.342263,-14.867595,-19.919453,3.5560262e-20,1.367244e-16,1.0,1.1663907e-10,6.281354e-11,9.1893826e-10,3.084188e-17,1.9730839e-19,2,44.78306,1.0,False,3.356343e-08,Test
1519,0,-13.559817,-7.8871803,14.493676,-3.2566311,1.3236418,-1.8513027,-10.54121,-3.3314157,6.55423e-13,1.9059743e-10,0.999998,1.9549638e-08,1.9068909e-06,7.9701266e-08,1.3411784e-11,1.8140943e-08,2,28.053495,1.0,False,4.2008527e-05,Test
1520,0,-11.475587,-7.3857336,10.274058,0.7576631,-0.68508863,2.0068874,-7.056641,-9.958959,3.581773e-10,2.1394332e-08,0.99965227,7.360899e-05,1.7392103e-05,0.0002567215,2.9731828e-08,1.6321547e-09,2,21.749992,1.0,False,0.0048506055,Test
1521,0,-11.818927,-7.5747957,9.2273655,0.33979008,-0.19302692,4.415162,-7.231063,-11.330418,7.179609e-10,5.0038317e-08,0.99171984,0.00013695066,8.03831e-05,0.0080626095,7.056426e-08,1.1701923e-09,2,21.054605,1.0,False,0.0708218,Test
1522,0,-5.735835,-3.912772,6.158522,-1.2191464,0.045263596,-1.2632811,-5.3506565,-1.1177102,6.8003515e-06,4.2099597e-05,0.9958301,0.00062245014,0.0022040978,0.00059557566,9.995689e-06,0.00068890245,2,11.898537,0.9999932,False,0.046595927,Test
1523,0,-16.729904,-13.027649,21.080906,0.28532168,-0.56936115,1.3190615,-15.444003,-19.09508,3.7929212e-17,1.5375982e-15,1.0,9.302351e-10,3.9573883e-10,2.6154108e-09,1.3722498e-16,3.562792e-18,2,37.81081,1.0,False,1.1483569e-07,Test
1524,0,-23.136908,-14.805248,24.596735,0.0586529,0.09181754,3.311593,-16.711288,-21.533075,1.8601262e-21,7.725654e-18,1.0,2.2041764e-11,2.2785036e-11,5.7013894e-10,1.1485613e-18,9.248641e-21,2,47.733643,1.0,False,1.909363e-08,Test
1525,1,-9.595513,-6.2959366,5.6683235,0.18802965,-0.8198703,4.246976,-4.579885,-9.18808,1.884046e-07,5.105984e-06,0.8018472,0.0033421835,0.0012198454,0.1935567,2.8402135e-05,2.8316376e-07,2,12.185098,0.9999949,False,0.7538636,Test
1526,0,-18.747759,-12.010493,19.241585,0.87378275,-0.62749296,3.057554,-12.723413,-18.05286,3.172769e-17,2.6754356e-14,0.9999999,1.0543021e-08,2.349466e-09,9.3619164e-08,1.311528e-14,6.3566494e-17,2,37.98934,1.0,False,2.7045912e-06,Test
1527,0,-23.201996,-15.130173,25.66607,-0.22021616,0.17073663,1.1568574,-17.149061,-19.951971,5.982312e-22,1.9160963e-18,1.0,5.7243754e-12,8.462854e-12,2.2687333e-11,2.5446283e-19,1.542894e-20,2,48.868065,1.0,False,1.3272721e-09,Test
1528,0,-9.582538,-5.8262873,6.6154637,-0.33724815,-0.07373607,2.533577,-5.0735483,-6.5656514,9.059089e-08,3.8761746e-06,0.98126733,0.00093812967,0.0012209693,0.01655947,8.228369e-06,1.850554e-06,2,16.216911,0.9999999,False,0.14623776,Test
1529,0,-18.02844,-11.104415,19.71601,-1.993983,1.1125789,0.057162195,-13.581121,-11.450561,4.0531605e-17,4.1196498e-14,1.0,3.7279538e-10,8.3297715e-09,2.8991511e-09,3.4613055e-15,2.9142792e-14,2,37.74445,1.0,False,3.1746788e-07,Test
1530,1,-20.256805,-13.076124,21.692085,-0.1800509,0.2598309,1.993005,-15.084081,-17.249283,6.0510154e-19,7.9498267e-16,1.0,3.1699438e-10,4.9214155e-10,2.7848286e-09,1.0673687e-16,1.2245562e-17,2,34.76821,1.0,False,1.04364034e-07,Test
1531,0,-18.974764,-11.916067,19.591452,-0.13190125,0.01074234,2.3126318,-12.988399,-16.133272,1.7819906e-17,2.0723278e-14,1.0,2.7180465e-09,3.1347718e-09,3.1325918e-08,7.0917147e-15,3.0545665e-16,2,38.566216,1.0,False,9.467915e-07,Test
1532,0,-27.264093,-18.516306,31.062134,-0.2677681,0.145956,2.1693869,-21.517971,-25.816425,4.669197e-26,2.9400725e-22,1.0,2.4751194e-14,3.7434723e-14,2.831652e-13,1.4613378e-23,1.985892e-25,2,58.326225,1.0,False,1.4591724e-11,Test
1533,0,-23.336828,-15.061923,24.609377,0.6831375,-0.41463637,3.3538277,-16.457981,-21.922682,1.5039302e-21,5.901654e-18,1.0,4.0641192e-11,1.3558418e-11,5.872629e-10,1.4610739e-18,6.1856263e-21,2,47.946205,1.0,False,1.9900929e-08,Test
1534,0,-14.611046,-9.142148,14.066567,-0.08171346,0.24523409,3.4116473,-10.082206,-13.050251,3.5112378e-13,8.3285996e-11,0.9999747,7.1691653e-07,9.941695e-07,2.3583909e-05,3.253195e-11,1.6722639e-12,2,28.677637,1.0,False,0.0004334491,Test
1535,1,-21.289692,-13.456224,22.727488,0.24713357,-0.17477608,2.234634,-15.052709,-19.278929,7.648584e-20,1.9302499e-16,1.0,1.725465e-10,1.13154874e-10,1.2591195e-09,3.9108292e-17,5.7127497e-19,2,36.183712,1.0,False,4.656063e-08,Test
1536,0,-8.789868,-5.2833114,7.0249214,-0.6486141,0.31649375,1.9245812,-5.5264964,-5.488417,1.3438573e-07,4.4795174e-06,0.99226815,0.000461376,0.0012111447,0.0060475487,3.512508e-06,3.6488445e-06,2,15.822552,0.9999999,False,0.07273885,Test
1537,1,-11.689504,-7.1398816,11.332508,0.09418271,-0.18725647,1.6280303,-8.032464,-9.318501,1.0037631e-10,9.495258e-09,0.99991596,1.315894e-05,9.931004e-06,6.1004597e-05,3.889228e-09,1.0748414e-09,2,18.472473,1.0,False,0.0013543234,Test
1538,1,-16.036621,-10.04368,16.10438,0.24781916,-0.08689937,3.0424445,-11.177827,-14.714084,1.0998679e-14,4.4059634e-12,0.9999976,1.2989192e-07,9.294287e-08,2.1245771e-06,1.4173816e-12,4.1277254e-14,2,26.148062,1.0,False,4.8532744e-05,Test
1539,0,-12.479982,-8.123379,11.770806,0.26756623,-0.28449526,2.40203,-8.509727,-11.023273,2.9374593e-11,2.2909816e-09,0.9998987,1.0096305e-05,5.8130627e-06,8.533911e-05,1.5567988e-09,1.2607046e-10,2,24.25089,1.0,False,0.0015682615,Test
1540,0,-18.676916,-11.855678,19.751669,0.3540577,-0.5134161,2.4186327,-12.792723,-17.213253,2.0449258e-17,1.8754444e-14,1.0,3.7646473e-09,1.5811945e-09,2.9672758e-08,7.347681e-15,8.837699e-17,2,38.428585,1.0,False,8.935881e-07,Test
1541,0,-8.929667,-5.0937285,8.600817,-2.7968957,1.2340099,-1.3363943,-7.1034102,0.27654454,2.4333348e-08,1.1275306e-06,0.9990656,1.1210636e-05,0.0006312921,4.829677e-05,1.5112442e-07,0.00024233076,2,17.531418,1.0,False,0.0118714245,Test
1542,0,-23.427927,-14.95275,24.77469,0.35653466,-0.005580295,2.8407683,-16.701763,-21.20697,1.1637754e-21,5.579459e-18,1.0,2.4850191e-11,1.7300746e-11,2.9800173e-10,9.705192e-19,1.0725542e-20,2,48.202618,1.0,False,1.0923884e-08,Test
1543,0,-9.7178,-6.525876,6.4651885,0.12570558,-0.09762703,4.5158877,-6.0841002,-9.253821,8.1808885e-08,1.990838e-06,0.8729379,0.001540923,0.0012325051,0.12428331,3.0966812e-06,1.3010809e-07,2,16.31888,0.99999994,False,0.57142514,Test
1544,0,-14.574275,-9.466386,13.769624,0.088492826,-0.30425653,3.4271917,-9.310028,-13.823588,4.9021475e-13,8.1042804e-11,0.9999659,1.1437875e-06,7.722834e-07,3.223473e-05,9.475894e-11,1.0384974e-12,2,28.343933,1.0,False,0.0005684238,Test
1545,0,-22.237127,-14.776026,24.334845,-0.33851594,0.34743857,1.5599163,-16.981485,-18.573936,5.9436005e-21,1.03362934e-17,1.0,1.9252874e-11,3.82298e-11,1.2852097e-10,1.1390581e-18,2.3171402e-19,2,46.57197,1.0,False,6.231177e-09,Test
1546,0,-7.0274677,-3.9308295,7.0905128,-2.045996,0.45693156,-1.7591134,-5.6056004,0.2884734,7.370018e-07,1.6305032e-05,0.9973091,0.00010737282,0.001311904,0.00014304931,3.0547644e-06,0.0011085153,2,14.120675,0.9999993,False,0.030892663,Test
1547,0,-10.147014,-5.75637,8.987434,-2.6652594,1.2577722,-1.06948,-7.5539017,-0.11804194,4.8949995e-09,3.9498912e-07,0.9993975,8.690358e-06,0.00043932785,4.286234e-05,6.545266e-08,0.00011098904,2,19.135052,1.0,False,0.008004562,Test
1548,0,-16.6285,-10.422072,16.772543,-0.13040496,0.26329774,2.9183993,-11.64186,-14.469954,3.119686e-15,1.5471362e-12,0.9999989,4.5618638e-08,6.762785e-08,9.621031e-07,4.568583e-13,2.7011937e-14,2,33.401043,1.0,False,2.3500963e-05,Test
1549,0,-17.294664,-11.627308,18.696709,-0.87888235,0.46356174,1.0093876,-13.506704,-12.719542,2.339624e-16,6.7677905e-14,1.0,3.150861e-09,1.20627135e-08,2.0820647e-08,1.0333195e-14,2.2703661e-14,2,35.99137,1.0,False,9.3758695e-07,Test
1550,0,-12.75755,-8.366544,11.087445,-0.3776711,0.8125988,3.6941404,-8.95758,-10.517769,4.405177e-11,3.5559302e-09,0.9993401,1.048278e-05,3.446707e-05,0.0006149529,1.9691084e-09,4.137028e-10,2,23.845655,1.0,False,0.008196071,Test
1551,0,-8.763888,-5.34087,7.608905,0.1091319,-0.28660423,1.8017573,-5.797367,-7.1316624,7.721118e-08,2.367436e-06,0.9960794,0.000551041,0.00037095213,0.002994207,1.4997678e-06,3.9495438e-07,2,16.376722,0.99999994,False,0.041023687,Test
1552,1,-13.55237,-8.502696,12.984209,0.18932676,-0.14836353,2.8379033,-9.236316,-12.134544,2.9873838e-12,4.659475e-10,0.999956,2.7748167e-06,1.9795991e-06,3.921897e-05,2.2373299e-10,1.23323235e-11,2,21.486948,1.0,False,0.0007263002,Test
1553,0,-12.965086,-9.679658,14.457342,-0.2168968,0.21861283,2.2382705,-11.498536,-12.779689,1.2319361e-12,3.2917818e-11,0.99999404,4.236979e-07,6.5493134e-07,4.935397e-06,5.339521e-12,1.4828785e-12,2,27.422434,1.0,False,0.00011802731,Test
1554,0,-22.00919,-14.433601,24.06215,-0.5774258,0.43336424,-0.026914643,-16.113054,-16.613508,9.805548e-21,1.9120885e-17,1.0,1.991448e-11,5.472042e-11,3.453445e-11,3.5655926e-18,2.1616514e-18,2,46.07134,1.0,False,3.7734624e-09,Test
1555,0,-17.19915,-10.879774,17.987103,0.098956056,-0.013089076,2.1092522,-12.469298,-15.053736,5.2336493e-16,2.9058605e-13,0.9999999,1.7032416e-08,1.5227073e-08,1.2715607e-07,5.928607e-14,4.472449e-15,2,35.186253,1.0,False,3.9197353e-06,Test
1556,0,-14.906781,-9.346543,15.11329,0.3748686,-0.2785908,1.880277,-10.257786,-13.084599,9.1716565e-14,2.3835727e-11,0.9999976,3.9735974e-07,2.0672356e-07,1.7905002e-06,9.5825535e-12,5.6729903e-13,2,30.020073,1.0,False,5.0663213e-05,Test
1557,0,-19.442154,-12.395951,20.67895,-0.37290126,0.04368242,0.53426224,-14.179019,-13.894751,3.7638045e-18,4.322677e-15,1.0,7.1994144e-10,1.0919866e-09,1.7835008e-09,7.2673675e-16,9.656792e-16,2,40.1211,1.0,False,1.0620804e-07,Test
1558,0,-15.972825,-10.024523,16.39336,0.83304745,-0.7624145,1.9941335,-10.752524,-14.857903,8.78101e-15,3.3640226e-12,0.9999993,1.746795e-07,3.542756e-08,5.578209e-07,1.6243941e-12,2.6776189e-14,2,32.366184,1.0,False,1.7418284e-05,Test
1559,0,-19.732918,-12.683494,20.884615,0.5231767,-0.30887753,2.762443,-14.23482,-18.57939,2.2910285e-18,2.6397091e-15,1.0,1.4359506e-09,6.248604e-10,1.3478481e-08,5.595301e-16,7.26107e-18,2,40.61753,1.0,False,4.136791e-07,Test
1560,0,-21.727125,-14.778282,24.13747,0.7611615,-0.83928937,1.4363369,-15.929609,-20.446081,1.2057579e-20,1.2563293e-17,1.0,7.043657e-11,1.4214494e-11,1.3836393e-10,3.972732e-18,4.3412067e-20,2,45.864594,1.0,False,7.4192004e-09,Test
1561,0,-6.977969,-3.541497,2.2578185,0.25994515,-1.0553977,0.23619235,-2.236099,-0.58733714,7.080253e-05,0.0022003392,0.7262737,0.098499715,0.026435576,0.09618765,0.008117396,0.04221482,2,9.555615,0.9999292,False,1.3974832,Test
1562,0,-24.459097,-15.751802,25.8405,-0.5121102,0.9750115,2.9677348,-17.967426,-20.882942,1.4294266e-22,8.6435757e-19,1.0,3.590931e-12,1.5887507e-11,1.1654255e-10,9.4288644e-20,5.108189e-21,2,50.2996,1.0,False,4.5521813e-09,Test
1563,0,-10.871772,-6.611011,10.482178,0.06088899,-0.14822435,1.1698953,-7.2879567,-7.9207287,5.3215043e-10,3.7710258e-08,0.99985564,2.9787168e-05,2.4166433e-05,9.0295136e-05,1.9163117e-08,1.0177862e-08,2,21.354095,1.0,False,0.0022415586,Test
1564,0,-15.560848,-11.309182,16.667364,-0.18447675,0.40554938,2.0555534,-13.123,-13.3400135,1.00801215e-14,7.078474e-13,0.9999994,4.801072e-08,8.6613106e-08,4.5099424e-07,1.1540093e-13,9.2888344e-14,2,32.22821,1.0,False,1.3566341e-05,Test
1565,1,-22.96927,-14.759688,24.440481,0.4524368,-0.25295952,2.2472627,-16.344604,-20.438688,2.5716175e-21,9.453292e-18,1.0,3.8205383e-11,1.887012e-11,2.2993643e-10,1.9375883e-18,3.2301623e-20,2,39.20017,1.0,False,9.3565555e-09,Test
1566,0,-23.30817,-15.240612,24.791706,0.42065096,-0.2558786,1.85777,-16.219393,-20.526388,1.2897012e-21,4.1132503e-18,1.0,2.6048639e-11,1.3242569e-11,1.0962704e-10,1.545629e-18,2.0825842e-20,2,48.099876,1.0,False,5.0215987e-09,Test
1567,0,-9.487704,-5.538593,7.050997,-0.58883965,0.12772486,1.2416394,-5.2443395,-4.4343123,6.537191e-08,3.392094e-06,0.9955369,0.00047876083,0.0009802086,0.0029859697,4.5526144e-06,1.0234127e-05,2,16.543173,0.99999994,False,0.046860114,Test
1568,1,-9.760619,-5.7955594,8.118765,-1.3514224,0.3852995,0.13718607,-5.7873607,-2.552868,1.7167213e-08,9.051137e-07,0.999119,7.704903e-05,0.00043753817,0.00034139847,9.125642e-07,2.3173197e-05,2,13.915205,0.9999991,False,0.011530721,Test
1569,0,-13.826872,-8.713535,13.808944,0.093756676,0.056957733,2.5595877,-10.132207,-12.060232,9.952028e-13,1.6542634e-10,0.99998486,1.1055117e-06,1.06557e-06,1.3015476e-05,4.0039052e-11,5.82309e-12,2,27.63583,1.0,False,0.00027626957,Test
1570,0,-6.7691298,-4.4614406,-0.23029275,0.038875774,-1.0536021,4.0452213,-1.890327,-4.0590343,1.930986e-05,0.00019408662,0.013352418,0.017476656,0.0058613983,0.9602673,0.0025387288,0.00029024092,5,10.854895,0.9999807,False,0.31280038,Test
1571,0,-16.152067,-10.36337,15.170978,1.0293157,-0.9674193,3.711202,-10.068252,-15.715,2.4921258e-14,8.138958e-12,0.99998856,7.216879e-07,9.798919e-08,1.0545752e-05,1.0932943e-11,3.858202e-14,2,31.323055,1.0,False,0.00020778307,Test
1572,0,-9.832815,-6.226035,7.303314,-1.6210817,1.1269276,1.5880032,-7.0709147,-3.4897172,3.593181e-08,1.3239871e-06,0.9945017,0.00013237007,0.0020664972,0.003277008,5.687966e-07,2.0429203e-05,2,17.141644,0.99999994,False,0.055449307,Test
1573,0,-18.517563,-11.844729,19.240335,0.6094779,-0.25593424,2.193065,-12.982591,-16.784166,3.9990232e-17,3.1617555e-14,1.0,8.1044105e-09,3.4109697e-09,3.948797e-08,1.0133526e-14,2.2633808e-16,2,37.757896,1.0,False,1.2849459e-06,Test
1574,0,-16.193237,-10.206573,15.530047,0.40141997,-0.4049737,3.7604058,-10.644313,-15.637528,1.6701233e-14,6.648512e-12,0.9999919,2.6897808e-07,1.2008938e-07,7.735813e-06,4.2915706e-12,2.911322e-14,2,31.723293,1.0,False,0.00015168091,Test
1575,1,-23.091715,-15.024445,25.111006,0.20331082,-0.081089675,1.5454155,-16.846155,-20.301233,1.1636555e-21,3.7101764e-18,1.0,1.5230886e-11,1.1460729e-11,5.829004e-11,6.0011783e-19,1.8954624e-20,2,40.135452,1.0,False,2.945587e-09,Test
1576,0,-16.576456,-10.566472,15.970179,0.2793429,-0.1973315,3.7641618,-11.229468,-15.622791,7.33118e-15,2.987283e-12,0.99999475,1.5330427e-07,9.517808e-08,5.000254e-06,1.5393649e-12,1.90259e-14,2,32.54664,1.0,False,0.000101310085,Test
1577,0,-18.683565,-11.911915,19.162802,0.4260701,-0.15454093,2.935977,-13.0486965,-17.182549,3.660426e-17,3.1946407e-14,0.9999999,7.2902164e-09,4.0792902e-09,8.969724e-08,1.0250004e-14,1.6421548e-16,2,37.846367,1.0,False,2.5825798e-06,Test
1578,1,-11.006691,-6.774522,9.65245,0.042560704,-0.25677443,2.0296266,-6.8426056,-8.294651,1.065579e-09,7.338271e-08,0.9993942,6.702164e-05,4.9683902e-05,0.00048886274,6.8552765e-08,1.6047583e-08,2,16.427578,0.99999994,False,0.007893628,Test
1579,0,-20.890469,-13.236818,21.652369,0.488391,-0.52379936,3.451072,-14.229581,-20.147326,3.3410251e-19,7.043989e-16,1.0,6.435788e-10,2.338904e-10,1.2453105e-08,2.610159e-16,7.0246313e-19,2,42.54284,1.0,False,3.541386e-07,Test
1580,0,-13.882901,-8.571789,13.946773,0.21809013,-0.12541689,2.3322253,-9.835289,-12.572987,8.198257e-13,1.660764e-10,0.99998915,1.0906973e-06,7.7360824e-07,9.033609e-06,4.694364e-11,3.0381541e-12,2,27.829685,1.0,False,0.00020433546,Test
1581,0,-24.090557,-15.629454,25.613895,0.788418,-0.32523355,2.4306252,-17.011415,-21.966578,2.5919735e-22,1.2252985e-18,1.0,1.653606e-11,5.429745e-12,8.543464e-11,3.076535e-19,2.1680151e-21,2,49.704453,1.0,False,3.6529224e-09,Test
1582,0,-13.5623665,-8.525785,12.601225,0.3105698,-0.072923124,2.5594678,-8.782719,-11.531103,4.3378482e-12,6.6778044e-10,0.99994874,4.594244e-06,3.1308723e-06,4.354094e-05,5.164747e-10,3.3070505e-11,2,26.163643,1.0,False,0.0008434894,Test
1583,0,-21.527132,-14.019171,22.179668,0.21961017,0.30874458,3.5289466,-15.470508,-19.672766,1.0432224e-19,1.901274e-16,1.0,2.9031394e-10,3.1737915e-10,7.945005e-09,4.453853e-17,6.663764e-19,2,43.706802,1.0,False,2.3299059e-07,Test
1584,0,-23.612764,-15.166281,25.330563,0.43753526,-0.26441067,2.6311991,-16.685682,-21.978775,5.5485866e-22,2.5849088e-18,1.0,1.5455932e-11,7.6602795e-12,1.3860905e-10,5.656887e-19,2.8432544e-21,2,48.94333,1.0,False,5.3771365e-09,Test
1585,0,-18.878532,-12.179604,19.766376,0.3008457,-0.1309823,2.128449,-13.41826,-16.869238,1.6471355e-17,1.3367098e-14,1.0,3.517447e-09,2.2839535e-09,2.1874854e-08,3.873433e-15,1.2284449e-16,2,38.64491,1.0,False,7.2097424e-07,Test
1586,0,-17.67422,-11.347956,18.281332,0.6215872,-0.47995752,2.5900981,-12.351385,-16.630331,2.4249484e-16,1.3557006e-13,0.9999999,2.1402794e-08,7.11337e-09,1.532441e-07,4.9702694e-14,6.887432e-16,2,35.95555,1.0,False,4.378908e-06,Test
1587,0,-10.34866,-7.4089966,10.336947,0.27624017,-0.5144407,2.2425287,-7.9979467,-10.428942,1.0379946e-09,1.962793e-08,0.9996327,4.2710126e-05,1.9370576e-05,0.00030512596,1.08917355e-08,9.579213e-10,2,20.685976,1.0,False,0.005017102,Test
1588,0,-17.521702,-10.915673,17.611652,-1.850242,1.2246112,1.3484889,-12.873032,-11.627055,5.517954e-16,4.0807518e-13,0.99999976,3.5302568e-09,7.641847e-08,8.649642e-08,5.763282e-14,2.0035036e-13,2,35.133354,1.0,False,4.193217e-06,Test
1589,0,-23.547867,-15.211675,24.78242,0.47263455,-0.17396459,3.2372637,-16.710106,-21.978735,1.0242932e-21,4.2735157e-18,1.0,2.7694593e-11,1.4507075e-11,4.3960058e-10,9.5505e-19,4.9191357e-21,2,48.330284,1.0,False,1.5157756e-08,Test
1590,1,-19.638615,-12.660629,20.81665,-0.7267444,0.7537742,2.1054385,-14.875761,-15.879697,2.6946455e-18,2.8906943e-15,1.0,4.4037518e-10,1.9355473e-09,7.47866e-09,3.1548727e-16,1.1560572e-16,2,33.47728,1.0,False,2.7159413e-07,Test
1591,0,-20.648212,-13.447019,21.40333,0.9333685,-0.39049312,2.7288938,-14.536736,-19.359919,5.4606757e-19,7.3229413e-16,1.0,1.2882757e-09,3.4281739e-10,7.758812e-09,2.4627978e-16,1.980369e-18,2,42.051544,1.0,False,2.578583e-07,Test
1592,0,-16.994665,-10.78464,16.955032,-0.16958041,0.38647905,2.8326685,-11.94239,-14.252447,1.8023226e-15,8.9704134e-13,0.99999917,3.654894e-08,6.373355e-08,7.3575774e-07,2.8184372e-13,2.7974576e-14,2,33.9497,1.0,False,1.862086e-05,Test
1593,0,-18.533655,-12.125776,19.010454,0.26023,0.024724673,2.9715474,-13.479715,-16.581705,4.9522258e-17,3.004048e-14,0.9999999,7.1925133e-09,5.683325e-09,1.0824093e-07,7.757086e-15,3.487559e-16,2,37.54411,1.0,False,3.026832e-06,Test
1594,0,-21.134443,-14.193535,23.636047,1.0201968,-1.1698593,0.8800744,-15.025554,-20.405432,3.600992e-20,3.7223842e-17,1.0,1.5068186e-10,1.6862881e-11,1.3098035e-10,1.6198678e-17,7.464966e-20,2,44.770493,1.0,False,9.819971e-09,Test
1595,0,-6.575371,-5.3596315,8.259979,-0.7089938,-0.20619717,-0.3727112,-6.899374,-5.076958,3.6046563e-07,1.2157735e-06,0.9994809,0.00012723276,0.00021035894,0.00017809212,2.60706e-07,1.6129331e-06,2,14.835869,0.99999964,False,0.007251127,Test
1596,0,-19.653597,-12.6368475,20.234821,1.0011607,-0.87091625,2.6552107,-13.202437,-18.31933,4.749843e-18,5.2968197e-15,1.0,4.435348e-09,6.821731e-10,2.3188466e-08,3.008726e-15,1.8036152e-17,2,39.88842,1.0,False,7.319517e-07,Test
1597,0,-21.80842,-13.950935,22.799818,0.63638467,-0.21115978,2.4177158,-15.214667,-19.398945,4.2353402e-20,1.0948377e-16,1.0,2.3688815e-10,1.0149834e-10,1.4065823e-09,3.093992e-17,4.713147e-19,2,44.60824,1.0,False,5.230482e-08,Test
1598,0,-12.239919,-8.118922,10.482093,0.031396396,-0.13283107,3.4857905,-7.969974,-10.866697,1.35374e-10,8.3418294e-09,0.99903226,2.8900138e-05,2.4523182e-05,0.0009143741,9.6816395e-09,5.3446364e-10,2,22.72298,1.0,False,0.01143805,Test
1599,0,-24.69543,-16.024576,26.461472,0.25191078,-0.059077624,0.8229201,-17.089022,-20.081074,6.065123e-23,3.5362643e-19,1.0,4.143168e-12,3.035789e-12,7.333621e-12,1.219725e-19,6.121099e-21,2,51.156902,1.0,False,5.440761e-10,Test
1600,0,-17.550913,-11.200479,17.32843,0.55215293,-0.18232055,3.3828447,-11.954622,-15.94303,7.113678e-16,4.074294e-13,0.99999905,5.177914e-08,2.4841485e-08,8.7802897e-07,1.9166002e-13,3.5513008e-15,2,34.87934,1.0,False,2.0921925e-05,Test
1601,0,-13.772973,-8.161063,13.96257,-2.8462448,1.0398439,-2.642992,-10.194847,-1.7555426,9.007533e-13,2.4650548e-10,0.9999974,5.0121407e-08,2.4419119e-06,6.141788e-08,3.2252683e-11,1.491795e-07,2,27.735544,1.0,False,5.556022e-05,Test
1602,0,-22.0496,-14.754453,23.737232,1.2719164,-0.9649361,1.9977756,-15.742852,-21.219954,1.3032578e-20,1.9198799e-17,1.0,1.7516079e-10,1.8706174e-11,3.6197131e-10,7.145253e-18,2.9877424e-20,2,45.786835,1.0,False,1.7696365e-08,Test
1603,0,-19.774965,-12.223817,21.412956,0.2290336,-0.6328588,1.9672482,-13.292939,-18.739393,1.2951313e-18,2.4645377e-15,1.0,6.308697e-10,2.6645533e-10,3.5878693e-09,8.4609973e-16,3.6480046e-18,2,41.18792,1.0,False,1.2841038e-07,Test
1604,0,-10.319176,-6.5616083,8.554072,-1.1286705,1.0436318,2.7015903,-7.227202,-6.7961106,6.337851e-09,2.7153965e-07,0.99652904,6.213382e-05,0.00054543995,0.0028627892,1.3956272e-07,2.1477808e-07,2,18.876726,1.0,False,0.035979748,Test
1605,1,-9.744461,-6.05066,9.665825,-0.36435395,0.050379127,1.6271915,-7.267447,-7.960858,3.7156231e-09,1.4935819e-07,0.9995666,4.4031178e-05,6.666173e-05,0.00032260985,4.4236973e-08,2.2112657e-08,2,15.716919,0.9999998,False,0.0059341514,Test
1606,0,-12.287263,-7.342625,11.711044,-0.61292005,-0.05735487,0.06926339,-7.794606,-6.67343,3.7814547e-11,5.309915e-09,0.999979,4.4438693e-06,7.7453315e-06,8.7908265e-06,3.3790524e-09,1.03684865e-08,2,23.998327,1.0,False,0.00038894595,Test
1607,0,-15.076459,-9.421813,15.739785,-0.4130273,0.249772,2.1959615,-11.143802,-13.110446,4.1368954e-14,1.1815607e-11,0.99999833,9.658768e-08,1.8740107e-07,1.3121745e-06,2.1115718e-12,2.9546298e-13,2,30.816246,1.0,False,3.4400426e-05,Test
1608,0,-19.26439,-12.377531,20.23512,0.435902,-0.09054862,1.7436733,-13.59729,-16.60626,7.007773e-18,6.862862e-15,1.0,2.5194653e-09,1.4882421e-09,9.316793e-09,2.0266085e-15,9.999804e-17,2,39.49951,1.0,False,3.6415676e-07,Test
1609,0,-22.123232,-14.0498705,23.619547,0.7711247,-0.73836327,1.7370857,-15.148609,-20.087715,1.3619576e-20,4.368974e-17,1.0,1.194142e-10,2.639332e-11,3.1373842e-10,1.4561393e-17,1.042745e-19,2,45.74278,1.0,False,1.4768414e-08,Test
1610,0,-8.751211,-4.493024,3.9722757,-0.8699958,-0.47540355,-1.6591914,-3.3043423,3.1265447,2.0506739e-06,0.0001449452,0.6880765,0.0054283147,0.008054416,0.002465595,0.00047581884,0.29535234,2,13.0973425,0.999998,False,1.0161667,Test
1611,0,-25.39202,-16.355251,26.881817,0.38046837,0.09064135,3.675986,-18.6176,-23.332087,1.9850079e-23,1.6687062e-19,1.0,3.0946432e-12,2.3160085e-12,8.352864e-11,1.7372189e-20,1.5573205e-22,2,52.273834,1.0,False,3.0042862e-09,Test
1612,0,-6.624831,-3.871985,4.1582384,-1.1907969,0.3662002,0.8256981,-4.318389,-1.3077592,1.9430663e-05,0.00030481291,0.9365161,0.004451012,0.02111806,0.033435773,0.00019505755,0.0039597033,2,10.848659,0.99998057,False,0.44270268,Test
1613,0,-15.389027,-10.042364,14.934764,0.6373102,-0.54038626,3.5631769,-10.310348,-14.796604,6.7692305e-14,1.4209086e-11,0.9999876,6.175744e-07,1.9020517e-07,1.1518004e-05,1.086881e-11,1.2241232e-13,2,30.323803,1.0,False,0.00022366167,Test
1614,1,-14.351536,-8.899538,14.867871,-0.5248673,0.0996058,1.1687661,-9.833831,-11.269604,2.0425488e-13,4.763697e-11,0.99999833,2.0654656e-07,3.8567632e-07,1.1234492e-06,1.871485e-11,4.4528548e-12,2,23.767412,1.0,False,3.7417714e-05,Test
1615,0,-12.118133,-7.7522063,11.257689,0.17376992,-0.11959867,3.5546095,-8.455058,-11.800737,7.0437156e-11,5.544976e-09,0.999522,1.534996e-05,1.1447192e-05,0.00045121874,2.7457112e-09,9.674872e-11,2,23.3763,1.0,False,0.0061378833,Test
1616,0,-7.3193226,-5.1693954,1.3991823,0.22644144,-0.71545184,5.482729,-3.162898,-7.81424,2.689755e-06,2.3089484e-05,0.016447932,0.0050909217,0.0019848943,0.97627705,0.00017172162,1.6397327e-06,5,12.82606,0.9999973,False,0.1904699,Test
1617,0,-8.792394,-5.7622843,8.142348,0.0640116,-0.1851465,2.307328,-6.2578144,-8.142953,4.4038e-08,9.115645e-07,0.99653506,0.00030911175,0.00024093929,0.0029132352,5.553687e-07,8.430943e-08,2,16.938213,0.99999994,False,0.03606161,Test
1618,0,-7.9118576,-4.790644,6.957307,-0.20381187,-0.100868344,1.2048873,-5.3661704,-5.503997,3.4698613e-07,7.867517e-06,0.995195,0.0007724563,0.00085621275,0.0031598331,4.424765e-06,3.855074e-06,2,14.873981,0.99999964,False,0.050160196,Test
1619,1,-14.184583,-9.505281,14.464664,-0.2022828,0.15408666,2.1841006,-10.896512,-12.133797,3.6123348e-13,3.890293e-11,0.9999943,4.267988e-07,6.095267e-07,4.641054e-06,9.6778505e-12,2.8082296e-12,2,23.969952,1.0,False,0.00011201229,Test
1620,0,-21.73348,-13.945655,23.192308,0.6222256,-0.4788106,1.8135788,-15.178877,-19.447699,3.0830304e-20,7.433406e-17,1.0,1.5773832e-10,5.2452154e-11,5.192016e-10,2.1657382e-17,3.0316583e-19,2,44.92579,1.0,False,2.294122e-08,Test
1621,1,-13.424218,-8.826834,14.644883,-0.4184279,0.24328722,1.6244354,-10.662941,-11.533433,6.45272e-13,6.4026694e-11,0.9999969,2.871349e-07,5.5649974e-07,2.2145732e-06,1.0208236e-11,4.2746483e-12,2,23.471722,1.0,False,6.379044e-05,Test
1622,0,-19.473291,-12.480021,20.363003,0.53876716,-0.45013523,1.6418366,-13.44807,-16.939964,5.0039902e-18,5.450739e-15,1.0,2.4572182e-09,9.140489e-10,7.4045836e-09,2.0703198e-15,6.3027086e-17,2,39.836296,1.0,False,2.9771365e-07,Test
1623,0,-22.961193,-14.714567,24.327528,0.7747434,-0.8238338,2.8794546,-15.485595,-21.908958,2.9024865e-21,1.107219e-17,1.0,5.90413e-11,1.1937201e-11,4.8441734e-10,5.121308e-18,8.312818e-21,2,47.28872,1.0,False,1.7428684e-08,Test
1624,0,-12.69793,-8.951644,13.797177,-0.8760902,0.5365361,1.4574008,-10.863476,-9.954232,3.1139965e-12,1.319197e-10,0.99999344,4.241096e-07,1.7417022e-06,4.3742148e-06,1.9498984e-11,4.8405096e-11,2,26.495113,1.0,False,0.0001296366,Test
1625,0,-12.623019,-7.8924093,11.850106,0.16608894,0.03062534,2.4682589,-8.417922,-10.453853,2.3518696e-11,2.6661893e-09,0.9999,8.426599e-06,7.359041e-06,8.423101e-05,1.5763902e-09,2.0581181e-10,2,24.473225,1.0,False,0.0015520374,Test
1626,0,-17.159813,-10.896502,17.288433,0.53928214,-0.440503,2.5810285,-11.587018,-15.854131,1.0947543e-15,5.7469605e-13,0.9999995,5.3202964e-08,1.9971976e-08,4.0987828e-07,2.8810523e-13,4.039872e-15,2,34.448246,1.0,False,1.1181311e-05,Test
1627,1,-23.816584,-15.653879,25.5486,-0.52712244,0.64473855,2.76232,-18.073502,-20.623423,3.638935e-22,1.2764148e-18,1.0,4.7365046e-12,1.5289419e-11,1.2707042e-10,1.1354352e-19,8.866383e-21,2,41.202477,1.0,False,4.904782e-09,Test
1628,0,-17.284994,-11.045823,17.994576,0.7235086,-0.58487993,2.6576872,-12.051404,-16.74502,4.767346e-16,2.442955e-13,0.99999976,3.1569737e-08,8.5318765e-09,2.184107e-07,8.9371124e-14,8.180618e-16,2,35.27957,1.0,False,6.1919454e-06,Test
1629,1,-12.43346,-7.6829123,11.508614,-0.73188156,0.67296684,2.553673,-8.813496,-9.073743,3.9996565e-11,4.6255058e-09,0.99984634,4.8300763e-06,1.9682113e-05,0.0001290779,1.4933217e-09,1.1511445e-09,2,19.19168,1.0,False,0.0022823908,Test
1630,1,-20.070005,-12.953154,21.099289,0.30868378,-0.07983336,3.2844825,-14.578087,-19.021975,1.3194769e-18,1.6263398e-15,1.0,9.348775e-10,6.3390443e-10,1.8328548e-08,3.2026729e-16,3.7632015e-18,2,34.052444,1.0,False,5.184783e-07,Test
1631,0,-12.741839,-7.7923903,12.1800585,-1.4541769,1.4696971,1.6834644,-9.680678,-7.46878,1.5015336e-11,2.118623e-09,0.99994886,1.1986837e-06,2.2311406e-05,2.7628974e-05,3.2061245e-10,2.928167e-09,2,24.92195,1.0,False,0.00086066255,Test
1632,0,-17.311018,-10.756748,17.882656,-0.03622406,-0.03161442,1.8608481,-11.801553,-14.804364,5.1949616e-16,3.6480828e-13,0.9999999,1.651692e-08,1.6593239e-08,1.1010749e-07,1.2832529e-13,6.371003e-15,2,35.193672,1.0,False,3.5729286e-06,Test
1633,0,-13.652271,-8.964259,12.583067,-0.080670506,0.18139775,3.7885334,-9.353468,-12.616324,4.03709e-12,4.3857779e-10,0.9998412,3.163296e-06,4.111065e-06,0.0001515352,2.9717687e-10,1.1375613e-11,2,26.235497,1.0,False,0.002283123,Test
1634,0,-6.519906,-3.8946126,3.6135962,-0.7843408,-0.08702926,0.8166533,-3.350911,-1.4816765,3.5929577e-05,0.000496138,0.9044324,0.011126958,0.022346778,0.055166982,0.0008545335,0.0055402247,2,10.23395,0.99996406,False,0.6126388,Test
1635,0,-9.827134,-6.1472206,7.4083505,-0.42296436,0.25439423,2.7332294,-6.172682,-6.518865,3.237313e-08,1.2833682e-06,0.9896025,0.00039297406,0.00077363657,0.0092274435,1.2511045e-06,8.8500946e-07,2,17.245937,0.99999994,False,0.08980875,Test
1636,0,-13.957092,-8.93351,13.473214,-0.09495936,0.04511326,2.6586504,-9.4093275,-12.055197,1.2222493e-12,1.8572653e-10,0.99997723,1.2805817e-06,1.4731268e-06,2.0104104e-05,1.1540604e-10,8.187319e-12,2,27.430328,1.0,False,0.0004003032,Test
1637,0,-10.953385,-7.3827043,11.586671,0.055555493,-0.31204677,1.735478,-8.344754,-10.371878,1.6253537e-10,5.776633e-09,0.99993074,9.819063e-06,6.7986452e-06,5.268068e-05,2.207303e-09,2.9073213e-10,2,22.540125,1.0,False,0.0011289292,Test
1638,0,-24.443048,-16.675827,28.204653,-1.4798827,1.1041542,0.3950415,-20.077908,-20.446983,1.3658211e-23,3.2259385e-20,1.0,1.2828321e-13,1.699821e-12,8.364494e-13,1.0743596e-21,7.4278603e-22,2,52.6477,1.0,False,1.0551202e-10,Test
1639,0,-8.321518,-5.2610106,7.24059,-0.38591942,-0.12315236,2.3184388,-5.8750215,-7.0361404,1.7291183e-07,3.68966e-06,0.991659,0.00048329387,0.00062853534,0.007222692,1.9967533e-06,6.252548e-07,2,15.570484,0.9999998,False,0.07548949,Test
1640,0,-11.564472,-7.181046,11.3044615,-0.17138992,-0.096011564,2.0379858,-7.9823275,-9.532868,1.1697618e-10,9.371206e-09,0.9998839,1.0376497e-05,1.1188895e-05,9.453014e-05,4.2053636e-09,8.9209723e-10,2,22.869051,1.0,False,0.0017874866,Test
1641,0,-15.9440365,-9.870044,16.321743,0.14898649,-0.22352992,1.9172194,-10.782931,-14.195048,9.708465e-15,4.2174584e-12,0.9999993,9.468058e-08,6.5234744e-08,5.5487413e-07,1.6927343e-12,5.5811692e-14,2,32.265778,1.0,False,1.6329408e-05,Test
1642,0,-8.738074,-4.9331703,6.9527864,-1.3914869,0.28414524,0.03744687,-4.848106,-1.8315461,1.5289335e-07,6.8681125e-06,0.99733907,0.00023712147,0.0012667439,0.0009898036,7.477917e-06,0.00015270589,2,15.693525,0.9999998,False,0.03094438,Test
1643,0,-21.893272,-14.228327,23.338251,0.14129397,0.09191184,2.154359,-16.153334,-18.801008,2.2709092e-20,4.8421975e-17,1.0,8.427325e-11,8.0212656e-11,6.308889e-10,7.063544e-18,5.002098e-19,2,45.23152,1.0,False,2.4791584e-08,Test
1644,0,-17.098164,-11.134987,17.978704,-0.19796345,0.30232033,1.1983877,-12.577364,-13.480531,5.8386246e-16,2.2703063e-13,0.9999999,1.2763602e-08,2.1049605e-08,5.1570428e-08,5.3662146e-14,2.1748398e-14,2,35.076866,1.0,False,2.205971e-06,Test
1645,0,-20.284912,-13.14597,20.619194,0.4013351,-0.0058409013,3.6900275,-14.377213,-18.915646,1.7201742e-18,2.1675836e-15,1.0,1.6576593e-09,1.1032182e-09,4.443818e-08,6.3278147e-16,6.764525e-18,2,40.904106,1.0,False,1.1665195e-06,Test
1646,0,-16.610695,-10.388485,16.893543,0.31711763,-0.5324089,3.0159845,-11.000497,-15.856963,2.8138039e-15,1.4176378e-12,0.99999905,6.323383e-08,2.7039857e-08,9.398367e-07,7.6872726e-13,5.9790883e-15,2,33.50424,1.0,False,2.2556493e-05,Test
1647,0,-9.19189,-5.5716767,8.156956,-1.7429693,1.0651171,0.726062,-6.836478,-3.6198208,2.9164047e-08,1.0891482e-06,0.9985184,5.010409e-05,0.0008306338,0.0005917794,3.074613e-07,7.669501e-06,2,17.350328,1.0,False,0.017856639,Test
1648,0,-26.35131,-16.7294,28.323399,0.21985444,-0.20577246,3.2435434,-18.48862,-24.68833,1.7991835e-24,2.7153005e-20,1.0,6.234273e-13,4.0732256e-13,1.2822047e-11,4.6751796e-21,9.4907335e-24,2,54.67471,1.0,False,5.059764e-10,Test
1649,0,-17.90448,-11.326389,18.775488,0.9465181,-1.066628,2.1477454,-11.951843,-17.184677,1.175145e-16,8.451247e-14,0.9999999,1.8070772e-08,2.4136746e-09,6.007075e-08,4.521573e-14,2.413781e-16,2,36.67997,1.0,False,2.0609264e-06,Test
1650,0,-17.19439,-10.3795395,18.52278,-2.8300045,1.7027576,-0.82374686,-13.594565,-7.720153,3.0777254e-16,2.8046738e-13,1.0,5.3284893e-10,4.9562935e-08,3.9619596e-09,1.1261981e-14,4.007188e-12,2,35.71717,1.0,False,1.3298636e-06,Test
1651,0,-12.8688545,-8.014592,12.19756,-3.0976136,3.1374443,0.7633439,-11.513203,-5.246039,1.29938985e-11,1.666934e-09,0.9998727,2.276854e-07,0.00011619472,1.0817517e-05,5.0407088e-11,2.656352e-08,2,25.066542,1.0,False,0.0018865728,Test
1652,0,-8.37828,-4.5949354,5.400728,-1.7876151,0.31894076,-0.7604044,-4.7385287,1.3213372,1.0108171e-06,4.4438366e-05,0.9745849,0.00073614257,0.006051003,0.0020562396,3.8494272e-05,0.016487798,2,13.804751,0.999999,False,0.20567434,Test
1653,0,-22.580559,-14.661913,23.920416,0.42630485,-0.03889684,2.5847025,-16.185389,-20.129566,6.380908e-21,1.7535071e-17,1.0,6.2609126e-11,3.9319034e-11,5.4202315e-10,3.8218218e-18,7.401789e-20,2,46.500977,1.0,False,2.0165203e-08,Test
1654,0,-21.821123,-14.204425,23.352312,-0.36808077,0.29394227,2.731118,-16.13162,-19.542671,2.4067243e-20,4.8900893e-17,1.0,4.9930345e-11,9.6800346e-11,1.1074621e-09,7.117803e-18,2.3493423e-19,2,45.173435,1.0,False,3.7875967e-08,Test
1655,0,-14.690347,-9.574831,13.973066,0.36559668,-0.291848,2.78322,-9.783772,-12.933201,3.5614814e-13,5.932958e-11,0.9999844,1.2312445e-06,6.3799837e-07,1.3813536e-05,4.8142518e-11,2.0641908e-12,2,28.66343,1.0,False,0.00028300597,Test
1656,0,-12.345399,-8.123104,12.33031,-0.04142338,-0.29173413,1.7292414,-8.658402,-10.458681,1.92071e-11,1.3097267e-09,0.9999676,4.2365295e-06,3.2983903e-06,2.4888594e-05,7.668386e-10,1.2672238e-10,2,24.675741,1.0,False,0.0005631748,Test
1657,0,-18.820324,-11.967324,18.569967,0.2569422,-0.036917243,3.9954298,-13.036611,-17.137255,5.775685e-17,5.4679202e-14,0.9999995,1.1136643e-08,8.301045e-09,4.6812158e-07,1.8768822e-14,3.108496e-16,2,37.39029,1.0,False,1.10480105e-05,Test
1658,0,-21.233728,-13.646001,21.819271,0.5521159,-0.24841212,3.574111,-14.741585,-20.050413,2.0059452e-19,3.959392e-16,1.0,5.8048644e-10,2.606918e-10,1.1918678e-08,1.323799e-16,6.5497996e-19,2,43.053,1.0,False,3.3983596e-07,Test
1659,0,-25.912592,-16.725296,27.560425,0.80666745,-0.86537737,3.733511,-17.762024,-25.322218,5.98363e-24,5.847306e-20,1.0,2.4043116e-12,4.516801e-13,4.488516e-11,2.0735314e-20,1.0798396e-23,2,53.473015,1.0,False,1.6542497e-09,Test
1660,0,-15.006481,-9.749549,13.951985,0.24647379,-0.036663305,4.341439,-10.055825,-13.982806,2.651357e-13,5.087735e-11,0.999931,1.1162003e-06,8.4096365e-07,6.7013585e-05,3.745505e-11,7.3797934e-13,2,28.958534,1.0,False,0.0010676901,Test
1661,0,-21.525097,-14.297495,23.221666,0.6040985,-0.42304632,2.3794067,-15.637352,-20.338314,3.6874558e-20,5.0773292e-17,1.0,1.5042341e-10,5.3855722e-11,8.8781266e-10,1.3296692e-17,1.2082034e-19,2,44.746765,1.0,False,3.344115e-08,Test
1662,0,-9.10688,-5.4443474,8.434987,-0.870445,0.2381289,0.540198,-6.3091416,-4.47512,2.4062555e-08,9.374737e-07,0.9992576,9.0861424e-05,0.00027531324,0.00037240377,3.948058e-07,2.4710948e-06,2,17.542608,1.0,False,0.009862359,Test
1663,0,-18.660965,-11.901987,19.49692,1.0198025,-0.8451088,2.470077,-12.843929,-17.922335,2.6806622e-17,2.3100857e-14,1.0,9.451262e-09,1.4640963e-09,4.030291e-08,9.006312e-15,5.610794e-17,2,38.157883,1.0,False,1.2849322e-06,Test
1664,0,-20.360075,-13.042136,22.154427,0.5840324,-0.7326772,0.88016576,-14.0356455,-18.143414,3.4370492e-19,5.179962e-16,1.0,4.2864395e-10,1.1488333e-10,5.7637567e-10,1.9180143e-16,3.1540633e-18,2,42.514503,1.0,False,3.4822847e-08,Test
1665,0,-11.400632,-8.059258,13.075465,-0.45405987,0.097755656,0.8269446,-9.775943,-10.118653,2.3451059e-11,6.626779e-10,0.99999166,1.3310623e-06,2.311259e-06,4.7921603e-06,1.1905728e-10,8.4512064e-11,2,24.476105,1.0,False,0.00016617468,Test
1666,0,-6.1766005,-4.1858096,6.4687433,-0.11728952,-0.34542924,0.9832844,-5.1932993,-5.668819,3.201194e-06,2.3436982e-05,0.9933791,0.0013703683,0.0010908309,0.0041191773,8.557645e-06,5.3191093e-06,2,12.651987,0.9999968,False,0.06658244,Test
1667,0,-15.498706,-9.228589,15.802149,-3.068,1.5218039,-1.4688975,-11.543502,-4.104458,2.548072e-14,1.3467532e-11,0.9999994,6.3796652e-09,6.2823875e-07,3.1570387e-08,1.3302552e-12,2.2629258e-09,2,31.300854,1.0,False,1.5000828e-05,Test
1668,0,-26.90464,-17.409351,28.68135,0.52894646,-0.15843934,3.468862,-19.27826,-24.978947,7.232874e-25,9.617505e-21,1.0,5.936985e-13,2.985645e-13,1.1229373e-11,1.4839048e-21,4.9616823e-24,2,55.58599,1.0,False,4.449921e-10,Test
1669,0,-15.078026,-9.376436,15.357713,0.36602426,-0.32739758,2.204531,-10.176378,-13.838506,6.0523784e-14,1.8117327e-11,0.9999976,3.0845462e-07,1.5418503e-07,1.9392983e-06,8.141113e-12,2.0904625e-13,2,30.43574,1.0,False,5.040122e-05,Test
1670,0,-9.9530325,-5.8694105,9.521104,-1.123157,0.5155689,0.2675008,-7.1648107,-4.416526,3.4864573e-09,2.0695639e-07,0.99975663,2.3831466e-05,0.00012269872,9.574268e-05,5.666221e-08,8.8482756e-07,2,19.47438,1.0,False,0.0036134406,Test
1671,0,-6.129916,-3.4327636,1.92191,-1.4628187,-0.6965414,-0.121617354,-2.187195,1.6621251,0.00015697906,0.002329166,0.49283955,0.016700769,0.03593573,0.063857645,0.008093639,0.38008645,2,8.759398,0.999843,False,1.6366282,Test
1672,0,-23.285995,-14.876351,24.83457,0.89850575,-1.009706,2.9169624,-15.861422,-22.816572,1.2632903e-21,5.6723836e-18,1.0,4.0243857e-11,5.9699867e-12,3.0290306e-10,2.1181438e-18,2.0200956e-21,2,48.120567,1.0,False,1.1190236e-08,Test
1673,0,-14.040505,-8.519193,13.645713,-0.042205542,-0.23192118,1.4757135,-8.708766,-11.088616,9.462918e-13,2.3653787e-10,0.9999927,1.136081e-06,9.3976e-07,5.1836228e-06,1.9569063e-10,1.8113991e-11,2,27.686226,1.0,False,0.00014276737,Test
1674,0,-22.48395,-14.222306,24.24274,0.092559546,-0.1355062,2.6294417,-16.114315,-20.603851,5.0916133e-21,1.9717089e-17,1.0,3.248701e-11,2.5862004e-11,4.1064238e-10,2.9727159e-18,3.3371258e-20,2,46.726692,1.0,False,1.4845871e-08,Test
1675,0,-13.244145,-8.281433,12.225613,-0.13063502,0.13206187,2.3741717,-8.788203,-10.093682,8.681562e-12,1.2412978e-09,0.9999374,4.3025166e-06,5.595134e-06,5.2667972e-05,7.478046e-10,2.0268734e-10,2,25.46982,1.0,False,0.001013228,Test
1676,0,-28.33908,-18.897135,30.522814,1.1198949,-0.47897446,2.9916532,-20.71613,-26.230917,2.732781e-26,3.4449985e-22,1.0,1.700099e-13,3.4363236e-14,1.105017e-12,5.5873895e-23,2.2499242e-25,2,58.861893,1.0,False,5.2638904e-11,Test
1677,0,-25.43463,-16.332932,27.316183,0.7474926,-0.61153686,2.6553683,-17.649834,-23.653395,1.2320071e-23,1.1051712e-19,1.0,2.8931037e-12,7.4326846e-13,1.9495952e-11,2.9614623e-20,7.314651e-23,2,52.750813,1.0,False,8.344689e-10,Test
1678,1,-8.641466,-4.836542,6.978781,-2.1013486,0.8015965,-0.6173903,-5.8739214,0.11626456,1.6390335e-07,7.36284e-06,0.996265,0.0001134814,0.0020685103,0.0005004948,2.609257e-06,0.0010423694,2,11.819065,0.9999926,False,0.04130177,Test
1679,0,-17.407925,-11.20913,17.103876,-1.0408621,1.0867442,2.9551015,-12.621328,-13.328949,1.02734e-15,5.056113e-13,0.99999917,1.3177724e-08,1.10623574e-07,7.1657996e-07,1.2317068e-13,6.0700414e-14,2,34.511803,1.0,False,1.8732231e-05,Test
1680,0,-15.306963,-9.491945,15.940327,-0.43865836,0.1605871,0.8531201,-10.851761,-11.226123,2.6882788e-14,9.013727e-12,0.9999995,7.7036624e-08,1.4026394e-07,2.8035552e-07,2.313897e-12,1.59133e-12,2,31.24729,1.0,False,1.18042235e-05,Test
1681,0,-2.7809286,-4.2261147,4.826488,0.5883901,-1.5812839,-1.3505058,-4.6442323,-4.7488117,0.00048752906,0.00011491167,0.9814306,0.01416697,0.0016180783,0.0020380989,7.564462e-05,6.813332e-05,2,7.6261606,0.9995125,False,0.15560971,Test
1682,0,-9.676353,-5.754995,8.499463,-1.8377643,0.71731645,0.39411885,-6.6850266,-2.6635299,1.2764707e-08,6.442212e-07,0.9992341,3.237924e-05,0.00041679642,0.00030169013,2.5417154e-07,1.4178856e-05,2,18.176582,1.0,False,0.010043106,Test
1683,0,-6.5263577,-4.278553,0.34283105,-0.34381735,-0.879588,3.5816176,-2.107412,-3.1149974,3.789104e-05,0.0003587118,0.036457527,0.01834761,0.010737356,0.9297673,0.0031452854,0.0011483419,5,10.180796,0.9999621,False,0.48995242,Test
1684,1,-11.747412,-7.3764567,11.931263,-0.1408355,0.059906922,1.5430199,-8.65724,-9.63478,5.2055107e-11,4.118554e-09,0.9999565,5.716566e-06,6.9874172e-06,3.079106e-05,1.1442157e-09,4.3049417e-10,2,19.307764,1.0,False,0.00074364006,Test
1685,0,4.7820272,-2.6891797,-0.532642,1.8808768,-3.7521498,-1.3035632,-2.6040688,-9.361449,0.94025564,0.0005352321,0.004625029,0.051676407,0.00018488431,0.002139477,0.0005827808,6.7734845e-07,0,0.06160351,0.059744358,True,0.37368086,Test
1686,0,-16.918516,-10.661983,17.508076,0.82922024,-0.7112232,2.2121406,-11.717492,-15.828952,1.1187211e-15,5.833089e-13,0.99999976,5.7077482e-08,1.223091e-08,2.2754111e-07,2.0300066e-13,3.3259244e-15,2,34.42659,1.0,False,7.2321286e-06,Test
1687,0,-14.73192,-9.357765,14.855971,-0.5020669,0.35851282,1.7200526,-10.697805,-11.351465,1.412997e-13,3.048641e-11,0.9999974,2.1383941e-07,5.056298e-07,1.9730671e-06,7.982429e-12,4.15197e-12,2,29.587893,1.0,False,5.666245e-05,Test
1688,0,-24.891542,-16.225273,26.80512,1.4059714,-1.4230633,1.934633,-16.841682,-23.405869,3.535286e-23,2.0518078e-19,1.0,9.3172935e-12,5.5037106e-13,1.580828e-11,1.107729e-19,1.5618658e-22,2,51.696663,1.0,False,9.3103875e-10,Test
1689,1,-17.080875,-10.975351,18.391487,-0.5870196,0.344814,0.45852152,-12.681036,-12.70524,3.9314132e-16,1.7625608e-13,1.0,5.7245257e-09,1.4535487e-08,1.6285899e-08,3.201656e-14,3.1250925e-14,2,29.366838,1.0,False,9.565382e-07,Test
1690,1,-6.7167826,-4.753828,7.573273,-0.3090953,-0.4109116,0.53917027,-5.8898315,-6.4374146,6.211696e-07,4.422939e-06,0.99839586,0.00037673296,0.0003402635,0.00087989465,1.4202044e-06,8.2136904e-07,2,12.328706,0.9999956,False,0.019584754,Test
1691,0,-21.242868,-13.672798,22.386858,0.31625652,-0.1425588,2.3577502,-15.0208025,-18.802137,1.1268097e-19,2.1851998e-16,1.0,2.5993166e-10,1.6428522e-10,2.0020223e-09,5.676218e-17,1.2937388e-18,2,43.629726,1.0,False,7.146654e-08,Test
1692,0,-9.3097315,-5.523693,7.9238377,-1.3458626,-0.019254062,-1.9165452,-5.671447,-0.15389375,3.274926e-08,1.4436354e-06,0.999185,9.415998e-05,0.00035481743,5.3213527e-05,1.2453427e-06,0.00031012148,2,17.234385,0.99999994,False,0.010924427,Test
1693,0,-4.597601,-3.0982568,4.198737,-0.39860907,-0.8345345,-2.2828832,-3.2607408,0.20586734,0.00014575063,0.0006527805,0.96341085,0.00970978,0.0062789842,0.0014752974,0.000554883,0.01777175,2,8.833613,0.99985427,False,0.2946353,Test
1694,1,-13.788608,-8.609696,12.965945,-0.2943969,-0.29665214,2.494262,-8.692632,-11.532668,2.4023236e-12,4.2638712e-10,0.9999682,1.7421781e-06,1.7382548e-06,2.8326427e-05,3.9245124e-10,2.292839e-11,2,21.575674,1.0,False,0.00054038904,Test
1695,0,-18.17976,-11.653801,19.676975,-0.901232,0.6368037,0.69844,-13.746508,-13.294742,3.62267e-17,2.4729581e-14,1.0,1.1561075e-09,5.382189e-09,5.7243623e-09,3.0504574e-15,4.7925306e-15,2,37.856735,1.0,False,3.389027e-07,Test
1696,0,-7.9261637,-4.234008,4.5690894,0.23715498,-1.2082307,0.5345516,-2.873446,-3.737661,3.6180465e-06,0.0001451968,0.96625865,0.012698667,0.0029925073,0.017096842,0.0005660324,0.00023851605,2,12.529576,0.99999636,False,0.26418263,Test
1697,0,-9.675269,-5.4384236,7.5723996,-1.0264044,0.32031924,-0.18703203,-5.9400992,-2.5511918,3.2273103e-08,2.232953e-06,0.99863845,0.00018407506,0.0007077335,0.00042611797,1.3520869e-06,4.0067145e-05,2,17.249031,0.99999994,False,0.017078305,Test
1698,0,-18.031189,-11.241519,18.856852,-0.18411082,0.035063263,1.3589275,-12.448248,-14.483491,9.543955e-17,8.480944e-14,1.0,5.37793e-09,6.6957773e-09,2.5162153e-08,2.5372779e-14,3.314918e-15,2,36.88804,1.0,False,9.647539e-07,Test
1699,0,-24.245136,-15.776107,25.209942,1.3160225,-0.9954936,3.5989096,-16.454933,-23.284967,3.3260784e-22,1.5848377e-18,1.0,4.1976173e-11,4.1602962e-12,4.115739e-10,8.0384936e-19,8.688157e-22,2,49.45508,1.0,False,1.4436378e-08,Test
1700,0,-25.194433,-16.452808,27.051785,-0.89771307,1.2652696,1.881512,-19.45444,-19.41754,2.0405948e-23,1.2770132e-19,1.0,7.2725647e-13,6.3249796e-12,1.1713573e-11,6.347502e-21,6.5861223e-21,2,52.246216,1.0,False,6.899825e-10,Test
1701,0,-17.505022,-11.066316,18.756811,-0.6758667,0.44502065,1.6347287,-13.159693,-13.894074,1.7851962e-16,1.11681226e-13,1.0,3.634922e-09,1.11504e-08,3.6641595e-08,1.3766973e-14,6.6054158e-15,2,36.261833,1.0,False,1.3016058e-06,Test
1702,0,-17.64785,-11.292225,18.079885,0.60339206,-0.46437556,2.5903885,-12.229159,-16.169107,3.0453743e-16,1.7532927e-13,0.99999976,2.5707218e-08,8.837497e-09,1.8749805e-07,6.869884e-14,1.3361378e-15,2,35.727737,1.0,False,5.3325307e-06,Test
1703,0,-11.0914,-6.7625284,9.886826,0.045599155,-0.38240924,2.2665894,-6.4516516,-9.116867,7.744996e-10,5.8752544e-08,0.99942183,5.3181237e-05,3.466386e-05,0.0004901424,8.017481e-08,5.578918e-09,2,20.978804,1.0,False,0.007494835,Test
1704,0,-22.32962,-14.529556,23.74171,0.1525519,0.23636444,2.2872796,-16.464693,-19.526573,9.805622e-21,2.3933154e-17,1.0,5.6932258e-11,6.1909575e-11,4.813476e-10,3.4560491e-18,1.617421e-19,2,46.07133,1.0,False,1.8935705e-08,Test
1705,0,-23.430532,-15.414835,24.993711,-0.24680978,0.56522775,2.5851662,-17.689192,-20.22093,9.324339e-22,2.8235225e-18,1.0,1.0918959e-11,2.4594852e-11,1.8539276e-10,2.9043612e-19,2.3095676e-20,2,48.424244,1.0,False,7.257906e-09,Test
1706,0,-21.328989,-14.088152,22.728888,1.2407835,-1.0558398,2.918907,-15.09072,-21.147373,7.343571e-20,1.02462015e-16,1.0,4.654093e-10,4.681923e-11,2.492498e-09,3.7597023e-17,8.806085e-20,2,44.057877,1.0,False,8.726961e-08,Test
1707,0,-16.72021,-10.851287,16.985119,0.9978675,-0.9327962,2.988625,-11.281265,-16.514608,2.3012341e-15,8.143325e-13,0.99999905,1.13978935e-07,1.6532853e-08,8.3444814e-07,5.2974265e-13,2.8265307e-15,2,33.70533,1.0,False,2.1281923e-05,Test
1708,0,-25.357744,-16.390606,27.49948,0.60279053,-0.55288744,2.4006,-17.814398,-23.76017,1.1076422e-23,8.685184e-20,1.0,2.0840907e-12,6.561636e-13,1.2580428e-11,2.0913813e-20,5.4728854e-23,2,52.857224,1.0,False,5.6296373e-10,Test
1709,0,-11.569164,-7.521749,9.875803,0.31861123,-0.43466607,3.9402184,-7.3867536,-11.839287,4.845933e-10,2.7742608e-08,0.99725986,7.049733e-05,3.3191638e-05,0.0026364329,3.175232e-08,3.6988324e-10,2,21.447712,1.0,False,0.028002284,Test
1710,0,-18.537683,-12.547362,18.39901,0.29159167,-0.34255514,4.7874875,-13.422502,-19.464575,9.09072e-17,3.6321223e-14,0.9999988,1.3678792e-08,7.2550588e-09,1.2262818e-06,1.5138859e-14,3.597931e-17,2,36.93669,1.0,False,2.6354168e-05,Test
1711,0,-21.948534,-14.028445,23.543167,1.2458214,-1.4888123,1.7478455,-14.5611105,-20.80058,1.750677e-20,4.8178764e-17,1.0,2.0719804e-10,1.3450853e-11,3.423038e-10,2.828278e-17,5.51767e-20,2,45.4917,1.0,False,1.7914365e-08,Test
1712,1,-20.28958,-13.058096,21.630114,0.32262233,-0.28750175,2.184511,-14.556466,-18.18921,6.2302954e-19,8.61196e-16,1.0,5.575375e-10,3.0290076e-10,3.5882457e-09,1.9247206e-16,5.0896407e-18,2,34.68821,1.0,False,1.2738164e-07,Test
1713,0,-6.5010443,-3.549842,0.72740346,-0.25560626,-1.225561,0.97784704,-1.1002167,0.13364698,0.00020566561,0.0039341655,0.28342402,0.10605251,0.04020453,0.3640851,0.045573387,0.15652059,5,8.489259,0.99979436,False,2.2317584,Test
1714,0,-26.658323,-17.521166,28.775436,0.5700691,-0.23234044,3.1809213,-19.579454,-25.066984,8.422155e-25,7.8278395e-21,1.0,5.630725e-13,2.5239622e-13,7.663787e-12,9.993982e-22,4.1355477e-24,2,55.43376,1.0,False,3.1646097e-10,Test
1715,0,-13.507345,-8.8834715,11.306126,0.528939,-0.24681072,4.6255217,-8.517857,-12.916086,1.6714316e-11,1.7029858e-09,0.9987161,2.0843443e-05,9.595452e-06,0.0012534084,2.4546862e-09,3.019042e-11,2,24.814756,1.0,False,0.014418016,Test
1716,0,-13.761442,-8.669654,13.49707,-0.16545303,-0.0044374056,2.9201403,-9.278103,-12.380684,1.4513303e-12,2.3610297e-10,0.999972,1.1652775e-06,1.3688552e-06,2.5496787e-05,1.28486e-10,5.773271e-12,2,27.258541,1.0,False,0.0004791232,Test
1717,1,-9.6204195,-5.395283,9.833084,-3.0840135,1.3013859,-1.8063135,-7.7772894,-0.12992749,3.5590988e-09,2.4338465e-07,0.99974424,2.455076e-06,0.0001970695,8.809733e-06,2.2480215e-08,4.7098587e-05,2,15.228622,0.99999976,False,0.0036712869,Test
1718,0,-15.512761,-9.515953,16.235676,-1.6970143,0.8368143,0.12564617,-11.059512,-8.887046,1.6286558e-14,6.549521e-12,0.99999964,1.6290398e-08,2.052859e-07,1.0080987e-07,1.3991037e-12,1.2284006e-11,2,31.748436,1.0,False,7.755769e-06,Test
1719,0,-10.854337,-6.702633,10.346933,0.015975354,-0.0075069405,2.047629,-7.6837687,-9.0461035,6.1982486e-10,3.9385057e-08,0.99968696,3.2597614e-05,3.1841064e-05,0.000248612,1.4764861e-08,3.780729e-09,2,21.201584,1.0,False,0.0043915682,Test
1720,1,-22.05556,-14.261326,23.649076,0.92095286,-0.7766666,1.6284374,-15.225897,-20.131775,1.4149104e-20,3.4333835e-17,1.0,1.3467957e-10,2.4662355e-11,2.732485e-10,1.3086202e-17,9.687618e-20,2,37.9104,1.0,False,1.3966036e-08,Test
1721,0,-20.694157,-12.997814,22.168976,-0.26419935,0.3243478,2.4333503,-15.233388,-18.707758,2.4253706e-19,5.3365077e-16,1.0,1.8088203e-10,3.2583586e-10,2.6848896e-09,5.7063736e-17,1.767913e-18,2,42.863132,1.0,False,9.2568385e-08,Test
1722,0,-25.345324,-16.284508,27.22216,0.70036405,-0.6635331,2.993782,-17.550894,-24.04249,1.4799008e-23,1.2743658e-19,1.0,3.0320043e-12,7.751711e-13,3.0043395e-11,3.5917727e-20,5.445604e-23,2,52.567482,1.0,False,1.1973404e-09,Test
1723,0,-9.43462,-5.798866,7.1644607,-1.7802738,1.0237931,1.1421479,-6.2608852,-2.8574245,6.152477e-08,2.3336631e-06,0.9952663,0.0001298047,0.0021432918,0.0024125823,1.4702307e-06,4.4206892e-05,2,16.603827,0.99999994,False,0.049182512,Test
1724,1,-23.58287,-15.296918,24.799513,0.4425052,0.09988804,2.8893702,-17.253159,-20.788412,9.722927e-22,3.857811e-18,1.0,2.6417143e-11,1.8753794e-11,3.0517283e-10,5.454514e-19,1.5900683e-20,2,40.09643,1.0,False,1.1242973e-08,Test
1725,0,-14.432838,-9.136021,14.411323,0.16308197,0.011157187,1.9589857,-10.15462,-11.790508,2.9726064e-13,5.9363035e-11,0.9999949,6.4873234e-07,5.5729527e-07,3.9085567e-06,2.1436032e-11,4.1752916e-12,2,28.844168,1.0,False,0.00010252824,Test
1726,1,-14.055623,-8.894354,13.628607,-2.2082708,1.7020926,0.7831623,-10.705718,-6.184592,9.481724e-13,1.653478e-10,0.9999907,1.3247298e-07,6.612671e-06,2.6380937e-06,2.7022988e-11,2.4844677e-09,2,22.52297,1.0,False,0.00017935983,Test
1727,1,-20.63849,-13.207123,21.82073,0.64937377,-0.450453,2.5426202,-14.422488,-19.356136,3.6324083e-19,6.131912e-16,1.0,6.38847e-10,2.126905e-10,4.2425112e-09,1.8187401e-16,1.3095283e-18,2,35.027855,1.0,False,1.4434129e-07,Test
1728,0,-23.839964,-15.520093,24.67604,0.8186469,-0.57042176,4.167262,-16.53482,-22.75897,8.506797e-22,3.4917357e-18,1.0,4.353773e-11,1.08542775e-11,1.2392275e-09,1.2657572e-18,2.5074696e-21,2,48.516006,1.0,False,3.8560017e-08,Test
1729,1,-15.47174,-10.901966,17.295296,-0.2944812,0.33996126,1.5664624,-12.693106,-13.621966,5.8810764e-15,5.6765535e-13,0.9999999,2.295392e-08,4.329045e-08,1.4758918e-07,9.4667885e-14,3.7394113e-14,2,28.197262,1.0,False,5.3345125e-06,Test
1730,0,-14.436596,-8.289965,14.053368,-2.405019,0.82057565,-1.5506656,-9.901236,-3.9354591,4.2360898e-13,1.9788514e-10,0.999998,7.115613e-08,1.790897e-06,1.6720662e-07,3.9504552e-11,1.540107e-08,2,28.489965,1.0,False,4.2974665e-05,Test
1731,0,-24.132126,-15.652009,25.574646,0.30696848,-0.0724497,3.7589622,-17.290356,-23.1122,2.5859688e-22,1.2459243e-18,1.0,1.0626425e-11,7.2712227e-12,3.3540465e-10,2.4208413e-19,7.1708784e-22,2,49.70677,1.0,False,1.1212731e-08,Test
1732,1,-22.093245,-14.290669,23.422564,-0.29545873,0.53546035,2.1106117,-16.396997,-18.3853,1.708975e-20,4.1816782e-17,1.0,5.004886e-11,1.1488333e-10,5.550557e-10,5.0884367e-18,6.967493e-19,2,37.713234,1.0,False,2.2572017e-08,Test
1733,0,-15.032886,-9.995088,13.7685375,-0.0036037583,-0.019525725,4.5706773,-10.460464,-14.941422,3.1021043e-13,4.781272e-11,0.99989665,1.0442154e-06,1.0277215e-06,0.00010124532,3.0021617e-11,3.399206e-13,2,28.801525,1.0,False,0.0015338061,Test
1734,0,-7.9518795,-4.1437287,7.2430105,-2.7152843,0.11979839,-3.3672798,-4.9979663,3.2281091,2.4705562e-07,1.1134057e-05,0.98141265,4.6453577e-05,0.0007911883,2.4202543e-05,4.738743e-06,0.017709333,2,15.213653,0.99999976,False,0.13908616,Test
1735,0,-11.794028,-7.4081974,10.854697,-0.03649213,0.19339998,2.784621,-8.273197,-9.970437,1.4575699e-10,1.1705015e-08,0.99964523,1.861497e-05,2.342629e-05,0.00031264857,4.928406e-09,9.028279e-10,2,22.64908,1.0,False,0.004805087,Test
1736,0,-12.72684,-7.589892,12.35402,-0.5479742,0.14387877,0.585142,-8.291485,-7.5869274,1.280897e-11,2.1800286e-09,0.99998474,2.4930343e-06,4.9796226e-06,7.741669e-06,1.0808486e-09,2.1865e-09,2,25.080875,1.0,False,0.00028765434,Test
1737,0,-8.35385,-4.693436,6.169021,-1.1536664,0.4271909,-0.3600569,-5.0546975,-0.7317283,4.8982366e-07,1.9043082e-05,0.9936707,0.0006562052,0.0031885796,0.0014511086,1.3269159e-05,0.0010006569,2,14.529221,0.9999995,False,0.06666039,Test
1738,0,-17.31441,-11.257191,17.77088,0.5247114,-0.30610627,1.687006,-11.866487,-14.948694,5.7896534e-16,2.4732562e-13,0.9999999,3.2365648e-08,1.4101475e-08,1.03481405e-07,1.3447914e-13,6.166937e-15,2,35.08529,1.0,False,3.7462435e-06,Test
1739,0,-7.9751225,-5.5108166,8.728027,0.11262208,-0.53877205,0.4883097,-6.2993517,-7.115602,5.5677457e-08,6.545063e-07,0.99945945,0.00018119338,9.445947e-05,0.00026381612,2.9747972e-07,1.3151164e-07,2,16.70369,0.99999994,False,0.0074555366,Test
1740,1,-26.76405,-17.695278,30.014912,0.5663345,-0.7114567,1.5313736,-19.374912,-25.437504,2.1938678e-25,1.904267e-21,1.0,1.624221e-13,4.525931e-14,4.2634066e-13,3.550357e-22,8.2665055e-25,2,47.71019,1.0,False,2.6426486e-11,Test
1741,0,-13.46407,-8.819325,13.16665,-0.5847876,0.4036249,2.801601,-10.205023,-11.317615,2.7190038e-12,2.828765e-10,0.9999646,1.0661329e-06,2.8646605e-06,3.1513806e-05,7.076129e-11,2.3259679e-11,2,26.630756,1.0,False,0.00059623556,Test
1742,0,-8.338855,-6.4910808,10.0429535,0.06295582,-0.8684282,1.6784593,-7.4284606,-10.901111,1.0393275e-08,6.595241e-08,0.9997024,4.6303394e-05,1.8243907e-05,0.00023292548,2.583044e-08,8.01639e-10,2,18.382107,1.0,False,0.0041965377,Test
1743,0,-7.6569986,-4.7489753,3.682407,-0.8106816,-0.08563185,1.8419026,-3.6589062,-2.2981174,9.941984e-06,0.00018214252,0.8358226,0.0093495445,0.019305259,0.13267627,0.0005417791,0.0021125427,2,11.5187435,0.99999005,False,0.80291957,Test
1744,0,-21.36188,-13.614178,22.713379,0.98589194,-0.9666541,2.2880707,-14.592915,-20.250393,7.217044e-20,1.6716395e-16,1.0,3.6632963e-10,5.1986724e-11,1.3471047e-09,6.281778e-17,2.1931634e-19,2,44.075256,1.0,False,5.2954853e-08,Test
1745,0,-19.329197,-12.6552925,20.96391,0.65395975,-0.6018693,1.0594705,-13.661283,-17.667585,3.1690303e-18,2.5082236e-15,1.0,1.5118227e-09,4.3062703e-10,2.26784e-09,9.172141e-16,1.6693828e-17,2,40.293106,1.0,False,1.2281957e-07,Test
1746,1,-22.438623,-14.532367,23.650728,0.563696,-0.24558632,2.7334774,-15.986494,-20.230742,9.630502e-21,2.613924e-17,1.0,9.406526e-11,4.1875732e-11,8.2366963e-10,6.106229e-18,8.760317e-20,2,38.183094,1.0,False,2.9432808e-08,Test
1747,1,-10.464381,-6.270707,9.816501,-1.1013474,0.73387,0.6718666,-7.136709,-5.1838827,1.5560415e-09,1.0311235e-07,0.99976116,1.8127372e-05,0.00011359523,0.00010676578,4.3372175e-08,3.0571204e-07,2,16.087446,0.9999999,False,0.0035374651,Test
1748,0,-18.15905,-11.406329,18.578154,0.4112118,-0.35925466,2.1158884,-12.225666,-15.926627,1.10977344e-16,9.503968e-14,0.9999999,1.2888341e-08,5.964691e-09,7.088088e-08,4.188621e-14,1.034581e-15,2,36.737206,1.0,False,2.2701765e-06,Test
1749,0,-13.514742,-8.799105,12.491398,0.1855445,0.24211894,3.1258373,-9.529448,-11.428563,5.077335e-12,5.6703653e-10,0.9999051,4.524752e-06,4.7881144e-06,8.561454e-05,2.7316632e-10,4.08933e-11,2,26.006235,1.0,False,0.0014586719,Test
1750,0,-25.645504,-16.43494,27.719666,1.0965177,-1.1922388,2.456637,-17.41919,-24.647078,6.665019e-24,6.666507e-20,1.0,2.7397678e-12,2.777921e-13,1.0675934e-11,2.4914052e-20,1.8088877e-23,2,53.36517,1.0,False,5.059231e-10,Test
1751,1,-5.878889,-4.3163166,6.6332693,-1.0720962,0.1400801,-0.71087134,-5.921055,-2.4775083,3.6715364e-06,1.751719e-05,0.99726176,0.00044917068,0.0015095687,0.00064459874,3.5199416e-06,0.000110166264,2,10.952328,0.9999825,False,0.031774685,Test
1752,0,-23.043377,-14.692933,24.872524,0.89041275,-1.1373187,1.263885,-15.305806,-21.002295,1.5502028e-21,6.5605556e-18,1.0,3.8432757e-11,5.0590426e-12,5.5833962e-11,3.5544567e-18,1.1934938e-20,2,47.9159,1.0,False,3.4212762e-09,Test
1753,0,-19.127144,-12.184052,20.008217,0.4054456,-0.37016755,2.74996,-13.3117285,-17.696926,1.00862285e-17,1.0449019e-14,1.0,3.066369e-09,1.4118235e-09,3.1976747e-08,3.3832275e-15,4.2156492e-17,2,39.13536,1.0,False,9.243972e-07,Test
1754,0,-22.27529,-14.0864935,24.075596,-0.7035516,0.5403272,1.5402591,-15.950354,-18.26292,7.414248e-21,2.6694068e-17,1.0,1.7320192e-11,6.008453e-11,1.6331546e-10,4.1395377e-18,4.098416e-19,2,46.350883,1.0,False,7.968949e-09,Test
1755,0,-7.726322,-4.3529687,6.040101,-1.5474477,0.38946247,-0.87527585,-4.773565,0.43565515,1.041204e-06,3.0378367e-05,0.9913282,0.00050232746,0.0034847874,0.0009838016,1.9948133e-05,0.0036495347,2,13.775133,0.999999,False,0.08658348,Test
1756,0,-15.61943,-10.0146265,15.153055,-0.37510225,0.53721255,2.0507178,-10.920579,-11.363282,4.3219416e-14,1.1743921e-11,0.99999726,1.8038723e-07,4.491785e-07,2.0404511e-06,4.746385e-12,3.0485924e-12,2,30.772486,1.0,False,5.5952903e-05,Test
1757,0,-23.996235,-15.677007,24.907276,1.0301024,-0.72486204,4.312805,-16.699818,-23.412485,5.773976e-22,2.3684832e-18,1.0,4.2684967e-11,7.380813e-12,1.1374568e-09,8.516649e-19,1.0351267e-21,2,48.90351,1.0,False,3.553892e-08,Test
1758,0,-11.349896,-7.296035,8.797174,0.04312963,-0.027468424,4.3208637,-7.121861,-10.537542,1.7587111e-09,1.01336305e-07,0.9884544,0.00015599957,0.000145366,0.011243967,1.2061673e-07,3.962742e-09,2,20.158684,1.0,False,0.093192756,Test
1759,0,-23.997257,-15.55682,25.753105,0.8096888,-0.48454356,2.5301688,-17.09656,-22.461277,2.4756664e-22,1.1463771e-18,1.0,1.4696428e-11,4.0284156e-12,8.2112026e-11,2.4582606e-19,1.1501643e-21,2,49.750362,1.0,False,3.432399e-09,Test
1760,1,-8.196939,-5.1157804,5.6428313,0.4127781,-0.6415709,3.1949854,-4.6699767,-7.8462367,8.923673e-07,1.9439016e-05,0.9142816,0.0048943684,0.0017052919,0.079066776,3.0358784e-05,1.2672205e-06,2,10.848228,0.99998057,False,0.46170014,Test
1761,1,-21.158081,-14.231257,22.718056,0.4836652,-0.4832886,1.897036,-15.240328,-19.36713,8.8071606e-20,8.976701e-17,1.0,2.2066173e-10,8.3904356e-11,9.068717e-10,3.272535e-17,5.2800246e-19,2,36.949314,1.0,False,3.7127712e-08,Test
1762,0,-16.57068,-11.080513,18.130499,0.6886042,-0.6906403,2.0563972,-12.342788,-16.618034,8.5009836e-16,2.0597697e-13,0.9999999,2.6612238e-08,6.7001324e-09,1.04497516e-07,5.82935e-14,8.107797e-16,2,34.70118,1.0,False,3.446877e-06,Test
1763,0,-8.373046,-5.6585054,3.4358969,-0.060733624,-0.21785007,3.7507396,-4.3077393,-6.1743355,3.0647657e-06,4.6270823e-05,0.41205555,0.012484998,0.010669736,0.5645341,0.00017862288,2.7623879e-05,5,12.695539,0.99999696,False,1.1449275,Test
1764,0,-3.3732312,-3.5898223,4.271749,0.58518595,-1.222437,-0.028857214,-4.0104747,-4.8238063,0.00045829406,0.00036904556,0.9578931,0.024002865,0.0039375164,0.012989352,0.00024232209,0.00010744039,2,7.6879997,0.9995417,False,0.31507272,Test
1765,1,-10.363756,-5.6928606,7.710166,-1.0224767,0.042686366,-0.8596128,-5.596622,-0.9587664,1.4130722e-08,1.5090656e-06,0.99900717,0.00016107564,0.00046733097,0.0001895663,1.6615148e-06,0.00017167194,2,13.40402,0.9999985,False,0.013184126,Test
1766,0,-13.816322,-8.2902975,12.336905,-0.8727166,1.0131838,2.3191452,-9.396518,-9.733363,4.38301e-12,1.1007659e-09,0.99994147,1.8327738e-06,1.2082173e-05,4.4598164e-05,3.6414105e-10,2.600037e-10,2,26.153286,1.0,False,0.00096136733,Test
1767,0,-7.292822,-7.0463333,10.404204,-0.87815654,0.12690748,0.50324905,-9.371912,-8.476633,2.0617565e-08,2.6380631e-08,0.99990284,1.2591882e-05,3.4402055e-05,5.0121907e-05,2.5781015e-09,6.31124e-09,2,17.697123,1.0,False,0.0015725906,Test
1768,0,-18.801764,-12.012733,19.877987,0.48480514,-0.29674175,2.121128,-13.253642,-17.09926,1.590738e-17,1.412655e-14,1.0,3.7813646e-09,1.7307199e-09,1.942201e-08,4.084284e-15,8.729407e-17,2,38.67975,1.0,False,6.537197e-07,Test
1769,0,-13.462659,-8.462171,12.875828,0.28332788,-0.12893666,2.365197,-9.034598,-11.34957,3.6418893e-12,5.407682e-10,0.9999671,3.3972894e-06,2.2495115e-06,2.7244374e-05,3.0507605e-10,3.0132043e-11,2,26.338518,1.0,False,0.00056454336,Test
1770,0,-21.694757,-13.676642,22.655447,0.382998,-0.634156,3.039671,-14.35204,-20.029852,5.4821505e-20,1.6640809e-16,1.0,2.1242132e-10,7.6816456e-11,3.026751e-09,8.4693885e-17,2.8974118e-19,2,44.350204,1.0,False,9.506241e-08,Test
1771,1,-13.511924,-8.596948,13.078658,-0.30275038,0.42625967,1.64646,-9.440632,-9.963819,2.8304158e-12,3.8583112e-10,0.9999844,1.543552e-06,3.1998272e-06,1.0840589e-05,1.6595465e-10,9.834964e-11,2,21.675621,1.0,False,0.0002895534,Test
1772,0,-23.237879,-14.892976,24.82978,0.56293297,-0.38883814,2.3157995,-16.379251,-21.001165,1.3319306e-21,5.605657e-18,1.0,2.8909593e-11,1.1160745e-11,1.6684083e-10,1.268077e-18,1.2470166e-20,2,48.067657,1.0,False,6.837299e-09,Test
1773,0,-9.129678,-5.290761,8.21819,-1.5479949,0.87199265,0.2910063,-6.573378,-2.9748833,2.9204411e-08,1.357278e-06,0.99892247,5.7296966e-05,0.00064434536,0.00036041217,3.7638742e-07,1.3754406e-05,2,17.348946,1.0,False,0.013570844,Test
1774,0,-21.726355,-13.81406,22.992083,0.84295243,-0.89611524,2.3468688,-14.461675,-20.418837,3.7934073e-20,1.0358442e-16,1.0,2.4030075e-10,4.221705e-11,1.0811786e-09,5.4205017e-17,1.4024175e-19,2,44.718437,1.0,False,4.133626e-08,Test
1775,0,-21.27833,-14.18076,21.404741,0.0348998,0.6830638,4.0708356,-15.76598,-18.39394,2.903874e-19,3.5108523e-16,1.0,5.23837e-10,1.0015894e-09,2.9646962e-08,7.1938296e-17,5.195789e-18,2,42.68307,1.0,False,7.874902e-07,Test
1776,0,-12.974192,-8.237242,11.614256,0.7235919,-0.5480842,3.125338,-7.9596634,-11.6698475,2.0954303e-11,2.3905862e-09,0.99977046,1.8627088e-05,5.222315e-06,0.00020568846,3.1554053e-09,7.722229e-11,2,24.588676,1.0,False,0.0032347024,Test
1777,0,-22.004637,-13.889087,23.537846,0.1861658,-0.101321205,2.619618,-15.82986,-20.023418,1.6639951e-20,5.567874e-17,1.0,7.219281e-11,5.4155267e-11,8.2286566e-10,7.995072e-18,1.2066558e-19,2,45.54248,1.0,False,2.9112002e-08,Test
1778,0,-18.974604,-12.212011,20.819021,-1.1012225,0.51686615,0.14779648,-14.38395,-13.202403,5.2221376e-18,4.516529e-15,1.0,3.0210567e-10,1.5236539e-09,1.0534191e-09,5.146872e-16,1.6775813e-15,2,39.793625,1.0,False,8.559708e-08,Test
1779,0,-12.03479,-7.599555,11.163549,-0.23952776,0.25294966,2.4754512,-8.472881,-9.488524,8.414013e-11,7.099074e-09,0.99980205,1.1158879e-05,1.8260002e-05,0.000168547,2.9642888e-09,1.0735758e-09,2,23.198538,1.0,False,0.0028695322,Test
1780,0,-23.922855,-15.884496,25.917002,1.5199714,-1.5139388,1.6329087,-16.261541,-23.03523,2.2637281e-22,7.0119677e-19,1.0,2.5380757e-11,1.2215011e-12,2.8415286e-11,4.8094064e-19,5.4994036e-22,2,49.83986,1.0,False,1.9371953e-09,Test
1781,0,-10.33202,-8.228528,13.312214,-1.1802816,0.5650337,0.15830322,-10.835846,-9.178261,5.3881222e-11,4.4154272e-10,0.99999464,5.08144e-07,2.9105008e-06,1.93788e-06,3.2555812e-11,1.7080816e-10,2,23.64424,1.0,False,0.00010868615,Test
1782,0,-7.579754,-5.788764,-0.7075402,0.52805316,-1.064447,7.129436,-2.549558,-9.283083,4.0829192e-07,2.4478693e-06,0.00039403565,0.0013556479,0.00027576098,0.9979091,6.245356e-05,7.4340306e-08,5,14.711284,0.9999996,False,0.024573639,Test
1783,0,-24.422993,-16.0374,25.933058,1.5298421,-1.3746867,2.422905,-16.380583,-23.280638,1.3509709e-22,5.921903e-19,1.0,2.5224246e-11,1.3816469e-12,6.1612715e-11,4.2016453e-19,4.2341242e-22,2,50.35605,1.0,False,3.0322662e-09,Test
1784,0,-12.7798815,-7.9833336,12.178558,-1.3161721,1.1731017,2.111742,-9.743539,-8.45072,1.447643e-11,1.7529735e-09,0.99993956,1.3781198e-06,1.6609805e-05,4.246303e-05,3.0152844e-10,1.0984798e-09,2,24.9585,1.0,False,0.0009945497,Test
1785,0,-24.58218,-15.790431,26.22437,0.888264,-0.5280071,2.5070045,-17.465464,-22.625507,8.60986e-23,5.66505e-19,1.0,9.9236e-12,2.407634e-12,5.008171e-11,1.0610746e-19,6.092117e-22,2,50.80655,1.0,False,2.1692963e-09,Test
1786,0,-22.488277,-14.083352,24.162628,0.46150663,-0.6782839,2.2177413,-15.274995,-20.92031,5.492488e-21,2.4546085e-17,1.0,5.0901828e-11,1.6282798e-11,2.947519e-10,7.455184e-18,2.6346825e-20,2,46.650906,1.0,False,1.1655834e-08,Test
1787,1,-24.661243,-16.199902,25.967398,-0.5718099,0.87786597,3.5504582,-18.707413,-21.264921,1.0286352e-22,4.863797e-19,1.0,2.9796734e-12,1.269858e-11,1.8384304e-10,3.962557e-20,3.070892e-21,2,42.167297,1.0,False,6.5193624e-09,Test
1788,0,-27.09017,-18.10172,29.78307,1.2476089,-0.9682761,2.1854458,-19.60105,-25.917856,1.9964881e-25,1.599192e-21,1.0,4.0476837e-13,4.4142797e-14,1.0339612e-12,3.570676e-22,6.447546e-25,2,56.873238,1.0,False,5.978899e-11,Test
1789,0,-14.831591,-9.186389,15.337311,0.213006,-0.28907463,1.1100032,-10.163327,-12.20023,7.9033656e-14,2.2361021e-11,0.9999989,2.701453e-07,1.635108e-07,6.6245815e-07,8.418091e-12,1.0979882e-12,2,30.168903,1.0,False,2.4727098e-05,Test
1790,0,-15.332568,-9.572715,15.544542,-0.31381205,0.33966896,2.3077571,-11.019414,-12.765469,3.8926087e-14,1.2351318e-11,0.99999785,1.2965916e-07,2.492336e-07,1.7837599e-06,2.906826e-12,5.07128e-13,2,30.877111,1.0,False,4.559373e-05,Test
1791,0,-24.2254,-15.938909,25.92285,1.1265639,-0.7758269,2.0998516,-17.033827,-22.387585,1.662997e-22,6.6019006e-19,1.0,1.7025896e-11,2.5404572e-12,4.5061267e-11,2.2087798e-19,1.0448303e-21,2,50.14825,1.0,False,2.2556543e-09,Test
1792,0,-9.945336,-6.2185826,8.807438,0.23219942,-0.30339593,2.264871,-6.46861,-8.512619,7.1617436e-09,2.9752752e-07,0.99826247,0.00018839358,0.00011027061,0.0014382815,2.3170826e-07,3.0008174e-08,2,18.754513,1.0,False,0.019877367,Test
1793,0,-15.44241,-9.917919,15.088859,0.016253173,0.10489924,2.7220495,-11.038819,-13.068967,5.500931e-14,1.3794052e-11,0.9999951,2.8447798e-07,3.108473e-07,4.257562e-06,4.496675e-12,5.9048605e-13,2,30.531275,1.0,False,9.591914e-05,Test
1794,0,-13.480741,-8.819372,12.952161,-0.5242837,0.3128393,2.8041074,-9.725003,-11.087819,3.313735e-12,3.5052897e-10,0.99995625,1.403575e-06,3.2418543e-06,3.9150516e-05,1.4171433e-10,3.6270237e-11,2,26.432945,1.0,False,0.0007228959,Test
1795,0,-23.049099,-15.073983,23.827759,1.1375272,-0.73002934,3.5748026,-15.802219,-22.008104,4.381667e-21,1.2740561e-17,1.0,1.3988069e-10,2.1611645e-11,1.6004894e-09,6.150624e-18,1.2409046e-20,2,46.876858,1.0,False,5.210914e-08,Test
1796,0,-22.00915,-14.137814,23.266237,-0.074760236,0.27421352,1.8066639,-15.6469345,-18.207851,2.1734484e-20,5.6967386e-17,1.0,7.296818e-11,1.0344061e-10,4.788787e-10,1.25957795e-17,9.728173e-19,2,45.275387,1.0,False,2.0714209e-08,Test
1797,1,-7.7929697,-5.197154,5.0559473,0.0449927,-0.50169224,3.7382107,-4.5060043,-8.380668,2.0565003e-06,2.7572565e-05,0.7822445,0.0052132998,0.003017799,0.20943862,5.503509e-05,1.1426015e-06,2,10.49869,0.9999724,False,0.815583,Test
1798,0,-9.22147,-6.829937,11.060056,-0.4767522,-0.43626973,-0.66078955,-8.051221,-7.6343656,1.5553696e-09,1.7000556e-08,0.999972,9.76373e-06,1.01671e-05,8.122494e-06,5.0126325e-09,7.605077e-09,2,20.281553,1.0,False,0.0005099011,Test
1799,0,-12.39139,-8.220359,9.654293,0.36458185,-0.18983492,5.2438955,-7.8206015,-12.303293,2.6325347e-10,1.7054125e-08,0.9878535,9.1247784e-05,5.241339e-05,0.012002763,2.5435595e-08,2.8749747e-10,2,22.057903,1.0,False,0.09597124,Test
1800,0,-16.32013,-10.390326,16.629305,-0.8539106,0.8162671,1.8623778,-12.227183,-11.435178,4.9005307e-15,1.8429917e-12,0.9999995,2.5535e-08,1.3567026e-07,3.8619353e-07,2.9362065e-13,6.4826025e-13,2,32.949432,1.0,False,1.2654741e-05,Test
1801,0,-12.635842,-9.221105,15.09925,-1.5207471,1.0341145,0.35424277,-12.114713,-9.458283,9.0116006e-13,2.7403352e-11,0.9999987,6.053777e-08,7.7909226e-07,3.9475174e-07,1.5174895e-12,2.1617142e-11,2,27.735094,1.0,False,2.7465678e-05,Test
1802,0,-16.565134,-10.614827,16.10239,0.18862003,-0.007408526,3.6273594,-11.386754,-14.982474,6.4963865e-15,2.4937823e-12,0.99999595,1.2266918e-07,1.00832764e-07,3.8208605e-06,1.1524311e-12,3.1623697e-14,2,32.66753,1.0,False,7.977396e-05,Test
1803,0,-19.524033,-12.636033,19.926727,1.1671932,-0.9260087,3.1672704,-13.02442,-18.901258,7.357879e-18,7.213952e-15,0.9999999,7.1258635e-09,8.785611e-10,5.265752e-08,4.8921277e-15,1.3715737e-17,2,39.45076,1.0,False,1.5784741e-06,Test
1804,0,-22.59726,-14.879406,24.756132,0.30061266,0.019698437,2.158388,-17.24591,-20.818434,2.7207113e-21,6.1165333e-18,1.0,2.3938844e-11,1.8076055e-11,1.5343501e-10,5.7377786e-19,1.6114525e-20,2,47.353394,1.0,False,6.4919243e-09,Test
1805,0,-9.054667,-5.351471,6.96014,-0.48381636,-0.58861405,0.23378715,-4.4435334,-3.440088,1.1062024e-07,4.4886197e-06,0.99764866,0.0005835908,0.00052552734,0.0011960781,1.112821e-05,3.035399e-05,2,16.017162,0.9999999,False,0.027714493,Test
1806,0,-18.40778,-13.65436,21.916386,0.5041934,-0.88125837,1.901601,-15.25808,-20.932894,3.0721153e-18,3.5630399e-16,1.0,5.021153e-10,1.2563457e-10,2.0309059e-09,7.166959e-17,2.4591984e-19,2,40.324165,1.0,False,7.8286e-08,Test
1807,0,-8.816389,-5.56651,6.2674494,-0.09810411,-0.13389446,3.433377,-5.6047335,-7.63766,2.648373e-07,6.8294166e-06,0.941471,0.0016191319,0.0015622072,0.055333097,6.5732997e-06,8.607849e-07,2,15.14415,0.99999976,False,0.3428009,Test
1808,0,-21.705885,-13.817229,23.162352,-0.2174105,0.13943386,1.7461227,-15.522181,-18.248747,3.2656713e-20,8.709084e-17,1.0,7.019369e-11,1.00293655e-10,5.000919e-10,1.5831466e-17,1.0360684e-18,2,44.868237,1.0,False,2.115027e-08,Test
1809,0,-11.769795,-7.255616,12.286914,-0.44552222,-0.14302164,0.13925488,-8.290387,-8.323262,3.5669627e-11,3.2567296e-09,0.9999877,2.9537102e-06,3.997075e-06,5.3007006e-06,1.1571413e-09,1.1197187e-09,2,24.05672,1.0,False,0.00023670649,Test
1810,0,-8.097596,-4.4014373,5.0081716,-1.0981283,0.017855767,-0.24119914,-4.250952,0.12702323,1.9895956e-06,8.016529e-05,0.97842515,0.0021806967,0.00665673,0.0051375367,9.318406e-05,0.007424579,2,13.12758,0.99999803,False,0.19216508,Test
1811,0,-9.457313,-5.8241262,7.331082,-0.892235,0.30099985,2.1536222,-6.0203614,-5.7207065,5.080998e-08,1.922303e-06,0.9932448,0.00026651096,0.0008788816,0.0056042066,1.5797857e-06,2.131752e-06,2,16.795174,0.99999994,False,0.063823424,Test
1812,0,-19.428808,-13.447093,20.53525,0.95729434,-0.8326643,2.5254536,-13.9859,-19.326279,4.403826e-18,1.7444418e-15,1.0,3.1434175e-09,5.2484705e-10,1.5081513e-08,1.017784e-15,4.8793167e-18,2,39.964058,1.0,False,4.9682325e-07,Test
1813,0,-15.050038,-10.218962,16.261776,-0.25622416,0.29021356,1.8824407,-12.148757,-12.9936,2.520298e-14,3.159086e-12,0.9999993,6.703839e-08,1.1578126e-07,5.6902803e-07,4.5862907e-13,1.9703882e-13,2,31.311813,1.0,False,1.7101926e-05,Test
1814,0,-20.483917,-13.207428,22.133244,-0.097984806,0.17509408,1.5628188,-15.310209,-17.39706,3.1017174e-19,4.484782e-16,1.0,2.2136064e-10,2.9086875e-10,1.1651395e-09,5.4766613e-17,6.7952763e-18,2,42.61716,1.0,False,5.0891774e-08,Test
1815,0,-6.4669943,-4.1163964,0.85145926,-0.39005452,-0.6843957,2.5655966,-2.3840408,-1.7449318,9.2396695e-05,0.0009694114,0.13932224,0.04025667,0.029992113,0.77350086,0.00548101,0.010385375,5,9.289419,0.9999076,False,1.1416225,Test
1816,0,-13.871031,-8.412564,11.994791,-1.3128033,0.50745934,-0.10062886,-8.436676,-5.111903,5.842634e-12,1.3714823e-09,0.9999825,1.6617957e-06,1.0259064e-05,5.5849373e-06,1.3388102e-09,3.7209162e-08,2,25.865839,1.0,False,0.00032566226,Test
1817,1,-20.58173,-13.219768,21.475546,0.34418035,-0.056077834,1.9900758,-14.518352,-17.344746,5.4294776e-19,8.551006e-16,1.0,6.6491307e-10,4.4558912e-10,3.4480057e-09,2.3337235e-16,1.3821731e-17,2,34.695312,1.0,False,1.3104118e-07,Test
1818,0,-22.570032,-14.749175,23.394789,-0.2741783,0.90677685,2.9299426,-16.904205,-17.935534,1.0907669e-20,2.7182376e-17,1.0,5.2565226e-11,1.712302e-10,1.2948828e-09,3.1504197e-18,1.123231e-18,2,45.96482,1.0,False,4.558104e-08,Test
1819,0,-25.857906,-16.686466,28.198494,0.85212314,-0.9478095,1.9294513,-17.758163,-24.267786,3.338902e-24,3.2115116e-20,1.0,1.3292973e-12,2.1974619e-13,3.903908e-12,1.0997077e-20,1.6375137e-23,2,54.0564,1.0,False,2.0963538e-10,Test
1820,0,-17.934797,-11.448923,18.099564,-0.076203756,0.1435521,2.4672153,-12.451512,-15.108398,2.241171e-16,1.4697899e-13,0.9999999,1.2775098e-08,1.5914885e-08,1.6253895e-07,5.3930774e-14,3.7841235e-15,2,36.034363,1.0,False,4.584951e-06,Test
1821,0,-21.166609,-13.721322,21.432203,0.27268428,-0.09267078,3.8836563,-14.671132,-19.827375,3.1591553e-19,5.407761e-16,1.0,6.464539e-10,4.4860707e-10,2.3920077e-08,2.0918004e-16,1.2055706e-18,2,42.598812,1.0,False,6.392546e-07,Test
1822,1,-24.173182,-15.460031,25.920057,-0.51628274,0.74203473,2.2670543,-18.018541,-20.260601,1.7570447e-22,1.0686999e-18,1.0,3.3025035e-12,1.1623149e-11,5.341104e-11,8.273877e-20,8.790139e-21,2,41.38009,1.0,False,2.37076e-09,Test
1823,0,-13.225617,-8.51728,11.957588,0.5322889,-0.19963083,3.5488982,-8.677385,-12.117502,1.15603065e-11,1.2816623e-09,0.9997609,1.0913186e-05,5.2490786e-06,0.00022286852,1.0920462e-09,3.5012028e-11,2,25.183443,1.0,False,0.0033205447,Test
1824,0,-25.822483,-16.751183,27.90795,0.7500047,-0.520177,2.4837966,-18.314106,-24.159071,4.6256255e-24,4.0251733e-20,1.0,1.6049226e-12,4.5063112e-13,9.087217e-12,8.4336815e-21,2.4410706e-23,2,53.73043,1.0,False,4.1467643e-10,Test
1825,1,-9.243577,-6.6045184,9.944141,-0.22872275,-0.29965886,0.3220509,-7.3427396,-7.094379,4.643221e-09,6.500508e-08,0.9998599,3.818743e-05,3.5572408e-05,6.6239714e-05,3.107008e-08,3.9829384e-08,2,16.5488,0.99999994,False,0.0022113875,Test
1826,1,-12.837152,-8.239618,13.043343,-0.43160158,0.2719853,1.3300595,-9.662734,-9.284091,5.75757e-12,5.7137617e-10,0.9999876,1.4057263e-06,2.840956e-06,8.1842745e-06,1.3767987e-10,2.0105412e-10,2,21.282972,1.0,False,0.00023589138,Test
1827,1,-13.821507,-8.703819,14.3090105,-0.15481994,0.19585876,1.4176692,-10.09045,-10.9853115,6.068336e-13,1.01310335e-10,0.9999962,5.229219e-07,7.42565e-07,2.5197648e-06,2.531906e-11,1.0346976e-11,2,23.012833,1.0,False,7.840249e-05,Test
1828,0,-5.4562426,-4.939406,6.192689,0.4637809,-1.1988572,1.9944563,-5.319359,-9.5818405,8.566277e-06,1.43632e-05,0.98142874,0.0031902567,0.00060499395,0.014743123,9.822906e-06,1.383782e-07,2,11.667677,0.9999914,False,0.14970039,Test
1829,0,-9.767315,-6.133894,7.653805,-0.72812104,0.6089523,2.017959,-6.5747423,-5.4898624,2.7044534e-08,1.0234206e-06,0.9953496,0.00022790383,0.00086783106,0.0035510678,6.5856125e-07,1.9487381e-06,2,17.425781,1.0,False,0.047245704,Test
1830,0,-7.2739763,-3.8339407,4.8969355,-1.2441783,-0.063711345,-1.2215813,-4.3148146,1.4892782,4.957111e-06,0.00015460275,0.95716864,0.0020603293,0.0067082155,0.002107416,9.558203e-05,0.031700183,2,12.214687,0.99999505,False,0.3071695,Test
1831,1,-10.100545,-6.354703,8.896749,-1.0461329,0.6253212,1.9175484,-6.9693656,-6.357513,5.61105e-09,2.375979e-07,0.9987662,4.8009286e-05,0.00025540456,0.0009298987,1.2849856e-07,2.3693131e-07,2,15.2526865,0.99999976,False,0.014894296,Test
1832,0,-19.594795,-12.583791,20.038618,1.2219286,-1.026406,2.6496348,-12.877728,-18.49311,6.12952e-18,6.79622e-15,1.0,6.7300143e-09,7.105204e-10,2.805826e-08,5.0653786e-15,1.8445142e-17,2,39.633415,1.0,False,9.0818907e-07,Test
1833,0,-23.029816,-15.274147,24.93734,0.3025644,-0.5238676,1.0403165,-16.154602,-19.711117,1.4727501e-21,3.4385327e-18,1.0,2.0010276e-11,8.756645e-12,4.1846034e-11,1.4255957e-18,4.0683815e-20,2,47.967155,1.0,False,2.4755193e-09,Test
1834,0,-16.285948,-10.689219,15.005526,-1.3125335,1.1310668,3.383194,-11.707936,-12.295448,2.572062e-14,6.9328224e-12,0.99999,8.187518e-08,9.4274657e-07,8.963573e-06,2.5031457e-12,1.3910199e-12,2,31.291483,1.0,False,0.00018545568,Test
1835,0,-27.057133,-17.32826,29.075958,0.34617832,-0.12370078,2.925663,-19.25364,-24.463837,4.185124e-25,7.029154e-21,1.0,3.332844e-13,2.0832869e-13,4.3961354e-12,1.0249967e-21,5.5970928e-24,2,56.13309,1.0,False,1.8844272e-10,Test
1836,0,-28.826038,-18.8284,31.783306,0.94524854,-0.8956507,2.8975582,-20.714224,-27.996668,4.7609774e-27,1.0462018e-22,1.0,4.047635e-14,6.422589e-15,2.8515374e-13,1.5871328e-23,1.0911547e-26,2,60.609344,1.0,False,1.3986891e-11,Test
1837,0,-7.0706635,-3.8497224,2.716605,-0.87504107,-0.67821753,-0.1389373,-2.4802,1.6386814,3.8311762e-05,0.0009597746,0.68216413,0.018795628,0.022884222,0.039241236,0.003775245,0.23214142,2,10.169754,0.9999617,False,1.3218869,Test
1838,0,-8.913659,-5.496329,6.8237653,-0.04095211,-0.583316,0.5554882,-4.792544,-5.0437245,1.4580648e-07,4.4453373e-06,0.9964456,0.0010402666,0.0006047824,0.0018887541,8.985756e-06,6.9898565e-06,2,15.740986,0.9999999,False,0.03933533,Test
1839,0,-8.086951,-4.7369885,6.635339,-1.0978554,0.26506427,0.9676872,-5.476718,-3.4701521,4.0154828e-07,1.1444791e-05,0.9943679,0.00043557552,0.0017020488,0.0034365072,5.4619495e-06,4.062452e-05,2,14.727938,0.9999996,False,0.057633653,Test
1840,0,-13.231551,-8.47993,13.55028,-0.22706005,0.12741621,2.3562665,-9.954898,-11.665479,2.3377175e-12,2.7064184e-10,0.9999838,1.0388917e-06,1.4808724e-06,1.3756078e-05,6.1919074e-11,1.119252e-11,2,26.781845,1.0,False,0.00029488222,Test
1841,0,-14.578806,-9.433204,13.97627,0.3028525,0.04621221,4.0853186,-10.549092,-14.036185,3.9688527e-13,6.813528e-11,0.9999474,1.1526238e-06,8.917232e-07,5.0628103e-05,2.2322753e-11,6.8284565e-13,2,28.55513,1.0,False,0.0008391237,Test
1842,0,-18.369394,-11.528219,19.003733,0.30623043,-0.12696718,2.4229088,-12.8280945,-16.441214,5.8756664e-17,5.497202e-14,0.9999999,7.581898e-09,4.916351e-09,6.295636e-08,1.4983493e-14,4.0406884e-16,2,37.373127,1.0,False,1.9321885e-06,Test
1843,0,-24.129862,-15.730524,25.072182,1.0745984,-0.8797232,4.032469,-16.545471,-23.59358,4.283757e-22,1.9037541e-18,1.0,3.7842687e-11,5.3608194e-12,7.287336e-10,8.427194e-19,7.3236453e-22,2,49.20204,1.0,False,2.363077e-08,Test
1844,1,-8.039742,-4.676622,4.996614,-0.8068201,-0.65096694,0.9660876,-3.2909286,-2.7384965,2.1263381e-06,6.140685e-05,0.97555053,0.0029434077,0.003439826,0.017330635,0.00024547987,0.00042651477,2,9.697989,0.9999386,False,0.19774832,Test
1845,0,-19.777437,-12.585934,20.38571,0.58566517,-0.48427725,2.8375185,-13.33954,-18.12796,3.608834e-18,4.792896e-15,1.0,2.5173854e-09,8.635343e-10,2.3928608e-08,2.2558484e-15,1.8781265e-17,2,40.163147,1.0,False,7.037038e-07,Test
1846,0,-21.090467,-13.584779,22.282297,0.49784115,-0.36893877,2.3093936,-14.71184,-19.084263,1.4569601e-19,2.6492713e-16,1.0,3.4604364e-10,1.4544319e-10,2.1177657e-09,8.583226e-17,1.0832543e-18,2,43.372765,1.0,False,7.665152e-08,Test
1847,0,-12.362565,-9.036471,14.6803875,-1.0694958,0.67540395,0.7047131,-11.533481,-10.025975,1.8005026e-12,5.0107037e-11,0.9999982,1.4451459e-07,8.273933e-07,8.520025e-07,4.1253554e-12,1.8627811e-11,2,27.042955,1.0,False,3.976208e-05,Test
1848,0,-13.753309,-8.44123,13.807571,-0.8921633,0.2945469,1.5550103,-9.509273,-9.758691,1.0726518e-12,2.1750295e-10,0.99999344,4.130318e-07,1.3532101e-06,4.7728445e-06,7.4751524e-11,5.8250536e-11,2,27.560886,1.0,False,0.00012897911,Test
1849,1,-25.542883,-16.501534,27.882435,0.076823935,-0.069677055,2.246362,-18.650812,-22.91521,6.2759596e-24,5.3001414e-20,1.0,8.3980164e-13,7.2535717e-13,7.3518275e-12,6.1782685e-21,8.6868606e-23,2,44.38397,1.0,False,3.3484726e-10,Test
1850,0,-14.12393,-8.474419,13.308177,-1.3140391,0.47975492,0.3144038,-9.119972,-6.8023896,1.2200716e-12,3.4668585e-10,0.9999945,4.4632355e-07,2.6833943e-06,2.2744348e-06,1.8179241e-10,1.8453948e-09,2,27.432112,1.0,False,0.00010952458,Test
1851,0,-20.111235,-12.8853855,21.351942,0.66587776,-0.51664025,1.8243939,-13.897572,-18.372622,9.834927e-19,1.3518159e-15,1.0,1.0379028e-09,3.181234e-10,3.3059306e-09,4.912828e-16,5.5955303e-18,2,41.463177,1.0,False,1.3414729e-07,Test
1852,1,-21.777176,-13.958015,23.31535,-0.24109131,0.3028967,2.3880255,-16.009079,-18.653296,2.6095463e-20,6.492071e-17,1.0,5.882581e-11,1.01348804e-10,8.154147e-10,8.348678e-18,5.9326655e-19,2,37.273365,1.0,False,2.9982754e-08,Test
1853,0,-10.582425,-7.4568996,11.575228,0.49612474,-0.9969943,1.532807,-7.686473,-11.698634,2.3824626e-10,5.4253153e-09,0.99993753,1.5430478e-05,3.4667805e-06,4.3511605e-05,4.312439e-09,7.8030346e-11,2,22.157717,1.0,False,0.0010302347,Test
1854,0,-14.80564,-10.068724,15.580022,0.13211785,-0.111331776,1.3521128,-11.1972475,-12.103585,6.36318e-14,7.2592292e-12,0.99999905,1.9546108e-07,1.5322557e-07,6.620598e-07,2.348439e-12,9.487719e-13,2,30.385662,1.0,False,2.2790917e-05,Test
1855,0,-20.248829,-13.122683,21.254787,0.37036952,-0.112326995,2.8414922,-14.623803,-18.640167,9.445141e-19,1.1750426e-15,1.0,8.5116214e-10,5.2526666e-10,1.0074123e-08,2.6189457e-16,4.7189057e-18,2,41.503616,1.0,False,3.0945424e-07,Test
1856,0,-13.272329,-8.373271,12.317536,-0.58803076,0.39063165,2.953221,-9.169982,-10.841146,7.6987635e-12,1.0328931e-09,0.9999052,2.4839467e-06,6.6095204e-06,8.572125e-05,4.656378e-10,8.755285e-11,2,25.589962,1.0,False,0.0014550117,Test
1857,0,-20.277534,-13.029408,21.294142,1.1214293,-1.2399441,2.648294,-13.619386,-19.54638,8.823676e-19,1.2401411e-15,1.0,1.7342127e-09,1.6351993e-10,7.983832e-09,6.874597e-16,1.8331007e-18,2,41.57168,1.0,False,2.7055427e-07,Test
1858,0,-8.288318,-5.975288,3.0334094,0.17880115,-0.24425836,5.1717668,-4.455193,-8.048666,1.2635811e-06,1.2768485e-05,0.10436789,0.0060093333,0.0039363517,0.8856125,5.838593e-05,1.6057685e-06,5,13.581561,0.99999875,False,0.57234323,Test
1859,0,-20.710962,-13.116827,21.840006,0.6297728,-0.5907318,2.7614853,-14.366474,-19.489431,3.3139756e-19,6.58325e-16,1.0,6.144868e-10,1.8132348e-10,5.179694e-09,1.8867949e-16,1.1242255e-18,2,42.55097,1.0,False,1.6723945e-07,Test
1860,0,-14.766701,-9.411727,16.015486,0.080705844,-0.30349565,0.14234027,-10.416721,-12.118885,4.2802198e-14,9.059455e-12,0.99999964,1.201193e-07,8.180058e-08,1.2775577e-07,3.3161804e-12,6.045021e-13,2,30.782187,1.0,False,8.1293365e-06,Test
1861,0,-13.667681,-8.521315,13.544102,0.53642714,-0.5542891,2.2643182,-8.961783,-12.819148,1.5207795e-12,2.6127908e-10,0.9999844,2.2430145e-06,7.5359844e-07,1.2625413e-05,1.6819422e-10,3.5528666e-12,2,27.211798,1.0,False,0.00028542147,Test
1862,0,-16.071314,-10.237703,15.92741,0.4227432,-0.19369298,3.1742108,-11.064552,-15.243121,1.2680295e-14,4.3314592e-12,0.9999968,1.8467459e-07,9.969937e-08,2.8930397e-06,1.8946906e-12,2.902742e-14,2,31.998728,1.0,False,6.423645e-05,Test
1863,0,-19.96932,-12.574196,20.060486,-0.3966281,0.15498647,3.7380912,-13.485059,-18.182459,4.1235876e-18,6.7133265e-15,0.9999999,1.304934e-09,2.265436e-09,8.15218e-08,2.6999482e-15,2.462073e-17,2,40.029808,1.0,False,2.1092576e-06,Test
1864,0,-14.105888,-9.028911,13.088899,-0.053513862,0.24518216,3.6050708,-9.581854,-12.042257,1.5467475e-12,2.479262e-10,0.9999193,1.9601434e-06,2.6424677e-06,7.606606e-05,1.4262046e-10,1.2179857e-11,2,27.194866,1.0,False,0.0012433355,Test
1865,0,-14.473559,-8.735697,15.383497,-0.07295772,-0.1981868,1.8218019,-10.537869,-13.243772,1.0795551e-13,3.3509386e-11,0.99999845,1.9379658e-07,1.7098574e-07,1.2889319e-06,5.527037e-12,3.692615e-13,2,29.857058,1.0,False,3.579276e-05,Test
1866,0,-18.396044,-11.290639,20.189379,-3.634383,1.9851279,-1.7792175,-14.779982,-7.0472436,1.7480905e-17,2.130108e-14,1.0,4.5026902e-11,1.2416367e-08,2.87846e-10,6.5012934e-16,1.4834927e-12,2,38.585423,1.0,False,3.3682318e-07,Test
1867,0,-17.262863,-10.992929,18.267767,-0.22145589,0.08531852,1.3089538,-12.522107,-14.047408,3.7088783e-16,1.959932e-13,1.0,9.337535e-09,1.2690029e-08,4.3140105e-08,4.2474393e-14,9.2405586e-15,2,35.530632,1.0,False,1.6374471e-06,Test
1868,0,-23.208443,-15.090875,24.313004,0.61828184,-0.09637523,3.0103095,-16.604305,-21.087627,2.2998428e-21,7.7110505e-18,1.0,5.12287e-11,2.5069277e-11,5.602184e-10,1.6976125e-18,1.9175934e-20,2,47.521446,1.0,False,1.9851395e-08,Test
1869,0,-20.577286,-13.277212,20.986511,-0.3272265,0.5187192,3.5224054,-14.398052,-18.451363,8.893492e-19,1.3165979e-15,1.0,5.540657e-10,1.2910726e-09,2.602767e-08,4.2921941e-16,7.453307e-18,2,41.563797,1.0,False,7.10938e-07,Test
1870,0,-13.475404,-8.432361,13.024835,-0.037403233,0.17929132,2.7944589,-9.551612,-11.499907,3.0979542e-12,4.799995e-10,0.99995923,2.1238534e-06,2.6377515e-06,3.6056765e-05,1.5673146e-10,2.233686e-11,2,26.500278,1.0,False,0.0006800921,Test
1871,0,-23.005161,-14.8808365,24.56975,0.9862014,-0.940403,2.017565,-15.412811,-21.56436,2.180107e-21,7.359171e-18,1.0,5.7252626e-11,8.338374e-12,1.6058703e-10,4.323099e-18,9.208965e-21,2,47.574913,1.0,False,7.479684e-09,Test
1872,0,-17.728598,-11.310962,17.811354,0.7114587,-0.60691035,3.4261098,-11.926352,-17.094353,3.6744723e-16,2.2508122e-13,0.9999994,3.74636e-08,1.0024187e-08,5.6567563e-07,1.2164057e-13,6.928564e-16,2,35.53995,1.0,False,1.3790276e-05,Test
1873,0,-12.421575,-7.671329,12.033303,-0.8618598,0.6461746,0.7334258,-8.408366,-6.881908,2.3953561e-11,2.7693365e-09,0.9999738,2.5100978e-06,1.13402175e-05,1.2374119e-05,1.3252089e-09,6.098415e-09,2,24.454905,1.0,False,0.0004728442,Test
1874,0,-13.71012,-8.458151,13.426531,-1.6268225,1.3530277,1.4819007,-10.41491,-8.123677,1.6394463e-12,3.1303873e-10,0.9999875,2.9000552e-07,5.7087186e-06,6.493933e-06,4.4237218e-11,4.3737877e-10,2,27.136663,1.0,False,0.00023572458,Test
1875,0,-10.081347,-6.9554834,6.555939,0.36091244,-0.37035614,4.8229995,-6.024786,-10.168978,5.043282e-08,1.148838e-06,0.8476084,0.0017287384,0.00083203847,0.14982666,2.9137743e-06,4.6201524e-08,2,16.802624,0.99999994,False,0.6369548,Test
1876,0,-25.533884,-16.72842,27.664894,-0.41497958,0.96248007,2.3188949,-19.580414,-21.484217,7.871637e-24,5.2508372e-20,1.0,6.3835997e-13,2.5309826e-12,9.825906e-12,3.031262e-21,4.5166167e-22,2,53.198776,1.0,False,4.8266197e-10,Test
1877,0,-20.791061,-13.18343,22.21084,0.05480475,-0.28003436,2.3011487,-14.345073,-18.633234,2.1111167e-19,4.2507253e-16,1.0,2.3864682e-10,1.7074067e-10,2.2559585e-09,1.3303599e-16,1.826602e-18,2,43.0019,1.0,False,7.796761e-08,Test
1878,0,-8.595192,-4.7417197,3.5403686,-0.6549179,-0.6542359,0.30152273,-2.910857,0.1334993,4.8583897e-06,0.00022910484,0.90552306,0.013642999,0.013652304,0.035504766,0.0014294467,0.03001339,2,12.234803,0.9999951,False,0.6379151,Test
1879,0,-26.977749,-17.377176,28.855463,-0.8577615,1.251519,2.8964565,-20.447304,-22.003162,5.6486326e-25,8.344876e-21,1.0,1.2465525e-13,1.0274462e-12,5.3228767e-12,3.8733012e-22,8.172949e-23,2,55.833214,1.0,False,2.4560742e-10,Test
1880,0,-22.352842,-14.6614065,23.414263,1.422446,-1.3313705,2.7802887,-14.959053,-21.502401,1.3292259e-20,2.9103642e-17,1.0,2.8123867e-10,1.7910498e-11,1.0933996e-09,2.1611331e-17,3.111291e-20,2,45.767105,1.0,False,4.2111314e-08,Test
1881,0,-9.160739,-5.3908353,6.642982,-0.25469613,0.095580205,1.537141,-5.234034,-4.9751554,1.3578251e-07,5.8896835e-06,0.99154496,0.0010015871,0.0014217129,0.0060099903,6.8895347e-06,8.925232e-06,2,15.812211,0.9999999,False,0.080290094,Test
1882,0,-19.047146,-12.167853,19.741844,-0.2526689,0.42459917,2.0435517,-13.733352,-15.261111,1.4261188e-17,1.3860983e-14,1.0,2.072495e-09,4.0796873e-09,2.059347e-08,2.8967214e-15,6.286504e-16,2,38.78899,1.0,False,6.9929825e-07,Test
1883,0,-6.8309393,-4.480892,2.1576893,-0.028677838,-0.82285047,3.653907,-2.7531292,-5.5996165,2.2142849e-05,0.00023219132,0.17739657,0.019925902,0.009005613,0.7920349,0.001306784,7.585601e-05,5,10.717996,0.9999779,False,0.8994684,Test
1884,0,-7.3213234,-4.648074,1.995896,-0.39523467,-0.40700915,2.8294895,-2.824035,-2.8251252,2.5667392e-05,0.0003718426,0.2856267,0.02614231,0.025836304,0.65739113,0.002304249,0.0023017386,5,10.57029,0.9999743,False,1.2328941,Test
1885,0,-19.566612,-12.497891,20.152636,0.8309185,-0.65638703,3.1783533,-13.426388,-18.58904,5.6253646e-18,6.6077845e-15,1.0,4.0614885e-09,9.1781716e-10,4.247792e-08,2.6110466e-15,1.4952153e-17,2,39.719246,1.0,False,1.1809993e-06,Test
1886,0,-16.020697,-10.17593,16.362066,-0.54469234,0.5923477,1.9057703,-11.809945,-12.000221,8.636633e-15,2.9832822e-12,0.9999993,4.5445137e-08,1.416766e-07,5.2687807e-07,5.821705e-13,4.8129876e-13,2,32.382763,1.0,False,1.6352373e-05,Test
1887,0,-21.292027,-13.516344,22.341621,0.394363,-0.08284362,2.898451,-15.258946,-19.37478,1.1223996e-19,2.6735253e-16,1.0,2.9405392e-10,1.8246456e-10,3.5969825e-09,4.6803818e-17,7.634799e-19,2,43.633648,1.0,False,1.1611113e-07,Test
1888,0,-8.868302,-5.792082,5.1341124,0.40052906,-0.7951997,4.220702,-4.4200644,-8.5251465,5.8718996e-07,1.2728118e-05,0.7078644,0.0062255953,0.0018831395,0.28396255,5.0190785e-05,8.2757873e-07,2,14.347918,0.9999994,False,0.93219775,Test
1889,0,-14.47931,-9.2111025,14.273736,1.1405325,-1.0557607,2.4607077,-9.276323,-14.198236,3.2561662e-13,6.31917e-11,0.99999034,1.9784177e-06,2.200291e-07,7.4073487e-06,5.9201755e-11,4.3129543e-13,2,28.753056,1.0,False,0.00018244093,Test
1890,0,-21.66413,-14.011744,22.906895,0.6229093,-0.34893388,2.7329805,-15.450502,-20.158844,4.395933e-20,9.256319e-17,1.0,2.0998497e-10,7.9455116e-11,1.73213e-09,2.1958026e-17,1.9805569e-19,2,44.571022,1.0,False,5.982992e-08,Test
1891,0,-23.522476,-15.338838,25.248098,0.519799,-0.066462666,1.7426598,-16.890842,-20.580276,6.5948933e-22,2.3622032e-18,1.0,1.8223666e-11,1.01397085e-11,6.1903906e-11,5.0037013e-19,1.25022695e-20,2,48.770576,1.0,False,3.1196854e-09,Test
1892,0,-22.1423,-14.595582,22.987192,0.3151485,0.18676023,2.9972575,-16.246683,-19.311026,2.5148375e-20,4.7643992e-17,1.0,1.4244818e-10,1.2528473e-10,2.0820041e-09,9.139964e-18,4.2669486e-19,2,45.129494,1.0,False,6.882415e-08,Test
1893,0,-22.35012,-14.269097,23.566545,1.1876181,-1.3792742,2.4185483,-14.586317,-21.449848,1.14458e-20,3.699889e-17,1.0,1.9096572e-10,1.4661153e-11,6.539456e-10,2.6941534e-17,2.8159687e-20,2,45.916664,1.0,False,2.6645113e-08,Test
1894,0,-19.412237,-12.46901,20.458378,0.07469666,-0.045116324,2.0137393,-13.699874,-16.798717,4.835181e-18,5.0097658e-15,1.0,1.4043653e-09,1.2457921e-09,9.763262e-09,1.4630506e-15,6.598559e-17,2,39.870613,1.0,False,3.379503e-07,Test
1895,0,-12.63996,-7.7463455,12.734937,-0.6689923,-0.15670934,1.6224474,-8.57556,-10.140274,9.545837e-12,1.2737504e-09,0.99998105,1.5091746e-06,2.5189577e-06,1.4924466e-05,5.5585353e-10,1.1625573e-10,2,25.374916,1.0,False,0.00034270596,Test
1896,1,-12.169343,-7.7147036,11.500854,0.07628134,-0.18995146,2.644839,-8.007052,-10.785895,5.2492104e-11,4.5156403e-09,0.99983823,1.09219745e-05,8.369075e-06,0.00014249893,3.3709617e-09,2.0937156e-10,2,19.21572,1.0,False,0.0023754423,Test
1897,0,-8.758458,-5.2303,7.9498305,-1.0915514,-0.101492524,-1.1733689,-5.9290066,-2.1535804,5.538937e-08,1.8866272e-06,0.9994103,0.00011833727,0.00031849212,0.0001090407,9.380829e-07,4.091554e-05,2,16.708878,0.99999994,False,0.008181605,Test
1898,0,-24.591486,-15.79212,26.188568,-0.21719302,0.55002964,2.2774012,-18.101837,-20.208807,8.841044e-23,5.861624e-19,1.0,3.4050492e-12,7.333719e-12,4.1258368e-11,5.819979e-20,7.0774236e-21,2,50.780052,1.0,False,1.8242511e-09,Test
1899,0,-11.392338,-7.3371854,9.479334,0.10967027,-0.116012126,3.8428807,-7.261922,-10.56986,8.5888713e-10,4.9552618e-08,0.9962949,8.4956155e-05,6.7792535e-05,0.003552282,5.342598e-08,1.95494e-09,2,20.875383,1.0,False,0.036330704,Test
1900,0,-26.312471,-17.22524,28.195108,0.517339,-0.18513696,2.5030768,-18.83532,-23.346895,2.126468e-24,1.8801523e-20,1.0,9.543282e-13,4.727332e-13,6.951721e-12,3.7579025e-21,4.126599e-23,2,54.50758,1.0,False,3.1513336e-10,Test
1901,0,-20.68661,-13.10651,21.752876,0.6182019,-0.51786554,2.6241646,-14.038399,-19.386826,3.7048143e-19,7.2570617e-16,1.0,6.627163e-10,2.1278423e-10,4.9261324e-09,2.8578982e-16,1.3591097e-18,2,42.439484,1.0,False,1.6298956e-07,Test
1902,0,-10.328875,-6.512662,8.113919,0.154445,-0.40892795,3.63919,-6.0108657,-9.614476,9.665851e-09,4.3913758e-07,0.98819834,0.000345214,0.00019652538,0.011258843,7.2531753e-07,1.974694e-08,2,18.454666,1.0,False,0.096216395,Test
1903,0,-28.719566,-18.722912,31.46188,0.4063037,-0.2607602,2.6506402,-20.677145,-26.575962,7.303484e-27,1.6033263e-22,1.0,3.256376e-14,1.6712172e-14,3.0721172e-13,2.2714862e-23,6.229964e-26,2,60.181446,1.0,False,1.499334e-11,Test
1904,0,-7.9871855,-5.1986523,4.538104,-0.5245479,-0.21262084,2.871333,-4.5855966,-4.80108,3.0177066e-06,4.9059327e-05,0.83050287,0.0052560475,0.0071800514,0.15684533,9.05666e-05,7.301047e-05,2,12.711014,0.99999696,False,0.73561984,Test
1905,0,-19.13389,-12.561545,18.191671,-0.1161058,0.27344495,4.091882,-13.2173195,-17.147812,6.161895e-17,4.4060333e-14,0.9999993,1.1195229e-08,1.6527718e-08,7.525568e-07,2.2869058e-14,4.490103e-16,2,37.32556,1.0,False,1.7063125e-05,Test
1906,0,-10.631764,-6.7697096,7.800801,-0.7360507,0.48045057,3.675126,-6.5685205,-7.7902117,9.7165564e-09,4.6214845e-07,0.9832727,0.00019282632,0.00065085804,0.015882403,5.6514097e-07,1.6656475e-07,2,18.449434,1.0,False,0.12814401,Test
1907,0,-4.5137005,-3.3126097,5.0585656,-0.6954408,-0.48736393,-1.0461441,-4.369768,-2.6301877,6.893409e-05,0.0002291188,0.9899567,0.003138217,0.0038641114,0.0022099095,7.9605496e-05,0.0004533495,2,9.582359,0.99993104,False,0.100824766,Test
1908,0,-10.831763,-6.2732916,9.732585,-1.9127278,0.76983285,0.21580817,-7.3669386,-3.6909654,1.1719928e-09,1.1185208e-07,0.999788,8.758155e-06,0.00012806605,7.3590905e-05,3.746961e-08,1.4795646e-06,2,20.56456,1.0,False,0.0031515907,Test
1909,0,-21.689138,-14.660034,21.330198,0.8212391,-0.23221962,4.1561623,-15.0922165,-19.745403,2.0746243e-19,2.3422854e-16,1.0,1.239003e-09,4.320767e-10,3.4786517e-08,1.5203564e-16,1.4490846e-18,2,43.019337,1.0,False,9.1200286e-07,Test
1910,0,-17.979591,-11.211132,18.235077,-0.21000427,0.28123912,2.6709728,-12.239926,-15.382922,1.8714116e-16,1.6280728e-13,0.99999976,9.75894e-09,1.5949496e-08,1.7401848e-07,5.8193515e-14,2.5112386e-15,2,36.21467,1.0,False,4.8382535e-06,Test
1911,0,-26.91356,-17.524544,28.825954,0.68870413,-0.20823938,2.2431586,-18.773378,-24.300411,6.203478e-25,7.417105e-21,1.0,6.027638e-13,2.45816e-13,2.8525834e-12,2.12751e-21,8.4627704e-24,2,55.739517,1.0,False,1.4416394e-10,Test
1912,0,-9.807142,-6.0013976,8.049223,-0.7704052,0.6659248,1.67986,-6.3407106,-5.3368387,1.7538845e-08,7.885236e-07,0.9975206,0.0001474369,0.00062000664,0.0017090028,5.6163367e-07,1.5326012e-06,2,17.858849,1.0,False,0.027823433,Test
1913,0,-12.139684,-7.4683785,11.697461,0.011577684,-0.0627017,2.0841901,-8.332809,-10.097444,4.4424592e-11,4.746192e-09,0.9999169,8.411031e-06,7.808908e-06,6.683031e-05,1.999532e-09,3.424184e-10,2,23.837229,1.0,False,0.0013211546,Test
1914,0,-18.72154,-12.228581,19.102007,0.47339895,-0.24736045,2.09401,-12.766866,-16.03687,3.744916e-17,2.4734206e-14,1.0,8.122655e-09,3.9507233e-09,4.1069605e-08,1.4438566e-14,5.4875596e-16,2,37.823547,1.0,False,1.3363261e-06,Test
1915,0,-22.702827,-14.774502,23.673525,1.3022039,-0.99062973,2.9986238,-15.436959,-21.678497,7.227814e-21,2.0055494e-17,1.0,1.9242383e-10,1.9430948e-11,1.0495544e-09,1.0340276e-17,2.0131117e-20,2,46.37635,1.0,False,3.8207556e-08,Test
1916,0,-8.948769,-5.249611,8.040873,-1.4826986,0.22761072,-0.5990269,-5.882685,-1.9272431,4.1801027e-08,1.6893155e-06,0.99929655,7.30567e-05,0.00040405252,0.00017678028,8.9695425e-07,4.6837824e-05,2,16.990345,0.99999994,False,0.00950198,Test
1917,0,-13.336697,-8.380826,12.636063,0.41055474,-0.1102186,2.898624,-9.015504,-11.809904,5.249827e-12,7.455086e-10,0.99993324,4.903435e-06,2.912938e-06,5.902763e-05,3.9519873e-10,2.416699e-11,2,25.972826,1.0,False,0.0010658017,Test
1918,0,-17.17274,-10.752401,17.579853,0.73933876,-0.85151905,2.4740472,-11.124094,-16.204426,8.074954e-16,4.959731e-13,0.99999964,4.855758e-08,9.893657e-09,2.7518928e-07,3.420062e-13,2.1265419e-15,2,34.752594,1.0,False,7.956025e-06,Test
1919,0,-8.254036,-4.6675434,4.465288,-0.75129455,-0.101077944,0.59138983,-3.7285364,-0.9921378,2.8741701e-06,0.00010377826,0.9603836,0.0052108867,0.009983827,0.019954098,0.00026540668,0.0040955734,2,12.759747,0.99999714,False,0.3116305,Test
1920,0,-13.48647,-8.311692,13.065504,-0.62682664,0.039175212,2.1786082,-9.008855,-11.34978,2.9418065e-12,5.1998605e-10,0.99997807,1.1310634e-06,2.2015456e-06,1.8701288e-05,2.589511e-10,2.492113e-11,2,26.551996,1.0,False,0.00038929022,Test
1921,0,-8.219515,-5.0302534,6.6211843,-0.54378307,0.11537847,1.9467572,-5.5332165,-5.5809298,3.546089e-07,8.606534e-06,0.9885153,0.0007643241,0.0014775689,0.009223708,5.2046817e-06,4.962181e-06,2,14.85225,0.99999964,False,0.100967266,Test
1922,0,-22.941492,-14.747446,24.239378,0.53834313,-0.2580402,2.3901541,-15.97914,-20.798471,3.2330207e-21,1.170139e-17,1.0,5.0906293e-11,2.2956559e-11,3.2434153e-10,3.414443e-18,2.7561988e-20,2,47.18087,1.0,False,1.2775813e-08,Test
1923,0,-15.244647,-9.447241,14.752145,-0.17763308,0.0011271723,2.6732929,-10.217632,-12.811717,9.387632e-14,3.092696e-11,0.9999937,3.2815348e-07,3.923844e-07,5.6783038e-06,1.4314008e-11,1.0694591e-12,2,29.996798,1.0,False,0.00012365796,Test
1924,0,-17.535898,-11.132841,17.824696,0.28184748,-0.14483686,3.0640516,-12.184063,-16.12818,4.3963093e-16,2.654003e-13,0.99999964,2.405678e-08,1.5701142e-08,3.8862757e-07,9.2760184e-14,1.7966122e-15,2,35.360596,1.0,False,9.807726e-06,Test
1925,0,-19.863697,-12.708385,20.243673,1.0154234,-0.6454901,2.9084706,-13.510163,-18.595734,3.815849e-18,4.8876884e-15,1.0,4.459405e-09,8.4713253e-10,2.9608534e-08,2.1922729e-15,1.355998e-17,2,40.10737,1.0,False,8.897282e-07,Test
1926,0,-15.340586,-9.594898,15.785851,-0.1700513,0.13302617,2.2642505,-11.062588,-13.205783,3.0336106e-14,9.490305e-12,0.99999845,1.176086e-07,1.5924437e-07,1.3416621e-06,2.1871105e-12,2.5650302e-13,2,31.126438,1.0,False,3.4884124e-05,Test
1927,0,-13.38206,-8.692111,12.406304,0.52976036,-0.30074507,3.6482139,-9.186326,-13.19542,6.3122333e-12,6.870717e-10,0.99983287,6.9504013e-06,3.0291862e-06,0.00015715812,4.191478e-10,7.60746e-12,2,25.788532,1.0,False,0.002401529,Test
1928,0,-10.097231,-5.9130545,6.9671493,-1.0159714,0.49464265,0.86542326,-5.7454433,-2.9358132,3.8656417e-08,2.537387e-06,0.99583626,0.0003397524,0.001538913,0.0022296773,3.0003982e-06,4.9817954e-05,2,17.068554,0.99999994,False,0.044745263,Test
1929,1,-13.81171,-9.04881,13.558723,0.20785558,-0.036399487,2.3558917,-9.681627,-11.348386,1.2976706e-12,1.5193795e-10,0.99998355,1.5914187e-06,1.2465389e-06,1.3635311e-05,8.0693174e-11,1.5239586e-11,2,22.60755,1.0,False,0.00029922143,Test
1930,0,-11.2890415,-7.412607,9.084483,-0.8459321,1.1237307,3.0353482,-7.8803506,-7.4778476,1.4148e-09,6.826673e-08,0.9972499,4.8537735e-05,0.000347931,0.002353412,4.276319e-08,6.395513e-08,2,20.376278,1.0,False,0.029206883,Test
1931,0,-8.132418,-4.980074,5.303798,-0.57138544,-0.2058129,2.3296723,-4.407068,-5.085364,1.3810482e-06,3.2303855e-05,0.9451124,0.0026541387,0.0038255136,0.048287753,5.7293844e-05,2.9075534e-05,2,13.492668,0.9999986,False,0.3432821,Test
1932,0,-17.806742,-11.282621,18.42655,0.44582897,-0.34391907,2.1841884,-12.286491,-15.792782,1.8368823e-16,1.251615e-13,0.9999999,1.5526453e-08,7.0483677e-09,8.8314536e-08,4.5866495e-14,1.3763656e-15,2,36.23329,1.0,False,2.835082e-06,Test
1933,1,-20.084621,-12.759626,21.135052,0.09095963,0.20094554,3.0834415,-14.819521,-18.313578,1.2546524e-18,1.9042728e-15,1.0,7.2554923e-10,8.099028e-10,1.4463885e-08,2.427318e-16,7.373558e-18,2,33.894676,1.0,False,4.2317077e-07,Test
1934,0,-22.61146,-14.805116,23.283438,0.55548024,-0.33386058,4.2141294,-15.766637,-21.686312,1.1697668e-20,2.8731017e-17,1.0,1.3470192e-10,5.5352563e-11,5.227623e-09,1.0984181e-17,2.9504343e-20,2,45.894897,1.0,False,1.5012098e-07,Test
1935,0,-22.239109,-14.144321,24.140194,-0.22317526,-0.06714898,1.6116478,-15.555321,-19.372581,7.206504e-21,2.3618169e-17,1.0,2.6249636e-11,3.0682085e-11,1.6442848e-10,5.760458e-18,1.2666066e-19,2,46.379303,1.0,False,7.338409e-09,Test
1936,0,-6.823822,-3.349811,0.7628834,-0.2857241,-1.2164114,-0.7132753,-1.3984332,3.133327,4.0406125e-05,0.0013037407,0.0796731,0.027919473,0.011008168,0.0182064,0.009176221,0.8526726,7,10.116529,0.9999596,False,0.8830057,Test
1937,1,-18.084507,-11.69275,19.120497,0.8018324,-0.7855589,1.5720671,-12.2429,-16.963623,6.9514115e-17,4.1493163e-14,1.0,1.1074014e-08,2.2641748e-09,2.3922905e-08,2.3935931e-14,2.1323823e-16,2,30.813248,1.0,False,9.633501e-07,Test
1938,0,-8.353826,-5.428182,5.291077,0.22540131,-0.4289616,3.470329,-4.7791095,-7.4767995,1.0123448e-06,1.8876413e-05,0.8535611,0.005385668,0.0027993247,0.13819546,3.6125024e-05,2.4334154e-06,2,13.803242,0.999999,False,0.6547852,Test
1939,0,-22.263012,-14.936095,24.460278,0.96337444,-0.7537848,1.979491,-16.317415,-21.524763,5.108968e-21,7.769128e-18,1.0,6.2434544e-11,1.1211717e-11,1.7247181e-10,1.951966e-18,1.0689353e-20,2,46.72329,1.0,False,8.118064e-09,Test
1940,0,-20.260027,-12.832003,21.19479,0.07600976,0.06280486,2.982294,-14.596858,-18.03911,9.917472e-19,1.668595e-15,1.0,6.7333367e-10,6.64501e-10,1.2314409e-08,2.85683e-16,9.13972e-18,2,41.45482,1.0,False,3.643359e-07,Test
1941,0,-23.51583,-16.004265,25.955223,0.37022063,-0.59027964,0.7509198,-16.857588,-20.607164,3.2733633e-22,5.98723e-19,1.0,7.737032e-12,2.9609717e-12,1.1321656e-11,2.550537e-19,6.0008516e-21,2,49.471054,1.0,False,8.1066037e-10,Test
1942,0,-12.645283,-7.6301,12.679093,-2.2918139,1.2618089,-0.7419091,-9.530679,-3.892344,1.0040562e-11,1.5129484e-09,0.9999871,3.1492854e-07,1.1003503e-05,1.4836352e-06,2.2615851e-10,6.3549244e-08,2,25.324389,1.0,False,0.00023692017,Test
1943,0,-16.813074,-10.513283,17.60628,1.0556201,-1.2965208,1.5297382,-10.82435,-15.873992,1.1268463e-15,6.135208e-13,0.9999999,6.4884354e-08,6.174736e-09,1.042429e-07,4.495048e-13,2.8820616e-15,2,34.419353,1.0,False,4.307459e-06,Test
1944,0,-17.450333,-10.445395,18.71714,-2.5884564,1.5095416,-0.9159387,-13.440064,-8.340851,1.9618514e-16,2.1620775e-13,1.0,5.585945e-10,3.3638393e-08,2.9748282e-09,1.082191e-14,1.7736332e-12,2,36.167473,1.0,False,9.36593e-07,Test
1945,0,-23.743696,-15.375865,25.139433,0.98204964,-0.5671137,2.4858882,-16.701565,-21.620085,5.8928687e-22,2.5376404e-18,1.0,3.2253873e-11,6.8515462e-12,1.4510763e-10,6.7404115e-19,4.927192e-21,2,48.88313,1.0,False,6.120635e-09,Test
1946,0,-15.536748,-9.9485445,15.222457,0.485198,-0.3340383,3.2366354,-10.6411705,-14.769041,4.3796974e-14,1.1704962e-11,0.9999932,3.978202e-07,1.7534639e-07,6.231905e-06,5.8555266e-12,9.4374656e-14,2,30.759212,1.0,False,0.00012995863,Test
1947,0,-13.416347,-8.996119,11.8712,0.22539568,-0.58469814,4.44138,-8.954792,-13.888056,1.0411065e-11,8.653189e-10,0.9993944,8.750417e-06,3.892328e-06,0.00059293525,9.0182706e-10,6.495833e-12,2,25.288153,1.0,False,0.007446606,Test
1948,0,-16.268972,-10.561352,16.182972,1.2209765,-1.1641173,2.2270195,-10.140926,-15.5860195,8.059349e-15,2.4270978e-12,0.9999988,3.1775147e-07,2.9258638e-08,8.6897296e-07,3.6955213e-12,1.5955184e-14,2,32.451942,1.0,False,2.6807224e-05,Test
1949,0,-7.821121,-4.7979994,3.2063816,-0.22504377,-0.31905204,2.8509047,-3.7233267,-4.2051454,9.208351e-06,0.00018928098,0.56671613,0.01832806,0.01668358,0.39717686,0.00055441045,0.0003424368,2,11.5954,0.9999908,False,1.2101161,Test
1950,0,-15.006997,-9.008475,15.191442,-0.2693262,-0.32654354,-0.2208482,-9.282998,-9.704308,7.6733406e-14,3.091074e-11,0.9999994,1.9296282e-07,1.8223187e-07,2.0254775e-07,2.3490144e-11,1.5413943e-11,2,30.198439,1.0,False,1.3663911e-05,Test
1951,0,-22.054684,-14.248148,23.07,0.07034383,-0.02877624,2.5418713,-15.62914,-19.182112,2.5269637e-20,6.207764e-17,1.0,1.0265403e-10,9.2967065e-11,1.2154789e-09,1.5601905e-17,4.468279e-19,2,45.124683,1.0,False,4.250171e-08,Test
1952,0,-20.25818,-12.968777,21.11386,0.22885358,-0.2153884,2.4939258,-13.972137,-18.391243,1.0773366e-18,1.577975e-15,1.0,8.5066226e-10,5.455381e-10,8.193423e-09,5.7855474e-16,6.968692e-18,2,41.37204,1.0,False,2.625172e-07,Test
1953,0,-11.100354,-6.2908545,10.64401,-3.8767548,1.9016047,-2.64323,-8.9330435,2.3711743,3.6004905e-10,4.4167297e-08,0.99958295,4.937772e-07,0.00015960285,1.6952908e-06,3.1449428e-09,0.0002552539,2,21.744781,1.0,False,0.005705339,Test
1954,0,-9.952855,-6.0209713,8.719184,0.13072263,-0.27548197,1.9579467,-6.4255223,-8.070101,7.76603e-09,3.960906e-07,0.99853337,0.00018596936,0.00012388785,0.0011560979,2.6430172e-07,5.103514e-08,2,18.673506,1.0,False,0.01732204,Test
1955,0,-10.265352,-6.316691,9.271944,-1.9826403,1.2576368,0.96216434,-7.4439363,-4.087386,3.271924e-09,1.6970134e-07,0.99940884,1.2940151e-05,0.00033050185,0.00024595266,5.4970307e-08,1.577102e-06,2,19.537888,1.0,False,0.00786878,Test
1956,0,-17.44744,-11.295915,16.865196,0.013403511,0.061517894,4.543636,-12.294846,-16.915329,1.2537443e-15,5.8855004e-13,0.99999547,4.801282e-08,5.0379423e-08,4.4546396e-06,2.1674685e-13,2.1345302e-15,2,34.31264,1.0,False,8.811081e-05,Test
1957,0,-9.529199,-5.587258,7.12032,-0.62564504,-0.21060471,1.212348,-5.00433,-4.220044,5.855278e-08,3.016552e-06,0.99618894,0.00043083585,0.0006524717,0.0027073359,5.4034745e-06,1.1838155e-05,2,16.653337,0.99999994,False,0.0406445,Test
1958,1,-8.122564,-5.2123103,7.9751935,-0.095427126,-0.5883851,-0.17947882,-5.4564714,-5.119585,1.0197344e-07,1.8723805e-06,0.9992042,0.0003123405,0.00019078286,0.00028716066,1.46675e-06,2.0543025e-06,2,13.1883,0.99999815,False,0.010625882,Test
1959,0,-7.9968996,-4.261523,4.372153,-1.397616,-0.124837816,-0.98673254,-3.5981486,2.2008471,3.7476345e-06,0.00015704027,0.8822033,0.0027528969,0.00982993,0.00415178,0.00030486716,0.10059644,2,12.494386,0.99999624,False,0.6202551,Test
1960,0,-13.195237,-8.314985,11.952024,0.1273054,0.21743454,3.623345,-8.962953,-11.599784,1.1983153e-11,1.5777494e-09,0.9997433,7.319444e-06,8.009788e-06,0.0002414286,8.2533247e-10,5.9083814e-11,2,25.14752,1.0,False,0.0035318972,Test
1961,0,-9.23713,-5.3924985,7.545713,-0.2115987,-0.61692464,1.1728916,-4.793785,-6.0188303,5.1315762e-08,2.3985729e-06,0.9975777,0.00042656873,0.00028441875,0.0017031998,4.3648633e-06,1.2821554e-06,2,16.785269,0.99999994,False,0.027430221,Test
1962,0,-17.58258,-10.940147,18.20107,-0.2680587,0.2978007,2.1250794,-12.332749,-14.978653,2.8797635e-16,2.2086642e-13,0.9999999,9.52706e-09,1.6776767e-08,1.0430038e-07,5.4869365e-14,3.8924963e-15,2,35.783653,1.0,False,3.2781854e-06,Test
1963,0,-16.042034,-10.409076,16.184633,0.051650785,-0.19637655,1.6672866,-11.102526,-13.166454,1.0095667e-14,2.8216234e-12,0.9999993,9.852229e-08,7.688071e-08,4.9567416e-07,1.4103832e-12,1.7905413e-13,2,32.22667,1.0,False,1.5523528e-05,Test
1964,0,-12.1054735,-7.424819,10.691329,-0.7165188,0.44737598,2.8889756,-7.987979,-9.582438,1.2568306e-10,1.35537395e-08,0.9995448,1.1102917e-05,3.555577e-05,0.0004085858,7.717594e-09,1.5668121e-09,2,22.797258,1.0,False,0.005964897,Test
1965,0,-7.8771925,-5.312416,2.9614477,-0.14911726,-0.5589534,4.233721,-3.6101785,-6.027517,4.2253264e-06,5.4919743e-05,0.21528903,0.009596671,0.006369879,0.76835704,0.00030130122,2.6863585e-05,5,12.374414,0.99999577,False,0.8846765,Test
1966,0,-5.7317095,-3.3461976,0.7736151,-0.118913166,-0.93225086,2.083111,-1.7996887,-2.4806364,0.00027549875,0.0029931883,0.18422395,0.075461596,0.033457845,0.68242186,0.014053176,0.0071128327,5,8.196927,0.9997245,False,1.4366851,Test
1967,0,-26.496061,-16.963068,28.095976,-0.9265922,0.5414159,3.3204849,-18.54526,-23.63178,1.954247e-24,2.6983973e-20,1.0,2.4869036e-13,1.0794605e-12,1.7383638e-11,5.5458595e-21,3.427053e-23,2,54.592037,1.0,False,6.7467615e-10,Test
1968,0,-14.490978,-9.498965,14.19656,-0.35289255,0.37126404,1.3356122,-10.604229,-10.319257,3.476632e-13,5.1187273e-11,0.99999595,4.80011e-07,9.902589e-07,2.5975246e-06,1.6949327e-11,2.2537966e-11,2,28.687542,1.0,False,8.3873194e-05,Test
1969,0,-14.950636,-9.1771965,16.091637,-1.6660146,1.0403628,0.33503363,-11.639655,-9.434334,3.2999865e-14,1.0614146e-11,0.99999964,1.9406636e-08,2.906129e-07,1.4354696e-07,9.0459134e-13,8.207516e-12,2,31.042273,1.0,False,1.0759422e-05,Test
1970,0,-9.654819,-5.89456,7.3551474,-0.6378954,0.30296823,1.0797547,-5.6110377,-4.342856,4.0862258e-08,1.7554237e-06,0.9969117,0.00033676138,0.0008628476,0.0018762398,2.3308496e-06,8.284727e-06,2,17.01306,0.99999994,False,0.03432886,Test
1971,0,-6.8043833,-3.9782102,1.6370001,-0.24762532,-0.8330065,1.9752482,-2.415982,-1.854514,8.018586e-05,0.0013535967,0.3716585,0.05644971,0.031436477,0.5212468,0.0064558936,0.011318759,5,9.431163,0.99991983,False,1.5457996,Test
1972,0,-20.012114,-13.011658,19.958603,0.6281752,-0.36965936,3.8177967,-13.710565,-19.129768,4.374592e-18,4.799519e-15,0.9999999,4.0262624e-09,1.4843892e-09,9.775452e-08,2.3859796e-15,1.0571484e-17,2,39.97072,1.0,False,2.6041378e-06,Test
1973,0,-19.027758,-12.221752,19.804972,1.0520766,-0.8978649,2.1982944,-12.665849,-17.836308,1.36508574e-17,1.2330189e-14,1.0,7.1733335e-09,1.0206389e-09,2.2569237e-08,7.908633e-15,4.4936507e-17,2,38.83273,1.0,False,7.9784047e-07,Test
1974,0,-22.737164,-14.774263,24.32277,0.85388935,-0.5701828,2.4252596,-15.970489,-21.609272,3.648639e-21,1.0480339e-17,1.0,6.4208874e-11,1.5457111e-11,3.090523e-10,3.1685466e-18,1.1271144e-20,2,47.059933,1.0,False,1.2492528e-08,Test
1975,0,-13.377832,-8.4163,12.235635,0.2764202,-0.16968842,3.3890674,-8.491159,-12.099345,7.51874e-12,1.0737701e-09,0.9998456,6.3990014e-06,4.096091e-06,0.00014385258,9.96323e-10,2.7001347e-11,2,25.613623,1.0,False,0.0022424012,Test
1976,0,-17.593803,-11.314286,17.438513,0.90405065,-0.6421289,4.0337453,-12.08778,-17.709858,6.104595e-16,3.2569937e-13,0.99999845,6.5943766e-08,1.4050015e-08,1.5079347e-06,1.5027727e-13,5.4357154e-16,2,35.03232,1.0,False,3.333726e-05,Test
1977,0,-10.7191925,-6.8404465,8.512788,-0.066385545,-0.8195739,2.7314785,-5.5416355,-9.175933,4.4279194e-09,2.1414961e-07,0.99664897,0.00018735044,8.821638e-05,0.0030743377,7.8484464e-07,2.0721846e-08,2,19.235336,1.0,False,0.034012385,Test
1978,1,-20.419657,-13.19975,21.37593,0.87298214,-1.0974272,1.8073068,-13.308539,-18.322536,7.0535505e-19,9.637692e-16,1.0,1.2464719e-09,1.737579e-10,3.1728853e-09,8.6442153e-16,5.743475e-18,2,34.57568,1.0,False,1.3207921e-07,Test
1979,0,-9.295032,-5.450954,7.274955,-1.6962135,0.7417631,0.100218534,-5.6476936,-1.2929966,6.348097e-08,2.965551e-06,0.9974638,0.00012669753,0.0014506681,0.00076374586,2.4359156e-06,0.0001896196,2,16.572525,0.99999994,False,0.029327266,Test
1980,0,-15.264278,-9.407415,15.285961,0.29763183,-0.5882952,3.242816,-10.237419,-15.248366,5.3975514e-14,1.8871224e-11,0.9999937,3.0949147e-07,1.2761315e-07,5.8847195e-06,8.228754e-12,5.4841196e-14,2,30.550245,1.0,False,0.00012097553,Test
1981,0,-12.609256,-7.743724,12.77889,-2.2394874,1.987373,0.39778098,-10.504057,-5.7080474,9.420146e-12,1.222169e-09,0.99997485,3.0032444e-07,2.0572787e-05,4.19703e-06,7.732741e-11,9.358678e-09,2,25.38817,1.0,False,0.00043826172,Test
1982,0,-21.331976,-13.610227,22.658117,0.38400337,-0.25933048,2.0072374,-15.05936,-18.9832,7.858601e-20,1.7736093e-16,1.0,2.120679e-10,1.1144967e-10,1.0750713e-09,4.1639772e-17,8.2300945e-19,2,43.990093,1.0,False,4.2529123e-08,Test
1983,0,-22.808481,-15.166856,25.102093,0.82487124,-0.729654,1.7143034,-16.62344,-21.651999,1.5584802e-21,3.2465214e-18,1.0,2.8611233e-11,6.045257e-12,6.9632564e-11,7.5653923e-19,4.9540113e-21,2,47.910576,1.0,False,3.5768921e-09,Test
1984,1,-22.648811,-14.253884,24.158842,-0.33040407,0.38293388,2.53621,-16.270407,-19.530497,4.695627e-21,2.077612e-17,1.0,2.3144906e-11,4.723398e-11,4.0682782e-10,2.76567e-18,1.06160095e-19,2,38.412727,1.0,False,1.5128851e-08,Test
1985,0,-13.577458,-7.7041187,11.937684,-0.6465328,-0.40759814,-1.1461551,-7.3543215,-5.1362357,8.29679e-12,2.948959e-09,0.9999901,3.4256238e-06,4.3501836e-06,2.0785308e-06,4.1839274e-09,3.844915e-08,2,25.515152,1.0,False,0.00019432805,Test
1986,0,-13.247323,-8.562322,12.124294,-0.53432167,0.8165306,3.058414,-9.480014,-10.321396,9.5761316e-12,1.0371949e-09,0.999869,3.1796258e-06,1.2275624e-05,0.000115526476,4.1429613e-10,1.7860916e-10,2,25.371748,1.0,False,0.001958319,Test
1987,0,-14.460951,-8.931159,15.2753525,-1.6446929,0.8201251,0.081146635,-11.093336,-7.889533,1.2181121e-13,3.0707534e-11,0.9999993,4.4845322e-08,5.274416e-07,2.5190673e-07,3.5336517e-12,8.701965e-11,2,29.736303,1.0,False,1.8824163e-05,Test
1988,0,-16.537485,-10.2967615,17.311302,-0.115289666,0.10384253,1.4948133,-11.42418,-13.858402,1.9936974e-15,1.0232238e-12,0.9999999,2.7022608e-08,3.3643012e-08,1.3520288e-07,3.313897e-13,2.905155e-14,2,33.848785,1.0,False,4.7717217e-06,Test
1989,0,-18.225313,-11.614781,19.177256,0.47629866,-0.24760102,1.7572415,-12.783519,-16.387371,5.7051984e-17,4.238262e-14,1.0,7.555755e-09,3.6634658e-09,2.7200963e-08,1.3170808e-14,3.584908e-16,2,37.40257,1.0,False,9.901289e-07,Test
1990,0,-13.303217,-8.553672,12.073082,0.5715135,-0.18526036,3.4747987,-8.818441,-12.129912,9.530746e-12,1.1011023e-09,0.99980074,1.0112199e-05,4.744417e-06,0.0001843853,8.4496776e-10,3.0809605e-11,2,25.376497,1.0,False,0.0028265014,Test
1991,0,-19.64385,-12.586996,19.93091,-0.43310386,0.45251548,3.2780647,-13.633073,-17.143446,6.499798e-18,7.544887e-15,0.9999999,1.4322576e-09,3.4724843e-09,5.858158e-08,2.650617e-15,7.921578e-17,2,39.57476,1.0,False,1.6330731e-06,Test
1992,0,-20.529097,-13.352473,21.691359,1.397455,-1.2054441,2.100182,-13.987608,-19.862268,4.612e-19,6.034727e-16,1.0,1.5362778e-09,1.13774476e-10,3.1021297e-09,3.1975822e-16,8.9844e-19,2,42.220455,1.0,False,1.3641626e-07,Test
1993,1,-20.44447,-12.894506,21.752298,-0.1458708,0.17111124,1.894203,-14.745971,-17.178692,4.722541e-19,8.976021e-16,1.0,3.0884903e-10,4.2404297e-10,2.3754114e-09,1.4093003e-16,1.2373283e-17,2,34.646805,1.0,False,9.101352e-08,Test
1994,0,-11.549165,-7.1541896,9.86691,0.60321665,-0.5771871,3.3202772,-7.14033,-11.080698,4.993907e-10,4.0471946e-08,0.99844354,9.465702e-05,2.9074321e-05,0.0014327058,4.1036746e-08,7.977973e-10,2,21.417633,1.0,False,0.017484207,Test
1995,0,-11.714662,-7.069339,10.184496,-0.9545783,0.42016745,1.3118883,-7.2247825,-6.132168,3.0847797e-10,3.211168e-08,0.99978775,1.4530123e-05,5.7453173e-05,0.00014014688,2.7488692e-08,8.197299e-08,2,21.89937,1.0,False,0.003146637,Test
1996,0,-23.025703,-15.045557,24.414274,-0.03269568,0.20799267,2.728617,-16.535004,-20.60078,2.4950465e-21,7.291436e-18,1.0,2.4144367e-11,3.0714643e-11,3.8197823e-10,1.6441966e-18,2.8197524e-20,2,47.43998,1.0,False,1.3874676e-08,Test
1997,0,-29.422243,-19.362436,31.148695,0.45334524,-0.04963738,4.5693827,-21.12044,-27.755714,4.9473862e-27,1.1568962e-22,1.0,4.6685132e-14,2.8231674e-14,2.8625412e-12,1.9943589e-23,2.6190222e-26,2,60.57094,1.0,False,1.1310465e-10,Test
1998,0,-18.11091,-11.754785,18.431213,0.33830667,-0.2680204,2.9775193,-12.61693,-17.014551,1.3488325e-16,7.7694084e-14,0.99999976,1.3878746e-08,7.568778e-09,1.9433263e-07,3.28067e-14,4.0373905e-16,2,36.54212,1.0,False,5.1570746e-06,Test
1999,0,-10.966635,-7.2118573,8.3432,-0.01853898,-0.0682905,4.3765492,-6.734985,-10.367768,4.031848e-09,1.722593e-07,0.98097587,0.0002291929,0.00021806925,0.0185765,2.775148e-07,7.3381767e-09,2,19.32904,1.0,False,0.13943912,Test
2000,0,-21.864096,-13.994182,22.522917,0.4407041,0.051143173,4.136397,-15.763579,-20.551373,5.2840317e-20,1.3830124e-16,1.0,2.5693128e-10,1.7403354e-10,1.0347505e-08,2.3571455e-17,1.9636978e-19,2,44.387012,1.0,False,2.8830684e-07,Test
2001,0,-18.009525,-10.949885,18.967358,0.48543927,-0.5387579,2.378302,-12.858454,-17.545528,8.7326026e-17,1.0164967e-13,0.9999999,9.405997e-09,3.3775505e-09,6.244023e-08,1.5073902e-14,1.388849e-16,2,36.976883,1.0,False,1.9262236e-06,Test
2002,0,-21.55286,-14.104721,22.24908,1.1536145,-0.6172546,2.7286754,-14.79459,-19.92193,9.485468e-20,1.6283379e-16,1.0,6.8921585e-10,1.172943e-10,3.3296295e-09,8.168423e-17,4.845759e-19,2,43.80194,1.0,False,1.18614274e-07,Test
2003,0,-20.575464,-13.349679,21.635647,0.74105024,-0.52433753,2.046836,-14.327593,-18.758831,4.655288e-19,6.3983275e-16,1.0,8.4254326e-10,2.3770647e-10,3.1094811e-09,2.4063714e-16,2.8635264e-18,2,42.211113,1.0,False,1.2087365e-07,Test
2004,0,-17.195671,-10.737926,17.686712,0.55292076,-0.35333228,2.6977823,-11.930969,-16.042913,7.09206e-16,4.522066e-13,0.99999964,3.6215038e-08,1.4632143e-08,3.0930744e-07,1.3715265e-13,2.245999e-15,2,34.882385,1.0,False,8.480591e-06,Test
2005,0,-7.416795,-4.497447,8.076121,-1.8684767,0.5655233,-1.0033957,-6.439734,-2.3105938,1.867192e-07,3.459757e-06,0.99925643,4.7950467e-05,0.0005468467,0.00011389185,4.960448e-07,3.0816547e-05,2,15.49366,0.9999998,False,0.009717415,Test
2006,0,-7.2903633,-4.6652236,1.7278085,-0.024698505,-0.9283311,3.089722,-2.434423,-3.8881466,2.34486e-05,0.000323743,0.19349024,0.033539373,0.013586645,0.7553192,0.0030131778,0.00070417515,5,10.6607,0.9999766,False,1.0495495,Test
2007,0,-24.176943,-17.326986,29.970083,0.40555272,-1.1357077,-1.465234,-18.818827,-24.575712,3.0496175e-24,2.8783506e-21,1.0,1.4463959e-13,3.0968958e-14,2.2274854e-14,6.4750874e-22,2.0467369e-24,2,54.147026,1.0,False,8.5692235e-12,Test
2008,0,-24.338776,-15.739488,26.27984,0.26649168,-0.09199251,1.8944312,-17.583004,-21.26325,1.0389991e-22,5.6394563e-19,1.0,5.0413384e-12,3.5225577e-12,2.5677438e-11,8.9249925e-20,2.2505985e-21,2,50.618614,1.0,False,1.2265696e-09,Test
2009,0,-14.067508,-8.552144,13.38353,-1.5128573,0.85524386,1.9318832,-9.757524,-9.524134,1.1971792e-12,2.9747607e-10,0.99998546,3.3929302e-07,3.6226652e-06,1.0631797e-05,8.911737e-11,1.12543884e-10,2,27.451054,1.0,False,0.00026959012,Test
2010,0,-14.244671,-9.284335,12.157895,-0.4526898,0.2276458,3.5841002,-9.255931,-11.79453,3.4152726e-12,4.8715976e-10,0.9998012,3.3358467e-06,6.586766e-06,0.00018895642,5.0119553e-10,3.9582906e-11,2,26.402763,1.0,False,0.0027983447,Test
2011,0,-23.42218,-15.629001,25.373592,1.5418347,-1.3036149,2.0895028,-16.5809,-22.613472,6.4308037e-22,1.5588333e-18,1.0,4.4668234e-11,2.5955882e-12,7.7241054e-11,6.0172246e-19,1.4437193e-21,2,48.795773,1.0,False,4.230347e-09,Test
2012,0,-9.745797,-6.2914386,6.2516913,0.0856147,-0.037630994,3.878449,-5.3464103,-7.8137283,1.02828686e-07,3.2532914e-06,0.9114547,0.0019135596,0.0016916755,0.084927626,8.370349e-06,7.099058e-07,2,16.090202,0.9999999,False,0.45712572,Test
2013,0,-20.503233,-13.100362,21.557951,0.45148554,-0.22232862,2.2852998,-14.328907,-18.555292,5.4082893e-19,8.8733086e-16,1.0,6.8167627e-10,3.474921e-10,4.2657335e-09,2.5973855e-16,3.7934983e-18,2,42.061184,1.0,False,1.5028307e-07,Test
2014,1,-18.1313,-11.663538,18.21386,0.57786536,-0.39726815,3.3431797,-12.41266,-17.08657,1.6424676e-16,1.057818e-13,0.99999964,2.1917195e-08,8.265892e-09,3.4813337e-07,5.0011742e-14,4.6689345e-16,2,29.877398,1.0,False,8.764346e-06,Test
2015,0,-19.2992,-12.303442,20.061443,0.25420347,-0.22355409,3.0472662,-13.411704,-18.133068,8.051756e-18,8.792446e-15,1.0,2.499339e-09,1.5500201e-09,4.0816587e-08,2.9026614e-15,2.5842495e-17,2,39.36064,1.0,False,1.1186776e-06,Test
2016,0,-7.972477,-4.8639345,5.058721,-1.0987445,-0.11116506,1.0517669,-4.0764656,-2.2000184,2.1336025e-06,4.7767964e-05,0.9738478,0.0020622334,0.0055365353,0.017713035,0.00010498559,0.00068558386,2,13.057699,0.99999785,False,0.20952894,Test
2017,0,-8.423052,-4.94584,6.877223,-1.4448613,0.76290727,-0.003229523,-5.9396753,-1.4887727,2.2571503e-07,7.3062483e-06,0.99628913,0.00024218656,0.002202783,0.0010238653,2.7044389e-06,0.00023178202,2,15.303992,0.99999976,False,0.04084264,Test
2018,0,-9.109663,-4.6454883,5.3856344,-1.4758996,-0.09387009,-2.618181,-4.1663013,3.9255702,4.093458e-07,3.5551428e-05,0.8078264,0.0008460414,0.0033697635,0.00026996352,5.740706e-05,0.18759455,2,14.708706,0.9999996,False,0.7424825,Test
2019,0,-18.550001,-11.690084,18.996988,0.55300415,-0.3762637,3.306214,-12.777676,-17.657291,4.9379834e-17,4.7073185e-14,0.9999999,9.769651e-09,3.8574752e-09,1.5331456e-07,1.586495e-14,1.2057235e-16,2,37.54699,1.0,False,4.0103437e-06,Test
2020,0,-8.269433,-5.264564,5.4950085,-0.4088595,0.17657322,2.9299657,-5.1805224,-5.8956194,9.703059e-07,1.958423e-05,0.9219973,0.0025160108,0.0045181704,0.07091624,2.1301259e-05,1.0419403e-05,2,13.8456545,0.99999905,False,0.43651637,Test
2021,1,-19.305803,-12.28993,20.436787,1.1811808,-1.3920966,1.9532623,-12.733766,-18.667755,5.4955564e-18,6.123056e-15,1.0,4.3390704e-09,3.3100617e-10,9.390904e-09,3.928372e-15,1.04019145e-17,2,32.726715,1.0,False,3.8138256e-07,Test
2022,1,-18.905611,-11.971148,19.719067,0.32428804,-0.12492047,2.4564734,-13.491645,-16.88555,1.6807953e-17,1.7262945e-14,1.0,3.7753254e-09,2.4091629e-09,3.1838415e-08,3.7737304e-15,1.2671208e-16,2,31.690214,1.0,False,9.675337e-07,Test
2023,0,-10.084141,-6.305904,9.666555,-0.3169345,0.058782876,1.7871685,-7.1901517,-7.9152994,2.6434313e-09,1.156206e-07,0.99950826,4.613301e-05,6.7171284e-05,0.0003782789,4.7754217e-08,2.312509e-08,2,19.751188,1.0,False,0.0066097225,Test
2024,0,-18.60262,-11.574724,19.528576,-0.13414891,0.17405502,1.726795,-12.952932,-15.567173,2.753166e-17,3.1046197e-14,1.0,2.8879312e-09,3.930415e-09,1.8568844e-08,7.8245795e-15,5.72941e-16,2,38.131195,1.0,False,6.6856745e-07,Test
2025,0,-9.917352,-6.115565,8.522626,-1.6378361,0.95874506,1.6602788,-7.030866,-5.0711846,9.793154e-09,4.385483e-07,0.9983967,3.8607384e-05,0.0005180258,0.0010447771,1.7559314e-07,1.246195e-06,2,18.441582,1.0,False,0.018915234,Test
2026,0,-21.009136,-14.265222,23.27341,1.04059,-1.0366974,2.1637192,-15.450298,-21.159996,5.865894e-20,4.9794284e-17,1.0,2.2100838e-10,2.7685614e-11,6.7948114e-10,1.522323e-17,5.044482e-20,2,44.282547,1.0,False,2.8753371e-08,Test
2027,0,-19.030334,-11.899588,20.048277,-0.5214806,0.5109247,1.3432988,-13.736344,-14.4036045,1.0675148e-17,1.3341932e-14,1.0,1.1659176e-09,3.2736782e-09,7.525422e-09,2.1258128e-15,1.0907821e-15,2,39.078613,1.0,False,3.299516e-07,Test
2028,0,-19.215977,-12.634234,21.070425,0.43337533,-0.3940437,1.9145235,-14.556883,-18.20709,3.1903537e-18,2.3027819e-15,1.0,1.090041e-09,4.765407e-10,4.793999e-09,3.3671058e-16,8.7496725e-18,2,40.2864,1.0,False,1.7969833e-07,Test
2029,0,-19.812538,-12.981068,20.967861,1.2654309,-1.2633501,1.7192563,-13.163332,-18.623722,1.9466937e-18,1.8037135e-15,1.0,2.7755116e-09,2.2136444e-10,4.3695505e-09,1.5031777e-15,6.3913686e-18,2,40.7804,1.0,False,2.0733458e-07,Test
2030,0,-26.73481,-17.044058,29.139381,0.15104218,-0.01705562,2.1623023,-19.01006,-24.14584,5.4218445e-25,8.765695e-21,1.0,2.5735024e-13,2.1753058e-13,1.9231062e-12,1.2273363e-21,7.219756e-24,2,55.87419,1.0,False,9.475962e-11,Test
2031,0,-7.8989086,-4.434154,5.1221337,-0.101657994,-0.52365565,0.36020848,-3.5269089,-3.078392,2.1741494e-06,6.950451e-05,0.98232687,0.005291663,0.003469932,0.008398044,0.00017219667,0.0002696579,2,13.038873,0.99999785,False,0.15790047,Test
2032,1,-16.430136,-10.4212,16.84078,0.70179385,-0.6721953,2.2197366,-11.17706,-15.489224,3.5532397e-15,1.4463461e-12,0.9999994,9.793252e-08,2.4786264e-08,4.4684916e-07,6.792128e-13,9.104513e-15,2,27.26198,1.0,False,1.3192176e-05,Test
2033,0,-26.873322,-17.99128,27.772804,1.1168587,-0.25299498,5.0061164,-19.419518,-25.744036,1.8513524e-24,1.3332479e-20,1.0,2.6513696e-12,6.738298e-13,1.2958457e-10,3.1962081e-21,5.7270706e-24,2,54.646126,1.0,False,4.385462e-09,Test
2034,1,-20.137314,-13.548941,22.746685,0.49219278,-0.7689237,1.0375352,-14.915018,-19.152534,2.375286e-19,1.7258811e-16,1.0,2.1627036e-10,6.127753e-11,3.7310907e-10,4.4028038e-17,6.359166e-19,2,36.295624,1.0,False,2.0708233e-08,Test
2035,0,-22.169054,-14.088759,23.283388,0.58529764,-0.3406734,2.8720112,-15.368715,-20.527258,1.8207704e-20,5.88143e-17,1.0,1.3878577e-10,5.497945e-11,1.3660029e-09,1.6353276e-17,9.403254e-20,2,45.452442,1.0,False,4.664379e-08,Test
2036,0,-8.515519,-4.963632,4.735722,-1.1396339,0.079263255,0.6277205,-4.1131063,-0.79032886,1.7021002e-06,5.936771e-05,0.96811354,0.0027182645,0.009197121,0.015916362,0.00013897254,0.00385472,2,13.283648,0.9999983,False,0.25927645,Test
2037,1,-10.814715,-6.961542,8.870137,0.8532755,-0.9291451,2.8212984,-6.0977798,-10.114618,2.8169946e-09,1.3279994e-07,0.99726105,0.00032895006,5.5339435e-05,0.0023541364,3.150107e-07,5.6732756e-09,2,15.834422,0.9999999,False,0.02909751,Test
2038,0,-22.641148,-14.794001,23.453083,-0.1388502,0.2992028,3.3645394,-16.235916,-20.166609,9.583629e-21,2.4518945e-17,1.0,5.677459e-11,8.7982684e-11,1.8864994e-09,5.798113e-18,1.1381758e-19,2,46.09423,1.0,False,5.95452e-08,Test
2039,0,-16.971975,-10.67591,17.838953,-0.17848939,0.25299567,0.72236663,-11.925398,-12.926654,7.6173853e-16,4.131928e-13,1.0,1.496663e-08,2.3041784e-08,3.68435e-08,1.1844226e-13,4.351782e-14,2,34.81093,1.0,False,2.0554553e-06,Test
2040,0,-15.185693,-9.822193,15.237216,-0.0036867186,-0.076278776,2.3410544,-10.689758,-12.844275,6.1305195e-14,1.3086852e-11,0.999997,2.404134e-07,2.2357975e-07,2.5076486e-06,5.4961227e-12,6.373264e-13,2,30.422913,1.0,False,6.118134e-05,Test
2041,0,-10.423365,-6.034869,9.801636,-2.5357587,1.3803574,-0.9990945,-7.6399336,-0.8605272,1.6454222e-09,1.3248805e-07,0.9997316,4.3835e-06,0.00022007406,2.0379151e-05,2.6613726e-08,2.3408034e-05,2,20.22527,1.0,False,0.0038204112,Test
2042,0,-22.21665,-14.525727,22.63301,0.8842587,-0.68665063,3.732589,-15.035912,-21.570782,3.326894e-20,7.280572e-17,1.0,3.5862185e-10,7.454172e-11,6.1894405e-09,4.3711413e-17,6.346537e-20,2,44.849663,1.0,False,1.8253108e-07,Test
2043,1,-13.107312,-8.274579,13.206575,-0.4066324,0.10505749,0.6933537,-9.161806,-8.677208,3.732677e-12,4.6865123e-10,0.9999931,1.2242101e-06,2.0421148e-06,3.6776792e-06,1.929889e-10,3.133218e-10,2,21.481163,1.0,False,0.00013904023,Test
2044,0,-22.517231,-14.944594,24.424585,0.017953165,0.32672668,2.6603796,-17.169275,-20.376575,4.1060797e-21,7.983309e-18,1.0,2.5138227e-11,3.423206e-11,3.5312256e-10,8.6301004e-19,3.4922254e-20,2,46.94182,1.0,False,1.31629925e-08,Test
2045,0,-12.113437,-7.4666133,12.17536,-0.19942307,0.035241485,0.69117785,-8.225627,-8.835931,2.8281438e-11,2.9484288e-09,0.9999801,4.2236857e-06,5.3407816e-06,1.0291397e-05,1.3802438e-09,7.4972745e-10,2,24.288815,1.0,False,0.00036823968,Test
2046,0,-25.425238,-16.45357,26.978884,0.7881141,-0.38190192,3.7125478,-18.16396,-24.342384,1.7425259e-23,1.3725408e-19,1.0,4.2217592e-12,1.310272e-12,7.862461e-11,2.4814838e-20,5.145852e-23,2,52.40412,1.0,False,2.8503726e-09,Test
2047,1,-23.196903,-15.01123,24.796404,-0.15552631,0.25325447,2.6689117,-17.013002,-20.556913,1.4347318e-21,5.149498e-18,1.0,1.4571828e-11,2.1930343e-11,2.4555677e-10,6.956737e-19,2.0105022e-20,2,39.807632,1.0,False,9.140037e-09,Test
2048,0,-6.6306868,-3.909161,3.9119933,-0.86218506,0.03981501,1.256756,-3.6859057,-2.1700337,2.3927329e-05,0.000363779,0.90682167,0.0076581263,0.018873664,0.06373339,0.00045477468,0.0020707666,2,10.64049,0.9999761,False,0.5710584,Test
2049,1,-9.443242,-6.1710296,10.58465,-1.0110284,0.16084822,0.18830928,-7.903141,-6.636311,2.004317e-09,5.2853093e-08,0.9999305,9.205147e-06,2.9714634e-05,3.0541934e-05,9.35027e-09,3.3189572e-08,2,16.755749,0.99999994,False,0.0011616223,Test
2050,0,-28.91972,-18.765491,31.458082,-0.35073105,0.65499485,2.1048136,-21.332293,-24.055136,6.0014284e-27,1.5423392e-22,1.0,1.5332325e-14,4.1916903e-14,1.7866432e-13,1.1842177e-23,7.778857e-25,2,60.3778,1.0,False,1.0132415e-11,Test
2051,0,-13.771952,-8.721757,12.785507,0.4850957,-0.27226192,3.7654507,-9.250832,-13.248909,2.9254097e-12,4.5651896e-10,0.9998723,4.5492925e-06,2.1331805e-06,0.00012094382,2.6895786e-10,4.935615e-12,2,26.557587,1.0,False,0.0018789235,Test
2052,0,-9.014907,-5.629156,6.9384604,-0.44904312,0.107531086,2.7147677,-5.9574842,-6.655456,1.16010455e-07,3.4269679e-06,0.9839125,0.000608982,0.0010624821,0.014408872,2.467851e-06,1.2279871e-06,2,15.969585,0.9999999,False,0.12829465,Test
2053,0,-19.882898,-12.546458,21.19539,-0.1024675,0.07178506,1.945161,-14.291767,-17.234762,1.4451927e-18,2.2187156e-15,1.0,5.629348e-10,6.7009226e-10,4.3624637e-09,3.8736675e-16,2.0417223e-17,2,41.07829,1.0,False,1.588733e-07,Test
2054,0,-11.553729,-7.250924,10.684199,0.21229348,-0.029209334,2.5871775,-7.9729753,-9.860488,2.1980431e-10,1.6245034e-08,0.999645,2.8310982e-05,2.2236765e-05,0.0003043363,7.891101e-09,1.1950924e-09,2,22.238283,1.0,False,0.0048392853,Test
2055,0,-21.883322,-14.199862,23.390661,-0.46118525,0.43101335,1.9805601,-16.247171,-17.843441,2.1765017e-20,4.727629e-17,1.0,4.3779882e-11,1.0684434e-10,5.03166e-10,6.102503e-18,1.2366811e-18,2,45.273983,1.0,False,2.0587512e-08,Test
2056,1,-20.58533,-13.213431,21.445948,0.09875917,0.29665908,3.228593,-15.207184,-18.150824,5.572479e-19,8.86387e-16,1.0,5.3583815e-10,6.5310174e-10,1.2254731e-08,1.2071134e-16,6.3582962e-18,2,34.659378,1.0,False,3.5850982e-07,Test
2057,0,-18.850924,-12.38601,20.865547,0.7853519,-0.73199844,-1.8325922,-11.582499,-16.189322,5.6410086e-18,3.6227015e-15,1.0,1.9023145e-09,4.1716236e-10,1.3877889e-10,8.09084e-15,8.077448e-17,2,39.71647,1.0,False,7.265258e-08,Test
2058,0,-0.020798504,-7.0178065,7.9992247,1.3548518,-3.409857,-0.3697451,-8.152209,-14.77403,0.00032819744,3.001743e-07,0.9981299,0.0012988907,1.1073526e-05,0.00023152058,9.6540255e-08,1.2849563e-10,2,8.021895,0.9996718,False,0.02193518,Test
2059,1,-25.271381,-16.394032,27.350595,0.52837366,-0.4926209,3.1409957,-18.077394,-24.155876,1.4014093e-23,1.00449796e-19,1.0,2.2452107e-12,8.088071e-13,3.0612873e-11,1.865841e-20,4.275869e-23,2,43.74463,1.0,False,1.1885886e-09,Test
2060,0,-13.966673,-8.328717,13.547446,-1.5289793,0.62757885,0.34939238,-9.449334,-7.3640456,1.1240051e-12,3.1571912e-10,0.99999535,2.833933e-07,2.4488986e-06,1.8541967e-06,1.0294924e-10,8.28424e-10,2,27.514122,1.0,False,9.377517e-05,Test
2061,0,-7.030053,-4.6468983,7.4640584,-0.10128187,-0.33596376,0.28516617,-5.6610885,-5.8811536,5.064651e-07,5.4896027e-06,0.99830294,0.0005172219,0.0004090306,0.00076121814,1.991056e-06,1.5977558e-06,2,14.4958105,0.9999995,False,0.020757347,Test
2062,0,-16.925423,-10.823868,17.14295,1.0163635,-1.1088139,2.4959683,-10.967529,-16.221458,1.6006364e-15,7.1476803e-13,0.9999995,9.915442e-08,1.1840207e-08,4.3540786e-07,6.191184e-13,3.2360892e-15,2,34.068375,1.0,False,1.26793e-05,Test
2063,0,-21.413425,-14.05431,22.19566,1.3684099,-1.1443081,3.1305585,-14.459905,-20.759632,1.1503102e-19,1.8065013e-16,1.0,9.0123997e-10,7.304337e-11,5.2496647e-09,1.2041791e-16,2.2118406e-19,2,43.609085,1.0,False,1.7393216e-07,Test
2064,0,-23.194359,-15.234713,24.213745,0.78051656,-0.47125232,3.8266044,-16.472492,-22.32946,2.5758588e-21,7.374852e-18,1.0,6.6539226e-11,1.9030132e-11,1.3995147e-09,2.1389056e-18,6.117061e-21,2,47.408104,1.0,False,4.409034e-08,Test
2065,0,-11.352954,-6.489826,10.173372,-2.728168,1.5189149,-0.43295822,-8.507416,-1.8491322,4.4786339e-10,5.796618e-08,0.9997924,2.4936867e-06,0.00017431183,2.4753626e-05,7.708088e-09,6.0062353e-06,2,21.526533,1.0,False,0.0030069312,Test
2066,0,-13.887177,-8.85841,13.684212,-0.4621025,0.3079259,2.607715,-10.046096,-11.832785,1.061428e-12,1.6212728e-10,0.99998224,7.183332e-07,1.5514768e-06,1.547144e-05,4.9436788e-11,8.281357e-12,2,27.571405,1.0,False,0.00031746723,Test
2067,1,-11.873859,-7.2248874,10.923303,-1.3452247,1.0187386,1.7602354,-8.127938,-7.1232295,1.2567515e-10,1.3130225e-08,0.9998405,4.69653e-06,4.9938244e-05,0.000104824154,5.3220863e-09,1.4535219e-08,2,18.14835,1.0,False,0.0024134358,Test
2068,0,-9.563829,-5.605724,8.1644,-1.7639527,0.8336557,0.38788378,-6.708555,-2.6997375,1.9963252e-08,1.0452363e-06,0.9988575,4.8716367e-05,0.0006543374,0.00041899164,3.4694537e-07,1.9110345e-05,2,17.729372,1.0,False,0.014296284,Test
2069,0,-12.236312,-7.6118555,10.811091,0.038693897,-0.35685357,2.8784566,-7.6895733,-10.628334,9.7829286e-11,9.973435e-09,0.9996063,2.0962158e-05,1.4114066e-05,0.00035869842,9.227686e-09,4.8843235e-10,2,23.047796,1.0,False,0.0052270484,Test
2070,0,-9.656811,-5.337181,6.945298,-1.2515136,0.3228727,-0.35061502,-5.7743707,-1.1160973,6.1470296e-08,4.6201512e-06,0.99739957,0.00027481414,0.0013267415,0.0006765413,2.9839184e-06,0.00031466578,2,16.604712,0.99999994,False,0.030601032,Test
2071,0,-9.057321,-5.0749493,7.7347393,-2.0855105,0.93113,-0.68756217,-6.2875113,-0.5770529,5.0885248e-08,2.7296956e-06,0.9983694,5.4251414e-05,0.0011079528,0.0002195494,8.1190456e-07,0.00024520297,2,16.793694,0.99999994,False,0.019674191,Test
2072,0,-21.262112,-13.83008,22.240004,0.9645368,-0.6992821,2.3863888,-14.483673,-19.537643,1.2801835e-19,2.1625279e-16,1.0,5.756813e-10,1.09042296e-10,2.386078e-09,1.1248874e-16,7.18121e-19,2,43.502113,1.0,False,8.9622425e-08,Test
2073,0,-13.318806,-7.9052253,13.80214,-3.4769795,1.5665271,-2.4883015,-10.443662,-0.95747685,1.6654091e-12,3.737738e-10,0.99999464,3.131637e-08,4.854433e-06,8.416835e-08,2.9524303e-11,3.8902502e-07,2,27.12095,1.0,False,0.0001044863,Test
2074,0,-15.622654,-10.379723,16.57348,0.03621243,0.16791469,1.6215277,-11.8601055,-13.234429,1.0408673e-14,1.9695745e-12,0.9999995,6.5759075e-08,7.50159e-08,3.2095872e-07,4.4817768e-13,1.1339361e-13,2,32.196136,1.0,False,1.0955855e-05,Test
2075,0,-22.304056,-14.33085,23.22003,0.9623313,-0.87524337,3.7968361,-15.116334,-22.13411,1.6948866e-20,4.9188077e-17,1.0,2.1557806e-10,3.4320647e-11,3.669564e-09,2.2424787e-17,2.0088464e-20,2,45.524086,1.0,False,1.10943084e-07,Test
2076,0,-7.210554,-3.4390419,1.143606,0.10542176,-1.3992143,-1.3535168,-1.138525,3.1262517,2.6482323e-05,0.0011505432,0.112491965,0.039833076,0.008846851,0.009260507,0.011481659,0.8169089,7,10.539033,0.99997354,False,0.98666424,Test
2077,1,-9.705532,-5.699312,8.688211,-1.8504249,1.1577947,0.5972597,-6.989459,-3.457684,1.0264048e-08,5.638945e-07,0.9991254,2.6469665e-05,0.0005360455,0.00030603018,1.552009e-07,5.3054814e-06,2,14.388398,0.99999946,False,0.011169075,Test
2078,0,-20.501179,-13.208922,21.317265,0.40878284,-0.06847982,3.1538455,-14.641069,-18.685257,6.894152e-19,1.0126681e-15,1.0,8.30925e-10,5.1557203e-10,1.29338265e-08,2.4182052e-16,4.2376554e-18,2,41.818443,1.0,False,3.7989312e-07,Test
2079,0,-15.489264,-9.6441555,15.060523,-0.024935002,-0.17490844,2.749491,-10.370325,-13.683824,5.4000092e-14,1.8659185e-11,0.999995,2.8084506e-07,2.4173187e-07,4.5017814e-06,9.026538e-12,3.284632e-13,2,30.549791,1.0,False,9.860625e-05,Test
2080,0,-20.603842,-13.043241,21.400038,0.65960175,-0.5582299,3.125742,-13.975133,-19.507473,5.72726e-19,1.1002057e-15,1.0,9.829758e-10,2.9083436e-10,1.1576417e-08,4.3326953e-16,1.7143309e-18,2,42.00388,1.0,False,3.4382956e-07,Test
2081,1,-17.629717,-11.221689,18.33069,-0.39632618,0.19454037,2.0944428,-12.402344,-14.682532,2.413201e-16,1.4640791e-13,0.9999999,7.3613937e-09,1.3291375e-08,8.885606e-08,4.49586e-14,4.5976927e-15,2,29.55238,1.0,False,2.800005e-06,Test
2082,0,-17.159033,-10.759587,17.83128,0.2942196,-0.12858401,1.6645488,-11.850491,-14.824607,6.3665056e-16,3.829522e-13,0.9999999,2.419645e-08,1.5853686e-08,9.525284e-08,1.2863847e-13,6.5724632e-15,2,34.99031,1.0,False,3.4166135e-06,Test
2083,0,-19.563194,-12.380111,20.98305,-0.77768475,0.75582904,1.5271823,-14.646145,-15.315615,2.4603164e-18,3.2401422e-15,1.0,3.543505e-10,1.6422139e-09,3.5515995e-09,3.3607538e-16,1.7206418e-16,2,40.54624,1.0,False,1.5873675e-07,Test
2084,0,-16.054697,-10.158984,16.35148,0.40887403,-0.17207463,2.157925,-11.18084,-14.099355,8.4367565e-15,3.0665602e-12,0.99999905,1.1918286e-07,6.6666935e-08,6.8519887e-07,1.1037353e-12,5.961691e-14,2,32.406178,1.0,False,1.9651314e-05,Test
2085,0,-20.79353,-13.564115,21.590767,0.17035763,-0.17668974,4.082365,-14.9565325,-20.769987,3.9150197e-19,5.400443e-16,1.0,4.980054e-10,3.5197673e-10,2.4899904e-08,1.3418685e-16,4.0082745e-19,2,42.384296,1.0,False,6.553971e-07,Test
2086,0,-15.473269,-9.938346,14.876745,0.38725653,-0.13238873,3.6669211,-10.624499,-13.995166,6.59402e-14,1.6708482e-11,0.9999856,5.096697e-07,3.0311645e-07,1.3540328e-05,8.412874e-12,2.891229e-13,2,30.350029,1.0,False,0.00025692166,Test
2087,0,-23.942152,-15.609278,26.291489,0.8994354,-0.96432513,1.7484269,-16.917702,-22.788347,1.5268846e-22,6.349349e-19,1.0,9.383638e-12,1.4552934e-12,2.1932267e-11,1.7158806e-19,4.840597e-22,2,50.233643,1.0,False,1.1775567e-09,Test
2088,0,-21.357439,-14.22671,22.87466,-0.5127247,0.51451653,1.6295662,-15.853187,-17.21687,6.169393e-20,7.7104364e-17,1.0,6.966073e-11,1.9458662e-10,5.9343447e-10,1.5160353e-17,3.876768e-18,2,44.2321,1.0,False,2.6816442e-08,Test
2089,0,-8.185734,-4.9057045,7.636611,-0.86624396,0.2482578,-0.083909854,-5.8944077,-4.453738,1.342423e-07,3.5676971e-06,0.99872607,0.00020262976,0.0006176256,0.00044306426,1.3273926e-06,5.606276e-06,2,15.82362,0.9999999,False,0.016034417,Test
2090,0,-10.005908,-5.7966866,7.654976,-1.7740414,1.05279,0.4290996,-6.695781,-2.1745703,2.1331017e-08,1.4356673e-06,0.9977837,8.0180056e-05,0.0013543895,0.0007259024,5.8422694e-07,5.3717875e-05,2,17.663103,1.0,False,0.02556168,Test
2091,0,-9.23305,-6.3624964,10.325116,0.13083291,-0.67648816,0.5932589,-7.475003,-8.619085,3.2058773e-09,5.657345e-08,0.9998865,3.737917e-05,1.6673039e-05,5.93552e-05,1.8597609e-08,5.923633e-09,2,19.558279,1.0,False,0.00181356,Test
2092,1,-16.921646,-10.53272,17.12549,-0.97838163,0.5834445,0.9990868,-11.916321,-11.110248,1.6349983e-15,9.731764e-13,0.99999976,1.3727393e-08,6.544565e-08,9.91726e-08,2.4395048e-13,5.4622957e-13,2,27.65821,1.0,False,4.48575e-06,Test
2093,0,-20.131119,-12.757178,21.080793,-0.25387403,0.2778005,2.0789385,-14.027373,-16.77584,1.2644252e-18,2.0153758e-15,1.0,5.4259e-10,9.2336755e-10,5.592419e-09,5.658709e-16,3.6230292e-17,2,41.211914,1.0,False,1.977231e-07,Test
2094,0,-18.235525,-11.858462,19.29282,0.32521912,-0.24221884,2.7812426,-13.446459,-17.123604,5.0309217e-17,2.9591672e-14,0.9999999,5.787289e-09,3.2812606e-09,6.7470346e-08,6.0465964e-15,1.529495e-16,2,37.528343,1.0,False,1.944058e-06,Test
2095,0,-7.604309,-4.21678,4.8481927,-1.1649253,0.1905071,0.49872592,-4.2193427,-1.0119255,3.8017365e-06,0.00011250374,0.9728248,0.0023799662,0.009230547,0.012562764,0.00011221581,0.0027734335,2,12.480053,0.9999962,False,0.22770625,Test
2096,0,-7.433874,-4.7264113,2.897306,-0.4928083,-0.29171348,2.9875708,-3.4087098,-4.125822,1.5005206e-05,0.0002249459,0.460274,0.015513455,0.018968932,0.50375336,0.00084013434,0.00041011977,5,11.107113,0.999985,False,1.2314771,Test
2097,0,-13.880801,-9.099182,12.81262,0.59966326,-0.13226573,3.2792346,-9.447612,-12.344658,2.553643e-12,3.0464256e-10,0.99992025,4.9652986e-06,2.388211e-06,7.238836e-05,2.1501555e-10,1.1865836e-11,2,26.6935,1.0,False,0.0012427783,Test
2098,0,-6.9858913,-3.901313,5.8566732,-1.9452081,0.57370245,-0.8645502,-5.1153502,0.41870078,2.6166374e-06,5.7195117e-05,0.9890049,0.00040446827,0.005021498,0.0011918133,1.6986714e-05,0.0043004802,2,12.853621,0.9999974,False,0.10519324,Test
2099,0,-7.856205,-4.4509254,6.892257,-1.3188002,0.5085612,-0.6999536,-5.295065,-1.1056935,3.9228502e-07,1.1816696e-05,0.99718946,0.00027086984,0.0016841226,0.00050294725,5.080316e-06,0.00033520607,2,14.751277,0.9999996,False,0.0324471,Test
2100,0,-7.5802355,-4.5084157,4.092298,-0.4368856,-0.25173342,1.8624113,-3.6620715,-3.5304282,7.5279017e-06,0.00016246061,0.8830608,0.00952777,0.011465732,0.0949649,0.00037871336,0.00043199884,2,11.796894,0.9999925,False,0.6301655,Test
2101,0,-19.866566,-12.6530905,20.409363,0.54348844,-0.29084882,3.6456673,-13.825721,-18.972944,3.2239366e-18,4.3768187e-15,1.0,2.3570021e-09,1.0233211e-09,5.243483e-08,1.3548515e-15,7.879172e-18,2,40.27593,1.0,False,1.3662446e-06,Test
2102,0,-22.609495,-14.596411,23.718607,0.017319156,0.46861994,3.293314,-16.526974,-20.529663,7.585093e-21,2.2908636e-17,1.0,5.0893383e-11,7.992067e-11,1.3471253e-09,3.3232695e-18,6.070456e-20,2,46.328102,1.0,False,4.411736e-08,Test
2103,0,-21.62764,-14.156879,22.734552,0.3178644,-0.016813118,2.3695455,-15.450404,-18.811886,5.4168346e-20,9.511607e-17,1.0,1.8388897e-10,1.3158533e-10,1.4308353e-09,2.6090626e-17,9.049203e-19,2,44.36219,1.0,False,5.230477e-08,Test
2104,0,-22.7267,-14.193518,23.704216,-0.3219576,0.6397672,3.9730287,-16.619427,-20.548141,6.8439914e-21,3.477143e-17,1.0,3.677611e-11,9.6213704e-11,2.6968325e-09,3.0737213e-18,6.045682e-20,2,46.430916,1.0,False,8.1244536e-08,Test
2105,0,-23.231041,-15.207313,24.626505,1.3787074,-1.2402773,2.681729,-15.793217,-22.682112,1.6433601e-21,5.016413e-18,1.0,8.0095854e-11,5.8371225e-12,2.947845e-10,2.7921395e-18,2.845305e-21,2,47.857544,1.0,False,1.2236969e-08,Test
2106,0,-22.14228,-14.471274,23.095854,0.54676485,-0.22114052,3.0663965,-15.693811,-20.421993,2.2559374e-20,4.8395386e-17,1.0,1.6108492e-10,7.4740894e-11,2.0013236e-09,1.4251561e-17,1.2602015e-19,2,45.238136,1.0,False,6.55856e-08,Test
2107,0,-21.434607,-13.8062315,22.169298,1.1592225,-1.020721,2.8916276,-14.232526,-20.362,1.1562848e-19,2.3769846e-16,1.0,7.506538e-10,8.485988e-11,4.244381e-09,1.5519878e-16,3.379815e-19,2,43.603905,1.0,False,1.4363614e-07,Test
2108,1,-7.9873896,-5.563744,8.511839,-0.21277955,-0.35688058,1.3143059,-6.4953294,-7.817438,6.82368e-08,7.701851e-07,0.99894816,0.00016236377,0.0001405747,0.00074764254,3.0339805e-07,8.087756e-08,2,14.076635,0.9999992,False,0.013149646,Test
2109,0,-11.278703,-6.570428,10.589156,-0.7944514,0.1537616,0.51770985,-6.93067,-6.09867,3.18327e-10,3.528997e-08,0.9999169,1.1379569e-05,2.9371746e-05,4.2265918e-05,2.4615044e-08,5.6563085e-08,2,21.867943,1.0,False,0.001366123,Test
2110,1,-23.097443,-15.267804,24.204723,0.049351167,0.3800295,2.5647786,-16.826097,-19.875916,2.8637185e-21,7.199453e-18,1.0,3.231878e-11,4.4984926e-11,3.9984502e-10,1.5154447e-18,7.178303e-20,2,39.472527,1.0,False,1.5155582e-08,Test
2111,0,-24.619783,-15.868855,26.249882,1.0001847,-0.8439495,3.1317098,-17.121754,-23.589903,8.083218e-23,5.1058173e-19,1.0,1.0819222e-11,1.7111901e-12,9.1181264e-11,1.4586062e-19,2.2639008e-22,2,50.869667,1.0,False,3.5021261e-09,Test
2112,0,-25.757284,-17.374662,28.443699,0.81861204,-0.50154614,3.6251066,-19.702385,-25.789444,2.8894354e-24,1.2628139e-20,1.0,1.005951e-12,2.6868256e-13,1.6650313e-11,1.2314633e-21,2.7979847e-24,2,54.20098,1.0,False,6.474872e-10,Test
2113,0,-14.986375,-9.353316,14.915036,0.11571799,-0.33521047,2.613254,-9.795246,-13.505325,1.03271375e-13,2.8865974e-11,0.9999949,3.738828e-07,2.3817691e-07,4.5436145e-06,1.8554913e-11,4.5414234e-13,2,29.901417,1.0,False,0.000101258745,Test
2114,0,-18.165295,-11.458635,18.968855,-0.26992762,0.35843974,1.4758984,-13.076032,-14.178558,7.461817e-17,6.102515e-14,1.0,4.412683e-09,8.271793e-09,2.5287488e-08,1.2108272e-14,4.020319e-15,2,37.134148,1.0,False,9.827514e-07,Test
2115,0,-13.975656,-9.057017,13.18713,0.6369194,-0.19334921,2.9735308,-9.499059,-12.3897085,1.5971085e-12,2.1850986e-10,0.9999583,3.5440066e-06,1.5449476e-06,3.6666723e-05,1.4044159e-10,7.800127e-12,2,27.162827,1.0,False,0.00069448707,Test
2116,1,-20.997023,-13.505052,21.756325,0.15128781,0.14958233,3.0747018,-14.99317,-18.716259,2.706801e-19,4.854888e-16,1.0,4.1404863e-10,4.133432e-10,7.7032505e-09,1.0962169e-16,2.6483794e-18,2,35.261375,1.0,False,2.3340752e-07,Test
2117,0,-18.879034,-11.955421,19.614504,0.19644772,-0.20306715,2.3250446,-13.171639,-16.757366,1.9163239e-17,1.9469538e-14,1.0,3.688461e-09,2.4736484e-09,3.0994403e-08,5.7697695e-15,1.5991777e-16,2,38.493538,1.0,False,9.4716063e-07,Test
2118,0,-22.549562,-14.357053,24.180056,0.49005598,-0.33961892,2.281813,-15.996199,-20.557241,5.076738e-21,1.8346198e-17,1.0,5.1471105e-11,2.2451261e-11,3.0882605e-10,3.5618405e-18,3.7225347e-20,2,46.729618,1.0,False,1.23099335e-08,Test
2119,0,-22.112387,-14.160222,23.628733,-0.77224576,0.8265579,1.7032404,-16.838335,-16.670225,1.3642195e-20,3.8767255e-17,1.0,2.5280745e-11,1.250665e-10,3.0052466e-10,2.6630284e-18,3.1505399e-18,2,45.74112,1.0,False,1.4510361e-08,Test
2120,0,-29.463112,-19.210705,32.651234,0.71812886,-0.7759308,1.9118885,-20.823208,-27.79491,1.0570182e-27,2.996721e-23,1.0,1.3540307e-14,3.0392489e-15,4.467575e-14,5.975099e-24,5.6049684e-27,2,62.114346,1.0,False,2.7516244e-12,Test
2121,1,-19.381346,-12.113103,20.47784,-0.441127,0.52310306,2.5197818,-13.892902,-16.774866,4.8907583e-18,7.01348e-15,1.0,8.2225693e-10,2.1565918e-09,1.588232e-08,1.1829764e-15,6.6275696e-17,2,32.590942,1.0,False,4.983803e-07,Test
2122,1,-23.044031,-14.796681,24.232729,0.25512555,-0.091175005,2.5969439,-16.258743,-20.558538,2.937406e-21,1.1213522e-17,1.0,3.8606368e-11,2.730629e-11,4.0151182e-10,2.5988298e-18,3.5269534e-20,2,39.02941,1.0,False,1.4826444e-08,Test
2123,0,-11.619511,-7.2030077,11.050888,0.18211967,-0.13881713,1.8658931,-7.888098,-9.2606325,1.4266326e-10,1.1813413e-08,0.9998646,1.9041227e-05,1.3813829e-05,0.00010255307,5.954484e-09,1.509247e-09,2,22.670534,1.0,False,0.0020763418,Test
2124,0,-7.9917564,-4.800306,2.393424,-0.073263064,-0.89092714,1.93849,-2.5432405,-2.5350096,1.7430311e-05,0.00042396938,0.56432813,0.04789201,0.02114249,0.35806048,0.0040510306,0.0040845126,2,10.9573,0.9999826,False,1.393567,Test
2125,0,-13.530649,-8.418297,14.162098,-1.3524774,1.1335549,0.52437925,-10.888573,-8.780351,9.401371e-13,1.5611967e-10,0.9999964,1.8285387e-07,2.196716e-06,1.1945729e-06,1.32017175e-11,1.0869762e-10,2,27.69275,1.0,False,7.405472e-05,Test
2126,0,-23.460024,-14.9338455,24.968302,0.6702874,-0.9904421,2.6486313,-15.645027,-22.024862,9.286357e-22,4.6850956e-18,1.0,2.802249e-11,5.3242775e-12,2.0262386e-10,2.3006798e-18,3.9005706e-21,2,48.428326,1.0,False,7.7063e-09,Test
2127,0,-18.64108,-11.7877865,19.584473,1.2101787,-1.3675233,1.7527776,-12.143937,-17.686817,2.5052566e-17,2.3724714e-14,1.0,1.0474792e-08,7.955433e-10,1.8021586e-08,1.6616025e-14,6.505557e-17,2,38.225555,1.0,False,7.653379e-07,Test
2128,0,-5.3992796,-4.0552244,5.591077,-0.13340369,-1.0762156,-0.4061413,-4.1248574,-4.546339,1.6742928e-05,6.420179e-05,0.99284756,0.0032416955,0.0012627407,0.0024678789,5.98833e-05,3.92879e-05,2,10.997535,0.99998325,False,0.07319953,Test
2129,1,-18.202358,-11.783594,18.771576,-0.26879114,0.4771322,2.7476737,-13.487466,-15.845749,8.7583915e-17,5.3710376e-14,0.9999999,5.3811315e-09,1.1345516e-08,1.09877135e-07,9.7740944e-15,9.244572e-16,2,30.55517,1.0,False,3.159344e-06,Test
2130,1,-19.939669,-12.656803,21.475346,-1.266924,0.8668948,1.0867546,-14.95526,-14.760919,1.0320174e-18,1.5017448e-15,1.0,1.327877e-10,1.1216669e-09,1.3974848e-09,1.5079553e-16,1.8314321e-16,2,34.13215,1.0,False,7.881229e-08,Test
2131,0,-10.608324,-6.6777678,9.946107,0.22340292,-0.4193957,1.7475612,-6.959033,-8.940701,1.1834899e-09,6.028147e-08,0.99963367,5.988585e-05,3.148911e-05,0.0002749526,4.5502144e-08,6.271985e-09,2,20.554798,1.0,False,0.0050945813,Test
2132,0,-22.34738,-14.346277,23.48889,0.6865045,-0.42400718,3.6192536,-15.788334,-21.606895,1.2403982e-20,3.7016538e-17,1.0,1.2504026e-10,4.1187054e-11,2.3481537e-09,8.7522426e-18,2.6010489e-20,2,45.83627,1.0,False,7.284611e-08,Test
2133,0,-12.58856,-8.110084,11.435307,0.25565055,0.022820735,2.83175,-8.383818,-10.821345,3.685333e-11,3.2467884e-09,0.99979156,1.3952324e-05,1.1054261e-05,0.00018341391,2.4692963e-09,2.1575852e-10,2,24.024075,1.0,False,0.0029845436,Test
2134,0,-12.438521,-8.033518,10.35156,0.3573274,-0.02804349,4.422255,-8.1093855,-11.709679,1.2624275e-10,1.03341495e-08,0.9972703,4.5537898e-05,3.0974792e-05,0.0026530693,9.579135e-09,2.6166116e-10,2,22.792814,1.0,False,0.027759157,Test
2135,0,-15.588953,-9.564839,16.057161,-0.8288738,0.53786105,1.7224637,-11.08817,-12.042214,1.8041258e-14,7.455997e-12,0.99999917,4.6396732e-08,1.8199232e-07,5.950035e-07,1.6252927e-12,6.2603037e-13,2,31.646114,1.0,False,1.87143e-05,Test
2136,0,-6.278576,-3.857506,0.3091619,-0.20295805,-1.259654,2.5493612,-1.3800471,-1.995873,0.00011971047,0.0013476885,0.086926125,0.05208821,0.018105987,0.81668866,0.01605226,0.008671344,5,9.030435,0.9998803,False,1.0412492,Test
2137,1,-21.488348,-13.688835,23.04803,-0.39301205,0.2291386,1.4271141,-15.411701,-17.226908,4.5508996e-20,1.11015037e-16,1.0,6.602129e-11,1.2299327e-10,4.07526e-10,1.9822143e-17,3.2271236e-18,2,36.736866,1.0,False,1.8993468e-08,Test
2138,0,-17.445894,-11.111395,17.765383,1.0160906,-1.0741916,2.6477869,-11.446657,-16.644836,5.104304e-16,2.8772305e-13,0.99999964,5.3195464e-08,6.5777366e-09,2.7196404e-07,2.0576528e-13,1.1371882e-15,2,35.211277,1.0,False,7.911729e-06,Test
2139,0,-7.202015,-4.819886,2.5211878,-0.016676115,-0.44622153,4.2530956,-3.5652747,-6.442864,8.825035e-06,9.555685e-05,0.1473838,0.011648487,0.0075808926,0.8329286,0.0003350678,1.8854358e-05,5,11.6379175,0.9999912,False,0.76060826,Test
2140,0,-18.933992,-12.289578,19.158678,0.4862012,-0.23095937,3.1133416,-13.275829,-17.550308,2.8612998e-17,2.1988482e-14,0.9999999,7.774025e-09,3.7947885e-09,1.0754721e-07,8.20109e-15,1.1415386e-16,2,38.09267,1.0,False,2.9771184e-06,Test
2141,0,-11.667084,-7.2882857,10.73961,0.5137531,-0.39378422,2.485653,-7.5042534,-10.286408,1.8567865e-10,1.4806404e-08,0.999689,3.6210266e-05,1.4611447e-05,0.00026014593,1.1930434e-08,7.385523e-10,2,22.407003,1.0,False,0.004316196,Test
2142,0,-11.638297,-7.209918,11.1429615,-0.1279081,0.15137735,1.8155456,-8.209796,-8.814557,1.2769505e-10,1.0700267e-08,0.9998815,1.2737148e-05,1.6840862e-05,8.89413e-05,3.936889e-09,2.150344e-09,2,22.781376,1.0,False,0.0018424346,Test
2143,0,-8.783988,-5.644897,5.006608,0.23430854,-0.5410857,4.1359854,-4.2157865,-8.38331,7.163547e-07,1.6535532e-05,0.6987275,0.0059118657,0.002722545,0.29255074,6.9035515e-05,1.0694e-06,2,14.149091,0.9999993,False,0.9483553,Test
2144,0,-11.925762,-7.170907,11.896983,-1.4355909,0.6204019,0.26861712,-8.431461,-6.0147753,4.5071565e-11,5.2349245e-09,0.99997675,1.6207896e-06,1.2665813e-05,8.909524e-06,1.4840831e-09,1.6634587e-08,2,23.82277,1.0,False,0.00042076933,Test
2145,0,-16.133085,-10.1169615,16.167006,-0.068169124,0.2958873,2.4042284,-11.306512,-13.332075,9.3809805e-15,3.846077e-12,0.9999987,8.8951424e-08,1.280148e-07,1.054147e-06,1.1705824e-12,1.5442282e-13,2,32.30009,1.0,False,2.7751263e-05,Test
2146,0,-10.627904,-6.9447036,11.752122,-1.1367546,0.6725684,0.6517563,-9.067088,-8.05242,1.9074972e-10,7.586784e-09,0.999967,2.525908e-06,1.5423988e-05,1.51063e-05,9.0848473e-10,2.5060058e-09,2,22.380058,1.0,False,0.00058338064,Test
2147,1,-14.972522,-9.435896,15.213663,-0.15361859,-0.07831214,2.3213396,-10.581047,-13.144459,7.767935e-14,1.9716565e-11,0.999997,2.1187171e-07,2.2844326e-07,2.5172928e-06,6.2733343e-12,4.833067e-13,2,24.649563,1.0,False,6.0858492e-05,Test
2148,0,-15.350181,-9.453516,16.177351,-0.7547268,0.24566981,0.83164495,-10.936484,-10.954758,2.031268e-14,7.390193e-12,0.99999964,4.430901e-08,1.2049206e-07,2.1649328e-07,1.6773016e-12,1.6469286e-12,2,31.52753,1.0,False,9.161165e-06,Test
2149,0,-21.998854,-15.018437,24.25165,0.37010342,-0.32946143,3.5426717,-17.038994,-22.755869,8.197124e-21,8.8149e-18,1.0,4.249877e-11,2.1113427e-11,1.0143897e-09,1.1686975e-18,3.844979e-21,2,46.250504,1.0,False,3.2519647e-08,Test
2150,0,-17.037172,-10.615598,18.427132,-2.2798507,1.1681669,-0.94339806,-12.917083,-8.617433,3.9632304e-16,2.437268e-13,1.0,1.0164175e-09,3.1954126e-08,3.8679966e-09,2.439946e-14,1.7976097e-12,2,35.464302,1.0,False,9.341792e-07,Test
2151,0,-14.109111,-8.917849,13.956612,-0.050492845,-0.16955662,2.441549,-9.5702305,-12.613098,6.4744987e-13,1.1634377e-10,0.99998844,8.256322e-07,7.3295627e-07,9.978538e-06,6.0592274e-11,2.8901252e-12,2,28.065735,1.0,False,0.00021408097,Test
2152,0,-29.325544,-19.827843,32.994724,0.46448097,-0.2832352,2.103043,-22.25377,-27.708155,8.603042e-28,1.1467022e-23,1.0,7.4523805e-15,3.5283081e-15,3.836305e-14,1.0136374e-24,4.3358453e-27,2,62.320267,1.0,False,2.2288796e-12,Test
2153,0,-9.288827,-5.5679145,8.518995,-1.4671161,0.7101335,1.0946814,-6.7516227,-4.5883336,1.8437587e-08,7.615108e-07,0.99894935,4.5986493e-05,0.00040569337,0.0005959432,2.3313e-07,2.0281639e-06,2,17.808874,1.0,False,0.013192151,Test
2154,0,-23.617722,-15.104518,25.407297,1.1586651,-1.3159733,1.9105079,-15.77255,-22.35302,5.1133525e-22,2.5464941e-18,1.0,2.9441012e-11,2.4787407e-12,6.2441566e-11,1.3056278e-18,1.811168e-21,2,49.025017,1.0,False,3.2421985e-09,Test
2155,0,-13.288609,-8.175198,12.581234,-0.056100592,-0.25947934,2.122785,-8.076123,-10.897392,5.819091e-12,9.673448e-10,0.9999654,3.2483304e-06,2.6505377e-06,2.8703744e-05,1.0680932e-09,6.3583895e-11,2,25.869877,1.0,False,0.000591356,Test
2156,0,-6.649722,-4.375882,1.4910496,-0.2560714,-0.40993112,3.1816802,-2.7077963,-3.6640954,4.3041477e-05,0.00041821835,0.14769955,0.025740333,0.02206956,0.80095977,0.0022173969,0.0008521737,5,10.053347,0.99995697,False,0.9548926,Test
2157,0,-5.7678022,-4.776621,6.5333486,0.019303698,-0.6691647,-0.670362,-5.5471325,-3.9047863,4.5328056e-06,1.2213273e-05,0.9969863,0.0014780037,0.0007424675,0.00074157905,5.652013e-06,2.9205505e-05,2,12.30417,0.99999547,False,0.034484416,Test
2158,0,-14.843326,-9.109579,15.385413,0.056200936,-0.13068596,1.124947,-10.194829,-11.888936,7.4443205e-14,2.3012297e-11,0.9999989,2.2009353e-07,1.8257586e-07,6.408518e-07,7.7739455e-12,1.4285656e-12,2,30.22874,1.0,False,2.3687982e-05,Test
2159,0,-24.979877,-16.012154,26.796314,1.3460174,-1.338481,2.2632854,-16.620205,-23.955715,3.2650186e-23,2.5616432e-19,1.0,8.85272e-12,6.042453e-13,2.2153413e-11,1.394586e-19,9.0922985e-23,2,51.77619,1.0,False,1.1336625e-09,Test
2160,0,-26.024132,-16.912918,28.03154,1.1917243,-1.132805,2.805069,-17.962687,-25.09461,3.3413355e-24,3.0260067e-20,1.0,2.2060552e-12,2.1581716e-13,1.1073448e-11,1.0591612e-20,8.4645785e-24,2,54.05567,1.0,False,4.975109e-10,Test
2161,0,-25.135265,-16.613853,27.040699,0.8686394,-0.85668427,1.8118266,-17.11492,-23.641582,2.189105e-23,1.0991798e-19,1.0,4.3014884e-12,7.6616204e-13,1.1046889e-11,6.659771e-20,9.7491066e-23,2,52.175964,1.0,False,5.953329e-10,Test
2162,0,-18.327057,-11.643593,18.400616,0.29082182,-0.18430284,2.9784675,-12.4323,-16.696404,1.1204033e-16,8.952945e-14,0.99999976,1.3646335e-08,8.485396e-09,2.0056089e-07,4.0685015e-14,5.7221353e-16,2,36.727673,1.0,False,5.390392e-06,Test
2163,0,-17.118925,-10.79952,17.954891,0.033992805,-0.0063837357,1.7569712,-12.507816,-14.191582,5.85647e-16,3.2517598e-13,0.9999999,1.6483622e-08,1.5831326e-08,9.232785e-08,5.891341e-14,1.093866e-14,2,35.073814,1.0,False,3.1659827e-06,Test
2164,0,-21.189339,-13.567159,22.554712,1.1136594,-1.1229719,2.032936,-14.321353,-20.275675,1.00508054e-19,2.0533848e-16,1.0,4.878304e-10,5.210893e-11,1.2232235e-09,9.6589245e-17,2.5061047e-19,2,43.74405,1.0,False,5.3085614e-08,Test
2165,1,-18.233831,-11.575589,18.036951,-0.5279427,0.9002613,2.6967404,-12.819789,-14.464385,1.7692908e-16,1.3785949e-13,0.99999976,8.6570315e-09,3.6110205e-08,2.1768622e-07,3.9727238e-14,7.670954e-15,2,29.612541,1.0,False,6.286259e-06,Test
2166,0,-7.0832243,-3.7758493,5.9330573,-2.5046415,0.7553136,-1.3781725,-5.1522617,1.799651,2.1746114e-06,5.9395883e-05,0.9778691,0.0002117556,0.005515884,0.0006532117,1.4996421e-05,0.015673473,2,13.038661,0.99999785,False,0.17753497,Test
2167,0,-25.377945,-16.22583,26.762512,0.47140077,-0.3355259,4.4108214,-17.878777,-24.893589,2.2682304e-23,2.1399329e-19,1.0,3.8187e-12,1.7040085e-12,1.9623851e-10,4.097648e-20,3.6816312e-23,2,52.140457,1.0,False,6.539499e-09,Test
2168,0,-15.486515,-9.759342,16.228409,-0.64573115,0.5205894,1.293006,-11.571604,-11.4105625,1.68416e-14,5.1720525e-12,0.9999995,4.695199e-08,1.5072341e-07,3.263148e-07,8.445157e-13,9.920809e-13,2,31.714924,1.0,False,1.2450004e-05,Test
2169,0,-8.622001,-4.713011,6.05233,-0.8592934,0.18429823,-0.0482262,-4.792749,-1.5505327,4.2088115e-07,2.0980326e-05,0.993437,0.0009896016,0.002809871,0.0022269085,1.9372344e-05,0.00049574574,2,14.680915,0.9999996,False,0.06882995,Test
2170,0,-7.8884516,-4.741064,5.924921,-0.56305975,0.03712071,1.9172556,-4.944257,-5.037921,9.800583e-07,2.281103e-05,0.9779652,0.0014880898,0.0027119662,0.017775275,1.861656e-05,1.6952026e-05,2,13.835654,0.99999905,False,0.17281425,Test
2171,1,-15.363315,-9.653939,16.23324,-0.5820945,0.29768825,1.6250248,-11.199899,-12.689526,1.8957924e-14,5.7192645e-12,0.9999994,4.9795815e-08,1.2002663e-07,4.5261865e-07,1.2188169e-12,2.747908e-13,2,25.88718,1.0,False,1.4366662e-05,Test
2172,0,-2.7251663,-3.7870352,3.4128904,0.7107035,-1.7068597,0.63940823,-3.6450462,-7.6316376,0.0018951865,0.00065537257,0.8777607,0.058861483,0.0052468297,0.054811046,0.00075535866,1.4021632e-05,2,6.268438,0.9981048,False,0.70714194,Test
2173,0,-20.45192,-13.13971,20.933138,0.34884757,-0.16148548,3.2361298,-14.046205,-18.898436,1.0634051e-18,1.5934909e-15,1.0,1.1490968e-09,6.897971e-10,2.0619922e-08,6.4367135e-16,5.0276774e-18,2,41.385056,1.0,False,5.815725e-07,Test
2174,1,-13.1590185,-9.068528,10.275567,0.39080486,-0.17967536,6.117524,-8.559618,-13.876927,6.542077e-11,3.9101464e-09,0.98452526,5.015675e-05,2.8351295e-05,0.015396138,6.5044343e-09,3.1910367e-11,2,19.359692,1.0,False,0.11600107,Test
2175,1,-21.137897,-13.752744,21.611588,-0.05783783,0.49825394,3.0938566,-15.232205,-18.018131,2.717281e-19,4.3799232e-16,1.0,3.8822892e-10,6.7701156e-10,9.075107e-09,9.975725e-17,6.1522195e-18,2,35.36433,1.0,False,2.752043e-07,Test
2176,0,-15.982343,-10.309831,15.833606,0.15944032,0.18883191,2.5226436,-11.305215,-13.083776,1.5223283e-14,4.4263833e-12,0.9999981,1.5588184e-07,1.6053154e-07,1.6562334e-06,1.6359089e-12,2.7627404e-13,2,31.81595,1.0,False,4.1877953e-05,Test
2177,0,-14.727342,-9.159645,14.434702,0.82313824,-0.6332468,2.589283,-9.888021,-13.673574,2.1631232e-13,5.6637174e-11,0.9999914,1.2262225e-06,2.8580476e-07,7.171272e-06,2.7338314e-11,6.204788e-13,2,29.162052,1.0,False,0.0001654026,Test
2178,0,-9.464913,-5.760724,6.963068,-0.8721646,-0.055563245,1.2795839,-5.1086326,-3.9716628,7.3008486e-08,2.965396e-06,0.9953033,0.00039369246,0.0008908457,0.0033857091,5.692228e-06,1.774444e-05,2,16.43269,0.99999994,False,0.04845909,Test
2179,0,-18.030941,-12.026099,19.414652,-0.08247828,-0.01563206,1.8027543,-13.623105,-15.292892,5.4649325e-17,2.2154182e-14,1.0,3.4080367e-09,3.6436332e-09,2.2451724e-08,4.4862562e-15,8.447065e-16,2,37.445595,1.0,False,7.6846896e-07,Test
2180,0,-8.539497,-4.771444,7.6329885,-1.9264017,0.667411,-0.83319235,-6.005128,-0.59453994,9.45647e-08,4.0942436e-06,0.9985049,7.043035e-05,0.0009424065,0.00021015252,1.1923158e-06,0.00026679639,2,16.17398,0.9999999,False,0.018432967,Test
2181,0,-14.2632475,-9.185482,14.8066225,-1.0495697,0.4748256,-0.22333865,-10.42141,-8.106101,2.372004e-13,3.8050584e-11,0.9999989,1.2993992e-07,5.9673204e-07,2.9687263e-07,1.10561725e-11,1.1197734e-10,2,29.069872,1.0,False,2.3215307e-05,Test
2182,0,-6.4051867,-3.054077,2.5432332,-0.4920765,-0.82136273,-1.3566102,-2.34782,2.1425488,7.283383e-05,0.0020782677,0.5605087,0.026937928,0.019380143,0.011347547,0.0042113853,0.3754632,2,9.52733,0.99992716,False,1.3755524,Test
2183,0,-21.305395,-13.823943,22.140364,0.46278495,-0.08170059,3.3760762,-15.228002,-19.923555,1.3543992e-19,2.4038115e-16,1.0,3.8507694e-10,2.2339827e-10,7.0920745e-09,5.9037065e-17,5.393517e-19,2,43.44576,1.0,False,2.1119563e-07,Test
2184,0,-17.60936,-11.114629,18.409344,0.19672696,-0.23402645,1.7967134,-12.315812,-15.214118,2.2765427e-16,1.5062673e-13,0.9999999,1.2312928e-08,8.003637e-09,6.098542e-08,4.5314243e-14,2.4975584e-15,2,36.018703,1.0,False,2.086432e-06,Test
2185,0,-9.042836,-5.2223024,6.295732,-1.0419896,0.24448253,0.4826189,-5.0297666,-2.102658,2.1669189e-07,9.887339e-06,0.9937977,0.0006464961,0.0023403117,0.0029695798,1.1986612e-05,0.00022383276,2,15.3447895,0.99999976,False,0.0642324,Test
2186,0,-11.93076,-7.6559987,11.08606,0.14966863,-0.007558856,3.2738533,-8.4969015,-11.171674,1.00863116e-10,7.2483237e-09,0.9995623,1.7790808e-05,1.5202417e-05,0.0004045869,3.1263496e-09,2.154763e-10,2,23.017258,1.0,False,0.0057156575,Test
2187,0,-8.181193,-4.7068567,6.949603,-2.214692,1.0345855,-0.055379607,-6.0190964,-1.047353,2.6731269e-07,8.627894e-06,0.9959579,0.00010428891,0.0026877043,0.00090368226,2.322771e-06,0.00033512528,2,15.134847,0.99999976,False,0.043351214,Test
2188,0,-13.572897,-8.580756,12.522647,-0.35111487,0.24788775,2.2106848,-8.876242,-10.446772,4.6433577e-12,6.837399e-10,0.9999596,2.5643576e-06,4.6679074e-06,3.3231827e-05,5.088194e-10,1.0580134e-10,2,26.095583,1.0,False,0.0006830243,Test
2189,0,-14.002421,-8.9759655,14.118164,0.44925722,-0.29492095,2.3044202,-10.027147,-12.919069,6.1288713e-13,9.339916e-11,0.9999908,1.1578841e-06,5.5013936e-07,7.402056e-06,3.264529e-11,1.8108179e-12,2,28.120596,1.0,False,0.00017350596,Test
2190,0,-26.522203,-16.93777,28.810389,0.7044135,-1.0125768,2.8712294,-18.108885,-25.519958,9.318814e-25,1.35464655e-20,1.0,6.219142e-13,1.1169934e-13,5.4295795e-12,4.1997018e-21,2.5388141e-24,2,55.332592,1.0,False,2.3321084e-10,Test
2191,1,-25.493877,-16.81313,26.789425,0.48352766,-0.19447856,3.1365943,-18.139006,-23.12091,1.9663024e-23,1.1578472e-19,1.0,3.7626534e-12,1.9100268e-12,5.342031e-11,3.0749024e-20,2.1096805e-22,2,43.602554,1.0,False,2.0400595e-09,Test
2192,0,-22.643887,-15.013678,22.578083,0.29547703,0.19470501,5.9750004,-16.354897,-22.241018,2.2927046e-20,4.7217888e-17,0.9999999,2.1027471e-10,1.9011781e-10,6.157051e-08,1.2348715e-17,3.4301445e-20,2,45.22197,1.0,False,1.5737006e-06,Test
2193,0,-20.013668,-12.757543,21.044676,-0.15473068,0.059815306,2.015404,-14.084019,-16.994043,1.4743094e-18,2.0887316e-15,1.0,6.211766e-10,7.698223e-10,5.441168e-09,5.5437375e-16,3.019911e-17,2,41.058342,1.0,False,1.916833e-07,Test
2194,1,-10.86205,-6.1415505,9.781492,-2.7184427,1.300352,-0.82433987,-7.9348507,-1.0889671,1.0827105e-09,1.215066e-07,0.9997451,3.7259447e-06,0.00020728931,2.4764804e-05,2.0219913e-08,1.9006786e-05,2,15.923297,0.9999999,False,0.0036516981,Test
2195,0,-22.058186,-14.113258,23.453695,0.6290069,-0.44059628,2.202156,-15.384761,-20.08661,1.715703e-20,4.840369e-17,1.0,1.222824e-10,4.1960563e-11,5.8962213e-10,1.3572918e-17,1.2322117e-19,2,45.51188,1.0,False,2.3550633e-08,Test
2196,0,-7.3953485,-4.008911,1.4180833,-0.20687418,-0.96493465,0.34891868,-1.9022108,1.118093,6.160813e-05,0.0018211642,0.41425028,0.08157419,0.038223572,0.14221013,0.014971917,0.30688715,2,9.694716,0.99993837,False,2.0330079,Test
2197,0,-10.104193,-6.0814815,9.767451,-1.7043953,1.374026,0.24866426,-7.986906,-3.9025066,2.3427171e-09,1.3084615e-07,0.9996886,1.0416099e-05,0.00022628023,7.343581e-05,1.9464611e-08,1.1563183e-06,2,19.871954,1.0,False,0.004396747,Test
2198,0,-8.186747,-4.4091873,5.6215563,-0.58999044,-0.03161742,-0.22134158,-4.3518333,-1.5038811,9.979439e-07,4.361936e-05,0.9907769,0.0019876289,0.0034740304,0.0028736745,4.6194236e-05,0.0007969623,2,13.817569,0.999999,False,0.09324538,Test
2199,0,-5.9149036,-4.4528956,6.072138,0.09419966,-0.5963397,0.92983633,-5.2520103,-6.2103696,6.164564e-06,2.6597705e-05,0.9903948,0.0025097055,0.0012581295,0.0057880883,1.196171e-05,4.5875768e-06,2,11.996694,0.99999386,False,0.091400586,Test
2200,0,-17.71681,-11.28993,18.5405,0.19227518,-0.10765889,1.7650398,-12.590126,-14.950954,1.7932908e-16,1.1086855e-13,0.9999999,1.0751456e-08,7.965396e-09,5.1821466e-08,3.0209295e-14,2.8500063e-15,2,36.25731,1.0,False,1.839073e-06,Test
2201,0,-24.959412,-16.157993,26.825268,1.1807874,-1.2313349,1.9188322,-16.868347,-23.119707,3.2374233e-23,2.150834e-19,1.0,7.290276e-12,6.533898e-13,1.52501e-11,1.0570709e-19,2.0378499e-22,2,51.78468,1.0,False,8.441394e-10,Test
2202,0,-10.556252,-6.75089,11.141202,-1.0740644,0.0073474534,-0.8253083,-8.130377,-5.0956464,3.774894e-10,1.6964925e-08,0.9999739,4.9541136e-06,1.46088805e-05,6.3532957e-06,4.270197e-09,8.880038e-08,2,21.69748,1.0,False,0.00047178956,Test
2203,1,-8.195512,-4.9316525,2.8562403,0.44040996,-0.94794905,1.9505143,-2.797276,-3.9645257,1.0427975e-05,0.0002726943,0.65752906,0.05871285,0.01464794,0.265805,0.002304751,0.0007172886,2,8.207159,0.9997273,False,1.2663083,Test
2204,0,-10.212661,-6.5633163,7.5426607,-0.06310161,-0.14472936,4.097205,-6.1750603,-9.526489,1.8833253e-08,7.241282e-07,0.96819645,0.00048175122,0.00044398927,0.030876009,1.0676599e-06,3.7404707e-08,2,17.787642,1.0,False,0.21035248,Test
2205,0,-9.227403,-5.6197867,8.354743,-0.31349364,-0.14841671,1.0268494,-6.007635,-5.9744854,2.3105873e-08,8.5209945e-07,0.9989672,0.00017178444,0.00020261703,0.00065627735,5.7816214e-07,5.976493e-07,2,17.58318,1.0,False,0.01310482,Test
2206,0,-2.7179368,-3.9515874,5.0523643,0.37846446,-1.6005931,0.3985406,-4.6829658,-8.03512,0.00041350306,0.00012042339,0.9796648,0.009145946,0.0012639642,0.0093314145,5.7953162e-05,2.0288749e-06,2,7.790846,0.9995865,False,0.1731466,Test
2207,0,-13.241336,-8.417636,11.595145,0.55272204,-0.09186976,3.6906505,-8.661654,-12.127325,1.6348674e-11,2.034177e-09,0.9996068,1.6001686e-05,8.398916e-06,0.00036893573,1.593723e-09,4.9807148e-11,2,24.836874,1.0,False,0.0051714685,Test
2208,1,-10.877442,-6.6227064,10.200221,-0.8164241,0.34654674,0.94069433,-7.4141445,-6.028542,7.014806e-10,4.9411042e-08,0.9998356,1.6423295e-05,5.2545118e-05,9.5184674e-05,2.2392738e-08,8.950888e-08,2,16.823092,0.99999994,False,0.0025205237,Test
2209,0,-13.843612,-9.100536,14.702478,-0.14539023,0.027953641,0.98942655,-10.423846,-11.123163,4.0048862e-13,4.597071e-11,0.9999981,3.5616532e-07,4.2357883e-07,1.1078895e-06,1.22398315e-11,6.0822675e-12,2,28.546091,1.0,False,4.126913e-05,Test
2210,0,-21.30961,-13.736813,21.523216,0.49960777,-0.13632473,4.584737,-14.880506,-20.127073,2.5000032e-19,4.86143e-16,1.0,7.4056394e-10,3.920859e-10,4.4026223e-08,1.5490482e-16,8.156583e-19,2,42.832825,1.0,False,1.1105853e-06,Test
2211,0,-17.598204,-11.417272,18.4683,0.032854684,-0.02343179,2.5518084,-12.763957,-15.701645,2.1702795e-16,1.0492079e-13,0.9999999,9.853434e-09,9.314144e-09,1.2233635e-07,2.7289948e-14,1.4460438e-15,2,36.066505,1.0,False,3.4917057e-06,Test
2212,0,-22.899038,-14.710608,24.138678,0.6546086,-0.28698418,2.6490748,-16.118866,-20.844673,3.730607e-21,1.3426717e-17,1.0,6.3240906e-11,2.4664378e-11,4.647121e-10,3.2837505e-18,2.9105707e-20,2,47.037716,1.0,False,1.741921e-08,Test
2213,0,-22.743479,-14.353095,24.4483,-0.47389388,0.45976183,2.4850798,-16.482094,-19.904503,3.19794e-21,1.4085364e-17,1.0,1.5011666e-11,3.8186586e-11,2.8939787e-10,1.6755449e-18,5.467927e-20,2,47.19178,1.0,False,1.103124e-08,Test
2214,0,-14.778852,-9.61606,15.189329,0.20678507,-0.31804895,0.7836488,-9.85947,-11.992612,9.660145e-14,1.6871582e-11,0.9999989,3.1128872e-07,1.8417514e-07,5.5423243e-07,1.32264755e-11,1.5668669e-12,2,29.968184,1.0,False,2.383064e-05,Test
2215,0,-25.048847,-15.748831,26.839897,0.35714138,-0.70301795,2.866094,-16.638937,-23.599201,2.9174582e-23,3.1911677e-19,1.0,3.1527196e-12,1.0921036e-12,3.8753403e-11,1.3103322e-19,1.2433056e-22,2,51.888744,1.0,False,1.5042099e-09,Test
2216,0,-21.890211,-14.135699,23.36223,1.3065497,-1.362014,2.07289,-14.742544,-20.845034,2.2238958e-20,5.1862868e-17,1.0,2.6383923e-10,1.8297712e-11,5.677494e-10,2.826876e-17,6.324544e-20,2,45.25244,1.0,False,2.6485809e-08,Test
2217,0,-21.558,-14.0528965,22.20225,1.2171263,-0.9465987,3.5544355,-14.686506,-20.854443,9.889284e-20,1.797174e-16,1.0,7.696212e-10,8.842666e-11,7.968148e-09,9.5371125e-17,1.9985516e-19,2,43.76025,1.0,False,2.4062152e-07,Test
2218,0,-14.83407,-9.4811,14.026903,0.51793694,-0.17813514,2.9747496,-9.763331,-12.842113,2.923013e-13,6.17442e-11,0.9999821,1.3586971e-06,6.7736477e-07,1.5852687e-05,4.6561296e-11,2.1425322e-12,2,28.86099,1.0,False,0.0003189324,Test
2219,0,-12.7837925,-7.833877,12.504431,-1.3527839,0.5678959,0.52266204,-8.777356,-6.502792,1.0410178e-11,1.4695315e-09,0.9999862,9.5914e-07,6.5467048e-06,6.2571708e-06,5.7204597e-10,5.5623954e-09,2,25.288237,1.0,False,0.00026015367,Test
2220,0,-9.878971,-6.0792813,9.604421,-0.19280224,-0.10743511,1.4459559,-6.759267,-7.85888,3.4537906e-09,1.5434041e-07,0.9995974,5.558341e-05,6.053683e-05,0.0002861864,7.819264e-08,2.603814e-08,2,19.483793,1.0,False,0.0055893785,Test
2221,0,-18.31719,-11.602566,19.323202,-0.51307607,0.458072,2.3969479,-13.475327,-15.815588,4.4976467e-17,3.707743e-14,1.0,2.4278035e-09,6.4117764e-09,4.45678e-08,5.698744e-15,5.488041e-16,2,37.640392,1.0,False,1.332307e-06,Test
2222,0,-19.524384,-12.440904,19.88247,0.6594362,-0.22756304,3.7255418,-13.620707,-18.411741,7.68814e-18,9.165115e-15,0.9999999,4.4827284e-09,1.8463906e-09,9.619127e-08,2.8168026e-15,2.3390249e-17,2,39.406853,1.0,False,2.5920435e-06,Test
2223,0,-21.423275,-13.752641,22.483313,0.911098,-0.83932996,2.8536985,-14.554819,-20.288136,8.5430335e-20,1.831998e-16,1.0,4.278647e-10,7.431983e-11,2.985156e-09,8.2137936e-17,2.6582566e-19,2,43.906586,1.0,False,1.00354995e-07,Test
2224,0,-7.780813,-4.2514806,7.257209,-2.3104992,0.54478323,-1.5726413,-5.841877,0.24310093,2.938011e-07,1.0018966e-05,0.99766195,6.978798e-05,0.0012128692,0.0001459581,2.042315e-06,0.00089700555,2,15.040363,0.9999997,False,0.027233314,Test
2225,0,-12.368604,-7.7825546,12.212922,-0.11451847,-0.09882431,2.0982943,-8.6208,-10.244478,2.1103647e-11,2.0703976e-09,0.9999505,4.4283224e-06,4.4983676e-06,4.048102e-05,8.9538205e-10,1.7654404e-10,2,24.581575,1.0,False,0.00082075084,Test
2226,1,-7.5275526,-4.263551,7.254141,-1.2826208,0.2249038,-0.95028734,-5.530812,-1.4964787,3.7995272e-07,9.937271e-06,0.9984756,0.00019582546,0.00088425697,0.00027302335,2.798358e-06,0.00015812172,2,11.519218,0.99999005,False,0.01903257,Test
2227,0,-7.14641,-5.4562283,7.8377223,0.020343656,-0.42298517,1.2326194,-6.412591,-7.2682095,3.101691e-07,1.6812609e-06,0.99798656,0.00040186514,0.00025795551,0.0013507187,6.460892e-07,2.7460072e-07,2,14.986148,0.9999997,False,0.023443637,Test
2228,0,-8.888241,-6.0276833,9.376866,-0.51018834,-0.10840611,1.307735,-7.2819304,-7.5729356,1.1678151e-08,2.0403188e-07,0.99956006,5.080608e-05,7.5928954e-05,0.00031291723,5.820839e-08,4.3511417e-08,2,18.265547,1.0,False,0.006048646,Test
2229,0,-13.942984,-8.576059,14.261794,-0.49162355,0.23343818,1.2934905,-9.832243,-10.383423,5.634035e-13,1.2068273e-10,0.9999964,3.9144473e-07,8.0827846e-07,2.3331127e-06,3.4363037e-11,1.9802332e-11,2,28.20478,1.0,False,7.350654e-05,Test
2230,0,-18.27495,-11.479975,18.807446,0.3197636,-0.2933122,2.9325173,-12.581545,-17.06648,7.858133e-17,7.020054e-14,0.9999999,9.351936e-09,5.0657802e-09,1.2752817e-07,2.3331069e-14,2.6311924e-16,2,37.082397,1.0,False,3.4817547e-06,Test
2231,0,-17.554377,-11.139492,18.494846,0.25869724,-0.30922958,1.9349419,-12.23308,-15.960911,2.208109e-16,1.3488707e-13,0.9999999,1.2026552e-08,6.815439e-09,6.428727e-08,4.518883e-14,1.0865626e-15,2,36.049225,1.0,False,2.1231817e-06,Test
2232,0,-24.344566,-15.861737,25.8646,0.32685494,0.023666564,2.3688703,-17.687235,-21.234852,1.5647163e-22,7.559306e-19,1.0,8.11145e-12,5.989981e-12,6.250782e-11,1.2180883e-19,3.5072692e-21,2,50.209167,1.0,False,2.6409999e-09,Test
2233,0,-20.011288,-13.159658,20.951221,0.91776246,-0.5917514,2.1555738,-14.072671,-18.515812,1.6225882e-18,1.5340302e-15,1.0,1.993331e-09,4.4056084e-10,6.873127e-09,6.1562635e-16,7.23911e-18,2,40.96251,1.0,False,2.576787e-07,Test
2234,0,-8.701082,-5.1686673,6.548211,-0.3993419,-0.093992636,1.5711862,-4.8793387,-4.7460375,2.3623404e-07,8.08073e-06,0.9908923,0.0009522313,0.0012922721,0.00683175,1.0792072e-05,1.2330952e-05,2,15.258443,0.99999976,False,0.08470253,Test
2235,0,-6.9247446,-4.4287887,0.52468073,0.14742833,-1.0743052,3.415327,-1.8727188,-3.8375304,2.9082785e-05,0.0003528709,0.049989667,0.03428006,0.010102983,0.9000612,0.004546769,0.0006373766,5,10.445364,0.9999709,False,0.6332168,Test
2236,0,-16.121992,-9.826037,16.674753,-0.2877249,0.012576502,1.2957762,-10.890686,-12.658413,5.708926e-15,3.0963726e-12,0.99999976,4.2982236e-08,5.8037507e-08,2.0940888e-07,1.06778e-12,1.8229205e-13,2,32.796745,1.0,False,7.6092856e-06,Test
2237,0,-17.763615,-11.37574,17.725143,0.58258766,-0.2566206,2.9791079,-12.096711,-15.977651,3.867479e-16,2.2995703e-13,0.9999995,3.5899024e-08,1.5510256e-08,3.9434642e-07,1.1182356e-13,2.3070804e-15,2,35.488758,1.0,False,1.036749e-05,Test
2238,0,-11.738448,-7.0731883,10.669587,-0.81415164,0.03727429,0.46916983,-7.172993,-5.864565,1.854739e-10,1.9696072e-08,0.99992836,1.0295429e-05,2.4122044e-05,3.715214e-05,1.7825204e-08,6.595952e-08,2,22.408108,1.0,False,0.0011932243,Test
2239,1,-11.370194,-7.3462696,11.2432575,0.23909837,-0.37554532,2.3031394,-7.8649173,-10.7666025,1.5101989e-10,8.445063e-09,0.99984336,1.6629778e-05,8.993939e-06,0.00013100509,5.0275553e-09,2.7616637e-10,2,18.589684,1.0,False,0.0023308357,Test
2240,0,-21.928497,-14.324455,22.90118,0.9198164,-0.58428746,3.332114,-15.341515,-21.06972,3.3940513e-20,6.809448e-17,1.0,2.841942e-10,6.3152546e-11,3.1714815e-09,2.4626838e-17,8.0108785e-20,2,44.829678,1.0,False,1.0069013e-07,Test
2241,0,-10.790789,-7.067645,9.174483,0.34089205,-0.5032159,3.3139746,-7.0290136,-11.026771,2.1274862e-09,8.8065754e-08,0.99695086,0.0001453094,6.247445e-05,0.0028411036,9.1534424e-08,1.6802761e-09,2,19.968325,1.0,False,0.031155447,Test
2242,0,-10.824541,-6.6273766,9.665544,-1.271387,0.30522233,-0.91295254,-7.549872,-2.2854614,1.2624374e-09,8.3949104e-08,0.9998641,1.7786575e-05,8.606076e-05,2.5454146e-05,3.337189e-08,6.451868e-06,2,20.490221,1.0,False,0.002141358,Test
2243,0,-8.617626,-5.332361,6.3620424,-0.9318808,0.7123047,1.5308417,-5.7035284,-3.980527,3.0841608e-07,8.239664e-06,0.987926,0.0006714501,0.0034759576,0.007880624,5.684779e-06,3.184224e-05,2,14.9918165,0.9999997,False,0.10857019,Test
2244,0,-12.537667,-7.86943,11.726277,0.721452,-0.6286307,2.8128507,-8.191948,-12.121483,2.8989132e-11,3.0876288e-09,0.99984455,1.6618716e-05,4.307885e-06,0.00013454903,2.2364417e-09,4.3952363e-11,2,24.2641,1.0,False,0.002295285,Test
2245,0,-18.628551,-11.4649935,19.90997,0.18729016,-0.46426386,1.613834,-12.552839,-16.631243,1.832032e-17,2.366068e-14,1.0,2.7198772e-09,1.4176954e-09,1.1326339e-08,7.972273e-15,1.3500579e-16,2,38.53852,1.0,False,4.1803094e-07,Test
2246,0,-7.6105547,-5.113768,2.984818,0.036810413,-0.7722189,4.4452534,-3.5192251,-7.1770296,4.64796e-06,5.6442106e-05,0.1856839,0.009738024,0.0043362463,0.7998956,0.00027803806,7.170343e-06,5,12.279082,0.99999535,False,0.8120938,Test
2247,0,-19.991375,-12.685279,20.772238,0.7295366,-0.7200702,2.9393296,-13.506947,-18.951235,1.9796514e-18,2.9483942e-15,1.0,1.9749915e-09,4.6345694e-10,1.7999739e-08,1.2964036e-15,5.601638e-18,2,40.76361,1.0,False,5.3456574e-07,Test
2248,0,-6.328906,-3.6029289,0.58823794,0.061240554,-1.2262193,1.3977321,-1.0312167,-1.114755,0.00022533651,0.0034411887,0.22746213,0.13428794,0.037059564,0.51105535,0.04503901,0.041429397,5,8.397916,0.99977463,False,1.968646,Test
2249,0,-13.242816,-8.14772,13.202979,0.101154976,-0.09077726,2.0326211,-9.359474,-11.144054,3.2713682e-12,5.339504e-10,0.99998224,2.0414677e-06,1.6849507e-06,1.4085348e-05,1.5894357e-10,2.6681459e-11,2,26.445812,1.0,False,0.00032354268,Test
2250,0,-16.21874,-10.085744,16.06561,-0.24214047,0.38969398,3.2781315,-11.694565,-14.826638,9.529784e-15,4.391463e-12,0.999997,8.272419e-08,1.5560896e-07,2.795548e-06,8.788355e-13,3.8341136e-14,2,32.284355,1.0,False,6.1338695e-05,Test
2251,0,-9.320285,-5.842344,7.574176,-0.39338097,0.2092732,2.743967,-6.047339,-7.173966,4.5598625e-08,1.477075e-06,0.9911122,0.00034344467,0.00062746037,0.007913887,1.2033e-06,3.900192e-07,2,16.903389,0.99999994,False,0.07870439,Test
2252,0,-8.380115,-4.5918703,4.4977508,-0.71779925,-0.23921631,0.10811743,-3.5112476,-0.5556685,2.4713272e-06,0.00010918019,0.96764463,0.005255709,0.008481589,0.012003901,0.00032170062,0.0061807884,2,12.910755,0.99999756,False,0.2712358,Test
2253,1,-4.816169,-3.6500616,4.3566175,-0.19413346,-0.6738944,0.9473714,-3.9324856,-4.6247473,9.879092e-05,0.00031706694,0.95149755,0.010047123,0.0062184785,0.031462334,0.00023905409,0.000119632816,2,8.056397,0.9996829,False,0.34694785,Test
2254,0,-23.937397,-15.25868,25.693977,0.7930862,-0.63364816,2.1347952,-16.687346,-21.985907,2.788483e-22,1.6386489e-18,1.0,1.5334893e-11,3.6817784e-12,5.86648e-11,3.926671e-19,1.962857e-21,2,49.631374,1.0,False,2.6846818e-09,Test
2255,0,-7.977333,-4.6404815,5.288094,-1.149196,-0.09424546,0.59200144,-4.199272,-1.5640342,1.7052413e-06,4.796913e-05,0.98375607,0.0015747362,0.0045223804,0.008982564,7.4572185e-05,0.0010400304,2,13.281804,0.9999983,False,0.14624757,Test
2256,0,-19.949549,-13.751825,22.447407,0.5129327,-0.5650722,1.8927495,-15.429244,-19.678358,3.8657642e-19,1.9005199e-16,1.0,2.9783695e-10,1.013461e-10,1.1836571e-09,3.551233e-17,5.070066e-19,2,42.396957,1.0,False,4.7889966e-08,Test
2257,0,-9.897694,-5.539009,9.63849,-2.5448945,1.2238185,-1.2252502,-7.6584516,-1.0935186,3.2766299e-09,2.5608233e-07,0.9997321,5.11337e-06,0.00022153302,1.9134684e-05,3.075511e-08,2.1828897e-05,2,19.53645,1.0,False,0.0038100851,Test
2258,0,-22.913908,-14.709913,24.497786,-0.79966724,0.40726927,1.0511022,-16.091228,-18.45843,2.5666292e-21,9.382374e-18,1.0,1.03146805e-11,3.4484297e-11,6.564998e-11,2.3573061e-18,2.2097996e-19,2,47.411694,1.0,False,3.7956647e-09,Test
2259,0,-16.26729,-9.933619,17.15794,-2.4661033,1.5789565,-0.15222237,-12.773211,-7.918169,3.0451321e-15,1.7150848e-12,0.9999999,3.0018332e-09,1.7144842e-07,3.0359338e-08,1.0024587e-13,1.2870168e-11,2,33.425232,1.0,False,5.041088e-06,Test
2260,0,-14.222936,-8.838314,14.11272,0.39342412,-0.34388945,2.0749977,-9.567019,-12.699644,4.942857e-13,1.07767816e-10,0.9999925,1.1009876e-06,5.267097e-07,5.916715e-06,5.2001604e-11,2.2674388e-12,2,28.335663,1.0,False,0.00014637147,Test
2261,0,-15.804759,-10.0287,16.407475,-0.3576896,0.2162231,1.2727791,-11.52106,-11.847235,1.0242456e-14,3.3030499e-12,0.9999995,5.235785e-08,9.294553e-08,2.6735313e-07,7.426615e-13,5.359638e-13,2,32.212234,1.0,False,9.877206e-06,Test
2262,0,-4.731037,-4.160883,5.312099,0.2642611,-0.8134562,0.9448473,-4.6888185,-6.4929295,4.2569256e-05,7.5285425e-05,0.97898245,0.006288207,0.0021403271,0.012419425,4.4404977e-05,7.309977e-06,2,10.064378,0.99995744,False,0.1760145,Test
2263,0,-16.348057,-10.426166,16.456003,0.24838334,0.068684734,2.0174196,-11.553526,-13.4874525,5.667305e-15,2.1145724e-12,0.9999993,9.143648e-08,7.6397306e-08,5.3629356e-07,6.84882e-13,9.901991e-14,2,32.80406,1.0,False,1.6147464e-05,Test
2264,0,-9.313934,-5.6253567,7.6426773,-0.5859359,0.26868698,1.3907516,-5.8722134,-4.944132,4.3113264e-08,1.7240102e-06,0.99718046,0.00026615374,0.0006255908,0.0019213081,1.3468875e-06,3.4071559e-06,2,16.959435,0.99999994,False,0.031340048,Test
2265,0,-19.433256,-12.775945,20.370708,0.050071917,0.15597852,1.6416464,-13.91497,-16.203453,5.16843e-18,4.0233874e-15,1.0,1.495752e-09,1.6628559e-09,7.346358e-09,1.2880089e-15,1.3063016e-16,2,39.803963,1.0,False,2.9084643e-07,Test
2266,0,-6.2176905,-3.6662385,0.7027981,0.03915242,-1.1690005,2.2679338,-1.6403512,-2.2156768,0.00014924009,0.0019141099,0.15115257,0.0778391,0.02325432,0.7230117,0.014514385,0.008164656,5,8.809955,0.99985075,False,1.3276728,Test
2267,0,-23.755642,-15.111106,25.396257,0.5653317,-0.6851877,2.7327228,-16.100672,-22.341166,4.504022e-22,2.5578559e-18,1.0,1.6446228e-11,4.7094702e-12,1.436654e-10,9.508514e-19,1.8531075e-21,2,49.1519,1.0,False,5.463732e-09,Test
2268,0,-12.9680605,-7.7162223,12.515155,-1.9809947,1.1010355,0.40295446,-9.374988,-5.3075194,8.565896e-12,1.6353751e-09,0.99998295,5.06285e-07,1.1038331e-05,5.4920015e-06,3.1133254e-10,1.8184597e-08,2,25.483232,1.0,False,0.00031344502,Test
2269,0,-10.058733,-6.2440743,7.8946376,-0.39569166,0.08708159,2.962673,-6.201849,-7.5777917,1.5832331e-08,7.1817493e-07,0.99218994,0.0002489721,0.00040347467,0.0071559893,7.4914914e-07,1.8923618e-07,2,17.961212,1.0,False,0.06978596,Test
2270,0,-12.335504,-7.1086063,12.27876,-3.1641765,1.659192,-1.6208746,-9.581926,-1.1708078,2.0424409e-11,3.8033097e-09,0.99997306,1.9642938e-07,2.4432537e-05,9.1929263e-07,3.2063613e-10,1.4418338e-06,2,24.61429,1.0,False,0.00046409946,Test
2271,1,-17.13507,-10.871634,17.30757,0.4846939,-0.21360986,3.1553576,-12.081727,-15.943271,1.1009061e-15,5.779993e-13,0.9999993,4.942168e-08,2.4583755e-08,7.141214e-07,1.7234154e-13,3.625298e-15,2,28.179203,1.0,False,1.760526e-05,Test
2272,0,-11.824189,-7.4890833,10.209187,0.25783408,0.010319039,3.8325286,-7.9712453,-11.062942,2.6930977e-10,2.0557232e-08,0.9982175,4.7578185e-05,3.7146096e-05,0.0016977659,1.2692997e-08,5.765765e-10,2,22.035158,1.0,False,0.019423101,Test
2273,0,-10.015297,-6.5239415,8.234025,-0.2792552,0.22652625,2.9436169,-6.9905615,-7.9797263,1.1803383e-08,3.8750943e-07,0.99445677,0.0001996712,0.00033111084,0.0050117667,2.430144e-07,9.037398e-08,2,18.254879,1.0,False,0.05256515,Test
2274,0,-12.404315,-7.8085814,10.992298,0.5002662,-0.19250183,2.6916208,-7.7128115,-10.295269,6.9000736e-11,6.8352666e-09,0.99971014,2.7748689e-05,1.3879605e-05,0.0002482766,7.522265e-09,5.685925e-10,2,23.396904,1.0,False,0.0040360056,Test
2275,1,-16.262793,-10.001677,16.611801,0.07450427,-0.34615257,1.5034713,-10.631111,-13.544063,5.2813428e-15,2.7663893e-12,0.99999964,6.5757206e-08,4.3177135e-08,2.7449573e-07,1.4741897e-12,8.007081e-14,2,26.613478,1.0,False,9.12441e-06,Test
2276,1,-10.758741,-6.5288777,9.4910345,-0.8291464,0.2568545,1.667332,-7.0224004,-6.7815037,1.6047372e-09,1.102579e-07,0.9994692,3.294366e-05,9.7592354e-05,0.00039992513,6.730937e-08,8.564387e-08,2,16.020443,0.9999999,False,0.007076836,Test
2277,0,-11.714441,-7.340708,10.268536,-0.26602864,0.42376596,2.8751605,-7.7104654,-9.147371,2.8353891e-10,2.249578e-08,0.9993055,2.6582464e-05,5.2986983e-05,0.00061488815,1.5542387e-08,3.693831e-09,2,21.983671,1.0,False,0.008718534,Test
2278,0,-6.407585,-4.207293,-1.4676794,0.3312641,-1.383165,4.1468196,-1.148948,-3.5094655,2.5187139e-05,0.00022738078,0.0035200822,0.02127277,0.003830514,0.96582574,0.0048414567,0.0004568949,5,10.589177,0.9999748,False,0.27149823,Test
2279,0,-16.70269,-10.584617,17.380026,0.97921515,-1.2119212,1.6886541,-10.740169,-15.975162,1.5778422e-15,7.1632544e-13,0.99999976,7.537347e-08,8.425966e-09,1.5322289e-07,6.1313346e-13,3.2660773e-15,2,34.082718,1.0,False,5.822103e-06,Test
2280,0,-7.4003735,-4.471164,4.9761105,-0.9073321,-0.13001512,1.6738772,-4.333128,-3.702518,4.0311966e-06,7.5435055e-05,0.9560325,0.0026627237,0.0057930946,0.03518285,8.6600776e-05,0.00016270166,2,12.421447,0.99999595,False,0.30206037,Test
2281,0,-18.383581,-11.826272,19.085396,-0.2642999,0.43705788,2.185384,-13.527457,-15.303697,5.3386227e-17,3.7603967e-14,1.0,3.9494275e-09,7.963969e-09,4.575288e-08,6.8614747e-15,1.1614682e-15,2,37.46898,1.0,False,1.4400414e-06,Test
2282,0,-22.68819,-14.535652,24.741072,-0.6802256,0.5576759,2.2483208,-17.073015,-19.406748,2.5219356e-21,8.7565844e-18,1.0,9.1132015e-12,3.1425692e-11,1.7042084e-10,6.924251e-19,6.711902e-20,2,47.42926,1.0,False,6.960835e-09,Test
2283,0,-22.952667,-14.746523,25.047773,0.22440529,-0.33122742,2.1092987,-16.42468,-21.077835,1.4245336e-21,5.2186324e-18,1.0,1.657098e-11,9.506916e-12,1.09130725e-10,9.744107e-19,9.287567e-21,2,48.000443,1.0,False,4.553025e-09,Test
2284,0,-13.543922,-8.630568,13.867712,-0.12375275,0.08944449,2.0305219,-9.985788,-11.479167,1.2453013e-12,1.6947957e-10,0.9999908,8.386488e-07,1.0379354e-06,7.2305183e-06,4.3707142e-11,9.81718e-12,2,27.411644,1.0,False,0.00017420341,Test
2285,0,-29.03082,-19.178532,32.426292,-1.3396916,1.3499438,0.27723244,-22.858221,-21.794865,2.0394545e-27,3.8753385e-23,1.0,2.1658065e-15,3.1894294e-14,1.0910407e-14,9.777775e-25,2.8317223e-24,2,61.457115,1.0,False,2.041483e-12,Test
2286,1,-12.195981,-7.5031424,12.152372,-2.5888808,1.901915,0.22203311,-9.915811,-4.326923,2.6645611e-11,2.9087102e-09,0.9999577,3.962204e-07,3.5339825e-05,6.587207e-06,2.6055003e-10,6.968101e-08,2,19.655556,1.0,False,0.0007073952,Test
2287,1,-12.187728,-7.09852,12.389452,-2.7551873,1.6426425,-0.7961926,-9.62982,-3.1471176,2.1196126e-11,3.4393066e-09,0.9999763,2.6470158e-07,2.1513439e-05,1.8773152e-06,2.7361596e-10,1.7887236e-07,2,19.487995,1.0,False,0.00041356008,Test
2288,0,-12.467064,-7.5052776,11.804952,-1.1390581,0.6691932,1.3701699,-8.381232,-7.4632773,2.875927e-11,4.1082173e-09,0.9999536,2.390385e-06,1.45808035e-05,2.9390814e-05,1.7109273e-09,4.284445e-09,2,24.27206,1.0,False,0.00078852917,Test
2289,0,-16.070324,-10.203653,15.941117,-0.15426832,0.080041386,2.6514983,-11.166343,-13.690019,1.25200855e-14,4.4204774e-12,0.9999981,1.022967e-07,1.2930677e-07,1.6919628e-06,1.6880249e-12,1.3531949e-13,2,32.01144,1.0,False,4.0526036e-05,Test
2290,1,-17.885427,-11.46529,18.158234,0.6750093,-0.32536364,2.698649,-12.22021,-16.312078,2.2204241e-16,1.3635374e-13,0.99999976,2.5534762e-08,9.39022e-09,1.9319121e-07,6.409277e-14,1.0708601e-15,2,29.623524,1.0,False,5.4612806e-06,Test
2291,0,-9.787526,-6.1885686,10.506359,-0.7602892,0.0049551837,-0.3207007,-7.5550303,-6.07701,1.5362144e-09,5.616413e-08,0.9999397,1.279177e-05,2.7496162e-05,1.9853702e-05,1.4322269e-08,6.279248e-08,2,20.293945,1.0,False,0.0010249143,Test
2292,0,-15.0527525,-9.745192,15.571975,-0.23054895,0.033931315,1.5585104,-10.870301,-12.268465,5.0101355e-14,1.0113333e-11,0.9999989,1.371042e-07,1.7861306e-07,8.204072e-07,3.2829555e-12,8.110555e-13,2,30.62473,1.0,False,2.5264313e-05,Test
2293,0,-23.16,-15.029208,24.95575,1.1302707,-0.98123974,1.7111664,-15.936943,-21.514929,1.2693914e-21,4.312738e-18,1.0,4.494959e-11,5.441378e-12,8.035369e-11,1.73992e-18,6.577184e-21,2,48.11575,1.0,False,4.4433084e-09,Test
2294,0,-10.424847,-6.517197,10.650359,0.121225335,-1.6061248,2.022752,-5.665139,-11.325107,7.0317346e-10,3.5005257e-08,0.9997893,2.6740146e-05,4.753189e-06,0.0001790549,8.206871e-08,2.8581498e-10,2,21.075417,1.0,False,0.0030257774,Test
2295,0,-12.158524,-7.42251,10.672235,-2.7353997,2.2221348,0.73096156,-9.571118,-3.9114296,1.2151043e-10,1.3849599e-08,0.99973613,1.5032236e-06,0.00021382261,4.8133283e-05,1.6155073e-09,4.6374646e-07,2,22.83102,1.0,False,0.0037170127,Test
2296,0,-6.371045,-3.7508225,1.9607625,-0.9866671,-0.38244307,1.0806413,-2.524197,-0.1380673,0.00014155537,0.0019447991,0.5880099,0.030855471,0.056460332,0.24386689,0.0066311895,0.0720899,2,8.86282,0.99985844,False,1.6767273,Test
2297,0,-18.794884,-12.422866,18.764807,1.0494777,-0.9220188,3.131576,-12.12432,-17.89093,4.8756523e-17,2.8534233e-14,0.99999976,2.0245597e-08,2.8191651e-09,1.6239561e-07,3.8461215e-14,1.2039676e-16,2,37.559692,1.0,False,4.5181487e-06,Test
2298,0,-14.430025,-9.430603,13.590117,0.32253942,-0.26405698,3.1949375,-9.800012,-13.146957,6.7763004e-13,1.0051092e-10,0.99996674,1.7296156e-06,9.620419e-07,3.057851e-05,6.946748e-11,2.4446747e-12,2,28.020174,1.0,False,0.00055891334,Test
2299,0,-11.5162325,-7.3917675,9.583966,0.7411559,-0.6881976,3.6777797,-6.931522,-11.111655,6.839774e-10,4.229351e-08,0.99710673,0.00014399845,3.4482422e-05,0.0027146721,6.701261e-08,1.0250556e-09,2,21.103096,1.0,False,0.029662162,Test
2300,1,-15.670943,-9.9046955,15.655471,-2.0319436,1.2854477,1.671843,-11.975775,-9.827112,2.4837656e-14,7.931596e-12,0.99999857,2.0818671e-08,5.7435153e-07,8.4525396e-07,9.99775e-13,8.571456e-12,2,25.560167,1.0,False,3.1555133e-05,Test
2301,0,-10.966747,-6.353303,11.075084,-3.6062887,1.8833168,-1.5192858,-9.384211,-0.34910727,2.674874e-10,2.6971007e-08,0.9998833,4.2063965e-07,0.00010186283,3.3906576e-06,1.3019403e-09,1.0926635e-05,2,22.041948,1.0,False,0.0017703344,Test
2302,1,-23.710625,-15.725862,25.554401,0.7792449,-0.83645797,3.8112695,-17.032064,-23.850342,4.0222682e-22,1.1808915e-18,1.0,1.7389474e-11,3.4561715e-12,3.6064335e-10,3.198407e-19,3.4977812e-22,2,41.280262,1.0,False,1.2066058e-08,Test
2303,0,-19.386787,-12.537252,19.091839,0.5890436,-0.3824781,3.896341,-13.2262125,-18.238937,1.945113e-17,1.8351015e-14,0.99999976,9.2116546e-09,3.4866732e-09,2.5158178e-07,9.214015e-15,6.129849e-17,2,38.478626,1.0,False,6.203116e-06,Test
2304,1,-14.481615,-9.295474,13.546909,0.20885895,-0.3525436,3.2591317,-9.571874,-13.450707,6.719711e-13,1.2013308e-10,0.9999634,1.6119153e-06,9.194504e-07,3.4045435e-05,9.112229e-11,1.8839463e-12,2,22.84242,1.0,False,0.00060756854,Test
2305,0,-15.116735,-9.4123745,14.721035,0.9288678,-1.1519111,2.7558465,-9.329574,-14.505316,1.10057e-13,3.3036206e-11,0.9999925,1.0236097e-06,1.2778031e-07,6.361817e-06,3.5888036e-11,2.0284013e-13,2,29.837778,1.0,False,0.00014394963,Test
2306,0,-6.864255,-3.5958052,0.7695966,-0.004198754,-1.0834006,-0.9214321,-1.4770733,3.0895574,3.999428e-05,0.001050673,0.08266803,0.03813138,0.012959587,0.015238178,0.008742209,0.84116995,7,10.126774,0.99996,False,0.9309163,Test
2307,0,-12.963061,-8.995084,13.578207,-0.14642233,0.06747313,1.5588496,-10.384147,-10.826612,2.9735164e-12,1.5723176e-10,0.99999154,1.0951295e-06,1.3563109e-06,6.0263674e-06,3.9199338e-11,2.5183603e-11,2,26.541275,1.0,False,0.00016483823,Test
2308,0,-20.731236,-13.281685,21.472044,-0.31877437,0.35363457,2.6699574,-14.861725,-17.553131,4.6919075e-19,8.0657823e-16,1.0,3.4384878e-10,6.7358286e-10,6.8290116e-09,1.6612839e-16,1.12611045e-17,2,42.203278,1.0,False,2.1657367e-07,Test
2309,0,-22.109089,-14.443611,23.925072,-0.042431034,0.1751656,2.4032767,-16.48533,-19.729435,1.017696e-20,2.1711646e-17,1.0,3.899832e-11,4.8478218e-11,4.499902e-10,2.8182929e-18,1.0992301e-19,2,46.03416,1.0,False,1.698145e-08,Test
2310,1,-22.594746,-14.656487,23.883331,0.40565076,-0.09200099,2.6077368,-16.226357,-20.316807,6.528714e-21,1.8296575e-17,1.0,6.364628e-11,3.8694166e-11,5.7560773e-10,3.807009e-18,6.369773e-20,2,38.539818,1.0,False,2.1161984e-08,Test
2311,0,-12.768104,-7.8357186,12.616659,0.073817864,-0.10060406,1.736647,-8.364023,-10.821465,9.452071e-12,1.3110956e-09,0.9999746,3.5702806e-06,2.9988291e-06,1.8830402e-05,7.730265e-10,6.621269e-11,2,25.384787,1.0,False,0.0004518955,Test
2312,0,-16.018719,-10.139495,16.171984,0.47493616,-0.37876213,2.204142,-10.870236,-14.531996,1.0465362e-14,3.7417088e-12,0.9999989,1.5235563e-07,6.4878726e-08,8.587026e-07,1.801823e-12,4.6283977e-14,2,32.190704,1.0,False,2.3851471e-05,Test
2313,0,-27.16295,-18.005468,28.792204,0.60654056,-0.14442377,3.8598464,-19.474897,-25.946419,5.000175e-25,4.7427386e-21,1.0,5.7427777e-13,2.7100793e-13,1.4859856e-11,1.0910993e-21,1.687786e-24,2,55.955154,1.0,False,5.691716e-10,Test
2314,0,-15.833547,-9.916282,16.469948,0.9441188,-1.024342,1.5729692,-10.598749,-14.872449,9.349122e-15,3.472206e-12,0.9999995,1.8080806e-07,2.5253783e-08,3.3909726e-07,1.7547452e-12,2.4443885e-14,2,32.303493,1.0,False,1.28352285e-05,Test
2315,0,-19.382265,-12.608894,20.898289,-0.71033907,0.66351026,1.4199668,-14.876276,-14.866142,3.2090532e-18,2.8055324e-15,1.0,4.12565e-10,1.6298476e-09,3.472743e-09,2.9060501e-16,2.9356547e-16,2,40.280556,1.0,False,1.5802976e-07,Test
2316,0,-11.677878,-7.9238,13.108779,0.04899415,-0.7414785,-0.3292944,-8.4823675,-9.582499,1.719054e-11,7.3394724e-10,0.99999547,2.1291464e-06,9.658452e-07,1.4585355e-06,4.198385e-10,1.3973392e-10,2,24.786661,1.0,False,9.4267656e-05,Test
2317,0,-7.901083,-5.335302,8.008115,-0.08558896,-0.63417995,1.0911642,-5.92779,-7.321271,1.2305036e-07,1.6009865e-06,0.9985267,0.00030500614,0.00017622142,0.0009893869,8.8526406e-07,2.1973136e-07,2,15.910672,0.9999999,False,0.017815357,Test
2318,0,-10.361665,-6.3240957,8.80073,-1.4524126,0.93043333,1.577198,-7.280318,-5.0679502,4.7575046e-09,2.6969542e-07,0.99885356,3.520616e-05,0.0003814833,0.00072838645,1.0365537e-07,9.4713226e-07,2,19.163542,1.0,False,0.014125353,Test
2319,0,-8.25951,-4.0831666,2.556804,-0.28735742,-1.0910324,-2.081199,-2.0438716,3.913002,4.0245964e-06,0.000262111,0.2005339,0.011667673,0.0052233906,0.0019405679,0.002014372,0.7783539,7,12.423086,0.99999595,False,0.89946336,Test
2320,0,-19.910418,-12.795273,20.992891,0.60836726,-0.42580912,1.9925282,-13.98647,-18.048328,1.7215462e-18,2.1183007e-15,1.0,1.4031819e-09,4.9885723e-10,5.600766e-09,6.4365907e-16,1.1081866e-17,2,40.90331,1.0,False,2.1020752e-07,Test
2321,0,-20.57209,-13.311851,21.742136,-0.3489973,0.39312547,3.144029,-15.048419,-18.416382,4.1991938e-19,5.973756e-16,1.0,2.5464947e-10,5.34863e-10,8.374233e-09,1.0521203e-16,3.625585e-18,2,42.314224,1.0,False,2.492821e-07,Test
2322,0,-10.661351,-7.5237503,5.051221,0.38614637,-0.5716504,6.471254,-5.716804,-11.66438,2.9126152e-08,6.713136e-07,0.1941629,0.0018287327,0.0007017529,0.8033018,4.0895216e-06,1.0682507e-08,5,17.35163,1.0,False,0.7370337,Test
2323,0,-7.8585806,-4.416295,5.665531,-1.7700962,0.31145126,-0.78862286,-4.566281,0.9605947,1.3171939e-06,4.1173265e-05,0.98423046,0.0005805569,0.004654248,0.0015491495,3.543868e-05,0.008907766,2,13.540007,0.9999987,False,0.14114717,Test
2324,0,-20.971806,-13.8681,22.644644,0.10933288,-0.04571418,2.5088415,-15.723609,-19.279142,1.1418723e-19,1.3890451e-16,1.0,1.6331983e-10,1.3986308e-10,1.7994168e-09,2.1721007e-17,6.204846e-19,2,43.616447,1.0,False,6.216099e-08,Test
2325,0,-20.414486,-13.004477,21.303158,0.5086683,-0.32560453,2.651876,-14.1206,-18.786047,7.62531e-19,1.2600406e-15,1.0,9.3125413e-10,4.0434073e-10,7.9405655e-09,4.1272117e-16,3.8857996e-18,2,41.717644,1.0,False,2.5422037e-07,Test
2326,0,-10.267231,-5.9098725,8.292437,-2.0215218,1.1277598,-0.04972937,-7.0330772,-1.5883622,8.69286e-09,6.78484e-07,0.9989042,3.3130556e-05,0.0007725815,0.00023799465,2.2066719e-07,5.109138e-05,2,18.560764,1.0,False,0.013672088,Test
2327,0,-6.574975,-3.585392,5.3415337,-1.9856222,0.051551834,-1.3505224,-3.9215207,1.3756459,6.509169e-06,0.0001293853,0.97453964,0.00064070197,0.004913484,0.0012091396,9.244987e-05,0.018468698,2,11.942299,0.9999935,False,0.20183624,Test
2328,0,-5.910719,-3.603472,1.0102059,-0.88789433,-0.52871,1.3994846,-2.2359006,0.080718584,0.0003004344,0.003018383,0.30441713,0.04561783,0.06533207,0.4492941,0.011849579,0.12017051,5,8.110281,0.9996996,False,1.973247,Test
2329,0,-19.874613,-12.754701,20.93223,0.32821858,-0.2746519,3.6961267,-14.171235,-19.571735,1.895891e-18,2.343967e-15,1.0,1.1266564e-09,6.1654953e-10,3.269306e-08,5.6853656e-16,2.5665545e-18,2,40.806843,1.0,False,8.653136e-07,Test
2330,0,-17.927147,-11.348417,18.667208,1.0850435,-1.1058125,2.214367,-11.934494,-17.333567,1.2801902e-16,9.212545e-14,0.9999999,2.3129317e-08,2.5863456e-09,7.155203e-08,5.1268397e-14,2.317727e-16,2,36.594353,1.0,False,2.4448582e-06,Test
2331,0,-14.093909,-9.459184,12.23034,-0.32126996,0.5721034,4.29012,-9.933109,-12.653121,3.6928685e-12,3.8036416e-10,0.99963176,3.5378962e-06,8.644349e-06,0.000355997,2.3679728e-10,1.5598767e-11,2,26.324617,1.0,False,0.0048188013,Test
2332,0,-13.691436,-8.69682,12.52312,-0.70745355,0.43151292,2.2969146,-9.002518,-9.672464,4.122343e-12,6.0852456e-10,0.99995637,1.7947995e-06,5.6061253e-06,3.620731e-05,4.4824452e-10,2.2938325e-10,2,26.2146,1.0,False,0.0007292189,Test
2333,0,-24.285723,-15.4608,26.162624,0.6737721,-0.7254831,2.7760603,-16.949118,-22.953548,1.2318573e-22,8.3786954e-19,1.0,8.517898e-12,2.1020516e-12,6.9717884e-11,1.8915122e-19,4.6678533e-22,2,50.44835,1.0,False,2.7470264e-09,Test
2334,0,-13.468408,-8.230548,13.094479,-0.74796,0.52001697,1.8625265,-9.4178295,-9.642942,2.9098985e-12,5.47836e-10,0.99998236,9.73414e-07,3.459178e-06,1.32439545e-05,1.6711721e-10,1.3343072e-10,2,26.562902,1.0,False,0.000322282,Test
2335,0,-19.790897,-12.374191,20.685987,0.049771413,-0.30507314,2.983172,-13.490931,-18.820797,2.6370179e-18,4.386781e-15,1.0,1.0909519e-09,7.65065e-10,2.0500512e-08,1.4359955e-15,6.957006e-18,2,40.476883,1.0,False,5.7922705e-07,Test
2336,0,-13.223153,-8.583629,12.348288,0.17727202,-0.07203607,3.4092922,-9.197198,-12.348581,7.841569e-12,8.1156576e-10,0.9998596,5.177666e-06,4.0351633e-06,0.00013115433,4.3939302e-10,1.8802914e-11,2,25.571583,1.0,False,0.0020571814,Test
2337,0,-20.714478,-13.371766,22.013699,0.43440172,-0.15136094,2.0085452,-14.988788,-18.402931,2.7758046e-19,4.2883317e-16,1.0,4.2484527e-10,2.3650304e-10,2.0505584e-09,8.5118506e-17,2.800791e-18,2,42.728176,1.0,False,7.9971066e-08,Test
2338,0,-13.55462,-8.473452,14.329735,-0.8672683,0.38675922,1.397635,-10.318133,-10.7326355,7.76207e-13,1.2493971e-10,0.99999654,2.512024e-07,8.803208e-07,2.4191272e-06,1.9749903e-11,1.3048163e-11,2,27.884357,1.0,False,7.3514224e-05,Test
2339,0,-16.079136,-10.193983,16.246359,-0.19888227,0.23387593,2.543104,-11.402059,-13.559075,9.145686e-15,3.28931e-12,0.9999987,7.2097734e-08,1.1113892e-07,1.1187976e-06,9.827519e-13,1.1367459e-13,2,32.325493,1.0,False,2.828817e-05,Test
2340,0,-9.433728,-5.7467256,7.8874536,-0.8952133,0.6376024,1.4397213,-6.2173586,-4.8552465,2.995313e-08,1.1958793e-06,0.9975533,0.00015299323,0.0007085422,0.0015802351,7.469539e-07,2.91643e-06,2,17.323631,0.99999994,False,0.027676195,Test
2341,0,-17.283066,-11.285288,17.02709,0.69747716,-0.15409221,2.649831,-11.725544,-15.174985,1.2568619e-15,5.0592977e-13,0.9999994,8.093549e-08,3.4538765e-08,5.702107e-07,3.2575377e-13,1.03470335e-14,2,34.310158,1.0,False,1.5622092e-05,Test
2342,0,-10.547215,-7.2156763,6.6040726,0.22592485,-0.4045397,5.7769647,-6.2131906,-11.79215,2.4714558e-08,6.9154663e-07,0.6944839,0.0011794183,0.00062785676,0.3037063,1.8844983e-06,7.116801e-09,2,17.515873,1.0,False,0.90563947,Test
2343,1,-21.146717,-13.535388,22.428478,0.77395236,-0.50283796,2.0137382,-14.809615,-19.335835,1.1899621e-19,2.4048663e-16,1.0,3.9405693e-10,1.09914716e-10,1.3614172e-09,6.7251365e-17,7.277621e-19,2,35.963867,1.0,False,5.604379e-08,Test
2344,0,-7.0114727,-4.3980956,2.6042733,-0.5528129,-0.4246362,2.5568833,-3.080051,-3.3572028,3.2497155e-05,0.00044342523,0.48742813,0.020739844,0.023576098,0.4648677,0.0016566849,0.0012556665,2,10.334358,0.9999675,False,1.295324,Test
2345,0,-22.542883,-14.519374,23.946781,0.14883512,0.13523918,2.4269166,-16.33793,-19.555422,6.453514e-21,1.9695213e-17,1.0,4.620436e-11,4.5580435e-11,4.5085966e-10,3.1957376e-18,1.2800663e-19,2,46.489662,1.0,False,1.714982e-08,Test
2346,0,-9.578544,-5.81984,5.3669486,-0.24883059,0.0053126104,1.9189417,-5.011952,-4.7828903,3.1054714e-07,1.3320226e-05,0.96132916,0.0034992108,0.0045117303,0.030578893,2.987947e-05,3.757101e-05,2,14.98493,0.9999997,False,0.27347857,Test
2347,0,-16.457993,-10.348977,17.368723,-1.328659,0.9290765,1.1245697,-12.459015,-11.758171,2.038191e-15,9.169704e-13,0.99999976,7.582808e-09,7.250242e-08,8.815632e-08,1.1116753e-13,2.240529e-13,2,33.826714,1.0,False,4.248112e-06,Test
2348,0,-23.29789,-15.098886,25.075756,0.74495196,-0.6587988,1.7247635,-16.127491,-21.289783,9.808274e-22,3.5675928e-18,1.0,2.7118504e-11,6.662314e-12,7.224253e-11,1.2754315e-18,7.3063765e-21,2,48.373646,1.0,False,3.632997e-09,Test
2349,0,-7.32146,-4.0850854,5.7905045,-2.408959,0.79129916,-1.131497,-5.1168065,1.6157148,1.9745944e-06,5.02363e-05,0.9770833,0.00026850362,0.0065887705,0.0009632624,1.7903867e-05,0.015026007,2,13.135148,0.99999803,False,0.18529823,Test
2350,0,-8.650853,-4.782485,8.335468,-2.0479338,0.60430926,-1.4780992,-6.113101,-0.362636,4.194049e-08,2.0074465e-06,0.99930656,3.0920364e-05,0.00043863064,5.4666427e-05,5.3059705e-07,0.00016678624,2,16.987015,0.99999994,False,0.009273486,Test
2351,0,-16.871044,-10.694549,17.667936,-0.23516926,0.014118068,0.9224398,-11.665926,-13.049447,9.997978e-16,4.812045e-13,0.9999999,1.677955e-08,2.1530006e-08,5.339777e-08,1.821652e-13,4.5667727e-14,2,34.53898,1.0,False,2.3577823e-06,Test
2352,0,-10.815168,-6.4999146,10.184524,-1.1093694,1.0003816,1.4175671,-7.8556213,-6.6082673,7.582849e-10,5.6744355e-08,0.9997291,1.2445346e-05,0.00010262664,0.00015575485,1.4626706e-08,5.091734e-08,2,20.999962,1.0,False,0.0039266273,Test
2353,0,-25.397795,-16.395458,27.560247,0.63787824,-0.6525939,2.322068,-17.543266,-23.879534,1.001416e-23,8.133555e-20,1.0,2.0312515e-12,5.588803e-13,1.0944543e-11,2.581024e-20,4.570744e-23,2,52.958042,1.0,False,5.00145e-10,Test
2354,0,-21.051443,-13.264071,22.69636,-0.43082103,0.2643176,1.1885734,-14.959269,-17.077398,1.0013149e-19,2.413146e-16,1.0,9.036355e-11,1.8108742e-10,4.5633872e-10,4.4296402e-17,5.3269228e-18,2,43.747803,1.0,False,2.3035309e-08,Test
2355,0,-15.632463,-9.8752365,15.299547,-0.10654374,0.17466666,3.042183,-10.792571,-13.45185,3.6846496e-14,1.1660792e-11,0.99999475,2.0380627e-07,2.6998862e-07,4.749983e-06,4.6594555e-12,3.2615574e-13,2,30.932016,1.0,False,0.000101900034,Test
2356,0,-13.507246,-9.212309,13.418723,0.04870276,-0.055361297,2.5965312,-10.114843,-12.090232,2.0239075e-12,1.4840829e-10,0.9999771,1.5612203e-06,1.40692e-06,1.9951323e-05,6.018557e-11,8.348177e-12,2,26.925991,1.0,False,0.00040199404,Test
2357,0,-7.206071,-5.3357215,8.289808,0.4821716,-1.0012271,1.0138005,-6.023105,-8.637383,1.8608333e-07,1.2077851e-06,0.9988086,0.00040613342,9.213757e-05,0.0006911182,6.073832e-07,4.4472948e-08,2,15.497071,0.9999998,False,0.014825785,Test
2358,0,-21.026768,-13.788719,22.103342,0.15039903,0.091116905,2.1092257,-15.277616,-17.702915,1.8570794e-19,2.5839058e-16,1.0,2.9238673e-10,2.7555713e-10,2.0733175e-09,5.829831e-17,5.1565745e-18,2,43.13011,1.0,False,7.7816864e-08,Test
2359,0,-13.523351,-8.596474,14.395995,-0.4938754,-0.05326746,0.9179695,-9.988925,-10.649165,7.495165e-13,1.0339422e-10,0.99999774,3.4151546e-07,5.30596e-07,1.4014156e-06,2.568992e-11,1.3274681e-11,2,27.919348,1.0,False,4.8919617e-05,Test
2360,0,-23.911781,-15.8663845,24.582714,1.2419006,-0.47749174,3.678875,-16.767607,-22.409874,8.691771e-22,2.7113183e-18,1.0,7.2981676e-11,1.3076486e-11,8.347915e-10,1.1009933e-18,3.9028183e-21,2,48.494495,1.0,False,2.8105859e-08,Test
2361,0,-23.477919,-15.523194,25.20491,0.17236269,0.11935285,1.2964278,-17.14187,-19.16458,7.1997136e-22,2.0512063e-18,1.0,1.344321e-11,1.2749132e-11,4.1369318e-11,4.0646916e-19,5.3774285e-20,2,48.68283,1.0,False,2.3738314e-09,Test
2362,0,-24.645746,-15.826365,26.243713,0.16587627,0.16275978,2.9234555,-17.69321,-22.320395,7.9248184e-23,5.360391e-19,1.0,4.726496e-12,4.7117883e-12,7.449738e-11,8.287745e-20,8.107279e-22,2,50.889458,1.0,False,2.861503e-09,Test
2363,0,-9.303015,-5.1875467,6.736681,-1.7075539,0.55030733,-0.5038582,-5.5711184,-0.0069665574,1.0770541e-07,6.600283e-06,0.9958384,0.00021424182,0.0020487118,0.0007139416,4.497587e-06,0.0011734375,2,16.043865,0.9999999,False,0.045981266,Test
2364,0,-10.639416,-6.5242424,9.254888,0.6295774,-0.55070204,2.639094,-6.529622,-9.81657,2.2873428e-09,1.4012895e-07,0.99842846,0.00017922246,5.505585e-05,0.0013369479,1.3937712e-07,5.2082094e-09,2,19.895876,1.0,False,0.01804515,Test
2365,0,-1.9324071,-3.5962617,4.1194,0.39230204,-1.6361269,0.09487274,-4.0514183,-7.484962,0.0022453964,0.0004252949,0.9540247,0.02295628,0.0030197152,0.017050209,0.0002697853,8.706608e-06,2,6.098873,0.9977546,False,0.34307382,Test
2366,0,-8.049807,-5.0580764,3.2735903,-0.29149535,-0.38126352,3.0970256,-3.6717868,-4.5661726,6.3819157e-06,0.00012712846,0.5280071,0.014939729,0.013657051,0.44254625,0.0005085114,0.00020790938,2,11.962042,0.9999936,False,1.1920308,Test
2367,0,-23.777258,-15.289915,25.756422,-0.15613022,0.38495123,1.6435963,-17.273209,-20.267744,3.0746532e-22,1.4921149e-18,1.0,5.5759867e-12,9.578775e-12,3.3723527e-11,2.0533738e-19,1.0279184e-20,2,49.53368,1.0,False,1.7322226e-09,Test
2368,0,-17.789299,-11.4371,18.064934,0.5851248,-0.4576397,3.4275537,-12.438824,-17.253374,2.6835168e-16,1.5396767e-13,0.9999995,2.5622134e-08,9.03126e-09,4.396086e-07,5.6543962e-14,4.586215e-16,2,35.854233,1.0,False,1.0858753e-05,Test
2369,0,-15.371235,-9.62213,15.63388,0.090562746,-0.15871365,2.2226782,-10.429843,-13.714074,3.424906e-14,1.07511135e-11,0.9999982,1.7767343e-07,1.384724e-07,1.4982643e-06,4.793672e-12,1.7961592e-13,2,31.005117,1.0,False,3.8708287e-05,Test
2370,0,-22.206778,-14.037616,23.410778,0.2613482,-0.12284477,2.236647,-15.309987,-19.53171,1.5436476e-20,5.449652e-17,1.0,8.837524e-11,6.018351e-11,6.370765e-10,1.5268128e-17,2.2403388e-19,2,45.617554,1.0,False,2.4456158e-08,Test
2371,0,-8.883574,-5.5900493,5.7801056,-0.015127407,-0.4464228,3.3909492,-4.5007586,-7.3492165,3.904164e-07,1.0516889e-05,0.91176516,0.00277361,0.0018019228,0.083615266,3.125793e-05,1.8108849e-06,2,14.756052,0.9999996,False,0.46152756,Test
2372,0,-8.806523,-4.7245374,6.694799,-0.27325478,-0.42350787,-0.15775712,-4.5318394,-3.0672107,1.8476001e-07,1.0949436e-05,0.9971179,0.00093876995,0.00080780254,0.0010537052,1.3276366e-05,5.7432746e-05,2,15.504209,0.9999998,False,0.033522535,Test
2373,0,-18.244822,-12.125288,17.675077,0.7816694,-0.4435151,4.8594737,-12.396523,-18.400614,2.5129562e-16,1.142522e-13,0.99999726,4.605587e-08,1.3526758e-08,2.7180224e-06,8.7110013e-14,2.1504292e-16,2,35.919903,1.0,False,5.5685214e-05,Test
2374,0,-9.630639,-5.7991824,8.174249,-0.92645603,0.317909,1.1776739,-5.8391066,-4.7233615,1.8485025e-08,8.527088e-07,0.9985839,0.00011142908,0.00038674055,0.0009137149,8.1933536e-07,2.5004827e-06,2,17.806305,1.0,False,0.017194603,Test
2375,1,-19.866982,-13.28023,21.647467,-0.31883362,0.45991355,2.3303254,-15.330243,-17.629686,9.343367e-19,6.777886e-16,1.0,2.8850722e-10,6.2858274e-10,4.0801154e-09,8.7253784e-17,8.752844e-18,2,34.927696,1.0,False,1.4206472e-07,Test
2376,0,-1.1759768,-2.7023044,1.5928901,0.8549237,-1.9803944,-0.63528407,-2.3334272,-4.648175,0.036645174,0.007964181,0.5841447,0.27927092,0.016393159,0.06292695,0.011517084,0.0011377854,2,3.3064735,0.9633548,False,1.6309417,Test
2377,0,-18.761024,-12.128955,19.456367,0.59643096,-0.27648443,2.5104,-13.415362,-17.198378,2.5257919e-17,1.9172042e-14,1.0,6.445164e-09,2.692351e-09,4.369786e-08,5.2964966e-15,1.2051626e-16,2,38.217392,1.0,False,1.3203347e-06,Test
2378,0,-17.224653,-10.900254,17.841911,0.66076297,-0.6191494,1.882643,-11.817942,-15.657375,5.8990715e-16,3.291823e-13,0.9999999,3.453997e-08,9.6042365e-09,1.1721351e-07,1.3148902e-13,2.8277733e-15,2,35.066566,1.0,False,4.154694e-06,Test
2379,0,-8.8789215,-5.4183435,5.7901564,0.049292676,-0.6149148,2.5045006,-4.6196265,-6.226874,4.085965e-07,1.30078215e-05,0.95938784,0.0030815466,0.0015860143,0.035896495,2.8912333e-05,5.795142e-06,2,14.710538,0.9999996,False,0.27090216,Test
2380,0,-12.538232,-8.654509,14.106008,-0.37087783,0.08406,1.469859,-10.422486,-11.584368,2.6825746e-12,1.3038601e-10,0.99999535,5.1613864e-07,8.1347343e-07,3.2522837e-06,2.2254018e-11,6.9632074e-12,2,26.644243,1.0,False,9.315227e-05,Test
2381,0,-17.003265,-11.062476,18.257128,-0.06519103,0.08577028,1.8671997,-12.605562,-15.016051,4.859668e-16,1.8478136e-13,0.9999999,1.1033618e-08,1.2831558e-08,7.619813e-08,3.9491536e-14,3.5452128e-15,2,35.26039,1.0,False,2.5158029e-06,Test
2382,0,-8.621588,-5.1458907,7.3322997,-1.1693401,0.5165433,0.5394308,-5.839087,-2.882227,1.1755629e-07,3.7994619e-06,0.9975424,0.00020263565,0.0010936692,0.001118989,1.8996378e-06,3.654421e-05,2,15.956348,0.9999999,False,0.028401492,Test
2383,0,-15.504778,-9.677043,16.201841,-0.7435534,0.3557179,1.6903384,-11.350234,-12.061763,1.6982042e-14,5.7669134e-12,0.9999993,4.372284e-08,1.3125492e-07,4.985789e-07,1.0821459e-12,5.31218e-13,2,31.70662,1.0,False,1.553979e-05,Test
2384,0,-17.423256,-11.03406,18.045506,0.45654368,-0.32749578,1.8632066,-11.937216,-15.293799,3.9455957e-16,2.3491205e-13,0.9999999,2.2972621e-08,1.0488345e-08,9.3781445e-08,9.520714e-14,3.3183591e-15,2,35.46876,1.0,False,3.2223825e-06,Test
2385,1,-20.488234,-13.091169,21.719795,-0.515763,0.43188274,1.8177674,-14.990242,-16.655863,4.669659e-19,7.6170947e-16,1.0,2.2040429e-10,5.685611e-10,2.273314e-09,1.1403374e-16,2.1560772e-17,2,34.810966,1.0,False,8.980471e-08,Test
2386,1,-18.664806,-12.023708,19.1174,0.5869593,-0.21360381,2.9478223,-13.289928,-17.210005,3.9029895e-17,2.9894327e-14,0.9999999,8.960503e-09,4.0239443e-09,9.4982155e-08,8.427082e-15,1.6718943e-16,2,31.141108,1.0,False,2.739477e-06,Test
2387,0,-16.32592,-10.280721,16.082949,-1.2890427,0.82961243,2.9658988,-11.735582,-13.157735,8.4140865e-15,3.5514235e-12,0.99999774,2.8538997e-08,2.37443e-07,2.0106502e-06,8.29019e-13,1.9995446e-13,2,32.40887,1.0,False,4.7257607e-05,Test
2388,0,-23.89296,-15.617208,25.791208,1.0177217,-0.7016817,2.4515011,-17.048176,-22.880365,2.6450928e-22,1.0388507e-18,1.0,1.741852e-11,3.1209321e-12,7.306246e-11,2.4836537e-19,7.28122e-22,2,49.684166,1.0,False,3.2019987e-09,Test
2389,0,-25.660385,-17.063055,28.727089,0.9208294,-1.0253376,0.9651379,-18.594776,-24.227528,2.3978398e-24,1.2989497e-20,1.0,8.392572e-13,1.198631e-13,8.772789e-13,2.807858e-21,1.0048523e-23,2,54.387474,1.0,False,7.394937e-11,Test
2390,0,-19.803432,-12.686662,21.56286,-0.42772225,0.24995674,1.8974087,-14.855732,-16.978607,1.0835436e-18,1.3354298e-15,1.0,2.8158595e-10,5.545277e-10,2.8800704e-09,1.526179e-16,1.8266447e-17,2,41.366295,1.0,False,1.0769541e-07,Test
2391,0,-10.880928,-7.337451,8.245399,-0.49517682,0.6689523,4.1347175,-7.5682106,-9.442542,4.8550195e-09,1.6792043e-07,0.98321724,0.00015727701,0.00050377933,0.016121408,1.333171e-07,2.0458494e-08,2,19.143253,1.0,False,0.12752256,Test
2392,0,-20.129858,-13.274806,21.054718,-0.46727186,0.558575,2.9087381,-15.128716,-17.73598,1.2994664e-18,1.2327549e-15,1.0,4.4990267e-10,1.2549836e-09,1.31613564e-08,1.9307875e-16,1.423689e-17,2,41.184578,1.0,False,3.9563156e-07,Test
2393,0,-20.56274,-13.584157,20.245512,0.54071915,0.05244127,3.8401437,-14.24766,-18.534378,1.8932239e-18,2.0321743e-15,0.9999999,2.7689653e-09,1.6992625e-09,7.503067e-08,1.0466605e-15,1.4391527e-17,2,40.80825,1.0,False,1.990033e-06,Test
2394,0,-16.968435,-10.602502,16.875692,-0.24873763,0.16457887,3.4546137,-11.639844,-15.25693,2.003002e-15,1.1651203e-12,0.99999845,3.655561e-08,5.5265637e-08,1.4835389e-06,4.1291327e-13,1.1091212e-14,2,33.844128,1.0,False,3.319642e-05,Test
2395,0,-12.841463,-8.316501,11.121986,-0.51413125,0.5460752,3.041105,-8.522576,-9.713408,3.9143248e-11,3.6126229e-09,0.9996563,8.8378965e-06,2.5514715e-05,0.00030929194,2.939855e-09,8.9362084e-10,2,23.963793,1.0,False,0.004639504,Test
2396,0,-10.298912,-6.6701126,8.075422,-0.19978653,0.19977704,2.3832095,-6.690433,-7.416975,1.0432561e-08,3.9296918e-07,0.9960083,0.00025373802,0.0003783674,0.0033586614,3.8506428e-07,1.8620884e-07,2,18.378334,1.0,False,0.040701464,Test
2397,0,-21.148869,-13.536325,21.893105,0.81838685,-0.48397553,3.3079824,-14.622413,-20.01197,2.0281897e-19,4.103882e-16,1.0,7.036652e-10,1.9131861e-10,8.483683e-09,1.3851982e-16,6.3220385e-19,2,43.041973,1.0,False,2.5504104e-07,Test
2398,1,-6.4164085,-3.6825838,4.0348296,-1.537231,0.19696157,-0.16589502,-3.7010503,0.48106703,2.7024647e-05,0.00041595392,0.93470657,0.0035543495,0.02013309,0.014006311,0.0004083432,0.026748275,2,7.784936,0.999584,False,0.4690791,Test
2399,0,-22.692186,-14.6665535,24.470442,-0.11688829,0.045580115,2.4515219,-16.43295,-20.40144,3.2925383e-21,1.0069774e-17,1.0,2.0982553e-11,2.4684099e-11,2.737185e-10,1.7214082e-18,3.253796e-20,2,47.16263,1.0,False,1.0309206e-08,Test
2400,0,-19.647799,-12.553827,20.589533,0.6644778,-0.45134336,2.5421026,-13.815272,-18.1075,3.3508038e-18,4.0366545e-15,1.0,2.2215636e-09,7.278862e-10,1.4524485e-08,1.143361e-15,1.5634792e-17,2,40.23733,1.0,False,4.6412927e-07,Test
2401,0,-23.19644,-15.478845,24.87546,0.9257869,-0.6629029,2.2890916,-16.562613,-21.988613,1.3262926e-21,2.9809033e-18,1.0,3.969989e-11,8.106438e-12,1.5519037e-10,1.0084953e-18,4.4380372e-21,2,48.0719,1.0,False,6.727303e-09,Test
2402,0,-18.632177,-11.537355,19.20229,0.25414267,-0.24172182,3.1653082,-12.756021,-17.321867,3.7042524e-17,4.4662367e-14,0.9999999,5.900983e-09,3.5939578e-09,1.0844944e-07,1.3203304e-14,1.3732864e-16,2,37.834465,1.0,False,2.9432515e-06,Test
2403,0,-15.666291,-10.547837,16.144197,0.10243504,0.1883394,3.3246927,-11.940248,-14.920089,1.5306595e-14,2.557378e-12,0.999997,1.07931804e-07,1.17613595e-07,2.7074382e-06,6.354462e-13,3.2281303e-14,2,31.810493,1.0,False,5.94921e-05,Test
2404,1,-17.46438,-11.975107,19.555754,-0.8050295,0.698367,1.067877,-14.423418,-14.073662,8.3629614e-17,2.0245155e-14,1.0,1.436893e-09,6.4616086e-09,9.350118e-09,1.7499804e-15,2.4827306e-15,2,31.53086,1.0,False,4.6738984e-07,Test
2405,0,-16.921965,-10.636411,17.675694,0.6994328,-0.59937364,1.6666785,-11.635355,-15.207453,9.428199e-16,5.06069e-13,0.9999999,4.2393903e-08,1.1567498e-08,1.1152531e-07,1.8636885e-13,5.2363683e-15,2,34.597656,1.0,False,4.2630704e-06,Test
2406,0,-21.585562,-13.750124,24.22613,-3.3964622,2.1674716,-1.462532,-17.948309,-11.088357,1.2712626e-20,3.214568e-17,1.0,1.0084658e-12,2.6305483e-10,6.97519e-12,4.829188e-19,4.6037633e-16,2,45.81169,1.0,False,8.670156e-09,Test
2407,0,-6.814151,-4.5883894,-0.9510421,-0.18989068,-1.0093718,3.2757893,-2.0708218,-1.3019613,3.859669e-05,0.00035742583,0.0135789355,0.029068971,0.012809539,0.930155,0.004431509,0.009560122,5,10.162344,0.9999614,False,0.5137328,Test
2408,0,-14.805398,-9.610333,13.911249,0.4661041,-0.37084973,3.7194464,-9.591714,-13.939664,3.3767664e-13,6.091004e-11,0.9999604,1.4482072e-06,6.271135e-07,3.7474772e-05,6.205478e-11,8.02573e-13,2,28.716688,1.0,False,0.0006490468,Test
2409,0,-8.64849,-6.096549,3.6358724,-0.48098537,0.26654878,5.064632,-4.787249,-7.5839815,8.8495796e-07,1.1355768e-05,0.19140497,0.003119067,0.006586801,0.7988323,4.2056974e-05,2.5658592e-06,5,13.937726,0.9999991,False,0.789966,Test
2410,0,-24.735012,-15.807469,26.654325,0.30763558,-0.4850031,2.7054727,-17.005615,-23.314259,4.8072322e-23,3.623067e-19,1.0,3.6122537e-12,1.6350823e-12,3.9732464e-11,1.093271e-19,1.990309e-22,2,51.389336,1.0,False,1.5741144e-09,Test
2411,0,-14.131575,-9.04519,13.067977,-0.27897775,0.30192226,3.5378127,-9.156992,-12.181505,1.539401e-12,2.4908076e-10,0.9999229,1.5975626e-06,2.855875e-06,7.262206e-05,2.2273351e-10,1.082072e-11,2,27.199627,1.0,False,0.0011930565,Test
2412,0,-11.609707,-7.036993,10.811563,-0.9159325,0.676482,1.5996609,-7.884979,-7.24096,1.8302174e-10,1.7717657e-08,0.9998523,8.067694e-06,3.9657596e-05,9.9829245e-05,7.58807e-09,1.444857e-08,2,22.421415,1.0,False,0.0022570663,Test
2413,0,-14.834833,-9.564345,13.667645,0.21224728,-0.10020295,3.8409748,-9.991758,-13.678763,4.1831734e-13,8.136732e-11,0.9999435,1.433409e-06,1.0487574e-06,5.3989166e-05,5.3067245e-11,1.3291715e-12,2,28.502537,1.0,False,0.0008954957,Test
2414,0,-19.351133,-12.266374,19.999172,0.5559096,-0.18603663,2.8602085,-13.5142,-17.877518,8.1354255e-18,9.7107304e-15,1.0,3.5966532e-09,1.7126751e-09,3.6028204e-08,2.7882163e-15,3.5510973e-17,2,39.350304,1.0,False,1.0416084e-06,Test
2415,0,-7.829772,-4.8334184,4.0628295,-0.21901442,-0.24272941,2.8734477,-3.9422047,-4.8740525,5.134493e-06,0.000102753635,0.7505654,0.01037068,0.0101276385,0.22847916,0.00025052222,9.8662014e-05,2,12.179529,0.9999949,False,0.93854594,Test
2416,0,-17.51958,-11.165406,17.715801,-0.6505041,0.7956642,2.648192,-12.890503,-14.334427,4.9827364e-16,2.864516e-13,0.99999976,1.0558796e-08,4.4841237e-08,2.8590392e-07,5.1032973e-14,1.2043777e-14,2,35.235382,1.0,False,8.1053095e-06,Test
2417,0,-18.652729,-12.210159,19.88096,0.3256995,-0.09002209,2.0824006,-13.924463,-16.811954,1.840901e-17,1.1561245e-14,1.0,3.2155687e-09,2.1218414e-09,1.862876e-08,2.0820493e-15,1.1600286e-16,2,38.53369,1.0,False,6.302011e-07,Test
2418,0,-24.585209,-15.912083,26.139397,0.57716334,-0.61912787,1.593485,-16.327845,-21.342714,9.345095e-23,5.46103e-19,1.0,7.915225e-12,2.3928789e-12,2.1869858e-11,3.6033983e-19,2.392115e-21,2,50.724606,1.0,False,1.1587384e-09,Test
2419,1,3.1547413,-2.3206294,-0.89556974,2.0679202,-3.012294,-1.2177352,-1.8528695,-5.9678807,0.72442454,0.0030343803,0.01261727,0.24433899,0.001519441,0.0091422,0.004844126,7.908406e-05,0,5.797748,0.99696565,False,1.0531273,Test
2420,0,-7.3606462,-3.776836,4.51325,-1.5270857,0.0777396,-1.3191049,-3.7241857,2.3836212,6.1325118e-06,0.00022083466,0.8798442,0.0020946977,0.010425291,0.0025789705,0.00023277324,0.10459714,2,12.001906,0.99999386,False,0.6182239,Test
2421,0,-23.635542,-14.965631,24.968596,-2.5643609,1.9341146,0.91619176,-18.060232,-15.773249,7.7891727e-22,4.5371754e-18,1.0,1.1030335e-12,9.91407e-11,3.582395e-11,2.0550272e-19,2.0232143e-18,2,48.604137,1.0,False,4.581533e-09,Test
2422,0,-19.984652,-12.831993,21.06321,0.075523056,0.05044881,2.341627,-14.580675,-17.435595,1.4898455e-18,1.9032705e-15,1.0,7.6765083e-10,7.4864204e-10,7.4015056e-09,3.3117564e-16,1.9062622e-17,2,41.04786,1.0,False,2.4585e-07,Test
2423,1,-19.233652,-12.501915,20.236994,0.32436588,-0.12597969,2.4890673,-13.912727,-17.450964,7.213006e-18,6.0488584e-15,1.0,2.2493418e-09,1.4337476e-09,1.9596268e-08,1.4755889e-15,4.2887224e-17,2,32.738907,1.0,False,6.0849857e-07,Test
2424,0,-17.052368,-11.079154,17.262196,0.01994127,0.34580874,3.12492,-12.811698,-15.066302,1.2513362e-15,4.914819e-13,0.9999993,3.249255e-08,4.5009678e-08,7.248679e-07,8.69107e-14,9.11824e-15,2,34.314564,1.0,False,1.7894876e-05,Test
2425,0,-13.788672,-8.527743,13.919323,-0.06957163,-0.046083692,2.391573,-9.609306,-12.407254,9.25902e-13,1.7838467e-10,0.99998844,8.4080506e-07,8.607877e-07,9.852734e-06,6.048408e-11,3.6856e-12,2,27.708008,1.0,False,0.0002148634,Test
2426,0,-10.694547,-6.5164895,10.746338,-0.68675345,0.16933823,0.17492545,-7.929343,-5.9328704,4.8788285e-10,3.1828968e-08,0.9999379,1.0830403e-05,2.5494142e-05,2.5636995e-05,7.748674e-09,5.7053818e-08,2,21.440947,1.0,False,0.00105066,Test
2427,0,-9.229771,-5.705836,7.7301655,-0.4768218,0.23504917,2.5773313,-6.482282,-7.6502256,4.2808534e-08,1.4519646e-06,0.9934295,0.00027094912,0.0005521403,0.0057449955,6.6795815e-07,2.07739e-07,2,16.966528,0.99999994,False,0.061444532,Test
2428,0,-24.292007,-15.330217,25.988613,0.43525782,-0.24327771,2.9142835,-17.242994,-22.461948,1.4568134e-22,1.1362113e-18,1.0,7.9857995e-12,4.0516713e-12,9.526779e-11,1.6778467e-19,9.082146e-22,2,50.28062,1.0,False,3.6191266e-09,Test
2429,0,-14.87603,-9.328131,13.8064995,0.23431742,-0.20517759,4.06464,-9.921745,-14.464807,3.4938906e-13,8.9687376e-11,0.9999391,1.2754103e-06,8.218255e-07,5.876757e-05,4.9536777e-11,5.2711064e-13,2,28.68259,1.0,False,0.0009553414,Test
2430,0,-20.259958,-13.288561,21.70087,0.7028257,-0.52213633,1.5864245,-14.432835,-18.276007,5.979196e-19,6.3720944e-16,1.0,7.5973994e-10,2.2318787e-10,1.8382595e-09,2.02923e-16,4.3477407e-18,2,41.96083,1.0,False,8.3515545e-08,Test
2431,0,-14.84771,-9.063982,15.021782,-0.09867753,0.03335015,2.205954,-10.47633,-12.64426,1.066211e-13,3.4648482e-11,0.99999666,2.7118546e-07,3.0946055e-07,2.7174092e-06,8.439357e-12,9.655817e-13,2,29.869495,1.0,False,6.766755e-05,Test
2432,0,-9.762007,-5.6416426,6.8992357,-0.9092621,0.12782142,0.8748784,-5.271265,-3.165331,5.7858923e-08,3.5630524e-06,0.9959934,0.0004046401,0.0011414808,0.0024094132,5.160302e-06,4.239071e-05,2,16.665258,0.99999994,False,0.043214664,Test
2433,1,-14.677586,-9.151409,14.577316,0.21590547,-0.08547616,2.2983131,-10.0681715,-12.518876,1.9713106e-13,4.9515708e-11,0.9999943,5.793165e-07,4.2857593e-07,4.648301e-06,1.9796926e-11,1.7071478e-12,2,23.728731,1.0,False,0.00011158466,Test
2434,0,-10.351902,-6.3499618,8.996736,0.16865979,-0.116764426,2.530616,-6.6610203,-8.780612,3.946458e-09,2.1588768e-07,0.99819094,0.0001462949,0.00010996919,0.0015524352,1.5817457e-07,1.8993706e-08,2,19.350447,1.0,False,0.020412462,Test
2435,0,-11.996989,-7.0000515,10.763391,-0.6694639,0.10067704,0.47745785,-7.2561274,-5.957438,1.303956e-10,1.9293234e-08,0.9999316,1.0832897e-05,2.3399838e-05,3.4107234e-05,1.4934583e-08,5.4727614e-08,2,22.760448,1.0,False,0.0011457015,Test
2436,0,-8.135601,-5.1632166,5.399969,-0.9089233,0.13729146,2.2502153,-4.8327103,-4.607682,1.2600817e-06,2.4620045e-05,0.952406,0.001733425,0.0049348082,0.04082267,3.426304e-05,4.2909593e-05,2,13.584334,0.99999875,False,0.3106247,Test
2437,0,-15.998632,-10.489605,17.157913,-0.46859777,0.37837118,1.8966062,-12.540402,-13.11416,3.98377e-15,9.836381e-13,0.99999976,2.2126036e-08,5.1610375e-08,2.3555839e-07,1.2652774e-13,7.1286306e-14,2,33.156548,1.0,False,7.3424294e-06,Test
2438,0,-20.086521,-13.050229,20.92794,0.19821887,0.0077646,3.15636,-14.638034,-17.919575,1.5404432e-18,1.7517371e-15,1.0,9.935656e-10,8.212648e-10,1.9138195e-08,3.580084e-16,1.34505035e-17,2,41.01446,1.0,False,5.4518483e-07,Test
2439,0,-23.512602,-14.9511175,25.830862,-0.36303648,-0.08152299,0.6199477,-16.58358,-19.478382,3.7188264e-22,1.9436217e-18,1.0,4.208566e-12,5.5769118e-12,1.1247057e-11,3.7987528e-19,2.101097e-20,2,49.343464,1.0,False,7.766007e-10,Test
2440,0,-10.032096,-6.720787,6.8258157,-0.20208147,0.14570081,4.6925416,-6.24334,-9.294465,4.258466e-08,1.1677147e-06,0.89238316,0.0007913604,0.0011205066,0.10570175,1.8823015e-06,8.904349e-08,2,16.971771,0.99999994,False,0.508463,Test
2441,0,-24.092321,-15.324513,25.695135,0.08174452,-0.0020950623,3.169525,-17.064785,-22.258783,2.3855161e-22,1.532472e-18,1.0,7.520489e-12,6.915683e-12,1.6491186e-10,2.6890784e-19,1.4923746e-21,2,49.787457,1.0,False,5.8935243e-09,Test
2442,0,-8.428526,-6.507563,9.088553,0.2937777,-0.3634994,0.2947217,-7.5906267,-6.696727,2.4675366e-08,1.6847153e-07,0.99961805,0.0001514647,7.849818e-05,0.00015160776,5.70372e-08,1.394357e-07,2,17.51746,1.0,False,0.0054757665,Test
2443,0,-17.130527,-11.874879,16.801882,0.25968215,-0.019303512,4.5560503,-12.81538,-16.912954,1.833745e-15,3.5142977e-13,0.9999951,6.543524e-08,4.950506e-08,4.8050824e-06,1.3720959e-13,2.2794527e-15,2,33.932415,1.0,False,9.4705734e-05,Test
2444,0,-8.697027,-4.8280535,3.3986502,-0.3076868,-0.6798853,-0.2665643,-2.896424,0.391113,4.9914606e-06,0.00023905706,0.8939507,0.021961998,0.015136591,0.022883957,0.0016496715,0.044172987,2,12.207782,0.999995,False,0.6988077,Test
2445,0,-8.296065,-4.7372937,3.2512698,0.12584706,-0.5822817,1.1603864,-2.9257922,-2.1551375,8.07811e-06,0.00028370332,0.8360909,0.036719747,0.018086864,0.103322394,0.0017361592,0.0037521538,2,11.726353,0.9999919,False,0.8836859,Test
2446,0,-14.654426,-9.218933,13.818402,-0.11186019,0.079978965,3.9897149,-9.765541,-13.870385,4.3090718e-13,9.88527e-11,0.9999442,8.9153747e-07,1.080076e-06,5.388042e-05,5.7226834e-11,9.438177e-13,2,28.472883,1.0,False,0.0008840056,Test
2447,0,-8.179309,-5.5003257,5.7991652,-0.3436667,0.13384381,4.0327964,-5.590196,-8.44243,7.221055e-07,1.0521267e-05,0.84991324,0.0018263189,0.0029441288,0.14529489,9.61696e-06,5.5504574e-07,2,14.141094,0.9999993,False,0.64547616,Test
2448,0,-14.039398,-9.286941,14.215532,-0.06130539,0.37541103,2.6013312,-10.5830345,-12.271007,5.358398e-13,6.208712e-11,0.9999894,6.304399e-07,9.756793e-07,9.036748e-06,1.698692e-11,3.1407843e-12,2,28.254942,1.0,False,0.0001991936,Test
2449,0,-20.251692,-12.947261,21.758135,0.026933933,-0.018612955,1.5178034,-14.599194,-17.304426,5.6933e-19,8.465226e-16,1.0,3.6497175e-10,3.487211e-10,1.6208233e-09,1.6226023e-16,1.08478906e-17,2,42.009827,1.0,False,6.9727356e-08,Test
2450,0,-17.593292,-11.209187,18.325703,-0.0853943,0.32772085,2.3298974,-12.831908,-15.261473,2.5152355e-16,1.4899117e-13,0.9999999,1.0096302e-08,1.5260742e-08,1.13008156e-07,2.9404993e-14,2.5898574e-15,2,35.918995,1.0,False,3.4443156e-06,Test
2451,0,-9.310095,-5.4223075,5.435839,-0.70740545,0.31426886,0.817805,-4.768377,-2.122489,3.871985e-07,1.8896355e-05,0.9817733,0.002108793,0.005857895,0.009692245,3.6339297e-05,0.0005122371,2,14.764328,0.99999964,False,0.15950996,Test
2452,1,-20.358433,-12.82674,21.35424,-0.14156611,0.18526931,2.093503,-14.39394,-16.980713,7.6633067e-19,1.4301734e-15,1.0,4.6183854e-10,6.4037187e-10,4.316856e-09,2.9837506e-16,2.2456461e-17,2,34.18098,1.0,False,1.5383385e-07,Test
2453,0,-20.896772,-13.075961,21.811205,0.26265377,-0.386858,3.068287,-14.231317,-19.338886,2.8324427e-19,7.058245e-16,1.0,4.381098e-10,2.2882515e-10,7.2452626e-09,2.2229588e-16,1.34506e-18,2,42.707977,1.0,False,2.1686232e-07,Test
2454,0,-23.040947,-14.666937,24.503782,-0.04279846,0.1461142,2.3050454,-16.319857,-20.136078,2.2469097e-21,9.7358265e-18,1.0,2.185522e-11,2.6399714e-11,2.2867115e-10,1.8643133e-18,4.1034983e-20,2,47.54473,1.0,False,9.025093e-09,Test
2455,0,-17.693857,-12.113256,16.764992,1.4608665,-1.2269344,3.3438387,-11.628301,-16.661924,1.0832087e-15,2.8729986e-13,0.99999833,2.2568479e-07,1.5353416e-08,1.4834283e-06,4.666051e-13,3.0399974e-15,2,34.458847,1.0,False,3.6684305e-05,Test
2456,1,-25.691755,-16.579681,27.577118,0.71914834,-0.58008385,2.5842519,-18.056894,-23.716663,7.33874e-24,6.6519e-20,1.0,2.1663676e-12,5.9085733e-13,1.3987368e-11,1.5184522e-20,5.2892467e-23,2,44.1568,1.0,False,6.122878e-10,Test
2457,1,-13.055384,-8.324829,12.089329,0.055499695,0.2073832,2.6737704,-8.911812,-10.668769,1.2015703e-11,1.362081e-09,0.9999057,5.939278e-06,6.9134626e-06,8.143933e-05,7.5732026e-10,1.3069001e-10,2,20.414251,1.0,False,0.0014639895,Test
2458,0,-11.775942,-6.9998937,10.808941,-0.9730108,0.20082758,0.21398726,-7.1360054,-5.30116,1.554122e-10,1.8437273e-08,0.99994254,7.640791e-06,2.4713256e-05,2.5040626e-05,1.609103e-08,1.00797e-07,2,22.58494,1.0,False,0.0009769839,Test
2459,0,-18.025251,-12.02943,17.582438,0.8212283,-0.42425996,3.6766198,-12.419742,-16.832214,3.4338144e-16,1.3795223e-13,0.99999905,5.256526e-08,1.5128316e-08,9.136494e-07,9.3372535e-14,1.132158e-15,2,35.60769,1.0,False,2.1369475e-05,Test
2460,0,-17.27429,-11.347669,17.73541,-0.29785228,0.4738055,2.4135785,-13.175084,-14.052467,6.2442464e-16,2.340877e-13,0.99999976,1.4731725e-08,3.1869877e-08,2.217239e-07,3.764802e-14,1.5656687e-14,2,35.0097,1.0,False,6.422056e-06,Test
2461,0,-20.51133,-13.198215,21.979746,-0.4438619,0.32826862,1.8725193,-15.075096,-17.346601,3.5185296e-19,5.277234e-16,1.0,1.8262124e-10,3.9525982e-10,1.8515784e-09,8.0776946e-17,8.332673e-18,2,42.491074,1.0,False,7.196613e-08,Test
2462,0,-9.283802,-5.183016,7.1102786,-1.204687,0.18992586,-0.67458063,-4.829061,-1.0576919,7.573524e-08,4.57348e-06,0.99806064,0.0002443506,0.0009855663,0.00041517915,6.515798e-06,0.00028304296,2,16.396023,0.99999994,False,0.023765126,Test
2463,0,-5.752322,-2.944384,4.189225,-1.3247982,-0.11242585,-1.4645853,-3.4900806,1.1525844,4.4967743e-05,0.0007453721,0.9342439,0.0037648734,0.012655432,0.0032737204,0.00043189686,0.044839837,2,10.009565,0.99995506,False,0.4428626,Test
2464,1,-7.5731564,-4.639794,5.0076423,-0.74638957,-0.04285639,1.3912928,-4.607953,-3.2002418,3.3151766e-06,6.2294544e-05,0.96444684,0.0030572722,0.0061783805,0.025924934,6.431e-05,0.00026280864,2,9.683637,0.9999377,False,0.262813,Test
2465,0,-16.040468,-10.528373,15.845372,0.80881816,-0.5928083,2.5267653,-10.6300745,-14.941374,1.4195613e-14,3.5158248e-12,0.999998,2.9492156e-07,7.2608564e-08,1.6436202e-06,3.1758407e-12,4.260738e-14,2,31.885843,1.0,False,4.2625332e-05,Test
2466,0,-26.489113,-17.456697,29.016602,1.1543369,-1.4081261,2.3738847,-18.344809,-25.731934,7.837445e-25,6.559995e-21,1.0,7.935462e-13,6.119393e-14,2.6866734e-12,2.6989827e-21,1.6711417e-24,2,55.505714,1.0,False,1.3785251e-10,Test
2467,0,-6.795638,-5.056607,7.9828615,-0.3995995,-0.36971027,1.1802591,-6.313675,-7.521179,3.8114837e-07,2.1694295e-06,0.9984237,0.00022848543,0.00023541774,0.0011091294,6.171745e-07,1.8449965e-07,2,14.780077,0.99999964,False,0.018826956,Test
2468,0,-13.170209,-8.367721,11.877045,0.6965843,-0.7388688,3.6732433,-8.409648,-13.16974,1.3243113e-11,1.6131821e-09,0.9997092,1.3939963e-05,3.3178146e-06,0.00027353197,1.546944e-09,1.3249327e-11,2,25.047543,1.0,False,0.0039423555,Test
2469,0,-6.2073355,-3.35953,1.6056144,-1.2963846,-0.5658485,-0.6625674,-2.2626054,3.4025269,5.516637e-05,0.00095161353,0.13639404,0.0074898507,0.015550381,0.014116813,0.0028500257,0.82259214,7,9.805157,0.9999448,False,0.8912736,Test
2470,1,-10.030265,-7.4745116,12.432485,-0.97113764,0.16727804,-0.12089166,-9.615374,-8.068267,1.7560933e-10,2.2620246e-09,0.9999902,1.5096505e-06,4.712858e-06,3.5329194e-06,2.6590846e-10,1.2492015e-09,2,19.907005,1.0,False,0.00019070276,Test
2471,0,-8.638444,-5.6023254,8.967908,0.08990133,-0.5144258,1.1815041,-6.367244,-8.171291,2.2562348e-08,4.6984414e-07,0.9993687,0.00013933376,7.61378e-05,0.0004150817,2.1865227e-07,3.599702e-08,2,17.606983,1.0,False,0.008416177,Test
2472,0,-18.56119,-11.751766,20.094833,-1.4025278,0.9441239,0.49144074,-14.243415,-12.878615,1.6289334e-17,1.476378e-14,1.0,4.611212e-10,4.818953e-09,3.064463e-09,1.2220468e-15,4.7842378e-15,2,38.65602,1.0,False,2.341116e-07,Test
2473,1,-15.0746155,-9.752103,14.614302,0.5244868,-0.5737229,2.632796,-9.556657,-13.916705,1.2772147e-13,2.616986e-11,0.9999927,7.60095e-07,2.534671e-07,6.258859e-06,3.1818704e-11,4.0657291e-13,2,24.366413,1.0,False,0.00013968609,Test
2474,0,-12.645951,-7.6089754,11.277807,-0.0793421,-0.32040364,2.268824,-7.492653,-10.220213,4.0736255e-11,6.2735293e-09,0.9998568,1.1683975e-05,9.1811835e-06,0.00012228859,7.0474266e-09,4.60751e-10,2,23.923903,1.0,False,0.0021414212,Test
2475,0,-20.44911,-13.041889,21.282063,0.42987898,-0.26708433,3.1417606,-14.267213,-19.156456,7.522858e-19,1.2396446e-15,1.0,8.790456e-10,4.3784915e-10,1.3236302e-08,3.640376e-16,2.7401514e-18,2,41.73117,1.0,False,3.8646317e-07,Test
2476,0,-20.832186,-13.822426,22.674385,0.7630364,-0.62046784,1.312099,-15.049218,-19.033699,1.2744922e-19,1.4113554e-16,1.0,3.0480518e-10,7.641415e-11,5.278095e-10,4.138545e-17,7.698555e-19,2,43.50657,1.0,False,2.8470106e-08,Test
2477,0,-17.15037,-10.911198,18.110348,-0.04488293,0.0817094,1.9674743,-12.450831,-14.5605,4.8580744e-16,2.4894472e-13,0.9999999,1.3040165e-08,1.4799996e-08,9.755262e-08,5.338854e-14,6.474863e-15,2,35.26072,1.0,False,3.170422e-06,Test
2478,0,-19.69503,-12.5834055,20.46111,0.51134545,-0.30020636,2.521482,-13.711325,-17.778097,3.634212e-18,4.4560498e-15,1.0,2.167342e-09,9.626644e-10,1.6177788e-08,1.442452e-15,2.4712947e-17,2,40.15614,1.0,False,5.099174e-07,Test
2479,0,-10.185478,-6.3088603,9.211354,-0.04572455,0.0182928,2.015858,-6.9387627,-7.8898926,3.764019e-09,1.8165419e-07,0.9990534,9.5343334e-05,0.00010164656,0.0007492457,9.675702e-08,3.7377653e-08,2,19.39778,1.0,False,0.011772914,Test
2480,0,-22.39169,-14.61189,23.684608,0.49853638,-0.26154807,3.0634456,-16.07456,-20.817822,9.757041e-21,2.3336866e-17,1.0,8.5195594e-11,3.983969e-11,1.107498e-09,5.4051985e-18,4.708041e-20,2,46.076298,1.0,False,3.717429e-08,Test
2481,0,-24.456268,-15.931516,26.524841,0.8961662,-0.7435098,2.1022217,-17.380177,-22.812119,7.230784e-23,3.6428295e-19,1.0,7.406409e-12,1.4371622e-12,2.4739526e-11,8.5564383e-20,3.7430927e-22,2,50.98111,1.0,False,1.2020672e-09,Test
2482,0,-21.005722,-13.672799,21.995718,0.54725814,-0.14737397,2.5398858,-15.041608,-18.664356,2.1120833e-19,3.231167e-16,1.0,4.842307e-10,2.4175623e-10,3.5517282e-09,8.220407e-17,2.1956087e-18,2,43.001442,1.0,False,1.2239978e-07,Test
2483,0,-9.38092,-6.274492,9.83301,-0.04819698,-0.32410553,1.5793881,-7.385094,-8.952006,4.52214e-09,1.010296e-07,0.99964976,5.1108647e-05,3.8785456e-05,0.0002602228,3.327519e-08,6.944156e-09,2,19.214281,1.0,False,0.0049043843,Test
2484,0,-11.209352,-7.2860045,8.905523,0.92836785,-1.2676514,3.8178852,-6.1425695,-11.79928,1.825506e-09,9.2314814e-08,0.99348843,0.0003409794,3.7932296e-05,0.00613239,2.8964038e-07,1.0120009e-09,2,20.121408,1.0,False,0.05892573,Test
2485,1,-14.383376,-9.920032,16.010984,-0.6805898,0.5130864,1.357772,-12.000996,-11.716589,6.308077e-14,5.4739767e-12,0.9999993,5.6356132e-08,1.8592941e-07,4.3270342e-07,6.8320545e-13,9.079618e-13,2,25.931015,1.0,False,1.560783e-05,Test
2486,0,-24.853947,-16.547667,27.412836,0.4620546,-0.35750574,1.6915925,-18.29742,-22.781807,1.9990508e-23,8.094616e-20,1.0,1.974352e-12,8.6994897e-13,6.751591e-12,1.4069769e-20,1.5876119e-22,2,52.266785,1.0,False,3.6215744e-10,Test
2487,0,-14.02845,-8.665383,13.24785,0.2617974,-0.2742597,2.5126083,-8.934605,-12.07882,1.4257461e-12,3.04223e-10,0.9999746,2.2920158e-06,1.3409458e-06,2.1763695e-05,2.3241875e-10,1.0017406e-11,2,27.276325,1.0,False,0.00044281967,Test
2488,0,-13.864247,-8.353915,14.347386,-1.8498335,0.73862284,-0.43716288,-9.676131,-6.694793,5.5955457e-13,1.3834048e-10,0.99999833,9.239236e-08,1.2296692e-06,3.7944682e-07,3.687382e-11,7.269374e-10,2,28.211636,1.0,False,3.7002537e-05,Test
2489,0,-18.640205,-11.891397,19.837305,-0.16633487,0.06322066,1.1979784,-13.284952,-15.278661,1.9472887e-17,1.6611144e-14,1.0,2.0536663e-09,2.5835947e-09,8.036067e-09,4.122745e-15,5.614737e-16,2,38.47751,1.0,False,3.4906955e-07,Test
2490,0,-18.924026,-12.193794,20.168818,0.23001713,-0.13672672,1.9616581,-13.750229,-16.546854,1.0524328e-17,8.812459e-15,1.0,2.1912343e-09,1.5184984e-09,1.2380304e-08,1.8584297e-15,1.1339306e-16,2,39.092842,1.0,False,4.3271478e-07,Test
2491,0,-20.428688,-13.166132,21.254055,0.5387957,-0.16880555,2.6749444,-14.498463,-18.49267,7.8961374e-19,1.1259054e-15,1.0,1.0080384e-09,4.9678633e-10,8.534824e-09,2.9708373e-16,5.4728784e-18,2,41.682743,1.0,False,2.7424747e-07,Test
2492,0,-8.2191725,-4.138059,1.6625855,0.0359191,-1.3547078,-1.2540593,-1.6111566,3.2849498,7.977113e-06,0.00047233547,0.15611279,0.03068925,0.007639144,0.008448036,0.0059111286,0.79071933,7,11.738934,0.999992,False,1.0014071,Test
2493,0,-7.3717394,-4.027907,5.3304825,-1.5957512,0.40762025,-0.048995048,-4.530001,-0.34217557,2.9950836e-06,8.4843225e-05,0.98381585,0.00096580334,0.0071604773,0.004535618,5.1352356e-05,0.0033830605,2,12.718538,0.999997,False,0.14886387,Test
2494,0,-25.844687,-16.819424,27.332716,0.80450994,-0.23666178,3.2813075,-18.376158,-23.884846,8.041694e-24,6.682981e-20,1.0,3.0126353e-12,1.0635828e-12,3.5859638e-11,1.4089266e-20,5.7081634e-23,2,53.177402,1.0,False,1.4018912e-09,Test
2495,0,-23.834747,-15.111728,25.566393,-0.3718696,0.3488961,2.079412,-17.065992,-19.794498,3.510413e-22,2.1563393e-18,1.0,5.4344493e-12,1.1173269e-11,6.30571e-11,3.054853e-19,1.9953283e-20,2,49.40114,1.0,False,2.7465206e-09,Test
2496,0,-9.822106,-7.120503,11.215648,0.027070839,-0.49976623,1.6281899,-8.265187,-10.706814,7.300963e-10,1.0881065e-08,0.9999094,1.3830043e-05,8.166217e-06,6.857735e-05,3.46371e-09,3.0140895e-10,2,21.037844,1.0,False,0.0014409402,Test
2497,0,-13.008579,-8.042383,13.052467,-0.5386589,-0.033211377,0.15424374,-8.928292,-7.8671412,4.8064976e-12,6.896365e-10,0.99999416,1.2515444e-06,2.0747189e-06,2.5024765e-06,2.8436442e-10,8.2172535e-10,2,26.061052,1.0,False,0.00011875672,Test
2498,0,-23.983513,-15.485141,25.590815,1.042204,-1.0049258,2.3397658,-16.179419,-22.526485,2.9521876e-22,1.4485705e-18,1.0,2.1810912e-11,2.8158942e-12,7.9835805e-11,7.2346617e-19,1.2674221e-21,2,49.574326,1.0,False,3.5585295e-09,Test
2499,1,-20.762497,-13.860185,21.45547,0.36097458,-0.0009502247,2.526362,-15.418989,-17.769482,4.623503e-19,4.598392e-16,1.0,6.898866e-10,4.8039184e-10,6.0144094e-09,9.674449e-17,9.22188e-18,2,35.315655,1.0,False,2.0011294e-07,Test
2500,0,-25.60526,-16.645327,27.417334,0.87497324,-0.53434324,3.0615256,-18.265968,-24.244707,9.388145e-24,7.308526e-20,1.0,2.9702937e-12,7.2567267e-13,2.6448855e-11,1.4454172e-20,3.659829e-23,2,53.022594,1.0,False,1.0723633e-09,Test
2501,0,-13.467941,-8.421729,14.185425,-0.80483466,0.2120074,1.1570301,-10.151274,-10.031841,9.778996e-13,1.5199732e-10,0.99999666,3.088956e-07,8.5392657e-07,2.1970434e-06,2.6959055e-11,3.0379005e-11,2,27.65337,1.0,False,7.001308e-05,Test
2502,0,-23.451048,-15.065401,24.711653,0.36295292,-0.5187764,3.6445189,-16.049616,-22.543898,1.2111693e-21,5.3093944e-18,1.0,2.6637541e-11,1.1029708e-11,7.090218e-10,1.9842938e-18,3.000373e-21,2,48.1627,1.0,False,2.2886816e-08,Test
2503,0,-8.459311,-4.381587,6.7295675,-3.0116916,0.68064743,-3.275612,-5.4159675,5.244509,2.0606836e-07,1.2160296e-05,0.8136868,4.7850048e-05,0.0019206341,3.675048e-05,4.322337e-06,0.18429121,2,15.395058,0.9999998,False,0.7105348,Test
2504,0,-24.245598,-16.021032,26.540796,0.57392436,-0.4663183,2.6271734,-17.948217,-22.97428,8.785169e-23,3.2781793e-19,1.0,5.2811817e-12,1.8662045e-12,4.1157133e-11,4.771631e-20,3.1323902e-22,2,50.786392,1.0,False,1.6904818e-09,Test
2505,1,-13.23574,-8.267845,12.057457,0.20063454,-0.15745576,2.9289732,-8.444861,-11.630454,1.0357416e-11,1.4886103e-09,0.99987936,7.0891674e-06,4.955398e-06,0.00010851693,1.2471063e-09,5.1572496e-11,2,20.325422,1.0,False,0.0018117719,Test
2506,0,-10.549384,-6.951057,9.743564,0.21419856,-0.059361506,2.33736,-7.4621854,-9.137142,1.5366164e-09,5.6143477e-08,0.999265,7.2632305e-05,5.5249e-05,0.0006070259,3.3675853e-08,6.3080323e-09,2,20.293682,1.0,False,0.009329074,Test
2507,0,-13.792098,-8.701952,13.045932,-0.52105427,0.24894187,2.9787571,-9.626252,-11.3214445,2.2098944e-12,3.5891723e-10,0.9999535,1.2820726e-06,2.7689653e-06,4.24484e-05,1.4242145e-10,2.614344e-11,2,26.838076,1.0,False,0.00075982156,Test
2508,0,-12.93983,-8.177862,11.850879,0.3188634,-0.5475398,2.1213605,-7.9392962,-10.993141,1.711986e-11,2.0026123e-09,0.99992657,9.810196e-06,4.124805e-06,5.94966e-05,2.5421696e-09,1.1993223e-10,2,24.790781,1.0,False,0.0011782127,Test
2509,1,-11.405711,-6.3985267,9.8169155,-1.465558,0.04803041,-0.92553115,-6.214239,-2.500523,6.0686073e-10,9.0715396e-08,0.9999039,1.2590479e-05,5.719862e-05,2.1605925e-05,1.0907275e-07,4.472629e-06,2,16.215538,0.9999999,False,0.0015686856,Test
2510,0,-16.843714,-10.470496,17.5196,0.56250846,-0.7779431,1.5649328,-11.014297,-15.185966,1.1917997e-15,6.983212e-13,0.9999999,4.321439e-08,1.1310405e-08,1.17754105e-07,4.0540187e-13,6.253929e-15,2,34.36331,1.0,False,4.410204e-06,Test
2511,0,-10.770815,-7.1474433,7.6125836,0.23443803,-0.19564278,4.881606,-6.8077674,-11.137451,9.735493e-09,3.6472713e-07,0.9379211,0.000585974,0.0003811506,0.06111078,5.1225646e-07,6.7472974e-09,2,18.447487,1.0,False,0.3437857,Test
2512,0,-20.959793,-13.269991,21.962568,0.33081433,-0.2030408,2.8624408,-14.706675,-19.195679,2.2858854e-19,4.996823e-16,1.0,4.0313328e-10,2.3637317e-10,5.06897e-09,1.1878188e-16,1.3341345e-18,2,42.922363,1.0,False,1.5981864e-07,Test
2513,0,-23.980497,-15.452748,25.648962,0.37642664,-0.3807488,1.6205413,-16.62363,-20.54417,2.7938278e-22,1.4117363e-18,1.0,1.0574926e-11,4.9595267e-12,3.6693502e-11,4.3777117e-19,8.681172e-21,2,49.62946,1.0,False,1.843818e-09,Test
2514,0,-10.628836,-6.798612,10.600929,-0.51061934,0.11551924,1.1728395,-7.713393,-8.098919,6.0252725e-10,2.7760127e-08,0.99987674,1.49369625e-05,2.7937715e-05,8.042275e-05,1.1120821e-08,7.5632e-09,2,21.229889,1.0,False,0.0019351938,Test
2515,0,-13.696303,-8.297558,14.645411,-3.4825451,2.881136,-0.6287652,-12.264685,-4.764948,4.9130025e-13,1.08640555e-10,0.999992,1.3400626e-08,7.777446e-06,2.3254464e-07,2.0563197e-12,3.716935e-09,2,28.34172,1.0,False,0.00014910632,Test
2516,0,-20.445745,-13.259143,21.095997,0.034470282,0.3640204,3.581591,-14.992833,-18.665033,9.091832e-19,1.2015781e-15,1.0,7.130089e-10,9.913281e-10,2.4750845e-08,2.122368e-16,5.3951453e-18,2,41.54174,1.0,False,6.767187e-07,Test
2517,0,-7.745473,-4.4934506,5.0158954,-0.5371766,-0.093245104,1.6502013,-3.8726826,-3.812551,2.7464296e-06,7.0974704e-05,0.9571061,0.0037092967,0.0057821404,0.03305657,0.00013203819,0.00014022147,2,12.805209,0.99999726,False,0.300601,Test
2518,0,-18.869158,-11.768592,19.417435,0.55381656,-0.803205,2.8562062,-12.007429,-17.877878,2.3569205e-17,2.858119e-14,0.9999999,6.4214687e-09,1.6530557e-09,6.4202226e-08,2.2508937e-14,6.3511477e-17,2,38.28659,1.0,False,1.842945e-06,Test
2519,0,-16.982851,-10.629334,18.37391,-0.39037815,-0.038661215,1.1449596,-11.957863,-14.353942,4.4131978e-16,2.5354214e-13,1.0,7.092061e-09,1.0081409e-08,3.2927737e-08,6.715495e-14,6.1160992e-15,2,35.356762,1.0,False,1.2782597e-06,Test
2520,0,-14.062892,-9.154721,12.730032,0.19244799,0.3371808,3.9625447,-9.839261,-12.5822935,2.3115878e-12,3.129688e-10,0.99983656,3.5886023e-06,4.1474605e-06,0.00015568886,1.5783713e-10,1.01607585e-11,2,26.793087,1.0,False,0.0023441652,Test
2521,0,-15.1392355,-9.715613,14.761307,0.64441925,-0.38855463,2.975207,-9.945736,-14.130314,1.0336068e-13,2.343174e-11,0.9999914,7.3979277e-07,2.633268e-07,7.6095384e-06,1.861504e-11,2.8348157e-13,2,29.90055,1.0,False,0.0001625973,Test
2522,0,-16.651379,-10.471664,17.643291,0.957044,-1.165344,1.9468932,-11.272762,-16.392656,1.2764797e-15,6.163532e-13,0.99999976,5.665718e-08,6.7844272e-09,1.5245475e-07,2.766415e-13,1.6533879e-15,2,34.29467,1.0,False,5.344371e-06,Test
2523,0,-13.840115,-8.578403,13.859959,-0.2120986,-0.17060338,0.9068692,-9.371949,-10.371934,9.332743e-13,1.7994568e-10,0.99999607,7.7371544e-07,8.064965e-07,2.3688792e-06,8.137843e-11,2.993791e-11,2,27.700077,1.0,False,8.1985854e-05,Test
2524,0,-20.11757,-12.987558,21.213234,0.27239335,-0.071949154,2.139058,-14.532309,-17.557076,1.1226913e-18,1.4021208e-15,1.0,8.0446816e-10,5.7011507e-10,5.2022386e-09,2.9916261e-16,1.4530097e-17,2,41.330803,1.0,False,1.8496755e-07,Test
2525,0,-12.478262,-7.935167,11.44129,0.78252,-0.4648915,2.4815862,-7.9841614,-11.026255,4.0907378e-11,3.8445243e-09,0.9998412,2.3490173e-05,6.7474894e-06,0.00012846394,3.660705e-09,1.7474325e-10,2,23.91971,1.0,False,0.002366889,Test
2526,0,-16.808487,-10.59271,17.286154,0.7443592,-0.48515564,2.356006,-11.719723,-15.643411,1.5591385e-15,7.8048207e-13,0.99999964,6.5462125e-08,1.9143371e-08,3.2803405e-07,2.5287606e-13,4.9988636e-15,2,34.094643,1.0,False,9.634776e-06,Test
2527,0,-12.722543,-7.7634478,12.485675,-0.5220252,0.2046696,1.0500156,-8.290603,-8.390126,1.1277233e-11,1.6066087e-09,0.99998236,2.2429522e-06,4.63895e-06,1.0803104e-05,9.483522e-10,8.585135e-10,2,25.208235,1.0,False,0.00032824196,Test
2528,0,-20.046904,-12.497055,21.268824,-0.23115501,0.093626365,2.7037492,-14.235814,-18.161907,1.1397449e-18,2.166038e-15,1.0,4.599152e-10,6.363976e-10,8.655465e-09,3.8065483e-16,7.506723e-18,2,41.315727,1.0,False,2.65533e-07,Test
2529,0,-7.3632736,-6.248776,9.56048,-0.42511746,-0.1637799,0.841439,-7.890931,-8.052523,4.4667342e-08,1.3614776e-07,0.9997305,4.6046116e-05,5.9798505e-05,0.00016339983,2.6353053e-08,2.2420899e-08,2,16.924023,0.99999994,False,0.003951911,Test
2530,0,-7.5463047,-4.183607,1.6655655,-0.40732324,-0.7360159,0.47913375,-2.313655,1.1770741,4.629113e-05,0.0013362841,0.46362,0.05833349,0.041992202,0.14154723,0.008669793,0.28445464,2,9.98056,0.9999537,False,1.9333382,Test
2531,1,-15.677312,-10.331756,16.209799,0.54932946,-0.39772126,2.6300833,-11.23483,-15.026738,1.41775985e-14,2.9726866e-12,0.99999845,1.5803164e-07,6.1297875e-08,1.2659126e-06,1.204892e-12,2.7173356e-14,2,26.541555,1.0,False,3.199006e-05,Test
2532,0,-13.218836,-8.606006,13.435017,-0.13477154,0.11726263,2.6844926,-10.006171,-12.079336,2.656858e-12,2.677285e-10,0.99997556,1.2785135e-06,1.6449867e-06,2.143364e-05,6.6010114e-11,8.303224e-12,2,26.653877,1.0,False,0.0004241614,Test
2533,0,-12.086179,-7.5849457,10.315199,0.4353061,-0.36596137,3.8812351,-7.726286,-11.688588,1.8641282e-10,1.6801067e-08,0.99832255,5.1107916e-05,2.2935175e-05,0.001603378,1.45865835e-08,2.77426e-10,2,22.403057,1.0,False,0.018387679,Test
2534,0,-16.379538,-10.324261,16.725388,-0.38212308,0.39330125,1.8377045,-11.660476,-12.989587,4.1948134e-15,1.7884912e-12,0.9999995,3.7179362e-08,8.073554e-08,3.42264e-07,4.7008415e-13,1.2443737e-13,2,33.104927,1.0,False,1.0859233e-05,Test
2535,0,-18.35421,-12.042501,19.03984,-0.013255889,0.30624154,3.2795312,-13.59415,-16.594334,5.7540033e-17,3.1703725e-14,0.9999999,5.3130655e-09,7.313098e-09,1.43016e-07,6.717963e-15,3.3440644e-16,2,37.39405,1.0,False,3.7674795e-06,Test
2536,0,-13.548283,-9.150988,14.490441,-0.17033438,0.15093778,1.4362552,-10.390666,-11.301038,6.65175e-13,5.4032622e-11,0.9999968,4.294419e-07,5.921496e-07,2.1411038e-06,1.5641233e-11,6.293635e-12,2,28.038727,1.0,False,6.6217326e-05,Test
2537,0,-10.2844925,-6.474911,7.8310614,0.23674995,-0.2471645,3.8717074,-6.3054695,-9.736852,1.330335e-08,6.0040094e-07,0.9804976,0.00049349084,0.0003041708,0.018703418,7.1126135e-07,2.300376e-08,2,18.13525,1.0,False,0.14423013,Test
2538,1,-18.245207,-11.457853,19.273924,0.094923876,-0.19961907,1.6577702,-12.46802,-15.927376,5.077484e-17,4.5015153e-14,1.0,4.684527e-09,3.489375e-09,2.2356389e-08,1.6392649e-14,5.155478e-16,2,30.731777,1.0,False,7.9583464e-07,Test
2539,0,-10.268905,-6.3878565,8.481245,-0.81861573,0.7421375,1.6781936,-6.7577853,-5.6808147,7.1812964e-09,3.48113e-07,0.99836415,9.1287366e-05,0.00043474766,0.0011085653,2.404706e-07,7.0596724e-07,2,18.751785,1.0,False,0.019348599,Test
2540,0,-19.461235,-12.355208,20.179222,0.29291078,-0.22738652,2.265485,-13.305973,-16.530327,6.0865083e-18,7.421231e-15,1.0,2.309325e-09,1.3725321e-09,1.6602105e-08,2.8679034e-15,1.1408945e-16,2,39.640457,1.0,False,5.357286e-07,Test
2541,0,-18.704803,-11.998286,18.824993,0.2904154,-0.079824984,3.6788747,-13.17686,-16.937765,5.0236148e-17,4.107895e-14,0.99999976,8.923491e-09,6.1622876e-09,2.6431655e-07,1.26407055e-14,2.9405741e-16,2,37.529797,1.0,False,6.5262902e-06,Test
2542,0,-14.952012,-8.915455,15.647438,-1.0570216,0.27537698,0.005580021,-10.144901,-9.390906,5.1383997e-14,2.1501608e-11,0.9999995,5.5634597e-08,2.1086215e-07,1.6100047e-07,6.2882403e-12,1.3365481e-11,2,30.59945,1.0,False,1.0253721e-05,Test
2543,1,-16.078747,-10.543771,17.267593,0.19919533,-0.10190581,2.1966765,-12.283347,-15.077183,3.2950977e-15,8.349842e-13,0.99999964,3.8662414e-08,2.8610284e-08,2.8495987e-07,1.4661858e-13,8.971024e-15,2,27.811363,1.0,False,8.38078e-06,Test
2544,0,-7.3154173,-4.7080317,3.0505743,-0.6295331,-0.21412314,2.9782932,-3.5301168,-3.872927,1.577e-05,0.00021389707,0.5008695,0.012632063,0.019137466,0.46594357,0.00069465104,0.00049304473,2,11.057402,0.9999842,False,1.2174352,Test
2545,0,-15.7612295,-10.7267685,13.926464,0.69012934,-0.34561044,5.395961,-10.435001,-15.654086,1.2785312e-13,1.9640402e-11,0.99980026,1.7842104e-06,6.333298e-07,0.0001973162,2.6294397e-11,1.4231251e-13,2,29.687895,1.0,False,0.0027636527,Test
2546,0,-9.917181,-6.191128,9.561969,0.27621827,-0.49523818,1.2124516,-6.7429705,-8.244839,3.4685776e-09,1.4399764e-07,0.9996277,9.270179e-05,4.285966e-05,0.0002364227,8.2926455e-08,1.846884e-08,2,19.47952,1.0,False,0.005254479,Test
2547,0,-28.032227,-18.192905,29.850368,0.086337335,0.25093618,4.0515704,-20.43707,-25.677948,7.2762626e-26,1.364807e-21,1.0,1.184802e-13,1.3967865e-13,6.247763e-12,1.4469163e-22,7.6622893e-25,2,57.882595,1.0,False,2.4359276e-10,Test
2548,0,-17.85372,-13.26008,20.885992,1.3209965,-1.2378674,0.19227087,-13.826116,-18.815767,1.4981558e-17,1.4809799e-15,1.0,3.1844227e-09,2.4645064e-10,1.0299848e-09,8.4085824e-16,5.724598e-18,2,38.73971,1.0,False,1.2850077e-07,Test
2549,0,-9.2675495,-5.9376354,6.4108615,-1.3502976,0.68600065,1.6648456,-6.179274,-3.2318966,1.5331314e-07,4.282947e-06,0.9877043,0.0004207251,0.003223677,0.008579429,3.3635704e-06,6.409589e-05,2,15.6907835,0.9999998,False,0.10896122,Test
2550,0,-11.487467,-7.5003595,9.224187,-0.12452183,-0.14360017,4.070166,-7.0953846,-10.562153,1.0056961e-09,5.420581e-08,0.99408627,8.65628e-05,8.492699e-05,0.005741975,8.1268794e-08,2.5370341e-09,2,20.717587,1.0,False,0.053570963,Test
2551,0,-11.648702,-6.926703,9.061577,-0.6969356,-0.003202241,0.7758649,-6.2681975,-4.9741893,1.0126409e-09,1.13813364e-07,0.9995735,5.7775887e-05,0.00011561951,0.00025198556,2.1987616e-07,8.019712e-07,2,20.710705,1.0,False,0.0059767705,Test
2552,0,-11.644473,-6.9323726,10.884698,-1.1463016,0.37454388,0.5337512,-7.5079265,-5.6020174,1.6431491e-10,1.8285904e-08,0.9999347,5.9562794e-06,2.7256485e-05,3.1960437e-05,1.028387e-08,6.916432e-08,2,22.529236,1.0,False,0.0010905027,Test
2553,1,-17.92765,-11.133423,18.976572,-0.50941706,0.18987572,2.4048824,-12.952709,-15.540758,9.3907565e-17,8.3829204e-14,0.9999999,3.4462169e-09,6.934925e-09,6.353406e-08,1.3592185e-14,1.0216777e-15,2,30.109995,1.0,False,1.8898032e-06,Test
2554,0,-22.001669,-13.809394,23.467167,0.58226657,-0.67178893,2.4542744,-14.971896,-20.604641,1.791168e-20,6.471351e-17,1.0,1.1513669e-10,3.2853723e-11,7.485435e-10,2.023609e-17,7.241975e-20,2,45.468834,1.0,False,2.7637729e-08,Test
2555,1,-10.220785,-6.5873203,7.9923067,-0.3276873,-0.030422654,3.0953503,-6.5120993,-8.088902,1.22088775e-08,4.6202965e-07,0.9920223,0.00024165398,0.00032530783,0.0074096937,4.9812456e-07,1.02929775e-07,2,14.587637,0.9999995,False,0.070592396,Test
2556,0,-18.155874,-11.245274,18.414165,-0.11094656,0.23446399,3.0586815,-12.606412,-16.131054,1.3116992e-16,1.3154343e-13,0.99999976,9.008364e-09,1.2724952e-08,2.1438673e-07,3.372366e-14,9.935775e-16,2,36.570038,1.0,False,5.6678473e-06,Test
2557,0,-18.213192,-11.642469,18.932358,-0.21705595,0.10602996,2.6636405,-13.083941,-16.287605,7.377219e-17,5.2664894e-14,0.9999999,4.8251976e-09,6.6654495e-09,8.6017344e-08,1.2459409e-14,5.060161e-16,2,37.14555,1.0,False,2.5052238e-06,Test
2558,0,-6.785945,-4.3673177,3.133563,-0.29937765,-0.33737448,2.6466815,-3.506577,-4.3465495,2.928206e-05,0.0003288502,0.59509903,0.019216843,0.018500362,0.36571208,0.00077770173,0.00033575128,2,10.438536,0.99997073,False,1.208549,Test
2559,0,-0.7233325,-2.2940264,2.3991454,0.4611837,-1.7425256,0.4128478,-2.6335073,-6.0626597,0.032458935,0.0067482432,0.7369011,0.10611167,0.011713975,0.10110464,0.004805691,0.00015577358,2,3.4277797,0.96754104,False,1.3255594,Test
2560,0,-22.461899,-14.578865,22.976309,-0.55545765,1.1097814,3.6900542,-16.395626,-18.899008,1.84687e-20,4.8977248e-17,1.0,6.0295303e-11,3.1877756e-10,4.2080988e-09,7.961351e-18,6.513e-19,2,45.43821,1.0,False,1.2919028e-07,Test
2561,0,-15.172438,-9.772791,14.652514,0.48795977,-0.12923194,2.827676,-10.093709,-13.446533,1.1147685e-13,2.467297e-11,0.99999166,7.053562e-07,3.8050928e-07,7.32039e-06,1.7899796e-11,6.262311e-13,2,29.824959,1.0,False,0.00015962413,Test
2562,0,-19.498394,-12.251525,20.46473,0.51504034,-0.850669,2.276009,-12.619822,-18.332537,4.4079437e-18,6.1874385e-15,1.0,2.1675033e-09,5.53146e-10,1.2610693e-08,4.2811747e-15,1.4143675e-17,2,39.963123,1.0,False,4.1030862e-07,Test
2563,0,-18.471613,-11.878879,18.879732,0.56701106,-0.30804008,1.9630541,-12.537721,-15.708016,6.0050546e-17,4.3823343e-14,1.0,1.1140026e-08,4.643615e-09,4.4996664e-08,2.2676353e-14,9.522067e-16,2,37.351345,1.0,False,1.5210347e-06,Test
2564,0,-11.584955,-7.131167,10.040923,0.33718744,-0.76202583,2.4435742,-6.3241997,-9.985969,4.0527284e-10,3.483394e-08,0.99941695,6.1019407e-05,2.0327574e-05,0.00050148723,7.806633e-08,2.0052944e-09,2,21.626461,1.0,False,0.00751179,Test
2565,1,-9.061651,-6.605045,9.761253,0.2869979,-0.6074976,2.549083,-7.4114857,-10.6981325,6.6826584e-09,7.795422e-08,0.9991549,7.6738965e-05,3.137196e-05,0.00073693116,3.4802227e-08,1.300873e-09,2,16.367144,0.99999994,False,0.010408559,Test
2566,0,-8.2739315,-5.0627103,4.4697247,-0.0030741934,-0.6320304,2.8909812,-3.578677,-5.9706206,2.3859557e-06,5.9194073e-05,0.81688684,0.009325026,0.0049716183,0.1684699,0.0002610871,2.3876868e-05,2,12.94591,0.9999976,False,0.77652144,Test
2567,0,-17.75611,-11.384706,18.069078,0.38749036,-0.08175607,2.4688044,-12.417328,-15.688934,2.7626038e-16,1.6157851e-13,0.99999976,2.0940359e-08,1.309762e-08,1.678367e-07,5.753364e-14,2.1831425e-15,2,35.825188,1.0,False,4.9125365e-06,Test
2568,0,-11.9289875,-7.96144,10.043213,0.12610441,-0.20254958,3.972304,-7.747556,-11.297428,2.8612523e-10,1.5123062e-08,0.99761176,4.920577e-05,3.5422832e-05,0.0023035598,1.8729601e-08,5.3807014e-10,2,21.974592,1.0,False,0.024853785,Test
2569,0,-9.144676,-5.826575,9.118371,-0.2112498,-0.16029859,1.1001701,-6.5660434,-7.1467457,1.1701389e-08,3.2305016e-07,0.9994881,8.87105e-05,9.33475e-05,0.0003292435,1.542138e-07,8.6283315e-08,2,18.263557,1.0,False,0.0070037018,Test
2570,0,-16.078373,-10.318481,16.7869,-1.6486378,1.0333117,-0.929843,-12.356576,-7.5753117,5.330813e-15,1.691541e-12,0.9999999,9.852531e-09,1.4398051e-07,2.0216968e-08,2.2036862e-13,2.628004e-11,2,32.865273,1.0,False,4.224106e-06,Test
2571,0,-12.44522,-8.056678,13.479572,-0.6923149,0.44854054,1.0540878,-10.030108,-9.497452,5.5081066e-12,4.43529e-10,0.9999931,7.002039e-07,2.1912497e-06,4.014926e-06,6.164133e-11,1.05003124e-10,2,25.9248,1.0,False,0.00013747813,Test
2572,0,-15.0067835,-9.746817,13.47589,0.49025452,-0.23707263,4.5973163,-9.733108,-14.235648,4.2664833e-13,8.211926e-11,0.9998573,2.2927045e-06,1.1078317e-06,0.0001393228,8.325271e-11,9.225074e-13,2,28.482817,1.0,False,0.0020553488,Test
2573,0,-13.759303,-8.694999,13.447507,-0.76163626,0.8847701,1.3589435,-9.922792,-9.202984,1.5283692e-12,2.4189548e-10,0.9999902,6.745956e-07,3.5000046e-06,5.623402e-06,7.086035e-11,1.4555027e-10,2,27.20682,1.0,False,0.00018945396,Test
2574,0,-23.210875,-15.197842,23.840815,1.1217197,-0.7358834,4.0336237,-15.936082,-22.322683,3.6788413e-21,1.111031e-17,1.0,1.3590089e-10,2.1206821e-11,2.4994629e-09,5.310225e-18,8.942266e-21,2,47.05169,1.0,False,7.66303e-08,Test
2575,0,-6.616349,-5.044518,-1.8724996,0.5267319,-1.4484525,6.161118,-1.6856588,-7.4473386,2.8101917e-06,1.3532368e-05,0.00032282242,0.0035557963,0.000493316,0.9952213,0.00038914167,1.2241709e-06,5,12.782258,0.9999972,False,0.04967181,Test
2576,1,-12.210498,-7.490518,11.334138,-0.9745931,0.79957974,1.9267064,-8.453055,-7.980287,5.9517606e-11,6.675853e-09,0.99988675,4.511665e-06,2.659808e-05,8.210227e-05,2.549658e-09,4.090749e-09,2,18.824768,1.0,False,0.0017624181,Test
2577,0,-22.751646,-14.496499,24.118767,-0.17833474,0.05333367,2.901165,-15.661645,-20.871782,4.409989e-21,1.696694e-17,1.0,2.804805e-11,3.5360225e-11,6.0997585e-10,5.2916014e-18,2.8897057e-20,2,46.870415,1.0,False,2.0882535e-08,Test
2578,0,-8.415673,-4.7747073,4.390088,0.1663255,-0.31594923,0.97697955,-3.8676953,-3.0834272,2.5955214e-06,9.896378e-05,0.9455753,0.013846479,0.008548502,0.031145971,0.0002451242,0.00053701893,2,12.861723,0.9999974,False,0.38658157,Test
2579,0,-12.985796,-8.04471,12.445024,0.64345855,-0.630238,2.8636844,-8.347907,-12.567647,9.026114e-12,1.2629529e-09,0.9999213,7.492232e-06,2.0962937e-06,6.899907e-05,9.326331e-10,1.3712007e-11,2,25.430899,1.0,False,0.0012343709,Test
2580,0,-6.965515,-4.3844004,1.6333376,-0.39115453,-0.5552112,2.833374,-2.637075,-2.8036304,4.0131712e-05,0.00053021446,0.21773186,0.028753866,0.024403233,0.72292155,0.003043024,0.0025761507,5,10.123343,0.9999599,False,1.1491636,Test
2581,1,-23.182293,-14.47189,24.656132,-0.742083,0.5946566,2.891995,-16.228655,-20.510307,1.6750822e-21,1.0160528e-17,1.0,9.326005e-12,3.550045e-11,3.531468e-10,1.753727e-18,2.4236213e-20,2,39.12802,1.0,False,1.26625235e-08,Test
2582,0,-10.105658,-6.4230905,8.009737,-0.49688616,0.25462353,3.5206492,-6.65803,-8.226716,1.3411042e-08,5.330664e-07,0.9882764,0.00019975557,0.00042352144,0.011099216,4.2145223e-07,8.7796266e-08,2,18.127188,1.0,False,0.09610857,Test
2583,0,-12.299775,-8.157345,11.619425,0.8049887,-1.1206634,2.0906143,-7.7470803,-11.52246,4.0924313e-11,2.5764189e-09,0.99990416,2.0105206e-05,2.930949e-06,7.271911e-05,3.8832226e-09,8.9036056e-11,2,23.919296,1.0,False,0.0015055281,Test
2584,0,-8.522353,-5.245911,5.9963784,-0.23723105,-0.38675055,1.9377567,-4.8224583,-5.3823175,4.848214e-07,1.2838749e-05,0.9794607,0.0019220501,0.0016551192,0.016918035,1.9607676e-05,1.1201648e-05,2,14.539485,0.9999995,False,0.16223723,Test
2585,0,-9.990195,-5.8533506,9.477411,-1.8609209,1.0615373,-0.2625469,-7.271559,-2.6941056,3.509111e-09,2.1968756e-07,0.9997025,1.1904076e-05,0.00022126001,5.8865502e-05,5.31968e-08,5.1742613e-06,2,19.467903,1.0,False,0.004234675,Test
2586,1,-19.38053,-12.576819,20.509907,0.008011894,0.2598624,2.5146906,-14.353259,-17.402758,4.740286e-18,4.27186e-15,1.0,1.2477873e-09,1.6051576e-09,1.5303009e-08,7.229679e-16,3.4256123e-17,2,33.086727,1.0,False,4.810921e-07,Test
2587,0,-13.621781,-8.459703,12.89674,0.10772857,0.061599333,3.1211376,-9.344962,-12.07738,3.0417667e-12,5.308691e-10,0.9999378,2.7911042e-06,2.6652774e-06,5.681759e-05,2.1904033e-10,1.4251153e-11,2,26.518583,1.0,False,0.0009919635,Test
2588,0,-15.699274,-10.001681,14.924343,0.2855668,-0.12412992,3.1952178,-10.245761,-13.908713,5.015662e-14,1.4954123e-11,0.9999913,4.3899166e-07,2.9142532e-07,8.055676e-06,1.1715438e-11,3.0057887e-13,2,30.623627,1.0,False,0.00016464041,Test
2589,1,-21.762949,-13.78446,22.88657,0.2614033,-0.12481809,3.232126,-15.235314,-20.268608,4.064054e-20,1.1857e-16,1.0,1.492847e-10,1.01456725e-10,2.9119476e-09,2.7789222e-17,1.8111078e-19,2,36.67103,1.0,False,9.081039e-08,Test
2590,0,-5.4124737,-3.6277764,5.9891715,-0.4115264,-0.34928355,-0.22005169,-4.75271,-3.945667,1.11149875e-05,6.622062e-05,0.994445,0.001651175,0.0017572141,0.0019996287,2.1500124e-05,4.81876e-05,2,11.407216,0.9999889,False,0.05939078,Test
2591,0,-6.692149,-4.42636,1.2351345,-0.24197292,-0.69135296,3.9758742,-2.457729,-4.7758756,2.1342514e-05,0.00020571466,0.059159018,0.013505838,0.00861704,0.9168729,0.0014730949,0.00014503486,5,10.754809,0.99997866,False,0.5176561,Test
2592,1,-25.343857,-16.16616,27.07586,0.0031558778,0.0075269975,3.1727085,-18.028965,-23.34512,1.715563e-23,1.660464e-19,1.0,1.7477316e-12,1.7553854e-12,4.159045e-11,2.577649e-20,1.2660395e-22,2,43.24202,1.0,False,1.5710573e-09,Test
2593,0,-15.372028,-9.987796,14.797969,0.39688137,-0.020801045,3.263647,-10.57698,-13.561459,7.894627e-14,1.7205785e-11,0.9999893,5.567784e-07,3.666786e-07,9.788205e-06,9.545424e-12,4.8267195e-13,2,30.17001,1.0,False,0.0001976813,Test
2594,1,-7.88836,-4.817821,7.573543,0.052398026,-0.2995124,1.7934245,-5.8079233,-7.370588,1.9197292e-07,4.1376893e-06,0.9959991,0.0005393457,0.00037934503,0.0030759934,1.5373124e-06,3.2218503e-07,2,12.395373,0.9999959,False,0.041710135,Test
2595,0,-13.887403,-8.966188,13.237189,0.29024148,-0.1366689,3.556708,-9.590968,-13.132532,1.6592453e-12,2.2759733e-10,0.9999336,2.3833238e-06,1.5551714e-06,6.248729e-05,1.218508e-10,3.5297754e-12,2,27.124659,1.0,False,0.0010430284,Test
2596,0,-16.077862,-10.437881,16.612202,-0.014195507,0.14307381,1.755828,-11.74262,-12.958433,6.3516362e-15,1.7877135e-12,0.9999995,6.015156e-08,7.039609e-08,3.5314952e-07,4.849054e-13,1.4375941e-13,2,32.690063,1.0,False,1.1372608e-05,Test
2597,0,-9.720582,-6.4156623,6.970194,-0.36853397,0.07854924,3.8774192,-5.827727,-8.305091,5.386687e-08,1.4676766e-06,0.9550674,0.00062067603,0.0009705789,0.04333702,2.6422133e-06,2.2185138e-07,2,16.73675,0.99999994,False,0.27599728,Test
2598,0,-10.436925,-6.432019,9.50614,-0.38185003,-0.044493187,-0.07763602,-6.65947,-5.5086026,2.1814917e-09,1.1969126e-07,0.9998087,5.07712e-05,7.114263e-05,6.882339e-05,9.53415e-08,3.0136815e-07,2,19.943256,1.0,False,0.0029436422,Test
2599,0,-18.779984,-11.877289,19.606428,0.88459146,-0.882881,2.3713958,-12.630905,-17.703161,2.1330076e-17,2.1222448e-14,1.0,7.399628e-09,1.2635896e-09,3.272806e-08,9.988567e-15,6.261108e-17,2,38.386414,1.0,False,1.050996e-06,Test
2600,0,-17.033375,-10.653915,17.481127,-0.012832077,-0.19197185,2.064732,-11.362684,-14.497391,1.0245697e-15,6.0409647e-13,0.99999976,2.5262123e-08,2.111885e-08,2.0171795e-07,2.973664e-13,1.2939163e-14,2,34.514503,1.0,False,6.0064854e-06,Test
2601,0,-26.471865,-17.306559,28.51295,1.309191,-1.1790023,2.7744274,-18.197212,-25.537708,1.3194629e-24,1.26136e-20,1.0,1.5330527e-12,1.2733517e-13,6.6359223e-12,5.1764724e-21,3.358126e-24,2,54.984818,1.0,False,3.1203254e-10,Test
2602,1,-19.53261,-12.258958,20.912046,-0.59867203,0.22474709,1.208956,-14.081444,-15.471338,2.7233842e-18,3.926589e-15,1.0,4.55002e-10,1.0366207e-09,2.7736806e-09,6.346283e-16,1.5808724e-16,2,33.171005,1.0,False,1.2390231e-07,Test
2603,0,-9.764545,-5.7133317,6.868584,-0.7959214,-0.26246554,0.67079794,-4.6870317,-3.2482312,5.9548196e-08,3.422064e-06,0.99665487,0.00046761922,0.0007972037,0.0020271244,9.550022e-06,4.025943e-05,2,16.63648,0.99999994,False,0.037142485,Test
2604,0,-13.230619,-9.342883,13.914952,-0.12638439,0.17204173,2.9684432,-10.742015,-13.159428,1.624872e-12,7.929431e-11,0.99998057,7.9784104e-07,1.0752796e-06,1.761907e-05,1.957072e-11,1.7447699e-12,2,27.145592,1.0,False,0.00034376717,Test
2605,1,-18.307331,-11.852689,19.474745,0.08800389,-0.021681111,2.3537986,-13.510771,-16.697113,3.903496e-17,2.4812358e-14,1.0,3.805792e-09,3.4104362e-09,3.6683204e-08,4.7268585e-15,1.9532638e-16,2,31.327435,1.0,False,1.1084592e-06,Test
2606,0,-11.2475605,-7.136419,11.568087,-0.09500488,-0.111426026,1.1677988,-8.2211895,-8.870945,1.2338709e-10,7.528626e-09,0.99995255,8.605241e-06,8.465086e-06,3.0422287e-05,2.5445206e-09,1.328681e-09,2,22.815695,1.0,False,0.0008126699,Test
2607,0,-9.978316,-6.37427,7.5310173,-0.03449271,-0.28162208,3.3718586,-5.8294187,-8.256162,2.4471783e-08,8.9925675e-07,0.9837234,0.0005095817,0.0003980035,0.015366442,1.5506351e-06,1.3695826e-07,2,17.525745,1.0,False,0.12597974,Test
2608,0,-12.716337,-8.057806,12.350147,-0.120837726,0.07606378,2.365427,-8.838614,-10.755911,1.2993926e-11,1.3706128e-09,0.9999454,3.836155e-06,4.6709984e-06,4.609644e-05,6.277889e-10,9.228747e-11,2,25.06654,1.0,False,0.0008945805,Test
2609,0,-14.881466,-9.6964245,15.59605,-0.15635033,0.08958493,2.1305373,-11.098307,-13.280102,5.804732e-14,1.0366139e-11,0.9999982,1.4415133e-07,1.8434318e-07,1.4190613e-06,2.5514515e-12,2.879027e-13,2,30.477518,1.0,False,3.7461752e-05,Test
2610,0,-6.292818,-3.891423,0.679613,-0.4037429,-0.8298885,2.6154935,-1.9316803,-2.151367,0.00010857621,0.0011985259,0.115830556,0.039203748,0.025600882,0.8027224,0.008506537,0.006828796,5,9.128058,0.9998914,False,1.0539597,Test
2611,0,-6.6283092,-4.1387444,3.4948208,-0.31361058,-0.32455394,2.242993,-3.6621938,-4.218141,3.0138604e-05,0.0003633519,0.75083166,0.016655661,0.016474385,0.21472406,0.0005851814,0.00033561833,2,10.409703,0.99996984,False,0.99774015,Test
2612,0,-18.927505,-11.940284,19.40237,0.45257977,-0.08311179,2.9912014,-13.2720175,-17.23642,2.2570768e-17,2.4437554e-14,0.9999999,5.8912883e-09,3.4479593e-09,7.4596734e-08,6.451982e-15,1.2245473e-16,2,38.329876,1.0,False,2.1101569e-06,Test
2613,1,-24.079014,-15.782559,26.106628,0.9377652,-0.9227218,2.5224357,-17.197348,-22.781918,1.6019631e-22,6.4232865e-19,1.0,1.1730096e-11,1.8251659e-12,5.721573e-11,1.5607068e-19,5.861034e-22,2,41.889187,1.0,False,2.4438576e-09,Test
2614,0,-17.602945,-10.518539,19.245148,-1.1178492,0.4077221,1.2481502,-12.739782,-14.878013,9.93293e-17,1.1852089e-13,1.0,1.4337147e-09,6.5918933e-09,1.5275772e-08,1.2856459e-14,1.5153026e-15,2,36.84809,1.0,False,6.178933e-07,Test
2615,0,-15.808535,-10.190564,15.028894,0.35426313,-0.33671317,2.8338828,-10.243579,-13.983888,4.0501605e-14,1.1151297e-11,0.9999943,4.23532e-07,2.1222624e-07,5.0555855e-06,1.0575532e-11,2.5113424e-13,2,30.837435,1.0,False,0.000110787594,Test
2616,0,-13.819446,-8.329737,13.7037,-0.4860532,0.28679475,0.26719108,-9.193477,-8.599188,1.113905e-12,2.6977323e-10,0.9999964,6.8780736e-07,1.4897399e-06,1.4608199e-06,1.13731545e-10,2.0605241e-10,2,27.52315,1.0,False,7.658474e-05,Test
2617,0,-20.428432,-13.127301,21.153818,0.5981747,-0.4047886,2.845636,-14.109036,-18.77128,8.730863e-19,1.2938938e-15,1.0,1.1824904e-09,4.3372644e-10,1.1190711e-08,4.8477077e-16,4.578783e-18,2,41.582253,1.0,False,3.4413904e-07,Test
2618,0,-15.661429,-9.782341,16.197857,0.09812489,-0.27591592,2.1976385,-10.938244,-14.162598,1.4577628e-14,5.2112624e-12,0.9999989,1.0185328e-07,7.006985e-08,8.3134626e-07,1.6403658e-12,6.5256184e-14,2,31.85929,1.0,False,2.228476e-05,Test
2619,1,-20.052279,-13.123493,20.222298,0.02331588,0.36058095,3.8550692,-14.393852,-18.049822,3.2283052e-18,3.296909e-15,0.9999999,1.6892481e-09,2.366823e-09,7.7947554e-08,9.25544e-16,2.39128e-17,2,33.34579,1.0,False,2.0436073e-06,Test
2620,0,-12.118832,-7.403306,11.691928,0.20950302,-0.04459283,2.2424204,-8.42724,-10.337462,4.5611667e-11,5.0933453e-09,0.99990296,1.0308706e-05,7.995611e-06,7.872067e-05,1.8294246e-09,2.708415e-10,2,23.810858,1.0,False,0.0015195379,Test
2621,0,-20.981617,-13.546457,21.617554,0.16965431,0.063843355,3.3562286,-14.8826885,-18.913532,3.1580226e-19,5.351369e-16,1.0,4.845023e-10,4.3585524e-10,1.1727541e-08,1.4065183e-16,2.4978882e-18,2,42.59917,1.0,False,3.3751317e-07,Test
2622,0,-10.982458,-6.9299192,9.661326,-0.78445566,0.9490068,2.4148703,-7.7796817,-7.335139,1.0817459e-09,6.2247246e-08,0.9990945,2.9044319e-05,0.00016439716,0.00071205024,2.6611735e-08,4.1508333e-08,2,20.64469,1.0,False,0.011258474,Test
2623,0,-15.816527,-10.25562,14.771868,0.6476552,-0.5514353,3.523875,-10.123152,-14.924802,5.1954497e-14,1.3511193e-11,0.99998605,7.343896e-07,2.2139506e-07,1.3033254e-05,1.542497e-11,1.267342e-13,2,30.588408,1.0,False,0.00025147822,Test
2624,1,-15.835284,-9.7952175,16.165583,0.6890055,-0.7407174,2.1484692,-10.328559,-14.814933,1.2653192e-14,5.3133366e-12,0.99999905,1.8993616e-07,4.5466024e-08,8.174185e-07,3.1170266e-12,3.51021e-14,2,25.9608,1.0,False,2.3428178e-05,Test
2625,1,-0.7455338,-3.6368124,3.026101,0.52343553,-1.3980296,-1.0104679,-4.5778546,-3.9435441,0.020237079,0.0011232634,0.87932235,0.07198703,0.010538351,0.01552703,0.0004383208,0.00082655076,2,6.7915173,0.99887675,False,0.73716956,Test
2626,0,-12.2439,-7.6668844,11.720287,-0.792633,0.5553173,1.3370699,-8.63417,-7.5312095,3.91259e-11,3.803966e-09,0.9999511,3.6786332e-06,1.4160994e-05,3.0946e-05,1.4459391e-09,4.3567208e-09,2,23.964237,1.0,False,0.0008287735,Test
2627,0,-9.0913925,-5.502617,6.1580825,-1.1580143,0.2503558,1.3832318,-4.9911304,-3.015914,2.355473e-07,8.5243955e-06,0.98819166,0.0006569022,0.00268626,0.008339688,1.42167255e-05,0.000102476755,2,15.261354,0.99999976,False,0.10614866,Test
2628,0,-12.967573,-8.147935,12.935712,-0.46705562,0.18989071,1.4931948,-9.416829,-9.420778,5.627808e-12,6.974e-10,0.99998486,1.5109343e-06,2.9144305e-06,1.0729298e-05,1.9606868e-10,1.9529571e-10,2,25.903301,1.0,False,0.00028180305,Test
2629,1,-10.024683,-6.134019,8.617914,0.14893459,-0.28352237,1.9079378,-6.1983037,-7.6992974,7.9973015e-09,3.9141497e-07,0.99843675,0.00020955081,0.0001359802,0.001216788,3.670448e-07,8.181742e-08,2,14.753497,0.9999996,False,0.018360935,Test
2630,0,-18.725334,-11.783104,19.79758,0.81143004,-0.9783084,2.0500503,-12.586892,-17.765642,1.8608468e-17,1.926118e-14,1.0,5.680931e-09,9.48738e-10,1.9604043e-08,8.621892e-15,4.8584612e-17,2,38.522915,1.0,False,6.8599303e-07,Test
2631,0,-15.66049,-9.439275,16.27166,-2.296725,1.2647976,-0.1232287,-11.716526,-7.9475164,1.35532454e-14,6.8215516e-12,0.9999995,8.626865e-09,3.0381008e-07,7.582116e-08,6.9965686e-13,3.0321086e-11,2,31.93215,1.0,False,9.119363e-06,Test
2632,0,-8.78373,-5.2289786,7.358413,-0.4810697,-0.027596984,1.0367562,-4.969077,-4.7503376,9.734899e-08,3.4051823e-06,0.99718374,0.00039276347,0.0006181185,0.0017919025,4.4158505e-06,5.495552e-06,2,16.144964,0.9999999,False,0.031678516,Test
2633,0,2.0732439,-3.8202496,-0.9000796,4.1507297,-3.6554794,-0.6122396,-2.6499064,-8.135303,0.10966568,0.00030238414,0.005607544,0.87561125,0.00035654785,0.007477909,0.0009746137,4.0416207e-06,3,2.2103188,0.8903343,False,0.6296972,Test
2634,1,-17.765059,-11.220178,18.796137,-0.6834791,0.37315384,0.82558715,-12.961439,-13.033323,1.3233496e-16,9.2061877e-14,1.0,3.4682484e-09,9.977002e-09,1.5685163e-08,1.6138382e-14,1.5019002e-14,2,30.016315,1.0,False,7.693042e-07,Test
2635,0,-3.3334825,-2.666382,3.400158,-0.5492972,-0.63194674,-0.77294177,-3.2982311,-2.1449137,0.0011217057,0.0021857335,0.94245785,0.018156633,0.01671634,0.014518035,0.001161953,0.0036818658,2,6.792905,0.9988783,False,0.4443106,Test
2636,0,-12.507875,-7.8391175,11.650122,0.24152632,-0.0031746812,2.6839633,-8.3726225,-10.690372,3.2229316e-11,3.4345284e-09,0.99985254,1.10980345e-05,8.689076e-06,0.0001276389,2.0145083e-09,1.9841871e-10,2,24.158144,1.0,False,0.002192645,Test
2637,0,-17.518612,-11.686275,17.701136,0.099583894,0.102080435,2.6767366,-12.706767,-14.252229,5.061241e-16,1.7266733e-13,0.99999964,2.2685237e-08,2.2741947e-08,2.9852887e-07,6.223231e-14,1.3268737e-14,2,35.21975,1.0,False,8.054249e-06,Test
2638,0,-17.918573,-11.54615,17.855947,0.6696256,-0.33898085,3.1262174,-12.349626,-16.540335,2.906182e-16,1.7014962e-13,0.9999995,3.436175e-08,1.2532637e-08,4.0082892e-07,7.618784e-14,1.1531459e-15,2,35.77452,1.0,False,1.0386725e-05,Test
2639,0,-9.878983,-5.8274226,8.2475815,-1.3753614,0.6046311,0.2132138,-6.0897784,-2.6534207,1.3407479e-08,7.707562e-07,0.99911124,6.61337e-05,0.00047898575,0.00032384138,5.928944e-07,1.8423361e-05,2,18.127453,1.0,False,0.011554128,Test
2640,0,-25.807785,-16.920832,28.319359,0.90092725,-0.79530615,1.8716527,-18.319826,-24.447815,3.1108574e-24,2.2513123e-20,1.0,1.236876e-12,2.2680992e-13,3.26518e-12,5.557253e-21,1.21201394e-23,2,54.127144,1.0,False,1.8303936e-10,Test
2641,0,-12.4484825,-7.2799497,11.20073,-1.4556,1.346171,0.80913156,-8.775762,-6.47905,5.360932e-11,9.416835e-09,0.9999137,3.187045e-06,5.2502735e-05,3.0686584e-05,2.1099993e-09,2.0976412e-08,2,23.649298,1.0,False,0.0013902227,Test
2642,1,-9.440183,-5.5621114,9.279827,-0.37635607,0.049478304,0.52276593,-6.816184,-5.9620285,7.4107893e-09,3.5817004e-07,0.99968004,6.4007945e-05,9.79877e-05,0.00015729602,1.02200204e-07,2.4010833e-07,2,14.842258,0.99999964,False,0.00466099,Test
2643,0,-10.70456,-6.172828,10.175677,-1.7521374,1.0290647,0.2127591,-7.8696556,-4.2075825,8.545907e-10,7.940806e-08,0.99983907,6.603073e-06,0.000106563115,4.710746e-05,1.45526196e-08,5.6670854e-07,2,20.880398,1.0,False,0.0024431387,Test
2644,1,-6.8294983,-5.388367,7.906625,-0.34957722,-0.07279338,0.7782801,-6.707659,-6.6509924,3.9771535e-07,1.6805345e-06,0.9985948,0.00025927846,0.0003419574,0.000800919,4.4924846e-07,4.7544086e-07,2,13.296398,0.99999833,False,0.017350374,Test
2645,0,-18.340109,-11.588413,18.75521,1.0205268,-1.0656904,2.6015947,-11.665649,-17.443192,7.7572263e-17,6.636383e-14,0.9999999,1.98575e-08,2.465424e-09,9.65103e-08,6.1431085e-14,1.9021008e-16,2,37.09532,1.0,False,2.9997045e-06,Test
2646,0,-8.289614,-4.90536,6.297283,-1.3125068,0.22980432,1.1482747,-5.286588,-3.3150895,4.5838004e-07,1.3520362e-05,0.99136716,0.0004912978,0.0022970056,0.0057550413,9.234703e-06,6.631843e-05,2,14.595567,0.9999995,False,0.08206265,Test
2647,0,-19.881462,-12.740359,20.741602,0.60209054,-0.4634012,2.5607548,-13.75666,-18.31346,2.278391e-18,2.8771956e-15,1.0,1.7927572e-09,6.1770894e-10,1.2710376e-08,1.0413478e-15,1.0929552e-17,2,40.623062,1.0,False,4.0437197e-07,Test
2648,0,-12.003745,-7.6637235,10.672883,-0.18165168,0.108988136,3.30059,-8.092974,-10.555298,1.4170105e-10,1.0869769e-08,0.9993268,1.9303801e-05,2.5814643e-05,0.00062800245,7.0761836e-09,6.0315114e-10,2,22.677301,1.0,False,0.008347067,Test
2649,0,-8.132108,-5.275936,4.19883,-0.86795497,0.14942582,2.882166,-4.395894,-4.4013658,3.4151294e-06,5.940557e-05,0.7738658,0.0048774066,0.013490616,0.20741764,0.00014322676,0.00014244528,2,12.587296,0.9999966,False,0.8827257,Test
2650,0,-15.321833,-9.53929,16.118383,-0.6766219,0.20607853,0.7738142,-10.90959,-11.142261,2.2166009e-14,7.194723e-12,0.99999964,5.081846e-08,1.2284957e-07,2.1673952e-07,1.8276804e-12,1.4482816e-12,2,31.440216,1.0,False,9.3659655e-06,Test
2651,0,-16.818417,-11.024065,16.140984,-0.031013904,0.44318464,4.015415,-12.095608,-14.890899,4.8519013e-15,1.5935543e-12,0.9999944,9.475202e-08,1.522405e-07,5.419137e-06,5.457601e-13,3.3344323e-14,2,32.959404,1.0,False,0.00010871342,Test
2652,0,-6.5052023,-3.2213469,5.584374,-3.5618322,0.7459099,-3.5598605,-5.0885496,6.1063375,2.0855632e-06,5.5639553e-05,0.37124413,3.958336e-05,0.002939959,3.96615e-05,8.599393e-06,0.62567025,7,13.080472,0.9999979,False,0.98085195,Test
2653,0,-14.11204,-9.283011,12.868654,-0.10043248,0.27531803,3.9860113,-9.824669,-12.464766,1.915891e-12,2.3965774e-10,0.9998555,2.3309583e-06,3.3940705e-06,0.00013875688,1.3942872e-10,9.948849e-12,2,26.980839,1.0,False,0.0020919102,Test
2654,0,-17.925804,-11.24467,18.776009,0.5917597,-0.66181654,1.5518036,-12.062114,-16.043716,1.1497548e-16,9.166099e-14,1.0,1.26672e-08,3.6162644e-09,3.3084365e-08,4.0473728e-14,7.550671e-16,2,36.701813,1.0,False,1.2558542e-06,Test
2655,0,-9.318007,-6.069618,6.31505,-0.45106012,0.49582216,2.7453408,-5.795351,-5.687469,1.5734123e-07,4.051353e-06,0.96870863,0.0011161146,0.0028769644,0.027282748,5.3298227e-06,5.936974e-06,2,15.664849,0.9999998,False,0.22169136,Test
2656,0,-19.017815,-12.107188,19.745584,0.3000289,-0.08283247,2.3790457,-13.503609,-16.898546,1.4630881e-17,1.4672935e-14,1.0,3.588417e-09,2.4469662e-09,2.8695114e-08,3.63128e-15,1.218025e-16,2,38.763397,1.0,False,8.896142e-07,Test
2657,0,-12.433187,-7.9507246,10.851784,0.04480531,0.2970872,3.9091783,-8.55772,-11.055045,7.7095136e-11,6.819219e-09,0.9989889,2.0237165e-05,2.604438e-05,0.00096477364,3.7163808e-09,3.0587596e-10,2,23.28598,1.0,False,0.011835046,Test
2658,0,-8.184972,-5.0627236,4.487946,-0.2566423,-0.32025307,2.841899,-4.141544,-5.040314,2.5908184e-06,5.880474e-05,0.8264479,0.007188975,0.0067459205,0.15934789,0.00014773237,6.0137398e-05,2,12.863537,0.99999744,False,0.7529414,Test
2659,0,-22.95242,-14.606847,24.537945,0.71387094,-0.7487315,2.966807,-15.81905,-22.150259,2.3724493e-21,9.991563e-18,1.0,4.501282e-11,1.0426438e-11,4.283252e-10,2.9728975e-18,5.2914114e-21,2,47.490364,1.0,False,1.5257223e-08,Test
2660,0,-13.476997,-8.496342,13.305564,0.43606007,-0.3640182,1.9913833,-9.01284,-11.869059,2.3360066e-12,3.40052e-10,0.999984,2.5753632e-06,1.1570945e-06,1.2198515e-05,2.0287702e-10,1.1662558e-11,2,26.782578,1.0,False,0.0002927282,Test
2661,0,-21.22691,-13.631427,22.424576,0.2724385,-0.10533832,1.9074439,-14.999556,-18.122837,1.1025563e-19,2.1931918e-16,1.0,2.3957902e-10,1.6420346e-10,1.2289179e-09,5.583486e-17,2.4574366e-18,2,43.651485,1.0,False,4.936983e-08,Test
2662,0,-10.6557455,-6.136299,11.213138,-3.8128521,1.924932,-1.8430378,-9.237658,-0.20893861,3.1799385e-10,2.9186964e-08,0.999894,2.980229e-07,9.249906e-05,2.136629e-06,1.313067e-09,1.0949878e-05,2,21.86899,1.0,False,0.0016201447,Test
2663,0,-16.185183,-10.060287,16.633898,-0.53603274,0.24270573,1.3958462,-11.459348,-12.4520855,5.5828293e-15,2.5518932e-12,0.99999964,3.492958e-08,7.6101955e-08,2.4110054e-07,6.2988015e-13,2.334091e-13,2,32.81908,1.0,False,8.481263e-06,Test
2664,0,-11.301298,-7.5788116,8.156742,0.012553437,0.30090111,4.946307,-7.2485642,-10.812621,3.4042587e-09,1.4082438e-07,0.9605988,0.0002789753,0.00037221474,0.03874966,1.9593081e-07,5.549474e-09,2,19.49824,1.0,False,0.24497417,Test
2665,0,-18.718426,-12.272692,18.84992,1.4379654,-1.210423,2.9894829,-12.243852,-18.123167,4.833652e-17,3.0452383e-14,0.9999999,2.7421047e-08,1.9404558e-09,1.2938965e-07,3.134339e-14,8.7658116e-17,2,37.568344,1.0,False,3.877629e-06,Test
2666,1,-18.452421,-11.904766,19.566015,-0.21608534,0.3461249,2.4851491,-13.771844,-16.26932,3.0817888e-17,2.1498757e-14,1.0,2.5629658e-09,4.4968416e-09,3.8183366e-08,3.3231606e-15,2.7347136e-16,2,31.470781,1.0,False,1.1387704e-06,Test
2667,0,-8.225183,-4.408715,6.652682,-2.080895,0.63035136,-1.4397017,-5.2000527,1.3153524,3.4299225e-07,1.5586744e-05,0.99233633,0.00015985077,0.0024054374,0.00030351587,7.0645037e-06,0.0047718436,2,14.885558,0.99999964,False,0.074676566,Test
2668,0,-21.392982,-14.186344,23.125332,0.34157997,-0.34022912,2.8981953,-15.651482,-20.320332,4.6338474e-20,6.248057e-17,1.0,1.2739197e-10,6.442232e-11,1.6423518e-09,1.44359e-17,1.3545284e-19,2,44.518314,1.0,False,5.429475e-08,Test
2669,0,-10.186256,-6.061498,8.090622,-0.70038736,0.41281992,0.33922294,-6.0480256,-3.149396,1.1534335e-08,7.1343123e-07,0.99894136,0.00015193342,0.00046250125,0.000429685,7.231087e-07,1.312388e-05,2,18.277937,1.0,False,0.013625596,Test
2670,0,-19.749899,-12.67621,20.927485,0.9085053,-0.8242757,1.9882529,-13.607246,-18.69623,2.1579275e-18,2.547421e-15,1.0,2.0224018e-09,3.5754477e-10,5.953826e-09,1.0040556e-15,6.1892706e-18,2,40.677383,1.0,False,2.3230946e-07,Test
2671,1,-30.995506,-19.836111,34.079422,0.103009656,-0.12310058,2.391334,-21.943037,-28.355028,5.4741634e-29,3.843976e-24,1.0,1.7548136e-15,1.3996946e-15,1.7299696e-14,4.6747064e-25,7.6747393e-28,2,53.915535,1.0,False,9.459602e-13,Test
2672,0,-25.858086,-16.603975,28.095251,0.9264789,-1.1424412,2.1153471,-17.551157,-24.438974,3.701372e-24,3.8669863e-20,1.0,1.5876412e-12,2.005542e-13,5.212799e-12,1.499743e-20,1.5299448e-23,2,53.95334,1.0,False,2.660705e-10,Test
2673,0,-9.526776,-5.5397325,8.886664,-0.6941741,-0.17678736,0.08441222,-5.8952303,-4.9974236,1.0069268e-08,5.4268634e-07,0.999663,6.901578e-05,0.000115783456,0.00015034335,3.8032803e-07,9.33406e-07,2,18.413778,1.0,False,0.004901764,Test
2674,0,-12.5790615,-8.438279,13.538792,0.35183015,-0.8251623,1.9481541,-9.112019,-13.156771,4.541041e-12,2.8541366e-10,0.9999883,1.8748669e-06,5.7784206e-07,9.252203e-06,1.4550337e-10,2.5483526e-12,2,26.117865,1.0,False,0.00021922494,Test
2675,0,-14.7257,-9.145304,14.994271,-1.6367369,1.1017773,-0.13949637,-10.799684,-7.611691,1.2381696e-13,3.283332e-11,0.9999987,5.987484e-08,9.259038e-07,2.6760085e-07,6.278085e-12,1.5217894e-10,2,29.719973,1.0,False,2.764896e-05,Test
2676,0,-23.216187,-15.104433,24.16802,0.21441965,0.18173194,3.5974362,-16.812212,-20.914524,2.638151e-21,8.794076e-18,1.0,3.9544285e-11,3.8272555e-11,1.164955e-09,1.5940843e-18,2.635728e-20,2,47.38421,1.0,False,3.726344e-08,Test
2677,0,-12.448789,-7.613377,11.417322,-0.23763362,-0.07187085,2.3758454,-7.873995,-9.935114,4.315387e-11,5.4326645e-09,0.9998627,8.674758e-06,1.0238758e-05,0.000118379554,4.1862758e-09,5.329607e-10,2,23.86625,1.0,False,0.0020581488,Test
2678,0,-12.665389,-7.482526,12.540722,-2.2291682,0.78906155,-0.8500156,-8.917341,-3.7480273,1.1301091e-11,2.0137711e-09,0.9999901,3.8504726e-07,7.876159e-06,1.5292281e-06,4.79598e-10,8.431049e-08,2,25.206121,1.0,False,0.00018752378,Test
2679,0,-7.4695196,-4.707843,5.7026324,-0.97988266,0.3939926,0.002621295,-5.4027357,-1.433683,1.8832945e-06,2.9805695e-05,0.9897169,0.0012397426,0.004897765,0.0033115211,1.4876854e-05,0.00078749645,2,13.1824875,0.9999981,False,0.10043647,Test
2680,0,-15.473577,-9.548664,15.900412,-1.1902081,0.47509396,0.50717187,-10.57166,-9.913908,2.3683693e-14,8.863529e-12,0.9999995,3.781271e-08,1.9992605e-07,2.0644322e-07,3.1865793e-12,6.151531e-12,2,31.37399,1.0,False,1.06547395e-05,Test
2681,0,-17.300982,-11.066652,17.94112,-0.053973824,-0.021072462,2.342664,-12.42772,-14.876154,4.949357e-16,2.5239712e-13,0.99999976,1.5304874e-08,1.5816806e-08,1.6814205e-07,6.471137e-14,5.5929124e-15,2,35.242104,1.0,False,4.8490383e-06,Test
2682,0,-14.481398,-10.028876,16.750454,-0.66807634,0.2833209,1.051438,-12.141733,-12.667984,2.730103e-14,2.3436032e-12,0.99999964,2.7241349e-08,7.053668e-08,1.5205615e-07,2.8332336e-13,1.6739195e-13,2,31.231852,1.0,False,6.148289e-06,Test
2683,0,-18.561325,-11.922963,19.233448,0.5504864,-0.28624204,2.268746,-13.108664,-16.293028,3.8542385e-17,2.944035e-14,1.0,7.692943e-09,3.3320118e-09,4.288676e-08,8.994981e-15,3.724332e-16,2,37.794773,1.0,False,1.3508375e-06,Test
2684,0,-26.2585,-16.843557,28.184053,0.73943,-0.9340341,3.0103137,-17.86406,-24.907434,2.2693457e-24,2.7845633e-20,1.0,1.2049008e-12,2.2603473e-13,1.1673026e-11,1.0035974e-20,8.76314e-24,2,54.44255,1.0,False,4.811438e-10,Test
2685,0,-24.30097,-15.789137,26.602877,0.75393164,-0.753605,2.0099764,-17.056515,-22.99839,7.811605e-23,3.8849233e-19,1.0,5.9421764e-12,1.3159246e-12,2.0866016e-11,1.0938718e-19,2.8737193e-22,2,50.903847,1.0,False,1.0138596e-09,Test
2686,1,-26.149778,-16.691778,28.174334,0.31762502,-0.16957793,2.8280203,-18.521542,-23.847433,2.5546886e-24,3.2726173e-20,1.0,7.979675e-13,4.902249e-13,9.8228144e-12,5.2509546e-21,2.5540759e-23,2,44.86611,1.0,False,4.1130624e-10,Test
2687,0,-11.242801,-7.1678395,9.473959,0.6130556,-0.35641024,3.1766253,-7.0874186,-10.261636,1.0044822e-09,5.911194e-08,0.9979672,0.00014153853,5.3683554e-05,0.0018374645,6.406207e-08,2.6795135e-09,2,20.718794,1.0,False,0.022203105,Test
2688,0,-10.219443,-6.3971252,7.9155746,-0.3805098,0.02917749,3.4773333,-6.073537,-9.043096,1.31429e-08,6.00762e-07,0.9877094,0.00024642542,0.0003712022,0.011671471,8.303009e-07,4.2615987e-08,2,18.147385,1.0,False,0.0997775,Test
2689,0,-14.526516,-9.012196,14.459997,0.25656143,-0.16184913,2.307211,-10.098112,-12.793342,2.5781875e-13,6.3996086e-11,0.99999356,6.7845866e-07,4.4648831e-07,5.273624e-06,2.1604583e-11,1.4588913e-12,2,28.986519,1.0,False,0.00012498637,Test
2690,0,-17.04566,-10.840298,17.485464,-0.019795528,0.09897597,2.1596885,-12.192783,-14.443871,1.0076814e-15,4.9920376e-13,0.99999976,2.4978243e-08,2.812834e-08,2.2085148e-07,1.2909244e-13,1.3591458e-14,2,34.531124,1.0,False,6.5634845e-06,Test
2691,0,-14.749333,-9.181067,15.200892,0.6683392,-0.8695542,2.0618489,-9.832484,-14.132563,9.8351516e-14,2.5766072e-11,0.9999974,4.8819237e-07,1.0488004e-07,1.9669105e-06,1.3432025e-11,1.8223911e-13,2,29.950228,1.0,False,5.3650157e-05,Test
2692,0,-9.840545,-5.658422,7.572659,0.056775674,-0.5388264,0.239874,-4.6747103,-4.442258,2.7345502e-08,1.7912611e-06,0.9984915,0.0005435477,0.00029962012,0.0006527641,4.7904828e-06,6.0441057e-06,2,17.414713,1.0,False,0.01870798,Test
2693,0,-8.968214,-5.031895,5.557784,-1.5125709,0.14313936,-0.22658727,-4.582978,0.45986736,4.843568e-07,2.481343e-05,0.985658,0.00083774165,0.004387084,0.0030311379,3.8873095e-05,0.0060218396,2,14.540444,0.9999995,False,0.13419877,Test
2694,0,-25.228127,-16.602312,27.694649,0.1871225,0.18038352,2.0062912,-19.276625,-22.256477,1.037363e-23,5.7819615e-20,1.0,1.131444e-12,1.1238453e-12,6.9773055e-12,3.9868906e-21,2.025357e-22,2,52.922775,1.0,False,3.4809425e-10,Test
2695,0,-15.559081,-9.526696,16.005526,-0.24946639,0.028151594,1.4186735,-10.782644,-12.452305,1.957337e-14,8.156357e-12,0.9999993,8.720604e-08,1.15110325e-07,4.62392e-07,2.3229793e-12,4.3744248e-13,2,31.564606,1.0,False,1.5375485e-05,Test
2696,0,-13.426117,-8.104466,13.892597,-3.3141398,2.605639,0.33248183,-11.638614,-5.5804687,1.3665553e-12,2.7976352e-10,0.9999862,3.366688e-08,1.2535166e-05,1.2909533e-06,8.1644995e-12,3.4909913e-09,2,27.318727,1.0,False,0.00025043832,Test
2697,0,-18.921606,-12.08079,19.665356,0.07718305,-0.11525144,2.1660428,-13.169576,-16.326666,1.7454052e-17,1.6323914e-14,1.0,3.1114626e-09,2.5667966e-09,2.5127239e-08,5.4950407e-15,2.3381074e-16,2,38.58696,1.0,False,7.955464e-07,Test
2698,0,-12.395272,-7.294771,12.150108,-0.99921924,0.20913278,0.10941608,-8.379742,-6.4382,2.1881183e-11,3.5907888e-09,0.9999856,1.9467645e-06,6.517696e-06,5.8991236e-06,1.2133697e-09,8.456565e-09,2,24.545395,1.0,False,0.00027277487,Test
2699,0,-24.703197,-16.80172,27.270756,-0.060762763,0.43258673,1.8387054,-19.284828,-21.403624,2.6791616e-23,7.237143e-20,1.0,1.349188e-12,2.2096895e-12,9.0157265e-12,6.0418064e-21,7.2608333e-22,2,51.973953,1.0,False,4.695508e-10,Test
2700,0,-14.605452,-9.16263,13.703261,-0.1485679,0.06371516,2.8529701,-9.64646,-12.513482,5.0777725e-13,1.1734391e-10,0.9999784,9.643119e-07,1.1923696e-06,1.939854e-05,7.233293e-11,4.113425e-12,2,28.308733,1.0,False,0.00037744176,Test
2701,0,-7.9864635,-4.4697013,5.424381,-1.9368764,0.3256368,-0.76679116,-4.507099,1.247053,1.4633486e-06,4.927861e-05,0.97634584,0.00062036933,0.0059600146,0.0019989954,4.7469708e-05,0.014976604,2,13.434783,0.9999985,False,0.19449064,Test
2702,0,-10.17365,-5.593083,9.3373165,-2.6275878,0.9766934,-2.3014922,-7.292569,1.1145904,3.3594616e-09,3.277821e-07,0.9994823,6.360379e-06,0.00023377739,8.812609e-06,5.991107e-08,0.00026834322,2,19.511484,1.0,False,0.0070165806,Test
2703,0,-13.061659,-8.31982,11.458637,0.12507129,0.03432236,3.5202408,-8.609273,-11.408461,2.242879e-11,2.5713436e-09,0.99962044,1.195997e-05,1.09224075e-05,0.0003566427,1.925098e-09,1.1716036e-10,2,24.520676,1.0,False,0.005007924,Test
2704,1,-12.574159,-8.343264,10.604927,0.18210177,0.025199035,4.461128,-8.427612,-12.249904,8.560441e-11,5.88776e-09,0.9978029,2.968038e-05,2.5370395e-05,0.0021420363,5.4115032e-09,1.1839066e-10,2,18.95039,1.0,False,0.022993281,Test
2705,0,-23.526955,-15.3758745,25.035496,0.4633514,-0.17144176,2.1706393,-16.893795,-20.901628,8.1207427e-22,2.8155634e-18,1.0,2.1303632e-11,1.1291874e-11,1.1746781e-10,6.170785e-19,1.1213975e-20,2,48.56245,1.0,False,5.0407682e-09,Test
2706,1,-22.86736,-15.102769,25.228384,0.831594,-0.90067947,1.8087335,-16.398441,-21.901127,1.2950454e-21,3.0507205e-18,1.0,2.5386856e-11,4.490475e-12,6.744889e-11,8.350266e-19,3.4034104e-21,2,40.331154,1.0,False,3.3417422e-09,Test
2707,0,-19.575424,-12.467615,20.331337,0.66649574,-0.36384684,2.5568187,-13.684171,-18.019295,4.66352e-18,5.6963533e-15,1.0,2.881829e-09,1.0284791e-09,1.9082027e-08,1.6875363e-15,2.2107125e-17,2,39.90676,1.0,False,6.017905e-07,Test
2708,0,-12.141197,-7.878251,12.467807,-0.3822963,0.19508108,0.31128794,-9.123633,-8.613222,2.053239e-11,1.4581893e-09,0.9999875,2.6258238e-06,4.677538e-06,5.253944e-06,4.1971185e-10,6.9923056e-10,2,24.609018,1.0,False,0.00024177975,Test
2709,0,-20.868227,-13.667743,21.933636,0.6567675,-0.35159183,2.4384,-14.773067,-18.948286,2.5786143e-19,3.4555516e-16,1.0,5.748748e-10,2.097244e-10,3.4144976e-09,1.1441458e-16,1.7587649e-18,2,42.801865,1.0,False,1.2042427e-07,Test
2710,0,-21.733276,-14.076344,23.198885,0.038878158,-0.047894243,3.468576,-15.821689,-20.904476,3.063452e-20,6.479972e-17,1.0,8.7445315e-11,8.0177476e-11,2.699205e-09,1.1313074e-17,7.0170216e-20,2,44.93216,1.0,False,8.244317e-08,Test
2711,0,-22.65994,-14.610843,24.08285,0.87606096,-0.88043505,2.5053551,-15.311042,-21.550776,5.010305e-21,1.5687126e-17,1.0,8.3448706e-11,1.44073095e-11,4.256117e-10,7.788446e-18,1.5190374e-20,2,46.74279,1.0,False,1.6561945e-08,Test
2712,1,-14.789332,-9.621268,13.849301,-0.5879956,0.62160724,2.4781737,-10.432924,-11.28156,3.650845e-13,6.409957e-11,0.9999862,5.369769e-07,1.800028e-06,1.1523272e-05,2.8468002e-11,1.2184273e-11,2,23.470583,1.0,False,0.00025452924,Test
2713,0,-10.752537,-6.69531,9.185718,-0.6167419,-0.3610563,1.5488229,-5.9445424,-7.623534,2.1910944e-09,1.2667557e-07,0.99939084,5.528168e-05,7.1387825e-05,0.0004820301,2.6837787e-07,5.0069133e-08,2,19.938864,1.0,False,0.007964941,Test
2714,0,-16.947702,-11.739072,17.925434,0.27507165,0.005644206,2.6537519,-13.090854,-15.705083,7.1579446e-16,1.3087873e-13,0.99999976,2.1604542e-08,1.6501897e-08,2.3312688e-07,3.386857e-14,2.4800038e-15,2,34.87314,1.0,False,6.4570727e-06,Test
2715,0,-14.587972,-9.496996,13.642888,0.5389186,-0.34271234,3.6318645,-9.773006,-13.44988,5.48874e-13,8.9218494e-11,0.9999522,2.0370308e-06,8.4354866e-07,4.4900065e-05,6.769957e-11,1.7129305e-12,2,28.230907,1.0,False,0.0007729015,Test
2716,1,-17.327322,-11.37944,18.619137,-0.12481373,0.099687174,1.9877448,-13.318004,-15.136559,2.447102e-16,9.370946e-14,0.9999999,7.2377895e-09,9.059524e-09,5.985196e-08,1.3485767e-14,2.1882037e-15,2,29.998577,1.0,False,1.9598606e-06,Test
2717,0,-27.743774,-17.949623,30.264729,1.3114792,-1.4766815,2.1861546,-18.832567,-26.5987,6.415452e-26,1.1501994e-21,1.0,2.6654083e-13,1.6401407e-14,6.391909e-13,4.7567964e-22,2.0161729e-25,2,58.008503,1.0,False,3.777754e-11,Test
2718,0,-21.234514,-14.118556,22.407063,0.86672133,-0.2652229,3.0455184,-15.61862,-19.847202,1.1135332e-19,1.3712765e-16,1.0,4.41722e-10,1.4241368e-10,3.902909e-09,3.0595445e-17,4.458676e-19,2,43.64158,1.0,False,1.2740445e-07,Test
2719,0,-4.0142365,-4.179645,5.8398604,0.818187,-1.5322264,0.43713787,-4.643058,-7.8132854,5.1916173e-05,4.4001434e-05,0.9882863,0.0065162512,0.00062119233,0.0044515403,2.7682761e-05,1.1625106e-06,2,9.86588,0.9999481,False,0.10732766,Test
2720,0,-8.442438,-5.6235065,7.828665,0.20998546,-0.48417383,1.4952526,-5.8311977,-7.2419696,8.559702e-08,1.434515e-06,0.99749076,0.0004899575,0.000244731,0.0017715073,1.165483e-06,2.8432518e-07,2,16.273615,0.99999994,False,0.02819048,Test
2721,0,-15.183681,-9.046068,16.3177,-3.035043,1.4817533,-1.4158779,-11.883146,-5.458196,2.0850858e-14,9.65285e-12,0.99999964,3.937407e-09,3.6043778e-07,1.9879474e-08,5.656244e-13,3.4901843e-10,2,31.50138,1.0,False,8.86054e-06,Test
2722,0,-13.738362,-8.874529,13.713487,-0.020463968,0.12953706,2.169528,-10.197602,-11.351978,1.1962122e-12,1.5493298e-10,0.99998796,1.0849652e-06,1.2605503e-06,9.694318e-06,4.12611e-11,1.3007746e-11,2,27.45186,1.0,False,0.00022503153,Test
2723,0,-21.679073,-13.920581,23.293818,-0.7578754,0.70105803,2.0720315,-16.238836,-17.488743,2.9411748e-20,6.886405e-17,1.0,3.584945e-11,1.5420162e-10,6.074286e-10,6.779327e-18,1.9424877e-18,2,44.972893,1.0,False,2.4867449e-08,Test
2724,0,-14.36511,-8.83264,13.79384,-0.9878704,0.5590491,2.0672197,-9.897022,-10.343281,5.898188e-13,1.490871e-10,0.99998975,3.8052238e-07,1.7873061e-06,8.075862e-06,5.142622e-11,3.2913724e-11,2,28.15896,1.0,False,0.00019358058,Test
2725,0,-9.983613,-6.338128,9.643874,-0.19043216,0.091944814,2.0928495,-7.5037894,-8.45845,2.989567e-09,1.1450443e-07,0.99935013,5.3546675e-05,7.1017836e-05,0.00052522984,3.569293e-08,1.3739712e-08,2,19.628138,1.0,False,0.008402146,Test
2726,0,-12.176239,-7.2011395,11.386965,-0.37387896,-0.22907574,0.541344,-7.469179,-7.1879854,5.8427166e-11,8.458106e-09,0.99996364,7.8039575e-06,9.019906e-06,1.9489056e-05,6.469414e-09,8.57009e-09,2,23.56324,1.0,False,0.0006416053,Test
2727,1,-8.340104,-4.8662353,6.4617643,-0.41683567,-0.41332132,2.185889,-4.7623568,-6.428393,3.670628e-07,1.1841934e-05,0.98426074,0.0010133794,0.001016947,0.013681105,1.3138213e-05,2.483052e-06,2,11.3438635,0.99998814,False,0.12788686,Test
2728,0,-18.843987,-11.9689,19.478054,-0.41724384,0.31763402,2.5554607,-13.439448,-15.869158,2.2748316e-17,2.2017192e-14,1.0,2.288663e-09,4.772386e-09,4.4731223e-08,5.0595273e-15,4.455538e-16,2,38.32204,1.0,False,1.2896883e-06,Test
2729,0,-20.795334,-13.575402,21.66379,-0.29782706,0.74234194,2.566852,-15.721438,-17.098206,3.6327686e-19,4.9637846e-16,1.0,2.898619e-10,8.202206e-10,5.085171e-09,5.804999e-17,1.4651435e-17,2,42.45912,1.0,False,1.7404277e-07,Test
2730,0,-22.732235,-14.633402,24.203487,0.32628223,-0.22892527,2.6697974,-16.027191,-20.918098,4.1311864e-21,1.35941625e-17,1.0,4.2683662e-11,2.4498405e-11,4.4466963e-10,3.3731706e-18,2.5348032e-20,2,46.935722,1.0,False,1.614823e-08,Test
2731,0,-25.812227,-16.640577,27.879902,1.0710216,-1.218083,2.5681143,-17.538513,-24.813417,4.806221e-24,4.6238356e-20,1.0,2.2753667e-12,2.306248e-13,1.0167887e-11,1.883792e-20,1.3049124e-23,2,53.69213,1.0,False,4.689886e-10,Test
2732,0,-23.820541,-15.554851,25.440962,1.0357062,-0.8223212,2.1495037,-16.415754,-22.300428,4.0364553e-22,1.5694421e-18,1.0,2.517282e-11,3.9264603e-12,7.667403e-11,6.6352784e-19,1.8457703e-21,2,49.261505,1.0,False,3.6115286e-09,Test
2733,0,-23.679398,-15.293945,25.043097,0.24112874,0.114999235,2.5169482,-17.081776,-20.55247,6.919725e-22,3.032805e-18,1.0,1.692943e-11,1.4923309e-11,1.6482318e-10,5.074594e-19,1.577965e-20,2,48.722496,1.0,False,6.498943e-09,Test
2734,1,-7.033601,-4.125789,4.8105397,-0.479489,-0.07614477,1.7286521,-4.353987,-4.1976423,6.781569e-06,0.00012421583,0.944442,0.004761514,0.0071271383,0.04332399,9.887165e-05,0.00011560359,2,8.99349,0.9998758,False,0.36620688,Test
2735,1,-14.568254,-9.259358,13.96774,0.18828154,0.07208569,2.9360478,-10.087099,-12.550691,4.0454494e-13,8.1769515e-11,0.9999819,1.0366905e-06,9.229666e-07,1.618039e-05,3.5736154e-11,3.0421737e-12,2,23.227116,1.0,False,0.0003227744,Test
2736,1,-20.740591,-13.304049,21.76883,0.59455526,-0.7370571,1.711336,-13.668175,-18.32486,3.4545578e-19,5.861969e-16,1.0,6.3698535e-10,1.6819685e-10,1.9459934e-09,4.0729087e-16,3.8684065e-18,2,35.072876,1.0,False,8.123081e-08,Test
2737,0,-20.467642,-13.153846,21.672787,1.2387727,-1.1894474,2.1326494,-13.925833,-19.667028,4.9962624e-19,7.498688e-16,1.0,1.3354289e-09,1.1777629e-10,3.2645684e-09,3.4651086e-16,1.112621e-18,2,42.140427,1.0,False,1.352829e-07,Test
2738,0,-16.64806,-11.035773,16.048231,-0.14397393,0.4684276,4.312092,-12.365866,-15.363492,6.312167e-15,1.7280774e-12,0.9999918,9.285622e-08,1.7130647e-07,7.999372e-06,4.569945e-13,2.2806465e-14,2,32.696297,1.0,False,0.00015350124,Test
2739,0,-20.90119,-13.547598,20.944376,0.97491705,-0.49707705,4.123682,-14.070772,-20.175192,6.709678e-19,1.0479151e-15,1.0,2.1250732e-09,4.87635e-10,4.9529667e-08,6.210326e-16,1.3867512e-18,2,41.845566,1.0,False,1.2782504e-06,Test
2740,0,-22.696526,-14.8291445,23.981892,0.35054445,-0.02276839,2.7011716,-16.307188,-20.370495,5.3434405e-21,1.3950237e-17,1.0,5.4580323e-11,3.7575845e-11,5.7266525e-10,3.1818218e-18,5.470201e-20,2,46.678417,1.0,False,2.0743837e-08,Test
2741,0,-15.371709,-9.8521805,15.017619,-1.1119723,1.0930723,1.2782604,-11.126958,-10.040948,6.3398885e-14,1.5819105e-11,0.99999785,9.885684e-08,8.966956e-07,1.079124e-06,4.421336e-12,1.30979e-11,2,30.38933,1.0,False,4.4715005e-05,Test
2742,0,-6.5531826,-3.4256055,0.88005185,-0.23691297,-1.4040459,0.38062006,-0.8423767,0.552909,0.00020045103,0.0045740153,0.33901653,0.110950485,0.03453424,0.2057408,0.060559135,0.24442439,2,8.51494,0.99979955,False,2.297812,Test
2743,0,-25.19258,-16.445581,27.468967,-0.82592714,0.93727803,1.8341057,-19.370747,-20.318298,1.3470437e-23,8.4752577e-20,1.0,5.148529e-13,3.0021612e-12,7.360737e-12,4.5474787e-21,1.7630074e-21,2,52.661545,1.0,False,4.0815515e-10,Test
2744,0,-24.25135,-15.590856,25.409866,0.8883318,-0.5603453,3.6061466,-16.857958,-23.147532,2.7064975e-22,1.5617558e-18,1.0,2.240955e-11,5.2635734e-12,3.3944117e-10,4.398636e-19,8.1618927e-22,2,49.661217,1.0,False,1.1667498e-08,Test
2745,0,-16.519281,-10.138826,17.002764,-2.0338879,1.091946,0.6795749,-11.850668,-10.159048,2.764144e-15,1.6313873e-12,0.99999976,5.4011613e-09,1.2303238e-07,8.1457124e-08,2.9451926e-13,1.5987292e-12,2,33.522045,1.0,False,5.148858e-06,Test
2746,0,-20.813828,-13.419201,22.048845,0.99101514,-0.91847074,2.3235734,-14.127053,-19.857174,2.42649e-19,3.9484118e-16,1.0,7.156493e-10,1.06028235e-10,2.7128362e-09,1.945389e-16,6.3160606e-19,2,42.86267,1.0,False,1.0245538e-07,Test
2747,0,-17.346592,-11.292536,17.927298,0.8741884,-1.0266083,2.2609143,-11.34589,-16.060972,4.79452e-16,2.0416791e-13,0.99999976,3.9258083e-08,5.8671e-09,1.5709989e-07,1.9356019e-13,1.7341309e-15,2,35.273888,1.0,False,5.0210033e-06,Test
2748,1,-14.986969,-9.483584,14.958721,-1.0857595,0.6510604,1.5023592,-10.5705,-10.301447,9.879867e-14,2.4257176e-11,0.99999785,1.0763893e-07,6.113091e-07,1.4321068e-06,8.180869e-12,1.0706499e-11,2,24.442308,1.0,False,4.6009285e-05,Test
2749,0,-18.772367,-12.137259,19.760708,-0.2940946,0.4380441,2.3774962,-14.17402,-15.713579,1.842039e-17,1.4024559e-14,1.0,1.9512376e-09,4.0576404e-09,2.822067e-08,1.8295128e-15,3.923847e-16,2,38.533073,1.0,False,8.7730643e-07,Test
2750,0,-18.15623,-11.5599,18.1609,0.49421698,-0.2931827,3.3605356,-12.215411,-16.645002,1.6891577e-16,1.2371439e-13,0.99999964,2.125479e-08,9.671496e-09,3.7349363e-07,6.422958e-14,7.6557776e-16,2,36.31713,1.0,False,9.290171e-06,Test
2751,0,-20.910048,-13.632475,22.180456,-0.22500221,0.35436466,1.1882613,-15.283114,-16.309324,1.9321108e-19,2.7966728e-16,1.0,1.8596577e-10,3.3193176e-10,7.6419726e-10,5.367579e-17,1.9235379e-17,2,43.090504,1.0,False,3.960719e-08,Test
2752,0,-6.713065,-4.553545,1.9393748,-0.070730135,-0.5061785,3.128707,-3.1818748,-4.2382646,3.8690927e-05,0.0003353334,0.22147061,0.029671438,0.019196667,0.7275058,0.0013218606,0.00045962262,5,10.159905,0.9999613,False,1.0977893,Test
2753,0,-8.888877,-4.968203,8.523241,-2.6325884,1.2989372,-1.3070787,-6.8056135,0.025977207,2.7389149e-08,1.3813551e-06,0.9989986,1.427742e-05,0.00072793,5.37417e-05,2.1995201e-07,0.00020382153,2,17.413118,1.0,False,0.01255533,Test
2754,0,-12.442051,-7.968022,11.024685,0.7433178,-0.65202606,3.207367,-7.8274765,-11.614686,6.431802e-11,5.6412977e-09,0.9995547,3.4250388e-05,8.48546e-06,0.00040252096,6.492574e-09,1.471137e-10,2,23.467182,1.0,False,0.005833533,Test
2755,0,-18.75021,-12.499367,19.962854,0.37322825,-0.032673586,2.608554,-14.183237,-16.894804,1.5386117e-17,7.976958e-15,1.0,3.1069436e-09,2.0703932e-09,2.9048428e-08,1.4809518e-15,9.838352e-17,2,38.713066,1.0,False,8.748185e-07,Test
2756,0,-18.316013,-12.136015,18.987839,0.6216799,-0.48902482,3.171517,-13.253006,-18.33497,6.297133e-17,3.0414595e-14,0.9999999,1.0560348e-08,3.4778067e-09,1.3522545e-07,9.953573e-15,6.178893e-17,2,37.303852,1.0,False,3.6351148e-06,Test
2757,0,-11.009114,-7.231377,9.062449,0.7047561,-0.72662646,3.941003,-6.8931932,-11.235572,1.9068704e-09,8.336262e-08,0.9937807,0.00023312579,5.5712022e-05,0.005930271,1.1690766e-07,1.5204491e-09,2,20.077803,1.0,False,0.056419924,Test
2758,0,-25.425951,-16.115839,27.372005,0.35345003,-0.019988757,2.5518816,-18.245872,-23.198103,1.175271e-23,1.2985787e-19,1.0,1.8449762e-12,1.2700123e-12,1.6624832e-11,1.5431471e-20,1.090641e-22,2,52.79796,1.0,False,7.174048e-10,Test
2759,0,-12.143129,-7.5846257,11.38457,0.28415817,-0.10484128,2.7719533,-8.1302805,-10.819087,6.052857e-11,5.776872e-09,0.9997929,1.5102964e-05,1.0235806e-05,0.00018175994,3.347481e-09,2.275015e-10,2,23.527906,1.0,False,0.0029689954,Test
2760,0,-23.855904,-15.725703,26.077745,-0.17662615,0.13614225,0.9485618,-17.702433,-19.358381,2.0610693e-22,6.9983125e-19,1.0,3.9616058e-12,5.4163297e-12,1.220491e-11,9.694161e-20,1.8507207e-20,2,49.933647,1.0,False,7.952383e-10,Test
2761,0,-22.342478,-14.436459,24.854523,-0.4193127,-0.09851138,1.5833226,-16.453106,-20.44623,3.181295e-21,8.6326405e-18,1.0,1.05611795e-11,1.4555773e-11,7.824312e-11,1.1490127e-18,2.1190144e-20,2,47.197,1.0,False,3.5359642e-09,Test
2762,0,-24.720469,-16.182562,26.437849,0.64499843,-0.2563769,2.064179,-17.679968,-21.817253,6.056545e-23,3.0916527e-19,1.0,6.28503e-12,2.551792e-12,2.5980612e-11,6.916327e-20,1.1042682e-21,2,51.158318,1.0,False,1.2457236e-09,Test
2763,0,-18.355833,-11.644681,18.896873,0.51937276,-0.68010134,2.253137,-12.241304,-16.76048,6.627569e-17,5.444673e-14,0.9999999,1.0441259e-08,3.1465004e-09,5.9117667e-08,2.9982036e-14,3.2674346e-16,2,37.25271,1.0,False,1.8712177e-06,Test
2764,1,-7.704836,-4.1766143,4.651447,-0.14229874,-0.45241344,0.6463148,-3.7107396,-2.6281798,4.1625626e-06,0.00014179084,0.9674452,0.008011783,0.0058755423,0.01762867,0.00022593053,0.0006669981,2,8.861157,0.9998582,False,0.259893,Test
2765,0,-7.2146015,-3.900194,4.552436,-0.4828882,-0.6924661,0.2958804,-2.486212,-2.418416,7.5448934e-06,0.00020753051,0.9727753,0.0063270177,0.0051307455,0.013785227,0.0008534276,0.00091329275,2,11.79464,0.99999243,False,0.22977093,Test
2766,0,-6.61644,-3.338321,2.7231622,-0.6600935,-0.6773603,-0.50176257,-2.2660625,1.1909488,6.595507e-05,0.0017495115,0.7505603,0.025471605,0.025035568,0.029841354,0.0051120245,0.16216375,2,9.626536,0.999934,False,1.2113985,Test
2767,0,-14.068827,-8.884145,12.968558,0.021458741,-0.03171779,3.6809766,-9.35631,-12.867759,1.8103857e-12,3.231837e-10,0.99990284,2.3828893e-06,2.2594847e-06,9.2557675e-05,2.0155387e-10,6.0171087e-12,2,27.037481,1.0,False,0.0014672707,Test
2768,0,-21.39963,-13.698986,22.946085,1.0626178,-1.0590268,2.2777746,-14.836421,-20.733442,5.50682e-20,1.216878e-16,1.0,3.134232e-10,3.7558866e-11,1.0564938e-09,3.901814e-17,1.072068e-19,2,44.345715,1.0,False,4.269849e-08,Test
2769,0,-17.744379,-11.342717,18.326424,0.03950683,0.11062923,2.0534391,-12.802108,-15.06753,2.1609773e-16,1.3027355e-13,0.9999999,1.1431228e-08,1.2273864e-08,8.5651116e-08,3.0272625e-14,3.141891e-15,2,36.0708,1.0,False,2.806956e-06,Test
2770,0,-21.088463,-13.465413,22.194553,1.0168171,-1.2104193,1.7424667,-13.422046,-19.62359,1.5937673e-19,3.2589204e-16,1.0,6.34784e-10,6.844627e-11,1.3115091e-09,3.403354e-16,6.896203e-19,2,43.283016,1.0,False,6.040332e-08,Test
2771,0,-22.019522,-14.251322,23.44832,1.1307025,-1.1423112,2.2861767,-15.0452385,-20.816162,1.7929455e-20,4.2389026e-17,1.0,2.0304014e-10,2.0913389e-11,6.447595e-10,1.91628e-17,5.972833e-20,2,45.467842,1.0,False,2.6964173e-08,Test
2772,0,-8.3268175,-5.194373,4.3744125,-0.9927303,-0.053306874,1.9895825,-4.003816,-2.9072459,2.7461133e-06,6.2968276e-05,0.9011407,0.004206028,0.010761144,0.08299924,0.00020709705,0.00062002416,2,12.805324,0.99999726,False,0.54698616,Test
2773,0,-5.7854958,-3.0425293,3.6201332,-1.5014033,-0.03017595,-0.8197944,-3.409973,1.1102961,7.29723e-05,0.0011334786,0.8870965,0.005293171,0.023049515,0.010464894,0.00078493665,0.07210451,2,9.525431,0.99992704,False,0.6812968,Test
2774,0,-24.963163,-15.904925,26.553314,0.15160193,-0.06435625,2.5063856,-17.281157,-22.157011,4.2332823e-23,3.635971e-19,1.0,3.4188652e-12,2.7548172e-12,3.6020662e-11,9.181855e-20,7.0044447e-22,2,51.51648,1.0,False,1.4856543e-09,Test
2775,0,-26.099615,-17.465464,28.829853,0.99316424,-0.9988907,1.7804836,-18.4979,-24.981888,1.3945558e-24,7.83788e-21,1.0,8.141034e-13,1.1105587e-13,1.7889902e-12,2.7913791e-21,4.2643994e-24,2,54.929466,1.0,False,1.0728697e-10,Test
2776,0,-22.860765,-14.570438,24.07663,-0.11698676,0.16545199,2.8882122,-16.190987,-20.017447,4.1242894e-21,1.6435829e-17,1.0,3.110611e-11,4.1257896e-11,6.280399e-10,3.2508465e-18,7.0824774e-20,2,46.937393,1.0,False,2.1707175e-08,Test
2777,0,-20.59,-13.637926,19.75081,0.08687148,0.021276258,5.6833496,-14.618325,-20.858017,3.0213936e-18,3.1583157e-15,0.99999917,2.8844276e-09,2.7012939e-09,7.7728265e-07,1.1848768e-15,2.3110574e-18,2,40.340813,1.0,False,1.7051601e-05,Test
2778,0,-22.261204,-14.234456,24.091269,0.5125879,-0.5327405,1.9224705,-15.649312,-20.504078,7.402491e-21,2.2664643e-17,1.0,5.7531986e-11,2.0226891e-11,2.3562055e-10,5.5066154e-18,4.2903028e-20,2,46.35247,1.0,False,1.02114255e-08,Test
2779,0,-26.060963,-17.20185,27.687847,0.85145104,-0.30786344,3.497718,-18.964252,-24.134823,4.5413866e-24,3.196332e-20,1.0,2.2136125e-12,6.944124e-13,3.1214815e-11,5.4859337e-21,3.1167386e-23,2,53.74881,1.0,False,1.2031158e-09,Test
2780,0,-15.487459,-10.538811,17.055138,-0.15674466,0.16996454,1.9811141,-12.321676,-14.126223,7.3608925e-15,1.0377682e-12,0.99999964,3.349459e-08,4.643677e-08,2.8407612e-07,1.7450653e-13,2.871489e-14,2,32.542595,1.0,False,8.656792e-06,Test
2781,0,-11.550339,-7.3487673,9.94662,0.29928485,-0.06707695,3.7597997,-7.729094,-10.916083,4.6030899e-10,3.0744623e-08,0.9978389,6.445788e-05,4.4685563e-05,0.0020519115,2.1018183e-08,8.679676e-10,2,21.499123,1.0,False,0.022979936,Test
2782,0,-13.790462,-8.693162,13.453915,0.5253561,-0.3829527,2.6021874,-9.338195,-12.994864,1.4719988e-12,2.407894e-10,0.99997723,2.427664e-06,9.788474e-07,1.9370676e-05,1.263288e-10,3.2616015e-12,2,27.2444,1.0,False,0.0004009441,Test
2783,0,-19.791775,-13.194871,21.483103,-0.39841843,0.2558584,0.5654548,-14.82516,-15.601103,1.1872648e-18,8.7005546e-16,1.0,3.1403358e-10,6.0412175e-10,8.2334295e-10,1.7042065e-16,7.843938e-17,2,41.27488,1.0,False,5.3261143e-08,Test
2784,0,-18.615536,-11.885007,19.523811,0.571985,-0.43038434,2.6180532,-13.269007,-17.608904,2.7308134e-17,2.2873044e-14,1.0,5.879312e-09,2.1577604e-09,4.54907e-08,5.7314023e-15,7.472527e-17,2,38.139347,1.0,False,1.3323805e-06,Test
2785,0,-23.298326,-15.294742,25.012703,1.0299916,-0.849512,2.183291,-16.215937,-21.997105,1.0442088e-21,3.1239123e-18,1.0,3.840967e-11,5.863848e-12,1.2170605e-10,1.2434552e-18,3.8361886e-21,2,48.311028,1.0,False,5.5562484e-09,Test
2786,1,-18.95714,-12.123572,19.981749,-0.4075275,0.5507018,1.5440452,-13.929834,-15.073502,1.2275963e-17,1.1398211e-14,1.0,1.3965282e-09,3.6408545e-09,9.831207e-09,1.8723483e-15,5.966195e-16,2,32.10532,1.0,False,4.0465454e-07,Test
2787,0,-17.97115,-11.987193,19.948896,-0.92913574,0.8089396,1.0911149,-14.742647,-13.793936,3.4004326e-17,1.3499975e-14,1.0,8.566149e-10,4.8710445e-09,6.459058e-09,8.583295e-16,2.216533e-15,2,37.920044,1.0,False,3.360326e-07,Test
2788,0,-3.6024392,-4.0863075,5.3646827,0.22794273,-0.88924086,0.69530904,-5.02366,-6.7880197,0.00012535109,7.726567e-05,0.9828782,0.005776197,0.0018899716,0.009217572,3.0262145e-05,5.183799e-06,2,8.984392,0.99987465,False,0.15008725,Test
2789,0,-20.88267,-13.304559,21.968052,-0.0154889915,0.113893524,2.576624,-14.883232,-18.310247,2.455655e-19,4.8006524e-16,1.0,2.8357586e-10,3.2274505e-10,3.787999e-09,9.901265e-17,3.2163084e-18,2,42.850723,1.0,False,1.2514234e-07,Test
2790,0,-26.007156,-17.09961,27.584179,1.3503456,-1.0066833,2.8622167,-17.831806,-24.771338,5.3159246e-24,3.9271485e-20,1.0,4.043812e-12,3.829537e-13,1.8339535e-11,1.8883751e-20,1.8293168e-23,2,53.591335,1.0,False,8.229463e-10,Test
2791,1,-14.084901,-8.986925,13.706549,0.4268495,-0.13807301,3.2873504,-9.755223,-13.530445,8.5175026e-13,1.3942332e-10,0.99996746,1.7087783e-06,9.712769e-07,2.985284e-05,6.466471e-11,1.4828928e-12,2,22.693506,1.0,False,0.0005478361,Test
2792,0,-22.286081,-14.438715,23.283554,0.6304878,-0.43155897,2.9816365,-15.699512,-20.424503,1.6194206e-20,4.1440743e-17,1.0,1.4517712e-10,5.019465e-11,1.5240142e-09,1.174544e-17,1.041914e-19,2,45.569633,1.0,False,5.1099526e-08,Test
2793,0,-18.948778,-12.335133,18.954868,0.40930822,-0.1328253,3.5904791,-13.372457,-17.53678,3.4566435e-17,2.5758772e-14,0.99999976,8.826025e-09,5.13239e-09,2.1248601e-07,9.128964e-15,1.4186637e-16,2,37.90365,1.0,False,5.4314387e-06,Test
2794,1,-25.006258,-15.912389,27.147507,0.7313414,-1.0751252,2.5862536,-16.894093,-24.160528,2.23825e-23,1.9921655e-19,1.0,3.3698112e-12,5.5343534e-13,2.1536918e-11,7.464083e-20,5.2143807e-23,2,43.059895,1.0,False,9.141069e-10,Test
2795,0,-8.505082,-6.006892,9.681025,0.20741756,-0.9012282,0.7151848,-6.897326,-9.372182,1.2640779e-08,1.5371788e-07,0.99976987,7.6836004e-05,2.5356318e-05,0.000127669,6.309778e-08,5.311256e-09,2,18.186338,1.0,False,0.003426098,Test
2796,1,-13.894231,-8.709024,14.12477,-0.28404644,0.14332229,2.7325401,-10.194368,-12.3505335,6.784174e-13,1.2117246e-10,0.99998736,5.524908e-07,8.470884e-07,1.1282669e-05,2.7436407e-11,3.1762613e-12,2,22.833807,1.0,False,0.00023224334,Test
2797,0,-9.924968,-6.924276,11.228721,-0.9772136,0.18817936,0.4706308,-8.695083,-7.481275,6.5020667e-10,1.3068796e-08,0.99995756,5.0004783e-06,1.6037447e-05,2.1271713e-05,2.2242508e-09,7.487449e-09,2,21.15373,1.0,False,0.0007353363,Test
2798,0,-15.682853,-9.977734,15.996178,0.21329913,-0.23688774,1.7879714,-10.86569,-13.455117,1.7457058e-14,5.244127e-12,0.99999905,1.3982422e-07,8.913929e-08,6.752336e-07,2.1579362e-12,1.619814e-13,2,31.679031,1.0,False,2.0402538e-05,Test
2799,0,-10.021527,-6.3200083,8.216298,0.26355055,-0.4283979,2.8752263,-6.181958,-8.987467,1.1942876e-08,4.8379144e-07,0.99470854,0.0003498336,0.00017512655,0.0047653816,5.554086e-07,3.3588858e-08,2,18.243132,1.0,False,0.05059471,Test
2800,0,-27.153404,-17.548254,29.577946,0.5308061,-0.29020247,2.4596002,-19.526415,-25.014332,2.3008472e-25,3.414698e-21,1.0,2.4265393e-13,1.0676473e-13,1.6697532e-12,4.723309e-22,1.9537775e-24,2,56.73135,1.0,False,8.009585e-11,Test
2801,0,-9.162453,-5.5599265,8.351996,-1.2000699,0.19718105,0.05400364,-6.310771,-3.1689253,2.4734453e-08,9.0752826e-07,0.99938154,7.1010305e-05,0.00028717052,0.00024886217,4.2832394e-07,9.914221e-06,2,17.515068,1.0,False,0.008421392,Test
2802,0,-12.839656,-8.102401,12.136691,0.117604725,-0.09484373,2.4726424,-8.640859,-10.688684,1.4219293e-11,1.6227132e-09,0.9999256,6.0276025e-06,4.8739334e-06,6.352205e-05,9.470926e-10,1.2218938e-10,2,24.976421,1.0,False,0.0011835686,Test
2803,0,-7.6299067,-5.9543295,9.268304,-0.63611,-0.13205661,0.44181815,-7.564076,-7.3132787,4.5822514e-08,2.4477825e-07,0.9997203,4.9939717e-05,8.2671155e-05,0.00014675215,4.8940528e-08,6.2891e-08,2,16.89849,0.99999994,False,0.0041162954,Test
2804,1,-22.519585,-14.252906,23.99668,0.3680872,-0.39282906,2.4056964,-15.499494,-20.577637,6.2840903e-21,2.4457759e-17,1.0,5.4730963e-11,2.5572357e-11,4.1990927e-10,7.031203e-18,4.3814684e-20,2,38.249584,1.0,False,1.584536e-08,Test
2805,0,-17.264065,-11.666288,17.041403,0.63140386,-0.383615,3.1073403,-11.900182,-16.183828,1.2627726e-15,3.407279e-13,0.99999905,7.468394e-08,2.706514e-08,8.882044e-07,2.6966756e-13,3.7193327e-15,2,34.305466,1.0,False,2.1679612e-05,Test
2806,0,-7.167404,-4.1460185,4.737872,-1.6054754,0.2673763,-0.33759344,-4.515742,0.5710634,6.525049e-06,0.00013389213,0.9660054,0.0016986297,0.011052689,0.0060357717,9.25094e-05,0.01497468,2,11.939862,0.9999935,False,0.2740055,Test
2807,0,-21.485882,-13.966622,22.746761,1.2161785,-1.116922,1.8553045,-14.355598,-19.971643,6.166052e-20,1.1365288e-16,1.0,4.4605342e-10,4.3264715e-11,8.451926e-10,7.7028223e-17,2.8030556e-19,2,44.232643,1.0,False,4.081898e-08,Test
2808,0,-23.517479,-15.016286,24.951246,0.84340495,-1.0373095,2.9217489,-15.649358,-22.48585,8.918653e-22,4.388549e-18,1.0,3.389202e-11,5.167894e-12,2.7083885e-10,2.330136e-18,2.5022525e-21,2,48.468727,1.0,False,9.980295e-09,Test
2809,0,-19.65989,-12.452913,20.787012,0.65683156,-0.5806855,2.0054023,-13.598948,-18.06489,2.7172825e-18,3.665083e-15,1.0,1.8095632e-09,5.249612e-10,6.9702795e-09,1.1651115e-15,1.3391627e-17,2,40.4469,1.0,False,2.5760372e-07,Test
2810,1,-22.312843,-14.434592,23.551554,0.17252125,0.088323176,2.6246216,-16.097025,-19.675488,1.2059971e-20,3.182928e-17,1.0,7.024499e-11,6.457265e-11,8.1573515e-10,6.037277e-18,1.6855192e-19,2,37.986145,1.0,False,2.9183091e-08,Test
2811,0,-16.941628,-11.21231,16.688942,0.43084463,-0.16402067,2.4052813,-11.650703,-14.3021,2.4798702e-15,7.6320216e-13,0.9999993,8.693567e-08,4.7956895e-08,6.261589e-07,4.923207e-13,3.4734473e-14,2,33.63057,1.0,False,1.7140312e-05,Test
2812,0,-21.016134,-13.559369,21.392828,0.20927691,0.076781064,2.9577327,-14.33039,-18.452465,3.8196337e-19,6.6138334e-16,1.0,6.3110317e-10,5.5278737e-10,9.856893e-09,3.0591725e-16,4.9591806e-18,2,42.408962,1.0,False,2.9844318e-07,Test
2813,0,-23.95907,-15.701891,26.673033,-1.5273504,1.2534385,0.24126807,-19.263922,-17.150122,1.02507836e-22,3.9518864e-19,1.0,5.6588686e-13,9.128737e-12,3.3176493e-12,1.12159e-20,9.286367e-20,2,50.632103,1.0,False,4.8431037e-10,Test
2814,1,-16.273878,-10.195793,17.028275,-0.42056033,-0.11813927,0.8498583,-10.629891,-12.806372,3.443959e-15,1.5022339e-12,0.9999999,2.6428166e-08,3.5760788e-08,9.414616e-08,9.732211e-13,1.104022e-13,2,27.224068,1.0,False,3.919408e-06,Test
2815,0,-7.6066427,-3.9381437,2.555089,-0.3040972,-0.8743609,-0.5505239,-2.2875702,1.3773057,2.6599559e-05,0.0010425174,0.68874496,0.039475683,0.022318615,0.030853752,0.005431482,0.21210635,2,10.5346155,0.9999734,False,1.3579664,Test
2816,0,-14.116614,-9.164584,13.57296,0.69690776,-0.62636745,2.2950623,-9.3631115,-13.061503,9.431121e-13,1.334144e-10,0.999984,2.558555e-06,6.812453e-07,1.2649235e-05,1.0939156e-10,2.7088952e-12,2,27.68959,1.0,False,0.00029026205,Test
2817,1,-19.738623,-12.621983,20.23769,0.25290138,-0.06645729,3.0867808,-13.977628,-17.907164,4.350196e-18,5.3607496e-15,1.0,2.0927458e-09,1.52062e-09,3.5600383e-08,1.3819004e-15,2.7158225e-17,2,32.859673,1.0,False,9.857606e-07,Test
2818,0,-14.074853,-8.988192,13.080236,0.3008442,0.08056345,3.4123802,-9.501038,-12.419339,1.6094014e-12,2.6047964e-10,0.9999316,2.8180634e-06,2.2609142e-06,6.328105e-05,1.5597233e-10,8.426455e-12,2,27.155159,1.0,False,0.0010756371,Test
2819,0,-21.297413,-13.830732,22.134235,0.8560637,-0.43949336,2.935999,-14.829041,-19.781689,1.373646e-19,2.4022257e-16,1.0,5.741264e-10,1.5716442e-10,4.5952784e-09,8.8522414e-17,6.2538215e-19,2,43.43165,1.0,False,1.5001922e-07,Test
2820,0,-12.52819,-7.597389,12.552654,-0.775369,0.06825811,0.039574392,-8.360887,-7.0604253,1.2809243e-11,1.7739579e-09,0.9999908,1.6282055e-06,3.7852253e-06,3.6781937e-06,8.267249e-10,3.0348974e-09,2,25.080854,1.0,False,0.00017911836,Test
2821,0,-10.1277,-5.921706,9.801085,-2.0243046,1.0196223,-0.31741357,-7.6140513,-2.7922843,2.212838e-09,1.4845317e-07,0.9997954,7.31492e-06,0.00015352176,4.0318366e-05,2.7328356e-08,3.393753e-06,2,19.92899,1.0,False,0.0030195098,Test
2822,0,-8.726507,-5.4925737,4.847541,-0.9191323,0.11671226,2.245867,-4.2341747,-3.540742,1.1717817e-06,2.9738987e-05,0.920409,0.002881022,0.008117233,0.06824774,0.00010467474,0.00020940929,2,13.656985,0.9999988,False,0.459558,Test
2823,0,-15.988467,-10.153828,15.536104,0.27232596,-0.3616772,3.8826463,-10.979371,-15.814864,2.0372723e-14,6.9662717e-12,0.99999094,2.3497475e-07,1.2464572e-07,8.688878e-06,3.0512027e-12,2.423505e-14,2,31.52458,1.0,False,0.00016718508,Test
2824,0,-10.848961,-6.9643335,9.998083,0.5391364,-0.5208938,3.063745,-7.2574663,-10.90488,8.8262364e-10,4.293855e-08,0.99892235,7.790469e-05,2.6989695e-05,0.00097271806,3.2028854e-08,8.3462387e-10,2,20.848122,1.0,False,0.0127613675,Test
2825,0,-15.102007,-9.389194,15.531571,1.0114135,-1.1942514,1.8553619,-9.672572,-14.6295,4.9659787e-14,1.5033101e-11,0.99999833,4.9428206e-07,5.445865e-08,1.1494682e-06,1.1323451e-11,7.965485e-14,2,30.633581,1.0,False,3.6756817e-05,Test
2826,0,-15.807187,-10.068859,15.72775,0.92194545,-0.9377267,2.6561859,-10.22312,-15.270689,2.0162752e-14,6.2614428e-12,0.9999975,3.7146665e-07,5.7846183e-08,2.104219e-06,5.366351e-12,3.447844e-14,2,31.534939,1.0,False,5.261946e-05,Test
2827,0,-9.041573,-5.8362746,8.287483,-0.1898913,-0.24066822,1.8906653,-6.269453,-7.477874,2.9729444e-08,7.332124e-07,0.99793005,0.0002076937,0.00019741083,0.0016634022,4.7544796e-07,1.4200137e-07,2,17.331127,1.0,False,0.02333827,Test
2828,0,-21.322052,-13.613058,22.20619,0.07376644,0.105226055,2.978898,-15.045991,-19.031046,1.2471648e-19,2.7790616e-16,1.0,2.4434904e-10,2.521584e-10,4.4636854e-09,6.6310596e-17,1.2328094e-18,2,43.528244,1.0,False,1.3966091e-07,Test
2829,0,-14.008194,-8.955402,13.655605,0.57903814,-0.43419588,2.6370463,-9.607849,-13.1564,9.677347e-13,1.5141044e-10,0.9999808,2.093683e-06,7.600968e-07,1.6394286e-05,7.885002e-11,2.2682255e-12,2,27.663818,1.0,False,0.00034325672,Test
2830,0,-23.67795,-15.758073,25.029835,0.23310384,0.35688782,3.1460307,-17.752058,-21.074219,7.0222626e-22,1.9321339e-18,1.0,1.7018331e-11,1.9260843e-11,3.1331743e-10,2.6306367e-19,9.489951e-21,2,48.707787,1.0,False,1.1186366e-08,Test
2831,0,-24.652206,-15.968635,25.693481,0.9761903,-0.42050618,3.4419327,-17.18153,-22.96066,1.3650406e-22,8.060695e-19,1.0,1.8425402e-11,4.5586846e-12,2.169078e-10,2.39673e-19,7.409239e-22,2,50.345688,1.0,False,7.7920035e-09,Test
2832,0,-12.746423,-8.2582245,11.367069,0.50427115,-0.28102937,3.948868,-8.340004,-12.296907,3.3679934e-11,2.9961982e-09,0.9993723,1.914583e-05,8.7301605e-06,0.00059985096,2.7609222e-09,5.2795e-11,2,24.114119,1.0,False,0.007772507,Test
2833,0,-12.935545,-10.280327,17.40589,0.1968991,-0.9612804,0.042434275,-12.246715,-15.993482,6.6509305e-14,9.463002e-13,0.9999999,3.3591586e-08,1.0549679e-08,2.8783747e-08,1.3244576e-13,3.124906e-15,2,30.341434,1.0,False,2.0066038e-06,Test
2834,1,-19.309824,-12.220869,20.61092,-0.28227568,0.388374,2.152302,-14.171166,-16.593353,4.598756e-18,5.5123405e-15,1.0,8.4372365e-10,1.6499091e-09,9.6277315e-09,7.840292e-16,6.9564784e-17,2,32.831787,1.0,False,3.2995632e-07,Test
2835,1,-16.861729,-10.884218,17.53742,0.27816847,-0.2194977,2.4502604,-12.130543,-15.313981,1.1498471e-15,4.5356454e-13,0.99999964,3.1944914e-08,1.9420856e-08,2.8036865e-07,1.3042692e-13,5.4052662e-15,2,28.421638,1.0,False,7.911467e-06,Test
2836,0,-12.083445,-7.563402,10.486952,0.40931687,-0.38329867,3.8344672,-7.4290714,-11.768271,1.574761e-10,1.44625245e-08,0.9986499,4.1951942e-05,1.898993e-05,0.0012890678,1.6541819e-08,2.1582065e-10,2,22.571747,1.0,False,0.01522942,Test
2837,0,-16.049007,-10.173905,15.577081,0.2755412,-0.39920098,3.362757,-10.3267765,-14.918448,1.8406133e-14,6.5537003e-12,0.99999475,2.2626823e-07,1.1523557e-07,4.958887e-06,5.624644e-12,5.7010874e-14,2,31.626093,1.0,False,0.00010277396,Test
2838,0,-27.401215,-17.629976,29.995646,0.78986025,-0.9009579,2.1691835,-19.09539,-25.687258,1.1826635e-25,2.0723126e-21,1.0,2.0705628e-13,3.817473e-14,8.2247214e-13,4.786685e-22,6.564813e-25,2,57.39686,1.0,False,4.3444165e-11,Test
2839,0,-25.33772,-16.469353,26.988827,0.5611154,-0.4662869,3.1456642,-17.683273,-23.85186,1.8830851e-23,1.3376807e-19,1.0,3.3311236e-12,1.1923268e-12,4.416173e-11,3.973319e-20,8.320899e-23,2,52.326546,1.0,False,1.6933269e-09,Test
2840,0,-7.8873987,-4.700598,5.2796264,-1.396095,-0.24064852,0.7390684,-3.9893408,-1.8069773,1.880834e-06,4.553655e-05,0.9833692,0.0012401886,0.003938144,0.010490046,9.273753e-05,0.0008223254,2,13.183795,0.9999981,False,0.14655842,Test
2841,0,-24.266281,-15.580552,25.662718,0.05472578,0.34491727,3.0075862,-17.554188,-21.43934,2.0706679e-22,1.225392e-18,1.0,7.561193e-12,1.0106922e-11,1.4487754e-10,1.7026964e-19,3.49813e-21,2,49.929,1.0,False,5.383751e-09,Test
2842,0,-9.204476,-6.9541526,10.389425,-0.3199666,-0.05004031,1.2731565,-8.394031,-8.435741,3.0931866e-09,2.9356855e-08,0.9998386,2.233059e-05,2.9250117e-05,0.00010984607,6.9563124e-09,6.6721206e-09,2,19.594065,1.0,False,0.0024644928,Test
2843,0,-15.119402,-10.180129,16.482357,-0.472212,0.3620284,2.5090866,-12.244364,-14.327934,1.8859492e-14,2.6340776e-12,0.9999989,4.3323528e-08,9.977682e-08,8.5405395e-07,3.3430526e-13,4.1615972e-14,2,31.60176,1.0,False,2.2059176e-05,Test
2844,0,-12.949862,-8.084404,11.916158,-0.7431746,0.623796,2.7562976,-8.794226,-9.512015,1.5877136e-11,2.0597493e-09,0.9998791,3.1773814e-06,1.2466281e-05,0.00010516484,1.0128424e-09,4.940947e-10,2,24.86614,1.0,False,0.0018252858,Test
2845,0,-14.486839,-9.406077,14.909919,0.1551439,-0.10323924,1.5297308,-10.263629,-11.821566,1.7106012e-13,2.7523019e-11,0.99999774,3.9091438e-07,3.01903e-07,1.545458e-06,1.1675249e-11,2.4584605e-12,2,29.39676,1.0,False,4.7962254e-05,Test
2846,0,-10.804421,-7.6468315,6.7821684,-0.33856905,0.48731834,5.6131625,-7.0966525,-10.440477,1.7533429e-08,4.1227852e-07,0.7614226,0.0006153592,0.0014054234,0.23655546,7.147113e-07,2.5230518e-08,2,17.859156,1.0,False,0.811295,Test
2847,0,-15.907481,-10.478711,16.05572,0.46643776,-0.27925277,2.213225,-11.287362,-14.004824,1.3138876e-14,2.9939343e-12,0.9999987,1.6969156e-07,8.050281e-08,9.733752e-07,1.3336738e-12,8.8078816e-14,2,31.963202,1.0,False,2.6958402e-05,Test
2848,0,-14.21829,-8.796764,14.69014,-1.2559732,0.9324463,0.398157,-10.551098,-8.519402,2.7875814e-13,6.30618e-11,0.9999982,1.18765556e-07,1.0595194e-06,6.209691e-07,1.0911112e-11,8.3219195e-11,2,28.908432,1.0,False,3.9150575e-05,Test
2849,0,-8.828286,-4.9565206,7.7526937,-1.22976,-0.54105324,-0.62829095,-4.3995814,-2.4516547,6.290563e-08,3.0211768e-06,0.99935025,0.00012551274,0.0002499132,0.00022903534,5.2729265e-06,3.6984984e-05,2,16.58163,0.99999994,False,0.0090178205,Test
2850,1,2.8578985,-2.9759917,-1.4907883,2.8493867,-3.200296,-1.3775651,-2.4888246,-5.7089825,0.49281952,0.0014423201,0.0063690883,0.48864254,0.0011525177,0.007132625,0.002347662,9.378614e-05,0,6.541502,0.9985577,False,1.1518924,Test
2851,0,-18.779894,-12.186559,19.123447,0.45860034,0.029770348,2.699304,-13.175884,-16.397064,3.4576987e-17,2.5248609e-14,0.9999999,7.833577e-09,5.1017737e-09,7.363518e-08,9.388116e-15,3.7466035e-16,2,37.903343,1.0,False,2.1822561e-06,Test
2852,0,-14.241414,-9.155051,13.190753,-0.21462151,0.2547433,3.523012,-9.49469,-12.319504,1.2199218e-12,1.9738372e-10,0.99993277,1.5069214e-06,2.4095352e-06,6.3288426e-05,1.4054251e-10,8.33694e-12,2,27.432234,1.0,False,0.0010537608,Test
2853,0,-8.462059,-5.327841,6.2162595,-0.35849306,-0.19879569,1.0139141,-5.140402,-3.9627395,4.1837967e-07,9.610461e-06,0.991478,0.0013832619,0.0016227813,0.005456739,1.1591722e-05,3.7635702e-05,2,14.686876,0.9999996,False,0.08235335,Test
2854,0,-12.664252,-7.6223063,11.958619,0.092991084,-0.39735264,1.9001383,-7.8702025,-10.290597,2.0248801e-11,3.1339265e-09,0.9999459,7.0274805e-06,4.303743e-06,4.2818712e-05,2.4458446e-09,2.174026e-10,2,24.622925,1.0,False,0.00089662237,Test
2855,0,-11.027039,-6.7796803,9.777326,0.022837589,0.19809265,2.6893728,-7.3926086,-9.105309,9.212173e-10,6.4411815e-08,0.9990386,5.7977828e-05,6.908347e-05,0.0008343025,3.4895944e-08,6.2944654e-09,2,20.805325,1.0,False,0.011692317,Test
2856,0,-13.55395,-8.448253,12.986691,0.16316512,-0.10595822,2.9811673,-9.13302,-12.174101,2.9752542e-12,4.907953e-10,0.9999502,2.6964453e-06,2.0602167e-06,4.5147597e-05,2.4746236e-10,1.1824552e-11,2,26.540691,1.0,False,0.0008125882,Test
2857,0,-13.470574,-8.305393,13.488589,0.018315233,-0.0741231,2.0376854,-9.314603,-11.812417,1.9578443e-12,3.4275788e-10,0.99998665,1.4123052e-06,1.2876059e-06,1.0639711e-05,1.2493775e-10,1.02779564e-11,2,26.959177,1.0,False,0.0002476877,Test
2858,0,-22.850477,-14.666626,24.331022,0.42196268,-0.20414759,2.3637164,-16.163277,-20.626133,3.2309865e-21,1.1575393e-17,1.0,4.134542e-11,2.2106055e-11,2.8821737e-10,2.5914845e-18,2.9878336e-20,2,47.1815,1.0,False,1.1342851e-08,Test
2859,0,-8.346846,-4.5637546,7.3695207,-2.5018928,0.68730044,-2.7905476,-5.9508014,3.206803,1.4695473e-07,6.458906e-06,0.9833645,5.077083e-05,0.0012321485,3.8041082e-05,1.6135119e-06,0.015306262,2,15.733141,0.9999999,False,0.12942864,Test
2860,0,-18.510784,-11.794624,18.910204,1.0728258,-0.96679753,2.8055975,-12.228631,-17.736378,5.6010636e-17,4.6244753e-14,0.9999999,1.7919477e-08,2.3309243e-09,1.01358026e-07,2.9962313e-14,1.215041e-16,2,37.42099,1.0,False,3.0549227e-06,Test
2861,0,-23.964596,-15.354826,26.170334,-0.21635114,0.16528,1.2072598,-17.387089,-20.304487,1.685298e-22,9.243818e-19,1.0,3.470632e-12,5.0833305e-12,1.441036e-11,1.2113e-19,6.549993e-21,2,50.13493,1.0,False,8.4180923e-10,Test
2862,0,-20.75254,-13.584862,21.123869,0.55626225,0.00946353,3.7514107,-14.916415,-18.829142,6.505873e-19,8.437018e-16,1.0,1.1684287e-09,6.7628625e-10,2.8525783e-08,2.227942e-16,4.4527467e-18,2,41.87641,1.0,False,7.7021764e-07,Test
2863,0,-24.493269,-15.341847,26.712107,-0.5688285,0.49093175,2.2076724,-17.837843,-21.265808,5.778138e-23,5.4475267e-19,1.0,1.4191893e-12,4.0953282e-12,2.2796032e-11,4.489549e-20,1.456992e-21,2,51.205376,1.0,False,1.0166745e-09,Test
2864,0,-7.87774,-4.18951,5.621398,-2.6250634,0.46994382,-2.2052407,-4.5725594,4.1398687,1.1120942e-06,4.445491e-05,0.8104807,0.00021249554,0.0046934765,0.00032335284,3.0308418e-05,0.18421403,2,13.709266,0.99999887,False,0.7390459,Test
2865,0,-21.46364,-14.126702,22.319582,0.8582336,-0.54487413,3.1845253,-15.115353,-20.28685,9.664696e-20,1.4844974e-16,1.0,4.7803e-10,1.1751487e-10,4.894971e-09,5.523491e-17,3.1351805e-19,2,43.783222,1.0,False,1.5380807e-07,Test
2866,1,-8.969156,-5.4724674,7.421229,-0.9611934,0.3905005,1.4570118,-5.733147,-4.6866536,7.588323e-08,2.5046006e-06,0.9963213,0.000228013,0.0008810345,0.0025596041,1.929863e-06,5.4955713e-06,2,12.897381,0.9999975,False,0.039216086,Test
2867,1,-15.320362,-9.808979,16.082333,-0.08947867,-0.02281243,2.2340562,-11.235593,-13.667806,2.3013489e-14,5.6956813e-12,0.9999988,9.476997e-08,1.0130342e-07,9.677642e-07,1.3676521e-12,1.2013761e-13,2,25.891314,1.0,False,2.5619749e-05,Test
2868,0,-20.144999,-12.670521,21.582811,-0.21912487,0.13250645,1.7130805,-14.339979,-17.129793,7.548183e-19,1.3303504e-15,1.0,3.4004705e-10,4.833384e-10,2.347934e-09,2.5057072e-16,1.539322e-17,2,41.72781,1.0,False,9.295906e-08,Test
2869,0,-9.98625,-6.8144464,6.901495,0.03205242,-0.22639365,3.716229,-6.3734393,-8.677785,4.4398988e-08,1.0589363e-06,0.9585781,0.0009960165,0.00076917437,0.03965373,1.645874e-06,1.6429797e-07,2,16.93005,0.99999994,False,0.2610935,Test
2870,0,-5.9539795,-3.3139546,5.7367554,-1.7496978,0.4983578,-0.7344723,-5.090646,-0.7164177,8.29522e-06,0.000116245545,0.9909451,0.00055555155,0.0052606864,0.0015333141,1.9668398e-05,0.0015612488,2,11.699831,0.9999917,False,0.08969583,Test
2871,0,-15.131355,-9.667483,14.858434,0.74165934,-0.7633537,2.7445984,-9.921967,-13.980398,9.453613e-14,2.2311401e-11,0.9999937,7.3987775e-07,1.642636e-07,5.4830907e-06,1.7298425e-11,2.9884862e-13,2,29.989794,1.0,False,0.00012371273,Test
2872,0,-11.2846365,-6.5463133,10.836224,-1.0366292,0.452103,0.20230405,-7.572143,-5.571422,2.4717536e-10,2.8237928e-08,0.999938,6.976841e-06,3.091766e-05,2.4083545e-05,1.0123269e-08,7.485536e-08,2,22.120922,1.0,False,0.001044527,Test
2873,0,-15.072802,-9.885651,13.861205,-0.6742046,0.29935575,3.7824523,-10.418325,-13.246799,2.717077e-13,4.8624167e-11,0.99995625,4.867799e-07,1.2886784e-06,4.1959895e-05,2.854403e-11,1.6870338e-12,2,28.93405,1.0,False,0.000708664,Test
2874,0,-12.26199,-8.249636,8.831852,0.086945854,-0.02698939,5.7347546,-7.825663,-12.901938,6.603051e-10,3.649957e-08,0.956497,0.00015234177,0.00013593707,0.043214682,5.5772094e-08,3.4819136e-10,2,21.138319,1.0,False,0.2609198,Test
2875,0,-13.054252,-8.616122,11.097532,0.29188094,-0.47875988,4.4987135,-8.288986,-13.5570545,3.2389928e-11,2.7407223e-09,0.99861026,2.0256346e-05,9.3729495e-06,0.0013600831,3.8013512e-09,1.9590479e-11,2,24.153173,1.0,False,0.015426979,Test
2876,0,-18.087448,-11.614772,18.559868,0.580056,-0.12897395,2.5567782,-12.831703,-16.39719,1.2141515e-16,7.858145e-14,0.9999999,1.5540556e-08,7.647852e-09,1.12187976e-07,2.3270936e-14,6.5817684e-16,2,36.647316,1.0,False,3.3714518e-06,Test
2877,0,-17.156746,-10.831302,17.857887,0.4072483,-0.47931617,1.4839706,-11.603179,-14.877407,6.213524e-16,3.4709076e-13,0.9999999,2.6380523e-08,1.0870599e-08,7.742805e-08,1.6040615e-13,6.0707487e-15,2,35.014633,1.0,False,2.8667987e-06,Test
2878,0,-20.978556,-13.717253,21.982618,1.1054596,-1.0068,2.3328962,-14.112301,-19.691338,2.198868e-19,3.131432e-16,1.0,8.573635e-10,1.0371047e-10,2.9257263e-09,2.1094858e-16,7.9658124e-19,2,42.961174,1.0,False,1.1220313e-07,Test
2879,0,-16.105642,-12.148117,19.520447,1.7217667,-1.9024371,-2.0933723,-12.009048,-16.794193,3.371206e-16,1.7640767e-14,1.0,1.8626523e-08,4.9677495e-10,4.104286e-10,2.0272822e-14,1.6933713e-16,2,35.62609,1.0,False,5.0644655e-07,Test
2880,0,-24.465199,-16.002716,26.464773,-0.8442051,0.8516688,2.4029295,-18.778418,-20.545998,7.610184e-23,3.6024913e-19,1.0,1.3799428e-12,7.5226405e-12,3.5487384e-11,2.2445636e-20,3.832488e-21,2,50.92997,1.0,False,1.5642492e-09,Test
2881,0,-26.887312,-17.292011,29.066502,0.89290166,-1.1311702,2.6035576,-18.389713,-25.697319,5.006894e-25,7.357897e-21,1.0,5.812478e-13,7.679231e-14,3.215803e-12,2.4548657e-21,1.6457917e-24,2,55.95381,1.0,False,1.4974368e-10,Test
2882,0,-16.988686,-11.053154,17.285025,0.26998162,-0.09534292,2.5335932,-11.864061,-14.886075,1.303514e-15,4.9304343e-13,0.9999995,4.0781238e-08,2.8301026e-08,3.9222428e-07,2.1913542e-13,1.06725525e-14,2,34.273712,1.0,False,1.074592e-05,Test
2883,0,-19.834814,-12.650984,20.417643,0.5552091,-0.3172867,2.6359854,-13.5773735,-17.983282,3.3005034e-18,4.3498877e-15,1.0,2.3651263e-09,9.884036e-10,1.8946281e-08,1.7224684e-15,2.1022789e-17,2,40.252457,1.0,False,5.833799e-07,Test
2884,0,-9.501885,-5.8667817,7.4325294,-0.67565584,0.19317988,2.0079658,-5.9551625,-6.022443,4.3966853e-08,1.6665973e-06,0.99459875,0.00029943875,0.00071390165,0.0043831863,1.5256235e-06,1.4263553e-06,2,16.939829,0.99999994,False,0.053165216,Test
2885,1,-23.341974,-15.234295,24.347176,-0.15310977,0.44689417,3.6277885,-17.137276,-20.693888,1.9447608e-21,6.456331e-18,1.0,2.2890799e-11,4.1709927e-11,1.0038863e-09,9.627904e-19,2.74736e-20,2,39.58147,1.0,False,3.2255226e-08,Test
2886,0,-18.522676,-11.950735,18.81217,0.09488902,0.24648347,3.837416,-13.493851,-17.168573,6.104949e-17,4.3635492e-14,0.99999964,7.433406e-09,8.650165e-09,3.1372323e-07,9.3255075e-15,2.3646209e-16,2,37.334846,1.0,False,7.6400565e-06,Test
2887,0,-18.271265,-11.963125,18.938612,-0.07876274,0.3775121,2.6218522,-13.673276,-15.383106,6.917604e-17,3.7979216e-14,0.9999999,5.5062936e-09,8.689938e-09,8.198257e-08,6.8680993e-15,1.2424187e-15,2,37.209877,1.0,False,2.4856345e-06,Test
2888,0,-24.437479,-15.85717,26.468275,-0.25801715,0.35109526,2.230947,-18.080698,-21.195707,7.7967194e-23,4.1523304e-19,1.0,2.4712632e-12,4.5441524e-12,2.9775727e-11,4.4939353e-20,1.9943228e-21,2,50.905754,1.0,False,1.3076764e-09,Test
2889,0,-12.068001,-6.9595466,12.636066,-2.81956,1.3338866,-1.6015035,-9.716133,-2.314071,1.8670418e-11,3.0883556e-09,0.9999864,1.9395493e-07,1.2345821e-05,6.556863e-07,1.9613594e-10,3.215378e-07,2,24.70408,1.0,False,0.0002456484,Test
2890,0,-8.6991,-4.738151,7.545624,-3.2174215,1.1275449,-2.3864362,-6.444092,3.399867,8.658747e-08,4.5464594e-06,0.98276377,2.0802616e-05,0.0016036623,4.7754045e-05,8.2564407e-07,0.015558577,2,16.262112,0.99999994,False,0.13409562,Test
2891,1,-10.631887,-6.503753,10.40939,0.08608341,-0.13749167,1.5521302,-7.529692,-8.827205,7.2744677e-10,4.5146884e-08,0.9997986,3.2851654e-05,2.6269996e-05,0.00014231593,1.6183325e-08,4.4214565e-09,2,16.913345,0.99999994,False,0.0029999847,Test
2892,0,-11.6368265,-7.127539,10.703942,-2.6792455,1.9288219,0.8840849,-9.377169,-4.5417094,1.983517e-10,1.8021641e-08,0.9997894,1.5405072e-06,0.0001544977,5.4349875e-05,1.90017e-09,2.3922487e-07,2,22.340979,1.0,False,0.0030652615,Test
2893,0,-26.698412,-17.448015,28.573027,0.5137874,0.053103384,3.2654912,-19.7302,-24.282232,9.906477e-25,1.0311348e-20,1.0,6.516698e-13,4.1110648e-13,1.0211209e-11,1.0523866e-21,1.1098204e-23,2,55.27144,1.0,False,4.1611736e-10,Test
2894,0,-18.084864,-11.594807,18.431305,0.17748827,0.08287181,3.2719638,-12.810149,-16.72676,1.3843e-16,9.116441e-14,0.99999976,1.1815935e-08,1.0749218e-08,2.608446e-07,2.7040104e-14,5.383267e-16,2,36.516167,1.0,False,6.6444345e-06,Test
2895,0,-19.207142,-12.057476,20.144878,0.4504877,-0.4049618,2.1263173,-13.202341,-17.275204,8.121472e-18,1.0344159e-14,1.0,2.7979152e-09,1.1893714e-09,1.4949912e-08,3.2921966e-15,5.606152e-17,2,39.35202,1.0,False,5.033865e-07,Test
2896,0,-8.821862,-6.6317854,10.464825,-0.07978664,-0.6960474,-0.48354807,-7.5256214,-7.56413,4.2060404e-09,3.7584687e-08,0.9999418,2.6333488e-05,1.4219011e-05,1.7585586e-05,1.5375287e-08,1.4794479e-08,2,19.286743,1.0,False,0.00099325,Test
2897,0,-17.934809,-11.520494,18.369156,0.65656596,-0.33626795,2.3020163,-12.39255,-16.251123,1.7115487e-16,1.0449361e-13,0.9999999,2.0301128e-08,7.522077e-09,1.0522775e-07,4.36878e-14,9.217316e-16,2,36.303963,1.0,False,3.332931e-06,Test
2898,0,-19.112003,-11.954448,19.764984,0.38116637,-0.37453362,3.0417755,-12.989583,-18.045685,1.3059871e-17,1.6765842e-14,1.0,3.8169365e-09,1.7927468e-09,5.4601234e-08,5.954875e-15,3.7934566e-17,2,38.876987,1.0,False,1.4761662e-06,Test
2899,0,-12.747372,-8.26121,12.059934,0.31683555,-0.26831585,2.49904,-8.717576,-11.463633,1.6837929e-11,1.4948696e-09,0.99991727,7.943306e-06,4.424591e-06,7.042398e-05,9.471227e-10,6.078671e-11,2,24.807386,1.0,False,0.0013040943,Test
2900,0,-10.681032,-7.4544435,7.3480835,0.42568943,-0.5460296,5.6745343,-6.699813,-12.005904,1.2442129e-08,3.1346178e-07,0.8410855,0.0008288626,0.00031366813,0.15777092,6.666782e-07,3.3075747e-09,2,18.202177,1.0,False,0.6424716,Test
2901,0,-8.323584,-5.178002,5.5086837,-0.40006664,-0.030270863,2.730971,-4.6955547,-6.110254,9.199977e-07,2.137449e-05,0.93554425,0.0025405432,0.0036772816,0.058172684,3.4627385e-05,8.414415e-06,2,13.898894,0.9999991,False,0.381284,Test
2902,0,-22.464254,-14.241147,24.513988,0.5089597,-0.7833638,1.6120045,-15.2344055,-21.079317,3.959216e-21,1.4752272e-17,1.0,3.7561947e-11,1.0315724e-11,1.13186606e-10,5.4637625e-18,1.5815327e-20,2,46.97824,1.0,False,5.4170815e-09,Test
2903,0,-24.601204,-15.936159,26.29302,0.5180787,-0.37060314,3.0519326,-17.49081,-22.878817,7.8871197e-23,4.571939e-19,1.0,6.398597e-12,2.6310876e-12,8.063511e-11,9.6588355e-20,4.415121e-22,2,50.894226,1.0,False,3.0428247e-09,Test
2904,0,-10.4588,-6.3504,9.184253,0.16910133,-0.26543397,2.30228,-6.6415777,-8.767409,2.9416978e-09,1.7900025e-07,0.9987748,0.00012140519,7.861776e-05,0.0010248605,1.3378171e-07,1.5964664e-08,2,19.64428,1.0,False,0.014602424,Test
2905,0,-20.667437,-13.336521,21.748127,0.28637698,-0.22817956,1.7702992,-14.39009,-17.82187,3.7944949e-19,5.7933655e-16,1.0,4.7783766e-10,2.8563485e-10,2.1073658e-09,2.020093e-16,6.5308168e-18,2,42.415565,1.0,False,8.4589615e-08,Test
2906,0,-14.786739,-9.065894,13.804896,-0.36142516,0.33275592,2.975987,-9.823674,-12.122657,3.8264888e-13,1.1677029e-10,0.99997807,7.0410124e-07,1.4096597e-06,1.9817784e-05,5.473091e-11,5.492843e-12,2,28.591658,1.0,False,0.00038304928,Test
2907,0,-17.547049,-11.197034,18.583183,0.6885281,-0.60851747,1.3999269,-12.207701,-15.859595,2.0362863e-16,1.1657796e-13,1.0,1.6921934e-08,4.625414e-09,3.4467252e-08,4.243156e-14,1.1007556e-15,2,36.130234,1.0,False,1.41939e-06,Test
2908,0,-8.346791,-5.3904686,1.7123697,0.5596162,-0.91833335,3.799523,-2.6639063,-5.450564,4.5215766e-06,8.693696e-05,0.105664246,0.033365194,0.0076107644,0.85185814,0.0013284204,8.186638e-05,5,12.30665,0.99999547,False,0.77195257,Test
2909,0,-11.308281,-7.3243175,9.7974205,-0.2055768,0.15282114,3.3397336,-7.880993,-9.691032,6.810547e-10,3.659276e-08,0.99832433,4.5188204e-05,6.466593e-05,0.0015657912,2.0971731e-08,3.431975e-09,2,21.107378,1.0,False,0.018560609,Test
2910,0,-22.980183,-15.012255,23.773048,1.1582338,-0.7062262,3.4872048,-15.787459,-21.978964,4.958265e-21,1.431389e-17,1.0,1.50838e-10,2.3376854e-11,1.5487109e-09,6.593095e-18,1.3494373e-20,2,46.75323,1.0,False,5.107188e-08,Test
2911,0,-16.64991,-10.645391,15.581586,0.46938047,-0.39508057,4.3567686,-10.845745,-16.295525,1.00469365e-14,4.0715716e-12,0.9999863,2.7343026e-07,1.1519032e-07,1.3338833e-05,3.3323487e-12,1.4319942e-14,2,32.23151,1.0,False,0.00024440378,Test
2912,0,-16.084919,-10.300359,14.56461,-0.14582996,0.21737874,4.504996,-10.913951,-15.098221,4.8871975e-14,1.5895086e-11,0.99995625,4.086187e-07,5.875675e-07,4.2770673e-05,8.605624e-12,1.3109239e-13,2,30.649572,1.0,False,0.0007046826,Test
2913,1,-7.1844015,-3.8844624,2.4827378,-1.3949775,-0.67264295,-0.41620013,-2.3312116,2.4728136,2.9895247e-05,0.0008104898,0.47204927,0.009770505,0.020119764,0.02600127,0.0038310303,0.46738774,2,7.1178718,0.9991895,False,1.3791459,Test
2914,0,-21.361662,-13.685498,22.502169,0.23595725,0.12425463,2.5557694,-15.350371,-18.796852,8.916213e-20,1.9226293e-16,1.0,2.1375074e-10,1.9115923e-10,2.1746465e-09,3.6379033e-17,1.1589481e-18,2,43.86383,1.0,False,7.561675e-08,Test
2915,0,-19.509008,-12.399196,20.180098,0.33692133,-0.12304057,3.0598617,-13.776021,-18.018967,5.797494e-18,7.0956653e-15,1.0,2.4111166e-09,1.5221551e-09,3.670931e-08,1.79079e-15,2.5725057e-17,2,39.689106,1.0,False,1.0203042e-06,Test
2916,0,-8.138171,-4.590254,4.2877464,-0.39214662,-0.22724943,0.8887521,-3.3933125,-2.046106,3.8003557e-06,0.00013202775,0.9469602,0.008787797,0.0103632,0.031634953,0.0004370089,0.0016810261,2,12.480416,0.9999962,False,0.3825514,Test
2917,0,-21.646477,-14.244707,23.27981,-0.24184999,0.4551555,2.4932978,-16.579657,-19.035192,3.0815018e-20,5.0502083e-17,1.0,6.09078e-11,1.222866e-10,9.38712e-10,4.889378e-18,4.1959272e-19,2,44.926285,1.0,False,3.4244316e-08,Test
2918,0,-25.41593,-16.505043,26.922155,0.9468574,-0.38081658,2.76838,-17.954863,-23.283525,1.8614801e-23,1.3797694e-19,1.0,5.2368656e-12,1.388256e-12,3.2370415e-11,3.2371196e-20,1.5701814e-22,2,52.338085,1.0,False,1.3789285e-09,Test
2919,0,-16.993216,-10.36705,18.494009,-2.6961,1.5653067,-0.47409037,-13.276614,-9.062542,3.8734163e-16,2.9228144e-13,1.0,6.2697825e-10,4.445878e-08,5.7844094e-09,1.5929203e-14,1.0773132e-12,2,35.487225,1.0,False,1.2633293e-06,Test
2920,0,-21.051899,-13.71291,21.993969,0.3097039,0.1355139,3.144838,-15.209838,-18.985962,2.0203057e-19,3.109565e-16,1.0,3.8251047e-10,3.213611e-10,6.515182e-09,6.9597164e-17,1.5945648e-18,2,43.045868,1.0,False,1.9927144e-07,Test
2921,0,-4.9551134,-3.059031,3.048397,-0.22738849,-0.6514937,1.0073204,-2.9931295,-3.1685493,0.0002787268,0.0018562517,0.8337948,0.03150675,0.020616597,0.10830059,0.0019827017,0.0016636944,2,8.185279,0.9997213,False,0.891868,Test
2922,0,-21.704165,-13.539189,23.462563,-0.17544398,-0.034914594,2.423054,-15.474197,-19.89035,2.422928e-20,8.51812e-17,1.0,5.4218106e-11,6.2398704e-11,7.288823e-10,1.2302121e-17,1.4861723e-19,2,45.166725,1.0,False,2.608847e-08,Test
2923,0,-9.51486,-5.8341856,8.171531,-1.3398969,0.93238676,1.3276595,-6.960864,-4.5041,2.08013e-08,8.2525224e-07,0.9981413,7.3863754e-05,0.0007165917,0.0010639876,2.6747085e-07,3.120582e-06,2,17.68825,1.0,False,0.021767044,Test
2924,0,-19.539587,-12.49522,20.119287,0.8054821,-0.7370199,3.0047,-13.167235,-18.797256,5.9754365e-18,6.8501244e-15,1.0,4.0937493e-09,8.754282e-10,3.6917218e-08,3.4982207e-15,1.2553376e-17,2,39.658875,1.0,False,1.0519373e-06,Test
2925,1,-11.23907,-6.82534,11.938025,-1.6863073,0.5110376,-1.2094704,-8.757673,-4.092995,8.596254e-11,7.098525e-09,0.99998593,1.2106581e-06,1.0897232e-05,1.9503332e-06,1.0279372e-09,1.0909626e-07,2,18.763378,1.0,False,0.00026365294,Test
2926,0,-17.728113,-11.352465,18.202322,0.2914531,-0.16229273,2.32016,-12.486973,-15.017826,2.4866246e-16,1.4605592e-13,0.9999999,1.6649766e-08,1.0576676e-08,1.2660901e-07,4.6968702e-14,3.738297e-15,2,35.930435,1.0,False,3.7834511e-06,Test
2927,0,-20.158825,-13.07795,20.494686,0.21439768,-0.06488474,4.032057,-14.299833,-18.956873,2.2100618e-18,2.6277833e-15,0.9999999,1.5573365e-09,1.1778555e-09,7.085506e-08,7.743423e-16,7.351987e-18,2,40.65351,1.0,False,1.8493402e-06,Test
2928,0,-21.104452,-13.474448,22.039333,0.5113293,-0.28102046,2.9295144,-14.762175,-19.41411,1.8318626e-19,3.7719004e-16,1.0,4.4720513e-10,2.0248517e-10,5.020083e-09,1.0406603e-16,9.9311e-19,2,43.143784,1.0,False,1.588117e-07,Test
2929,0,-7.5844755,-4.210661,4.4018884,-1.5822718,0.10327096,0.045739435,-3.9137564,0.45828336,5.939071e-06,0.00017335963,0.9535214,0.0024012788,0.012955812,0.012231481,0.00023328757,0.01847756,2,12.0339575,0.99999404,False,0.3567926,Test
2930,0,-15.261549,-9.683881,15.63881,-0.06277209,0.10635713,1.7951884,-10.754573,-12.43196,3.8031505e-14,1.0057603e-11,0.9999987,1.5166628e-07,1.7961433e-07,9.722786e-07,3.4474567e-12,6.4419715e-13,2,30.900362,1.0,False,2.8771345e-05,Test
2931,0,-19.451742,-12.716058,20.22373,0.1200339,0.17399499,2.8832197,-14.323033,-17.152927,5.8770765e-18,4.9480205e-15,1.0,1.8581271e-09,1.9611477e-09,2.9451785e-08,9.920438e-16,5.854971e-17,2,39.675472,1.0,False,8.474173e-07,Test
2932,0,-20.944355,-13.399733,21.74289,0.644929,-0.28054866,2.4522817,-14.4650955,-18.650393,2.8917805e-19,5.4670413e-16,1.0,6.8749983e-10,2.72485e-10,4.1898227e-09,1.8839612e-16,2.8669584e-18,2,42.687244,1.0,False,1.4618851e-07,Test
2933,0,-22.713615,-14.97585,25.01778,1.388793,-1.6052778,1.3853463,-15.530921,-22.332344,1.8643104e-21,4.275505e-18,1.0,5.470936e-11,2.7400135e-12,5.4521016e-11,2.4542701e-18,2.7296205e-21,2,47.731396,1.0,False,3.829113e-09,Test
2934,0,-20.445961,-13.743624,22.49327,0.855429,-0.899489,1.9817538,-14.680256,-20.094042,2.2476493e-19,1.8302796e-16,1.0,4.0068635e-10,6.928731e-11,1.235838e-09,7.1736875e-17,3.1956996e-19,2,42.93923,1.0,False,5.141726e-08,Test
2935,0,-19.011143,-12.643225,19.498344,0.7523337,-0.13840514,3.4377437,-13.767088,-17.973505,1.886002e-17,1.0992412e-14,0.9999999,7.222895e-09,2.9639309e-09,1.0591802e-07,3.5727727e-15,5.3233294e-17,2,38.509487,1.0,False,2.905471e-06,Test
2936,0,-10.988724,-7.533747,10.105261,0.30905506,-0.7045557,2.921725,-7.652266,-11.211632,6.896623e-10,2.1833028e-08,0.9991659,5.561598e-05,2.0183385e-05,0.0007583466,1.939286e-08,5.5185984e-10,2,21.09482,1.0,False,0.010164977,Test
2937,0,-9.040979,-7.152206,11.270628,-0.32290295,-0.2684926,0.92430043,-8.841113,-9.335079,1.5092417e-09,9.977976e-09,0.99994886,9.225107e-06,9.74095e-06,3.210885e-05,1.8431473e-09,1.1246901e-09,2,20.311659,1.0,False,0.000869829,Test
2938,0,-11.131581,-7.046397,9.114663,0.106144644,-0.55414706,2.443494,-6.6120524,-8.717034,1.6089305e-09,9.565556e-08,0.9985494,0.00012218553,6.313334e-05,0.0012650788,1.4768759e-07,1.799541e-08,2,20.247696,1.0,False,0.0167449,Test
2939,0,-20.599031,-13.267803,21.290499,1.2126992,-0.98349386,2.8810813,-13.79075,-19.696657,6.4210815e-19,9.80662e-16,1.0,1.9068773e-09,2.1209379e-10,1.0113263e-08,5.8130897e-16,1.5830854e-18,2,41.88953,1.0,False,3.3065044e-07,Test
2940,0,-10.294921,-6.3153973,8.588153,-1.5261796,1.0318338,0.7125711,-6.960907,-3.0080047,6.291752e-09,3.3655553e-07,0.99904794,4.0456438e-05,0.0005222983,0.0003795462,1.7648811e-07,9.1926195e-06,2,18.884026,1.0,False,0.01213593,Test
2941,0,-14.33604,-8.666007,13.98414,-0.9511439,0.7455923,2.6155143,-9.7589245,-11.433657,5.0199173e-13,1.4559967e-10,0.9999863,3.2634907e-07,1.7805968e-06,1.1552146e-05,4.8810355e-11,9.145028e-12,2,28.320192,1.0,False,0.00025021084,Test
2942,0,-8.870063,-4.786151,7.76054,-2.7936032,0.93236774,-1.9869027,-6.332598,2.0169108,5.9638225e-08,3.5411597e-06,0.9956442,2.5971565e-05,0.0010781189,5.8189387e-05,7.542793e-07,0.0031891693,2,16.63497,0.99999994,False,0.044639364,Test
2943,0,-27.306917,-18.003588,29.804134,0.13321821,-0.22972114,2.3535733,-19.940777,-24.205896,1.5739271e-25,1.727306e-21,1.0,1.3004243e-13,9.0461194e-14,1.1977677e-12,2.4891987e-22,3.497364e-24,2,57.111053,1.0,False,5.692121e-11,Test
2944,0,-26.673874,-17.249107,29.180292,1.2701256,-1.4802318,1.9780498,-18.075666,-25.761024,5.531523e-25,6.85439e-21,1.0,7.5643045e-13,4.8339645e-14,1.5353821e-12,2.9991485e-21,1.37813e-24,2,55.854164,1.0,False,9.285193e-11,Test
2945,0,-14.167459,-8.881599,13.306454,0.2688455,0.10048908,3.2200665,-9.816364,-12.426791,1.1700707e-12,2.311166e-10,0.99995434,2.176802e-06,1.8395111e-06,4.1640666e-05,9.0754446e-11,6.670732e-12,2,27.473957,1.0,False,0.0007478099,Test
2946,0,-23.231884,-14.832334,24.467962,0.26635474,0.008351129,3.346202,-16.348646,-21.587507,1.9240698e-21,8.552596e-18,1.0,3.0858566e-11,2.3841058e-11,6.713293e-10,1.8774665e-18,9.9623945e-21,2,47.699844,1.0,False,2.2375662e-08,Test
2947,1,-22.215311,-15.818085,25.702124,-0.65616584,0.5425428,1.6557915,-18.639637,-21.27481,1.5478274e-21,9.289703e-19,1.0,3.570592e-12,1.1839494e-11,3.6042173e-11,5.528647e-20,3.9643847e-21,2,41.52021,1.0,False,1.8158819e-09,Test
2948,0,-9.731789,-5.737165,8.509944,-0.7958821,0.37964812,0.96597224,-5.885478,-4.9385877,1.1948615e-08,6.488753e-07,0.9990835,9.080982e-05,0.0002942112,0.00052880624,5.594348e-07,1.442044e-06,2,18.242651,1.0,False,0.011801525,Test
2949,0,-7.505479,-3.846336,4.946877,-1.8526478,0.055481505,-1.6166784,-3.9675717,2.5507236,3.5486871e-06,0.00013778868,0.90794045,0.0010117221,0.00681948,0.0012809776,0.00012205665,0.08268394,2,12.548933,0.9999964,False,0.4987216,Test
2950,1,-19.877075,-12.69052,20.791248,0.8299143,-0.5635635,2.8097923,-13.8983555,-18.854568,2.1775668e-18,2.8777445e-15,1.0,2.1424105e-09,5.3176863e-10,1.5515027e-08,8.5999446e-16,6.0539736e-18,2,33.48177,1.0,False,4.805676e-07,Test
2951,0,-22.620613,-15.001724,22.50028,0.8495606,-0.15195018,5.477564,-16.038748,-22.417032,2.536554e-20,5.1651804e-17,1.0,3.9555922e-10,1.4529845e-10,4.046953e-08,1.8311028e-17,3.109274e-20,2,45.120895,1.0,False,1.0109784e-06,Test
2952,0,-23.36974,-15.206871,24.374035,-0.15823188,0.4702462,3.215474,-16.848396,-20.465715,1.841375e-21,6.459977e-18,1.0,2.2170321e-11,4.1563884e-11,6.470732e-10,1.2511967e-18,3.3600293e-20,2,47.743774,1.0,False,2.197017e-08,Test
2953,0,-20.679676,-13.274716,21.817188,1.2815547,-1.175672,2.4887834,-13.925278,-19.981659,3.4982135e-19,5.7514834e-16,1.0,1.2063903e-09,1.03354034e-10,4.0344115e-09,3.0008498e-16,7.0305823e-19,2,42.496864,1.0,False,1.5166933e-07,Test
2954,0,-23.904623,-16.72734,27.692335,0.8629365,-0.6686894,1.0974575,-18.615946,-23.959282,3.905942e-23,5.114216e-20,1.0,2.2291537e-12,4.819072e-13,2.8183283e-12,7.736938e-21,3.6981705e-23,2,51.59696,1.0,False,2.1413536e-10,Test
2955,0,-23.026535,-14.936743,24.74994,-0.28570315,0.27884042,2.0258331,-16.994438,-19.552965,1.7821366e-21,5.8115543e-18,1.0,1.3401633e-11,2.356874e-11,1.3522139e-10,7.4241605e-19,5.7476774e-20,2,47.776474,1.0,False,5.749222e-09,Test
2956,1,-16.769646,-10.629042,17.451992,-0.48080102,0.4760515,1.6750765,-12.011376,-13.432556,1.3731928e-15,6.3762006e-13,0.9999999,1.6288723e-08,4.240749e-08,1.4066065e-07,1.600376e-13,3.8637686e-14,2,28.081034,1.0,False,5.005636e-06,Test
2957,1,-24.314531,-15.45606,27.153801,-0.09773102,-0.19273664,1.9508318,-17.880098,-22.685333,4.442098e-23,3.124435e-19,1.0,1.4615384e-12,1.3290742e-12,1.1336782e-11,2.7671127e-20,2.2653695e-22,2,42.609863,1.0,False,5.221046e-10,Test
2958,0,-15.8863125,-10.344402,15.497378,-0.51241535,0.7970794,3.1540997,-11.554943,-12.774196,2.345495e-14,5.98487e-12,0.9999951,1.11437814e-07,4.1279938e-07,4.3589307e-06,1.7837072e-12,5.2699837e-13,2,31.383696,1.0,False,9.600224e-05,Test
2959,0,-8.945452,-5.806324,6.241358,-0.16095841,0.0028721802,3.4445748,-5.3032,-7.4996867,2.3837042e-07,5.502476e-06,0.93929046,0.0015570744,0.001834256,0.05730236,9.100438e-06,1.0119054e-06,2,15.24944,0.99999976,False,0.35272953,Test
2960,0,-14.678475,-9.427613,14.401917,0.18015207,-0.4026093,3.3451388,-9.914714,-14.3329935,2.3471375e-13,4.4767103e-11,0.9999832,6.661291e-07,3.7193632e-07,1.5779551e-05,2.7505142e-11,3.315732e-13,2,29.08041,1.0,False,0.00029757214,Test
2961,0,-11.360999,-7.7379007,12.292501,0.4218695,-0.6687637,1.8603905,-8.705024,-11.809169,5.3382482e-11,1.9993533e-09,0.99996114,6.9925095e-06,2.3495083e-06,2.946965e-05,7.601061e-10,3.410053e-11,2,23.653538,1.0,False,0.0006632795,Test
2962,0,-9.684809,-6.063769,7.6579056,-0.53487843,0.3946319,3.208777,-6.5303483,-7.7478776,2.901935e-08,1.0846397e-06,0.98749024,0.00027318182,0.00069204305,0.011542525,6.802251e-07,2.0131975e-07,2,17.355303,1.0,False,0.10277125,Test
2963,0,-15.148067,-9.625592,15.178203,0.16634311,-0.30110428,2.8048563,-10.522393,-14.174027,6.7525175e-14,1.6898444e-11,0.99999523,3.0229432e-07,1.8941756e-07,4.22982e-06,6.8924077e-12,1.7884895e-13,2,30.326275,1.0,False,9.307759e-05,Test
2964,0,-7.578244,-4.6404524,4.0343003,0.056538433,-0.806064,3.0168414,-3.5402403,-6.2872753,6.517396e-06,0.00012301013,0.7200097,0.013483985,0.005691081,0.26029244,0.0003696214,2.3699284e-05,2,11.941035,0.9999935,False,0.97915363,Test
2965,0,-22.47198,-14.6248045,23.872404,-0.24980187,0.36718515,3.490651,-16.722347,-20.375187,7.462599e-21,1.9093042e-17,1.0,3.3408668e-11,6.1917485e-11,1.4070733e-09,2.3438204e-18,6.074579e-20,2,46.344383,1.0,False,4.463684e-08,Test
2966,0,-20.1603,-12.651511,21.026531,0.6960313,-0.80146915,2.8396392,-13.418265,-19.098942,1.296545e-18,2.3648935e-15,1.0,1.481072e-09,3.312986e-10,1.2633781e-08,1.0985365e-15,3.7473863e-18,2,41.18683,1.0,False,3.8536095e-07,Test
2967,1,-11.787384,-7.2965055,11.567926,0.18114378,-0.2408068,1.4099196,-7.971091,-9.45109,7.19271e-11,6.4158856e-09,0.99994254,1.134379e-05,7.4388786e-06,3.8762235e-05,3.268044e-09,7.4393036e-10,2,18.864489,1.0,False,0.0009645021,Test
2968,0,-24.230314,-15.613817,25.490482,0.83347005,-0.59503824,3.393731,-16.847322,-22.96457,2.5499592e-22,1.4080844e-18,1.0,1.9570203e-11,4.6903223e-12,2.532226e-10,4.1013248e-19,9.04146e-22,2,49.720795,1.0,False,8.945127e-09,Test
2969,0,-23.115965,-14.834013,24.16115,1.0614692,-0.9124109,3.3867993,-15.637315,-22.181961,2.936364e-21,1.1604219e-17,1.0,9.288305e-11,1.2903007e-11,9.501976e-10,5.196919e-18,7.472113e-21,2,47.277115,1.0,False,3.204057e-08,Test
2970,0,-16.924597,-10.918978,16.786613,0.7009831,-0.3748659,3.4035106,-11.803559,-16.1545,2.2877358e-15,9.281409e-13,0.99999833,1.0329963e-07,3.522599e-08,1.5409613e-06,3.8321757e-13,4.941467e-15,2,33.711212,1.0,False,3.5429675e-05,Test
2971,0,-27.80728,-18.105412,30.45659,0.55593145,-0.26453593,2.6083336,-20.250402,-26.000305,4.9696142e-26,8.124368e-22,1.0,1.0334954e-13,4.5497155e-14,8.0474006e-13,9.5111426e-23,3.0274884e-25,2,58.26387,1.0,False,3.8806406e-11,Test
2972,0,-22.23343,-14.273822,22.893229,-0.40709805,0.8308365,3.9575667,-16.505375,-19.598719,2.5219753e-20,7.220305e-17,1.0,7.5997e-11,2.6207478e-10,5.975122e-09,7.75181e-18,3.515457e-19,2,45.12666,1.0,False,1.7412701e-07,Test
2973,0,-16.530998,-10.583504,16.43026,-0.77634573,0.7168469,4.2027807,-12.223627,-15.058132,4.8428986e-15,1.8538279e-12,0.999995,3.3671608e-08,1.4988188e-07,4.894081e-06,3.5956128e-13,2.112336e-14,2,32.96126,1.0,False,9.796314e-05,Test
2974,0,-18.942398,-12.2717085,18.860628,0.10341812,-0.077870786,4.0407357,-13.120804,-18.12816,3.822566e-17,3.0157703e-14,0.99999964,7.142449e-09,5.9581855e-09,3.6627065e-07,1.2901507e-14,8.62925e-17,2,37.803024,1.0,False,8.703105e-06,Test
2975,0,-15.294692,-9.771864,14.535859,-0.3398592,0.7202558,3.6788495,-10.798529,-13.12883,1.10852964e-13,2.7751128e-11,0.9999794,3.4637677e-07,9.998868e-07,1.9268664e-05,9.940445e-12,9.668735e-13,2,29.830572,1.0,False,0.00035892968,Test
2976,0,-16.550407,-10.153526,16.554152,-1.1364179,0.64547735,1.1225164,-11.257363,-10.982997,4.1963503e-15,2.5176929e-12,0.99999964,2.075312e-08,1.232964e-07,1.9866711e-07,8.348568e-13,1.0984204e-12,2,33.10456,1.0,False,8.21257e-06,Test
2977,0,-20.916395,-13.432294,22.22288,0.14309117,-0.16535087,2.620885,-14.944241,-18.956848,1.840141e-19,3.2745722e-16,1.0,2.575549e-10,1.8919756e-10,3.068756e-09,7.219782e-17,1.3057871e-18,2,43.139275,1.0,False,1.01098735e-07,Test
2978,0,-7.387739,-4.167143,6.610474,-1.1586112,0.39666077,-0.25425127,-5.197124,-1.9776888,8.2995894e-07,2.0784702e-05,0.99632996,0.00042104867,0.0019942445,0.0010401374,7.42042e-06,0.0001856142,2,14.001889,0.99999917,False,0.04096896,Test
2979,0,-6.9335556,-4.881046,6.656225,0.29265645,-0.6981904,1.3467408,-5.070322,-7.4116073,1.2441209e-06,9.688489e-06,0.99272597,0.0017106713,0.0006351077,0.0049085086,8.017789e-06,7.713423e-07,2,13.597081,0.99999875,False,0.0709122,Test
2980,1,-11.629672,-7.0603356,12.165369,-1.6869003,0.624114,-1.2425619,-8.953636,-4.000723,4.6338287e-11,4.470719e-09,0.9999876,9.638968e-07,9.720558e-06,1.5031559e-06,6.731738e-10,9.531256e-08,2,19.225716,1.0,False,0.00023027514,Test
2981,0,-10.189067,-6.1166844,7.5325394,-1.1681986,0.37253654,1.1055002,-5.793513,-3.2402792,2.0067015e-08,1.177868e-06,0.9974221,0.0001660338,0.0007750493,0.001613063,1.6272276e-06,2.0907559e-05,2,17.724188,1.0,False,0.029150767,Test
2982,0,-17.067621,-11.008042,16.685993,-0.0031680092,0.25174433,3.873734,-11.929804,-15.457308,2.1927515e-15,9.389281e-13,0.99999714,5.649215e-08,7.2894636e-08,2.7271253e-06,3.7352185e-13,1.0973361e-14,2,33.75362,1.0,False,5.762481e-05,Test
2983,0,-16.014963,-9.966423,17.12304,-0.6769342,0.1769006,0.16482672,-11.63868,-11.1080265,4.058347e-15,1.7186837e-12,0.9999999,1.8602448e-08,4.3690353e-08,4.316603e-08,3.2280794e-13,5.487871e-13,2,33.138,1.0,False,2.6880305e-06,Test
2984,0,-17.466059,-11.095639,18.06933,-0.15332083,0.2564069,2.3156343,-12.808982,-14.532494,3.6912767e-16,2.1568217e-13,0.9999999,1.218999e-08,1.8363083e-08,1.4396487e-07,3.8879422e-14,6.9375895e-15,2,35.53539,1.0,False,4.2363727e-06,Test
2985,0,-12.427457,-8.143908,9.72602,0.07837028,0.15564376,5.1204,-8.11374,-11.992003,2.3685914e-10,1.7171663e-08,0.98997176,6.392956e-05,6.90655e-05,0.009895266,1.7697566e-08,3.6610454e-10,2,22.163555,1.0,False,0.082134366,Test
2986,0,-6.158787,-4.469385,-0.7813471,0.24877587,-1.2255187,4.9045935,-1.6580322,-5.743439,1.5419833e-05,8.35175e-05,0.00333789,0.009350802,0.002140774,0.98365927,0.0013890966,2.3359451e-05,5,11.079856,0.99998456,False,0.14777818,Test
2987,0,-22.111147,-14.230794,23.805723,-0.56445134,0.49919993,1.9174867,-16.191364,-18.901009,1.1443443e-20,3.0265655e-17,1.0,2.6071603e-11,7.552765e-11,3.1193165e-10,4.260754e-18,2.8359673e-19,2,45.91687,1.0,False,1.3306397e-08,Test
2988,0,-25.664965,-16.894104,27.3284,0.9201269,-0.38670677,3.1432593,-18.511211,-23.728706,9.6666305e-24,6.2288904e-20,1.0,3.396513e-12,9.193524e-13,3.1370892e-11,1.2362601e-20,6.701632e-23,2,52.993362,1.0,False,1.2607502e-09,Test
2989,0,-9.417621,-6.124776,6.608106,0.3011986,-0.49310553,3.9378562,-5.5268555,-9.279115,1.02321e-07,2.7544133e-06,0.9329305,0.0017013517,0.0007688335,0.06459137,5.0084373e-06,1.1752146e-07,2,16.09515,0.9999999,False,0.37248802,Test
2990,0,-18.116493,-11.655123,17.972214,0.07662542,0.3761401,4.2103705,-13.116677,-16.580528,2.1226249e-16,1.3583472e-13,0.9999989,1.690614e-08,2.280983e-08,1.0551329e-06,3.1496778e-14,9.861304e-16,2,36.088707,1.0,False,2.3512135e-05,Test
2991,0,-16.731915,-10.472229,17.001575,-0.6070078,0.37729073,1.027788,-11.557626,-12.065912,2.2373365e-15,1.1702488e-12,0.99999976,2.2526269e-08,6.027882e-08,1.15523996e-07,3.952727e-13,2.3776635e-13,2,33.73349,1.0,False,4.9382993e-06,Test
2992,0,-19.909517,-12.808278,20.84084,0.21960783,-0.07919164,2.2081518,-14.052834,-17.575554,2.006061e-18,2.4343015e-15,1.0,1.1074219e-09,8.2138385e-10,8.089599e-09,7.01246e-16,2.0700097e-17,2,40.75036,1.0,False,2.7519533e-07,Test
2993,0,-12.930218,-8.517976,10.999736,0.43441045,-0.5055273,4.358834,-8.109403,-13.12026,4.043621e-11,3.334135e-09,0.99865997,2.576054e-05,1.0063412e-05,0.001304099,5.0167706e-09,3.3437735e-11,2,23.931295,1.0,False,0.014988619,Test
2994,0,-21.178377,-13.631251,22.437819,-0.17082617,0.29060298,1.9669247,-15.3569765,-17.840982,1.1421599e-19,2.1647233e-16,1.0,1.5177158e-10,2.4076136e-10,1.2870747e-09,3.8541505e-17,3.2146894e-18,2,43.616196,1.0,False,5.0654634e-08,Test
2995,0,-11.641778,-8.017956,13.5098505,-0.26115203,-0.41163385,1.0666914,-9.674035,-11.439801,1.19339425e-11,4.472912e-10,0.99999404,1.0455069e-06,8.994432e-07,3.9445918e-06,8.5381514e-11,1.4604993e-11,2,25.151634,1.0,False,0.000118179225,Test
2996,0,-20.879427,-13.925867,21.247917,0.59730804,0.105808645,4.203875,-15.201183,-20.03083,5.062065e-19,5.2993235e-16,1.0,1.0753604e-09,6.578074e-10,3.961561e-08,1.480324e-16,1.1826812e-18,2,42.127342,1.0,False,1.0262243e-06,Test
2997,0,-22.347206,-14.579075,23.88775,-0.10505081,0.2875858,2.6725092,-16.599598,-19.713465,8.325575e-21,1.9681995e-17,1.0,3.8024073e-11,5.630913e-11,6.1141786e-10,2.6095588e-18,1.1593986e-19,2,46.234955,1.0,False,2.1947123e-08,Test
2998,0,-8.784277,-5.2479463,6.33925,-0.1930016,-0.5170567,1.7854663,-4.3602667,-5.472624,2.668663e-07,9.164374e-06,0.9870934,0.0014369355,0.0010392067,0.0103914235,2.2264727e-05,7.3202577e-06,2,15.1365185,0.99999976,False,0.11145884,Test
2999,0,-18.728462,-12.203033,19.202122,0.9100742,-0.6701249,2.2865388,-12.485436,-17.089264,3.36478e-17,2.2956961e-14,1.0,1.1372729e-08,2.3420346e-09,4.5045955e-08,1.7308871e-14,1.7332111e-16,2,37.930584,1.0,False,1.4665744e-06,Test
3000,0,-10.349224,-6.440074,7.526868,-0.6510415,-0.15064426,2.2056031,-5.509028,-5.8529763,1.7142412e-08,8.546609e-07,0.99439657,0.00027921484,0.00046053054,0.004859188,2.1684118e-06,1.5373294e-06,2,17.88171,1.0,False,0.05389409,Test
3001,0,-20.876846,-13.168222,22.462759,-0.35741222,0.41002455,1.4693072,-15.158078,-17.162266,1.5060789e-19,3.3547592e-16,1.0,1.2283595e-10,2.6461786e-10,7.6323736e-10,4.5864597e-17,6.1811774e-18,2,43.339607,1.0,False,3.557929e-08,Test
3002,0,-7.227742,-4.691366,3.0856526,0.28985655,-1.0626553,3.7588894,-2.5743303,-7.452907,1.0911319e-05,0.00013785146,0.3287968,0.020078389,0.0051920684,0.6446302,0.0011450603,8.711425e-06,5,11.42571,0.9999891,False,1.101869,Test
3003,0,-17.69086,-11.462917,17.182188,-0.003879672,0.3049945,4.4055853,-12.623495,-16.358707,7.158581e-16,3.6273342e-13,0.99999714,3.4370387e-08,4.680872e-08,2.8261206e-06,1.13646234e-13,2.712525e-15,2,34.87305,1.0,False,5.8384663e-05,Test
3004,0,-21.673891,-14.139783,22.976467,1.0806277,-0.82292354,2.0215256,-14.886537,-20.189539,4.0606445e-20,7.596575e-17,1.0,3.0956912e-10,4.6137698e-11,7.932039e-10,3.6000356e-17,1.7915994e-19,2,44.65036,1.0,False,3.5342957e-08,Test
3005,0,-23.565994,-15.131686,24.650043,0.14651722,-0.0054497644,3.4595158,-16.719624,-21.569653,1.1482617e-21,5.2846216e-18,1.0,2.2816738e-11,1.9599976e-11,6.267164e-10,1.0798959e-18,8.453587e-21,2,48.216038,1.0,False,2.0663416e-08,Test
3006,0,-24.591316,-15.731029,26.552662,-0.99226815,0.97504264,0.5768383,-18.085854,-18.013361,6.1440185e-23,4.3293845e-19,1.0,1.0899062e-12,7.794369e-12,5.23411e-12,4.1090274e-20,4.4179558e-20,2,51.14398,1.0,False,5.270787e-10,Test
3007,1,-13.701827,-8.29232,13.216904,-2.223885,1.2805326,0.28445336,-9.725874,-5.4231834,2.0386347e-12,4.5567872e-10,0.9999908,1.968552e-07,6.5478093e-06,2.4182668e-06,1.0866115e-10,8.02988e-09,2,21.509233,1.0,False,0.00017573754,Test
3008,0,-12.422798,-7.8002963,12.738756,-0.17999563,0.046058312,1.223178,-9.067644,-9.950958,1.1815961e-11,1.2022531e-09,0.9999845,2.4516062e-06,3.0734404e-06,9.9733525e-06,3.385275e-10,1.3995084e-10,2,25.16157,1.0,False,0.0002900737,Test
3009,0,-15.918735,-10.015981,16.261091,-0.28326634,0.2279696,2.0291753,-11.438891,-12.818791,1.0579845e-14,3.8726826e-12,0.99999917,6.529449e-08,1.0886884e-07,6.59412e-07,9.333628e-13,2.3483708e-13,2,32.179825,1.0,False,1.8820043e-05,Test
3010,0,-23.101664,-14.745158,24.538044,0.23780389,-0.04504844,2.6698697,-16.421167,-21.19912,2.0433231e-21,8.700048e-18,1.0,2.7960186e-11,2.1071669e-11,3.1825326e-10,1.6279449e-18,1.3696268e-20,2,47.63971,1.0,False,1.1768155e-08,Test
3011,0,-19.593857,-12.829801,20.57324,0.98552346,-0.64530617,2.0332632,-13.611735,-18.096165,3.5945998e-18,3.1134598e-15,1.0,3.1128813e-09,6.094002e-10,8.875439e-09,1.4244727e-15,1.6072803e-17,2,40.1671,1.0,False,3.4401845e-07,Test
3012,0,-24.586306,-15.70488,26.254143,0.8958545,-0.71386033,2.4321175,-16.980629,-22.924929,8.322899e-23,5.990017e-19,1.0,9.705894e-12,1.9406419e-12,4.510512e-11,1.6725427e-19,4.383303e-22,2,50.840446,1.0,False,1.9807562e-09,Test
3013,1,-17.692526,-11.234695,18.91004,-0.65737736,0.5632236,1.5211655,-13.103919,-13.945133,1.269719e-16,8.096695e-14,1.0,3.1767184e-09,1.07666e-08,2.8061311e-08,1.24886275e-14,5.384935e-15,2,30.144735,1.0,False,1.0786317e-06,Test
3014,0,-12.670304,-8.417082,11.191218,-0.13654754,0.3137737,3.5661325,-9.008599,-10.637706,4.3335828e-11,3.0478846e-09,0.9994814,1.2027869e-05,1.8869512e-05,0.00048780022,1.6869623e-09,3.3082123e-10,2,23.862041,1.0,False,0.0066075358,Test
3015,0,-12.36479,-7.735881,11.977792,-0.3358093,0.25590184,2.5474641,-9.240397,-10.237664,2.6798489e-11,2.7442293e-09,0.99990714,4.489836e-06,8.11349e-06,8.024547e-05,6.0956096e-10,2.248587e-10,2,24.342676,1.0,False,0.0014427153,Test
3016,0,-11.765856,-7.6824517,9.182431,1.0330288,-1.0539881,4.043524,-6.7326355,-11.787092,7.93587e-10,4.7097146e-08,0.993849,0.00028713082,3.5620484e-05,0.005828023,1.2175722e-07,7.769117e-10,2,20.954458,1.0,False,0.05601547,Test
3017,0,-15.158306,-9.389611,15.889493,-0.6761257,0.3868329,0.8180844,-10.479897,-12.078959,3.2818014e-14,1.0505682e-11,0.9999994,6.392092e-08,1.8504619e-07,2.8481986e-07,3.5311795e-12,7.136005e-13,2,31.047798,1.0,False,1.2633763e-05,Test
3018,0,-11.342338,-6.7143416,10.782213,-1.1186115,0.7734892,1.8955911,-8.601277,-9.000852,2.462337e-10,2.5191847e-08,0.9998099,6.7835185e-06,4.499702e-05,0.00013819945,3.817456e-09,2.5600069e-09,2,22.12474,1.0,False,0.0028130063,Test
3019,0,-19.182407,-14.263211,22.713793,1.1981854,-1.3215313,1.787988,-15.492462,-21.390347,6.3783835e-19,8.7315386e-17,1.0,4.5278314e-10,3.6441093e-11,8.166552e-10,2.5540838e-17,7.011563e-20,2,41.896202,1.0,False,3.997268e-08,Test
3020,0,-11.912559,-7.307268,11.090993,-1.8324891,1.0568509,1.2470562,-8.654092,-6.3551464,1.0224483e-10,1.0225702e-08,0.9999006,2.439832e-06,4.3871707e-05,5.30627e-05,2.6593499e-09,2.6496858e-08,2,23.00365,1.0,False,0.0015786296,Test
3021,0,-12.047346,-7.495347,11.38162,-0.76726055,0.5816531,1.8743352,-8.279787,-7.856645,6.68168e-11,6.3356818e-09,0.9999,5.2937644e-06,2.039814e-05,7.4301075e-05,2.8914506e-09,4.4145234e-09,2,23.429066,1.0,False,0.0015744112,Test
3022,0,-17.686047,-11.169878,18.93159,-0.26115546,0.106136784,0.296123,-12.861548,-13.009291,1.2507255e-16,8.454714e-14,1.0,4.6205817e-09,6.6712884e-09,8.06715e-09,1.5574576e-14,1.3435448e-14,2,36.617638,1.0,False,5.2602144e-07,Test
3023,1,-23.96607,-15.935377,25.924274,0.48632878,-0.26512402,2.2275507,-17.538761,-22.00756,2.1522834e-22,6.615842e-19,1.0,8.962729e-12,4.2275528e-12,5.1126204e-11,1.3312005e-19,1.5256977e-21,2,41.85965,1.0,False,2.236515e-09,Test
3024,0,-20.466595,-13.125806,20.971743,0.4386431,-0.20920807,3.5761397,-14.203869,-19.32601,1.008226e-18,1.5546135e-15,1.0,1.20945e-09,6.327472e-10,2.7873117e-08,5.2896286e-16,3.15434e-18,2,41.43834,1.0,False,7.54682e-07,Test
3025,0,-6.702282,-4.0797796,0.53886545,-0.43486172,-1.0209216,2.298875,-1.7154666,-1.3692495,9.34848e-05,0.0012872987,0.13047619,0.04927731,0.027423598,0.75839204,0.013692642,0.01935742,5,9.277712,0.99990654,False,1.2507751,Test
3026,0,-12.466501,-7.519219,12.947467,-1.9210944,1.3156322,0.46489125,-9.995661,-6.5743403,9.180126e-12,1.2924849e-09,0.999987,3.4886747e-07,8.878766e-06,3.7921081e-06,1.0862281e-10,3.3249217e-09,2,25.41398,1.0,False,0.00024365207,Test
3027,0,-20.776028,-13.385379,21.929686,-0.15330315,0.18065637,1.789643,-14.846978,-17.422241,2.838868e-19,4.601112e-16,1.0,2.567319e-10,3.5852268e-10,1.7918034e-09,1.0668355e-16,8.1222155e-18,2,42.70571,1.0,False,7.1491236e-08,Test
3028,0,-8.916091,-5.8104157,7.665682,0.28127277,-0.5027455,3.111207,-6.149555,-9.44183,6.218613e-08,1.3882604e-06,0.9887023,0.00061384327,0.00028026092,0.010401173,9.889727e-07,3.675934e-08,2,16.593134,0.99999994,False,0.09462649,Test
3029,0,-24.499052,-16.073956,26.561312,0.08359933,0.15705456,2.463808,-18.191465,-21.974295,6.6798356e-23,3.046056e-19,1.0,3.168659e-12,3.4101773e-12,3.4244208e-11,3.6653536e-20,8.3416883e-22,2,51.060364,1.0,False,1.4414572e-09,Test
3030,0,-15.309109,-9.835599,13.881297,-0.11497038,0.23321085,4.6401315,-10.370121,-14.565576,2.1024439e-13,5.0100254e-11,0.99990106,8.3455575e-07,1.1821385e-06,9.695495e-05,2.935618e-11,4.422188e-13,2,29.190506,1.0,False,0.0014755047,Test
3031,0,-11.701808,-7.202874,11.362678,0.12718338,-0.14724767,1.6641712,-7.9049025,-9.371769,9.6202074e-11,8.650607e-09,0.99991536,1.31962315e-05,1.0029203e-05,6.13699e-05,4.28706e-09,9.887969e-10,2,23.06457,1.0,False,0.0013615383,Test
3032,0,-17.945284,-11.427764,18.640865,-0.031775467,-0.02914289,1.9715955,-12.439509,-14.917065,1.290733e-16,8.7369483e-14,0.9999999,7.772765e-09,7.7932505e-09,5.7627286e-08,3.176613e-14,2.666712e-15,2,36.58615,1.0,False,1.8911585e-06,Test
3033,0,-12.191861,-7.559415,11.519068,0.65345985,-0.4608477,2.0111732,-7.815207,-10.596811,5.040002e-11,5.179366e-09,0.99990034,1.9102185e-05,6.268238e-06,7.425584e-05,4.0104036e-09,2.4840052e-10,2,23.71103,1.0,False,0.0015703071,Test
3034,0,1.872833,-4.1217203,1.7504525,2.5715482,-3.628595,-1.021267,-3.616148,-9.338467,0.25239483,0.00062904094,0.22332188,0.5076082,0.001030008,0.013969752,0.0010429084,3.4125164e-06,3,1.3767606,0.7476052,False,1.5942463,Test
3035,1,-21.232794,-13.508207,23.234827,0.71574944,-0.9624904,1.3060557,-14.543838,-19.979063,4.8748093e-20,1.1033237e-16,1.0,1.6599269e-10,3.0991223e-11,2.9954034e-10,3.9168312e-17,1.7078353e-19,2,36.743034,1.0,False,1.5951105e-08,Test
3036,0,-24.59136,-16.133509,25.74489,0.78829175,-0.2270618,4.008373,-17.68691,-23.460114,1.3779842e-22,6.492956e-19,1.0,1.4503976e-11,5.254415e-12,3.6303677e-10,1.3734365e-19,4.271095e-22,2,50.33625,1.0,False,1.2103624e-08,Test
3037,0,-7.831321,-4.856244,4.6214433,-0.2683453,-0.31199,2.7631812,-3.7270088,-5.8174834,3.3363438e-06,6.536273e-05,0.85396034,0.006424354,0.0061499975,0.1331695,0.00020218607,2.4995938e-05,2,12.610635,0.99999666,False,0.6776319,Test
3038,0,-16.291525,-10.491941,15.968231,0.7466655,-0.6472705,3.1340744,-10.91609,-15.851114,9.767059e-15,3.224718e-12,0.999997,2.4510766e-07,6.0810436e-08,2.6680573e-06,2.110019e-12,1.517164e-14,2,32.25976,1.0,False,6.054121e-05,Test
3039,0,-20.185287,-13.079754,20.619024,-0.2602301,0.5747611,3.466498,-14.910413,-17.521095,1.9006919e-18,2.3163674e-15,1.0,8.555682e-10,1.9719089e-09,3.554285e-08,3.7133093e-16,2.7286994e-17,2,40.804314,1.0,False,9.623337e-07,Test
3040,0,-19.368433,-12.462029,20.1297,0.5713577,-0.2672569,2.3200393,-13.534751,-17.50156,7.017457e-18,7.0079707e-15,1.0,3.2056788e-09,1.3858428e-09,1.842311e-08,2.3972561e-15,4.5389088e-17,2,39.49813,1.0,False,6.0459655e-07,Test
3041,0,-9.458912,-5.6589694,6.8354707,-0.5305536,0.21559174,1.8647323,-5.2472496,-5.0765905,8.309654e-08,3.7142986e-06,0.99115866,0.00062678644,0.0013218018,0.0068766815,5.6064073e-06,6.649677e-06,2,16.303263,0.99999994,False,0.08169209,Test
3042,1,-15.859886,-10.2977,15.379153,-0.21157049,0.38669714,2.5306337,-11.036501,-11.99379,2.7105398e-14,7.058022e-12,0.9999969,1.6944675e-07,3.082177e-07,2.6300113e-06,3.3715238e-12,1.2944347e-12,2,25.676857,1.0,False,6.370111e-05,Test
3043,1,-19.579306,-12.563821,20.788382,-0.023267286,0.1124856,2.1523166,-14.201785,-16.991316,2.9412789e-18,3.2758358e-15,1.0,9.1540975e-10,1.0485101e-09,8.06232e-09,6.3674294e-16,3.912784e-17,2,33.352203,1.0,False,2.7552608e-07,Test
3044,0,-10.347198,-7.3492775,10.613359,0.17525463,-0.2040493,2.1342726,-8.290653,-10.310968,7.885596e-10,1.5805718e-08,0.9997429,2.928715e-05,2.0042296e-05,0.00020771493,6.1656653e-09,8.1765145e-10,2,20.960814,1.0,False,0.0036662107,Test
3045,0,-20.28908,-13.240528,21.071259,0.5861319,-0.1669648,2.6543317,-14.679812,-18.240057,1.0900193e-18,1.2548171e-15,1.0,1.268886e-09,5.975256e-10,1.00376045e-08,2.9751355e-16,8.458858e-18,2,41.360336,1.0,False,3.2250807e-07,Test
3046,1,-18.292522,-11.782827,19.382261,0.44219282,-0.36476249,1.6275471,-13.022677,-16.169643,4.345604e-17,2.918596e-14,1.0,5.9488423e-09,2.6544602e-09,1.9463695e-08,8.447231e-15,3.6308208e-16,2,31.165089,1.0,False,7.367306e-07,Test
3047,0,-18.503147,-11.967521,18.412268,0.24648075,0.05879408,3.137152,-12.727649,-16.559488,9.286237e-17,6.400676e-14,0.99999976,1.2903246e-08,1.06951665e-08,2.3232788e-07,2.992998e-14,6.485736e-16,2,36.915413,1.0,False,6.0852126e-06,Test
3048,1,-19.532537,-12.4098015,20.304419,0.60972184,-0.35553712,2.3243306,-13.506353,-17.643093,5.000689e-18,6.2000554e-15,1.0,2.7970615e-09,1.0653569e-09,1.553629e-08,2.0709439e-15,3.308308e-17,2,32.71422,1.0,False,5.1423655e-07,Test
3049,0,-14.479993,-8.702682,15.170514,-2.389838,1.4267589,0.9879579,-11.677448,-8.554012,1.3272345e-13,4.285506e-11,0.9999982,2.3639327e-08,1.0743904e-06,6.927768e-07,2.1881533e-12,4.9724305e-11,2,29.650509,1.0,False,3.865994e-05,Test
3050,1,-16.281229,-10.218155,16.81527,-0.28990856,0.3521088,2.376611,-11.870191,-13.717016,4.230326e-15,1.8177438e-12,0.9999993,3.7266183e-08,7.081732e-08,5.362532e-07,3.483879e-13,5.495364e-14,2,27.033424,1.0,False,1.4718104e-05,Test
3051,0,-20.39827,-12.883323,22.094845,-1.1910233,0.81727153,0.91595215,-15.258676,-14.711026,3.511356e-19,6.4442807e-16,1.0,7.7103865e-11,5.7447036e-10,6.3405076e-10,5.9920117e-17,1.03612875e-16,2,42.493114,1.0,False,3.9598063e-08,Test
3052,0,-11.766973,-7.2575717,11.49548,-0.03843966,0.00034281984,1.3382769,-8.06829,-8.648276,7.892603e-11,7.1717903e-09,0.99994123,9.791674e-06,1.01788755e-05,3.8793358e-05,3.188137e-09,1.7850568e-09,2,23.26251,1.0,False,0.0009853353,Test
3053,0,-6.8000507,-4.0588593,2.8083317,-0.9566401,-0.2665347,1.7218208,-3.3531291,-1.8682653,4.7322017e-05,0.0007337487,0.70458055,0.016323911,0.032548666,0.2377196,0.00148608,0.006560098,2,9.958535,0.9999527,False,1.1762412,Test
3054,0,-12.39833,-7.6399975,12.457379,0.19481486,-0.3814751,1.4690868,-8.508689,-10.535022,1.6043243e-11,1.8698605e-09,0.9999758,4.725256e-06,2.6554962e-06,1.6897973e-05,7.844075e-10,1.03399046e-10,2,24.855734,1.0,False,0.00043582797,Test
3055,0,-8.999991,-5.4911914,5.6147356,-0.024634926,-0.26363114,2.5809705,-4.7208357,-6.056908,4.2642202e-07,1.4245979e-05,0.94827634,0.0033712226,0.0026545604,0.045644395,3.077892e-05,8.091038e-06,2,14.667836,0.9999996,False,0.32716987,Test
3056,0,-12.94938,-8.057053,12.425763,0.01890673,-0.013916533,2.6386218,-8.918047,-11.134344,9.5430564e-12,1.2717409e-09,0.99993575,4.090183e-06,3.958108e-06,5.61656e-05,5.3761673e-10,5.8606675e-11,2,25.375208,1.0,False,0.0010300549,Test
3057,0,-23.836533,-15.219354,25.816814,-1.0204698,0.99792814,2.1043425,-17.795456,-19.385765,2.7278808e-22,1.5073671e-18,1.0,2.211646e-12,1.6645423e-11,5.0327423e-11,1.146652e-19,2.3375943e-20,2,49.653347,1.0,False,2.4033322e-09,Test
3058,0,-23.258963,-15.172037,25.656403,-0.41394615,0.28093037,1.004794,-17.276876,-19.348475,5.7059236e-22,1.855388e-18,1.0,4.762022e-12,9.540521e-12,1.9676238e-11,2.2610646e-19,2.848597e-20,2,48.915367,1.0,False,1.2281574e-09,Test
3059,0,-10.992278,-6.867547,9.803685,0.21237293,-0.1579399,3.048149,-7.357967,-10.136468,9.286934e-10,5.7440776e-08,0.99872166,6.8232366e-05,4.71157e-05,0.001162927,3.517498e-08,2.1854758e-09,2,20.797243,1.0,False,0.014803154,Test
3060,0,-7.328786,-3.992346,5.262269,-1.6438713,0.35752138,-0.3976413,-4.474976,0.3128112,3.3384126e-06,9.387232e-05,0.9812184,0.0009828043,0.007272118,0.0034174165,5.793402e-05,0.006954142,2,12.610015,0.99999666,False,0.16829313,Test
3061,0,-14.849978,-9.768379,14.435167,0.41359875,-0.17908241,3.880448,-10.624107,-14.435766,1.9125433e-13,3.0797923e-11,0.9999726,8.1376373e-07,4.4988332e-07,2.606945e-05,1.3088304e-11,2.8940161e-13,2,29.285172,1.0,False,0.0004623848,Test
3062,0,-9.823912,-5.930182,7.9573236,-0.7694016,0.13671611,0.91735077,-6.089374,-4.474539,1.8926945e-08,9.291924e-07,0.99855655,0.00016195857,0.00040079834,0.0008748857,7.9244546e-07,3.9836727e-06,2,17.782679,1.0,False,0.017637456,Test
3063,0,-8.065223,-4.819286,5.679467,-0.87764174,0.14081514,1.8535495,-4.847761,-4.089523,1.0449015e-06,2.6839107e-05,0.9734606,0.0013822996,0.0038274755,0.021219904,2.6085621e-05,5.5680117e-05,2,13.771588,0.9999989,False,0.20119983,Test
3064,0,-23.520882,-15.359434,25.27016,1.018193,-0.90789485,1.9979017,-16.10161,-22.146816,6.461295e-22,2.2635599e-18,1.0,2.9342962e-11,4.275779e-12,7.816034e-11,1.0776243e-18,2.5531045e-21,2,48.791042,1.0,False,3.812356e-09,Test
3065,0,-18.297043,-11.330597,19.257357,-0.75211596,0.20154606,2.2348642,-12.92442,-15.6136265,4.9015378e-17,5.197812e-14,1.0,2.0417228e-09,5.298665e-09,4.047864e-08,1.0559209e-14,7.17339e-16,2,37.554398,1.0,False,1.1986969e-06,Test
3066,0,-8.388111,-4.613884,4.5464983,-0.31933337,-0.49507284,-0.5581963,-3.6168659,0.27531603,2.3323846e-06,0.0001016076,0.9665619,0.007447761,0.0062474557,0.0058652847,0.00027537567,0.013498294,2,12.968619,0.9999977,False,0.27779028,Test
3067,1,-12.966094,-8.066722,12.016857,0.5261956,-0.40999943,3.027917,-8.44223,-12.054914,1.4124768e-11,1.8956214e-09,0.9998609,1.0223713e-05,4.00889e-06,0.0001247649,1.3021795e-09,3.513193e-11,2,20.08372,1.0,False,0.0020599854,Test
3068,0,-11.0974865,-6.85719,10.243335,0.46851784,-0.44060698,2.4515076,-7.1359625,-10.0728855,5.389959e-10,3.7421604e-08,0.9995073,5.683778e-05,2.2898605e-05,0.00041289386,2.831738e-08,1.5016338e-09,2,21.341312,1.0,False,0.0065085907,Test
3069,0,-22.065733,-14.301967,23.803942,0.3518832,-0.33442765,1.3686854,-15.48201,-19.503056,1.1996468e-20,2.8236747e-17,1.0,6.529806e-11,3.2873027e-11,1.8050603e-10,8.676186e-18,1.5559986e-19,2,45.869675,1.0,False,9.196569e-09,Test
3070,0,-9.076406,-4.9943857,7.6851096,-2.2549546,0.7897563,-1.2046024,-6.2160997,0.2821829,5.2454215e-08,3.108702e-06,0.9981912,4.8117006e-05,0.0010106477,0.00013755003,9.162108e-07,0.0006083639,2,16.763325,0.99999994,False,0.02169373,Test
3071,0,-18.986267,-12.373922,19.220573,0.68657196,-0.22319399,3.3978999,-13.360793,-17.416641,2.5525834e-17,1.8996989e-14,0.9999999,8.928634e-09,3.5948353e-09,1.343693e-07,7.080955e-15,1.226478e-16,2,38.20684,1.0,False,3.5788535e-06,Test
3072,1,3.6138136,-3.5147495,1.0642294,1.8466734,-3.138706,-1.0387151,-3.9327536,-8.422436,0.7930365,0.0006359129,0.061947353,0.13546714,0.0009262137,0.007563549,0.00041865936,4.6991204e-06,0,7.360449,0.9993641,False,0.9787366,Test
3073,0,-8.320846,-5.035142,7.578021,-0.101800315,-0.2677178,0.49791852,-5.3727455,-5.215562,1.2429987e-07,3.32226e-06,0.9982992,0.0004612715,0.00039075056,0.00084025535,2.3703599e-06,2.77382e-06,2,15.900569,0.9999999,False,0.020731172,Test
3074,0,-13.090389,-7.999202,13.513376,-0.31453696,-0.00047172979,0.8125188,-9.137759,-9.676967,2.7933743e-12,4.5415505e-10,0.99999464,9.876685e-07,1.3520972e-06,3.048495e-06,1.4545712e-10,8.483208e-11,2,26.603771,1.0,False,0.00010968446,Test
3075,0,-23.654907,-15.177364,24.751484,0.2903709,-0.27167723,4.184277,-16.39636,-23.081488,9.492299e-22,4.5616455e-18,1.0,2.3805298e-11,1.3569983e-11,1.1688945e-09,1.3480907e-18,1.6842448e-21,2,48.40639,1.0,False,3.6013653e-08,Test
3076,1,-10.8938675,-6.6881576,10.706851,-1.3345577,0.5648233,0.7052159,-8.223255,-5.6204066,4.1580273e-10,2.7887179e-08,0.9999093,5.8944506e-06,3.9385275e-05,4.5321627e-05,6.0078564e-09,8.1119055e-08,2,17.3951,1.0,False,0.0014663106,Test
3077,0,-24.232285,-15.884619,25.7361,0.09786271,0.20446248,3.6418312,-17.816442,-22.764713,1.9907039e-22,8.4013876e-19,1.0,7.33593e-12,8.16114e-12,2.5385222e-10,1.2172243e-19,8.637037e-22,2,49.968384,1.0,False,8.663567e-09,Test
3078,0,-11.473733,-8.470573,13.09573,-0.28167313,0.113074735,1.0619075,-10.06876,-10.030254,2.1360632e-11,4.30397e-10,0.9999902,1.5497561e-06,2.2998531e-06,5.9398194e-06,8.7053385e-11,9.0470804e-11,2,24.569471,1.0,False,0.00019023055,Test
3079,0,-21.034637,-13.329309,21.857433,0.80818254,-0.8382423,3.1472104,-14.093032,-20.242718,2.35619e-19,5.231075e-16,1.0,7.218155e-10,1.391213e-10,7.486067e-09,2.4373108e-16,5.201597e-19,2,42.89207,1.0,False,2.2854762e-07,Test
3080,0,-11.534322,-7.288598,9.990587,0.051391225,-0.031315755,2.6310413,-7.544546,-9.2598,4.4826393e-10,3.129163e-08,0.99927133,4.8210943e-05,4.438398e-05,0.00063602376,2.4225445e-08,4.358595e-09,2,21.525639,1.0,False,0.009139224,Test
3081,0,-7.617408,-6.060786,9.416907,-0.25591207,-0.37439072,1.2712892,-7.616926,-8.981232,3.998649e-08,1.8964676e-07,0.99959093,6.294632e-05,5.5913366e-05,0.00028988463,4.0005787e-08,1.0223784e-08,2,17.034725,0.99999994,False,0.0056715216,Test
3082,1,-21.642519,-13.552125,23.100826,0.17512277,-0.11664444,2.513508,-15.338995,-19.574638,3.700081e-20,1.2073299e-16,1.0,1.1053344e-10,8.256212e-11,1.1456216e-09,2.022081e-17,2.9260465e-19,2,36.65295,1.0,False,4.044772e-08,Test
3083,0,-13.117316,-8.516108,11.724404,-0.27777153,0.40102834,4.5126047,-9.207455,-12.510535,1.6257344e-11,1.6193054e-09,0.9992446,6.126224e-06,1.2077921e-05,0.00073727075,8.11113e-10,2.982437e-11,2,24.842476,1.0,False,0.0090646045,Test
3084,0,-8.601533,-4.933027,6.79527,-1.8188882,0.33034664,-0.7197158,-5.319382,-0.042908788,2.0501831e-07,8.03535e-06,0.996642,0.00018090794,0.0015518818,0.00054302823,5.4602483e-06,0.0010684544,2,15.4001665,0.9999998,False,0.038239274,Test
3085,0,-15.880228,-10.197097,14.26812,0.09932529,-0.3351338,4.600182,-9.944953,-15.381054,8.066978e-14,2.3706257e-11,0.9999355,7.0233233e-07,4.5484103e-07,6.327611e-05,3.0504765e-11,1.3289219e-13,2,30.148413,1.0,False,0.0009994687,Test
3086,0,-9.048849,-5.537368,6.1892467,0.2873737,-1.22306,2.8824272,-4.174946,-8.257101,2.3181467e-07,7.765301e-06,0.96152824,0.0026291243,0.00058054796,0.035223182,3.032845e-05,5.1167325e-07,2,15.277328,0.99999976,False,0.25383383,Test
3087,0,-21.096745,-13.380843,22.36505,0.59812284,-0.6572015,2.7298272,-14.4043255,-20.107288,1.332857e-19,2.9905877e-16,1.0,3.521634e-10,1.0036063e-10,2.9684633e-09,1.07464096e-16,3.5850806e-19,2,43.461792,1.0,False,9.848196e-08,Test
3088,0,-8.945379,-4.7096066,5.5394516,-1.2384329,0.07607709,-1.3968804,-4.538739,1.8193233,4.968246e-07,3.433808e-05,0.9702535,0.0011048096,0.0041131238,0.0009429195,4.0736395e-05,0.023510078,2,14.515029,0.9999995,False,0.22351424,Test
3089,0,-23.463825,-15.183122,24.690899,0.05940675,0.1590694,3.5342636,-16.904146,-21.655386,1.2208689e-21,4.8187378e-18,1.0,2.007607e-11,2.2180008e-11,6.4832095e-10,8.619868e-19,7.448435e-21,2,48.154724,1.0,False,2.1286835e-08,Test
3090,0,-13.57013,-8.759357,12.484755,-0.55837256,0.84815717,3.3325176,-10.084328,-10.577489,4.835663e-12,5.939483e-10,0.99988306,2.1646672e-06,8.835662e-06,0.000105970066,1.5787789e-10,9.641481e-11,2,26.055002,1.0,False,0.001757035,Test
3091,0,-6.987543,-3.3924243,0.81873435,0.15884565,-1.5669024,-1.0942731,-0.8225999,2.6183372,5.081518e-05,0.0018506915,0.12480067,0.06451057,0.011485447,0.018425034,0.024176558,0.7547002,7,9.887316,0.99994916,False,1.2637519,Test
3092,0,-22.107492,-14.342405,23.25313,-0.048477545,0.016788244,3.439338,-15.907704,-20.728294,1.9958689e-20,4.703991e-17,1.0,7.589979e-11,8.101867e-11,2.4830176e-09,9.8325305e-18,7.927038e-20,2,45.360622,1.0,False,7.624522e-08,Test
3093,1,-20.51921,-12.820036,21.478094,0.047371425,-0.11656915,2.9876926,-13.986294,-19.039585,5.7650275e-19,1.2720711e-15,1.0,4.928959e-10,4.1836634e-10,9.326536e-09,3.9628976e-16,2.5316074e-18,2,34.29813,1.0,False,2.770682e-07,Test
3094,1,-14.996915,-9.951994,15.287597,-0.05926449,0.006827619,2.441924,-11.048226,-13.263858,7.040482e-14,1.0929094e-11,0.9999969,2.162428e-07,2.310175e-07,2.6375087e-06,3.651708e-12,3.983451e-13,2,25.239594,1.0,False,6.323214e-05,Test
3095,0,-7.576371,-4.584783,0.37392136,0.89569616,-1.518846,2.78774,-1.7295296,-3.5362618,2.4895295e-05,0.0004958465,0.070613116,0.1189842,0.010638167,0.78921163,0.008617241,0.001414863,5,10.600832,0.9999751,False,1.0530133,Test
3096,0,-9.640342,-5.5185337,7.154591,-1.4248738,0.47644433,0.38891616,-5.586876,-1.9693501,5.068461e-08,3.1257555e-06,0.9972934,0.00018741687,0.0012547021,0.0011495493,2.9192706e-06,0.00010872904,2,16.797644,0.99999994,False,0.031081906,Test
3097,0,-11.754045,-7.3782,10.239308,0.47148722,-0.22691949,3.1173365,-7.341317,-10.692368,2.8055663e-10,2.2306214e-08,0.9991078,5.7213885e-05,2.8456892e-05,0.0008064532,2.314428e-08,8.111504e-10,2,21.994246,1.0,False,0.010810996,Test
3098,0,-8.252526,-5.4906282,4.513629,0.15855534,-0.91638136,3.6251338,-4.377305,-8.023299,1.9989036e-06,3.164236e-05,0.6999429,0.008988314,0.0030678848,0.28786844,9.6333875e-05,2.5138763e-06,2,13.122911,0.999998,False,0.9659706,Test
3099,0,-9.028303,-5.9326825,5.8285995,0.3701809,-0.64348584,4.47035,-5.2185,-9.586513,2.7947686e-07,6.1767073e-06,0.7918025,0.0033733072,0.0012241254,0.20358068,1.26160185e-05,1.5992597e-07,2,15.090346,0.9999997,False,0.77402145,Test
3100,0,-22.775566,-14.886794,23.861076,0.5806982,-0.06377636,3.4748244,-16.58919,-21.123844,5.5713894e-21,1.485981e-17,1.0,7.752828e-11,4.0697584e-11,1.4007592e-09,2.7081554e-18,2.906011e-20,2,46.636642,1.0,False,4.520656e-08,Test
3101,0,-29.02421,-18.814962,31.328709,0.7650078,-0.40511018,2.9662144,-20.660099,-26.855515,6.1526135e-27,1.6706335e-22,1.0,5.32541e-14,1.6526387e-14,4.8119993e-13,2.6396583e-23,5.381619e-26,2,60.35292,1.0,False,2.2794752e-11,Test
3102,0,-9.499667,-5.658588,8.361392,0.16340509,-0.280997,1.841445,-6.0636964,-7.828482,1.7466444e-08,8.135125e-07,0.9980768,0.00027467782,0.00017612538,0.0014709127,5.425346e-07,9.289466e-08,2,17.862984,1.0,False,0.022088043,Test
3103,1,-24.172174,-15.767351,25.914688,0.9203498,-0.7892326,2.129666,-16.6947,-22.585024,1.7682871e-22,7.9017116e-19,1.0,1.3966787e-11,2.5271716e-12,4.6805393e-11,3.1259135e-19,8.646564e-22,2,41.682037,1.0,False,2.2070974e-09,Test
3104,0,-7.4623556,-4.126981,4.0311074,-1.1656948,-0.123617694,0.22769962,-3.5314589,0.17728882,9.569406e-06,0.0002687942,0.93849677,0.0051938607,0.014725113,0.02092347,0.0004875868,0.019894848,2,11.556939,0.9999904,False,0.45284468,Test
3105,0,-23.311474,-15.552592,25.365253,-0.22223365,0.3989638,2.4384341,-17.797007,-20.658005,7.2437914e-22,1.6966996e-18,1.0,7.717843e-12,1.4364093e-11,1.10410174e-10,1.7983235e-19,1.028852e-20,2,48.676727,1.0,False,4.454252e-09,Test
3106,0,-13.548812,-8.700775,12.253083,0.54307276,-0.39184642,3.7876093,-8.485312,-13.027486,6.2270575e-12,7.938874e-10,0.999778,8.209384e-06,3.2231483e-06,0.00021056921,9.847653e-10,1.0487982e-11,2,25.802116,1.0,False,0.0030895981,Test
3107,0,-7.3123875,-4.18253,0.8945935,0.04405867,-1.0771136,1.5795573,-1.8140563,-0.7877604,7.16015e-05,0.0016375778,0.2625238,0.11214659,0.036548294,0.52076846,0.017491095,0.04881257,5,9.5443945,0.9999284,False,1.8561025,Test
3108,0,-19.420177,-12.51881,20.226318,-0.11079673,0.36642793,2.5572538,-14.302523,-16.157822,6.049864e-18,6.0113403e-15,1.0,1.4713075e-09,2.3711517e-09,2.1204263e-08,1.0099868e-15,1.5796787e-16,2,39.646496,1.0,False,6.516259e-07,Test
3109,0,-4.4482126,-4.247581,4.7428474,0.54473704,-1.4361082,1.4758799,-3.8609695,-8.101659,9.6574215e-05,0.00011803048,0.9473007,0.014232185,0.0019633672,0.03611286,0.0001737391,2.5014374e-06,2,9.245199,0.99990344,False,0.3570291,Test
3110,0,-27.440722,-18.304401,30.056963,1.1938605,-0.6700742,3.1578474,-20.338118,-26.663303,1.0692344e-25,9.929457e-22,1.0,2.91685e-13,4.522902e-14,2.0790366e-12,1.2992556e-22,2.3264861e-25,2,57.497684,1.0,False,9.483258e-11,Test
3111,0,-19.224348,-12.484149,20.265837,0.90406936,-0.55591863,1.8002795,-13.554393,-17.55652,7.07344e-18,5.9822193e-15,1.0,3.9020382e-09,9.06206e-10,9.561157e-09,2.051452e-15,3.7493758e-17,2,39.490185,1.0,False,3.9092927e-07,Test
3112,0,-19.574804,-12.358121,21.01687,0.21156263,-0.29524785,1.6082892,-13.539927,-17.585342,2.3510378e-18,3.202027e-15,1.0,9.212337e-10,5.5496363e-10,3.7235781e-09,9.821407e-16,1.7189877e-17,2,40.591675,1.0,False,1.4897775e-07,Test
3113,0,-20.37101,-13.034858,21.881561,-0.6627221,0.4842453,1.2033195,-15.09861,-15.708955,4.4662345e-19,6.8547475e-16,1.0,1.6186104e-10,5.096403e-10,1.046053e-09,8.7039365e-17,4.727665e-17,2,42.25257,1.0,False,5.2203255e-08,Test
3114,0,-21.919544,-14.139909,23.181711,-0.25504473,0.499274,1.5172799,-15.952584,-17.276274,2.5868594e-20,6.1862284e-17,1.0,6.6304975e-11,1.4097509e-10,3.9017312e-10,1.00969686e-17,2.6873262e-18,2,45.101257,1.0,False,1.9050086e-08,Test
3115,0,-23.28851,-15.076165,24.187868,0.61229277,-0.2778625,2.9644625,-15.935239,-21.114187,2.4058605e-21,8.868427e-18,1.0,5.771091e-11,2.3695625e-11,6.064458e-10,3.75626e-18,2.1162518e-20,2,47.47638,1.0,False,2.1367965e-08,Test
3116,1,-8.107021,-5.37,8.044706,-0.55258363,-0.19645305,1.0681965,-6.128293,-6.4311624,9.655903e-08,1.4909607e-06,0.9986173,0.00018435014,0.00026321402,0.0009322648,6.984634e-07,5.159521e-07,2,13.41609,0.9999985,False,0.016851531,Test
3117,0,-24.5933,-15.549741,26.730307,0.5255092,-0.84654987,2.4494555,-16.787867,-23.322746,5.1338134e-23,4.3451854e-19,1.0,4.1629478e-12,1.0556583e-12,2.8507573e-11,1.259788e-19,1.8290875e-22,2,51.32361,1.0,False,1.1979983e-09,Test
3118,0,6.859331,-4.5963035,-1.1368717,4.260592,-5.350909,-1.3756483,-4.2948837,-13.27634,0.93023324,9.850828e-06,0.00031324566,0.069178924,4.631822e-06,0.00024670936,1.3316126e-05,1.6741009e-09,0,0.07231993,0.06976676,True,0.37070367,Test
3119,0,-8.661203,-5.4963784,4.8249536,0.14041007,-0.50710034,3.9407647,-4.144114,-7.8819947,9.739263e-07,2.306704e-05,0.7006311,0.006471694,0.0033869417,0.289395,8.918111e-05,2.1229114e-06,2,13.84193,0.99999905,False,0.95377725,Test
3120,0,-3.1774564,-2.4548678,2.9162276,-0.76650494,-0.67510813,-0.8546484,-2.7637227,-1.2542188,0.0020490712,0.004220591,0.90784246,0.022836002,0.02502149,0.020909319,0.0030991277,0.014021957,2,6.1903687,0.9979509,False,0.66468805,Test
3121,0,-14.842998,-9.255496,14.833535,-0.7290885,0.8070343,1.1432045,-10.168687,-10.416526,1.2931374e-13,3.45355e-11,0.99999785,1.7427591e-07,8.0978026e-07,1.1333501e-06,1.3857089e-11,1.08152575e-11,2,29.676535,1.0,False,4.5782104e-05,Test
3122,1,-16.396002,-11.147416,13.985122,0.1517636,0.15495683,5.4659777,-10.854352,-15.911877,6.3908494e-14,1.2161579e-11,0.9997985,9.821132e-07,9.852539e-07,0.00019956999,1.6302947e-11,1.0370761e-13,2,25.13274,1.0,False,0.0027828463,Test
3123,1,-22.121675,-14.3214855,23.903833,0.379421,-0.306516,2.1767693,-15.70236,-20.642527,1.02653906e-20,2.5058492e-17,1.0,6.074039e-11,3.0589937e-11,3.664848e-10,6.2986677e-18,4.5056935e-20,2,38.22532,1.0,False,1.4617552e-08,Test
3124,0,-14.315784,-8.844529,14.560931,-2.1545477,1.6168675,0.155975,-11.201904,-6.248766,2.8773986e-13,6.841266e-11,0.999997,5.50248e-08,2.390361e-06,5.5463323e-07,6.476509e-12,9.171967e-10,2,28.87672,1.0,False,6.182138e-05,Test
3125,0,-25.070011,-16.20817,26.683538,0.74191993,-0.88846356,3.4546473,-17.006409,-24.268675,3.339795e-23,2.3570442e-19,1.0,5.4162473e-12,1.0607951e-12,8.162453e-11,1.06095316e-19,7.442776e-23,2,51.753548,1.0,False,2.980322e-09,Test
3126,0,-16.1263,-10.188984,16.194473,0.018590251,0.054416217,2.496137,-10.878716,-13.845647,9.188944e-15,3.481846e-12,0.9999987,9.438501e-08,9.7827716e-08,1.1243135e-06,1.7468794e-12,8.989622e-14,2,32.320774,1.0,False,2.8591872e-05,Test
3127,0,-7.2335453,-3.5610363,0.82315975,0.2949398,-1.3900698,-1.5800686,-1.3716048,3.756321,1.5312145e-05,0.0006025409,0.048307944,0.028484957,0.005282325,0.0043682735,0.0053807697,0.90755785,7,11.086864,0.9999847,False,0.60586756,Test
3128,0,-15.105123,-9.706785,15.349949,0.36506605,-0.29730535,2.2790697,-10.5576515,-13.636468,5.9364914e-14,1.3121925e-11,0.9999975,3.105612e-07,1.6013374e-07,2.1056603e-06,5.6036504e-12,2.5784485e-13,2,30.455072,1.0,False,5.3820168e-05,Test
3129,0,-23.694872,-15.34256,25.076422,0.72650504,-0.4000125,2.687979,-16.668552,-21.506172,6.590165e-22,2.7942066e-18,1.0,2.6605145e-11,8.624323e-12,1.8915715e-10,7.419744e-19,5.88079e-21,2,48.771294,1.0,False,7.3613293e-09,Test
3130,0,-16.969912,-10.757149,17.452667,1.270786,-1.3454436,2.0983014,-11.087417,-16.417898,1.1232195e-15,5.605733e-13,0.99999964,9.382061e-08,6.8562076e-09,2.1462648e-07,4.0290116e-13,1.95074e-15,2,34.422577,1.0,False,7.646553e-06,Test
3131,0,-20.482065,-13.137091,21.351622,1.1546437,-0.997124,2.6704075,-13.790969,-19.606783,6.789857e-19,1.0513385e-15,1.0,1.6926379e-09,1.9681728e-10,7.70641e-09,5.467229e-16,1.629262e-18,2,41.833687,1.0,False,2.6336386e-07,Test
3132,0,-11.171392,-6.806578,10.816579,0.25480327,-0.21416767,1.7899654,-7.645762,-9.694666,2.8227637e-10,2.2196755e-08,0.99983776,2.5882657e-05,1.6193368e-05,0.000120149285,9.590397e-09,1.2359722e-09,2,21.988134,1.0,False,0.002451701,Test
3133,1,-19.50715,-12.69777,19.43495,0.07550916,0.23641424,4.8587933,-13.8970785,-18.518398,1.223659e-17,1.10901245e-14,0.9999995,3.911127e-09,4.5939004e-09,4.6736415e-07,3.3425983e-15,3.2890534e-17,2,32.13272,1.0,False,1.0752585e-05,Test
3134,0,-5.8693953,-3.3908958,3.6196322,-1.785332,0.27823064,-0.3536499,-3.9001386,0.98521197,6.685463e-05,0.0007971314,0.88341254,0.0039702454,0.031261608,0.016618395,0.00047903656,0.06339417,2,9.61299,0.9999331,False,0.71087503,Test
3135,0,-7.403536,-4.300169,3.0283194,-0.67912626,-0.42608157,0.7537884,-3.200907,0.04480768,2.4316769e-05,0.00054160284,0.82490325,0.020243231,0.026072083,0.084837295,0.001625865,0.041752294,2,10.624344,0.9999757,False,0.99472016,Test
3136,0,-20.692099,-13.444979,21.97905,0.8570646,-0.7433184,2.1062977,-14.266132,-19.348835,2.9386977e-19,4.1261098e-16,1.0,6.711795e-10,1.3545681e-10,2.340851e-09,1.8151706e-16,1.1259723e-18,2,42.67115,1.0,False,9.2006026e-08,Test
3137,0,-23.764513,-15.245372,25.36085,0.7292243,-0.6411477,2.2617788,-16.464153,-21.655565,4.625154e-22,2.3170884e-18,1.0,2.0073427e-11,5.0988966e-12,9.293958e-11,6.8490653e-19,3.8109265e-21,2,49.125362,1.0,False,4.0018064e-09,Test
3138,0,-10.803107,-6.269283,10.312712,-0.4470222,0.0076608844,1.7603302,-7.1819115,-8.958728,6.751638e-10,6.28671e-08,0.9997522,2.1232407e-05,3.3455355e-05,0.00019303687,2.5239112e-08,4.269853e-09,2,21.116066,1.0,False,0.003568545,Test
3139,0,-6.3959103,-3.329131,5.2708154,-1.5791242,0.15408418,-1.1704147,-4.3551755,0.15843792,8.448304e-06,0.0001814073,0.9852895,0.0010439339,0.005907391,0.0015709896,6.502033e-05,0.0059331656,2,11.681545,0.99999154,False,0.1369597,Test
3140,0,-25.03467,-15.963562,27.213089,0.8624951,-1.1445551,2.300575,-16.855164,-24.160349,2.0374523e-23,1.7726325e-19,1.0,3.5981777e-12,4.8353964e-13,1.515768e-11,7.2677685e-20,4.8842765e-23,2,52.247757,1.0,False,7.013548e-10,Test
3141,0,-10.747261,-7.1170325,10.041137,0.16730818,-0.39576072,2.882322,-7.56117,-10.550424,9.361389e-10,3.5312553e-08,0.9991418,5.1460942e-05,2.93049e-05,0.0007773087,2.2648665e-08,1.1397933e-09,2,20.789257,1.0,False,0.010442403,Test
3142,0,-7.2685785,-4.2026505,6.051794,-1.0089707,0.15355209,-0.035486177,-4.5255365,-1.9852102,1.6305182e-06,3.4981746e-05,0.99377936,0.0008527835,0.0027271938,0.002257448,2.5328745e-05,0.0003212649,2,13.326612,0.9999984,False,0.06538156,Test
3143,0,-10.509802,-6.1161613,10.167269,-1.3200195,0.15664461,-0.9706333,-6.935004,-3.2841442,1.0472042e-09,8.475498e-08,0.9999287,1.0258953e-05,4.4916953e-05,1.4549215e-05,3.737203e-08,1.4391119e-06,2,20.677141,1.0,False,0.0011861422,Test
3144,0,-9.139508,-5.833667,7.8634877,-0.07708421,0.012406252,2.6541755,-6.412545,-7.961301,4.102067e-08,1.1186943e-06,0.9938258,0.00035380482,0.00038692693,0.0054316856,6.27058e-07,1.3325752e-07,2,17.00919,0.99999994,False,0.058231637,Test
3145,0,-12.174039,-7.2872305,10.12416,-1.8312364,0.83885825,0.36016738,-8.165117,-3.9252565,2.0698886e-10,2.7432215e-08,0.9998425,6.423457e-06,9.2763374e-05,5.7475616e-05,1.1402495e-08,7.9131155e-07,2,22.298357,1.0,False,0.0024073077,Test
3146,0,-9.37281,-6.776089,10.611767,-0.38191733,0.004273139,1.1898835,-8.395482,-8.46449,2.0929325e-09,2.8086466e-08,0.9998776,1.6805468e-05,2.4726975e-05,8.092352e-05,5.561654e-09,5.190799e-09,2,19.9847,1.0,False,0.0019228049,Test
3147,1,-14.528145,-9.225001,14.885688,-0.9965729,0.6934388,1.2084668,-10.778704,-9.586227,1.6816418e-13,3.3795577e-11,0.999998,1.2659632e-07,6.860939e-07,1.1483054e-06,7.1465416e-12,2.354946e-11,2,24.110691,1.0,False,4.2446994e-05,Test
3148,0,-21.092707,-13.38386,22.3458,-0.04889071,0.11256246,2.241001,-15.151083,-17.826488,1.3642566e-19,3.0395256e-16,1.0,1.8797888e-10,2.2091608e-10,1.8560797e-09,5.1917104e-17,3.5759994e-18,2,43.438507,1.0,False,6.69952e-08,Test
3149,0,-17.783686,-11.312293,18.18859,0.30623382,-0.22122742,2.8432426,-12.198147,-16.203506,2.3847313e-16,1.5414518e-13,0.99999976,1.7131363e-08,1.010923e-08,2.1657115e-07,6.3563555e-14,1.1579818e-15,2,35.972275,1.0,False,5.849036e-06,Test
3150,0,-21.892508,-14.199652,22.938917,0.664725,-0.35826588,3.091374,-15.465044,-20.530382,3.3881266e-20,7.428899e-17,1.0,2.1205132e-10,7.623625e-11,2.4006082e-09,2.095905e-17,1.3228882e-19,2,44.831425,1.0,False,7.8115505e-08,Test
3151,0,-14.578978,-9.218699,13.596182,-0.012006266,-0.015373733,4.0710354,-9.611804,-13.928584,5.8029785e-13,1.2347828e-10,0.99992454,1.2302869e-06,1.2261498e-06,7.298753e-05,8.334268e-11,1.1120227e-12,2,28.175236,1.0,False,0.0011600939,Test
3152,0,-19.678183,-12.496363,21.344427,-0.6683226,0.26416978,1.0411265,-14.209557,-15.955344,1.5279424e-18,2.0097023e-15,1.0,2.7541264e-10,6.997784e-10,1.5219083e-09,3.6232663e-16,6.322889e-17,2,41.02261,1.0,False,7.460744e-08,Test
3153,0,-22.144648,-14.191912,23.064585,0.8418069,-0.59317434,3.3478699,-15.226665,-21.323118,2.3220944e-20,6.602512e-17,1.0,2.2323897e-10,5.315767e-11,2.7361478e-09,2.3459683e-17,5.2803847e-20,2,45.209232,1.0,False,8.6801805e-08,Test
3154,0,-13.845299,-8.607996,13.801524,-1.907373,1.2053926,0.5421208,-10.239798,-6.788808,9.843163e-13,1.8521118e-10,0.99999475,1.5056034e-07,3.3850679e-06,1.7438618e-06,3.6223028e-11,1.1421684e-09,2,27.64683,1.0,False,0.000106066145,Test
3155,1,-11.987327,-7.7681766,9.961547,0.34438547,-0.21148008,4.462686,-7.7587175,-11.893456,2.9235248e-10,1.987287e-08,0.99582136,6.629811e-05,3.8026985e-05,0.004074333,2.0061728e-08,3.2112496e-10,2,17.73391,1.0,False,0.03984256,Test
3156,0,-7.150161,-4.339104,2.9844925,-0.75388604,-0.59435576,1.3450676,-2.9139142,-1.5398395,3.149045e-05,0.0005236065,0.79360205,0.018881897,0.022147702,0.15403152,0.002177495,0.008604198,2,10.365827,0.9999685,False,0.99469924,Test
3157,0,-22.515156,-14.700759,24.1009,0.3510125,-0.041658472,2.9016266,-16.672709,-20.619463,5.68726e-21,1.4081656e-17,1.0,4.8479144e-11,3.2735564e-11,6.212584e-10,1.959957e-18,3.7861068e-20,2,46.61606,1.0,False,2.1801895e-08,Test
3158,0,-22.459291,-15.329156,23.81946,1.0225059,-0.22318824,1.4423021,-16.113953,-20.71674,7.968813e-21,9.953406e-18,1.0,1.2572135e-10,3.6175164e-11,1.9130403e-10,4.5408808e-18,4.5516983e-20,2,46.27875,1.0,False,1.1565581e-08,Test
3159,0,-24.582476,-15.904167,26.271385,0.058379374,0.22664843,3.0562787,-17.894901,-22.291407,8.2120136e-23,4.823812e-19,1.0,4.1289207e-12,4.8855616e-12,8.275746e-11,6.589091e-20,8.117986e-22,2,50.85386,1.0,False,3.1114573e-09,Test
3160,0,-9.781119,-5.494502,9.831775,-3.465475,1.611788,-1.9712309,-8.240679,0.9467255,3.0342215e-09,2.2064877e-07,0.9995832,1.6784049e-06,0.00026910636,7.4789205e-06,1.415965e-08,0.00013838572,2,19.613312,1.0,False,0.005731719,Test
3161,0,-10.984043,-7.2171173,11.615662,-0.033393517,-0.25595427,1.4435936,-8.315783,-10.137763,1.5312619e-10,6.6222348e-09,0.999946,8.726821e-06,6.985525e-06,3.8221147e-05,2.2072948e-09,3.5693065e-10,2,22.599758,1.0,False,0.0009052057,Test
3162,0,-19.740582,-12.527515,20.474012,0.5246194,-0.3177833,2.1723843,-13.5193405,-17.534925,3.427872e-18,4.6517826e-15,1.0,2.1681483e-09,9.337655e-10,1.1264292e-08,1.7253356e-15,3.1112007e-17,2,40.214592,1.0,False,3.878296e-07,Test
3163,0,-10.081639,-6.4337225,8.036486,-1.1578819,1.080416,2.0886886,-7.1269236,-5.3528786,1.3483657e-08,5.177001e-07,0.9963451,0.00010123875,0.0009493514,0.0026020429,2.588361e-07,1.525748e-06,2,18.121788,1.0,False,0.038526885,Test
3164,0,-8.473064,-5.764067,4.4538283,0.18782932,-0.8246931,4.876803,-4.2559466,-9.1651535,9.551931e-07,1.43414645e-05,0.3927979,0.0055140336,0.0020032555,0.5996042,6.479805e-05,4.781021e-07,5,13.861352,0.99999905,False,1.032493,Test
3165,1,-13.931519,-8.399837,13.675284,-1.0080361,0.8029887,2.0201268,-9.601803,-9.9214735,1.0245009e-12,2.5875677e-10,0.9999883,4.1986496e-07,2.5681954e-06,8.674102e-06,7.778287e-11,5.6500617e-11,2,22.075132,1.0,False,0.0002193085,Test
3166,0,-21.679361,-13.927314,22.287548,0.24707347,0.034423333,3.0082693,-15.069546,-19.220098,8.042907e-20,1.8710479e-16,1.0,2.6788216e-10,2.1656633e-10,4.237562e-09,5.970632e-17,9.407169e-19,2,43.96691,1.0,False,1.3333484e-07,Test
3167,1,-7.1480284,-4.0764585,5.716747,-2.3072953,0.8911016,-0.35251236,-5.4134226,0.31011534,2.5488162e-06,5.4992586e-05,0.98500663,0.00032258336,0.007901108,0.002278208,1.4443359e-05,0.004419457,2,9.808312,0.999945,False,0.13601258,Test
3168,0,-14.328777,-9.744643,13.003223,0.4626304,-0.13444214,3.5152462,-10.126501,-13.087954,1.3484273e-12,1.3203566e-10,0.9999186,3.5781145e-06,1.969468e-06,7.5751035e-05,9.012659e-11,4.663483e-12,2,27.332083,1.0,False,0.001256269,Test
3169,0,-24.552233,-15.904997,26.116175,0.6951898,-0.62344754,2.848038,-16.919271,-23.05792,9.885309e-23,5.629075e-19,1.0,9.1160525e-12,2.438539e-12,7.8483164e-11,2.0414709e-19,4.4051614e-22,2,50.668407,1.0,False,3.0629883e-09,Test
3170,0,-17.924267,-11.215257,18.561457,0.3745063,-0.37355873,2.260534,-12.169582,-16.096437,1.427088e-16,1.169869e-13,0.9999999,1.2633032e-08,5.9789858e-09,8.329123e-08,4.5048387e-14,8.877032e-16,2,36.485725,1.0,False,2.539579e-06,Test
3171,1,-21.897573,-14.129953,22.959532,0.75686336,-0.40110487,2.266732,-15.161098,-19.693981,3.3022255e-20,7.8026346e-17,1.0,2.2777356e-10,7.1549204e-11,1.0309341e-09,2.7824122e-17,2.9909938e-19,2,37.089485,1.0,False,4.0484238e-08,Test
3172,0,-8.602327,-5.7473755,4.4677935,0.6619674,-1.212674,5.1113777,-4.126276,-10.164147,7.1940656e-07,1.2498682e-05,0.3413939,0.0075928783,0.0011648232,0.64977175,6.322645e-05,1.5089839e-07,5,14.144839,0.9999993,False,0.999401,Test
3173,0,-28.592392,-18.519484,31.03815,0.38782895,-0.5739585,2.1845057,-19.943401,-25.499006,1.2670225e-26,3.0018826e-22,1.0,4.883535e-14,1.8665301e-14,2.9445644e-13,7.227585e-23,2.7939942e-25,2,59.630543,1.0,False,1.5268056e-11,Test
3174,0,-6.8636017,-4.073719,3.343262,-0.3925636,-0.32772145,1.2759467,-3.2541244,-2.0313709,3.121961e-05,0.00050822744,0.84569144,0.020172676,0.021524057,0.10700113,0.0011534625,0.0039177663,2,10.374464,0.99996877,False,0.83090055,Test
3175,0,-10.707037,-6.600082,9.871995,0.26038846,-0.40672308,2.349644,-6.940408,-9.636375,1.1544119e-09,7.0143805e-08,0.99935824,6.690421e-05,3.4334495e-05,0.00054051226,4.9909985e-08,3.3677823e-09,2,20.579676,1.0,False,0.008232114,Test
3176,1,-12.353007,-7.3858037,11.656021,-0.34843946,-0.111916915,1.7432308,-7.803812,-9.289535,3.7409634e-11,5.3729554e-09,0.9999366,6.11648e-06,7.748579e-06,4.9533875e-05,3.5373198e-09,8.006317e-10,2,19.041887,1.0,False,0.0010376425,Test
3177,0,-9.138242,-5.8179674,9.509495,-0.41596895,-0.01611938,0.83648586,-6.9888964,-7.1646647,7.966433e-09,2.2041459e-07,0.9997067,4.889883e-05,7.293754e-05,0.00017109317,6.834595e-08,5.7329334e-08,2,18.64803,1.0,False,0.004274589,Test
3178,0,-9.557138,-5.5229926,8.600459,-1.6288663,0.5159659,-0.5064193,-6.1967063,-1.9919405,1.3003102e-08,7.3460524e-07,0.99951875,3.6078745e-05,0.00030813424,0.00011084701,3.7451042e-07,2.5094021e-05,2,18.158077,1.0,False,0.006683953,Test
3179,0,-9.200986,-5.266555,8.84249,-2.562026,1.4084817,-0.5983576,-7.5396934,-1.3740474,1.4571553e-08,7.4508796e-07,0.9992817,1.1137032e-05,0.00059039,7.935604e-05,7.673548e-08,3.6534406e-05,2,18.044195,1.0,False,0.009188533,Test
3180,0,-19.591425,-12.474486,20.426775,0.3805024,-0.22849737,2.4447408,-13.669132,-17.636019,4.171734e-18,5.1423802e-15,1.0,1.9679522e-09,1.0703592e-09,1.5506064e-08,1.5571657e-15,2.9480763e-17,2,40.0182,1.0,False,4.910782e-07,Test
3181,0,-12.323307,-7.18382,12.604737,-2.76607,1.1846677,-1.3216592,-9.263646,-2.6150224,1.4923921e-11,2.5464404e-09,0.9999877,2.1112406e-07,1.09729e-05,8.9503e-07,3.181826e-10,2.4554828e-07,2,24.928055,1.0,False,0.00022681145,Test
3182,0,-8.259527,-5.0577626,6.6012025,-0.7101714,0.1869994,2.221407,-5.407375,-5.579058,3.4646843e-07,8.514755e-06,0.98536325,0.00065812306,0.0016141479,0.012344551,6.0025736e-06,5.0556423e-06,2,14.875474,0.99999964,False,0.121496394,Test
3183,0,-16.660374,-10.590859,17.297691,0.10721592,-0.30850706,2.3880467,-11.580154,-15.032055,1.7873088e-15,7.7295917e-13,0.99999964,3.421931e-08,2.2580037e-08,3.3482917e-07,2.874159e-13,9.1068764e-15,2,33.958065,1.0,False,9.140392e-06,Test
3184,0,-24.611593,-15.386425,28.008224,-1.2536898,-0.26796922,-2.3475947,-15.661687,-18.227236,1.4044384e-23,1.4254212e-19,1.0,1.9575484e-13,5.2457203e-13,6.555941e-14,1.0824276e-19,8.321384e-21,2,52.61982,1.0,False,3.253448e-11,Test
3185,0,-15.16331,-9.945425,16.539412,0.20074023,-0.45513734,0.22548261,-10.887599,-12.459626,1.7048388e-14,3.1461654e-12,0.9999999,8.020573e-08,4.1625665e-08,8.2214946e-08,1.2263121e-12,2.546112e-13,2,31.70272,1.0,False,5.190321e-06,Test
3186,1,-20.23669,-13.702869,20.049648,0.087416284,0.7223967,4.7199683,-15.294697,-18.042837,3.1905477e-18,2.1951678e-15,0.99999976,2.1404862e-09,4.0390686e-09,2.1999088e-07,4.4683365e-16,2.8618345e-17,2,33.752518,1.0,False,5.383563e-06,Test
3187,0,-10.753756,-6.1119695,10.790422,-2.948214,1.507213,-1.0473121,-8.661911,-1.9705449,4.3998424e-10,4.5639343e-08,0.9998958,1.0797941e-06,9.296254e-05,7.225902e-06,3.563803e-09,2.8703648e-06,2,21.544283,1.0,False,0.0015942317,Test
3188,0,-9.523695,-5.401321,4.688553,0.15470618,-0.8986942,0.9078079,-3.7269442,-3.121189,6.47916e-07,3.998e-05,0.96342856,0.010346533,0.003608353,0.021971658,0.00021331219,0.0003909234,2,14.249505,0.99999934,False,0.27794567,Test
3189,0,-6.537359,-4.6375337,6.8032293,-0.78616637,-0.021531943,0.09499177,-5.8070993,-3.677744,1.6033084e-06,1.0717677e-05,0.9971513,0.00050434587,0.0010834399,0.001217336,3.3278588e-06,2.7985445e-05,2,13.343441,0.9999984,False,0.03277837,Test
3190,0,-19.924967,-12.536108,20.976145,-0.38919073,0.26506606,3.1533363,-14.114844,-18.4793,1.725333e-18,2.791345e-15,1.0,5.2620225e-10,1.0122617e-09,1.8182446e-08,5.7567514e-16,7.323492e-18,2,40.90111,1.0,False,5.1398877e-07,Test
3191,0,-15.7262535,-9.892924,15.399173,-0.86287326,0.89528143,3.485187,-11.561221,-12.925084,3.0366558e-14,1.0369997e-11,0.9999927,8.659237e-08,5.0238543e-07,6.696045e-06,1.955449e-12,4.999521e-13,2,31.125435,1.0,False,0.00013812857,Test
3192,0,-19.768124,-12.849486,20.594133,0.055564873,0.2824701,2.493359,-14.431995,-16.860853,2.9572884e-18,2.9896538e-15,1.0,1.2028543e-09,1.5092354e-09,1.37699825e-08,6.142494e-16,5.4138475e-17,2,40.36226,1.0,False,4.394557e-07,Test
3193,0,-12.918668,-7.8797894,12.25138,-1.7851264,0.97343016,1.0557393,-8.738656,-6.91704,1.1715891e-11,1.807727e-09,0.9999728,8.0169804e-07,1.264843e-05,1.3733565e-05,7.6582823e-10,4.734233e-09,2,25.170074,1.0,False,0.00048327548,Test
3194,0,-22.55589,-14.652911,23.408018,1.3382524,-1.1212977,3.018635,-15.017702,-21.72426,1.091766e-20,2.9535807e-17,1.0,2.6014937e-10,2.2235835e-11,1.396379e-09,2.0507925e-17,2.507844e-20,2,45.963905,1.0,False,5.0145445e-08,Test
3195,0,-17.235844,-11.072295,17.173891,0.61612856,-0.27512378,2.9995155,-11.476961,-15.862183,1.1377345e-15,5.4055176e-13,0.9999993,6.442508e-08,2.6423413e-08,6.984681e-07,3.6065557e-13,4.493823e-15,2,34.409737,1.0,False,1.7691247e-05,Test
3196,0,-13.567294,-8.482179,13.734371,-0.67663854,0.0964029,1.8450575,-9.632885,-10.677069,1.3900591e-12,2.2463202e-10,0.9999914,5.5128254e-07,1.1942686e-06,6.863299e-06,7.107647e-11,2.5017426e-11,2,27.301674,1.0,False,0.0001650764,Test
3197,0,-28.737732,-18.875582,31.550219,1.2020168,-1.3905971,1.8418139,-19.806509,-27.011736,6.565633e-27,1.2599496e-22,1.0,6.606074e-14,4.9429455e-15,1.2525752e-13,4.9665704e-23,3.6886403e-26,2,60.28795,1.0,False,8.495815e-12,Test
3198,0,-14.637189,-9.382633,14.170007,0.06425202,0.17973918,2.8916678,-10.47176,-12.438294,3.084521e-13,5.9049016e-11,0.9999858,7.4807014e-07,8.396489e-07,1.2643674e-05,1.9870602e-11,2.7807086e-12,2,28.807209,1.0,False,0.0002585393,Test
3199,0,-22.380777,-14.604974,23.64262,0.5271923,-0.17453153,2.9904816,-16.288658,-20.723166,1.02870685e-20,2.450651e-17,1.0,9.143187e-11,4.532547e-11,1.0737188e-09,4.5505745e-18,5.3974042e-20,2,46.0234,1.0,False,3.659771e-08,Test
3200,0,-10.862468,-6.651427,10.340531,-0.74884766,0.48032686,1.4594744,-8.025965,-6.9173446,6.188206e-10,4.172501e-08,0.99979347,1.5270529e-05,5.2200878e-05,0.00013896849,1.0554605e-08,3.198234e-08,2,21.203205,1.0,False,0.0030675423,Test
3201,0,-7.6320953,-5.0494137,7.8607917,-0.6787172,-0.16290627,-1.7448375,-5.7825127,-2.1818588,1.8674437e-07,2.4711092e-06,0.9993625,0.00019546162,0.0003273975,6.730563e-05,1.1871649e-06,4.3476593e-05,2,15.4935255,0.9999998,False,0.008754108,Test
3202,0,-13.781142,-8.583389,14.024679,-0.24478379,0.2628687,1.8323545,-10.046317,-10.963101,8.3961977e-13,1.51858e-10,0.9999932,6.351089e-07,1.0551611e-06,5.06918e-06,3.5163865e-11,1.4058579e-11,2,27.805828,1.0,False,0.00013299959,Test
3203,0,-27.166773,-17.4225,29.306488,0.24484491,0.09889151,2.648788,-19.433294,-24.57897,2.9783468e-25,5.0799342e-21,1.0,2.3916e-13,2.0668184e-13,2.646721e-12,6.8011235e-22,3.96134e-24,2,56.47326,1.0,False,1.2052644e-10,Test
3204,0,-16.923903,-11.077151,17.85954,0.34917617,-0.24089123,1.2258269,-11.993646,-14.869378,7.8296507e-16,2.7099083e-13,0.9999999,2.485108e-08,1.3774709e-08,5.9713074e-08,1.0837406e-13,6.109569e-15,2,34.783443,1.0,False,2.5064603e-06,Test
3205,0,-12.853003,-8.292565,11.926645,0.0467981,0.11801405,2.6759388,-8.909656,-10.533455,1.7309628e-11,1.6552364e-09,0.9998896,6.9278717e-06,7.4392437e-06,9.603315e-05,8.9302166e-10,1.7605747e-10,2,24.779758,1.0,False,0.0016864733,Test
3206,1,-17.585524,-11.577061,17.402512,-0.31999603,0.6884632,2.9535182,-13.121876,-13.845646,6.3809935e-16,2.5961595e-13,0.9999994,2.0100762e-08,5.51037e-08,5.307396e-07,5.538941e-14,2.6859467e-14,2,28.979572,1.0,False,1.3766128e-05,Test
3207,0,-24.3297,-16.31169,26.748518,-0.79058826,1.0492852,2.216374,-19.463747,-20.451145,6.56164e-23,1.9915424e-19,1.0,1.0962714e-12,6.9018467e-12,2.2173027e-11,8.51664e-21,3.1728356e-21,2,51.078217,1.0,False,1.0842061e-09,Test
3208,0,-23.925915,-16.613188,26.849325,0.9705656,-0.77014476,2.293147,-18.304892,-23.777224,8.8837085e-23,1.3318964e-19,1.0,5.767633e-12,1.0116174e-12,2.1646462e-11,2.4534251e-20,1.0307877e-22,2,50.775238,1.0,False,1.0225158e-09,Test
3209,0,-22.464432,-14.674221,23.716011,1.3104041,-1.138212,2.9323897,-15.59013,-21.825686,8.792017e-21,2.1248781e-17,1.0,1.8593811e-10,1.6067488e-11,9.414303e-10,8.50276e-18,1.6653033e-20,2,46.180443,1.0,False,3.481473e-08,Test
3210,0,-26.461466,-17.622625,29.80765,0.014813123,-0.22109045,1.041404,-19.86378,-23.479908,3.6528653e-25,2.5193779e-21,1.0,1.1511588e-13,9.092514e-14,3.213502e-13,2.6789994e-22,7.2028925e-24,2,56.269115,1.0,False,2.2223326e-11,Test
3211,0,-17.892517,-11.763335,17.043047,0.8255703,-0.4558404,4.341857,-11.972364,-16.973234,6.7247603e-16,3.0870684e-13,0.9999969,9.0539565e-08,2.5137851e-08,3.0474873e-06,2.504757e-13,1.6862248e-15,2,34.935566,1.0,False,6.3238505e-05,Test
3212,0,-12.982326,-8.122448,11.83615,-0.72218055,0.42860225,2.9049015,-8.9699135,-10.115964,1.6649807e-11,2.1479631e-09,0.99985325,3.514978e-06,1.110967e-05,0.00013217346,9.204013e-10,2.9258648e-10,2,24.818623,1.0,False,0.002161412,Test
3213,0,-24.150452,-15.865739,25.143148,1.0498306,-0.6481814,3.402821,-16.844255,-22.672293,3.908955e-22,1.5490524e-18,1.0,3.4387878e-11,6.2945916e-12,3.6165593e-10,5.8224023e-19,1.7140275e-21,2,49.293602,1.0,False,1.277273e-08,Test
3214,0,-8.500875,-4.88085,6.0680237,-1.492173,0.5589674,0.13705377,-5.0199533,-0.6859586,4.6683502e-07,1.7430932e-05,0.9916443,0.0005164213,0.0040160883,0.0026337134,1.5167322e-05,0.0011564812,2,14.57729,0.9999995,False,0.0839896,Test
3215,0,-17.844738,-11.484441,18.870222,1.0045078,-0.9732004,1.9050527,-12.247585,-17.04719,1.1347396e-16,6.563522e-14,0.9999999,1.7418811e-08,2.4105231e-09,4.2866724e-08,3.0599048e-14,2.5192205e-16,2,36.71496,1.0,False,1.6531575e-06,Test
3216,0,-14.796632,-9.246586,14.681706,-0.629985,0.6590544,2.4703727,-10.780155,-11.142782,1.5765862e-13,4.0557623e-11,0.9999939,2.2398262e-07,8.129e-07,4.973731e-06,8.750881e-12,6.0892532e-12,2,29.478344,1.0,False,0.000117703574,Test
3217,0,-8.273064,-4.8573494,5.445544,-0.51996213,-0.21983854,1.872628,-3.7397702,-4.7944098,1.0652416e-06,3.2424552e-05,0.9668596,0.0024807157,0.0033490304,0.027143497,9.9136174e-05,3.4530898e-05,2,13.752309,0.9999989,False,0.2395863,Test
3218,0,-25.668812,-16.502424,28.399885,1.0824884,-1.662245,0.9762424,-16.805492,-24.281378,3.298102e-24,3.1562747e-20,1.0,1.3683764e-12,8.7939266e-14,1.2304476e-12,2.3310672e-20,1.32074264e-23,2,54.068695,1.0,False,1.06423974e-10,Test
3219,0,-13.60547,-8.5405,12.659164,0.06730196,0.03096058,2.8474302,-9.225756,-11.607926,3.920921e-12,6.209774e-10,0.9999386,3.3993576e-06,3.2780404e-06,5.4801356e-05,3.129488e-10,2.8900818e-11,2,26.264694,1.0,False,0.0009859824,Test
3220,0,-7.014244,-3.7345402,3.0930772,-0.5585717,-0.77618164,0.38734886,-2.6722662,-0.7948842,3.5822468e-05,0.0009517272,0.878434,0.022793872,0.018336285,0.0586984,0.0027532917,0.017996537,2,10.236936,0.9999642,False,0.77230793,Test
3221,0,-18.436295,-11.970705,18.533833,0.6057883,-0.34624344,2.617699,-12.410737,-15.844939,8.791798e-17,5.649989e-14,0.9999999,1.6366268e-08,6.316658e-09,1.2238011e-07,3.6386858e-14,1.1735151e-15,2,36.970127,1.0,False,3.5774574e-06,Test
3222,0,-12.94763,-7.531136,13.144728,-2.27565,0.7823076,-1.5350798,-9.393707,-3.4990993,4.6583367e-12,1.0485388e-09,0.999995,2.0091524e-07,4.2762886e-06,4.213455e-07,1.6280954e-10,5.911197e-08,2,26.092363,1.0,False,9.825512e-05,Test
3223,0,-17.820063,-10.874434,19.794952,-0.40810484,-0.81771594,-1.0660882,-10.681653,-14.518537,4.6132538e-17,4.7913083e-14,1.0,1.6823801e-09,1.1169445e-09,8.712953e-10,5.810036e-14,1.2526839e-15,2,37.615013,1.0,False,1.084789e-07,Test
3224,0,-17.011292,-10.802814,17.067081,0.3087261,0.026895653,2.533461,-11.951855,-14.8127985,1.5847122e-15,7.8751296e-13,0.9999994,5.2715478e-08,3.9768665e-08,4.8767265e-07,2.4959502e-13,1.4280527e-14,2,34.078373,1.0,False,1.3337451e-05,Test
3225,0,-14.793747,-9.6319475,14.687121,0.44490546,-0.307857,1.6655908,-9.890041,-11.976354,1.5726053e-13,2.7438551e-11,0.9999968,6.5265357e-07,3.0744147e-07,2.2121774e-06,2.1196886e-11,2.6314708e-12,2,29.480873,1.0,False,6.617867e-05,Test
3226,0,-24.559137,-15.80202,26.8356,0.19338405,-0.2781604,1.2573651,-16.932474,-21.814232,4.7813355e-23,3.0389065e-19,1.0,2.6880215e-12,1.6774271e-12,7.7895685e-12,9.812213e-20,7.4412464e-22,2,51.394737,1.0,False,4.563816e-10,Test
3227,0,-17.182716,-10.728897,17.715368,0.3377691,-0.322583,2.2143397,-11.759778,-15.300225,6.9815764e-16,4.4341706e-13,0.99999976,2.8379466e-08,1.466282e-08,1.8534844e-07,1.5816343e-13,4.5867956e-15,2,34.898087,1.0,False,5.4960583e-06,Test
3228,0,-13.3119135,-9.502797,14.9493,-0.9587427,0.68938565,0.869225,-11.854255,-9.961954,5.324887e-13,2.4020863e-11,0.99999857,1.2337414e-07,6.4120553e-07,7.6753963e-07,2.2875128e-12,1.5176752e-11,2,28.261215,1.0,False,3.385133e-05,Test
3229,0,-20.621658,-13.55497,21.597757,0.42932132,-0.12336595,2.3665311,-14.872314,-18.05985,4.616805e-19,5.412095e-16,1.0,6.407152e-10,3.6866868e-10,4.446156e-09,1.4496057e-16,5.983009e-18,2,42.219414,1.0,False,1.5447786e-07,Test
3230,0,-22.94802,-14.581392,24.254257,0.63190645,-0.7339069,2.6546228,-15.479918,-21.006733,3.1645434e-21,1.3611079e-17,1.0,5.50736e-11,1.40532854e-11,4.16292e-10,5.5419976e-18,2.2049653e-20,2,47.20228,1.0,False,1.5355885e-08,Test
3231,0,-27.012846,-17.228653,29.089804,-0.44599724,0.8287776,2.5535903,-19.906422,-23.148226,4.3144834e-25,7.658594e-21,1.0,1.4885542e-13,5.32589e-13,2.9886094e-12,5.262723e-22,2.0573683e-23,2,56.10265,1.0,False,1.4247255e-10,Test
3232,0,-9.564861,-5.581407,9.046752,-2.2815936,1.2010205,0.117707744,-7.490633,-2.7219577,8.2573814e-09,4.4344029e-07,0.999456,1.2020591e-05,0.00039120618,0.00013241258,6.571569e-08,7.738881e-06,2,18.612158,1.0,False,0.0072577577,Test
3233,0,-7.523649,-4.2652974,4.0591326,-0.10832294,-0.8988182,0.27260715,-3.365895,-2.1599317,8.897891e-06,0.0002314041,0.954169,0.014781629,0.006705246,0.021635063,0.0005688224,0.0018998531,2,11.629696,0.9999911,False,0.34877214,Test
3234,0,-13.158017,-7.9065256,12.819797,-1.3583076,0.5390975,0.27497163,-8.926509,-6.6189733,5.223661e-12,9.969394e-10,0.99999106,6.958628e-07,4.6404107e-06,3.5632643e-06,3.5949732e-10,3.6128127e-09,2,25.977823,1.0,False,0.0001739798,Test
3235,0,-14.902922,-9.265299,15.929836,-0.71645856,0.16657232,1.1417089,-11.170331,-11.22351,4.0691446e-14,1.14259305e-11,0.9999994,5.8966513e-08,1.4259402e-07,3.7809193e-07,1.7003842e-12,1.612319e-12,2,30.832758,1.0,False,1.3585886e-05,Test
3236,1,-11.700471,-7.4558845,11.146045,-0.6134126,0.300398,2.9202182,-8.469419,-9.911515,1.1960691e-10,8.339825e-09,0.99970514,7.812758e-06,1.9483517e-05,0.00026757218,3.026805e-09,7.1563216e-10,2,18.602224,1.0,False,0.004038576,Test
3237,0,-18.1425,-11.808964,18.405468,-0.21296604,0.5519104,3.2460666,-13.777624,-15.802971,1.3409728e-16,7.551599e-14,0.99999976,8.205713e-09,1.763187e-08,2.608289e-07,1.05453594e-14,1.3914374e-15,2,36.547966,1.0,False,6.7229594e-06,Test
3238,0,-8.608207,-5.640056,8.2410145,-0.38054243,-0.074223965,1.8926699,-6.5506206,-7.4472933,4.8032206e-08,9.3450865e-07,0.99782854,0.0001797882,0.00024422715,0.0017458416,3.7595012e-07,1.5335941e-07,2,16.851395,0.99999994,False,0.024323136,Test
3239,0,-11.754496,-7.5851893,9.104563,0.61241966,-0.49083632,4.2878327,-7.2623477,-11.634217,8.657801e-10,5.5990473e-08,0.99170285,0.00020337186,6.747653e-05,0.008026058,7.732545e-08,9.764353e-10,2,20.86739,1.0,False,0.07122262,Test
3240,0,-16.2887,-10.553447,15.570536,0.33279812,-0.08260599,3.6456227,-11.110363,-14.652915,1.457829e-14,4.513318e-12,0.99999297,2.411746e-07,1.5919292e-07,6.623276e-06,2.5860082e-12,7.483754e-14,2,31.859243,1.0,False,0.00013299106,Test
3241,0,-12.486616,-7.7498975,12.174169,-0.68951946,0.7847294,1.0685666,-8.7641945,-8.247784,1.9495943e-11,2.2236952e-09,0.99997103,2.5903503e-06,1.1314012e-05,1.5027462e-05,8.064404e-10,1.3515952e-09,2,24.660814,1.0,False,0.00051658397,Test
3242,0,-12.998357,-7.659005,11.46115,0.33879754,-0.71534175,1.9441582,-7.1069145,-10.481361,2.384133e-11,4.9679985e-09,0.99990654,1.477689e-05,5.1496327e-06,7.358385e-05,8.628811e-09,2.9542505e-10,2,24.4596,1.0,False,0.0014732815,Test
3243,0,-12.433848,-7.4008546,11.849882,-0.6439589,0.19708394,1.0797714,-8.1673155,-7.710876,2.8424688e-11,4.3601047e-09,0.9999665,3.7495504e-06,8.694394e-06,2.1017722e-05,2.0259439e-09,3.1978342e-09,2,24.283764,1.0,False,0.000588922,Test
3244,0,-11.302461,-6.634785,11.116824,-0.47339562,-0.14831133,0.07266077,-7.2322187,-6.637632,1.8340526e-10,1.9523483e-08,0.999962,9.255825e-06,1.2811417e-05,1.5979535e-05,1.0742253e-08,1.9468002e-08,2,22.419323,1.0,False,0.00067374134,Test
3245,0,-26.023012,-16.998257,27.863407,-0.5906892,0.6768707,1.9957309,-19.088135,-21.184559,3.9575337e-24,3.2872064e-20,1.0,4.3907952e-13,1.5596858e-12,5.8319144e-12,4.066347e-21,4.997341e-22,2,53.88642,1.0,False,2.968405e-10,Test
3246,0,-13.277054,-7.974838,13.990523,-1.5394107,1.0479338,0.07310459,-10.018573,-7.677099,1.4382679e-12,2.8877764e-10,0.99999654,1.800669e-07,2.3938846e-06,9.031096e-07,3.7409385e-11,3.8892872e-10,2,27.267582,1.0,False,7.187684e-05,Test
3247,0,-11.258605,-7.1110024,9.255456,0.39603657,-0.39693895,3.8706422,-6.77057,-10.766923,1.2268183e-09,7.7635605e-08,0.9952306,0.00014136001,6.39649e-05,0.0045638233,1.091212e-07,2.0059265e-09,2,20.51884,1.0,False,0.04505384,Test
3248,0,-17.197872,-10.821852,17.730068,0.34569296,-0.38778096,2.350414,-11.597824,-15.762092,6.77623e-16,3.981609e-13,0.99999976,2.8187848e-08,1.3536859e-08,2.0926714e-07,1.8325596e-13,2.8479954e-15,2,34.92794,1.0,False,6.048035e-06,Test
3249,0,-16.763542,-10.736251,16.75891,0.7557937,-0.5364201,2.9568694,-11.255168,-15.878426,2.7630139e-15,1.1455226e-12,0.9999989,1.12185084e-07,3.081294e-08,1.0135604e-06,6.8177457e-13,6.6955197e-15,2,33.522453,1.0,False,2.5260977e-05,Test
3250,0,-7.2949705,-4.149756,-0.08483424,0.8466903,-1.5322714,1.2493403,-1.1895941,-0.7125629,8.7427085e-05,0.0020304632,0.11829551,0.3002785,0.027819822,0.44915158,0.039190177,0.06314649,5,9.344706,0.99991256,False,2.0020163,Test
3251,0,-22.478426,-14.554162,23.682482,0.413897,0.13568257,2.6664042,-16.286434,-20.179735,8.9654585e-21,2.4776284e-17,1.0,7.8448e-11,5.939573e-11,7.46163e-10,4.3824757e-18,8.9306115e-20,2,46.160908,1.0,False,2.7274687e-08,Test
3252,1,-24.383995,-15.61081,27.529446,-1.3058503,-0.14063776,-1.9485484,-16.766373,-17.241842,2.84629e-23,1.8383378e-19,1.0,2.9990919e-13,9.616903e-13,1.5771371e-13,5.78856e-20,3.5981358e-20,2,43.140255,1.0,False,5.7573796e-11,Test
3253,0,-18.489733,-11.799585,19.260271,0.2753943,-0.27229774,2.1229188,-12.599532,-16.587837,4.030711e-17,3.2424685e-14,1.0,5.6881735e-09,3.2893759e-09,3.608632e-08,1.4570139e-14,2.700009e-16,2,37.750004,1.0,False,1.1406879e-06,Test
3254,1,-20.410322,-12.99009,21.388174,0.2373743,-0.08036484,2.5781739,-14.48078,-18.271494,7.0330504e-19,1.1741107e-15,1.0,6.521159e-10,4.7460497e-10,6.775183e-09,2.6443037e-16,5.970697e-18,2,34.378265,1.0,False,2.1845733e-07,Test
3255,0,-22.283575,-14.450484,24.211946,-0.009965671,-0.18336207,2.2849197,-16.229382,-19.803522,6.415811e-21,1.6185274e-17,1.0,3.023828e-11,2.542446e-11,3.0006359e-10,2.7324584e-18,7.661695e-20,2,46.49552,1.0,False,1.1443702e-08,Test
3256,0,-11.985328,-7.7516737,10.211107,0.06677795,-0.048419062,2.736501,-7.481692,-10.294837,2.2905121e-10,1.5797383e-08,0.9993587,3.927311e-05,3.4999815e-05,0.0005669452,2.0693626e-08,1.241948e-09,2,22.197075,1.0,False,0.008132885,Test
3257,0,-18.879662,-12.095444,19.321539,0.8608743,-0.54372084,2.7152677,-12.771232,-17.635056,2.5670157e-17,2.2687034e-14,0.9999999,9.608047e-09,2.3584545e-09,6.137447e-08,1.1542162e-14,8.911567e-17,2,38.201202,1.0,False,1.8798739e-06,Test
3258,0,-10.103874,-7.100381,11.264684,-0.3453871,0.0379237,0.8287973,-8.651106,-8.218554,5.244826e-10,1.057137e-08,0.99994814,9.073768e-06,1.3312439e-05,2.9358212e-05,2.2421234e-09,3.4555296e-09,2,21.368608,1.0,False,0.0008847143,Test
3259,0,-7.222314,-3.6672843,1.4589363,-0.6068253,-1.0226156,-0.5925648,-1.9480915,3.0464656,2.7072541e-05,0.0009472375,0.15949541,0.020211533,0.013335946,0.020501826,0.0052856044,0.7801954,7,10.516991,0.99997294,False,1.0634996,Test
3260,0,-20.623653,-13.17902,21.625082,0.60903597,-0.40958413,3.1747994,-14.617983,-19.777418,4.483407e-19,7.669577e-16,1.0,7.461858e-10,2.6944252e-10,9.708316e-09,1.8190177e-16,1.0450153e-18,2,42.248734,1.0,False,2.8960685e-07,Test
3261,0,-24.94773,-16.299726,26.775517,0.9981739,-0.7041833,2.2693675,-17.623009,-23.1522,3.4425533e-23,1.9618261e-19,1.0,6.383262e-12,1.1633701e-12,2.2756979e-11,5.2235467e-20,2.0733236e-22,2,51.723244,1.0,False,1.0880784e-09,Test
3262,0,-18.099455,-11.558846,19.547174,-0.76464665,0.5874446,1.0551535,-13.558391,-14.066645,4.469682e-17,3.096181e-14,1.0,1.5089965e-09,5.8330247e-09,9.311445e-09,4.192144e-15,2.5217607e-15,2,37.64663,1.0,False,4.521863e-07,Test
3263,0,-22.587984,-14.568439,24.558298,-0.589916,0.5193556,1.1844821,-16.987326,-17.84642,3.3468002e-21,1.01735986e-17,1.0,1.1974827e-11,3.6309476e-11,7.061239e-11,9.056593e-19,3.8358854e-19,2,47.146282,1.0,False,4.0748467e-09,Test
3264,0,-12.776796,-7.492749,13.411001,-3.2291577,1.2806976,-2.3471797,-9.916977,-1.5429983,4.2342987e-12,8.3485985e-10,0.99999416,5.932913e-08,5.393537e-06,1.4331992e-07,7.392397e-11,3.2030079e-07,2,26.187803,1.0,False,0.0001146084,Test
3265,0,-17.099283,-11.074819,17.119652,0.57448626,-0.4472033,2.868232,-11.586256,-16.007235,1.376911e-15,5.692423e-13,0.9999993,6.5241714e-08,2.3486145e-08,6.4667586e-07,3.4133617e-13,4.103709e-15,2,34.218933,1.0,False,1.6480402e-05,Test
3266,0,-13.416887,-8.526682,11.927469,0.4610591,-0.5183545,3.894313,-8.320491,-12.7481785,9.838722e-12,1.3083619e-09,0.9996612,1.0472597e-05,3.9327856e-06,0.0003244123,1.6079625e-09,1.9202384e-11,2,25.344696,1.0,False,0.004492545,Test
3267,0,-14.856285,-9.151504,14.688385,-0.33034733,-0.100044206,1.9477466,-9.788284,-11.876355,1.475405e-13,4.430635e-11,0.9999964,3.002244e-07,3.7797685e-07,2.929607e-06,2.3437757e-11,2.9045494e-12,2,29.544674,1.0,False,7.3579955e-05,Test
3268,0,-23.968168,-15.349876,25.10425,0.3285547,-0.44675288,3.9903524,-16.367868,-23.612497,4.876627e-22,2.6977205e-18,1.0,1.738009e-11,8.004618e-12,6.766294e-10,9.747378e-19,6.959619e-22,2,49.07242,1.0,False,2.1527049e-08,Test
3269,0,-6.7283945,-3.7986186,0.46886927,-0.4046751,-0.94243735,0.80250835,-1.6594695,1.491348,0.00012537345,0.002347422,0.16747022,0.06991367,0.04083334,0.233795,0.019934801,0.4655802,7,8.984214,0.99987465,False,2.026914,Test
3270,0,-27.742363,-18.051638,29.624773,1.0442289,-0.7181763,3.2642405,-19.211939,-26.356895,1.2183448e-25,1.9696903e-21,1.0,3.869258e-13,6.640866e-14,3.5625918e-12,6.1728474e-22,4.8693514e-25,2,57.367134,1.0,False,1.543473e-10,Test
3271,0,-11.765896,-7.1641154,11.493574,-1.7725903,0.9193532,-1.2560976,-8.514439,-3.041849,7.9163905e-11,7.889598e-09,0.99996936,1.7320664e-06,2.5565894e-05,2.9031837e-06,2.0446413e-09,4.8677987e-07,2,23.2595,1.0,False,0.0005312503,Test
3272,0,-13.563055,-8.018896,11.769562,-0.5637481,0.4567311,1.1976367,-8.769155,-8.026473,9.957859e-12,2.546617e-09,0.9999578,4.402437e-06,1.2214667e-05,2.5624353e-05,1.202627e-09,2.5273919e-09,2,25.332659,1.0,False,0.0007295769,Test
3273,1,-9.02076,-5.3214974,8.221925,-1.3661805,0.55285937,0.37389505,-6.4271436,-3.3979263,3.244823e-08,1.3114737e-06,0.999064,6.847501e-05,0.00046661694,0.00039015518,4.3409378e-07,8.977514e-06,2,13.544359,0.9999987,False,0.012064591,Test
3274,0,-15.707959,-9.73592,15.992466,-0.23369059,0.16982631,2.1757536,-10.9618435,-13.054821,1.7087565e-14,6.7035284e-12,0.9999988,8.9757215e-08,1.3437376e-07,9.987978e-07,1.9673952e-12,2.42618e-13,2,31.700426,1.0,False,2.6970027e-05,Test
3275,0,-11.450152,-7.436833,10.914056,-0.21240295,0.2049782,2.0580094,-8.586288,-8.955,1.9376255e-10,1.0720922e-08,0.99982053,1.4715068e-05,2.2337195e-05,0.00014249179,3.3964915e-09,2.3490938e-09,2,22.364388,1.0,False,0.0026614405,Test
3276,0,-6.7047615,-4.9704576,-1.0940138,0.46458423,-1.15031,6.091928,-2.0228808,-7.102982,2.755075e-06,1.5607462e-05,0.0007530962,0.003578829,0.0007118709,0.9946385,0.00029747363,1.8500721e-06,5,12.802066,0.99999726,False,0.05587375,Test
3277,0,-24.987396,-16.022854,26.861042,0.9277518,-1.1054188,2.5990596,-16.857998,-23.754887,3.0374515e-23,2.375531e-19,1.0,5.461539e-12,7.1502336e-13,2.90506e-11,1.0305337e-19,1.0417931e-22,2,51.84844,1.0,False,1.250034e-09,Test
3278,0,-22.682152,-14.932367,26.090439,-0.697412,0.3709406,0.51746875,-17.923428,-20.090141,6.5816233e-22,1.5276451e-18,1.0,2.323721e-12,6.7633846e-12,7.830698e-12,7.673981e-20,8.7908095e-21,2,48.77259,1.0,False,6.29668e-10,Test
3279,0,-15.893391,-10.234485,15.606717,0.15874228,0.14192303,3.070584,-11.225059,-13.761014,2.0877363e-14,5.988346e-12,0.99999595,1.9544649e-07,1.9218676e-07,3.5943879e-06,2.2238533e-12,1.760981e-13,2,31.50011,1.0,False,7.941292e-05,Test
3280,0,-7.3952103,-5.223301,1.5636374,0.06217593,-0.6247807,5.0684667,-3.194139,-7.109056,3.7143827e-06,3.259379e-05,0.028884474,0.006435585,0.0032377748,0.96115303,0.00024796394,4.9449472e-06,5,12.503298,0.9999963,False,0.2798822,Test
3281,0,-15.478049,-9.769844,15.8093195,-0.52786684,0.24042293,1.9609237,-10.935439,-12.573492,2.5826638e-14,7.782342e-12,0.9999988,8.032475e-08,1.7318636e-07,9.67648e-07,2.4260427e-12,4.7152055e-13,2,31.28737,1.0,False,2.6836069e-05,Test
3282,0,-9.551486,-6.3061786,7.870845,0.25351468,-0.292201,3.7248404,-6.502669,-9.670613,2.6694716e-08,6.8524304e-07,0.9836655,0.0004838191,0.0002803378,0.015568993,5.630015e-07,2.369676e-08,2,17.4388,1.0,False,0.1255303,Test
3283,0,-10.391189,-6.280263,10.422067,-1.2002919,0.30579177,0.1104051,-7.6903567,-5.3429117,9.138651e-10,5.5748657e-08,0.99991715,8.96268e-06,4.0413055e-05,3.3240398e-05,1.360939e-08,1.4233801e-07,2,20.813337,1.0,False,0.0013590126,Test
3284,0,-20.914152,-13.694402,22.146145,0.14668402,-0.038363237,2.589838,-15.1832285,-18.955103,1.9913677e-19,2.7205004e-16,1.0,2.790974e-10,2.3194813e-10,3.2122094e-09,6.1384617e-17,1.4123881e-18,2,43.060295,1.0,False,1.0691036e-07,Test
3285,1,-21.442354,-13.671773,22.48926,0.25215527,-0.11243716,3.373335,-15.139272,-20.316532,8.33187e-20,1.974525e-16,1.0,2.2006362e-10,1.5282983e-10,4.989526e-09,4.551306e-17,2.5685023e-19,2,36.161034,1.0,False,1.4964672e-07,Test
3286,0,-18.580297,-11.844459,19.47505,0.92092836,-1.030878,1.5966516,-12.298584,-17.198597,2.9701104e-17,2.5009827e-14,1.0,8.750797e-09,1.2427639e-09,1.719927e-08,1.5881302e-14,1.1826012e-16,2,38.055347,1.0,False,7.146304e-07,Test
3287,0,-9.489438,-6.5656757,9.728349,0.041227207,-0.5375372,2.3988278,-6.9702334,-10.369675,4.502922e-09,8.38046e-08,0.9992478,6.203115e-05,3.477406e-05,0.00065539416,5.5920534e-08,1.867295e-09,2,19.21854,1.0,False,0.00940154,Test
3288,0,-21.289381,-13.694318,22.29633,0.79130787,-0.44478974,2.4306567,-14.902602,-19.211664,1.1775172e-19,2.3413206e-16,1.0,4.5760165e-10,1.329405e-10,2.3574789e-09,6.9937294e-17,9.403869e-19,2,43.58571,1.0,False,8.612437e-08,Test
3289,0,-19.721441,-12.613297,20.277624,0.24582556,0.16880445,3.4182725,-14.162973,-18.072489,4.2523267e-18,5.195817e-15,1.0,1.9966415e-09,1.8486319e-09,4.7651483e-08,1.10316e-15,2.2118598e-17,2,39.999065,1.0,False,1.2703557e-06,Test
3290,0,-15.367769,-10.038999,15.410947,-0.5198194,0.6895279,2.0474524,-11.333132,-11.541941,4.2950886e-14,8.8558084e-12,0.999998,1.2060222e-07,4.041736e-07,1.5714734e-06,2.4276883e-12,1.9701914e-12,2,30.778719,1.0,False,4.47492e-05,Test
3291,0,-14.255558,-9.016979,14.218031,-0.5952106,0.34932715,2.0335093,-10.10477,-11.135877,4.3060062e-13,8.1126085e-11,0.99999356,3.6871256e-07,9.4819063e-07,5.108892e-06,2.7336288e-11,9.7484295e-12,2,28.473595,1.0,False,0.00012594949,Test
3292,0,-19.176691,-12.1276,20.07278,-0.31913298,0.16349591,3.2104928,-13.835276,-17.564096,8.998502e-18,1.0364619e-14,1.0,1.3928492e-09,2.2568754e-09,4.751181e-08,1.8789596e-15,4.513476e-17,2,39.249474,1.0,False,1.2616279e-06,Test
3293,0,-8.1864,-4.8350654,7.5234404,-0.7468945,0.23086941,1.0760922,-5.874303,-5.100716,1.5003937e-07,4.282247e-06,0.9974758,0.00025535328,0.0006788581,0.0015807189,1.5147342e-06,3.2832252e-06,2,15.712368,0.9999998,False,0.02870714,Test
3294,1,-16.308558,-10.310355,16.714973,0.082896635,0.09649171,2.2075946,-11.691457,-13.90259,4.550543e-15,1.8325176e-12,0.9999993,5.981096e-08,6.062956e-08,5.0063966e-07,4.6051547e-13,5.0461588e-14,2,27.02533,1.0,False,1.4227039e-05,Test
3295,0,-15.71691,-9.777141,15.385882,0.42946666,-0.3876028,3.271354,-10.604472,-14.752724,3.1061765e-14,1.1798733e-11,0.99999404,3.1952763e-07,1.4114316e-07,5.479292e-06,5.1585763e-12,8.146417e-14,2,31.102798,1.0,False,0.00011438504,Test
3296,0,-12.009541,-7.960014,9.530834,0.31429985,-0.25824934,5.1482706,-7.680351,-12.389899,4.3618958e-10,2.5024315e-08,0.9875093,9.814113e-05,5.5360022e-05,0.01233724,3.3099262e-08,2.9818598e-10,2,21.552944,1.0,False,0.09822687,Test
3297,0,-14.755584,-9.42872,14.674826,-0.49730286,0.75271827,2.477052,-10.771779,-12.097086,1.6539916e-13,3.40377e-11,0.9999938,2.5752865e-07,8.9888215e-07,5.0416347e-06,8.885398e-12,2.3610428e-12,2,29.430414,1.0,False,0.000121357094,Test
3298,0,-21.841646,-13.96116,22.862524,0.45224348,-0.46537519,3.1811073,-15.002342,-20.423687,3.8479156e-20,1.01783396e-16,1.0,1.8507125e-10,7.393018e-11,2.8344513e-09,3.5933265e-17,1.5886867e-19,2,44.70417,1.0,False,8.8953925e-08,Test
3299,0,-20.228052,-12.864257,20.789398,0.7453518,-0.5274996,2.9349768,-13.619926,-18.812216,1.5358489e-18,2.4232761e-15,1.0,1.9723376e-09,5.5231736e-10,1.7616646e-08,1.1382042e-15,6.327567e-18,2,41.01745,1.0,False,5.277991e-07,Test
3300,0,-18.11717,-11.634846,18.772524,0.25700474,-0.01634216,2.1139061,-13.148635,-15.489189,9.528166e-17,6.2265446e-14,0.9999999,9.095207e-09,6.9198887e-09,5.8244442e-08,1.370305e-14,1.3192524e-15,2,36.889694,1.0,False,1.9163292e-06,Test
3301,0,-9.033481,-5.550224,7.5754566,-0.78861344,0.19608444,2.050625,-5.7943625,-6.2479763,6.091582e-08,1.983758e-06,0.9951751,0.00023196908,0.00062098185,0.0039673047,1.5540344e-06,9.873221e-07,2,16.613773,0.99999994,False,0.04809848,Test
3302,0,-21.32327,-13.819431,22.188892,0.8685761,-0.4027228,3.4499922,-15.195647,-20.330122,1.2673847e-19,2.300296e-16,1.0,5.5043275e-10,1.543782e-10,7.2744384e-09,5.808986e-17,3.4215866e-19,2,43.51216,1.0,False,2.1862317e-07,Test
3303,0,-17.695772,-11.158628,18.37339,0.045214824,-0.092379585,1.8123182,-12.284752,-15.075543,2.164525e-16,1.4941947e-13,0.9999999,1.0969198e-08,9.5591135e-09,6.421227e-08,4.8454933e-14,2.973809e-15,2,36.06916,1.0,False,2.1649034e-06,Test
3304,0,-11.2521305,-6.8205776,11.029637,-0.96822894,0.6554014,0.7631739,-8.043941,-6.228315,2.1043568e-10,1.7689615e-08,0.99992776,6.1568894e-06,3.1224474e-05,3.477765e-05,5.204979e-09,3.1984197e-08,2,22.281841,1.0,False,0.0011945497,Test
3305,0,-7.095562,-4.6679635,1.911793,-0.6724513,-0.473032,2.8221784,-3.0131962,-3.1032329,3.3396176e-05,0.00037843318,0.2726096,0.020569233,0.025108732,0.67751116,0.0019799096,0.0018094352,5,10.307069,0.9999666,False,1.1795045,Test
3306,0,-20.078518,-12.766966,20.692278,0.5500826,-0.49392438,3.0188723,-13.772393,-18.914255,1.965475e-18,2.9433035e-15,1.0,1.7879525e-09,6.294322e-10,2.1112413e-08,1.0769192e-15,6.2965294e-18,2,40.770798,1.0,False,6.095053e-07,Test
3307,0,-12.309873,-7.5191073,11.685593,0.033523217,-0.22035925,2.0262985,-7.994401,-10.315107,3.7919955e-11,4.5653086e-09,0.9999207,8.700341e-06,6.7495766e-06,6.3824504e-05,2.8382676e-09,2.787295e-10,2,23.995544,1.0,False,0.0012662024,Test
3308,1,-5.612321,-5.50244,8.414919,-1.2360678,0.027684499,-0.47713846,-7.67863,-5.318947,8.0883393e-07,9.027765e-07,0.9995677,6.433421e-05,0.00022765777,0.00013741708,1.0244086e-07,1.0846013e-06,2,13.91779,0.9999991,False,0.0060955146,Test
3309,0,3.8067548,-3.1558077,-1.7621568,3.3753684,-3.6328108,-1.0728157,-2.5677114,-7.1465592,0.6008608,0.0005688154,0.0022920617,0.39032382,0.00035302993,0.0045667086,0.0010241851,1.051502e-05,0,0.50939196,0.39913923,True,1.04747,Test
3310,0,-19.600998,-12.5786705,19.504696,0.026489638,-0.3127405,4.9642506,-13.101286,-19.90444,1.0389933e-17,1.1651203e-14,0.9999995,3.4731389e-09,2.4739824e-09,4.8435595e-07,6.9088e-15,7.6706195e-18,2,39.105694,1.0,False,1.1016806e-05,Test
3311,0,-8.567253,-5.0995803,4.4924183,-0.71850485,0.03703885,1.5820353,-4.0705547,-3.0620313,1.9857991e-06,6.366875e-05,0.9325638,0.005088659,0.010832578,0.05078264,0.00017816674,0.000488453,2,13.129489,0.99999803,False,0.43027917,Test
3312,1,-8.335306,-5.2081075,4.993631,-0.79923886,0.048085906,1.6364605,-4.494711,-3.1390924,1.5560764e-06,3.549411e-05,0.95656604,0.00291678,0.006806,0.033320725,7.24403e-05,0.00028100776,2,10.246143,0.99996454,False,0.303226,Test
3313,0,-18.08525,-11.98236,19.006071,0.08855747,-0.1817128,1.2814281,-13.147345,-14.110081,7.788301e-17,3.4825377e-14,1.0,6.084551e-09,4.6435615e-09,2.005788e-08,1.0862981e-14,4.148001e-15,2,37.091324,1.0,False,8.0751187e-07,Test
3314,0,-19.341473,-12.415695,19.517765,-0.664652,0.8777833,3.209988,-14.376811,-15.515555,1.3293749e-17,1.3535503e-14,0.9999999,1.7174641e-09,8.030795e-09,8.272223e-08,1.9044615e-15,6.098483e-16,2,38.859238,1.0,False,2.384172e-06,Test
3315,0,-16.633207,-10.845932,15.884575,0.44999614,-0.20169137,4.346171,-11.276074,-15.599136,7.545734e-15,2.4608436e-12,0.99999,1.9808117e-07,1.0323318e-07,9.748331e-06,1.6005747e-12,2.1222356e-14,2,32.517796,1.0,False,0.00018352791,Test
3316,0,-24.82409,-16.076221,26.729557,0.53697246,-0.44968933,2.709072,-17.319044,-23.391119,4.0788334e-23,2.5685416e-19,1.0,4.2141004e-12,1.5710972e-12,3.698588e-11,7.412017e-20,1.7094949e-22,2,51.553646,1.0,False,1.5025643e-09,Test
3317,0,-22.532944,-14.6613245,23.220068,1.3905982,-1.1560535,2.8708847,-14.62957,-21.158527,1.3480893e-20,3.534434e-17,1.0,3.3081238e-10,2.5917012e-11,1.4536561e-09,3.6484654e-17,5.328706e-20,2,45.753014,1.0,False,5.4005746e-08,Test
3318,0,-8.489618,-5.245115,5.630271,-0.75614554,0.318117,2.4809983,-5.107109,-5.3217936,7.0275456e-07,1.8024939e-05,0.9527822,0.0016047531,0.0046984497,0.04085845,2.06923e-05,1.6694465e-05,2,14.168259,0.9999993,False,0.3070946,Test
3319,1,-24.0551,-15.749201,25.410696,0.089662455,0.29849193,2.8131573,-17.679735,-20.990606,3.2906155e-22,1.3319377e-18,1.0,1.00743e-11,1.24139084e-11,1.5346663e-10,1.9322509e-19,7.049697e-21,2,41.159897,1.0,False,5.820987e-09,Test
3320,0,-23.605392,-15.309667,24.704477,0.89839715,-0.8021532,3.5763524,-16.21816,-22.560492,1.0454204e-21,4.1886846e-18,1.0,4.5830107e-11,8.367801e-12,6.670713e-10,1.6885898e-18,2.9722465e-21,2,48.309868,1.0,False,2.2215245e-08,Test
3321,0,-16.768145,-10.701,17.101776,0.5103769,-0.37181386,2.1427362,-11.503198,-14.976966,1.9520054e-15,8.42185e-13,0.99999964,6.229401e-08,2.578195e-08,3.1869223e-07,3.7758783e-13,1.1705198e-14,2,33.86992,1.0,False,9.5348305e-06,Test
3322,0,-7.7678175,-6.0143504,9.65529,-1.1069462,0.18439093,-0.081997745,-8.051364,-5.6330543,2.7112664e-08,1.5656457e-07,0.9998423,2.1181268e-05,7.7049976e-05,5.903115e-05,2.0418769e-08,2.2923889e-07,2,17.423265,1.0,False,0.0024481846,Test
3323,0,-25.110542,-16.294043,26.850164,0.5303561,-0.2958244,3.0359163,-17.85981,-23.28477,2.7148822e-23,1.831087e-19,1.0,3.710669e-12,1.6242281e-12,4.5457325e-11,3.8256396e-20,1.6852915e-22,2,51.96071,1.0,False,1.7662732e-09,Test
3324,0,-15.990234,-10.310856,16.190016,-0.86975455,0.8554945,1.6082542,-12.049265,-10.683383,1.0575327e-14,3.0961171e-12,0.9999993,3.899738e-08,2.1892821e-07,4.647519e-07,5.44297e-13,2.1331988e-12,2,32.180252,1.0,False,1.6612285e-05,Test
3325,0,-15.596834,-10.044032,15.017315,0.7329688,-0.5708388,3.764051,-10.285635,-15.17653,5.063351e-14,1.3061376e-11,0.9999863,6.257222e-07,1.6988102e-07,1.2964741e-05,1.0257996e-11,7.708578e-14,2,30.614162,1.0,False,0.0002469772,Test
3326,0,-21.601025,-13.800403,23.011038,0.73791945,-0.8370223,2.446679,-14.689475,-20.569008,4.219182e-20,1.03037416e-16,1.0,2.1227915e-10,4.394595e-11,1.1722302e-09,4.2352173e-17,1.184202e-19,2,44.61206,1.0,False,4.311106e-08,Test
3327,0,-15.215319,-9.581442,15.289868,-0.025226833,0.17698047,2.6237097,-10.874379,-13.056599,5.646296e-14,1.5795204e-11,0.9999964,2.2322212e-07,2.732464e-07,3.1561353e-06,4.3352097e-12,4.8897274e-13,2,30.505192,1.0,False,7.389532e-05,Test
3328,0,-23.576406,-15.35134,24.716566,0.7648037,-0.31498456,2.9003923,-16.636362,-21.63345,1.0632331e-21,3.969445e-18,1.0,3.9616987e-11,1.34566e-11,3.3524028e-10,1.0981242e-18,7.420699e-21,2,48.292973,1.0,False,1.2406307e-08,Test
3329,0,-16.650658,-10.478397,17.157621,0.79019284,-0.9361269,2.6598914,-10.871118,-16.37897,2.0761076e-15,9.950143e-13,0.9999994,7.793206e-08,1.3867073e-08,5.054934e-07,6.7185054e-13,2.7242282e-15,2,33.80828,1.0,False,1.363499e-05,Test
3330,0,-11.511081,-7.0562644,10.392626,0.39058462,-0.32168818,2.9154243,-7.4775,-10.522677,3.0694924e-10,2.6409982e-08,0.99936706,4.527869e-05,2.2210474e-05,0.00056548056,1.7331192e-08,8.2475443e-10,2,21.904339,1.0,False,0.008011454,Test
3331,0,-21.553082,-14.92564,24.197021,0.39941886,-0.211805,1.5909425,-16.990194,-20.309057,1.3520188e-20,1.0215131e-17,1.0,4.6220316e-11,2.5083099e-11,1.5216144e-10,1.2960406e-18,4.690885e-20,2,45.750103,1.0,False,7.4327002e-09,Test
3332,0,-23.379286,-15.332824,24.938473,0.42649695,-0.4728222,3.630078,-16.623196,-22.744217,1.0372057e-21,3.2389014e-18,1.0,2.262476e-11,9.2048105e-12,5.570337e-10,8.912443e-19,1.9573614e-21,2,48.317757,1.0,False,1.8261602e-08,Test
3333,0,-11.422267,-7.1894636,11.875779,-0.63967735,0.18766725,1.1714756,-8.666958,-8.775577,7.616793e-11,5.248743e-09,0.99996555,3.6693698e-06,8.392713e-06,2.2447346e-05,1.1978105e-09,1.0745218e-09,2,23.29808,1.0,False,0.00060452084,Test
3334,0,-7.2364063,-4.9385824,1.1684885,0.27347445,-0.82292646,4.5473304,-2.5767982,-6.036137,7.2396833e-06,7.205303e-05,0.032353345,0.013219634,0.004416301,0.9491429,0.0007644727,2.4043078e-05,5,11.835933,0.9999928,False,0.35807356,Test
3335,0,-16.460396,-10.184859,16.811657,-0.9365988,0.86284953,2.188352,-11.966566,-12.845684,3.549203e-15,1.8860853e-12,0.9999994,1.958979e-08,1.18446046e-07,4.4584033e-07,3.1752379e-13,1.3181966e-13,2,33.272053,1.0,False,1.3406854e-05,Test
3336,0,-12.084237,-7.470816,11.5708,-0.6189703,0.2616644,1.571422,-8.192328,-8.056998,5.3299202e-11,5.3740754e-09,0.9999372,5.0818635e-06,1.2259637e-05,4.5425317e-05,2.6118916e-09,2.9903933e-09,2,23.6551,1.0,False,0.0010355624,Test
3337,0,-18.565712,-11.859193,19.978292,-0.49773553,0.18166025,0.22146119,-13.365188,-13.694217,1.8220099e-17,1.489894e-14,1.0,1.280483e-09,2.52599e-09,2.6285536e-09,3.3045398e-15,2.37802e-15,2,38.544006,1.0,False,1.8489271e-07,Test
3338,1,-9.451422,-5.9751296,6.771561,0.5036652,-0.80316854,2.8911612,-5.1350574,-8.461299,8.80129e-08,2.8462994e-06,0.9774579,0.0018534699,0.0005016891,0.02017724,6.5935533e-06,2.368922e-07,2,12.769491,0.99999714,False,0.1682661,Test
3339,0,-9.772784,-5.6168017,9.483161,-2.4180686,1.0132709,-0.92779267,-7.305749,-1.3124275,4.336438e-09,2.7672831e-07,0.9997327,6.7802457e-06,0.00020963179,3.0092911e-05,5.1115542e-08,2.0484218e-05,2,19.256212,1.0,False,0.0038421415,Test
3340,1,-13.506427,-10.160476,16.476885,0.4069276,-1.0564994,1.9390206,-11.463001,-16.417063,9.5151006e-14,2.701105e-12,0.9999994,1.0493147e-07,2.4285535e-08,4.856074e-07,7.342795e-13,5.18012e-15,2,26.63736,1.0,False,1.4092086e-05,Test
3341,0,-6.834565,-4.1264615,1.9193691,0.21919957,-0.86878175,2.6696117,-2.43924,-4.0332074,4.670318e-05,0.0007005855,0.2958911,0.054045267,0.018207626,0.6265534,0.0037862747,0.00076906115,5,9.971699,0.99995327,False,1.3216151,Test
3342,0,-12.613903,-7.880936,11.526204,0.4133662,-0.15606324,3.2792168,-8.2829,-11.540322,3.2806594e-11,3.7278802e-09,0.9997147,1.49152975e-05,8.439795e-06,0.00026197205,2.4939693e-09,9.598667e-11,2,24.140392,1.0,False,0.0039101657,Test
3343,0,-18.570541,-12.427472,18.376104,0.65113896,-0.14590694,3.543838,-12.9850235,-16.58275,9.000666e-17,4.1896347e-14,0.99999964,2.005141e-08,9.036344e-09,3.6176672e-07,2.3990267e-14,6.569952e-16,2,36.946648,1.0,False,9.011408e-06,Test
3344,0,-22.952623,-14.901635,24.689255,-1.0013306,1.1694727,1.630107,-17.381138,-17.917149,2.0389006e-21,6.3958076e-18,1.0,6.961779e-12,6.102222e-11,9.6725225e-11,5.358715e-19,3.1352642e-19,2,47.641876,1.0,False,5.5464167e-09,Test
3345,0,-17.821957,-11.350498,18.840845,-0.3538048,0.30140457,1.5723343,-12.990035,-14.465868,1.195492e-16,7.727984e-14,1.0,4.611786e-09,8.880214e-09,3.1650533e-08,1.4997704e-14,3.4282958e-15,2,36.662804,1.0,False,1.1537468e-06,Test
3346,0,-11.295407,-6.4902067,10.624776,-3.7411013,1.8823593,-1.7383349,-9.160056,0.7603268,3.0205874e-10,3.6894658e-08,0.9997836,5.766135e-07,0.00015963304,4.272433e-06,2.555422e-09,5.197925e-05,2,21.920399,1.0,False,0.0031547195,Test
3347,0,-18.442305,-11.954188,19.134977,1.014991,-0.9059697,2.2298439,-12.473328,-17.464973,4.790643e-17,3.1488162e-14,1.0,1.3507975e-08,1.9784603e-09,4.551908e-08,1.873646e-14,1.2730413e-16,2,37.577282,1.0,False,1.5204886e-06,Test
3348,0,-17.815603,-11.183646,17.976423,0.09703874,0.13759348,2.755961,-12.285157,-15.657195,2.8557507e-16,2.1674199e-13,0.99999976,1.7182314e-08,1.7893484e-08,2.4537871e-07,7.2038065e-14,2.4723244e-15,2,35.792027,1.0,False,6.635839e-06,Test
3349,0,-7.8338966,-4.717072,3.3153906,-0.2396527,-0.96440285,1.8769519,-2.615861,-3.082102,1.1200344e-05,0.000252843,0.77858365,0.02225203,0.010779899,0.18475632,0.0020672618,0.0012969093,2,11.399566,0.9999888,False,0.95794445,Test
3350,0,-26.626371,-17.423962,29.151546,-0.031226488,0.20339338,2.1953185,-19.834269,-23.445845,5.9697877e-25,5.9226196e-21,1.0,2.1187633e-13,2.679027e-13,1.963626e-12,5.3177757e-22,1.4362966e-23,2,55.777916,1.0,False,9.647356e-11,Test
3351,0,-6.962654,-4.1751275,2.0474072,-0.4326839,-0.63344765,1.8625934,-2.450895,-1.9161661,6.0610524e-05,0.0009843634,0.49609852,0.041541107,0.033985015,0.41238642,0.0055205203,0.009423451,2,9.711042,0.9999394,False,1.5006697,Test
3352,1,-20.614908,-13.108876,21.735119,-0.053466417,-0.14640352,2.3528688,-14.051326,-18.496561,4.0515025e-19,7.369629e-16,1.0,3.446176e-10,3.1403297e-10,3.8229255e-09,2.8717337e-16,3.369788e-18,2,34.843994,1.0,False,1.2764559e-07,Test
3353,0,-6.523512,-4.273391,1.678963,-0.49255285,-0.5879649,3.0651977,-2.4896278,-3.5303473,5.2273168e-05,0.0004960141,0.19079566,0.0217516,0.019772168,0.76313716,0.002952381,0.0010427829,5,9.859027,0.9999477,False,1.0269706,Test
3354,0,-20.104362,-13.159811,21.685589,-0.59258866,0.48180795,1.3860813,-15.201013,-16.016838,7.0934046e-19,7.3592906e-16,1.0,2.1120809e-10,6.184646e-10,1.5276929e-09,9.55769e-17,4.2271146e-17,2,41.78995,1.0,False,7.0447605e-08,Test
3355,0,-19.264593,-12.677393,21.45642,-0.73960376,0.4654224,1.6903404,-15.242668,-16.233156,2.0657963e-18,1.4992492e-15,1.0,2.292922e-10,7.6511175e-10,2.604355e-09,1.1528907e-16,4.2817913e-17,2,40.721016,1.0,False,1.04779744e-07,Test
3356,0,-22.379139,-14.752871,24.063251,0.6174289,-0.5395563,3.078018,-16.192122,-22.273493,6.765908e-21,1.3879427e-17,1.0,6.57066e-11,2.0660283e-11,7.6953605e-10,3.2908984e-18,7.519809e-21,2,46.44239,1.0,False,2.625379e-08,Test
3357,0,-10.807518,-6.4808593,6.6261115,-0.49577877,0.031715836,1.5672175,-5.5231233,-3.6404014,2.6605086e-08,2.0137654e-06,0.9915029,0.00080038037,0.0013563893,0.006298602,5.2474506e-06,3.4482924e-05,2,17.442163,1.0,False,0.08005054,Test
3358,0,-10.843401,-7.1900253,7.8990993,0.4262461,-0.59338593,5.019694,-6.3329906,-11.569138,6.85779e-09,2.6474333e-07,0.94612527,0.0005376873,0.0001939587,0.053142104,6.2377865e-07,3.3189504e-09,2,18.79788,1.0,False,0.3088467,Test
3359,0,-6.215972,-4.045536,5.6758785,-0.08937162,-0.4348077,0.86088413,-4.45169,-4.852045,6.75415e-06,5.9180555e-05,0.9865878,0.003092569,0.0021892653,0.007998532,3.942651e-05,2.6419015e-05,2,11.905354,0.99999326,False,0.12198886,Test
3360,0,-21.203497,-13.673645,22.475891,0.73449177,-0.42992705,1.6176561,-14.916857,-18.641762,1.0722152e-19,1.9973581e-16,1.0,3.6126846e-10,1.1275329e-10,8.7374336e-10,5.761516e-17,1.3894094e-18,2,43.67939,1.0,False,4.1350443e-08,Test
3361,0,-16.138746,-10.067602,16.276812,-0.37012088,0.3526587,1.7366309,-11.509183,-11.779176,8.357988e-15,3.62048e-12,0.9999993,5.892895e-08,1.2140254e-07,4.8448425e-07,8.5643656e-13,6.5379077e-13,2,32.415558,1.0,False,1.5313482e-05,Test
3362,0,-18.064651,-11.445692,18.649965,-0.28957587,0.4564861,2.8635666,-13.234269,-15.649865,1.1351292e-16,8.503976e-14,0.9999999,5.9519856e-09,1.2550822e-08,1.3933301e-07,1.4218456e-14,1.2699085e-15,2,36.714615,1.0,False,3.8373523e-06,Test
3363,0,-17.57141,-11.027005,17.762465,0.2465838,-0.12482855,2.5923352,-11.760786,-15.376185,4.5153717e-16,3.139725e-13,0.99999976,2.4714375e-08,1.7046975e-08,2.5804547e-07,1.5073534e-13,4.0557157e-15,2,35.333874,1.0,False,7.055982e-06,Test
3364,0,-10.60925,-6.9988236,10.659648,-0.027137438,-0.07625072,2.070608,-7.983978,-9.551414,5.7934174e-10,2.14251e-08,0.9997694,2.2839562e-05,2.1744938e-05,0.0001860918,7.999747e-09,1.6685813e-09,2,21.269129,1.0,False,0.003328604,Test
3365,0,-20.497833,-13.107507,21.117317,0.57163626,-0.08566883,2.9792829,-14.410662,-18.647558,8.448309e-19,1.368826e-15,1.0,1.1943294e-09,6.189567e-10,1.3266353e-08,3.7187385e-16,5.3744398e-18,2,41.61515,1.0,False,4.0148424e-07,Test
3366,0,-15.466995,-9.98461,15.248455,0.36468425,-0.19717453,2.7386508,-10.656795,-13.94121,4.5755947e-14,1.1000627e-11,0.9999957,3.4360426e-07,1.9590551e-07,3.6902804e-06,5.6168234e-12,2.1042036e-13,2,30.715454,1.0,False,8.445114e-05,Test
3367,1,-12.055214,-7.5557256,11.708529,0.22361144,-0.35808462,1.7383579,-8.171102,-9.955644,4.7809e-11,4.3014294e-09,0.9999372,1.0283392e-05,5.7478946e-06,4.677158e-05,2.3246556e-09,3.9024908e-10,2,19.264318,1.0,False,0.001034046,Test
3368,0,-14.070564,-9.192229,15.916635,-1.49453,0.4057279,-0.30886117,-11.062458,-9.645488,9.478187e-14,1.2455433e-11,0.99999964,2.74427e-08,1.8352652e-07,8.9816545e-08,1.9192397e-12,7.916098e-12,2,29.987198,1.0,False,7.3294436e-06,Test
3369,0,-6.8283844,-3.5064929,3.22503,-1.091301,-0.46557862,-0.7282748,-2.816104,1.630208,3.4047975e-05,0.0009435623,0.7911042,0.010560269,0.019743439,0.0151822185,0.0018819262,0.16055037,2,10.28774,0.99996597,False,0.9909938,Test
3370,0,-16.797642,-10.70223,17.216549,-0.14725292,0.2999195,2.560114,-12.275152,-14.321967,1.6897578e-15,7.499425e-13,0.9999995,2.8773746e-08,4.499879e-08,4.313114e-07,1.5556674e-13,2.0090737e-14,2,34.01419,1.0,False,1.1626969e-05,Test
3371,0,-14.76153,-9.464588,14.920068,0.18486959,-0.14193664,2.0392625,-10.203179,-12.584098,1.2866016e-13,2.5696707e-11,0.9999968,3.9864233e-07,2.8751023e-07,2.5464553e-06,1.227753e-11,1.1352492e-12,2,29.681602,1.0,False,6.6687964e-05,Test
3372,0,-9.650215,-6.436015,6.255035,0.031205183,-0.63560605,4.772214,-5.2479186,-10.162645,1.0058408e-07,2.5028742e-06,0.81300235,0.0016110791,0.0008270358,0.18454863,8.211501e-06,6.025369e-08,2,16.112272,0.9999999,False,0.71633923,Test
3373,0,-10.81558,-6.5750756,9.910285,-1.2895181,0.76098126,1.0679346,-7.461317,-5.206997,9.971407e-10,6.924424e-08,0.9997352,1.3673263e-05,0.00010626567,0.00014444455,2.8542662e-08,2.7197743e-07,2,20.72613,1.0,False,0.0038565162,Test
3374,0,-22.275967,-14.796965,24.269363,-0.5650239,0.73437643,1.3582782,-17.274244,-17.690199,6.104077e-21,1.08070824e-17,1.0,1.6389392e-11,6.0101486e-11,1.1216107e-10,9.074853e-19,5.986773e-19,2,46.54533,1.0,False,6.3352203e-09,Test
3375,0,-14.38615,-9.301181,13.924723,-0.20443633,0.32019028,3.0075674,-10.47078,-12.196594,5.066819e-13,8.186721e-11,0.99998,7.307613e-07,1.2348607e-06,1.8143915e-05,2.5419005e-11,4.5253016e-12,2,28.310892,1.0,False,0.00035397086,Test
3376,0,-10.652265,-6.801985,9.959278,0.099866875,0.07645184,1.8246852,-7.507598,-8.221571,1.117761e-09,5.2541665e-08,0.99960357,5.223239e-05,5.10236e-05,0.00029310212,2.5945347e-08,1.2705313e-08,2,20.611938,1.0,False,0.0054845517,Test
3377,0,-20.221348,-12.983526,20.399605,0.30653217,0.05929377,3.8358972,-14.343854,-18.467627,2.2832023e-18,3.176066e-15,0.9999999,1.8779727e-09,1.4666115e-09,6.4043235e-08,8.149068e-16,1.318788e-17,2,40.620953,1.0,False,1.7138694e-06,Test
3378,0,-4.9079046,-4.8566203,6.291844,-0.26695696,-0.3877755,1.1623241,-6.282017,-6.9119987,1.3560647e-05,1.4274244e-05,0.9914472,0.0014054604,0.0012455116,0.005868774,3.431714e-06,1.8277374e-06,2,11.208339,0.9999864,False,0.08167046,Test
3379,1,-19.505066,-12.653941,20.816353,0.5103357,-0.3371886,1.8214773,-14.167282,-17.389376,3.0805647e-18,2.9109558e-15,1.0,1.5177802e-09,6.5032973e-10,5.631585e-09,6.409149e-16,2.5554286e-17,2,33.470295,1.0,False,2.1863787e-07,Test
3380,0,-13.978198,-9.04637,13.149092,0.023266524,0.12132223,2.9870746,-9.560301,-11.44215,1.6548155e-12,2.2941143e-10,0.9999572,1.9930037e-06,2.1983315e-06,3.8607668e-05,1.3722004e-10,2.0899733e-11,2,27.12733,1.0,False,0.00070682936,Test
3381,0,-17.678658,-11.146784,18.252737,0.02721049,0.094135374,2.4842486,-12.615005,-15.217877,2.4842354e-16,1.705887e-13,0.9999999,1.2154979e-08,1.299629e-08,1.4185109e-07,3.929258e-14,2.9100228e-15,2,35.931396,1.0,False,4.059049e-06,Test
3382,0,-11.07787,-6.762606,10.158549,-0.81988,0.45714998,1.5922776,-7.524573,-7.5584016,5.984439e-10,4.4783565e-08,0.99973136,1.706129e-05,6.118139e-05,0.0001903701,2.090262e-08,2.0207336e-08,2,21.236689,1.0,False,0.0038691706,Test
3383,0,-23.217352,-14.96006,24.526428,1.0914782,-0.9137595,3.102923,-16.005598,-22.229958,1.8413608e-21,7.099635e-18,1.0,6.642485e-11,8.942665e-12,4.9646615e-10,2.4955359e-18,4.9426477e-21,2,47.743782,1.0,False,1.7918577e-08,Test
3384,0,-6.452779,-4.286992,2.625498,-0.11713926,-0.51618576,3.1552668,-3.3905873,-5.112117,4.0609473e-05,0.00035417394,0.35585487,0.022917151,0.015376482,0.60443354,0.000868001,0.00015519206,5,10.111509,0.9999594,False,1.2023759,Test
3385,0,-17.580742,-11.324045,16.764874,0.14945722,-0.20675217,4.967231,-11.906591,-17.755877,1.2130689e-15,6.326074e-13,0.9999924,6.0815374e-08,4.2590532e-08,7.522212e-06,3.5329517e-13,1.0181801e-15,2,34.345623,1.0,False,0.00014153865,Test
3386,0,-29.21655,-19.325113,32.95056,-2.3116055,1.9591213,-0.08450379,-23.686129,-20.754387,1.0026869e-27,1.9813614e-23,1.0,4.8510376e-16,3.4720717e-14,4.498355e-15,2.5292912e-25,4.745011e-24,2,62.167114,1.0,False,1.7914728e-12,Test
3387,0,-9.411086,-5.4852266,7.811614,-1.7397842,0.5426992,-1.2922913,-6.2381988,0.22846065,3.3088178e-08,1.6774591e-06,0.9986112,7.100303e-05,0.00069590006,0.00011107606,7.9002433e-07,0.000508247,2,17.22409,0.99999994,False,0.017349312,Test
3388,0,-14.803033,-9.617425,14.62306,0.0454782,0.06930274,3.2446702,-10.771967,-13.705123,1.6611327e-13,2.968146e-11,0.9999876,4.666927e-07,4.779451e-07,1.1439906e-05,9.35566e-12,4.9799086e-13,2,29.426105,1.0,False,0.00022553028,Test
3389,1,-9.432602,-5.6636257,8.811108,0.026555702,-0.1905835,1.231058,-6.399154,-6.9333997,1.1926572e-08,5.16846e-07,0.99921286,0.00015295924,0.00012310434,0.0005101341,2.4769946e-07,1.451796e-07,2,14.475521,0.99999946,False,0.010271798,Test
3390,0,-9.873304,-6.4929247,5.623652,-0.5095276,-0.28057328,3.2846427,-5.1553903,-6.9996896,1.6897872e-07,4.9649157e-06,0.90797615,0.0019700096,0.0024768629,0.087549895,1.8914545e-05,2.991072e-06,2,15.593493,0.9999998,False,0.4736771,Test
3391,0,-9.989667,-6.7813845,7.0803328,-1.052747,1.1048405,3.474268,-6.9184875,-6.6322427,3.747642e-08,9.270378e-07,0.9708782,0.00028511047,0.002466274,0.026367605,8.08266e-07,1.0761397e-06,2,17.099554,0.99999994,False,0.20447771,Test
3392,0,-7.997733,-4.8997393,4.425492,-0.481311,0.042354368,2.6740265,-4.164857,-5.078436,3.3709046e-06,7.4677206e-05,0.8376926,0.006195657,0.010459535,0.145356,0.00015571965,6.245706e-05,2,12.600329,0.9999966,False,0.73664874,Test
3393,0,-11.691298,-7.9352975,12.904758,-0.19033109,-0.36203393,0.51153076,-9.065799,-9.82411,2.0800087e-11,8.8976526e-10,0.999992,2.0552811e-06,1.731019e-06,4.146543e-06,2.872793e-10,1.345781e-10,2,24.596064,1.0,False,0.00015757707,Test
3394,0,-21.232807,-13.3921385,22.579058,0.5932636,-0.74378115,2.3604667,-14.2329035,-19.918427,9.391783e-20,2.3873078e-16,1.0,2.8293778e-10,7.4305236e-11,1.6564456e-09,1.02983576e-16,3.4960525e-19,2,43.811867,1.0,False,5.9791965e-08,Test
3395,0,-17.732513,-11.412108,19.618567,-2.1516435,1.0955133,-1.8160517,-14.109655,-8.480914,6.0066355e-17,3.338486e-14,1.0,3.5100864e-10,9.026942e-09,4.9097987e-10,2.2491547e-15,6.259664e-13,2,37.35108,1.0,False,2.6746224e-07,Test
3396,0,-14.528756,-9.0254545,14.466598,0.018791232,-0.017045997,1.464789,-9.689511,-11.476738,2.5555036e-13,6.2737905e-11,0.9999968,5.3136876e-07,5.126632e-07,2.2562388e-06,3.229489e-11,5.40693e-12,2,28.995358,1.0,False,6.8928784e-05,Test
3397,0,-19.179268,-12.192944,20.349072,-0.09088904,0.15115605,2.6991498,-14.213226,-17.77915,6.8086394e-18,7.365164e-15,1.0,1.3275104e-09,1.6910503e-09,2.1614067e-08,9.767531e-16,2.7613701e-17,2,39.52834,1.0,False,6.387919e-07,Test
3398,1,-15.660302,-9.823753,15.872188,0.04275383,-0.01842317,2.8182049,-11.076834,-14.35342,2.0212158e-14,6.924576e-12,0.9999976,1.3346377e-07,1.2554355e-07,2.1415406e-06,1.977826e-12,7.4676485e-14,2,25.695944,1.0,False,4.969749e-05,Test
3399,0,-19.313341,-12.361535,20.341488,0.3995825,-0.14247996,1.8765534,-13.651885,-16.968725,5.9996477e-18,6.2698624e-15,1.0,2.1844409e-09,1.2703559e-09,9.5671036e-09,1.7253027e-15,6.2572163e-17,2,39.65483,1.0,False,3.552493e-07,Test
3400,0,-13.327154,-8.2052965,13.439473,-0.34145063,0.20773017,1.7407541,-9.473698,-10.683385,2.3735382e-12,3.9791578e-10,0.9999889,1.0351803e-06,1.7927605e-06,8.304359e-06,1.11926246e-10,3.3386512e-11,2,26.76664,1.0,False,0.00021097396,Test
3401,0,-17.564106,-11.057774,18.143595,0.09676175,-0.005957987,2.183069,-12.368303,-15.102829,3.1070034e-16,2.0797293e-13,0.9999999,1.4533156e-08,1.311442e-08,1.1706627e-07,5.608555e-14,3.6413497e-15,2,35.707703,1.0,False,3.5893597e-06,Test
3402,1,-14.864748,-9.363277,15.097223,-0.0124709625,0.055770602,2.2487981,-10.529121,-12.757755,9.720305e-14,2.3819802e-11,0.9999969,2.7412062e-07,2.9348024e-07,2.6302596e-06,7.4236685e-12,7.9934665e-13,2,24.460505,1.0,False,6.574418e-05,Test
3403,0,-11.125078,-6.561898,9.895829,-0.8579986,0.5818149,1.1011384,-6.9549737,-5.8772783,7.4237133e-10,7.118451e-08,0.99973685,2.1357848e-05,9.012818e-05,0.00015149557,4.804794e-08,1.4116016e-07,2,21.021172,1.0,False,0.003850413,Test
3404,0,-15.246359,-9.593046,15.48762,0.41052535,-0.35149944,1.4583944,-10.418539,-12.815491,4.4916128e-14,1.2811642e-11,0.9999988,2.832046e-07,1.3217738e-07,8.0757695e-07,5.6117437e-12,5.1063917e-13,2,30.73398,1.0,False,2.7246351e-05,Test
3405,0,-20.365345,-13.118202,21.061848,0.4726908,-0.117563725,2.5937629,-14.107234,-18.263115,1.0195272e-18,1.4315053e-15,1.0,1.1435172e-09,6.3372185e-10,9.5370245e-09,5.324287e-16,8.34422e-18,2,41.427193,1.0,False,3.074333e-07,Test
3406,0,-9.218209,-5.996202,6.185713,0.07606292,-0.34509024,4.47269,-5.3430185,-9.667257,1.7250618e-07,4.3261784e-06,0.8445843,0.0018760995,0.001231264,0.15229537,8.313398e-06,1.10099556e-07,2,15.572833,0.9999998,False,0.6484229,Test
3407,0,-16.86221,-10.621976,17.954859,-0.021169415,-0.21059412,1.2119476,-11.648034,-14.463462,7.570744e-16,3.8836306e-13,0.9999999,1.5599475e-08,1.2907554e-08,5.3536052e-08,1.3919593e-13,8.334942e-15,2,34.81707,1.0,False,2.1219992e-06,Test
3408,0,-25.006239,-16.18232,26.902367,0.45844275,-0.16481756,2.966176,-18.220346,-23.167263,2.8600802e-23,1.9433834e-19,1.0,3.2775531e-12,1.7574022e-12,4.0238715e-11,2.5319524e-20,1.7990205e-22,2,51.908607,1.0,False,1.5832148e-09,Test
3409,0,-15.970932,-11.1173,16.87373,0.41940546,-0.30895042,3.2812786,-12.2743225,-16.231392,5.4418187e-15,6.976694e-13,0.9999987,7.144585e-08,3.4487066e-08,1.2498933e-06,2.193619e-13,4.193994e-15,2,32.84466,1.0,False,2.8952894e-05,Test
3410,0,-8.3518505,-4.7379613,6.4706383,-2.1964056,0.7053262,-0.9918083,-5.1389866,1.19325,3.6205927e-07,1.34360625e-05,0.991071,0.00017063005,0.0031064295,0.00056912197,8.997228e-06,0.0050601573,2,14.831458,0.99999964,False,0.08594064,Test
3411,0,-8.935581,-5.134419,6.449684,-0.79755753,0.10989681,0.6538563,-4.9153056,-2.7966833,2.0693024e-07,9.260789e-06,0.99439704,0.000708146,0.0017547898,0.0030231783,1.1529416e-05,9.592094e-05,2,15.390884,0.9999998,False,0.05846689,Test
3412,0,-17.503937,-11.050929,18.075401,0.31104597,-0.06989509,1.8073218,-12.156491,-14.934148,3.5325615e-16,2.2417902e-13,0.9999999,1.927697e-08,1.317037e-08,8.6072156e-08,7.420894e-14,4.6146135e-15,2,35.579338,1.0,False,3.0309147e-06,Test
3413,0,-21.880833,-14.023889,23.183962,0.6337186,-0.5037874,2.8180416,-15.259839,-20.521925,2.6829191e-20,6.931631e-17,1.0,1.6089914e-10,5.158708e-11,1.4295287e-09,2.0140442e-17,1.04417794e-19,2,45.064796,1.0,False,4.8999652e-08,Test
3414,0,-18.18877,-11.444563,18.799936,0.49840364,-0.49564242,2.83813,-12.494012,-17.366175,8.6299436e-17,7.327922e-14,0.9999999,1.1265365e-08,4.169048e-09,1.1691643e-07,2.5657275e-14,1.9645247e-16,2,36.98871,1.0,False,3.2778426e-06,Test
3415,0,-10.966608,-7.652148,11.246648,0.01027495,-0.42894503,3.0400705,-8.606894,-12.427918,2.2530831e-10,6.197681e-09,0.9997055,1.3181879e-05,8.496239e-06,0.00027277265,2.3855482e-09,5.2256293e-11,2,22.21355,1.0,False,0.0040114233,Test
3416,0,-15.923793,-10.080772,15.764564,0.460252,-0.38037214,3.2641501,-10.642392,-15.048767,1.7294975e-14,5.9636345e-12,0.99999595,2.2564208e-07,9.7351304e-08,3.7250961e-06,3.4009722e-12,4.1489514e-14,2,31.68836,1.0,False,8.0276805e-05,Test
3417,0,-8.258237,-5.0184355,5.676388,-0.91549134,0.2781349,1.3531154,-4.6015697,-3.153706,8.708498e-07,2.223162e-05,0.981011,0.001345418,0.0044385633,0.013004707,3.3729775e-05,0.00014348715,2,13.953796,0.9999991,False,0.15882257,Test
3418,0,-13.514764,-7.9574075,11.722975,-0.8955807,0.03658127,-0.34547123,-7.880012,-5.283156,1.0949175e-11,2.8373386e-09,0.9999825,3.3099661e-06,8.407291e-06,5.7376337e-06,3.0656544e-09,4.1145643e-08,2,25.237757,1.0,False,0.0003283604,Test
3419,0,-15.703943,-9.7639,16.02056,0.32740098,-0.3004214,1.595275,-10.479445,-13.422031,1.6681045e-14,6.3379926e-12,0.99999917,1.5294935e-07,8.163719e-08,5.4347333e-07,3.0988046e-12,1.6339733e-13,2,31.724503,1.0,False,1.7813716e-05,Test
3420,0,-7.2729654,-4.0126204,5.7366805,-1.1705967,-0.15284541,-1.191396,-4.3568115,-0.12569593,2.2215374e-06,5.788996e-05,0.9923637,0.0009928383,0.0027471494,0.0009724009,4.103201e-05,0.0028227554,2,13.017311,0.9999978,False,0.0793413,Test
